
######################################################################
# run started 2026-10-04T13:58:02
# command: ./build/dhj --mode ra_discount --dynamics double_integrator --dt 0.3 --tau 0.3 --initial-resolution 10 --epsilon 0.05 --delta-min 1e-8 --delta-max 1e-8 --gamma 0.96 --refinements 14 --vi-iterations 20000 --checkpoint-every 0 --keep-checkpoints 0 --plot-dpi 300 --workers 12 --results-root /Users/i.k.tabbara/Documents/python directory/HSCC_2027/refactored_Implementations/results_hscc_2027_newbellmans_12workers
# cwd: /Users/i.k.tabbara/Documents/python directory/HSCC_2027/refactored_Implementations/cpp
######################################################################
DISCRETE HJ REACH-AVOID SOLVER (C++)
Mode: ra_discount (RA_discount.py semantics)
Algorithm: 2, Workers: 12
Output directory: /Users/i.k.tabbara/Documents/python directory/HSCC_2027/refactored_Implementations/results_hscc_2027_newbellmans_12workers/ra_discount/double_integrator_res10_eps0.05_dmin1e-08_dmax1e-08_gamma0.96_dt0.3_tau0.3_cons
Conservative mode: True
Dynamics: double_integrator (4-D)
  Time discretization: 1 steps of dt=0.3 s over tau=0.3 s
======================================================================
ALGORITHM 2/3: Adaptive Refinement
======================================================================
Environment: double_integrator
Initializing grid with resolution 10^4...
  Building spatial index for 10000 cells...
   Spatial index built in 0.00s

Gronwall Reachability Initialized:
  Lipschitz constant L = 1
  Checkpoint interval dt = 0.3
  Control horizon tau = 0.3
  Number of checkpoints = 1
  Checkpoint times: ['0.300']
  Growth factors: ['1.349859']
Initialized with gamma=0.96, L_f=1, L_l=1.41421,  L_r=1.41421
Contraction factor: gamma*L_f = 0.9600
Using 12 parallel workers

======================================================================
ADAPTIVE REFINEMENT CONFIGURATION
======================================================================
  Error tolerance eps: 0.05
  Minimum cell size eta_min: 0.017678
  Maximum refinements: 14
  VI iterations per refinement: 20000
  Conservative mode: True
  delta_max: 1e-08

======================================================================
PHASE 0: INITIAL VALUE ITERATION
======================================================================
Grid: 10000 cells
  Precomputing successor sets...

Precomputing successor sets with HYBRID approach...
  Step 1: Computing 90000 trajectories in parallel...
   Trajectories + spatial queries computed in 0.02s (3765697.0 tasks/s)
    Breakdown: 12.2% ODE, 87.8% queries

Starting OPTIMIZED PARALLEL value iteration (max 20000 iterations)...
Conservative mode: True
Conservative tolerance delta_max: 1e-08
Conservative margin will be: eps_cons = (gamma * delta_actual) / (1 - gamma)
Number of cells: 10000
Iteration   1: ||V_upper^k - V_upper^k-1||_inf = 0.11770562748477164661, ||V_lower^k - V_lower^k-1||_inf = 3.05411254969542911297, delta^k = -3.05411254969542911297
Iteration   2: ||V_upper^k - V_upper^k-1||_inf = 0.11299740238538058534, ||V_lower^k - V_lower^k-1||_inf = 2.11736103578070800069, delta^k = -2.11736103578070800069
Iteration   3: ||V_upper^k - V_upper^k-1||_inf = 0.10847750628996521982, ||V_lower^k - V_lower^k-1||_inf = 0.73408033144982665075, delta^k = -0.73408033144982665075
Iteration   4: ||V_upper^k - V_upper^k-1||_inf = 0.10413840603836677090, ||V_lower^k - V_lower^k-1||_inf = 0.18255052799999993418, delta^k = -0.18255052799999993418
Iteration   5: ||V_upper^k - V_upper^k-1||_inf = 0.09997286979683206454, ||V_lower^k - V_lower^k-1||_inf = 0.09998450687999982378, delta^k = -0.09998450687999982378
Iteration   6: ||V_upper^k - V_upper^k-1||_inf = 0.09597395500495897736, ||V_lower^k - V_lower^k-1||_inf = 0.05758512660479975231, delta^k = -0.05758512660479975231
Iteration   7: ||V_upper^k - V_upper^k-1||_inf = 0.09213499680476067155, ||V_lower^k - V_lower^k-1||_inf = 0.01688172154060774144, delta^k = -0.01688172154060774144
Iteration   8: ||V_upper^k - V_upper^k-1||_inf = 0.08844959693257026245, ||V_lower^k - V_lower^k-1||_inf = 0.00000000000000000000, delta^k = 0.00000000000000000000
Iteration   9: ||V_upper^k - V_upper^k-1||_inf = 0.08491161305526739866, ||V_lower^k - V_lower^k-1||_inf = 0.00000000000000000000, delta^k = 0.00000000000000000000
Iteration  10: ||V_upper^k - V_upper^k-1||_inf = 0.08151514853305652508, ||V_lower^k - V_lower^k-1||_inf = 0.00000000000000000000, delta^k = 0.00000000000000000000
Iteration  11: ||V_upper^k - V_upper^k-1||_inf = 0.07825454259173425520, ||V_lower^k - V_lower^k-1||_inf = 0.00000000000000000000, delta^k = 0.00000000000000000000
Iteration  12: ||V_upper^k - V_upper^k-1||_inf = 0.07512436088806495604, ||V_lower^k - V_lower^k-1||_inf = 0.00000000000000000000, delta^k = 0.00000000000000000000
Iteration  13: ||V_upper^k - V_upper^k-1||_inf = 0.07211938645254223346, ||V_lower^k - V_lower^k-1||_inf = 0.00000000000000000000, delta^k = 0.00000000000000000000
Iteration  14: ||V_upper^k - V_upper^k-1||_inf = 0.06923461099444061517, ||V_lower^k - V_lower^k-1||_inf = 0.00000000000000000000, delta^k = 0.00000000000000000000
Iteration  15: ||V_upper^k - V_upper^k-1||_inf = 0.06646522655466302609, ||V_lower^k - V_lower^k-1||_inf = 0.00000000000000000000, delta^k = 0.00000000000000000000
Iteration  16: ||V_upper^k - V_upper^k-1||_inf = 0.06380661749247651393, ||V_lower^k - V_lower^k-1||_inf = 0.00000000000000000000, delta^k = 0.00000000000000000000
Iteration  17: ||V_upper^k - V_upper^k-1||_inf = 0.06125435279277735567, ||V_lower^k - V_lower^k-1||_inf = 0.00000000000000000000, delta^k = 0.00000000000000000000
Iteration  18: ||V_upper^k - V_upper^k-1||_inf = 0.05880417868106624368, ||V_lower^k - V_lower^k-1||_inf = 0.00000000000000000000, delta^k = 0.00000000000000000000
Iteration  19: ||V_upper^k - V_upper^k-1||_inf = 0.05645201153382362058, ||V_lower^k - V_lower^k-1||_inf = 0.00000000000000000000, delta^k = 0.00000000000000000000
Iteration  20: ||V_upper^k - V_upper^k-1||_inf = 0.05419393107247061359, ||V_lower^k - V_lower^k-1||_inf = 0.00000000000000000000, delta^k = 0.00000000000000000000
Iteration  21: ||V_upper^k - V_upper^k-1||_inf = 0.05202617382957197556, ||V_lower^k - V_lower^k-1||_inf = 0.00000000000000000000, delta^k = 0.00000000000000000000
Iteration  22: ||V_upper^k - V_upper^k-1||_inf = 0.04994512687638907877, ||V_lower^k - V_lower^k-1||_inf = 0.00000000000000000000, delta^k = 0.00000000000000000000
Iteration  23: ||V_upper^k - V_upper^k-1||_inf = 0.04794732180133354227, ||V_lower^k - V_lower^k-1||_inf = 0.00000000000000000000, delta^k = 0.00000000000000000000
Iteration  24: ||V_upper^k - V_upper^k-1||_inf = 0.04602942892928019170, ||V_lower^k - V_lower^k-1||_inf = 0.00000000000000000000, delta^k = 0.00000000000000000000
Iteration  25: ||V_upper^k - V_upper^k-1||_inf = 0.04418825177210883304, ||V_lower^k - V_lower^k-1||_inf = 0.00000000000000000000, delta^k = 0.00000000000000000000
Iteration  26: ||V_upper^k - V_upper^k-1||_inf = 0.04242072170122446195, ||V_lower^k - V_lower^k-1||_inf = 0.00000000000000000000, delta^k = 0.00000000000000000000
Iteration  27: ||V_upper^k - V_upper^k-1||_inf = 0.04072389283317556785, ||V_lower^k - V_lower^k-1||_inf = 0.00000000000000000000, delta^k = 0.00000000000000000000
Iteration  28: ||V_upper^k - V_upper^k-1||_inf = 0.03909493711984857178, ||V_lower^k - V_lower^k-1||_inf = 0.00000000000000000000, delta^k = 0.00000000000000000000
Iteration  29: ||V_upper^k - V_upper^k-1||_inf = 0.03753113963505461115, ||V_lower^k - V_lower^k-1||_inf = 0.00000000000000000000, delta^k = 0.00000000000000000000
Iteration  30: ||V_upper^k - V_upper^k-1||_inf = 0.03602989404965240006, ||V_lower^k - V_lower^k-1||_inf = 0.00000000000000000000, delta^k = 0.00000000000000000000
Iteration  31: ||V_upper^k - V_upper^k-1||_inf = 0.03458869828766630850, ||V_lower^k - V_lower^k-1||_inf = 0.00000000000000000000, delta^k = 0.00000000000000000000
Iteration  32: ||V_upper^k - V_upper^k-1||_inf = 0.03320515035615967392, ||V_lower^k - V_lower^k-1||_inf = 0.00000000000000000000, delta^k = 0.00000000000000000000
Iteration  33: ||V_upper^k - V_upper^k-1||_inf = 0.03187694434191323811, ||V_lower^k - V_lower^k-1||_inf = 0.00000000000000000000, delta^k = 0.00000000000000000000
Iteration  34: ||V_upper^k - V_upper^k-1||_inf = 0.03060186656823671303, ||V_lower^k - V_lower^k-1||_inf = 0.00000000000000000000, delta^k = 0.00000000000000000000
Iteration  35: ||V_upper^k - V_upper^k-1||_inf = 0.02937779190550726671, ||V_lower^k - V_lower^k-1||_inf = 0.00000000000000000000, delta^k = 0.00000000000000000000
Iteration  36: ||V_upper^k - V_upper^k-1||_inf = 0.02820268022928695828, ||V_lower^k - V_lower^k-1||_inf = 0.00000000000000000000, delta^k = 0.00000000000000000000
Iteration  37: ||V_upper^k - V_upper^k-1||_inf = 0.02707457302011551104, ||V_lower^k - V_lower^k-1||_inf = 0.00000000000000000000, delta^k = 0.00000000000000000000
Iteration  38: ||V_upper^k - V_upper^k-1||_inf = 0.02599159009931084618, ||V_lower^k - V_lower^k-1||_inf = 0.00000000000000000000, delta^k = 0.00000000000000000000
Iteration  39: ||V_upper^k - V_upper^k-1||_inf = 0.02495192649533839457, ||V_lower^k - V_lower^k-1||_inf = 0.00000000000000000000, delta^k = 0.00000000000000000000
Iteration  40: ||V_upper^k - V_upper^k-1||_inf = 0.02395384943552492096, ||V_lower^k - V_lower^k-1||_inf = 0.00000000000000000000, delta^k = 0.00000000000000000000
Iteration  41: ||V_upper^k - V_upper^k-1||_inf = 0.02299569545810387083, ||V_lower^k - V_lower^k-1||_inf = 0.00000000000000000000, delta^k = 0.00000000000000000000
Iteration  42: ||V_upper^k - V_upper^k-1||_inf = 0.02207586763977975597, ||V_lower^k - V_lower^k-1||_inf = 0.00000000000000000000, delta^k = 0.00000000000000000000
Iteration  43: ||V_upper^k - V_upper^k-1||_inf = 0.02119283293418861014, ||V_lower^k - V_lower^k-1||_inf = 0.00000000000000000000, delta^k = 0.00000000000000000000
Iteration  44: ||V_upper^k - V_upper^k-1||_inf = 0.02034511961682100578, ||V_lower^k - V_lower^k-1||_inf = 0.00000000000000000000, delta^k = 0.00000000000000000000
Iteration  45: ||V_upper^k - V_upper^k-1||_inf = 0.01953131483214815001, ||V_lower^k - V_lower^k-1||_inf = 0.00000000000000000000, delta^k = 0.00000000000000000000
Iteration  46: ||V_upper^k - V_upper^k-1||_inf = 0.01875006223886227508, ||V_lower^k - V_lower^k-1||_inf = 0.00000000000000000000, delta^k = 0.00000000000000000000
Iteration  47: ||V_upper^k - V_upper^k-1||_inf = 0.01800005974930773966, ||V_lower^k - V_lower^k-1||_inf = 0.00000000000000000000, delta^k = 0.00000000000000000000
Iteration  48: ||V_upper^k - V_upper^k-1||_inf = 0.01728005735933546561, ||V_lower^k - V_lower^k-1||_inf = 0.00000000000000000000, delta^k = 0.00000000000000000000
Iteration  49: ||V_upper^k - V_upper^k-1||_inf = 0.01658885506496204920, ||V_lower^k - V_lower^k-1||_inf = 0.00000000000000000000, delta^k = 0.00000000000000000000
Iteration  50: ||V_upper^k - V_upper^k-1||_inf = 0.01592530086236354503, ||V_lower^k - V_lower^k-1||_inf = 0.00000000000000000000, delta^k = 0.00000000000000000000
Iteration  51: ||V_upper^k - V_upper^k-1||_inf = 0.00743511940966806728, ||V_lower^k - V_lower^k-1||_inf = 0.00000000000000000000, delta^k = 0.00000000000000000000
Iteration  52: ||V_upper^k - V_upper^k-1||_inf = 0.00000000000000000000, ||V_lower^k - V_lower^k-1||_inf = 0.00000000000000000000, delta^k = 0.00000000000000000000

============================================================
 CONSERVATIVE STOPPING CONDITION MET (Algorithm 3)
============================================================
  delta^k = 0.0000000000e+00 >= -delta_max
  ||V_upper^k - V_upper^k-1||_inf = 0.0000000000e+00 < 1e-08
  eps_cons = (0.96 * 0.0000000000e+00) / 0.04 = 0.0000000000e+00
  Correcting V_lower for 10000 cells: V_lower <- V_lower - eps_cons - eps_machine
   Conservative correction applied successfully
  Machine epsilon eps_machine = 2.220e-16

Value iteration completed in 52 iterations
total time for running value_iteration the first time (phase 0) on the initial grid including grid initialization, setting up cpu parallelism, successor set computation and value iteration is 0.779908 seconds
Initial VI completed in 52 iterations
Final convergence: ||V_upper||_inf = 0.00000000e+00, ||V_lower||_inf = 0.00000000e+00
Saved initial visualization: /Users/i.k.tabbara/Documents/python directory/HSCC_2027/refactored_Implementations/results_hscc_2027_newbellmans_12workers/ra_discount/double_integrator_res10_eps0.05_dmin1e-08_dmax1e-08_gamma0.96_dt0.3_tau0.3_cons/value_function_phase_0_complete.png

Classification after phase 0:
  Safe:                0 cells (  0.0%),    0.0% of state space
  Unsafe:            400 cells (  4.0%),    4.0% of state space
  Unclassified:     9600 cells ( 96.0%),   96.0% of state space

======================================================================
INITIAL QUEUE STATE
======================================================================
Total boundary cells: 9600
  Refinable (>eta_min=0.017678): 9600
  Below threshold: 0

======================================================================
REFINEMENT PHASE 1
======================================================================
Boundary cells: 9600
  Refinable (>eta_min=0.017678): 9600
  Below threshold: 0
  Cumulative refined: 0
  Refinable cell size statistics:
    Max:    0.600000
    Mean:   0.600000
    Min:    0.600000
    Median: 0.600000
  Refining 9600 cells...
    Refined: 9600 parent cells
    Created: 19200 child cells
    Total cells: 19600
    Refinement time: 0.001s
    Cumulative refined: 9600
  Rebuilding spatial index...
  Building spatial index for 19600 cells...
   Spatial index built in 0.00s
    Spatial index rebuilt in 0.004s
  Initializing 19200 new cells...
  Initializing 19200 new cells in parallel...
   Initialized in 0.00s (231094207.0 cells/s)
    Initialization completed in 0.000s
  Starting local value iteration...
  Reinitializing ALL 19600 cells (V = l)
   Reinitialized 19600 cells in 0.00s (331036346.4 cells/s)
  Local VI: updating all 19600 cells
    Conservative mode: True
    delta_max: 1e-08
    Max iterations: 20000
    Updating successor cache for 19200 updated cells...
    Updating successor cache for 19200 new cells (HYBRID)...
      Affected cells: 19564
   Trajectories + spatial queries computed in 0.07s (2421312.1 tasks/s)
    Breakdown: 8.5% ODE, 91.5% queries
     Cache updated in 0.08s (2254582.0 tasks/s)
    Local Iteration   1: ||V_upper^k - V_upper^k-1||_inf = 0.12200559068810612473, ||V_lower^k - V_lower^k-1||_inf = 3.16161162977879195424, delta^k = -3.16161162977879195424
    Local Iteration   2: ||V_upper^k - V_upper^k-1||_inf = 0.11712536706058163105, ||V_lower^k - V_lower^k-1||_inf = 2.22093946616692772267, delta^k = -2.22093946616692772267
    Local Iteration   3: ||V_upper^k - V_upper^k-1||_inf = 0.11244035237815852568, ||V_lower^k - V_lower^k-1||_inf = 0.83558486005125565121, delta^k = -0.83558486005125565121
    Local Iteration   4: ||V_upper^k - V_upper^k-1||_inf = 0.10794273828303202478, ||V_lower^k - V_lower^k-1||_inf = 0.21941452799999994205, delta^k = -0.21941452799999994205
    Local Iteration   5: ||V_upper^k - V_upper^k-1||_inf = 0.10362502875171086814, ||V_lower^k - V_lower^k-1||_inf = 0.13838450687999981348, delta^k = -0.13838450687999981348
    Local Iteration   6: ||V_upper^k - V_upper^k-1||_inf = 0.09948002760164253999, ||V_lower^k - V_lower^k-1||_inf = 0.05758512660479975231, delta^k = -0.05758512660479975231
    Local Iteration   7: ||V_upper^k - V_upper^k-1||_inf = 0.09550082649757696274, ||V_lower^k - V_lower^k-1||_inf = 0.01688172154060774144, delta^k = -0.01688172154060774144
    Local Iteration   8: ||V_upper^k - V_upper^k-1||_inf = 0.09168079343767354672, ||V_lower^k - V_lower^k-1||_inf = 0.00000000000000000000, delta^k = 0.00000000000000000000
    Local Iteration   9: ||V_upper^k - V_upper^k-1||_inf = 0.08801356170016694236, ||V_lower^k - V_lower^k-1||_inf = 0.00000000000000000000, delta^k = 0.00000000000000000000
    Local Iteration  10: ||V_upper^k - V_upper^k-1||_inf = 0.08449301923216001597, ||V_lower^k - V_lower^k-1||_inf = 0.00000000000000000000, delta^k = 0.00000000000000000000
    Local Iteration  11: ||V_upper^k - V_upper^k-1||_inf = 0.08111329846287373968, ||V_lower^k - V_lower^k-1||_inf = 0.00000000000000000000, delta^k = 0.00000000000000000000
    Local Iteration  12: ||V_upper^k - V_upper^k-1||_inf = 0.07786876652435870128, ||V_lower^k - V_lower^k-1||_inf = 0.00000000000000000000, delta^k = 0.00000000000000000000
    Local Iteration  13: ||V_upper^k - V_upper^k-1||_inf = 0.07475401586338437099, ||V_lower^k - V_lower^k-1||_inf = 0.00000000000000000000, delta^k = 0.00000000000000000000
    Local Iteration  14: ||V_upper^k - V_upper^k-1||_inf = 0.07176385522884887180, ||V_lower^k - V_lower^k-1||_inf = 0.00000000000000000000, delta^k = 0.00000000000000000000
    Local Iteration  15: ||V_upper^k - V_upper^k-1||_inf = 0.06889330101969504128, ||V_lower^k - V_lower^k-1||_inf = 0.00000000000000000000, delta^k = 0.00000000000000000000
    Local Iteration  16: ||V_upper^k - V_upper^k-1||_inf = 0.06613756897890721298, ||V_lower^k - V_lower^k-1||_inf = 0.00000000000000000000, delta^k = 0.00000000000000000000
    Local Iteration  17: ||V_upper^k - V_upper^k-1||_inf = 0.06349206621975089782, ||V_lower^k - V_lower^k-1||_inf = 0.00000000000000000000, delta^k = 0.00000000000000000000
    Local Iteration  18: ||V_upper^k - V_upper^k-1||_inf = 0.06095238357096088855, ||V_lower^k - V_lower^k-1||_inf = 0.00000000000000000000, delta^k = 0.00000000000000000000
    Local Iteration  19: ||V_upper^k - V_upper^k-1||_inf = 0.05851428822812243524, ||V_lower^k - V_lower^k-1||_inf = 0.00000000000000000000, delta^k = 0.00000000000000000000
    Local Iteration  20: ||V_upper^k - V_upper^k-1||_inf = 0.05617371669899751119, ||V_lower^k - V_lower^k-1||_inf = 0.00000000000000000000, delta^k = 0.00000000000000000000
    Local Iteration  21: ||V_upper^k - V_upper^k-1||_inf = 0.05392676803103757521, ||V_lower^k - V_lower^k-1||_inf = 0.00000000000000000000, delta^k = 0.00000000000000000000
    Local Iteration  22: ||V_upper^k - V_upper^k-1||_inf = 0.05176969730979608109, ||V_lower^k - V_lower^k-1||_inf = 0.00000000000000000000, delta^k = 0.00000000000000000000
    Local Iteration  23: ||V_upper^k - V_upper^k-1||_inf = 0.04969890941740429113, ||V_lower^k - V_lower^k-1||_inf = 0.00000000000000000000, delta^k = 0.00000000000000000000
    Local Iteration  24: ||V_upper^k - V_upper^k-1||_inf = 0.04771095304070804843, ||V_lower^k - V_lower^k-1||_inf = 0.00000000000000000000, delta^k = 0.00000000000000000000
    Local Iteration  25: ||V_upper^k - V_upper^k-1||_inf = 0.04580251491907971761, ||V_lower^k - V_lower^k-1||_inf = 0.00000000000000000000, delta^k = 0.00000000000000000000
    Local Iteration  26: ||V_upper^k - V_upper^k-1||_inf = 0.04397041432231652003, ||V_lower^k - V_lower^k-1||_inf = 0.00000000000000000000, delta^k = 0.00000000000000000000
    Local Iteration  27: ||V_upper^k - V_upper^k-1||_inf = 0.04221159774942395693, ||V_lower^k - V_lower^k-1||_inf = 0.00000000000000000000, delta^k = 0.00000000000000000000
    Local Iteration  28: ||V_upper^k - V_upper^k-1||_inf = 0.04052313383944694536, ||V_lower^k - V_lower^k-1||_inf = 0.00000000000000000000, delta^k = 0.00000000000000000000
    Local Iteration  29: ||V_upper^k - V_upper^k-1||_inf = 0.03890220848586911639, ||V_lower^k - V_lower^k-1||_inf = 0.00000000000000000000, delta^k = 0.00000000000000000000
    Local Iteration  30: ||V_upper^k - V_upper^k-1||_inf = 0.03734612014643434730, ||V_lower^k - V_lower^k-1||_inf = 0.00000000000000000000, delta^k = 0.00000000000000000000
    Local Iteration  31: ||V_upper^k - V_upper^k-1||_inf = 0.03585227534057700005, ||V_lower^k - V_lower^k-1||_inf = 0.00000000000000000000, delta^k = 0.00000000000000000000
    Local Iteration  32: ||V_upper^k - V_upper^k-1||_inf = 0.03441818432695387120, ||V_lower^k - V_lower^k-1||_inf = 0.00000000000000000000, delta^k = 0.00000000000000000000
    Local Iteration  33: ||V_upper^k - V_upper^k-1||_inf = 0.03304145695387572523, ||V_lower^k - V_lower^k-1||_inf = 0.00000000000000000000, delta^k = 0.00000000000000000000
    Local Iteration  34: ||V_upper^k - V_upper^k-1||_inf = 0.03171979867572072287, ||V_lower^k - V_lower^k-1||_inf = 0.00000000000000000000, delta^k = 0.00000000000000000000
    Local Iteration  35: ||V_upper^k - V_upper^k-1||_inf = 0.03045100672869183178, ||V_lower^k - V_lower^k-1||_inf = 0.00000000000000000000, delta^k = 0.00000000000000000000
    Local Iteration  36: ||V_upper^k - V_upper^k-1||_inf = 0.02923296645954420736, ||V_lower^k - V_lower^k-1||_inf = 0.00000000000000000000, delta^k = 0.00000000000000000000
    Local Iteration  37: ||V_upper^k - V_upper^k-1||_inf = 0.02806364780116243907, ||V_lower^k - V_lower^k-1||_inf = 0.00000000000000000000, delta^k = 0.00000000000000000000
    Local Iteration  38: ||V_upper^k - V_upper^k-1||_inf = 0.02694110188911591486, ||V_lower^k - V_lower^k-1||_inf = 0.00000000000000000000, delta^k = 0.00000000000000000000
    Local Iteration  39: ||V_upper^k - V_upper^k-1||_inf = 0.02586345781355126050, ||V_lower^k - V_lower^k-1||_inf = 0.00000000000000000000, delta^k = 0.00000000000000000000
    Local Iteration  40: ||V_upper^k - V_upper^k-1||_inf = 0.02482891950100918343, ||V_lower^k - V_lower^k-1||_inf = 0.00000000000000000000, delta^k = 0.00000000000000000000
    Local Iteration  41: ||V_upper^k - V_upper^k-1||_inf = 0.02383576272096887827, ||V_lower^k - V_lower^k-1||_inf = 0.00000000000000000000, delta^k = 0.00000000000000000000
    Local Iteration  42: ||V_upper^k - V_upper^k-1||_inf = 0.02288233221213009649, ||V_lower^k - V_lower^k-1||_inf = 0.00000000000000000000, delta^k = 0.00000000000000000000
    Local Iteration  43: ||V_upper^k - V_upper^k-1||_inf = 0.02196703892364493260, ||V_lower^k - V_lower^k-1||_inf = 0.00000000000000000000, delta^k = 0.00000000000000000000
    Local Iteration  44: ||V_upper^k - V_upper^k-1||_inf = 0.02108835736669911753, ||V_lower^k - V_lower^k-1||_inf = 0.00000000000000000000, delta^k = 0.00000000000000000000
    Local Iteration  45: ||V_upper^k - V_upper^k-1||_inf = 0.02024482307203112619, ||V_lower^k - V_lower^k-1||_inf = 0.00000000000000000000, delta^k = 0.00000000000000000000
    Local Iteration  46: ||V_upper^k - V_upper^k-1||_inf = 0.01943503014914987892, ||V_lower^k - V_lower^k-1||_inf = 0.00000000000000000000, delta^k = 0.00000000000000000000
    Local Iteration  47: ||V_upper^k - V_upper^k-1||_inf = 0.01865762894318390153, ||V_lower^k - V_lower^k-1||_inf = 0.00000000000000000000, delta^k = 0.00000000000000000000
    Local Iteration  48: ||V_upper^k - V_upper^k-1||_inf = 0.01791132378545656767, ||V_lower^k - V_lower^k-1||_inf = 0.00000000000000000000, delta^k = 0.00000000000000000000
    Local Iteration  49: ||V_upper^k - V_upper^k-1||_inf = 0.01719487083403825611, ||V_lower^k - V_lower^k-1||_inf = 0.00000000000000000000, delta^k = 0.00000000000000000000
    Local Iteration  50: ||V_upper^k - V_upper^k-1||_inf = 0.00039693521936201570, ||V_lower^k - V_lower^k-1||_inf = 0.00000000000000000000, delta^k = 0.00000000000000000000
    Local Iteration  51: ||V_upper^k - V_upper^k-1||_inf = 0.00000000000000000000, ||V_lower^k - V_lower^k-1||_inf = 0.00000000000000000000, delta^k = 0.00000000000000000000

============================================================
 CONSERVATIVE STOPPING CONDITION MET (Algorithm 3)
============================================================
  delta^k = 0.0000000000e+00 >= -delta_max
  ||V_upper^k - V_upper^k-1||_inf = 0.0000000000e+00 < 1e-08
  eps_cons = (0.96 * 0.0000000000e+00) / 0.04 = 0.0000000000e+00
  Correcting V_lower for 19600 cells: V_lower <- V_lower - eps_cons - eps_machine
   Conservative correction applied successfully
  Machine epsilon eps_machine = 2.220e-16
    Local VI completed in 51 iterations
    Final convergence values:
      ||V_upper^final - V_upper^prev||_inf = 0.00000000e+00
      ||V_lower^final - V_lower^prev||_inf = 0.00000000e+00
  Local VI completed in 51 iterations, time: 0.303s
    Final ||V_upper^k - V_upper^k-1||_inf = 0.00000000000000000000e+00
    Final ||V_lower^k - V_lower^k-1||_inf = 0.00000000000000000000e+00
  Saved visualization: /Users/i.k.tabbara/Documents/python directory/HSCC_2027/refactored_Implementations/results_hscc_2027_newbellmans_12workers/ra_discount/double_integrator_res10_eps0.05_dmin1e-08_dmax1e-08_gamma0.96_dt0.3_tau0.3_cons/value_function_phase_1_complete.png
  Phase 1 completed in 1.02s with 19600 leaf cells

Classification after phase 1:
  Safe:                0 cells (  0.0%),    0.0% of state space
  Unsafe:            800 cells (  4.1%),    6.0% of state space
  Unclassified:    18800 cells ( 95.9%),   94.0% of state space

======================================================================
REFINEMENT PHASE 2
======================================================================
Boundary cells: 18800
  Refinable (>eta_min=0.017678): 18800
  Below threshold: 0
  Cumulative refined: 9600
  Refinable cell size statistics:
    Max:    0.600000
    Mean:   0.600000
    Min:    0.600000
    Median: 0.600000
  Refining 18800 cells...
    Refined: 18800 parent cells
    Created: 37600 child cells
    Total cells: 38400
    Refinement time: 0.001s
    Cumulative refined: 28400
  Rebuilding spatial index...
  Building spatial index for 38400 cells...
   Spatial index built in 0.01s
    Spatial index rebuilt in 0.008s
  Initializing 37600 new cells...
  Initializing 37600 new cells in parallel...
   Initialized in 0.00s (285751198.9 cells/s)
    Initialization completed in 0.000s
  Starting local value iteration...
  Reinitializing ALL 38400 cells (V = l)
   Reinitialized 38400 cells in 0.00s (542441835.8 cells/s)
  Local VI: updating all 38400 cells
    Conservative mode: True
    delta_max: 1e-08
    Max iterations: 20000
    Updating successor cache for 37600 updated cells...
    Updating successor cache for 37600 new cells (HYBRID)...
      Affected cells: 38304
   Trajectories + spatial queries computed in 0.08s (4465894.7 tasks/s)
    Breakdown: 13.9% ODE, 86.1% queries
     Cache updated in 0.09s (3838719.0 tasks/s)
    Local Iteration   1: ||V_upper^k - V_upper^k-1||_inf = 0.11770562748477164661, ||V_lower^k - V_lower^k-1||_inf = 3.47837661840735679064, delta^k = -3.47837661840735679064
    Local Iteration   2: ||V_upper^k - V_upper^k-1||_inf = 0.11299740238538058534, ||V_lower^k - V_lower^k-1||_inf = 2.93194804770761141555, delta^k = -2.93194804770761141555
    Local Iteration   3: ||V_upper^k - V_upper^k-1||_inf = 0.10847750628996521982, ||V_lower^k - V_lower^k-1||_inf = 2.42366836007439356848, delta^k = -2.42366836007439356848
    Local Iteration   4: ||V_upper^k - V_upper^k-1||_inf = 0.10413840603836677090, ||V_lower^k - V_lower^k-1||_inf = 1.95135993057550072294, delta^k = -1.95135993057550072294
    Local Iteration   5: ||V_upper^k - V_upper^k-1||_inf = 0.09997286979683206454, ||V_lower^k - V_lower^k-1||_inf = 1.51295830606040038191, delta^k = -1.51295830606040038191
    Local Iteration   6: ||V_upper^k - V_upper^k-1||_inf = 0.09597395500495897736, ||V_lower^k - V_lower^k-1||_inf = 1.10650663561758766384, delta^k = -1.10650663561758766384
    Local Iteration   7: ||V_upper^k - V_upper^k-1||_inf = 0.09213499680476067155, ||V_lower^k - V_lower^k-1||_inf = 0.73015036552050327501, delta^k = -0.73015036552050327501
    Local Iteration   8: ||V_upper^k - V_upper^k-1||_inf = 0.08844959693257026245, ||V_lower^k - V_lower^k-1||_inf = 0.59854906010934705307, delta^k = -0.59854906010934705307
    Local Iteration   9: ||V_upper^k - V_upper^k-1||_inf = 0.08491161305526739866, ||V_lower^k - V_lower^k-1||_inf = 0.17890461558799042319, delta^k = -0.17890461558799042319
    Local Iteration  10: ||V_upper^k - V_upper^k-1||_inf = 0.08151514853305652508, ||V_lower^k - V_lower^k-1||_inf = 0.14121187094854137367, delta^k = -0.14121187094854137367
    Local Iteration  11: ||V_upper^k - V_upper^k-1||_inf = 0.07825454259173425520, ||V_lower^k - V_lower^k-1||_inf = 0.01584754563889534396, delta^k = -0.01584754563889534396
    Local Iteration  12: ||V_upper^k - V_upper^k-1||_inf = 0.07512436088806495604, ||V_lower^k - V_lower^k-1||_inf = 0.00000000000000000000, delta^k = 0.00000000000000000000
    Local Iteration  13: ||V_upper^k - V_upper^k-1||_inf = 0.07211938645254223346, ||V_lower^k - V_lower^k-1||_inf = 0.00000000000000000000, delta^k = 0.00000000000000000000
    Local Iteration  14: ||V_upper^k - V_upper^k-1||_inf = 0.06923461099444061517, ||V_lower^k - V_lower^k-1||_inf = 0.00000000000000000000, delta^k = 0.00000000000000000000
    Local Iteration  15: ||V_upper^k - V_upper^k-1||_inf = 0.06646522655466302609, ||V_lower^k - V_lower^k-1||_inf = 0.00000000000000000000, delta^k = 0.00000000000000000000
    Local Iteration  16: ||V_upper^k - V_upper^k-1||_inf = 0.06380661749247651393, ||V_lower^k - V_lower^k-1||_inf = 0.00000000000000000000, delta^k = 0.00000000000000000000
    Local Iteration  17: ||V_upper^k - V_upper^k-1||_inf = 0.06125435279277735567, ||V_lower^k - V_lower^k-1||_inf = 0.00000000000000000000, delta^k = 0.00000000000000000000
    Local Iteration  18: ||V_upper^k - V_upper^k-1||_inf = 0.05880417868106624368, ||V_lower^k - V_lower^k-1||_inf = 0.00000000000000000000, delta^k = 0.00000000000000000000
    Local Iteration  19: ||V_upper^k - V_upper^k-1||_inf = 0.05645201153382362058, ||V_lower^k - V_lower^k-1||_inf = 0.00000000000000000000, delta^k = 0.00000000000000000000
    Local Iteration  20: ||V_upper^k - V_upper^k-1||_inf = 0.05419393107247061359, ||V_lower^k - V_lower^k-1||_inf = 0.00000000000000000000, delta^k = 0.00000000000000000000
    Local Iteration  21: ||V_upper^k - V_upper^k-1||_inf = 0.05202617382957197556, ||V_lower^k - V_lower^k-1||_inf = 0.00000000000000000000, delta^k = 0.00000000000000000000
    Local Iteration  22: ||V_upper^k - V_upper^k-1||_inf = 0.04994512687638907877, ||V_lower^k - V_lower^k-1||_inf = 0.00000000000000000000, delta^k = 0.00000000000000000000
    Local Iteration  23: ||V_upper^k - V_upper^k-1||_inf = 0.04794732180133354227, ||V_lower^k - V_lower^k-1||_inf = 0.00000000000000000000, delta^k = 0.00000000000000000000
    Local Iteration  24: ||V_upper^k - V_upper^k-1||_inf = 0.04602942892928019170, ||V_lower^k - V_lower^k-1||_inf = 0.00000000000000000000, delta^k = 0.00000000000000000000
    Local Iteration  25: ||V_upper^k - V_upper^k-1||_inf = 0.04418825177210883304, ||V_lower^k - V_lower^k-1||_inf = 0.00000000000000000000, delta^k = 0.00000000000000000000
    Local Iteration  26: ||V_upper^k - V_upper^k-1||_inf = 0.04242072170122446195, ||V_lower^k - V_lower^k-1||_inf = 0.00000000000000000000, delta^k = 0.00000000000000000000
    Local Iteration  27: ||V_upper^k - V_upper^k-1||_inf = 0.04072389283317556785, ||V_lower^k - V_lower^k-1||_inf = 0.00000000000000000000, delta^k = 0.00000000000000000000
    Local Iteration  28: ||V_upper^k - V_upper^k-1||_inf = 0.03909493711984857178, ||V_lower^k - V_lower^k-1||_inf = 0.00000000000000000000, delta^k = 0.00000000000000000000
    Local Iteration  29: ||V_upper^k - V_upper^k-1||_inf = 0.03753113963505461115, ||V_lower^k - V_lower^k-1||_inf = 0.00000000000000000000, delta^k = 0.00000000000000000000
    Local Iteration  30: ||V_upper^k - V_upper^k-1||_inf = 0.03602989404965240006, ||V_lower^k - V_lower^k-1||_inf = 0.00000000000000000000, delta^k = 0.00000000000000000000
    Local Iteration  31: ||V_upper^k - V_upper^k-1||_inf = 0.03458869828766630850, ||V_lower^k - V_lower^k-1||_inf = 0.00000000000000000000, delta^k = 0.00000000000000000000
    Local Iteration  32: ||V_upper^k - V_upper^k-1||_inf = 0.03320515035615967392, ||V_lower^k - V_lower^k-1||_inf = 0.00000000000000000000, delta^k = 0.00000000000000000000
    Local Iteration  33: ||V_upper^k - V_upper^k-1||_inf = 0.03187694434191323811, ||V_lower^k - V_lower^k-1||_inf = 0.00000000000000000000, delta^k = 0.00000000000000000000
    Local Iteration  34: ||V_upper^k - V_upper^k-1||_inf = 0.03060186656823671303, ||V_lower^k - V_lower^k-1||_inf = 0.00000000000000000000, delta^k = 0.00000000000000000000
    Local Iteration  35: ||V_upper^k - V_upper^k-1||_inf = 0.02937779190550726671, ||V_lower^k - V_lower^k-1||_inf = 0.00000000000000000000, delta^k = 0.00000000000000000000
    Local Iteration  36: ||V_upper^k - V_upper^k-1||_inf = 0.02820268022928695828, ||V_lower^k - V_lower^k-1||_inf = 0.00000000000000000000, delta^k = 0.00000000000000000000
    Local Iteration  37: ||V_upper^k - V_upper^k-1||_inf = 0.02707457302011551104, ||V_lower^k - V_lower^k-1||_inf = 0.00000000000000000000, delta^k = 0.00000000000000000000
    Local Iteration  38: ||V_upper^k - V_upper^k-1||_inf = 0.02599159009931084618, ||V_lower^k - V_lower^k-1||_inf = 0.00000000000000000000, delta^k = 0.00000000000000000000
    Local Iteration  39: ||V_upper^k - V_upper^k-1||_inf = 0.02495192649533839457, ||V_lower^k - V_lower^k-1||_inf = 0.00000000000000000000, delta^k = 0.00000000000000000000
    Local Iteration  40: ||V_upper^k - V_upper^k-1||_inf = 0.02395384943552492096, ||V_lower^k - V_lower^k-1||_inf = 0.00000000000000000000, delta^k = 0.00000000000000000000
    Local Iteration  41: ||V_upper^k - V_upper^k-1||_inf = 0.02299569545810387083, ||V_lower^k - V_lower^k-1||_inf = 0.00000000000000000000, delta^k = 0.00000000000000000000
    Local Iteration  42: ||V_upper^k - V_upper^k-1||_inf = 0.02207586763977975597, ||V_lower^k - V_lower^k-1||_inf = 0.00000000000000000000, delta^k = 0.00000000000000000000
    Local Iteration  43: ||V_upper^k - V_upper^k-1||_inf = 0.02119283293418849912, ||V_lower^k - V_lower^k-1||_inf = 0.00000000000000000000, delta^k = 0.00000000000000000000
    Local Iteration  44: ||V_upper^k - V_upper^k-1||_inf = 0.02034511961682100578, ||V_lower^k - V_lower^k-1||_inf = 0.00000000000000000000, delta^k = 0.00000000000000000000
    Local Iteration  45: ||V_upper^k - V_upper^k-1||_inf = 0.01953131483214815001, ||V_lower^k - V_lower^k-1||_inf = 0.00000000000000000000, delta^k = 0.00000000000000000000
    Local Iteration  46: ||V_upper^k - V_upper^k-1||_inf = 0.01875006223886221957, ||V_lower^k - V_lower^k-1||_inf = 0.00000000000000000000, delta^k = 0.00000000000000000000
    Local Iteration  47: ||V_upper^k - V_upper^k-1||_inf = 0.01800005974930773966, ||V_lower^k - V_lower^k-1||_inf = 0.00000000000000000000, delta^k = 0.00000000000000000000
    Local Iteration  48: ||V_upper^k - V_upper^k-1||_inf = 0.01728005735933541009, ||V_lower^k - V_lower^k-1||_inf = 0.00000000000000000000, delta^k = 0.00000000000000000000
    Local Iteration  49: ||V_upper^k - V_upper^k-1||_inf = 0.01658885506496199369, ||V_lower^k - V_lower^k-1||_inf = 0.00000000000000000000, delta^k = 0.00000000000000000000
    Local Iteration  50: ||V_upper^k - V_upper^k-1||_inf = 0.01592530086236354503, ||V_lower^k - V_lower^k-1||_inf = 0.00000000000000000000, delta^k = 0.00000000000000000000
    Local Iteration  51: ||V_upper^k - V_upper^k-1||_inf = 0.01528828882786897880, ||V_lower^k - V_lower^k-1||_inf = 0.00000000000000000000, delta^k = 0.00000000000000000000
    Local Iteration  52: ||V_upper^k - V_upper^k-1||_inf = 0.01332275783923003720, ||V_lower^k - V_lower^k-1||_inf = 0.00000000000000000000, delta^k = 0.00000000000000000000
    Local Iteration  53: ||V_upper^k - V_upper^k-1||_inf = 0.00000000000000000000, ||V_lower^k - V_lower^k-1||_inf = 0.00000000000000000000, delta^k = 0.00000000000000000000

============================================================
 CONSERVATIVE STOPPING CONDITION MET (Algorithm 3)
============================================================
  delta^k = 0.0000000000e+00 >= -delta_max
  ||V_upper^k - V_upper^k-1||_inf = 0.0000000000e+00 < 1e-08
  eps_cons = (0.96 * 0.0000000000e+00) / 0.04 = 0.0000000000e+00
  Correcting V_lower for 38400 cells: V_lower <- V_lower - eps_cons - eps_machine
   Conservative correction applied successfully
  Machine epsilon eps_machine = 2.220e-16
    Local VI completed in 53 iterations
    Final convergence values:
      ||V_upper^final - V_upper^prev||_inf = 0.00000000e+00
      ||V_lower^final - V_lower^prev||_inf = 0.00000000e+00
  Local VI completed in 53 iterations, time: 0.205s
    Final ||V_upper^k - V_upper^k-1||_inf = 0.00000000000000000000e+00
    Final ||V_lower^k - V_lower^k-1||_inf = 0.00000000000000000000e+00
  Saved visualization: /Users/i.k.tabbara/Documents/python directory/HSCC_2027/refactored_Implementations/results_hscc_2027_newbellmans_12workers/ra_discount/double_integrator_res10_eps0.05_dmin1e-08_dmax1e-08_gamma0.96_dt0.3_tau0.3_cons/value_function_phase_2_complete.png
  Phase 2 completed in 0.90s with 38400 leaf cells

Classification after phase 2:
  Safe:              200 cells (  0.5%),    0.5% of state space
  Unsafe:           2800 cells (  7.3%),   11.0% of state space
  Unclassified:    35400 cells ( 92.2%),   88.5% of state space

======================================================================
REFINEMENT PHASE 3
======================================================================
Boundary cells: 35400
  Refinable (>eta_min=0.017678): 35400
  Below threshold: 0
  Cumulative refined: 28400
  Refinable cell size statistics:
    Max:    0.300000
    Mean:   0.300000
    Min:    0.300000
    Median: 0.300000
  Refining 35400 cells...
    Refined: 35400 parent cells
    Created: 70800 child cells
    Total cells: 73800
    Refinement time: 0.002s
    Cumulative refined: 63800
  Rebuilding spatial index...
  Building spatial index for 73800 cells...
   Spatial index built in 0.02s
    Spatial index rebuilt in 0.016s
  Initializing 70800 new cells...
  Initializing 70800 new cells in parallel...
   Initialized in 0.00s (390351481.7 cells/s)
    Initialization completed in 0.000s
  Starting local value iteration...
  Reinitializing ALL 73800 cells (V = l)
   Reinitialized 73800 cells in 0.00s (474088920.6 cells/s)
  Local VI: updating all 73800 cells
    Conservative mode: True
    delta_max: 1e-08
    Max iterations: 20000
    Updating successor cache for 70800 updated cells...
    Updating successor cache for 70800 new cells (HYBRID)...
      Affected cells: 73248
   Trajectories + spatial queries computed in 0.21s (3151065.3 tasks/s)
    Breakdown: 9.6% ODE, 90.4% queries
     Cache updated in 0.23s (2866362.7 tasks/s)
    Local Iteration   1: ||V_upper^k - V_upper^k-1||_inf = 0.11984072205498241814, ||V_lower^k - V_lower^k-1||_inf = 3.53175398266263007585, delta^k = -3.53175398266263007585
    Local Iteration   2: ||V_upper^k - V_upper^k-1||_inf = 0.11504709317278294378, ||V_lower^k - V_lower^k-1||_inf = 2.98322864185995939579, delta^k = -2.98322864185995939579
    Local Iteration   3: ||V_upper^k - V_upper^k-1||_inf = 0.11044520944587166156, ||V_lower^k - V_lower^k-1||_inf = 2.47294417044094583247, delta^k = -2.47294417044094583247
    Local Iteration   4: ||V_upper^k - V_upper^k-1||_inf = 0.10602740106803709708, ||V_lower^k - V_lower^k-1||_inf = 1.99872274658275417281, delta^k = -1.99872274658275417281
    Local Iteration   5: ||V_upper^k - V_upper^k-1||_inf = 0.10178630502531538227, ||V_lower^k - V_lower^k-1||_inf = 1.38276528445417334900, delta^k = -1.38276528445417334900
    Local Iteration   6: ||V_upper^k - V_upper^k-1||_inf = 0.09771485282430303343, ||V_lower^k - V_lower^k-1||_inf = 0.83982955613435661402, delta^k = -0.83982955613435661402
    Local Iteration   7: ||V_upper^k - V_upper^k-1||_inf = 0.09380625871133085880, ||V_lower^k - V_lower^k-1||_inf = 0.47788204515453891474, delta^k = -0.47788204515453891474
    Local Iteration   8: ||V_upper^k - V_upper^k-1||_inf = 0.09005400836287735800, ||V_lower^k - V_lower^k-1||_inf = 0.37626545204267181077, delta^k = -0.37626545204267181077
    Local Iteration   9: ||V_upper^k - V_upper^k-1||_inf = 0.08645184802836247684, ||V_lower^k - V_lower^k-1||_inf = 0.15536119057891051298, delta^k = -0.15536119057891051298
    Local Iteration  10: ||V_upper^k - V_upper^k-1||_inf = 0.08299377410722796888, ||V_lower^k - V_lower^k-1||_inf = 0.07934700441846875840, delta^k = -0.07934700441846875840
    Local Iteration  11: ||V_upper^k - V_upper^k-1||_inf = 0.07967402314293869914, ||V_lower^k - V_lower^k-1||_inf = 0.03785099701370997494, delta^k = -0.03785099701370997494
    Local Iteration  12: ||V_upper^k - V_upper^k-1||_inf = 0.07648706221722112453, ||V_lower^k - V_lower^k-1||_inf = 0.00678637792738390200, delta^k = -0.00678637792738390200
    Local Iteration  13: ||V_upper^k - V_upper^k-1||_inf = 0.07342757972853242165, ||V_lower^k - V_lower^k-1||_inf = 0.00651492281028853704, delta^k = -0.00651492281028853704
    Local Iteration  14: ||V_upper^k - V_upper^k-1||_inf = 0.07049047653939100044, ||V_lower^k - V_lower^k-1||_inf = 0.00000000000000000000, delta^k = 0.00000000000000000000
    Local Iteration  15: ||V_upper^k - V_upper^k-1||_inf = 0.06767085747781553806, ||V_lower^k - V_lower^k-1||_inf = 0.00000000000000000000, delta^k = 0.00000000000000000000
    Local Iteration  16: ||V_upper^k - V_upper^k-1||_inf = 0.06496402317870275667, ||V_lower^k - V_lower^k-1||_inf = 0.00000000000000000000, delta^k = 0.00000000000000000000
    Local Iteration  17: ||V_upper^k - V_upper^k-1||_inf = 0.06236546225155459311, ||V_lower^k - V_lower^k-1||_inf = 0.00000000000000000000, delta^k = 0.00000000000000000000
    Local Iteration  18: ||V_upper^k - V_upper^k-1||_inf = 0.05987084376149254261, ||V_lower^k - V_lower^k-1||_inf = 0.00000000000000000000, delta^k = 0.00000000000000000000
    Local Iteration  19: ||V_upper^k - V_upper^k-1||_inf = 0.05747601001103275209, ||V_lower^k - V_lower^k-1||_inf = 0.00000000000000000000, delta^k = 0.00000000000000000000
    Local Iteration  20: ||V_upper^k - V_upper^k-1||_inf = 0.05517696961059148641, ||V_lower^k - V_lower^k-1||_inf = 0.00000000000000000000, delta^k = 0.00000000000000000000
    Local Iteration  21: ||V_upper^k - V_upper^k-1||_inf = 0.05296989082616776479, ||V_lower^k - V_lower^k-1||_inf = 0.00000000000000000000, delta^k = 0.00000000000000000000
    Local Iteration  22: ||V_upper^k - V_upper^k-1||_inf = 0.05085109519312114301, ||V_lower^k - V_lower^k-1||_inf = 0.00000000000000000000, delta^k = 0.00000000000000000000
    Local Iteration  23: ||V_upper^k - V_upper^k-1||_inf = 0.04881705138539627065, ||V_lower^k - V_lower^k-1||_inf = 0.00000000000000000000, delta^k = 0.00000000000000000000
    Local Iteration  24: ||V_upper^k - V_upper^k-1||_inf = 0.04686436932998039318, ||V_lower^k - V_lower^k-1||_inf = 0.00000000000000000000, delta^k = 0.00000000000000000000
    Local Iteration  25: ||V_upper^k - V_upper^k-1||_inf = 0.04498979455678120409, ||V_lower^k - V_lower^k-1||_inf = 0.00000000000000000000, delta^k = 0.00000000000000000000
    Local Iteration  26: ||V_upper^k - V_upper^k-1||_inf = 0.04319020277450991152, ||V_lower^k - V_lower^k-1||_inf = 0.00000000000000000000, delta^k = 0.00000000000000000000
    Local Iteration  27: ||V_upper^k - V_upper^k-1||_inf = 0.04146259466352952838, ||V_lower^k - V_lower^k-1||_inf = 0.00000000000000000000, delta^k = 0.00000000000000000000
    Local Iteration  28: ||V_upper^k - V_upper^k-1||_inf = 0.03980409087698832948, ||V_lower^k - V_lower^k-1||_inf = 0.00000000000000000000, delta^k = 0.00000000000000000000
    Local Iteration  29: ||V_upper^k - V_upper^k-1||_inf = 0.03821192724190880519, ||V_lower^k - V_lower^k-1||_inf = 0.00000000000000000000, delta^k = 0.00000000000000000000
    Local Iteration  30: ||V_upper^k - V_upper^k-1||_inf = 0.03668345015223251071, ||V_lower^k - V_lower^k-1||_inf = 0.00000000000000000000, delta^k = 0.00000000000000000000
    Local Iteration  31: ||V_upper^k - V_upper^k-1||_inf = 0.03521611214614317475, ||V_lower^k - V_lower^k-1||_inf = 0.00000000000000000000, delta^k = 0.00000000000000000000
    Local Iteration  32: ||V_upper^k - V_upper^k-1||_inf = 0.03380746766029740780, ||V_lower^k - V_lower^k-1||_inf = 0.00000000000000000000, delta^k = 0.00000000000000000000
    Local Iteration  33: ||V_upper^k - V_upper^k-1||_inf = 0.03245516895388556033, ||V_lower^k - V_lower^k-1||_inf = 0.00000000000000000000, delta^k = 0.00000000000000000000
    Local Iteration  34: ||V_upper^k - V_upper^k-1||_inf = 0.03115696219573016457, ||V_lower^k - V_lower^k-1||_inf = 0.00000000000000000000, delta^k = 0.00000000000000000000
    Local Iteration  35: ||V_upper^k - V_upper^k-1||_inf = 0.02991068370790095354, ||V_lower^k - V_lower^k-1||_inf = 0.00000000000000000000, delta^k = 0.00000000000000000000
    Local Iteration  36: ||V_upper^k - V_upper^k-1||_inf = 0.02871425635958491096, ||V_lower^k - V_lower^k-1||_inf = 0.00000000000000000000, delta^k = 0.00000000000000000000
    Local Iteration  37: ||V_upper^k - V_upper^k-1||_inf = 0.02756568610520149232, ||V_lower^k - V_lower^k-1||_inf = 0.00000000000000000000, delta^k = 0.00000000000000000000
    Local Iteration  38: ||V_upper^k - V_upper^k-1||_inf = 0.02646305866099341042, ||V_lower^k - V_lower^k-1||_inf = 0.00000000000000000000, delta^k = 0.00000000000000000000
    Local Iteration  39: ||V_upper^k - V_upper^k-1||_inf = 0.02540453631455363848, ||V_lower^k - V_lower^k-1||_inf = 0.00000000000000000000, delta^k = 0.00000000000000000000
    Local Iteration  40: ||V_upper^k - V_upper^k-1||_inf = 0.02438835486197155067, ||V_lower^k - V_lower^k-1||_inf = 0.00000000000000000000, delta^k = 0.00000000000000000000
    Local Iteration  41: ||V_upper^k - V_upper^k-1||_inf = 0.02341282066749272861, ||V_lower^k - V_lower^k-1||_inf = 0.00000000000000000000, delta^k = 0.00000000000000000000
    Local Iteration  42: ||V_upper^k - V_upper^k-1||_inf = 0.02247630784079301947, ||V_lower^k - V_lower^k-1||_inf = 0.00000000000000000000, delta^k = 0.00000000000000000000
    Local Iteration  43: ||V_upper^k - V_upper^k-1||_inf = 0.02157725552716127648, ||V_lower^k - V_lower^k-1||_inf = 0.00000000000000000000, delta^k = 0.00000000000000000000
    Local Iteration  44: ||V_upper^k - V_upper^k-1||_inf = 0.02071416530607478323, ||V_lower^k - V_lower^k-1||_inf = 0.00000000000000000000, delta^k = 0.00000000000000000000
    Local Iteration  45: ||V_upper^k - V_upper^k-1||_inf = 0.01988559869383182965, ||V_lower^k - V_lower^k-1||_inf = 0.00000000000000000000, delta^k = 0.00000000000000000000
    Local Iteration  46: ||V_upper^k - V_upper^k-1||_inf = 0.01909017474607854759, ||V_lower^k - V_lower^k-1||_inf = 0.00000000000000000000, delta^k = 0.00000000000000000000
    Local Iteration  47: ||V_upper^k - V_upper^k-1||_inf = 0.01832656775623536793, ||V_lower^k - V_lower^k-1||_inf = 0.00000000000000000000, delta^k = 0.00000000000000000000
    Local Iteration  48: ||V_upper^k - V_upper^k-1||_inf = 0.01759350504598594656, ||V_lower^k - V_lower^k-1||_inf = 0.00000000000000000000, delta^k = 0.00000000000000000000
    Local Iteration  49: ||V_upper^k - V_upper^k-1||_inf = 0.01688976484414655976, ||V_lower^k - V_lower^k-1||_inf = 0.00000000000000000000, delta^k = 0.00000000000000000000
    Local Iteration  50: ||V_upper^k - V_upper^k-1||_inf = 0.01621417425038068627, ||V_lower^k - V_lower^k-1||_inf = 0.00000000000000000000, delta^k = 0.00000000000000000000
    Local Iteration  51: ||V_upper^k - V_upper^k-1||_inf = 0.01556560728036543440, ||V_lower^k - V_lower^k-1||_inf = 0.00000000000000000000, delta^k = 0.00000000000000000000
    Local Iteration  52: ||V_upper^k - V_upper^k-1||_inf = 0.01494298298915081036, ||V_lower^k - V_lower^k-1||_inf = 0.00000000000000000000, delta^k = 0.00000000000000000000
    Local Iteration  53: ||V_upper^k - V_upper^k-1||_inf = 0.01434526366958477350, ||V_lower^k - V_lower^k-1||_inf = 0.00000000000000000000, delta^k = 0.00000000000000000000
    Local Iteration  54: ||V_upper^k - V_upper^k-1||_inf = 0.01377145312280142475, ||V_lower^k - V_lower^k-1||_inf = 0.00000000000000000000, delta^k = 0.00000000000000000000
    Local Iteration  55: ||V_upper^k - V_upper^k-1||_inf = 0.01322059499788935666, ||V_lower^k - V_lower^k-1||_inf = 0.00000000000000000000, delta^k = 0.00000000000000000000
    Local Iteration  56: ||V_upper^k - V_upper^k-1||_inf = 0.00445501532306907810, ||V_lower^k - V_lower^k-1||_inf = 0.00000000000000000000, delta^k = 0.00000000000000000000
    Local Iteration  57: ||V_upper^k - V_upper^k-1||_inf = 0.00000000000000000000, ||V_lower^k - V_lower^k-1||_inf = 0.00000000000000000000, delta^k = 0.00000000000000000000

============================================================
 CONSERVATIVE STOPPING CONDITION MET (Algorithm 3)
============================================================
  delta^k = 0.0000000000e+00 >= -delta_max
  ||V_upper^k - V_upper^k-1||_inf = 0.0000000000e+00 < 1e-08
  eps_cons = (0.96 * 0.0000000000e+00) / 0.04 = 0.0000000000e+00
  Correcting V_lower for 73800 cells: V_lower <- V_lower - eps_cons - eps_machine
   Conservative correction applied successfully
  Machine epsilon eps_machine = 2.220e-16
    Local VI completed in 57 iterations
    Final convergence values:
      ||V_upper^final - V_upper^prev||_inf = 0.00000000e+00
      ||V_lower^final - V_lower^prev||_inf = 0.00000000e+00
  Local VI completed in 57 iterations, time: 0.558s
    Final ||V_upper^k - V_upper^k-1||_inf = 0.00000000000000000000e+00
    Final ||V_lower^k - V_lower^k-1||_inf = 0.00000000000000000000e+00
  Saved visualization: /Users/i.k.tabbara/Documents/python directory/HSCC_2027/refactored_Implementations/results_hscc_2027_newbellmans_12workers/ra_discount/double_integrator_res10_eps0.05_dmin1e-08_dmax1e-08_gamma0.96_dt0.3_tau0.3_cons/value_function_phase_3_complete.png
  Phase 3 completed in 1.26s with 73800 leaf cells

Classification after phase 3:
  Safe:              400 cells (  0.5%),    0.7% of state space
  Unsafe:           3200 cells (  4.3%),   11.5% of state space
  Unclassified:    70200 cells ( 95.1%),   87.8% of state space

======================================================================
REFINEMENT PHASE 4
======================================================================
Boundary cells: 70200
  Refinable (>eta_min=0.017678): 70200
  Below threshold: 0
  Cumulative refined: 63800
  Refinable cell size statistics:
    Max:    0.300000
    Mean:   0.300000
    Min:    0.300000
    Median: 0.300000
  Refining 70200 cells...
    Refined: 70200 parent cells
    Created: 140400 child cells
    Total cells: 144000
    Refinement time: 0.006s
    Cumulative refined: 134000
  Rebuilding spatial index...
  Building spatial index for 144000 cells...
   Spatial index built in 0.04s
    Spatial index rebuilt in 0.035s
  Initializing 140400 new cells...
  Initializing 140400 new cells in parallel...
   Initialized in 0.00s (375903614.5 cells/s)
    Initialization completed in 0.000s
  Starting local value iteration...
  Reinitializing ALL 144000 cells (V = l)
   Reinitialized 144000 cells in 0.00s (452237160.7 cells/s)
  Local VI: updating all 144000 cells
    Conservative mode: True
    delta_max: 1e-08
    Max iterations: 20000
    Updating successor cache for 140400 updated cells...
    Updating successor cache for 140400 new cells (HYBRID)...
      Affected cells: 143336
   Trajectories + spatial queries computed in 0.29s (4419523.1 tasks/s)
    Breakdown: 14.1% ODE, 85.9% queries
     Cache updated in 0.34s (3817810.0 tasks/s)
    Local Iteration   1: ||V_upper^k - V_upper^k-1||_inf = 3.93799602617861266296, ||V_lower^k - V_lower^k-1||_inf = 3.65515331370399332300, delta^k = -3.65515331370399332300
    Local Iteration   2: ||V_upper^k - V_upper^k-1||_inf = 0.11435504740525903600, ||V_lower^k - V_lower^k-1||_inf = 3.30530042817410851796, delta^k = -3.30530042817410851796
    Local Iteration   3: ||V_upper^k - V_upper^k-1||_inf = 0.10978084550904831929, ||V_lower^k - V_lower^k-1||_inf = 2.78208664532223037824, delta^k = -2.78208664532223037824
    Local Iteration   4: ||V_upper^k - V_upper^k-1||_inf = 0.10538961168868654639, ||V_lower^k - V_lower^k-1||_inf = 2.48312233196138265612, delta^k = -2.48312233196138265612
    Local Iteration   5: ||V_upper^k - V_upper^k-1||_inf = 0.10117402722113899571, ||V_lower^k - V_lower^k-1||_inf = 2.20362382503688625235, delta^k = -2.20362382503688625235
    Local Iteration   6: ||V_upper^k - V_upper^k-1||_inf = 0.09712706613229338259, ||V_lower^k - V_lower^k-1||_inf = 0.36001502886861969088, delta^k = -0.36001502886861969088
    Local Iteration   7: ||V_upper^k - V_upper^k-1||_inf = 0.09324198348700196703, ||V_lower^k - V_lower^k-1||_inf = 0.32057577851918156453, delta^k = -0.32057577851918156453
    Local Iteration   8: ||V_upper^k - V_upper^k-1||_inf = 0.08951230414752187059, ||V_lower^k - V_lower^k-1||_inf = 0.29302803415924644215, delta^k = -0.29302803415924644215
    Local Iteration   9: ||V_upper^k - V_upper^k-1||_inf = 0.08593181198162058720, ||V_lower^k - V_lower^k-1||_inf = 0.22359013536154770385, delta^k = -0.22359013536154770385
    Local Iteration  10: ||V_upper^k - V_upper^k-1||_inf = 0.08249453950235596800, ||V_lower^k - V_lower^k-1||_inf = 0.03940133685318181200, delta^k = -0.03940133685318181200
    Local Iteration  11: ||V_upper^k - V_upper^k-1||_inf = 0.07919475792226182698, ||V_lower^k - V_lower^k-1||_inf = 0.03782528337905455285, delta^k = -0.03782528337905455285
    Local Iteration  12: ||V_upper^k - V_upper^k-1||_inf = 0.07602696760537130949, ||V_lower^k - V_lower^k-1||_inf = 0.03631227204389231300, delta^k = -0.03631227204389231300
    Local Iteration  13: ||V_upper^k - V_upper^k-1||_inf = 0.07298588890115631500, ||V_lower^k - V_lower^k-1||_inf = 0.03485978116213661604, delta^k = -0.03485978116213661604
    Local Iteration  14: ||V_upper^k - V_upper^k-1||_inf = 0.07006645334511008016, ||V_lower^k - V_lower^k-1||_inf = 0.03346538991565117804, delta^k = -0.03346538991565117804
    Local Iteration  15: ||V_upper^k - V_upper^k-1||_inf = 0.06726379521130576578, ||V_lower^k - V_lower^k-1||_inf = 0.03212677431902510872, delta^k = -0.03212677431902510872
    Local Iteration  16: ||V_upper^k - V_upper^k-1||_inf = 0.06457324340285341968, ||V_lower^k - V_lower^k-1||_inf = 0.03084170334626412657, delta^k = -0.03084170334626412657
    Local Iteration  17: ||V_upper^k - V_upper^k-1||_inf = 0.06199031366673946053, ||V_lower^k - V_lower^k-1||_inf = 0.02960803521241361924, delta^k = -0.02960803521241361924
    Local Iteration  18: ||V_upper^k - V_upper^k-1||_inf = 0.05951070112006973112, ||V_lower^k - V_lower^k-1||_inf = 0.02842371380391706115, delta^k = -0.02842371380391706115
    Local Iteration  19: ||V_upper^k - V_upper^k-1||_inf = 0.05713027307526696852, ||V_lower^k - V_lower^k-1||_inf = 0.02728676525176032541, delta^k = -0.02728676525176032541
    Local Iteration  20: ||V_upper^k - V_upper^k-1||_inf = 0.05484506215225626313, ||V_lower^k - V_lower^k-1||_inf = 0.02619529464168990351, delta^k = -0.02619529464168990351
    Local Iteration  21: ||V_upper^k - V_upper^k-1||_inf = 0.05265125966616612807, ||V_lower^k - V_lower^k-1||_inf = 0.02514748285602230737, delta^k = -0.02514748285602230737
    Local Iteration  22: ||V_upper^k - V_upper^k-1||_inf = 0.05054520927951933196, ||V_lower^k - V_lower^k-1||_inf = 0.02414158354178141952, delta^k = -0.02414158354178141952
    Local Iteration  23: ||V_upper^k - V_upper^k-1||_inf = 0.04852340090833862085, ||V_lower^k - V_lower^k-1||_inf = 0.02317592020011016718, delta^k = -0.02317592020011016718
    Local Iteration  24: ||V_upper^k - V_upper^k-1||_inf = 0.04658246487200501385, ||V_lower^k - V_lower^k-1||_inf = 0.02224888339210573385, delta^k = -0.02224888339210573385
    Local Iteration  25: ||V_upper^k - V_upper^k-1||_inf = 0.04471916627712491099, ||V_lower^k - V_lower^k-1||_inf = 0.02135892805642158887, delta^k = -0.02135892805642158887
    Local Iteration  26: ||V_upper^k - V_upper^k-1||_inf = 0.04293039962603995008, ||V_lower^k - V_lower^k-1||_inf = 0.02050457093416468979, delta^k = -0.02050457093416468979
    Local Iteration  27: ||V_upper^k - V_upper^k-1||_inf = 0.04121318364099824105, ||V_lower^k - V_lower^k-1||_inf = 0.01968438809679806667, delta^k = -0.01968438809679806667
    Local Iteration  28: ||V_upper^k - V_upper^k-1||_inf = 0.03956465629535832473, ||V_lower^k - V_lower^k-1||_inf = 0.01889701257292614178, delta^k = -0.01889701257292614178
    Local Iteration  29: ||V_upper^k - V_upper^k-1||_inf = 0.03798207004354403615, ||V_lower^k - V_lower^k-1||_inf = 0.01814113207000911387, delta^k = -0.01814113207000911387
    Local Iteration  30: ||V_upper^k - V_upper^k-1||_inf = 0.03646278724180229691, ||V_lower^k - V_lower^k-1||_inf = 0.01741548678720877819, delta^k = -0.01741548678720877819
    Local Iteration  31: ||V_upper^k - V_upper^k-1||_inf = 0.03500427575213016507, ||V_lower^k - V_lower^k-1||_inf = 0.01671886731572042040, delta^k = -0.01671886731572042040
    Local Iteration  32: ||V_upper^k - V_upper^k-1||_inf = 0.03360410472204500287, ||V_lower^k - V_lower^k-1||_inf = 0.01605011262309158360, delta^k = -0.01605011262309158360
    Local Iteration  33: ||V_upper^k - V_upper^k-1||_inf = 0.03225994053316316723, ||V_lower^k - V_lower^k-1||_inf = 0.01540810811816789583, delta^k = -0.01540810811816789583
    Local Iteration  34: ||V_upper^k - V_upper^k-1||_inf = 0.03096954291183662278, ||V_lower^k - V_lower^k-1||_inf = 0.01479178379344120442, delta^k = -0.01479178379344120442
    Local Iteration  35: ||V_upper^k - V_upper^k-1||_inf = 0.02973076119536310902, ||V_lower^k - V_lower^k-1||_inf = 0.01420011244170354958, delta^k = -0.01420011244170354958
    Local Iteration  36: ||V_upper^k - V_upper^k-1||_inf = 0.02854153074754861574, ||V_lower^k - V_lower^k-1||_inf = 0.01363210794403540982, delta^k = -0.01363210794403540982
    Local Iteration  37: ||V_upper^k - V_upper^k-1||_inf = 0.02739986951764672440, ||V_lower^k - V_lower^k-1||_inf = 0.01308682362627400231, delta^k = -0.01308682362627400231
    Local Iteration  38: ||V_upper^k - V_upper^k-1||_inf = 0.02630387473694084655, ||V_lower^k - V_lower^k-1||_inf = 0.01256335068122305110, delta^k = -0.01256335068122305110
    Local Iteration  39: ||V_upper^k - V_upper^k-1||_inf = 0.02525171974746320824, ||V_lower^k - V_lower^k-1||_inf = 0.01206081665397412683, delta^k = -0.01206081665397412683
    Local Iteration  40: ||V_upper^k - V_upper^k-1||_inf = 0.02424165095756469768, ||V_lower^k - V_lower^k-1||_inf = 0.01157838398781513289, delta^k = -0.01157838398781513289
    Local Iteration  41: ||V_upper^k - V_upper^k-1||_inf = 0.02327198491926207868, ||V_lower^k - V_lower^k-1||_inf = 0.01111524862830254312, delta^k = -0.01111524862830254312
    Local Iteration  42: ||V_upper^k - V_upper^k-1||_inf = 0.02234110552249157777, ||V_lower^k - V_lower^k-1||_inf = 0.01067063868317041919, delta^k = -0.01067063868317041919
    Local Iteration  43: ||V_upper^k - V_upper^k-1||_inf = 0.02144746130159191910, ||V_lower^k - V_lower^k-1||_inf = 0.01024381313584363240, delta^k = -0.01024381313584363240
    Local Iteration  44: ||V_upper^k - V_upper^k-1||_inf = 0.02058956284952823124, ||V_lower^k - V_lower^k-1||_inf = 0.00983406061040986712, delta^k = -0.00983406061040986712
    Local Iteration  45: ||V_upper^k - V_upper^k-1||_inf = 0.01976598033554710643, ||V_lower^k - V_lower^k-1||_inf = 0.00944069818599349575, delta^k = -0.00944069818599349575
    Local Iteration  46: ||V_upper^k - V_upper^k-1||_inf = 0.01897534112212523327, ||V_lower^k - V_lower^k-1||_inf = 0.00906307025855374038, delta^k = -0.00906307025855374038
    Local Iteration  47: ||V_upper^k - V_upper^k-1||_inf = 0.01821632747724022394, ||V_lower^k - V_lower^k-1||_inf = 0.00870054744821158188, delta^k = -0.00870054744821158188
    Local Iteration  48: ||V_upper^k - V_upper^k-1||_inf = 0.01748767437815063053, ||V_lower^k - V_lower^k-1||_inf = 0.00835252555028312416, delta^k = -0.00835252555028312416
    Local Iteration  49: ||V_upper^k - V_upper^k-1||_inf = 0.01678816740302457866, ||V_lower^k - V_lower^k-1||_inf = 0.00801842452827181140, delta^k = -0.00801842452827181140
    Local Iteration  50: ||V_upper^k - V_upper^k-1||_inf = 0.01611664070690360662, ||V_lower^k - V_lower^k-1||_inf = 0.00769768754714092451, delta^k = -0.00769768754714092451
    Local Iteration  51: ||V_upper^k - V_upper^k-1||_inf = 0.01547197507862746457, ||V_lower^k - V_lower^k-1||_inf = 0.00738978004525528420, delta^k = -0.00738978004525528420
    Local Iteration  52: ||V_upper^k - V_upper^k-1||_inf = 0.01485309607548235267, ||V_lower^k - V_lower^k-1||_inf = 0.00709418884344509282, delta^k = -0.00709418884344509282
    Local Iteration  53: ||V_upper^k - V_upper^k-1||_inf = 0.01425897223246302969, ||V_lower^k - V_lower^k-1||_inf = 0.00681042128970726912, delta^k = -0.00681042128970726912
    Local Iteration  54: ||V_upper^k - V_upper^k-1||_inf = 0.01368861334316451295, ||V_lower^k - V_lower^k-1||_inf = 0.00653800443811899945, delta^k = -0.00653800443811899945
    Local Iteration  55: ||V_upper^k - V_upper^k-1||_inf = 0.01314106880943793909, ||V_lower^k - V_lower^k-1||_inf = 0.00627648426059423947, delta^k = -0.00627648426059423947
    Local Iteration  56: ||V_upper^k - V_upper^k-1||_inf = 0.01261542605706045261, ||V_lower^k - V_lower^k-1||_inf = 0.00602542489017046656, delta^k = -0.00602542489017046656
    Local Iteration  57: ||V_upper^k - V_upper^k-1||_inf = 0.00244453132822630703, ||V_lower^k - V_lower^k-1||_inf = 0.00578440789456363680, delta^k = -0.00578440789456363680
    Local Iteration  58: ||V_upper^k - V_upper^k-1||_inf = 0.00000000000000000000, ||V_lower^k - V_lower^k-1||_inf = 0.00555303157878109244, delta^k = -0.00555303157878109244
    Local Iteration  59: ||V_upper^k - V_upper^k-1||_inf = 0.00000000000000000000, ||V_lower^k - V_lower^k-1||_inf = 0.00533091031562984985, delta^k = -0.00533091031562984985
    Local Iteration  60: ||V_upper^k - V_upper^k-1||_inf = 0.00000000000000000000, ||V_lower^k - V_lower^k-1||_inf = 0.00511767390300466030, delta^k = -0.00511767390300466030
    Local Iteration  61: ||V_upper^k - V_upper^k-1||_inf = 0.00000000000000000000, ||V_lower^k - V_lower^k-1||_inf = 0.00491296694688446445, delta^k = -0.00491296694688446445
    Local Iteration  62: ||V_upper^k - V_upper^k-1||_inf = 0.00000000000000000000, ||V_lower^k - V_lower^k-1||_inf = 0.00471644826900909087, delta^k = -0.00471644826900909087
    Local Iteration  63: ||V_upper^k - V_upper^k-1||_inf = 0.00000000000000000000, ||V_lower^k - V_lower^k-1||_inf = 0.00452779033824872446, delta^k = -0.00452779033824872446
    Local Iteration  64: ||V_upper^k - V_upper^k-1||_inf = 0.00000000000000000000, ||V_lower^k - V_lower^k-1||_inf = 0.00434667872471877770, delta^k = -0.00434667872471877770
    Local Iteration  65: ||V_upper^k - V_upper^k-1||_inf = 0.00000000000000000000, ||V_lower^k - V_lower^k-1||_inf = 0.00417281157573001771, delta^k = -0.00417281157573001771
    Local Iteration  66: ||V_upper^k - V_upper^k-1||_inf = 0.00000000000000000000, ||V_lower^k - V_lower^k-1||_inf = 0.00400589911270082810, delta^k = -0.00400589911270082810
    Local Iteration  67: ||V_upper^k - V_upper^k-1||_inf = 0.00000000000000000000, ||V_lower^k - V_lower^k-1||_inf = 0.00384566314819279054, delta^k = -0.00384566314819279054
    Local Iteration  68: ||V_upper^k - V_upper^k-1||_inf = 0.00000000000000000000, ||V_lower^k - V_lower^k-1||_inf = 0.00369183662226507670, delta^k = -0.00369183662226507670
    Local Iteration  69: ||V_upper^k - V_upper^k-1||_inf = 0.00000000000000000000, ||V_lower^k - V_lower^k-1||_inf = 0.00354416315737447751, delta^k = -0.00354416315737447751
    Local Iteration  70: ||V_upper^k - V_upper^k-1||_inf = 0.00000000000000000000, ||V_lower^k - V_lower^k-1||_inf = 0.00340239663107949619, delta^k = -0.00340239663107949619
    Local Iteration  71: ||V_upper^k - V_upper^k-1||_inf = 0.00000000000000000000, ||V_lower^k - V_lower^k-1||_inf = 0.00326630076583631079, delta^k = -0.00326630076583631079
    Local Iteration  72: ||V_upper^k - V_upper^k-1||_inf = 0.00000000000000000000, ||V_lower^k - V_lower^k-1||_inf = 0.00313564873520286169, delta^k = -0.00313564873520286169
    Local Iteration  73: ||V_upper^k - V_upper^k-1||_inf = 0.00000000000000000000, ||V_lower^k - V_lower^k-1||_inf = 0.00301022278579475555, delta^k = -0.00301022278579475555
    Local Iteration  74: ||V_upper^k - V_upper^k-1||_inf = 0.00000000000000000000, ||V_lower^k - V_lower^k-1||_inf = 0.00288981387436296200, delta^k = -0.00288981387436296200
    Local Iteration  75: ||V_upper^k - V_upper^k-1||_inf = 0.00000000000000000000, ||V_lower^k - V_lower^k-1||_inf = 0.00277422131938843963, delta^k = -0.00277422131938843963
    Local Iteration  76: ||V_upper^k - V_upper^k-1||_inf = 0.00000000000000000000, ||V_lower^k - V_lower^k-1||_inf = 0.00266325246661290593, delta^k = -0.00266325246661290593
    Local Iteration  77: ||V_upper^k - V_upper^k-1||_inf = 0.00000000000000000000, ||V_lower^k - V_lower^k-1||_inf = 0.00255672236794838442, delta^k = -0.00255672236794838442
    Local Iteration  78: ||V_upper^k - V_upper^k-1||_inf = 0.00000000000000000000, ||V_lower^k - V_lower^k-1||_inf = 0.00245445347323045016, delta^k = -0.00245445347323045016
    Local Iteration  79: ||V_upper^k - V_upper^k-1||_inf = 0.00000000000000000000, ||V_lower^k - V_lower^k-1||_inf = 0.00235627533430123048, delta^k = -0.00235627533430123048
    Local Iteration  80: ||V_upper^k - V_upper^k-1||_inf = 0.00000000000000000000, ||V_lower^k - V_lower^k-1||_inf = 0.00226202432092918043, delta^k = -0.00226202432092918043
    Local Iteration  81: ||V_upper^k - V_upper^k-1||_inf = 0.00000000000000000000, ||V_lower^k - V_lower^k-1||_inf = 0.00217154334809201849, delta^k = -0.00217154334809201849
    Local Iteration  82: ||V_upper^k - V_upper^k-1||_inf = 0.00000000000000000000, ||V_lower^k - V_lower^k-1||_inf = 0.00208468161416833220, delta^k = -0.00208468161416833220
    Local Iteration  83: ||V_upper^k - V_upper^k-1||_inf = 0.00000000000000000000, ||V_lower^k - V_lower^k-1||_inf = 0.00200129434960159835, delta^k = -0.00200129434960159835
    Local Iteration  84: ||V_upper^k - V_upper^k-1||_inf = 0.00000000000000000000, ||V_lower^k - V_lower^k-1||_inf = 0.00192124257561753636, delta^k = -0.00192124257561753636
    Local Iteration  85: ||V_upper^k - V_upper^k-1||_inf = 0.00000000000000000000, ||V_lower^k - V_lower^k-1||_inf = 0.00184439287259283852, delta^k = -0.00184439287259283852
    Local Iteration  86: ||V_upper^k - V_upper^k-1||_inf = 0.00000000000000000000, ||V_lower^k - V_lower^k-1||_inf = 0.00177061715768912081, delta^k = -0.00177061715768912081
    Local Iteration  87: ||V_upper^k - V_upper^k-1||_inf = 0.00000000000000000000, ||V_lower^k - V_lower^k-1||_inf = 0.00169979247138155737, delta^k = -0.00169979247138155737
    Local Iteration  88: ||V_upper^k - V_upper^k-1||_inf = 0.00000000000000000000, ||V_lower^k - V_lower^k-1||_inf = 0.00163180077252629563, delta^k = -0.00163180077252629563
    Local Iteration  89: ||V_upper^k - V_upper^k-1||_inf = 0.00000000000000000000, ||V_lower^k - V_lower^k-1||_inf = 0.00156652874162524491, delta^k = -0.00156652874162524491
    Local Iteration  90: ||V_upper^k - V_upper^k-1||_inf = 0.00000000000000000000, ||V_lower^k - V_lower^k-1||_inf = 0.00150386759196023678, delta^k = -0.00150386759196023678
    Local Iteration  91: ||V_upper^k - V_upper^k-1||_inf = 0.00000000000000000000, ||V_lower^k - V_lower^k-1||_inf = 0.00144371288828182287, delta^k = -0.00144371288828182287
    Local Iteration  92: ||V_upper^k - V_upper^k-1||_inf = 0.00000000000000000000, ||V_lower^k - V_lower^k-1||_inf = 0.00138596437275054912, delta^k = -0.00138596437275054912
    Local Iteration  93: ||V_upper^k - V_upper^k-1||_inf = 0.00000000000000000000, ||V_lower^k - V_lower^k-1||_inf = 0.00133052579784052882, delta^k = -0.00133052579784052882
    Local Iteration  94: ||V_upper^k - V_upper^k-1||_inf = 0.00000000000000000000, ||V_lower^k - V_lower^k-1||_inf = 0.00127730476592690864, delta^k = -0.00127730476592690864
    Local Iteration  95: ||V_upper^k - V_upper^k-1||_inf = 0.00000000000000000000, ||V_lower^k - V_lower^k-1||_inf = 0.00122621257528983049, delta^k = -0.00122621257528983049
    Local Iteration  96: ||V_upper^k - V_upper^k-1||_inf = 0.00000000000000000000, ||V_lower^k - V_lower^k-1||_inf = 0.00117716407227823686, delta^k = -0.00117716407227823686
    Local Iteration  97: ||V_upper^k - V_upper^k-1||_inf = 0.00000000000000000000, ||V_lower^k - V_lower^k-1||_inf = 0.00113007750938710905, delta^k = -0.00113007750938710905
    Local Iteration  98: ||V_upper^k - V_upper^k-1||_inf = 0.00000000000000000000, ||V_lower^k - V_lower^k-1||_inf = 0.00108487440901162274, delta^k = -0.00108487440901162274
    Local Iteration  99: ||V_upper^k - V_upper^k-1||_inf = 0.00000000000000000000, ||V_lower^k - V_lower^k-1||_inf = 0.00104147943265115936, delta^k = -0.00104147943265115936
    Local Iteration 100: ||V_upper^k - V_upper^k-1||_inf = 0.00000000000000000000, ||V_lower^k - V_lower^k-1||_inf = 0.00099982025534511160, delta^k = -0.00099982025534511160
    Local Iteration 101: ||V_upper^k - V_upper^k-1||_inf = 0.00000000000000000000, ||V_lower^k - V_lower^k-1||_inf = 0.00095982744513130672, delta^k = -0.00095982744513130672
    Local Iteration 102: ||V_upper^k - V_upper^k-1||_inf = 0.00000000000000000000, ||V_lower^k - V_lower^k-1||_inf = 0.00092143434732605556, delta^k = -0.00092143434732605556
    Local Iteration 103: ||V_upper^k - V_upper^k-1||_inf = 0.00000000000000000000, ||V_lower^k - V_lower^k-1||_inf = 0.00088457697343301278, delta^k = -0.00088457697343301278
    Local Iteration 104: ||V_upper^k - V_upper^k-1||_inf = 0.00000000000000000000, ||V_lower^k - V_lower^k-1||_inf = 0.00084919389449569435, delta^k = -0.00084919389449569435
    Local Iteration 105: ||V_upper^k - V_upper^k-1||_inf = 0.00000000000000000000, ||V_lower^k - V_lower^k-1||_inf = 0.00081522613871586394, delta^k = -0.00081522613871586394
    Local Iteration 106: ||V_upper^k - V_upper^k-1||_inf = 0.00000000000000000000, ||V_lower^k - V_lower^k-1||_inf = 0.00078261709316723022, delta^k = -0.00078261709316723022
    Local Iteration 107: ||V_upper^k - V_upper^k-1||_inf = 0.00000000000000000000, ||V_lower^k - V_lower^k-1||_inf = 0.00075131240944054101, delta^k = -0.00075131240944054101
    Local Iteration 108: ||V_upper^k - V_upper^k-1||_inf = 0.00000000000000000000, ||V_lower^k - V_lower^k-1||_inf = 0.00072125991306291881, delta^k = -0.00072125991306291881
    Local Iteration 109: ||V_upper^k - V_upper^k-1||_inf = 0.00000000000000000000, ||V_lower^k - V_lower^k-1||_inf = 0.00069240951654040220, delta^k = -0.00069240951654040220
    Local Iteration 110: ||V_upper^k - V_upper^k-1||_inf = 0.00000000000000000000, ||V_lower^k - V_lower^k-1||_inf = 0.00066471313587878819, delta^k = -0.00066471313587878819
    Local Iteration 111: ||V_upper^k - V_upper^k-1||_inf = 0.00000000000000000000, ||V_lower^k - V_lower^k-1||_inf = 0.00063812461044363521, delta^k = -0.00063812461044363521
    Local Iteration 112: ||V_upper^k - V_upper^k-1||_inf = 0.00000000000000000000, ||V_lower^k - V_lower^k-1||_inf = 0.00061259962602588924, delta^k = -0.00061259962602588924
    Local Iteration 113: ||V_upper^k - V_upper^k-1||_inf = 0.00000000000000000000, ||V_lower^k - V_lower^k-1||_inf = 0.00058809564098485402, delta^k = -0.00058809564098485402
    Local Iteration 114: ||V_upper^k - V_upper^k-1||_inf = 0.00000000000000000000, ||V_lower^k - V_lower^k-1||_inf = 0.00056457181534545937, delta^k = -0.00056457181534545937
    Local Iteration 115: ||V_upper^k - V_upper^k-1||_inf = 0.00000000000000000000, ||V_lower^k - V_lower^k-1||_inf = 0.00054198894273164121, delta^k = -0.00054198894273164121
    Local Iteration 116: ||V_upper^k - V_upper^k-1||_inf = 0.00000000000000000000, ||V_lower^k - V_lower^k-1||_inf = 0.00052030938502237688, delta^k = -0.00052030938502237688
    Local Iteration 117: ||V_upper^k - V_upper^k-1||_inf = 0.00000000000000000000, ||V_lower^k - V_lower^k-1||_inf = 0.00049949700962148048, delta^k = -0.00049949700962148048
    Local Iteration 118: ||V_upper^k - V_upper^k-1||_inf = 0.00000000000000000000, ||V_lower^k - V_lower^k-1||_inf = 0.00047951712923662189, delta^k = -0.00047951712923662189
    Local Iteration 119: ||V_upper^k - V_upper^k-1||_inf = 0.00000000000000000000, ||V_lower^k - V_lower^k-1||_inf = 0.00046033644406715674, delta^k = -0.00046033644406715674
    Local Iteration 120: ||V_upper^k - V_upper^k-1||_inf = 0.00000000000000000000, ||V_lower^k - V_lower^k-1||_inf = 0.00044192298630447123, delta^k = -0.00044192298630447123
    Local Iteration 121: ||V_upper^k - V_upper^k-1||_inf = 0.00000000000000000000, ||V_lower^k - V_lower^k-1||_inf = 0.00042424606685229245, delta^k = -0.00042424606685229245
    Local Iteration 122: ||V_upper^k - V_upper^k-1||_inf = 0.00000000000000000000, ||V_lower^k - V_lower^k-1||_inf = 0.00040727622417820013, delta^k = -0.00040727622417820013
    Local Iteration 123: ||V_upper^k - V_upper^k-1||_inf = 0.00000000000000000000, ||V_lower^k - V_lower^k-1||_inf = 0.00039098517521107129, delta^k = -0.00039098517521107129
    Local Iteration 124: ||V_upper^k - V_upper^k-1||_inf = 0.00000000000000000000, ||V_lower^k - V_lower^k-1||_inf = 0.00037534576820262913, delta^k = -0.00037534576820262913
    Local Iteration 125: ||V_upper^k - V_upper^k-1||_inf = 0.00000000000000000000, ||V_lower^k - V_lower^k-1||_inf = 0.00036033193747452355, delta^k = -0.00036033193747452355
    Local Iteration 126: ||V_upper^k - V_upper^k-1||_inf = 0.00000000000000000000, ||V_lower^k - V_lower^k-1||_inf = 0.00034591865997554358, delta^k = -0.00034591865997554358
    Local Iteration 127: ||V_upper^k - V_upper^k-1||_inf = 0.00000000000000000000, ||V_lower^k - V_lower^k-1||_inf = 0.00033208191357652142, delta^k = -0.00033208191357652142
    Local Iteration 128: ||V_upper^k - V_upper^k-1||_inf = 0.00000000000000000000, ||V_lower^k - V_lower^k-1||_inf = 0.00031879863703346018, delta^k = -0.00031879863703346018
    Local Iteration 129: ||V_upper^k - V_upper^k-1||_inf = 0.00000000000000000000, ||V_lower^k - V_lower^k-1||_inf = 0.00030604669155212191, delta^k = -0.00030604669155212191
    Local Iteration 130: ||V_upper^k - V_upper^k-1||_inf = 0.00000000000000000000, ||V_lower^k - V_lower^k-1||_inf = 0.00029380482389003686, delta^k = -0.00029380482389003686
    Local Iteration 131: ||V_upper^k - V_upper^k-1||_inf = 0.00000000000000000000, ||V_lower^k - V_lower^k-1||_inf = 0.00028205263093443542, delta^k = -0.00028205263093443542
    Local Iteration 132: ||V_upper^k - V_upper^k-1||_inf = 0.00000000000000000000, ||V_lower^k - V_lower^k-1||_inf = 0.00027077052569705797, delta^k = -0.00027077052569705797
    Local Iteration 133: ||V_upper^k - V_upper^k-1||_inf = 0.00000000000000000000, ||V_lower^k - V_lower^k-1||_inf = 0.00025993970466917614, delta^k = -0.00025993970466917614
    Local Iteration 134: ||V_upper^k - V_upper^k-1||_inf = 0.00000000000000000000, ||V_lower^k - V_lower^k-1||_inf = 0.00024954211648240895, delta^k = -0.00024954211648240895
    Local Iteration 135: ||V_upper^k - V_upper^k-1||_inf = 0.00000000000000000000, ||V_lower^k - V_lower^k-1||_inf = 0.00023956043182311263, delta^k = -0.00023956043182311263
    Local Iteration 136: ||V_upper^k - V_upper^k-1||_inf = 0.00000000000000000000, ||V_lower^k - V_lower^k-1||_inf = 0.00022997801455018792, delta^k = -0.00022997801455018792
    Local Iteration 137: ||V_upper^k - V_upper^k-1||_inf = 0.00000000000000000000, ||V_lower^k - V_lower^k-1||_inf = 0.00022077889396818033, delta^k = -0.00022077889396818033
    Local Iteration 138: ||V_upper^k - V_upper^k-1||_inf = 0.00000000000000000000, ||V_lower^k - V_lower^k-1||_inf = 0.00021194773820945329, delta^k = -0.00021194773820945329
    Local Iteration 139: ||V_upper^k - V_upper^k-1||_inf = 0.00000000000000000000, ||V_lower^k - V_lower^k-1||_inf = 0.00020346982868107467, delta^k = -0.00020346982868107467
    Local Iteration 140: ||V_upper^k - V_upper^k-1||_inf = 0.00000000000000000000, ||V_lower^k - V_lower^k-1||_inf = 0.00019533103553383193, delta^k = -0.00019533103553383193
    Local Iteration 141: ||V_upper^k - V_upper^k-1||_inf = 0.00000000000000000000, ||V_lower^k - V_lower^k-1||_inf = 0.00018751779411247879, delta^k = -0.00018751779411247879
    Local Iteration 142: ||V_upper^k - V_upper^k-1||_inf = 0.00000000000000000000, ||V_lower^k - V_lower^k-1||_inf = 0.00018001708234797933, delta^k = -0.00018001708234797933
    Local Iteration 143: ||V_upper^k - V_upper^k-1||_inf = 0.00000000000000000000, ||V_lower^k - V_lower^k-1||_inf = 0.00017281639905406074, delta^k = -0.00017281639905406074
    Local Iteration 144: ||V_upper^k - V_upper^k-1||_inf = 0.00000000000000000000, ||V_lower^k - V_lower^k-1||_inf = 0.00016590374309189814, delta^k = -0.00016590374309189814
    Local Iteration 145: ||V_upper^k - V_upper^k-1||_inf = 0.00000000000000000000, ||V_lower^k - V_lower^k-1||_inf = 0.00015926759336822201, delta^k = -0.00015926759336822201
    Local Iteration 146: ||V_upper^k - V_upper^k-1||_inf = 0.00000000000000000000, ||V_lower^k - V_lower^k-1||_inf = 0.00015289688963349320, delta^k = -0.00015289688963349320
    Local Iteration 147: ||V_upper^k - V_upper^k-1||_inf = 0.00000000000000000000, ||V_lower^k - V_lower^k-1||_inf = 0.00014678101404815361, delta^k = -0.00014678101404815361
    Local Iteration 148: ||V_upper^k - V_upper^k-1||_inf = 0.00000000000000000000, ||V_lower^k - V_lower^k-1||_inf = 0.00014090977348622715, delta^k = -0.00014090977348622715
    Local Iteration 149: ||V_upper^k - V_upper^k-1||_inf = 0.00000000000000000000, ||V_lower^k - V_lower^k-1||_inf = 0.00013527338254677810, delta^k = -0.00013527338254677810
    Local Iteration 150: ||V_upper^k - V_upper^k-1||_inf = 0.00000000000000000000, ||V_lower^k - V_lower^k-1||_inf = 0.00012986244724490703, delta^k = -0.00012986244724490703
    Local Iteration 151: ||V_upper^k - V_upper^k-1||_inf = 0.00000000000000000000, ||V_lower^k - V_lower^k-1||_inf = 0.00012466794935511076, delta^k = -0.00012466794935511076
    Local Iteration 152: ||V_upper^k - V_upper^k-1||_inf = 0.00000000000000000000, ||V_lower^k - V_lower^k-1||_inf = 0.00011968123138090658, delta^k = -0.00011968123138090658
    Local Iteration 153: ||V_upper^k - V_upper^k-1||_inf = 0.00000000000000000000, ||V_lower^k - V_lower^k-1||_inf = 0.00011489398212567031, delta^k = -0.00011489398212567031
    Local Iteration 154: ||V_upper^k - V_upper^k-1||_inf = 0.00000000000000000000, ||V_lower^k - V_lower^k-1||_inf = 0.00011029822284064350, delta^k = -0.00011029822284064350
    Local Iteration 155: ||V_upper^k - V_upper^k-1||_inf = 0.00000000000000000000, ||V_lower^k - V_lower^k-1||_inf = 0.00010588629392701762, delta^k = -0.00010588629392701762
    Local Iteration 156: ||V_upper^k - V_upper^k-1||_inf = 0.00000000000000000000, ||V_lower^k - V_lower^k-1||_inf = 0.00010165084216993666, delta^k = -0.00010165084216993666
    Local Iteration 157: ||V_upper^k - V_upper^k-1||_inf = 0.00000000000000000000, ||V_lower^k - V_lower^k-1||_inf = 0.00009758480848313933, delta^k = -0.00009758480848313933
    Local Iteration 158: ||V_upper^k - V_upper^k-1||_inf = 0.00000000000000000000, ||V_lower^k - V_lower^k-1||_inf = 0.00009368141614381383, delta^k = -0.00009368141614381383
    Local Iteration 159: ||V_upper^k - V_upper^k-1||_inf = 0.00000000000000000000, ||V_lower^k - V_lower^k-1||_inf = 0.00008993415949806131, delta^k = -0.00008993415949806131
    Local Iteration 160: ||V_upper^k - V_upper^k-1||_inf = 0.00000000000000000000, ||V_lower^k - V_lower^k-1||_inf = 0.00008633679311813866, delta^k = -0.00008633679311813866
    Local Iteration 161: ||V_upper^k - V_upper^k-1||_inf = 0.00000000000000000000, ||V_lower^k - V_lower^k-1||_inf = 0.00008288332139341336, delta^k = -0.00008288332139341336
    Local Iteration 162: ||V_upper^k - V_upper^k-1||_inf = 0.00000000000000000000, ||V_lower^k - V_lower^k-1||_inf = 0.00007956798853767664, delta^k = -0.00007956798853767664
    Local Iteration 163: ||V_upper^k - V_upper^k-1||_inf = 0.00000000000000000000, ||V_lower^k - V_lower^k-1||_inf = 0.00007638526899616952, delta^k = -0.00007638526899616952
    Local Iteration 164: ||V_upper^k - V_upper^k-1||_inf = 0.00000000000000000000, ||V_lower^k - V_lower^k-1||_inf = 0.00007332985823632274, delta^k = -0.00007332985823632274
    Local Iteration 165: ||V_upper^k - V_upper^k-1||_inf = 0.00000000000000000000, ||V_lower^k - V_lower^k-1||_inf = 0.00007039666390686993, delta^k = -0.00007039666390686993
    Local Iteration 166: ||V_upper^k - V_upper^k-1||_inf = 0.00000000000000000000, ||V_lower^k - V_lower^k-1||_inf = 0.00006758079735059508, delta^k = -0.00006758079735059508
    Local Iteration 167: ||V_upper^k - V_upper^k-1||_inf = 0.00000000000000000000, ||V_lower^k - V_lower^k-1||_inf = 0.00006487756545657140, delta^k = -0.00006487756545657140
    Local Iteration 168: ||V_upper^k - V_upper^k-1||_inf = 0.00000000000000000000, ||V_lower^k - V_lower^k-1||_inf = 0.00006228246283830835, delta^k = -0.00006228246283830835
    Local Iteration 169: ||V_upper^k - V_upper^k-1||_inf = 0.00000000000000000000, ||V_lower^k - V_lower^k-1||_inf = 0.00005979116432477602, delta^k = -0.00005979116432477602
    Local Iteration 170: ||V_upper^k - V_upper^k-1||_inf = 0.00000000000000000000, ||V_lower^k - V_lower^k-1||_inf = 0.00005739951775178510, delta^k = -0.00005739951775178510
    Local Iteration 171: ||V_upper^k - V_upper^k-1||_inf = 0.00000000000000000000, ||V_lower^k - V_lower^k-1||_inf = 0.00005510353704171376, delta^k = -0.00005510353704171376
    Local Iteration 172: ||V_upper^k - V_upper^k-1||_inf = 0.00000000000000000000, ||V_lower^k - V_lower^k-1||_inf = 0.00005289939556004514, delta^k = -0.00005289939556004514
    Local Iteration 173: ||V_upper^k - V_upper^k-1||_inf = 0.00000000000000000000, ||V_lower^k - V_lower^k-1||_inf = 0.00005078341973764329, delta^k = -0.00005078341973764329
    Local Iteration 174: ||V_upper^k - V_upper^k-1||_inf = 0.00000000000000000000, ||V_lower^k - V_lower^k-1||_inf = 0.00004875208294813750, delta^k = -0.00004875208294813750
    Local Iteration 175: ||V_upper^k - V_upper^k-1||_inf = 0.00000000000000000000, ||V_lower^k - V_lower^k-1||_inf = 0.00004680199963021212, delta^k = -0.00004680199963021212
    Local Iteration 176: ||V_upper^k - V_upper^k-1||_inf = 0.00000000000000000000, ||V_lower^k - V_lower^k-1||_inf = 0.00004492991964500357, delta^k = -0.00004492991964500357
    Local Iteration 177: ||V_upper^k - V_upper^k-1||_inf = 0.00000000000000000000, ||V_lower^k - V_lower^k-1||_inf = 0.00004313272285920346, delta^k = -0.00004313272285920346
    Local Iteration 178: ||V_upper^k - V_upper^k-1||_inf = 0.00000000000000000000, ||V_lower^k - V_lower^k-1||_inf = 0.00004140741394483526, delta^k = -0.00004140741394483526
    Local Iteration 179: ||V_upper^k - V_upper^k-1||_inf = 0.00000000000000000000, ||V_lower^k - V_lower^k-1||_inf = 0.00003975111738704191, delta^k = -0.00003975111738704191
    Local Iteration 180: ||V_upper^k - V_upper^k-1||_inf = 0.00000000000000000000, ||V_lower^k - V_lower^k-1||_inf = 0.00003816107269156023, delta^k = -0.00003816107269156023
    Local Iteration 181: ||V_upper^k - V_upper^k-1||_inf = 0.00000000000000000000, ||V_lower^k - V_lower^k-1||_inf = 0.00003663462978389779, delta^k = -0.00003663462978389779
    Local Iteration 182: ||V_upper^k - V_upper^k-1||_inf = 0.00000000000000000000, ||V_lower^k - V_lower^k-1||_inf = 0.00003516924459254190, delta^k = -0.00003516924459254190
    Local Iteration 183: ||V_upper^k - V_upper^k-1||_inf = 0.00000000000000000000, ||V_lower^k - V_lower^k-1||_inf = 0.00003376247480884025, delta^k = -0.00003376247480884025
    Local Iteration 184: ||V_upper^k - V_upper^k-1||_inf = 0.00000000000000000000, ||V_lower^k - V_lower^k-1||_inf = 0.00003241197581648663, delta^k = -0.00003241197581648663
    Local Iteration 185: ||V_upper^k - V_upper^k-1||_inf = 0.00000000000000000000, ||V_lower^k - V_lower^k-1||_inf = 0.00003111549678382714, delta^k = -0.00003111549678382714
    Local Iteration 186: ||V_upper^k - V_upper^k-1||_inf = 0.00000000000000000000, ||V_lower^k - V_lower^k-1||_inf = 0.00002987087691247404, delta^k = -0.00002987087691247404
    Local Iteration 187: ||V_upper^k - V_upper^k-1||_inf = 0.00000000000000000000, ||V_lower^k - V_lower^k-1||_inf = 0.00002867604183597505, delta^k = -0.00002867604183597505
    Local Iteration 188: ||V_upper^k - V_upper^k-1||_inf = 0.00000000000000000000, ||V_lower^k - V_lower^k-1||_inf = 0.00002752900016253610, delta^k = -0.00002752900016253610
    Local Iteration 189: ||V_upper^k - V_upper^k-1||_inf = 0.00000000000000000000, ||V_lower^k - V_lower^k-1||_inf = 0.00002642784015603468, delta^k = -0.00002642784015603468
    Local Iteration 190: ||V_upper^k - V_upper^k-1||_inf = 0.00000000000000000000, ||V_lower^k - V_lower^k-1||_inf = 0.00002537072654979324, delta^k = -0.00002537072654979324
    Local Iteration 191: ||V_upper^k - V_upper^k-1||_inf = 0.00000000000000000000, ||V_lower^k - V_lower^k-1||_inf = 0.00002435589748780152, delta^k = -0.00002435589748780152
    Local Iteration 192: ||V_upper^k - V_upper^k-1||_inf = 0.00000000000000000000, ||V_lower^k - V_lower^k-1||_inf = 0.00002338166158828941, delta^k = -0.00002338166158828941
    Local Iteration 193: ||V_upper^k - V_upper^k-1||_inf = 0.00000000000000000000, ||V_lower^k - V_lower^k-1||_inf = 0.00002244639512475786, delta^k = -0.00002244639512475786
    Local Iteration 194: ||V_upper^k - V_upper^k-1||_inf = 0.00000000000000000000, ||V_lower^k - V_lower^k-1||_inf = 0.00002154853931976759, delta^k = -0.00002154853931976759
    Local Iteration 195: ||V_upper^k - V_upper^k-1||_inf = 0.00000000000000000000, ||V_lower^k - V_lower^k-1||_inf = 0.00002068659774697682, delta^k = -0.00002068659774697682
    Local Iteration 196: ||V_upper^k - V_upper^k-1||_inf = 0.00000000000000000000, ||V_lower^k - V_lower^k-1||_inf = 0.00001985913383709782, delta^k = -0.00001985913383709782
    Local Iteration 197: ||V_upper^k - V_upper^k-1||_inf = 0.00000000000000000000, ||V_lower^k - V_lower^k-1||_inf = 0.00001906476848361388, delta^k = -0.00001906476848361388
    Local Iteration 198: ||V_upper^k - V_upper^k-1||_inf = 0.00000000000000000000, ||V_lower^k - V_lower^k-1||_inf = 0.00001830217774426932, delta^k = -0.00001830217774426932
    Local Iteration 199: ||V_upper^k - V_upper^k-1||_inf = 0.00000000000000000000, ||V_lower^k - V_lower^k-1||_inf = 0.00001757009063449856, delta^k = -0.00001757009063449856
    Local Iteration 200: ||V_upper^k - V_upper^k-1||_inf = 0.00000000000000000000, ||V_lower^k - V_lower^k-1||_inf = 0.00001686728700911862, delta^k = -0.00001686728700911862
    Local Iteration 201: ||V_upper^k - V_upper^k-1||_inf = 0.00000000000000000000, ||V_lower^k - V_lower^k-1||_inf = 0.00001619259552875386, delta^k = -0.00001619259552875386
    Local Iteration 202: ||V_upper^k - V_upper^k-1||_inf = 0.00000000000000000000, ||V_lower^k - V_lower^k-1||_inf = 0.00001554489170760368, delta^k = -0.00001554489170760368
    Local Iteration 203: ||V_upper^k - V_upper^k-1||_inf = 0.00000000000000000000, ||V_lower^k - V_lower^k-1||_inf = 0.00001492309603929958, delta^k = -0.00001492309603929958
    Local Iteration 204: ||V_upper^k - V_upper^k-1||_inf = 0.00000000000000000000, ||V_lower^k - V_lower^k-1||_inf = 0.00001432617219772759, delta^k = -0.00001432617219772759
    Local Iteration 205: ||V_upper^k - V_upper^k-1||_inf = 0.00000000000000000000, ||V_lower^k - V_lower^k-1||_inf = 0.00001375312530981849, delta^k = -0.00001375312530981849
    Local Iteration 206: ||V_upper^k - V_upper^k-1||_inf = 0.00000000000000000000, ||V_lower^k - V_lower^k-1||_inf = 0.00001320300029742576, delta^k = -0.00001320300029742576
    Local Iteration 207: ||V_upper^k - V_upper^k-1||_inf = 0.00000000000000000000, ||V_lower^k - V_lower^k-1||_inf = 0.00001267488028552872, delta^k = -0.00001267488028552872
    Local Iteration 208: ||V_upper^k - V_upper^k-1||_inf = 0.00000000000000000000, ||V_lower^k - V_lower^k-1||_inf = 0.00001216788507410753, delta^k = -0.00001216788507410753
    Local Iteration 209: ||V_upper^k - V_upper^k-1||_inf = 0.00000000000000000000, ||V_lower^k - V_lower^k-1||_inf = 0.00001168116967114328, delta^k = -0.00001168116967114328
    Local Iteration 210: ||V_upper^k - V_upper^k-1||_inf = 0.00000000000000000000, ||V_lower^k - V_lower^k-1||_inf = 0.00001121392288429751, delta^k = -0.00001121392288429751
    Local Iteration 211: ||V_upper^k - V_upper^k-1||_inf = 0.00000000000000000000, ||V_lower^k - V_lower^k-1||_inf = 0.00001076536596892561, delta^k = -0.00001076536596892561
    Local Iteration 212: ||V_upper^k - V_upper^k-1||_inf = 0.00000000000000000000, ||V_lower^k - V_lower^k-1||_inf = 0.00001033475133016857, delta^k = -0.00001033475133016857
    Local Iteration 213: ||V_upper^k - V_upper^k-1||_inf = 0.00000000000000000000, ||V_lower^k - V_lower^k-1||_inf = 0.00000992136127696185, delta^k = -0.00000992136127696185
    Local Iteration 214: ||V_upper^k - V_upper^k-1||_inf = 0.00000000000000000000, ||V_lower^k - V_lower^k-1||_inf = 0.00000952450682588338, delta^k = -0.00000952450682588338
    Local Iteration 215: ||V_upper^k - V_upper^k-1||_inf = 0.00000000000000000000, ||V_lower^k - V_lower^k-1||_inf = 0.00000914352655284804, delta^k = -0.00000914352655284804
    Local Iteration 216: ||V_upper^k - V_upper^k-1||_inf = 0.00000000000000000000, ||V_lower^k - V_lower^k-1||_inf = 0.00000877778549073413, delta^k = -0.00000877778549073413
    Local Iteration 217: ||V_upper^k - V_upper^k-1||_inf = 0.00000000000000000000, ||V_lower^k - V_lower^k-1||_inf = 0.00000842667407110475, delta^k = -0.00000842667407110475
    Local Iteration 218: ||V_upper^k - V_upper^k-1||_inf = 0.00000000000000000000, ||V_lower^k - V_lower^k-1||_inf = 0.00000808960710826055, delta^k = -0.00000808960710826055
    Local Iteration 219: ||V_upper^k - V_upper^k-1||_inf = 0.00000000000000000000, ||V_lower^k - V_lower^k-1||_inf = 0.00000776602282393014, delta^k = -0.00000776602282393014
    Local Iteration 220: ||V_upper^k - V_upper^k-1||_inf = 0.00000000000000000000, ||V_lower^k - V_lower^k-1||_inf = 0.00000745538191097294, delta^k = -0.00000745538191097294
    Local Iteration 221: ||V_upper^k - V_upper^k-1||_inf = 0.00000000000000000000, ||V_lower^k - V_lower^k-1||_inf = 0.00000715716663453401, delta^k = -0.00000715716663453401
    Local Iteration 222: ||V_upper^k - V_upper^k-1||_inf = 0.00000000000000000000, ||V_lower^k - V_lower^k-1||_inf = 0.00000687087996915266, delta^k = -0.00000687087996915266
    Local Iteration 223: ||V_upper^k - V_upper^k-1||_inf = 0.00000000000000000000, ||V_lower^k - V_lower^k-1||_inf = 0.00000659604477038655, delta^k = -0.00000659604477038655
    Local Iteration 224: ||V_upper^k - V_upper^k-1||_inf = 0.00000000000000000000, ||V_lower^k - V_lower^k-1||_inf = 0.00000633220297957109, delta^k = -0.00000633220297957109
    Local Iteration 225: ||V_upper^k - V_upper^k-1||_inf = 0.00000000000000000000, ||V_lower^k - V_lower^k-1||_inf = 0.00000607891486038823, delta^k = -0.00000607891486038823
    Local Iteration 226: ||V_upper^k - V_upper^k-1||_inf = 0.00000000000000000000, ||V_lower^k - V_lower^k-1||_inf = 0.00000583575826597270, delta^k = -0.00000583575826597270
    Local Iteration 227: ||V_upper^k - V_upper^k-1||_inf = 0.00000000000000000000, ||V_lower^k - V_lower^k-1||_inf = 0.00000560232793533381, delta^k = -0.00000560232793533381
    Local Iteration 228: ||V_upper^k - V_upper^k-1||_inf = 0.00000000000000000000, ||V_lower^k - V_lower^k-1||_inf = 0.00000537823481792045, delta^k = -0.00000537823481792045
    Local Iteration 229: ||V_upper^k - V_upper^k-1||_inf = 0.00000000000000000000, ||V_lower^k - V_lower^k-1||_inf = 0.00000516310542520365, delta^k = -0.00000516310542520365
    Local Iteration 230: ||V_upper^k - V_upper^k-1||_inf = 0.00000000000000000000, ||V_lower^k - V_lower^k-1||_inf = 0.00000495658120819549, delta^k = -0.00000495658120819549
    Local Iteration 231: ||V_upper^k - V_upper^k-1||_inf = 0.00000000000000000000, ||V_lower^k - V_lower^k-1||_inf = 0.00000475831795986767, delta^k = -0.00000475831795986767
    Local Iteration 232: ||V_upper^k - V_upper^k-1||_inf = 0.00000000000000000000, ||V_lower^k - V_lower^k-1||_inf = 0.00000456798524147296, delta^k = -0.00000456798524147296
    Local Iteration 233: ||V_upper^k - V_upper^k-1||_inf = 0.00000000000000000000, ||V_lower^k - V_lower^k-1||_inf = 0.00000438526583181405, delta^k = -0.00000438526583181405
    Local Iteration 234: ||V_upper^k - V_upper^k-1||_inf = 0.00000000000000000000, ||V_lower^k - V_lower^k-1||_inf = 0.00000420985519854149, delta^k = -0.00000420985519854149
    Local Iteration 235: ||V_upper^k - V_upper^k-1||_inf = 0.00000000000000000000, ||V_lower^k - V_lower^k-1||_inf = 0.00000404146099059982, delta^k = -0.00000404146099059982
    Local Iteration 236: ||V_upper^k - V_upper^k-1||_inf = 0.00000000000000000000, ||V_lower^k - V_lower^k-1||_inf = 0.00000387980255097582, delta^k = -0.00000387980255097582
    Local Iteration 237: ||V_upper^k - V_upper^k-1||_inf = 0.00000000000000000000, ||V_lower^k - V_lower^k-1||_inf = 0.00000372461044893680, delta^k = -0.00000372461044893680
    Local Iteration 238: ||V_upper^k - V_upper^k-1||_inf = 0.00000000000000000000, ||V_lower^k - V_lower^k-1||_inf = 0.00000357562603097933, delta^k = -0.00000357562603097933
    Local Iteration 239: ||V_upper^k - V_upper^k-1||_inf = 0.00000000000000000000, ||V_lower^k - V_lower^k-1||_inf = 0.00000343260098974016, delta^k = -0.00000343260098974016
    Local Iteration 240: ||V_upper^k - V_upper^k-1||_inf = 0.00000000000000000000, ||V_lower^k - V_lower^k-1||_inf = 0.00000329529695015055, delta^k = -0.00000329529695015055
    Local Iteration 241: ||V_upper^k - V_upper^k-1||_inf = 0.00000000000000000000, ||V_lower^k - V_lower^k-1||_inf = 0.00000316348507214452, delta^k = -0.00000316348507214452
    Local Iteration 242: ||V_upper^k - V_upper^k-1||_inf = 0.00000000000000000000, ||V_lower^k - V_lower^k-1||_inf = 0.00000303694566925874, delta^k = -0.00000303694566925874
    Local Iteration 243: ||V_upper^k - V_upper^k-1||_inf = 0.00000000000000000000, ||V_lower^k - V_lower^k-1||_inf = 0.00000291546784248839, delta^k = -0.00000291546784248839
    Local Iteration 244: ||V_upper^k - V_upper^k-1||_inf = 0.00000000000000000000, ||V_lower^k - V_lower^k-1||_inf = 0.00000279884912878886, delta^k = -0.00000279884912878886
    Local Iteration 245: ||V_upper^k - V_upper^k-1||_inf = 0.00000000000000000000, ||V_lower^k - V_lower^k-1||_inf = 0.00000268689516363730, delta^k = -0.00000268689516363730
    Local Iteration 246: ||V_upper^k - V_upper^k-1||_inf = 0.00000000000000000000, ||V_lower^k - V_lower^k-1||_inf = 0.00000257941935709181, delta^k = -0.00000257941935709181
    Local Iteration 247: ||V_upper^k - V_upper^k-1||_inf = 0.00000000000000000000, ||V_lower^k - V_lower^k-1||_inf = 0.00000247624258280814, delta^k = -0.00000247624258280814
    Local Iteration 248: ||V_upper^k - V_upper^k-1||_inf = 0.00000000000000000000, ||V_lower^k - V_lower^k-1||_inf = 0.00000237719287949581, delta^k = -0.00000237719287949581
    Local Iteration 249: ||V_upper^k - V_upper^k-1||_inf = 0.00000000000000000000, ||V_lower^k - V_lower^k-1||_inf = 0.00000228210516431598, delta^k = -0.00000228210516431598
    Local Iteration 250: ||V_upper^k - V_upper^k-1||_inf = 0.00000000000000000000, ||V_lower^k - V_lower^k-1||_inf = 0.00000219082095774334, delta^k = -0.00000219082095774334
    Local Iteration 251: ||V_upper^k - V_upper^k-1||_inf = 0.00000000000000000000, ||V_lower^k - V_lower^k-1||_inf = 0.00000210318811943361, delta^k = -0.00000210318811943361
    Local Iteration 252: ||V_upper^k - V_upper^k-1||_inf = 0.00000000000000000000, ||V_lower^k - V_lower^k-1||_inf = 0.00000201906059465626, delta^k = -0.00000201906059465626
    Local Iteration 253: ||V_upper^k - V_upper^k-1||_inf = 0.00000000000000000000, ||V_lower^k - V_lower^k-1||_inf = 0.00000193829817087001, delta^k = -0.00000193829817087001
    Local Iteration 254: ||V_upper^k - V_upper^k-1||_inf = 0.00000000000000000000, ||V_lower^k - V_lower^k-1||_inf = 0.00000186076624403521, delta^k = -0.00000186076624403521
    Local Iteration 255: ||V_upper^k - V_upper^k-1||_inf = 0.00000000000000000000, ||V_lower^k - V_lower^k-1||_inf = 0.00000178633559427380, delta^k = -0.00000178633559427380
    Local Iteration 256: ||V_upper^k - V_upper^k-1||_inf = 0.00000000000000000000, ||V_lower^k - V_lower^k-1||_inf = 0.00000171488217050285, delta^k = -0.00000171488217050285
    Local Iteration 257: ||V_upper^k - V_upper^k-1||_inf = 0.00000000000000000000, ||V_lower^k - V_lower^k-1||_inf = 0.00000164628688368273, delta^k = -0.00000164628688368273
    Local Iteration 258: ||V_upper^k - V_upper^k-1||_inf = 0.00000000000000000000, ||V_lower^k - V_lower^k-1||_inf = 0.00000158043540833543, delta^k = -0.00000158043540833543
    Local Iteration 259: ||V_upper^k - V_upper^k-1||_inf = 0.00000000000000000000, ||V_lower^k - V_lower^k-1||_inf = 0.00000151721799200201, delta^k = -0.00000151721799200201
    Local Iteration 260: ||V_upper^k - V_upper^k-1||_inf = 0.00000000000000000000, ||V_lower^k - V_lower^k-1||_inf = 0.00000145652927232193, delta^k = -0.00000145652927232193
    Local Iteration 261: ||V_upper^k - V_upper^k-1||_inf = 0.00000000000000000000, ||V_lower^k - V_lower^k-1||_inf = 0.00000139826810142905, delta^k = -0.00000139826810142905
    Local Iteration 262: ||V_upper^k - V_upper^k-1||_inf = 0.00000000000000000000, ||V_lower^k - V_lower^k-1||_inf = 0.00000134233737737189, delta^k = -0.00000134233737737189
    Local Iteration 263: ||V_upper^k - V_upper^k-1||_inf = 0.00000000000000000000, ||V_lower^k - V_lower^k-1||_inf = 0.00000128864388227702, delta^k = -0.00000128864388227702
    Local Iteration 264: ||V_upper^k - V_upper^k-1||_inf = 0.00000000000000000000, ||V_lower^k - V_lower^k-1||_inf = 0.00000123709812698593, delta^k = -0.00000123709812698593
    Local Iteration 265: ||V_upper^k - V_upper^k-1||_inf = 0.00000000000000000000, ||V_lower^k - V_lower^k-1||_inf = 0.00000118761420190650, delta^k = -0.00000118761420190650
    Local Iteration 266: ||V_upper^k - V_upper^k-1||_inf = 0.00000000000000000000, ||V_lower^k - V_lower^k-1||_inf = 0.00000114010963383024, delta^k = -0.00000114010963383024
    Local Iteration 267: ||V_upper^k - V_upper^k-1||_inf = 0.00000000000000000000, ||V_lower^k - V_lower^k-1||_inf = 0.00000109450524847703, delta^k = -0.00000109450524847703
    Local Iteration 268: ||V_upper^k - V_upper^k-1||_inf = 0.00000000000000000000, ||V_lower^k - V_lower^k-1||_inf = 0.00000105072503853794, delta^k = -0.00000105072503853794
    Local Iteration 269: ||V_upper^k - V_upper^k-1||_inf = 0.00000000000000000000, ||V_lower^k - V_lower^k-1||_inf = 0.00000100869603699643, delta^k = -0.00000100869603699643
    Local Iteration 270: ||V_upper^k - V_upper^k-1||_inf = 0.00000000000000000000, ||V_lower^k - V_lower^k-1||_inf = 0.00000096834819551657, delta^k = -0.00000096834819551657
    Local Iteration 271: ||V_upper^k - V_upper^k-1||_inf = 0.00000000000000000000, ||V_lower^k - V_lower^k-1||_inf = 0.00000092961426769591, delta^k = -0.00000092961426769591
    Local Iteration 272: ||V_upper^k - V_upper^k-1||_inf = 0.00000000000000000000, ||V_lower^k - V_lower^k-1||_inf = 0.00000089242969698807, delta^k = -0.00000089242969698807
    Local Iteration 273: ||V_upper^k - V_upper^k-1||_inf = 0.00000000000000000000, ||V_lower^k - V_lower^k-1||_inf = 0.00000085673250910855, delta^k = -0.00000085673250910855
    Local Iteration 274: ||V_upper^k - V_upper^k-1||_inf = 0.00000000000000000000, ||V_lower^k - V_lower^k-1||_inf = 0.00000082246320874421, delta^k = -0.00000082246320874421
    Local Iteration 275: ||V_upper^k - V_upper^k-1||_inf = 0.00000000000000000000, ||V_lower^k - V_lower^k-1||_inf = 0.00000078956468039444, delta^k = -0.00000078956468039444
    Local Iteration 276: ||V_upper^k - V_upper^k-1||_inf = 0.00000000000000000000, ||V_lower^k - V_lower^k-1||_inf = 0.00000075798209317866, delta^k = -0.00000075798209317866
    Local Iteration 277: ||V_upper^k - V_upper^k-1||_inf = 0.00000000000000000000, ||V_lower^k - V_lower^k-1||_inf = 0.00000072766280945151, delta^k = -0.00000072766280945151
    Local Iteration 278: ||V_upper^k - V_upper^k-1||_inf = 0.00000000000000000000, ||V_lower^k - V_lower^k-1||_inf = 0.00000069855629707345, delta^k = -0.00000069855629707345
    Local Iteration 279: ||V_upper^k - V_upper^k-1||_inf = 0.00000000000000000000, ||V_lower^k - V_lower^k-1||_inf = 0.00000067061404519051, delta^k = -0.00000067061404519051
    Local Iteration 280: ||V_upper^k - V_upper^k-1||_inf = 0.00000000000000000000, ||V_lower^k - V_lower^k-1||_inf = 0.00000064378948338289, delta^k = -0.00000064378948338289
    Local Iteration 281: ||V_upper^k - V_upper^k-1||_inf = 0.00000000000000000000, ||V_lower^k - V_lower^k-1||_inf = 0.00000061803790404758, delta^k = -0.00000061803790404758
    Local Iteration 282: ||V_upper^k - V_upper^k-1||_inf = 0.00000000000000000000, ||V_lower^k - V_lower^k-1||_inf = 0.00000059331638788568, delta^k = -0.00000059331638788568
    Local Iteration 283: ||V_upper^k - V_upper^k-1||_inf = 0.00000000000000000000, ||V_lower^k - V_lower^k-1||_inf = 0.00000056958373237025, delta^k = -0.00000056958373237025
    Local Iteration 284: ||V_upper^k - V_upper^k-1||_inf = 0.00000000000000000000, ||V_lower^k - V_lower^k-1||_inf = 0.00000054680038307544, delta^k = -0.00000054680038307544
    Local Iteration 285: ||V_upper^k - V_upper^k-1||_inf = 0.00000000000000000000, ||V_lower^k - V_lower^k-1||_inf = 0.00000052492836775242, delta^k = -0.00000052492836775242
    Local Iteration 286: ||V_upper^k - V_upper^k-1||_inf = 0.00000000000000000000, ||V_lower^k - V_lower^k-1||_inf = 0.00000050393123304232, delta^k = -0.00000050393123304232
    Local Iteration 287: ||V_upper^k - V_upper^k-1||_inf = 0.00000000000000000000, ||V_lower^k - V_lower^k-1||_inf = 0.00000048377398372063, delta^k = -0.00000048377398372063
    Local Iteration 288: ||V_upper^k - V_upper^k-1||_inf = 0.00000000000000000000, ||V_lower^k - V_lower^k-1||_inf = 0.00000046442302437181, delta^k = -0.00000046442302437181
    Local Iteration 289: ||V_upper^k - V_upper^k-1||_inf = 0.00000000000000000000, ||V_lower^k - V_lower^k-1||_inf = 0.00000044584610339693, delta^k = -0.00000044584610339693
    Local Iteration 290: ||V_upper^k - V_upper^k-1||_inf = 0.00000000000000000000, ||V_lower^k - V_lower^k-1||_inf = 0.00000042801225926106, delta^k = -0.00000042801225926106
    Local Iteration 291: ||V_upper^k - V_upper^k-1||_inf = 0.00000000000000000000, ||V_lower^k - V_lower^k-1||_inf = 0.00000041089176889061, delta^k = -0.00000041089176889061
    Local Iteration 292: ||V_upper^k - V_upper^k-1||_inf = 0.00000000000000000000, ||V_lower^k - V_lower^k-1||_inf = 0.00000039445609813499, delta^k = -0.00000039445609813499
    Local Iteration 293: ||V_upper^k - V_upper^k-1||_inf = 0.00000000000000000000, ||V_lower^k - V_lower^k-1||_inf = 0.00000037867785420959, delta^k = -0.00000037867785420959
    Local Iteration 294: ||V_upper^k - V_upper^k-1||_inf = 0.00000000000000000000, ||V_lower^k - V_lower^k-1||_inf = 0.00000036353074004121, delta^k = -0.00000036353074004121
    Local Iteration 295: ||V_upper^k - V_upper^k-1||_inf = 0.00000000000000000000, ||V_lower^k - V_lower^k-1||_inf = 0.00000034898951043956, delta^k = -0.00000034898951043956
    Local Iteration 296: ||V_upper^k - V_upper^k-1||_inf = 0.00000000000000000000, ||V_lower^k - V_lower^k-1||_inf = 0.00000033502993002198, delta^k = -0.00000033502993002198
    Local Iteration 297: ||V_upper^k - V_upper^k-1||_inf = 0.00000000000000000000, ||V_lower^k - V_lower^k-1||_inf = 0.00000032162873282110, delta^k = -0.00000032162873282110
    Local Iteration 298: ||V_upper^k - V_upper^k-1||_inf = 0.00000000000000000000, ||V_lower^k - V_lower^k-1||_inf = 0.00000030876358350825, delta^k = -0.00000030876358350825
    Local Iteration 299: ||V_upper^k - V_upper^k-1||_inf = 0.00000000000000000000, ||V_lower^k - V_lower^k-1||_inf = 0.00000029641304016792, delta^k = -0.00000029641304016792
    Local Iteration 300: ||V_upper^k - V_upper^k-1||_inf = 0.00000000000000000000, ||V_lower^k - V_lower^k-1||_inf = 0.00000028455651856121, delta^k = -0.00000028455651856121
    Local Iteration 301: ||V_upper^k - V_upper^k-1||_inf = 0.00000000000000000000, ||V_lower^k - V_lower^k-1||_inf = 0.00000027317425781876, delta^k = -0.00000027317425781876
    Local Iteration 302: ||V_upper^k - V_upper^k-1||_inf = 0.00000000000000000000, ||V_lower^k - V_lower^k-1||_inf = 0.00000026224728750601, delta^k = -0.00000026224728750601
    Local Iteration 303: ||V_upper^k - V_upper^k-1||_inf = 0.00000000000000000000, ||V_lower^k - V_lower^k-1||_inf = 0.00000025175739600577, delta^k = -0.00000025175739600577
    Local Iteration 304: ||V_upper^k - V_upper^k-1||_inf = 0.00000000000000000000, ||V_lower^k - V_lower^k-1||_inf = 0.00000024168710016554, delta^k = -0.00000024168710016554
    Local Iteration 305: ||V_upper^k - V_upper^k-1||_inf = 0.00000000000000000000, ||V_lower^k - V_lower^k-1||_inf = 0.00000023201961615891, delta^k = -0.00000023201961615891
    Local Iteration 306: ||V_upper^k - V_upper^k-1||_inf = 0.00000000000000000000, ||V_lower^k - V_lower^k-1||_inf = 0.00000022273883151256, delta^k = -0.00000022273883151256
    Local Iteration 307: ||V_upper^k - V_upper^k-1||_inf = 0.00000000000000000000, ||V_lower^k - V_lower^k-1||_inf = 0.00000021382927825206, delta^k = -0.00000021382927825206
    Local Iteration 308: ||V_upper^k - V_upper^k-1||_inf = 0.00000000000000000000, ||V_lower^k - V_lower^k-1||_inf = 0.00000020527610712197, delta^k = -0.00000020527610712197
    Local Iteration 309: ||V_upper^k - V_upper^k-1||_inf = 0.00000000000000000000, ||V_lower^k - V_lower^k-1||_inf = 0.00000019706506283709, delta^k = -0.00000019706506283709
    Local Iteration 310: ||V_upper^k - V_upper^k-1||_inf = 0.00000000000000000000, ||V_lower^k - V_lower^k-1||_inf = 0.00000018918246032361, delta^k = -0.00000018918246032361
    Local Iteration 311: ||V_upper^k - V_upper^k-1||_inf = 0.00000000000000000000, ||V_lower^k - V_lower^k-1||_inf = 0.00000018161516191067, delta^k = -0.00000018161516191067
    Local Iteration 312: ||V_upper^k - V_upper^k-1||_inf = 0.00000000000000000000, ||V_lower^k - V_lower^k-1||_inf = 0.00000017435055543424, delta^k = -0.00000017435055543424
    Local Iteration 313: ||V_upper^k - V_upper^k-1||_inf = 0.00000000000000000000, ||V_lower^k - V_lower^k-1||_inf = 0.00000016737653321687, delta^k = -0.00000016737653321687
    Local Iteration 314: ||V_upper^k - V_upper^k-1||_inf = 0.00000000000000000000, ||V_lower^k - V_lower^k-1||_inf = 0.00000016068147188820, delta^k = -0.00000016068147188820
    Local Iteration 315: ||V_upper^k - V_upper^k-1||_inf = 0.00000000000000000000, ||V_lower^k - V_lower^k-1||_inf = 0.00000015425421301267, delta^k = -0.00000015425421301267
    Local Iteration 316: ||V_upper^k - V_upper^k-1||_inf = 0.00000000000000000000, ||V_lower^k - V_lower^k-1||_inf = 0.00000014808404449216, delta^k = -0.00000014808404449216
    Local Iteration 317: ||V_upper^k - V_upper^k-1||_inf = 0.00000000000000000000, ||V_lower^k - V_lower^k-1||_inf = 0.00000014216068271247, delta^k = -0.00000014216068271247
    Local Iteration 318: ||V_upper^k - V_upper^k-1||_inf = 0.00000000000000000000, ||V_lower^k - V_lower^k-1||_inf = 0.00000013647425540398, delta^k = -0.00000013647425540398
    Local Iteration 319: ||V_upper^k - V_upper^k-1||_inf = 0.00000000000000000000, ||V_lower^k - V_lower^k-1||_inf = 0.00000013101528518782, delta^k = -0.00000013101528518782
    Local Iteration 320: ||V_upper^k - V_upper^k-1||_inf = 0.00000000000000000000, ||V_lower^k - V_lower^k-1||_inf = 0.00000012577467378030, delta^k = -0.00000012577467378030
    Local Iteration 321: ||V_upper^k - V_upper^k-1||_inf = 0.00000000000000000000, ||V_lower^k - V_lower^k-1||_inf = 0.00000012074368682909, delta^k = -0.00000012074368682909
    Local Iteration 322: ||V_upper^k - V_upper^k-1||_inf = 0.00000000000000000000, ||V_lower^k - V_lower^k-1||_inf = 0.00000011591393935593, delta^k = -0.00000011591393935593
    Local Iteration 323: ||V_upper^k - V_upper^k-1||_inf = 0.00000000000000000000, ||V_lower^k - V_lower^k-1||_inf = 0.00000011127738178169, delta^k = -0.00000011127738178169
    Local Iteration 324: ||V_upper^k - V_upper^k-1||_inf = 0.00000000000000000000, ||V_lower^k - V_lower^k-1||_inf = 0.00000010682628651042, delta^k = -0.00000010682628651042
    Local Iteration 325: ||V_upper^k - V_upper^k-1||_inf = 0.00000000000000000000, ||V_lower^k - V_lower^k-1||_inf = 0.00000010255323505001, delta^k = -0.00000010255323505001
    Local Iteration 326: ||V_upper^k - V_upper^k-1||_inf = 0.00000000000000000000, ||V_lower^k - V_lower^k-1||_inf = 0.00000009845110564801, delta^k = -0.00000009845110564801
    Local Iteration 327: ||V_upper^k - V_upper^k-1||_inf = 0.00000000000000000000, ||V_lower^k - V_lower^k-1||_inf = 0.00000009451306142209, delta^k = -0.00000009451306142209
    Local Iteration 328: ||V_upper^k - V_upper^k-1||_inf = 0.00000000000000000000, ||V_lower^k - V_lower^k-1||_inf = 0.00000009073253896520, delta^k = -0.00000009073253896520
    Local Iteration 329: ||V_upper^k - V_upper^k-1||_inf = 0.00000000000000000000, ||V_lower^k - V_lower^k-1||_inf = 0.00000008710323740659, delta^k = -0.00000008710323740659
    Local Iteration 330: ||V_upper^k - V_upper^k-1||_inf = 0.00000000000000000000, ||V_lower^k - V_lower^k-1||_inf = 0.00000008361910791033, delta^k = -0.00000008361910791033
    Local Iteration 331: ||V_upper^k - V_upper^k-1||_inf = 0.00000000000000000000, ||V_lower^k - V_lower^k-1||_inf = 0.00000008027434359392, delta^k = -0.00000008027434359392
    Local Iteration 332: ||V_upper^k - V_upper^k-1||_inf = 0.00000000000000000000, ||V_lower^k - V_lower^k-1||_inf = 0.00000007706336985016, delta^k = -0.00000007706336985016
    Local Iteration 333: ||V_upper^k - V_upper^k-1||_inf = 0.00000000000000000000, ||V_lower^k - V_lower^k-1||_inf = 0.00000007398083505615, delta^k = -0.00000007398083505615
    Local Iteration 334: ||V_upper^k - V_upper^k-1||_inf = 0.00000000000000000000, ||V_lower^k - V_lower^k-1||_inf = 0.00000007102160165391, delta^k = -0.00000007102160165391
    Local Iteration 335: ||V_upper^k - V_upper^k-1||_inf = 0.00000000000000000000, ||V_lower^k - V_lower^k-1||_inf = 0.00000006818073758775, delta^k = -0.00000006818073758775
    Local Iteration 336: ||V_upper^k - V_upper^k-1||_inf = 0.00000000000000000000, ||V_lower^k - V_lower^k-1||_inf = 0.00000006545350808424, delta^k = -0.00000006545350808424
    Local Iteration 337: ||V_upper^k - V_upper^k-1||_inf = 0.00000000000000000000, ||V_lower^k - V_lower^k-1||_inf = 0.00000006283536776087, delta^k = -0.00000006283536776087
    Local Iteration 338: ||V_upper^k - V_upper^k-1||_inf = 0.00000000000000000000, ||V_lower^k - V_lower^k-1||_inf = 0.00000006032195305044, delta^k = -0.00000006032195305044
    Local Iteration 339: ||V_upper^k - V_upper^k-1||_inf = 0.00000000000000000000, ||V_lower^k - V_lower^k-1||_inf = 0.00000005790907492842, delta^k = -0.00000005790907492842
    Local Iteration 340: ||V_upper^k - V_upper^k-1||_inf = 0.00000000000000000000, ||V_lower^k - V_lower^k-1||_inf = 0.00000005559271193128, delta^k = -0.00000005559271193128
    Local Iteration 341: ||V_upper^k - V_upper^k-1||_inf = 0.00000000000000000000, ||V_lower^k - V_lower^k-1||_inf = 0.00000005336900345403, delta^k = -0.00000005336900345403
    Local Iteration 342: ||V_upper^k - V_upper^k-1||_inf = 0.00000000000000000000, ||V_lower^k - V_lower^k-1||_inf = 0.00000005123424331587, delta^k = -0.00000005123424331587
    Local Iteration 343: ||V_upper^k - V_upper^k-1||_inf = 0.00000000000000000000, ||V_lower^k - V_lower^k-1||_inf = 0.00000004918487358324, delta^k = -0.00000004918487358324
    Local Iteration 344: ||V_upper^k - V_upper^k-1||_inf = 0.00000000000000000000, ||V_lower^k - V_lower^k-1||_inf = 0.00000004721747863991, delta^k = -0.00000004721747863991
    Local Iteration 345: ||V_upper^k - V_upper^k-1||_inf = 0.00000000000000000000, ||V_lower^k - V_lower^k-1||_inf = 0.00000004532877949431, delta^k = -0.00000004532877949431
    Local Iteration 346: ||V_upper^k - V_upper^k-1||_inf = 0.00000000000000000000, ||V_lower^k - V_lower^k-1||_inf = 0.00000004351562831454, delta^k = -0.00000004351562831454
    Local Iteration 347: ||V_upper^k - V_upper^k-1||_inf = 0.00000000000000000000, ||V_lower^k - V_lower^k-1||_inf = 0.00000004177500318196, delta^k = -0.00000004177500318196
    Local Iteration 348: ||V_upper^k - V_upper^k-1||_inf = 0.00000000000000000000, ||V_lower^k - V_lower^k-1||_inf = 0.00000004010400305468, delta^k = -0.00000004010400305468
    Local Iteration 349: ||V_upper^k - V_upper^k-1||_inf = 0.00000000000000000000, ||V_lower^k - V_lower^k-1||_inf = 0.00000003849984293249, delta^k = -0.00000003849984293249
    Local Iteration 350: ||V_upper^k - V_upper^k-1||_inf = 0.00000000000000000000, ||V_lower^k - V_lower^k-1||_inf = 0.00000003695984921519, delta^k = -0.00000003695984921519
    Local Iteration 351: ||V_upper^k - V_upper^k-1||_inf = 0.00000000000000000000, ||V_lower^k - V_lower^k-1||_inf = 0.00000003548145524658, delta^k = -0.00000003548145524658
    Local Iteration 352: ||V_upper^k - V_upper^k-1||_inf = 0.00000000000000000000, ||V_lower^k - V_lower^k-1||_inf = 0.00000003406219703672, delta^k = -0.00000003406219703672
    Local Iteration 353: ||V_upper^k - V_upper^k-1||_inf = 0.00000000000000000000, ||V_lower^k - V_lower^k-1||_inf = 0.00000003269970915525, delta^k = -0.00000003269970915525
    Local Iteration 354: ||V_upper^k - V_upper^k-1||_inf = 0.00000000000000000000, ||V_lower^k - V_lower^k-1||_inf = 0.00000003139172078904, delta^k = -0.00000003139172078904
    Local Iteration 355: ||V_upper^k - V_upper^k-1||_inf = 0.00000000000000000000, ||V_lower^k - V_lower^k-1||_inf = 0.00000003013605195748, delta^k = -0.00000003013605195748
    Local Iteration 356: ||V_upper^k - V_upper^k-1||_inf = 0.00000000000000000000, ||V_lower^k - V_lower^k-1||_inf = 0.00000002893060987918, delta^k = -0.00000002893060987918
    Local Iteration 357: ||V_upper^k - V_upper^k-1||_inf = 0.00000000000000000000, ||V_lower^k - V_lower^k-1||_inf = 0.00000002777338548401, delta^k = -0.00000002777338548401
    Local Iteration 358: ||V_upper^k - V_upper^k-1||_inf = 0.00000000000000000000, ||V_lower^k - V_lower^k-1||_inf = 0.00000002666245006465, delta^k = -0.00000002666245006465
    Local Iteration 359: ||V_upper^k - V_upper^k-1||_inf = 0.00000000000000000000, ||V_lower^k - V_lower^k-1||_inf = 0.00000002559595206207, delta^k = -0.00000002559595206207
    Local Iteration 360: ||V_upper^k - V_upper^k-1||_inf = 0.00000000000000000000, ||V_lower^k - V_lower^k-1||_inf = 0.00000002457211397958, delta^k = -0.00000002457211397958
    Local Iteration 361: ||V_upper^k - V_upper^k-1||_inf = 0.00000000000000000000, ||V_lower^k - V_lower^k-1||_inf = 0.00000002358922942040, delta^k = -0.00000002358922942040
    Local Iteration 362: ||V_upper^k - V_upper^k-1||_inf = 0.00000000000000000000, ||V_lower^k - V_lower^k-1||_inf = 0.00000002264566024358, delta^k = -0.00000002264566024358
    Local Iteration 363: ||V_upper^k - V_upper^k-1||_inf = 0.00000000000000000000, ||V_lower^k - V_lower^k-1||_inf = 0.00000002173983383384, delta^k = -0.00000002173983383384
    Local Iteration 364: ||V_upper^k - V_upper^k-1||_inf = 0.00000000000000000000, ||V_lower^k - V_lower^k-1||_inf = 0.00000002087024048049, delta^k = -0.00000002087024048049
    Local Iteration 365: ||V_upper^k - V_upper^k-1||_inf = 0.00000000000000000000, ||V_lower^k - V_lower^k-1||_inf = 0.00000002003543086127, delta^k = -0.00000002003543086127
    Local Iteration 366: ||V_upper^k - V_upper^k-1||_inf = 0.00000000000000000000, ||V_lower^k - V_lower^k-1||_inf = 0.00000001923401362682, delta^k = -0.00000001923401362682
    Local Iteration 367: ||V_upper^k - V_upper^k-1||_inf = 0.00000000000000000000, ||V_lower^k - V_lower^k-1||_inf = 0.00000001846465308174, delta^k = -0.00000001846465308174
    Local Iteration 368: ||V_upper^k - V_upper^k-1||_inf = 0.00000000000000000000, ||V_lower^k - V_lower^k-1||_inf = 0.00000001772606695847, delta^k = -0.00000001772606695847
    Local Iteration 369: ||V_upper^k - V_upper^k-1||_inf = 0.00000000000000000000, ||V_lower^k - V_lower^k-1||_inf = 0.00000001701702428014, delta^k = -0.00000001701702428014
    Local Iteration 370: ||V_upper^k - V_upper^k-1||_inf = 0.00000000000000000000, ||V_lower^k - V_lower^k-1||_inf = 0.00000001633634330893, delta^k = -0.00000001633634330893
    Local Iteration 371: ||V_upper^k - V_upper^k-1||_inf = 0.00000000000000000000, ||V_lower^k - V_lower^k-1||_inf = 0.00000001568288957657, delta^k = -0.00000001568288957657
    Local Iteration 372: ||V_upper^k - V_upper^k-1||_inf = 0.00000000000000000000, ||V_lower^k - V_lower^k-1||_inf = 0.00000001505557399351, delta^k = -0.00000001505557399351
    Local Iteration 373: ||V_upper^k - V_upper^k-1||_inf = 0.00000000000000000000, ||V_lower^k - V_lower^k-1||_inf = 0.00000001445335103377, delta^k = -0.00000001445335103377
    Local Iteration 374: ||V_upper^k - V_upper^k-1||_inf = 0.00000000000000000000, ||V_lower^k - V_lower^k-1||_inf = 0.00000001387521699242, delta^k = -0.00000001387521699242
    Local Iteration 375: ||V_upper^k - V_upper^k-1||_inf = 0.00000000000000000000, ||V_lower^k - V_lower^k-1||_inf = 0.00000001332020831272, delta^k = -0.00000001332020831272
    Local Iteration 376: ||V_upper^k - V_upper^k-1||_inf = 0.00000000000000000000, ||V_lower^k - V_lower^k-1||_inf = 0.00000001278739998021, delta^k = -0.00000001278739998021
    Local Iteration 377: ||V_upper^k - V_upper^k-1||_inf = 0.00000000000000000000, ||V_lower^k - V_lower^k-1||_inf = 0.00000001227590398100, delta^k = -0.00000001227590398100
    Local Iteration 378: ||V_upper^k - V_upper^k-1||_inf = 0.00000000000000000000, ||V_lower^k - V_lower^k-1||_inf = 0.00000001178486782176, delta^k = -0.00000001178486782176
    Local Iteration 379: ||V_upper^k - V_upper^k-1||_inf = 0.00000000000000000000, ||V_lower^k - V_lower^k-1||_inf = 0.00000001131347310889, delta^k = -0.00000001131347310889
    Local Iteration 380: ||V_upper^k - V_upper^k-1||_inf = 0.00000000000000000000, ||V_lower^k - V_lower^k-1||_inf = 0.00000001086093418454, delta^k = -0.00000001086093418454
    Local Iteration 381: ||V_upper^k - V_upper^k-1||_inf = 0.00000000000000000000, ||V_lower^k - V_lower^k-1||_inf = 0.00000001042649681716, delta^k = -0.00000001042649681716
    Local Iteration 382: ||V_upper^k - V_upper^k-1||_inf = 0.00000000000000000000, ||V_lower^k - V_lower^k-1||_inf = 0.00000001000943694447, delta^k = -0.00000001000943694447
    Local Iteration 383: ||V_upper^k - V_upper^k-1||_inf = 0.00000000000000000000, ||V_lower^k - V_lower^k-1||_inf = 0.00000000960905946669, delta^k = -0.00000000960905946669

============================================================
 CONSERVATIVE STOPPING CONDITION MET (Algorithm 3)
============================================================
  delta^k = -9.6090594667e-09 >= -delta_max
  ||V_upper^k - V_upper^k-1||_inf = 0.0000000000e+00 < 1e-08
  eps_cons = (0.96 * 9.6090594667e-09) / 0.04 = 2.3061742720e-07
  Correcting V_lower for 144000 cells: V_lower <- V_lower - eps_cons - eps_machine
   Conservative correction applied successfully
  Machine epsilon eps_machine = 2.220e-16
    3600 cells experienced near-cancellation
    3600 cells changed from (+) to (<=0) due to eps_machine
    Local VI completed in 383 iterations
    Final convergence values:
      ||V_upper^final - V_upper^prev||_inf = 0.00000000e+00
      ||V_lower^final - V_lower^prev||_inf = 9.60905947e-09
  Local VI completed in 383 iterations, time: 1.917s
    Final ||V_upper^k - V_upper^k-1||_inf = 0.00000000000000000000e+00
    Final ||V_lower^k - V_lower^k-1||_inf = 9.60905946669158838627e-09
  Saved visualization: /Users/i.k.tabbara/Documents/python directory/HSCC_2027/refactored_Implementations/results_hscc_2027_newbellmans_12workers/ra_discount/double_integrator_res10_eps0.05_dmin1e-08_dmax1e-08_gamma0.96_dt0.3_tau0.3_cons/value_function_phase_4_complete.png
  Phase 4 completed in 2.64s with 144000 leaf cells

Classification after phase 4:
  Safe:             1346 cells (  0.9%),    1.3% of state space
  Unsafe:           5788 cells (  4.0%),   13.1% of state space
  Unclassified:   136866 cells ( 95.0%),   85.5% of state space

======================================================================
REFINEMENT PHASE 5
======================================================================
Boundary cells: 136866
  Refinable (>eta_min=0.017678): 136866
  Below threshold: 0
  Cumulative refined: 134000
  Refinable cell size statistics:
    Max:    0.200000
    Mean:   0.200000
    Min:    0.200000
    Median: 0.200000
  Refining 136866 cells...
    Refined: 136866 parent cells
    Created: 273732 child cells
    Total cells: 280866
    Refinement time: 0.013s
    Cumulative refined: 270866
  Rebuilding spatial index...
  Building spatial index for 280866 cells...
   Spatial index built in 0.07s
    Spatial index rebuilt in 0.074s
  Initializing 273732 new cells...
  Initializing 273732 new cells in parallel...
   Initialized in 0.00s (333192946.9 cells/s)
    Initialization completed in 0.001s
  Starting local value iteration...
  Reinitializing ALL 280866 cells (V = l)
   Reinitialized 280866 cells in 0.00s (292492580.1 cells/s)
  Local VI: updating all 280866 cells
    Conservative mode: True
    delta_max: 1e-08
    Max iterations: 20000
    Updating successor cache for 273732 updated cells...
    Updating successor cache for 273732 new cells (HYBRID)...
      Affected cells: 277964
   Trajectories + spatial queries computed in 1.10s (2265249.5 tasks/s)
    Breakdown: 9.9% ODE, 90.1% queries
     Cache updated in 1.19s (2110081.7 tasks/s)
    Local Iteration   1: ||V_upper^k - V_upper^k-1||_inf = 3.93799602617861266296, ||V_lower^k - V_lower^k-1||_inf = 3.65515331370399332300, delta^k = -3.65515331370399332300
    Local Iteration   2: ||V_upper^k - V_upper^k-1||_inf = 0.11435504740525903600, ||V_lower^k - V_lower^k-1||_inf = 3.30530042817410851796, delta^k = -3.30530042817410851796
    Local Iteration   3: ||V_upper^k - V_upper^k-1||_inf = 0.10978084550904831929, ||V_lower^k - V_lower^k-1||_inf = 2.88127428250005390709, delta^k = -2.88127428250005390709
    Local Iteration   4: ||V_upper^k - V_upper^k-1||_inf = 0.10538961168868654639, ||V_lower^k - V_lower^k-1||_inf = 2.57842865455870740021, delta^k = -2.57842865455870740021
    Local Iteration   5: ||V_upper^k - V_upper^k-1||_inf = 0.10117402722113899571, ||V_lower^k - V_lower^k-1||_inf = 2.29521166180328473061, delta^k = -2.29521166180328473061
    Local Iteration   6: ||V_upper^k - V_upper^k-1||_inf = 0.09712706613229338259, ||V_lower^k - V_lower^k-1||_inf = 0.36216805895648562785, delta^k = -0.36216805895648562785
    Local Iteration   7: ||V_upper^k - V_upper^k-1||_inf = 0.09324198348700196703, ||V_lower^k - V_lower^k-1||_inf = 0.32057577851918156453, delta^k = -0.32057577851918156453
    Local Iteration   8: ||V_upper^k - V_upper^k-1||_inf = 0.08951230414752187059, ||V_lower^k - V_lower^k-1||_inf = 0.29302803415924644215, delta^k = -0.29302803415924644215
    Local Iteration   9: ||V_upper^k - V_upper^k-1||_inf = 0.08593181198162058720, ||V_lower^k - V_lower^k-1||_inf = 0.22359013536154770385, delta^k = -0.22359013536154770385
    Local Iteration  10: ||V_upper^k - V_upper^k-1||_inf = 0.08249453950235596800, ||V_lower^k - V_lower^k-1||_inf = 0.04239196041442938601, delta^k = -0.04239196041442938601
    Local Iteration  11: ||V_upper^k - V_upper^k-1||_inf = 0.07919475792226182698, ||V_lower^k - V_lower^k-1||_inf = 0.04069628199785224609, delta^k = -0.04069628199785224609
    Local Iteration  12: ||V_upper^k - V_upper^k-1||_inf = 0.07602696760537130949, ||V_lower^k - V_lower^k-1||_inf = 0.03906843071793819622, delta^k = -0.03906843071793819622
    Local Iteration  13: ||V_upper^k - V_upper^k-1||_inf = 0.07298588890115631500, ||V_lower^k - V_lower^k-1||_inf = 0.03750569348922061508, delta^k = -0.03750569348922061508
    Local Iteration  14: ||V_upper^k - V_upper^k-1||_inf = 0.07006645334511008016, ||V_lower^k - V_lower^k-1||_inf = 0.03600546574965179936, delta^k = -0.03600546574965179936
    Local Iteration  15: ||V_upper^k - V_upper^k-1||_inf = 0.06726379521130576578, ||V_lower^k - V_lower^k-1||_inf = 0.03456524711966568741, delta^k = -0.03456524711966568741
    Local Iteration  16: ||V_upper^k - V_upper^k-1||_inf = 0.06457324340285341968, ||V_lower^k - V_lower^k-1||_inf = 0.03318263723487913097, delta^k = -0.03318263723487913097
    Local Iteration  17: ||V_upper^k - V_upper^k-1||_inf = 0.06199031366673946053, ||V_lower^k - V_lower^k-1||_inf = 0.03185533174548393909, delta^k = -0.03185533174548393909
    Local Iteration  18: ||V_upper^k - V_upper^k-1||_inf = 0.05951070112006973112, ||V_lower^k - V_lower^k-1||_inf = 0.03058111847566458152, delta^k = -0.03058111847566458152
    Local Iteration  19: ||V_upper^k - V_upper^k-1||_inf = 0.05713027307526696852, ||V_lower^k - V_lower^k-1||_inf = 0.02935787373663800714, delta^k = -0.02935787373663800714
    Local Iteration  20: ||V_upper^k - V_upper^k-1||_inf = 0.05484506215225626313, ||V_lower^k - V_lower^k-1||_inf = 0.02818355878717249130, delta^k = -0.02818355878717249130
    Local Iteration  21: ||V_upper^k - V_upper^k-1||_inf = 0.05265125966616612807, ||V_lower^k - V_lower^k-1||_inf = 0.02705621643568556500, delta^k = -0.02705621643568556500
    Local Iteration  22: ||V_upper^k - V_upper^k-1||_inf = 0.05054520927951933196, ||V_lower^k - V_lower^k-1||_inf = 0.02597396777825811132, delta^k = -0.02597396777825811132
    Local Iteration  23: ||V_upper^k - V_upper^k-1||_inf = 0.04852340090833862085, ||V_lower^k - V_lower^k-1||_inf = 0.02493500906712775578, delta^k = -0.02493500906712775578
    Local Iteration  24: ||V_upper^k - V_upper^k-1||_inf = 0.04658246487200501385, ||V_lower^k - V_lower^k-1||_inf = 0.02393760870444272548, delta^k = -0.02393760870444272548
    Local Iteration  25: ||V_upper^k - V_upper^k-1||_inf = 0.04471916627712491099, ||V_lower^k - V_lower^k-1||_inf = 0.02298010435626496317, delta^k = -0.02298010435626496317
    Local Iteration  26: ||V_upper^k - V_upper^k-1||_inf = 0.04293039962603995008, ||V_lower^k - V_lower^k-1||_inf = 0.02206090018201434244, delta^k = -0.02206090018201434244
    Local Iteration  27: ||V_upper^k - V_upper^k-1||_inf = 0.04121318364099824105, ||V_lower^k - V_lower^k-1||_inf = 0.02117846417473379095, delta^k = -0.02117846417473379095
    Local Iteration  28: ||V_upper^k - V_upper^k-1||_inf = 0.03956465629535832473, ||V_lower^k - V_lower^k-1||_inf = 0.02033132560774447706, delta^k = -0.02033132560774447706
    Local Iteration  29: ||V_upper^k - V_upper^k-1||_inf = 0.03798207004354403615, ||V_lower^k - V_lower^k-1||_inf = 0.01951807258343468687, delta^k = -0.01951807258343468687
    Local Iteration  30: ||V_upper^k - V_upper^k-1||_inf = 0.03646278724180229691, ||V_lower^k - V_lower^k-1||_inf = 0.01873734968009727053, delta^k = -0.01873734968009727053
    Local Iteration  31: ||V_upper^k - V_upper^k-1||_inf = 0.03500427575213016507, ||V_lower^k - V_lower^k-1||_inf = 0.01798785569289340636, delta^k = -0.01798785569289340636
    Local Iteration  32: ||V_upper^k - V_upper^k-1||_inf = 0.03360410472204500287, ||V_lower^k - V_lower^k-1||_inf = 0.01726834146517763902, delta^k = -0.01726834146517763902
    Local Iteration  33: ||V_upper^k - V_upper^k-1||_inf = 0.03225994053316316723, ||V_lower^k - V_lower^k-1||_inf = 0.01657760780657058231, delta^k = -0.01657760780657058231
    Local Iteration  34: ||V_upper^k - V_upper^k-1||_inf = 0.03096954291183662278, ||V_lower^k - V_lower^k-1||_inf = 0.01591450349430773015, delta^k = -0.01591450349430773015
    Local Iteration  35: ||V_upper^k - V_upper^k-1||_inf = 0.02973076119536310902, ||V_lower^k - V_lower^k-1||_inf = 0.01527792335453542760, delta^k = -0.01527792335453542760
    Local Iteration  36: ||V_upper^k - V_upper^k-1||_inf = 0.02854153074754861574, ||V_lower^k - V_lower^k-1||_inf = 0.01466680642035400606, delta^k = -0.01466680642035400606
    Local Iteration  37: ||V_upper^k - V_upper^k-1||_inf = 0.02739986951764672440, ||V_lower^k - V_lower^k-1||_inf = 0.01408013416353987024, delta^k = -0.01408013416353987024
    Local Iteration  38: ||V_upper^k - V_upper^k-1||_inf = 0.02630387473694084655, ||V_lower^k - V_lower^k-1||_inf = 0.01351692879699822880, delta^k = -0.01351692879699822880
    Local Iteration  39: ||V_upper^k - V_upper^k-1||_inf = 0.02525171974746320824, ||V_lower^k - V_lower^k-1||_inf = 0.01297625164511834184, delta^k = -0.01297625164511834184
    Local Iteration  40: ||V_upper^k - V_upper^k-1||_inf = 0.02424165095756469768, ||V_lower^k - V_lower^k-1||_inf = 0.01245720157931357042, delta^k = -0.01245720157931357042
    Local Iteration  41: ||V_upper^k - V_upper^k-1||_inf = 0.02327198491926207868, ||V_lower^k - V_lower^k-1||_inf = 0.01195891351614103426, delta^k = -0.01195891351614103426
    Local Iteration  42: ||V_upper^k - V_upper^k-1||_inf = 0.02234110552249157777, ||V_lower^k - V_lower^k-1||_inf = 0.01148055697549538179, delta^k = -0.01148055697549538179
    Local Iteration  43: ||V_upper^k - V_upper^k-1||_inf = 0.02144746130159191910, ||V_lower^k - V_lower^k-1||_inf = 0.01102133469647559316, delta^k = -0.01102133469647559316
    Local Iteration  44: ||V_upper^k - V_upper^k-1||_inf = 0.02058956284952823124, ||V_lower^k - V_lower^k-1||_inf = 0.01058048130861655167, delta^k = -0.01058048130861655167
    Local Iteration  45: ||V_upper^k - V_upper^k-1||_inf = 0.01976598033554710643, ||V_lower^k - V_lower^k-1||_inf = 0.01015726205627190404, delta^k = -0.01015726205627190404
    Local Iteration  46: ||V_upper^k - V_upper^k-1||_inf = 0.01897534112212523327, ||V_lower^k - V_lower^k-1||_inf = 0.00975097157402102233, delta^k = -0.00975097157402102233
    Local Iteration  47: ||V_upper^k - V_upper^k-1||_inf = 0.01821632747724022394, ||V_lower^k - V_lower^k-1||_inf = 0.00936093271106017144, delta^k = -0.00936093271106017144
    Local Iteration  48: ||V_upper^k - V_upper^k-1||_inf = 0.01748767437815063053, ||V_lower^k - V_lower^k-1||_inf = 0.00898649540261778346, delta^k = -0.00898649540261778346
    Local Iteration  49: ||V_upper^k - V_upper^k-1||_inf = 0.01678816740302457866, ||V_lower^k - V_lower^k-1||_inf = 0.00862703558651306546, delta^k = -0.00862703558651306546
    Local Iteration  50: ||V_upper^k - V_upper^k-1||_inf = 0.01611664070690360662, ||V_lower^k - V_lower^k-1||_inf = 0.00828195416305255172, delta^k = -0.00828195416305255172
    Local Iteration  51: ||V_upper^k - V_upper^k-1||_inf = 0.01547197507862746457, ||V_lower^k - V_lower^k-1||_inf = 0.00795067599653043189, delta^k = -0.00795067599653043189
    Local Iteration  52: ||V_upper^k - V_upper^k-1||_inf = 0.01485309607548235267, ||V_lower^k - V_lower^k-1||_inf = 0.00763264895666920795, delta^k = -0.00763264895666920795
    Local Iteration  53: ||V_upper^k - V_upper^k-1||_inf = 0.01425897223246302969, ||V_lower^k - V_lower^k-1||_inf = 0.00732734299840245851, delta^k = -0.00732734299840245851
    Local Iteration  54: ||V_upper^k - V_upper^k-1||_inf = 0.01368861334316451295, ||V_lower^k - V_lower^k-1||_inf = 0.00703424927846635351, delta^k = -0.00703424927846635351
    Local Iteration  55: ||V_upper^k - V_upper^k-1||_inf = 0.01314106880943793909, ||V_lower^k - V_lower^k-1||_inf = 0.00675287930732770825, delta^k = -0.00675287930732770825
    Local Iteration  56: ||V_upper^k - V_upper^k-1||_inf = 0.01261542605706045261, ||V_lower^k - V_lower^k-1||_inf = 0.00648276413503459659, delta^k = -0.00648276413503459659
    Local Iteration  57: ||V_upper^k - V_upper^k-1||_inf = 0.01211080901477801230, ||V_lower^k - V_lower^k-1||_inf = 0.00622345356963321938, delta^k = -0.00622345356963321938
    Local Iteration  58: ||V_upper^k - V_upper^k-1||_inf = 0.00234675007509727029, ||V_lower^k - V_lower^k-1||_inf = 0.00597451542684787618, delta^k = -0.00597451542684787618
    Local Iteration  59: ||V_upper^k - V_upper^k-1||_inf = 0.00000000000000000000, ||V_lower^k - V_lower^k-1||_inf = 0.00573553480977395669, delta^k = -0.00573553480977395669
    Local Iteration  60: ||V_upper^k - V_upper^k-1||_inf = 0.00000000000000000000, ||V_lower^k - V_lower^k-1||_inf = 0.00550611341738299620, delta^k = -0.00550611341738299620
    Local Iteration  61: ||V_upper^k - V_upper^k-1||_inf = 0.00000000000000000000, ||V_lower^k - V_lower^k-1||_inf = 0.00528586888068768856, delta^k = -0.00528586888068768856
    Local Iteration  62: ||V_upper^k - V_upper^k-1||_inf = 0.00000000000000000000, ||V_lower^k - V_lower^k-1||_inf = 0.00507443412546017270, delta^k = -0.00507443412546017270
    Local Iteration  63: ||V_upper^k - V_upper^k-1||_inf = 0.00000000000000000000, ||V_lower^k - V_lower^k-1||_inf = 0.00487145676044177522, delta^k = -0.00487145676044177522
    Local Iteration  64: ||V_upper^k - V_upper^k-1||_inf = 0.00000000000000000000, ||V_lower^k - V_lower^k-1||_inf = 0.00467659849002409478, delta^k = -0.00467659849002409478
    Local Iteration  65: ||V_upper^k - V_upper^k-1||_inf = 0.00000000000000000000, ||V_lower^k - V_lower^k-1||_inf = 0.00448953455042314098, delta^k = -0.00448953455042314098
    Local Iteration  66: ||V_upper^k - V_upper^k-1||_inf = 0.00000000000000000000, ||V_lower^k - V_lower^k-1||_inf = 0.00430995316840621090, delta^k = -0.00430995316840621090
    Local Iteration  67: ||V_upper^k - V_upper^k-1||_inf = 0.00000000000000000000, ||V_lower^k - V_lower^k-1||_inf = 0.00413755504166996024, delta^k = -0.00413755504166996024
    Local Iteration  68: ||V_upper^k - V_upper^k-1||_inf = 0.00000000000000000000, ||V_lower^k - V_lower^k-1||_inf = 0.00397205284000316794, delta^k = -0.00397205284000316794
    Local Iteration  69: ||V_upper^k - V_upper^k-1||_inf = 0.00000000000000000000, ||V_lower^k - V_lower^k-1||_inf = 0.00381317072640303956, delta^k = -0.00381317072640303956
    Local Iteration  70: ||V_upper^k - V_upper^k-1||_inf = 0.00000000000000000000, ||V_lower^k - V_lower^k-1||_inf = 0.00366064389734691020, delta^k = -0.00366064389734691020
    Local Iteration  71: ||V_upper^k - V_upper^k-1||_inf = 0.00000000000000000000, ||V_lower^k - V_lower^k-1||_inf = 0.00351421814145304323, delta^k = -0.00351421814145304323
    Local Iteration  72: ||V_upper^k - V_upper^k-1||_inf = 0.00000000000000000000, ||V_lower^k - V_lower^k-1||_inf = 0.00337364941579491873, delta^k = -0.00337364941579491873
    Local Iteration  73: ||V_upper^k - V_upper^k-1||_inf = 0.00000000000000000000, ||V_lower^k - V_lower^k-1||_inf = 0.00323870343916311809, delta^k = -0.00323870343916311809
    Local Iteration  74: ||V_upper^k - V_upper^k-1||_inf = 0.00000000000000000000, ||V_lower^k - V_lower^k-1||_inf = 0.00310915530159659725, delta^k = -0.00310915530159659725
    Local Iteration  75: ||V_upper^k - V_upper^k-1||_inf = 0.00000000000000000000, ||V_lower^k - V_lower^k-1||_inf = 0.00298478908953273003, delta^k = -0.00298478908953273003
    Local Iteration  76: ||V_upper^k - V_upper^k-1||_inf = 0.00000000000000000000, ||V_lower^k - V_lower^k-1||_inf = 0.00286539752595141306, delta^k = -0.00286539752595141306
    Local Iteration  77: ||V_upper^k - V_upper^k-1||_inf = 0.00000000000000000000, ||V_lower^k - V_lower^k-1||_inf = 0.00275078162491336486, delta^k = -0.00275078162491336486
    Local Iteration  78: ||V_upper^k - V_upper^k-1||_inf = 0.00000000000000000000, ||V_lower^k - V_lower^k-1||_inf = 0.00264075035991682971, delta^k = -0.00264075035991682971
    Local Iteration  79: ||V_upper^k - V_upper^k-1||_inf = 0.00000000000000000000, ||V_lower^k - V_lower^k-1||_inf = 0.00253512034552015597, delta^k = -0.00253512034552015597
    Local Iteration  80: ||V_upper^k - V_upper^k-1||_inf = 0.00000000000000000000, ||V_lower^k - V_lower^k-1||_inf = 0.00243371553169934723, delta^k = -0.00243371553169934723
    Local Iteration  81: ||V_upper^k - V_upper^k-1||_inf = 0.00000000000000000000, ||V_lower^k - V_lower^k-1||_inf = 0.00233636691043137557, delta^k = -0.00233636691043137557
    Local Iteration  82: ||V_upper^k - V_upper^k-1||_inf = 0.00000000000000000000, ||V_lower^k - V_lower^k-1||_inf = 0.00224291223401412027, delta^k = -0.00224291223401412027
    Local Iteration  83: ||V_upper^k - V_upper^k-1||_inf = 0.00000000000000000000, ||V_lower^k - V_lower^k-1||_inf = 0.00215319574465355768, delta^k = -0.00215319574465355768
    Local Iteration  84: ||V_upper^k - V_upper^k-1||_inf = 0.00000000000000000000, ||V_lower^k - V_lower^k-1||_inf = 0.00206706791486740982, delta^k = -0.00206706791486740982
    Local Iteration  85: ||V_upper^k - V_upper^k-1||_inf = 0.00000000000000000000, ||V_lower^k - V_lower^k-1||_inf = 0.00198438519827271592, delta^k = -0.00198438519827271592
    Local Iteration  86: ||V_upper^k - V_upper^k-1||_inf = 0.00000000000000000000, ||V_lower^k - V_lower^k-1||_inf = 0.00190500979034180506, delta^k = -0.00190500979034180506
    Local Iteration  87: ||V_upper^k - V_upper^k-1||_inf = 0.00000000000000000000, ||V_lower^k - V_lower^k-1||_inf = 0.00182880939872813453, delta^k = -0.00182880939872813453
    Local Iteration  88: ||V_upper^k - V_upper^k-1||_inf = 0.00000000000000000000, ||V_lower^k - V_lower^k-1||_inf = 0.00175565702277900859, delta^k = -0.00175565702277900859
    Local Iteration  89: ||V_upper^k - V_upper^k-1||_inf = 0.00000000000000000000, ||V_lower^k - V_lower^k-1||_inf = 0.00168543074186784658, delta^k = -0.00168543074186784658
    Local Iteration  90: ||V_upper^k - V_upper^k-1||_inf = 0.00000000000000000000, ||V_lower^k - V_lower^k-1||_inf = 0.00161801351219313660, delta^k = -0.00161801351219313660
    Local Iteration  91: ||V_upper^k - V_upper^k-1||_inf = 0.00000000000000000000, ||V_lower^k - V_lower^k-1||_inf = 0.00155329297170540837, delta^k = -0.00155329297170540837
    Local Iteration  92: ||V_upper^k - V_upper^k-1||_inf = 0.00000000000000000000, ||V_lower^k - V_lower^k-1||_inf = 0.00149116125283719342, delta^k = -0.00149116125283719342
    Local Iteration  93: ||V_upper^k - V_upper^k-1||_inf = 0.00000000000000000000, ||V_lower^k - V_lower^k-1||_inf = 0.00143151480272370873, delta^k = -0.00143151480272370873
    Local Iteration  94: ||V_upper^k - V_upper^k-1||_inf = 0.00000000000000000000, ||V_lower^k - V_lower^k-1||_inf = 0.00137425421061476011, delta^k = -0.00137425421061476011
    Local Iteration  95: ||V_upper^k - V_upper^k-1||_inf = 0.00000000000000000000, ||V_lower^k - V_lower^k-1||_inf = 0.00131928404219016498, delta^k = -0.00131928404219016498
    Local Iteration  96: ||V_upper^k - V_upper^k-1||_inf = 0.00000000000000000000, ||V_lower^k - V_lower^k-1||_inf = 0.00126651268050256144, delta^k = -0.00126651268050256144
    Local Iteration  97: ||V_upper^k - V_upper^k-1||_inf = 0.00000000000000000000, ||V_lower^k - V_lower^k-1||_inf = 0.00121585217328245773, delta^k = -0.00121585217328245773
    Local Iteration  98: ||V_upper^k - V_upper^k-1||_inf = 0.00000000000000000000, ||V_lower^k - V_lower^k-1||_inf = 0.00116721808635115998, delta^k = -0.00116721808635115998
    Local Iteration  99: ||V_upper^k - V_upper^k-1||_inf = 0.00000000000000000000, ||V_lower^k - V_lower^k-1||_inf = 0.00112052936289711372, delta^k = -0.00112052936289711372
    Local Iteration 100: ||V_upper^k - V_upper^k-1||_inf = 0.00000000000000000000, ||V_lower^k - V_lower^k-1||_inf = 0.00107570818838122889, delta^k = -0.00107570818838122889
    Local Iteration 101: ||V_upper^k - V_upper^k-1||_inf = 0.00000000000000000000, ||V_lower^k - V_lower^k-1||_inf = 0.00103267986084597946, delta^k = -0.00103267986084597946
    Local Iteration 102: ||V_upper^k - V_upper^k-1||_inf = 0.00000000000000000000, ||V_lower^k - V_lower^k-1||_inf = 0.00099137266641213806, delta^k = -0.00099137266641213806
    Local Iteration 103: ||V_upper^k - V_upper^k-1||_inf = 0.00000000000000000000, ||V_lower^k - V_lower^k-1||_inf = 0.00095171775975565545, delta^k = -0.00095171775975565545
    Local Iteration 104: ||V_upper^k - V_upper^k-1||_inf = 0.00000000000000000000, ||V_lower^k - V_lower^k-1||_inf = 0.00091364904936542743, delta^k = -0.00091364904936542743
    Local Iteration 105: ||V_upper^k - V_upper^k-1||_inf = 0.00000000000000000000, ||V_lower^k - V_lower^k-1||_inf = 0.00087710308739081047, delta^k = -0.00087710308739081047
    Local Iteration 106: ||V_upper^k - V_upper^k-1||_inf = 0.00000000000000000000, ||V_lower^k - V_lower^k-1||_inf = 0.00084201896389517888, delta^k = -0.00084201896389517888
    Local Iteration 107: ||V_upper^k - V_upper^k-1||_inf = 0.00000000000000000000, ||V_lower^k - V_lower^k-1||_inf = 0.00080833820533936923, delta^k = -0.00080833820533936923
    Local Iteration 108: ||V_upper^k - V_upper^k-1||_inf = 0.00000000000000000000, ||V_lower^k - V_lower^k-1||_inf = 0.00077600467712579668, delta^k = -0.00077600467712579668
    Local Iteration 109: ||V_upper^k - V_upper^k-1||_inf = 0.00000000000000000000, ||V_lower^k - V_lower^k-1||_inf = 0.00074496449004076565, delta^k = -0.00074496449004076565
    Local Iteration 110: ||V_upper^k - V_upper^k-1||_inf = 0.00000000000000000000, ||V_lower^k - V_lower^k-1||_inf = 0.00071516591043913405, delta^k = -0.00071516591043913405
    Local Iteration 111: ||V_upper^k - V_upper^k-1||_inf = 0.00000000000000000000, ||V_lower^k - V_lower^k-1||_inf = 0.00068655927402156910, delta^k = -0.00068655927402156910
    Local Iteration 112: ||V_upper^k - V_upper^k-1||_inf = 0.00000000000000000000, ||V_lower^k - V_lower^k-1||_inf = 0.00065909690306070398, delta^k = -0.00065909690306070398
    Local Iteration 113: ||V_upper^k - V_upper^k-1||_inf = 0.00000000000000000000, ||V_lower^k - V_lower^k-1||_inf = 0.00063273302693827790, delta^k = -0.00063273302693827790
    Local Iteration 114: ||V_upper^k - V_upper^k-1||_inf = 0.00000000000000000000, ||V_lower^k - V_lower^k-1||_inf = 0.00060742370586074589, delta^k = -0.00060742370586074589
    Local Iteration 115: ||V_upper^k - V_upper^k-1||_inf = 0.00000000000000000000, ||V_lower^k - V_lower^k-1||_inf = 0.00058312675762631563, delta^k = -0.00058312675762631563
    Local Iteration 116: ||V_upper^k - V_upper^k-1||_inf = 0.00000000000000000000, ||V_lower^k - V_lower^k-1||_inf = 0.00055980168732126280, delta^k = -0.00055980168732126280
    Local Iteration 117: ||V_upper^k - V_upper^k-1||_inf = 0.00000000000000000000, ||V_lower^k - V_lower^k-1||_inf = 0.00053740961982841340, delta^k = -0.00053740961982841340
    Local Iteration 118: ||V_upper^k - V_upper^k-1||_inf = 0.00000000000000000000, ||V_lower^k - V_lower^k-1||_inf = 0.00051591323503527575, delta^k = -0.00051591323503527575
    Local Iteration 119: ||V_upper^k - V_upper^k-1||_inf = 0.00000000000000000000, ||V_lower^k - V_lower^k-1||_inf = 0.00049527670563386493, delta^k = -0.00049527670563386493
    Local Iteration 120: ||V_upper^k - V_upper^k-1||_inf = 0.00000000000000000000, ||V_lower^k - V_lower^k-1||_inf = 0.00047546563740851096, delta^k = -0.00047546563740851096
    Local Iteration 121: ||V_upper^k - V_upper^k-1||_inf = 0.00000000000000000000, ||V_lower^k - V_lower^k-1||_inf = 0.00045644701191216962, delta^k = -0.00045644701191216962
    Local Iteration 122: ||V_upper^k - V_upper^k-1||_inf = 0.00000000000000000000, ||V_lower^k - V_lower^k-1||_inf = 0.00043818913143568380, delta^k = -0.00043818913143568380
    Local Iteration 123: ||V_upper^k - V_upper^k-1||_inf = 0.00000000000000000000, ||V_lower^k - V_lower^k-1||_inf = 0.00042066156617825631, delta^k = -0.00042066156617825631
    Local Iteration 124: ||V_upper^k - V_upper^k-1||_inf = 0.00000000000000000000, ||V_lower^k - V_lower^k-1||_inf = 0.00040383510353112634, delta^k = -0.00040383510353112634
    Local Iteration 125: ||V_upper^k - V_upper^k-1||_inf = 0.00000000000000000000, ||V_lower^k - V_lower^k-1||_inf = 0.00038768169938988017, delta^k = -0.00038768169938988017
    Local Iteration 126: ||V_upper^k - V_upper^k-1||_inf = 0.00000000000000000000, ||V_lower^k - V_lower^k-1||_inf = 0.00037217443141428566, delta^k = -0.00037217443141428566
    Local Iteration 127: ||V_upper^k - V_upper^k-1||_inf = 0.00000000000000000000, ||V_lower^k - V_lower^k-1||_inf = 0.00035728745415771444, delta^k = -0.00035728745415771444
    Local Iteration 128: ||V_upper^k - V_upper^k-1||_inf = 0.00000000000000000000, ||V_lower^k - V_lower^k-1||_inf = 0.00034299595599140628, delta^k = -0.00034299595599140628
    Local Iteration 129: ||V_upper^k - V_upper^k-1||_inf = 0.00000000000000000000, ||V_lower^k - V_lower^k-1||_inf = 0.00032927611775174920, delta^k = -0.00032927611775174920
    Local Iteration 130: ||V_upper^k - V_upper^k-1||_inf = 0.00000000000000000000, ||V_lower^k - V_lower^k-1||_inf = 0.00031610507304167916, delta^k = -0.00031610507304167916
    Local Iteration 131: ||V_upper^k - V_upper^k-1||_inf = 0.00000000000000000000, ||V_lower^k - V_lower^k-1||_inf = 0.00030346087012001182, delta^k = -0.00030346087012001182
    Local Iteration 132: ||V_upper^k - V_upper^k-1||_inf = 0.00000000000000000000, ||V_lower^k - V_lower^k-1||_inf = 0.00029132243531521194, delta^k = -0.00029132243531521194
    Local Iteration 133: ||V_upper^k - V_upper^k-1||_inf = 0.00000000000000000000, ||V_lower^k - V_lower^k-1||_inf = 0.00027966953790260329, delta^k = -0.00027966953790260329
    Local Iteration 134: ||V_upper^k - V_upper^k-1||_inf = 0.00000000000000000000, ||V_lower^k - V_lower^k-1||_inf = 0.00026848275638649902, delta^k = -0.00026848275638649902
    Local Iteration 135: ||V_upper^k - V_upper^k-1||_inf = 0.00000000000000000000, ||V_lower^k - V_lower^k-1||_inf = 0.00025774344613103874, delta^k = -0.00025774344613103874
    Local Iteration 136: ||V_upper^k - V_upper^k-1||_inf = 0.00000000000000000000, ||V_lower^k - V_lower^k-1||_inf = 0.00024743370828579723, delta^k = -0.00024743370828579723
    Local Iteration 137: ||V_upper^k - V_upper^k-1||_inf = 0.00000000000000000000, ||V_lower^k - V_lower^k-1||_inf = 0.00023753635995436579, delta^k = -0.00023753635995436579
    Local Iteration 138: ||V_upper^k - V_upper^k-1||_inf = 0.00000000000000000000, ||V_lower^k - V_lower^k-1||_inf = 0.00022803490555619102, delta^k = -0.00022803490555619102
    Local Iteration 139: ||V_upper^k - V_upper^k-1||_inf = 0.00000000000000000000, ||V_lower^k - V_lower^k-1||_inf = 0.00021891350933394334, delta^k = -0.00021891350933394334
    Local Iteration 140: ||V_upper^k - V_upper^k-1||_inf = 0.00000000000000000000, ||V_lower^k - V_lower^k-1||_inf = 0.00021015696896058578, delta^k = -0.00021015696896058578
    Local Iteration 141: ||V_upper^k - V_upper^k-1||_inf = 0.00000000000000000000, ||V_lower^k - V_lower^k-1||_inf = 0.00020175069020216246, delta^k = -0.00020175069020216246
    Local Iteration 142: ||V_upper^k - V_upper^k-1||_inf = 0.00000000000000000000, ||V_lower^k - V_lower^k-1||_inf = 0.00019368066259407585, delta^k = -0.00019368066259407585
    Local Iteration 143: ||V_upper^k - V_upper^k-1||_inf = 0.00000000000000000000, ||V_lower^k - V_lower^k-1||_inf = 0.00018593343609031240, delta^k = -0.00018593343609031240
    Local Iteration 144: ||V_upper^k - V_upper^k-1||_inf = 0.00000000000000000000, ||V_lower^k - V_lower^k-1||_inf = 0.00017849609864670039, delta^k = -0.00017849609864670039
    Local Iteration 145: ||V_upper^k - V_upper^k-1||_inf = 0.00000000000000000000, ||V_lower^k - V_lower^k-1||_inf = 0.00017135625470083172, delta^k = -0.00017135625470083172
    Local Iteration 146: ||V_upper^k - V_upper^k-1||_inf = 0.00000000000000000000, ||V_lower^k - V_lower^k-1||_inf = 0.00016450200451279852, delta^k = -0.00016450200451279852
    Local Iteration 147: ||V_upper^k - V_upper^k-1||_inf = 0.00000000000000000000, ||V_lower^k - V_lower^k-1||_inf = 0.00015792192433228703, delta^k = -0.00015792192433228703
    Local Iteration 148: ||V_upper^k - V_upper^k-1||_inf = 0.00000000000000000000, ||V_lower^k - V_lower^k-1||_inf = 0.00015160504735899560, delta^k = -0.00015160504735899560
    Local Iteration 149: ||V_upper^k - V_upper^k-1||_inf = 0.00000000000000000000, ||V_lower^k - V_lower^k-1||_inf = 0.00014554084546463536, delta^k = -0.00014554084546463536
    Local Iteration 150: ||V_upper^k - V_upper^k-1||_inf = 0.00000000000000000000, ||V_lower^k - V_lower^k-1||_inf = 0.00013971921164605003, delta^k = -0.00013971921164605003
    Local Iteration 151: ||V_upper^k - V_upper^k-1||_inf = 0.00000000000000000000, ||V_lower^k - V_lower^k-1||_inf = 0.00013413044318020834, delta^k = -0.00013413044318020834
    Local Iteration 152: ||V_upper^k - V_upper^k-1||_inf = 0.00000000000000000000, ||V_lower^k - V_lower^k-1||_inf = 0.00012876522545299989, delta^k = -0.00012876522545299989
    Local Iteration 153: ||V_upper^k - V_upper^k-1||_inf = 0.00000000000000000000, ||V_lower^k - V_lower^k-1||_inf = 0.00012361461643487989, delta^k = -0.00012361461643487989
    Local Iteration 154: ||V_upper^k - V_upper^k-1||_inf = 0.00000000000000000000, ||V_lower^k - V_lower^k-1||_inf = 0.00011867003177748470, delta^k = -0.00011867003177748470
    Local Iteration 155: ||V_upper^k - V_upper^k-1||_inf = 0.00000000000000000000, ||V_lower^k - V_lower^k-1||_inf = 0.00011392323050638540, delta^k = -0.00011392323050638540
    Local Iteration 156: ||V_upper^k - V_upper^k-1||_inf = 0.00000000000000000000, ||V_lower^k - V_lower^k-1||_inf = 0.00010936630128612979, delta^k = -0.00010936630128612979
    Local Iteration 157: ||V_upper^k - V_upper^k-1||_inf = 0.00000000000000000000, ||V_lower^k - V_lower^k-1||_inf = 0.00010499164923468470, delta^k = -0.00010499164923468470
    Local Iteration 158: ||V_upper^k - V_upper^k-1||_inf = 0.00000000000000000000, ||V_lower^k - V_lower^k-1||_inf = 0.00010079198326529712, delta^k = -0.00010079198326529712
    Local Iteration 159: ||V_upper^k - V_upper^k-1||_inf = 0.00000000000000000000, ||V_lower^k - V_lower^k-1||_inf = 0.00009676030393468513, delta^k = -0.00009676030393468513
    Local Iteration 160: ||V_upper^k - V_upper^k-1||_inf = 0.00000000000000000000, ||V_lower^k - V_lower^k-1||_inf = 0.00009288989177729792, delta^k = -0.00009288989177729792
    Local Iteration 161: ||V_upper^k - V_upper^k-1||_inf = 0.00000000000000000000, ||V_lower^k - V_lower^k-1||_inf = 0.00008917429610620599, delta^k = -0.00008917429610620599
    Local Iteration 162: ||V_upper^k - V_upper^k-1||_inf = 0.00000000000000000000, ||V_lower^k - V_lower^k-1||_inf = 0.00008560732426195769, delta^k = -0.00008560732426195769
    Local Iteration 163: ||V_upper^k - V_upper^k-1||_inf = 0.00000000000000000000, ||V_lower^k - V_lower^k-1||_inf = 0.00008218303129147939, delta^k = -0.00008218303129147939
    Local Iteration 164: ||V_upper^k - V_upper^k-1||_inf = 0.00000000000000000000, ||V_lower^k - V_lower^k-1||_inf = 0.00007889571003982018, delta^k = -0.00007889571003982018
    Local Iteration 165: ||V_upper^k - V_upper^k-1||_inf = 0.00000000000000000000, ||V_lower^k - V_lower^k-1||_inf = 0.00007573988163822750, delta^k = -0.00007573988163822750
    Local Iteration 166: ||V_upper^k - V_upper^k-1||_inf = 0.00000000000000000000, ||V_lower^k - V_lower^k-1||_inf = 0.00007271028637269826, delta^k = -0.00007271028637269826
    Local Iteration 167: ||V_upper^k - V_upper^k-1||_inf = 0.00000000000000000000, ||V_lower^k - V_lower^k-1||_inf = 0.00006980187491779032, delta^k = -0.00006980187491779032
    Local Iteration 168: ||V_upper^k - V_upper^k-1||_inf = 0.00000000000000000000, ||V_lower^k - V_lower^k-1||_inf = 0.00006700979992107885, delta^k = -0.00006700979992107885
    Local Iteration 169: ||V_upper^k - V_upper^k-1||_inf = 0.00000000000000000000, ||V_lower^k - V_lower^k-1||_inf = 0.00006432940792423575, delta^k = -0.00006432940792423575
    Local Iteration 170: ||V_upper^k - V_upper^k-1||_inf = 0.00000000000000000000, ||V_lower^k - V_lower^k-1||_inf = 0.00006175623160726619, delta^k = -0.00006175623160726619
    Local Iteration 171: ||V_upper^k - V_upper^k-1||_inf = 0.00000000000000000000, ||V_lower^k - V_lower^k-1||_inf = 0.00005928598234297548, delta^k = -0.00005928598234297548
    Local Iteration 172: ||V_upper^k - V_upper^k-1||_inf = 0.00000000000000000000, ||V_lower^k - V_lower^k-1||_inf = 0.00005691454304925653, delta^k = -0.00005691454304925653
    Local Iteration 173: ||V_upper^k - V_upper^k-1||_inf = 0.00000000000000000000, ||V_lower^k - V_lower^k-1||_inf = 0.00005463796132728618, delta^k = -0.00005463796132728618
    Local Iteration 174: ||V_upper^k - V_upper^k-1||_inf = 0.00000000000000000000, ||V_lower^k - V_lower^k-1||_inf = 0.00005245244287419492, delta^k = -0.00005245244287419492
    Local Iteration 175: ||V_upper^k - V_upper^k-1||_inf = 0.00000000000000000000, ||V_lower^k - V_lower^k-1||_inf = 0.00005035434515922700, delta^k = -0.00005035434515922700
    Local Iteration 176: ||V_upper^k - V_upper^k-1||_inf = 0.00000000000000000000, ||V_lower^k - V_lower^k-1||_inf = 0.00004834017135285792, delta^k = -0.00004834017135285792
    Local Iteration 177: ||V_upper^k - V_upper^k-1||_inf = 0.00000000000000000000, ||V_lower^k - V_lower^k-1||_inf = 0.00004640656449874368, delta^k = -0.00004640656449874368
    Local Iteration 178: ||V_upper^k - V_upper^k-1||_inf = 0.00000000000000000000, ||V_lower^k - V_lower^k-1||_inf = 0.00004455030191879397, delta^k = -0.00004455030191879397
    Local Iteration 179: ||V_upper^k - V_upper^k-1||_inf = 0.00000000000000000000, ||V_lower^k - V_lower^k-1||_inf = 0.00004276828984204218, delta^k = -0.00004276828984204218
    Local Iteration 180: ||V_upper^k - V_upper^k-1||_inf = 0.00000000000000000000, ||V_lower^k - V_lower^k-1||_inf = 0.00004105755824836046, delta^k = -0.00004105755824836046
    Local Iteration 181: ||V_upper^k - V_upper^k-1||_inf = 0.00000000000000000000, ||V_lower^k - V_lower^k-1||_inf = 0.00003941525591842599, delta^k = -0.00003941525591842599
    Local Iteration 182: ||V_upper^k - V_upper^k-1||_inf = 0.00000000000000000000, ||V_lower^k - V_lower^k-1||_inf = 0.00003783864568168900, delta^k = -0.00003783864568168900
    Local Iteration 183: ||V_upper^k - V_upper^k-1||_inf = 0.00000000000000000000, ||V_lower^k - V_lower^k-1||_inf = 0.00003632509985442142, delta^k = -0.00003632509985442142
    Local Iteration 184: ||V_upper^k - V_upper^k-1||_inf = 0.00000000000000000000, ||V_lower^k - V_lower^k-1||_inf = 0.00003487209586024457, delta^k = -0.00003487209586024457
    Local Iteration 185: ||V_upper^k - V_upper^k-1||_inf = 0.00000000000000000000, ||V_lower^k - V_lower^k-1||_inf = 0.00003347721202583479, delta^k = -0.00003347721202583479
    Local Iteration 186: ||V_upper^k - V_upper^k-1||_inf = 0.00000000000000000000, ||V_lower^k - V_lower^k-1||_inf = 0.00003213812354480137, delta^k = -0.00003213812354480137
    Local Iteration 187: ||V_upper^k - V_upper^k-1||_inf = 0.00000000000000000000, ||V_lower^k - V_lower^k-1||_inf = 0.00003085259860300933, delta^k = -0.00003085259860300933
    Local Iteration 188: ||V_upper^k - V_upper^k-1||_inf = 0.00000000000000000000, ||V_lower^k - V_lower^k-1||_inf = 0.00002961849465888896, delta^k = -0.00002961849465888896
    Local Iteration 189: ||V_upper^k - V_upper^k-1||_inf = 0.00000000000000000000, ||V_lower^k - V_lower^k-1||_inf = 0.00002843375487253342, delta^k = -0.00002843375487253342
    Local Iteration 190: ||V_upper^k - V_upper^k-1||_inf = 0.00000000000000000000, ||V_lower^k - V_lower^k-1||_inf = 0.00002729640467763201, delta^k = -0.00002729640467763201
    Local Iteration 191: ||V_upper^k - V_upper^k-1||_inf = 0.00000000000000000000, ||V_lower^k - V_lower^k-1||_inf = 0.00002620454849052681, delta^k = -0.00002620454849052681
    Local Iteration 192: ||V_upper^k - V_upper^k-1||_inf = 0.00000000000000000000, ||V_lower^k - V_lower^k-1||_inf = 0.00002515636655090565, delta^k = -0.00002515636655090565
    Local Iteration 193: ||V_upper^k - V_upper^k-1||_inf = 0.00000000000000000000, ||V_lower^k - V_lower^k-1||_inf = 0.00002415011188886950, delta^k = -0.00002415011188886950
    Local Iteration 194: ||V_upper^k - V_upper^k-1||_inf = 0.00000000000000000000, ||V_lower^k - V_lower^k-1||_inf = 0.00002318410741331467, delta^k = -0.00002318410741331467
    Local Iteration 195: ||V_upper^k - V_upper^k-1||_inf = 0.00000000000000000000, ||V_lower^k - V_lower^k-1||_inf = 0.00002225674311678210, delta^k = -0.00002225674311678210
    Local Iteration 196: ||V_upper^k - V_upper^k-1||_inf = 0.00000000000000000000, ||V_lower^k - V_lower^k-1||_inf = 0.00002136647339211076, delta^k = -0.00002136647339211076
    Local Iteration 197: ||V_upper^k - V_upper^k-1||_inf = 0.00000000000000000000, ||V_lower^k - V_lower^k-1||_inf = 0.00002051181445642642, delta^k = -0.00002051181445642642
    Local Iteration 198: ||V_upper^k - V_upper^k-1||_inf = 0.00000000000000000000, ||V_lower^k - V_lower^k-1||_inf = 0.00001969134187816934, delta^k = -0.00001969134187816934
    Local Iteration 199: ||V_upper^k - V_upper^k-1||_inf = 0.00000000000000000000, ||V_lower^k - V_lower^k-1||_inf = 0.00001890368820304253, delta^k = -0.00001890368820304253
    Local Iteration 200: ||V_upper^k - V_upper^k-1||_inf = 0.00000000000000000000, ||V_lower^k - V_lower^k-1||_inf = 0.00001814754067492084, delta^k = -0.00001814754067492084
    Local Iteration 201: ||V_upper^k - V_upper^k-1||_inf = 0.00000000000000000000, ||V_lower^k - V_lower^k-1||_inf = 0.00001742163904792400, delta^k = -0.00001742163904792400
    Local Iteration 202: ||V_upper^k - V_upper^k-1||_inf = 0.00000000000000000000, ||V_lower^k - V_lower^k-1||_inf = 0.00001672477348600704, delta^k = -0.00001672477348600704
    Local Iteration 203: ||V_upper^k - V_upper^k-1||_inf = 0.00000000000000000000, ||V_lower^k - V_lower^k-1||_inf = 0.00001605578254656678, delta^k = -0.00001605578254656678
    Local Iteration 204: ||V_upper^k - V_upper^k-1||_inf = 0.00000000000000000000, ||V_lower^k - V_lower^k-1||_inf = 0.00001541355124470411, delta^k = -0.00001541355124470411
    Local Iteration 205: ||V_upper^k - V_upper^k-1||_inf = 0.00000000000000000000, ||V_lower^k - V_lower^k-1||_inf = 0.00001479700919491592, delta^k = -0.00001479700919491592
    Local Iteration 206: ||V_upper^k - V_upper^k-1||_inf = 0.00000000000000000000, ||V_lower^k - V_lower^k-1||_inf = 0.00001420512882711932, delta^k = -0.00001420512882711932
    Local Iteration 207: ||V_upper^k - V_upper^k-1||_inf = 0.00000000000000000000, ||V_lower^k - V_lower^k-1||_inf = 0.00001363692367403453, delta^k = -0.00001363692367403453
    Local Iteration 208: ||V_upper^k - V_upper^k-1||_inf = 0.00000000000000000000, ||V_lower^k - V_lower^k-1||_inf = 0.00001309144672707315, delta^k = -0.00001309144672707315
    Local Iteration 209: ||V_upper^k - V_upper^k-1||_inf = 0.00000000000000000000, ||V_lower^k - V_lower^k-1||_inf = 0.00001256778885799022, delta^k = -0.00001256778885799022
    Local Iteration 210: ||V_upper^k - V_upper^k-1||_inf = 0.00000000000000000000, ||V_lower^k - V_lower^k-1||_inf = 0.00001206507730367059, delta^k = -0.00001206507730367059
    Local Iteration 211: ||V_upper^k - V_upper^k-1||_inf = 0.00000000000000000000, ||V_lower^k - V_lower^k-1||_inf = 0.00001158247421152378, delta^k = -0.00001158247421152378
    Local Iteration 212: ||V_upper^k - V_upper^k-1||_inf = 0.00000000000000000000, ||V_lower^k - V_lower^k-1||_inf = 0.00001111917524306282, delta^k = -0.00001111917524306282
    Local Iteration 213: ||V_upper^k - V_upper^k-1||_inf = 0.00000000000000000000, ||V_lower^k - V_lower^k-1||_inf = 0.00001067440823334032, delta^k = -0.00001067440823334032
    Local Iteration 214: ||V_upper^k - V_upper^k-1||_inf = 0.00000000000000000000, ||V_lower^k - V_lower^k-1||_inf = 0.00001024743190400671, delta^k = -0.00001024743190400671
    Local Iteration 215: ||V_upper^k - V_upper^k-1||_inf = 0.00000000000000000000, ||V_lower^k - V_lower^k-1||_inf = 0.00000983753462784645, delta^k = -0.00000983753462784645
    Local Iteration 216: ||V_upper^k - V_upper^k-1||_inf = 0.00000000000000000000, ||V_lower^k - V_lower^k-1||_inf = 0.00000944403324273257, delta^k = -0.00000944403324273257
    Local Iteration 217: ||V_upper^k - V_upper^k-1||_inf = 0.00000000000000000000, ||V_lower^k - V_lower^k-1||_inf = 0.00000906627191302328, delta^k = -0.00000906627191302328
    Local Iteration 218: ||V_upper^k - V_upper^k-1||_inf = 0.00000000000000000000, ||V_lower^k - V_lower^k-1||_inf = 0.00000870362103650235, delta^k = -0.00000870362103650235
    Local Iteration 219: ||V_upper^k - V_upper^k-1||_inf = 0.00000000000000000000, ||V_lower^k - V_lower^k-1||_inf = 0.00000835547619504226, delta^k = -0.00000835547619504226
    Local Iteration 220: ||V_upper^k - V_upper^k-1||_inf = 0.00000000000000000000, ||V_lower^k - V_lower^k-1||_inf = 0.00000802125714724055, delta^k = -0.00000802125714724055
    Local Iteration 221: ||V_upper^k - V_upper^k-1||_inf = 0.00000000000000000000, ||V_lower^k - V_lower^k-1||_inf = 0.00000770040686135095, delta^k = -0.00000770040686135095
    Local Iteration 222: ||V_upper^k - V_upper^k-1||_inf = 0.00000000000000000000, ||V_lower^k - V_lower^k-1||_inf = 0.00000739239058689689, delta^k = -0.00000739239058689689
    Local Iteration 223: ||V_upper^k - V_upper^k-1||_inf = 0.00000000000000000000, ||V_lower^k - V_lower^k-1||_inf = 0.00000709669496342101, delta^k = -0.00000709669496342101
    Local Iteration 224: ||V_upper^k - V_upper^k-1||_inf = 0.00000000000000000000, ||V_lower^k - V_lower^k-1||_inf = 0.00000681282716488417, delta^k = -0.00000681282716488417
    Local Iteration 225: ||V_upper^k - V_upper^k-1||_inf = 0.00000000000000000000, ||V_lower^k - V_lower^k-1||_inf = 0.00000654031407828882, delta^k = -0.00000654031407828882
    Local Iteration 226: ||V_upper^k - V_upper^k-1||_inf = 0.00000000000000000000, ||V_lower^k - V_lower^k-1||_inf = 0.00000627870151515727, delta^k = -0.00000627870151515727
    Local Iteration 227: ||V_upper^k - V_upper^k-1||_inf = 0.00000000000000000000, ||V_lower^k - V_lower^k-1||_inf = 0.00000602755345455096, delta^k = -0.00000602755345455096
    Local Iteration 228: ||V_upper^k - V_upper^k-1||_inf = 0.00000000000000000000, ||V_lower^k - V_lower^k-1||_inf = 0.00000578645131636894, delta^k = -0.00000578645131636894
    Local Iteration 229: ||V_upper^k - V_upper^k-1||_inf = 0.00000000000000000000, ||V_lower^k - V_lower^k-1||_inf = 0.00000555499326371418, delta^k = -0.00000555499326371418
    Local Iteration 230: ||V_upper^k - V_upper^k-1||_inf = 0.00000000000000000000, ||V_lower^k - V_lower^k-1||_inf = 0.00000533279353316562, delta^k = -0.00000533279353316562
    Local Iteration 231: ||V_upper^k - V_upper^k-1||_inf = 0.00000000000000000000, ||V_lower^k - V_lower^k-1||_inf = 0.00000511948179183897, delta^k = -0.00000511948179183897
    Local Iteration 232: ||V_upper^k - V_upper^k-1||_inf = 0.00000000000000000000, ||V_lower^k - V_lower^k-1||_inf = 0.00000491470252016543, delta^k = -0.00000491470252016543
    Local Iteration 233: ||V_upper^k - V_upper^k-1||_inf = 0.00000000000000000000, ||V_lower^k - V_lower^k-1||_inf = 0.00000471811441935881, delta^k = -0.00000471811441935881
    Local Iteration 234: ||V_upper^k - V_upper^k-1||_inf = 0.00000000000000000000, ||V_lower^k - V_lower^k-1||_inf = 0.00000452938984258445, delta^k = -0.00000452938984258445
    Local Iteration 235: ||V_upper^k - V_upper^k-1||_inf = 0.00000000000000000000, ||V_lower^k - V_lower^k-1||_inf = 0.00000434821424888108, delta^k = -0.00000434821424888108
    Local Iteration 236: ||V_upper^k - V_upper^k-1||_inf = 0.00000000000000000000, ||V_lower^k - V_lower^k-1||_inf = 0.00000417428567892583, delta^k = -0.00000417428567892583
    Local Iteration 237: ||V_upper^k - V_upper^k-1||_inf = 0.00000000000000000000, ||V_lower^k - V_lower^k-1||_inf = 0.00000400731425176880, delta^k = -0.00000400731425176880
    Local Iteration 238: ||V_upper^k - V_upper^k-1||_inf = 0.00000000000000000000, ||V_lower^k - V_lower^k-1||_inf = 0.00000384702168169804, delta^k = -0.00000384702168169804
    Local Iteration 239: ||V_upper^k - V_upper^k-1||_inf = 0.00000000000000000000, ||V_lower^k - V_lower^k-1||_inf = 0.00000369314081443012, delta^k = -0.00000369314081443012
    Local Iteration 240: ||V_upper^k - V_upper^k-1||_inf = 0.00000000000000000000, ||V_lower^k - V_lower^k-1||_inf = 0.00000354541518185292, delta^k = -0.00000354541518185292
    Local Iteration 241: ||V_upper^k - V_upper^k-1||_inf = 0.00000000000000000000, ||V_lower^k - V_lower^k-1||_inf = 0.00000340359857457880, delta^k = -0.00000340359857457880
    Local Iteration 242: ||V_upper^k - V_upper^k-1||_inf = 0.00000000000000000000, ||V_lower^k - V_lower^k-1||_inf = 0.00000326745463159566, delta^k = -0.00000326745463159566
    Local Iteration 243: ||V_upper^k - V_upper^k-1||_inf = 0.00000000000000000000, ||V_lower^k - V_lower^k-1||_inf = 0.00000313675644633182, delta^k = -0.00000313675644633182
    Local Iteration 244: ||V_upper^k - V_upper^k-1||_inf = 0.00000000000000000000, ||V_lower^k - V_lower^k-1||_inf = 0.00000301128618847856, delta^k = -0.00000301128618847856
    Local Iteration 245: ||V_upper^k - V_upper^k-1||_inf = 0.00000000000000000000, ||V_lower^k - V_lower^k-1||_inf = 0.00000289083474093941, delta^k = -0.00000289083474093941
    Local Iteration 246: ||V_upper^k - V_upper^k-1||_inf = 0.00000000000000000000, ||V_lower^k - V_lower^k-1||_inf = 0.00000277520135130183, delta^k = -0.00000277520135130183
    Local Iteration 247: ||V_upper^k - V_upper^k-1||_inf = 0.00000000000000000000, ||V_lower^k - V_lower^k-1||_inf = 0.00000266419329724976, delta^k = -0.00000266419329724976
    Local Iteration 248: ||V_upper^k - V_upper^k-1||_inf = 0.00000000000000000000, ||V_lower^k - V_lower^k-1||_inf = 0.00000255762556535976, delta^k = -0.00000255762556535976
    Local Iteration 249: ||V_upper^k - V_upper^k-1||_inf = 0.00000000000000000000, ||V_lower^k - V_lower^k-1||_inf = 0.00000245532054274538, delta^k = -0.00000245532054274538
    Local Iteration 250: ||V_upper^k - V_upper^k-1||_inf = 0.00000000000000000000, ||V_lower^k - V_lower^k-1||_inf = 0.00000235710772103556, delta^k = -0.00000235710772103556
    Local Iteration 251: ||V_upper^k - V_upper^k-1||_inf = 0.00000000000000000000, ||V_lower^k - V_lower^k-1||_inf = 0.00000226282341219414, delta^k = -0.00000226282341219414
    Local Iteration 252: ||V_upper^k - V_upper^k-1||_inf = 0.00000000000000000000, ||V_lower^k - V_lower^k-1||_inf = 0.00000217231047570638, delta^k = -0.00000217231047570638
    Local Iteration 253: ||V_upper^k - V_upper^k-1||_inf = 0.00000000000000000000, ||V_lower^k - V_lower^k-1||_inf = 0.00000208541805667812, delta^k = -0.00000208541805667812
    Local Iteration 254: ||V_upper^k - V_upper^k-1||_inf = 0.00000000000000000000, ||V_lower^k - V_lower^k-1||_inf = 0.00000200200133441099, delta^k = -0.00000200200133441099
    Local Iteration 255: ||V_upper^k - V_upper^k-1||_inf = 0.00000000000000000000, ||V_lower^k - V_lower^k-1||_inf = 0.00000192192128103455, delta^k = -0.00000192192128103455
    Local Iteration 256: ||V_upper^k - V_upper^k-1||_inf = 0.00000000000000000000, ||V_lower^k - V_lower^k-1||_inf = 0.00000184504442979317, delta^k = -0.00000184504442979317
    Local Iteration 257: ||V_upper^k - V_upper^k-1||_inf = 0.00000000000000000000, ||V_lower^k - V_lower^k-1||_inf = 0.00000177124265260144, delta^k = -0.00000177124265260144
    Local Iteration 258: ||V_upper^k - V_upper^k-1||_inf = 0.00000000000000000000, ||V_lower^k - V_lower^k-1||_inf = 0.00000170039294649739, delta^k = -0.00000170039294649739
    Local Iteration 259: ||V_upper^k - V_upper^k-1||_inf = 0.00000000000000000000, ||V_lower^k - V_lower^k-1||_inf = 0.00000163237722863749, delta^k = -0.00000163237722863749
    Local Iteration 260: ||V_upper^k - V_upper^k-1||_inf = 0.00000000000000000000, ||V_lower^k - V_lower^k-1||_inf = 0.00000156708213949199, delta^k = -0.00000156708213949199
    Local Iteration 261: ||V_upper^k - V_upper^k-1||_inf = 0.00000000000000000000, ||V_lower^k - V_lower^k-1||_inf = 0.00000150439885391231, delta^k = -0.00000150439885391231
    Local Iteration 262: ||V_upper^k - V_upper^k-1||_inf = 0.00000000000000000000, ||V_lower^k - V_lower^k-1||_inf = 0.00000144422289975582, delta^k = -0.00000144422289975582
    Local Iteration 263: ||V_upper^k - V_upper^k-1||_inf = 0.00000000000000000000, ||V_lower^k - V_lower^k-1||_inf = 0.00000138645398376559, delta^k = -0.00000138645398376559
    Local Iteration 264: ||V_upper^k - V_upper^k-1||_inf = 0.00000000000000000000, ||V_lower^k - V_lower^k-1||_inf = 0.00000133099582441496, delta^k = -0.00000133099582441496
    Local Iteration 265: ||V_upper^k - V_upper^k-1||_inf = 0.00000000000000000000, ||V_lower^k - V_lower^k-1||_inf = 0.00000127775599143836, delta^k = -0.00000127775599143836
    Local Iteration 266: ||V_upper^k - V_upper^k-1||_inf = 0.00000000000000000000, ||V_lower^k - V_lower^k-1||_inf = 0.00000122664575178083, delta^k = -0.00000122664575178083
    Local Iteration 267: ||V_upper^k - V_upper^k-1||_inf = 0.00000000000000000000, ||V_lower^k - V_lower^k-1||_inf = 0.00000117757992170960, delta^k = -0.00000117757992170960
    Local Iteration 268: ||V_upper^k - V_upper^k-1||_inf = 0.00000000000000000000, ||V_lower^k - V_lower^k-1||_inf = 0.00000113047672484121, delta^k = -0.00000113047672484121
    Local Iteration 269: ||V_upper^k - V_upper^k-1||_inf = 0.00000000000000000000, ||V_lower^k - V_lower^k-1||_inf = 0.00000108525765584757, delta^k = -0.00000108525765584757
    Local Iteration 270: ||V_upper^k - V_upper^k-1||_inf = 0.00000000000000000000, ||V_lower^k - V_lower^k-1||_inf = 0.00000104184734961366, delta^k = -0.00000104184734961366
    Local Iteration 271: ||V_upper^k - V_upper^k-1||_inf = 0.00000000000000000000, ||V_lower^k - V_lower^k-1||_inf = 0.00000100017345562912, delta^k = -0.00000100017345562912
    Local Iteration 272: ||V_upper^k - V_upper^k-1||_inf = 0.00000000000000000000, ||V_lower^k - V_lower^k-1||_inf = 0.00000096016651740395, delta^k = -0.00000096016651740395
    Local Iteration 273: ||V_upper^k - V_upper^k-1||_inf = 0.00000000000000000000, ||V_lower^k - V_lower^k-1||_inf = 0.00000092175985670779, delta^k = -0.00000092175985670779
    Local Iteration 274: ||V_upper^k - V_upper^k-1||_inf = 0.00000000000000000000, ||V_lower^k - V_lower^k-1||_inf = 0.00000088488946243948, delta^k = -0.00000088488946243948
    Local Iteration 275: ||V_upper^k - V_upper^k-1||_inf = 0.00000000000000000000, ||V_lower^k - V_lower^k-1||_inf = 0.00000084949388394190, delta^k = -0.00000084949388394190
    Local Iteration 276: ||V_upper^k - V_upper^k-1||_inf = 0.00000000000000000000, ||V_lower^k - V_lower^k-1||_inf = 0.00000081551412858422, delta^k = -0.00000081551412858422
    Local Iteration 277: ||V_upper^k - V_upper^k-1||_inf = 0.00000000000000000000, ||V_lower^k - V_lower^k-1||_inf = 0.00000078289356344086, delta^k = -0.00000078289356344086
    Local Iteration 278: ||V_upper^k - V_upper^k-1||_inf = 0.00000000000000000000, ||V_lower^k - V_lower^k-1||_inf = 0.00000075157782090322, delta^k = -0.00000075157782090322
    Local Iteration 279: ||V_upper^k - V_upper^k-1||_inf = 0.00000000000000000000, ||V_lower^k - V_lower^k-1||_inf = 0.00000072151470806709, delta^k = -0.00000072151470806709
    Local Iteration 280: ||V_upper^k - V_upper^k-1||_inf = 0.00000000000000000000, ||V_lower^k - V_lower^k-1||_inf = 0.00000069265411974441, delta^k = -0.00000069265411974441
    Local Iteration 281: ||V_upper^k - V_upper^k-1||_inf = 0.00000000000000000000, ||V_lower^k - V_lower^k-1||_inf = 0.00000066494795495463, delta^k = -0.00000066494795495463
    Local Iteration 282: ||V_upper^k - V_upper^k-1||_inf = 0.00000000000000000000, ||V_lower^k - V_lower^k-1||_inf = 0.00000063835003675645, delta^k = -0.00000063835003675645
    Local Iteration 283: ||V_upper^k - V_upper^k-1||_inf = 0.00000000000000000000, ||V_lower^k - V_lower^k-1||_inf = 0.00000061281603528619, delta^k = -0.00000061281603528619
    Local Iteration 284: ||V_upper^k - V_upper^k-1||_inf = 0.00000000000000000000, ||V_lower^k - V_lower^k-1||_inf = 0.00000058830339387474, delta^k = -0.00000058830339387474
    Local Iteration 285: ||V_upper^k - V_upper^k-1||_inf = 0.00000000000000000000, ||V_lower^k - V_lower^k-1||_inf = 0.00000056477125811975, delta^k = -0.00000056477125811975
    Local Iteration 286: ||V_upper^k - V_upper^k-1||_inf = 0.00000000000000000000, ||V_lower^k - V_lower^k-1||_inf = 0.00000054218040779496, delta^k = -0.00000054218040779496
    Local Iteration 287: ||V_upper^k - V_upper^k-1||_inf = 0.00000000000000000000, ||V_lower^k - V_lower^k-1||_inf = 0.00000052049319148316, delta^k = -0.00000052049319148316
    Local Iteration 288: ||V_upper^k - V_upper^k-1||_inf = 0.00000000000000000000, ||V_lower^k - V_lower^k-1||_inf = 0.00000049967346382384, delta^k = -0.00000049967346382384
    Local Iteration 289: ||V_upper^k - V_upper^k-1||_inf = 0.00000000000000000000, ||V_lower^k - V_lower^k-1||_inf = 0.00000047968652527088, delta^k = -0.00000047968652527088
    Local Iteration 290: ||V_upper^k - V_upper^k-1||_inf = 0.00000000000000000000, ||V_lower^k - V_lower^k-1||_inf = 0.00000046049906426005, delta^k = -0.00000046049906426005
    Local Iteration 291: ||V_upper^k - V_upper^k-1||_inf = 0.00000000000000000000, ||V_lower^k - V_lower^k-1||_inf = 0.00000044207910168965, delta^k = -0.00000044207910168965
    Local Iteration 292: ||V_upper^k - V_upper^k-1||_inf = 0.00000000000000000000, ||V_lower^k - V_lower^k-1||_inf = 0.00000042439593762206, delta^k = -0.00000042439593762206
    Local Iteration 293: ||V_upper^k - V_upper^k-1||_inf = 0.00000000000000000000, ||V_lower^k - V_lower^k-1||_inf = 0.00000040742010011718, delta^k = -0.00000040742010011718
    Local Iteration 294: ||V_upper^k - V_upper^k-1||_inf = 0.00000000000000000000, ||V_lower^k - V_lower^k-1||_inf = 0.00000039112329611249, delta^k = -0.00000039112329611249
    Local Iteration 295: ||V_upper^k - V_upper^k-1||_inf = 0.00000000000000000000, ||V_lower^k - V_lower^k-1||_inf = 0.00000037547836426799, delta^k = -0.00000037547836426799
    Local Iteration 296: ||V_upper^k - V_upper^k-1||_inf = 0.00000000000000000000, ||V_lower^k - V_lower^k-1||_inf = 0.00000036045922969727, delta^k = -0.00000036045922969727
    Local Iteration 297: ||V_upper^k - V_upper^k-1||_inf = 0.00000000000000000000, ||V_lower^k - V_lower^k-1||_inf = 0.00000034604086050938, delta^k = -0.00000034604086050938
    Local Iteration 298: ||V_upper^k - V_upper^k-1||_inf = 0.00000000000000000000, ||V_lower^k - V_lower^k-1||_inf = 0.00000033219922608900, delta^k = -0.00000033219922608900
    Local Iteration 299: ||V_upper^k - V_upper^k-1||_inf = 0.00000000000000000000, ||V_lower^k - V_lower^k-1||_inf = 0.00000031891125704545, delta^k = -0.00000031891125704545
    Local Iteration 300: ||V_upper^k - V_upper^k-1||_inf = 0.00000000000000000000, ||V_lower^k - V_lower^k-1||_inf = 0.00000030615480676363, delta^k = -0.00000030615480676363
    Local Iteration 301: ||V_upper^k - V_upper^k-1||_inf = 0.00000000000000000000, ||V_lower^k - V_lower^k-1||_inf = 0.00000029390861449308, delta^k = -0.00000029390861449308
    Local Iteration 302: ||V_upper^k - V_upper^k-1||_inf = 0.00000000000000000000, ||V_lower^k - V_lower^k-1||_inf = 0.00000028215226991336, delta^k = -0.00000028215226991336
    Local Iteration 303: ||V_upper^k - V_upper^k-1||_inf = 0.00000000000000000000, ||V_lower^k - V_lower^k-1||_inf = 0.00000027086617911682, delta^k = -0.00000027086617911682
    Local Iteration 304: ||V_upper^k - V_upper^k-1||_inf = 0.00000000000000000000, ||V_lower^k - V_lower^k-1||_inf = 0.00000026003153195215, delta^k = -0.00000026003153195215
    Local Iteration 305: ||V_upper^k - V_upper^k-1||_inf = 0.00000000000000000000, ||V_lower^k - V_lower^k-1||_inf = 0.00000024963027067407, delta^k = -0.00000024963027067407
    Local Iteration 306: ||V_upper^k - V_upper^k-1||_inf = 0.00000000000000000000, ||V_lower^k - V_lower^k-1||_inf = 0.00000023964505984710, delta^k = -0.00000023964505984710
    Local Iteration 307: ||V_upper^k - V_upper^k-1||_inf = 0.00000000000000000000, ||V_lower^k - V_lower^k-1||_inf = 0.00000023005925745322, delta^k = -0.00000023005925745322
    Local Iteration 308: ||V_upper^k - V_upper^k-1||_inf = 0.00000000000000000000, ||V_lower^k - V_lower^k-1||_inf = 0.00000022085688715509, delta^k = -0.00000022085688715509
    Local Iteration 309: ||V_upper^k - V_upper^k-1||_inf = 0.00000000000000000000, ||V_lower^k - V_lower^k-1||_inf = 0.00000021202261166889, delta^k = -0.00000021202261166889
    Local Iteration 310: ||V_upper^k - V_upper^k-1||_inf = 0.00000000000000000000, ||V_lower^k - V_lower^k-1||_inf = 0.00000020354170720213, delta^k = -0.00000020354170720213
    Local Iteration 311: ||V_upper^k - V_upper^k-1||_inf = 0.00000000000000000000, ||V_lower^k - V_lower^k-1||_inf = 0.00000019540003891405, delta^k = -0.00000019540003891405
    Local Iteration 312: ||V_upper^k - V_upper^k-1||_inf = 0.00000000000000000000, ||V_lower^k - V_lower^k-1||_inf = 0.00000018758403735748, delta^k = -0.00000018758403735748
    Local Iteration 313: ||V_upper^k - V_upper^k-1||_inf = 0.00000000000000000000, ||V_lower^k - V_lower^k-1||_inf = 0.00000018008067586318, delta^k = -0.00000018008067586318
    Local Iteration 314: ||V_upper^k - V_upper^k-1||_inf = 0.00000000000000000000, ||V_lower^k - V_lower^k-1||_inf = 0.00000017287744882866, delta^k = -0.00000017287744882866
    Local Iteration 315: ||V_upper^k - V_upper^k-1||_inf = 0.00000000000000000000, ||V_lower^k - V_lower^k-1||_inf = 0.00000016596235087551, delta^k = -0.00000016596235087551
    Local Iteration 316: ||V_upper^k - V_upper^k-1||_inf = 0.00000000000000000000, ||V_lower^k - V_lower^k-1||_inf = 0.00000015932385684049, delta^k = -0.00000015932385684049
    Local Iteration 317: ||V_upper^k - V_upper^k-1||_inf = 0.00000000000000000000, ||V_lower^k - V_lower^k-1||_inf = 0.00000015295090256687, delta^k = -0.00000015295090256687
    Local Iteration 318: ||V_upper^k - V_upper^k-1||_inf = 0.00000000000000000000, ||V_lower^k - V_lower^k-1||_inf = 0.00000014683286646420, delta^k = -0.00000014683286646420
    Local Iteration 319: ||V_upper^k - V_upper^k-1||_inf = 0.00000000000000000000, ||V_lower^k - V_lower^k-1||_inf = 0.00000014095955180563, delta^k = -0.00000014095955180563
    Local Iteration 320: ||V_upper^k - V_upper^k-1||_inf = 0.00000000000000000000, ||V_lower^k - V_lower^k-1||_inf = 0.00000013532116973340, delta^k = -0.00000013532116973340
    Local Iteration 321: ||V_upper^k - V_upper^k-1||_inf = 0.00000000000000000000, ||V_lower^k - V_lower^k-1||_inf = 0.00000012990832294407, delta^k = -0.00000012990832294407
    Local Iteration 322: ||V_upper^k - V_upper^k-1||_inf = 0.00000000000000000000, ||V_lower^k - V_lower^k-1||_inf = 0.00000012471199002630, delta^k = -0.00000012471199002630
    Local Iteration 323: ||V_upper^k - V_upper^k-1||_inf = 0.00000000000000000000, ||V_lower^k - V_lower^k-1||_inf = 0.00000011972351042525, delta^k = -0.00000011972351042525
    Local Iteration 324: ||V_upper^k - V_upper^k-1||_inf = 0.00000000000000000000, ||V_lower^k - V_lower^k-1||_inf = 0.00000011493457000824, delta^k = -0.00000011493457000824
    Local Iteration 325: ||V_upper^k - V_upper^k-1||_inf = 0.00000000000000000000, ||V_lower^k - V_lower^k-1||_inf = 0.00000011033718720791, delta^k = -0.00000011033718720791
    Local Iteration 326: ||V_upper^k - V_upper^k-1||_inf = 0.00000000000000000000, ||V_lower^k - V_lower^k-1||_inf = 0.00000010592369971960, delta^k = -0.00000010592369971960
    Local Iteration 327: ||V_upper^k - V_upper^k-1||_inf = 0.00000000000000000000, ||V_lower^k - V_lower^k-1||_inf = 0.00000010168675173081, delta^k = -0.00000010168675173081
    Local Iteration 328: ||V_upper^k - V_upper^k-1||_inf = 0.00000000000000000000, ||V_lower^k - V_lower^k-1||_inf = 0.00000009761928166158, delta^k = -0.00000009761928166158
    Local Iteration 329: ||V_upper^k - V_upper^k-1||_inf = 0.00000000000000000000, ||V_lower^k - V_lower^k-1||_inf = 0.00000009371451039512, delta^k = -0.00000009371451039512
    Local Iteration 330: ||V_upper^k - V_upper^k-1||_inf = 0.00000000000000000000, ||V_lower^k - V_lower^k-1||_inf = 0.00000008996592997931, delta^k = -0.00000008996592997931
    Local Iteration 331: ||V_upper^k - V_upper^k-1||_inf = 0.00000000000000000000, ||V_lower^k - V_lower^k-1||_inf = 0.00000008636729278014, delta^k = -0.00000008636729278014
    Local Iteration 332: ||V_upper^k - V_upper^k-1||_inf = 0.00000000000000000000, ||V_lower^k - V_lower^k-1||_inf = 0.00000008291260106893, delta^k = -0.00000008291260106893
    Local Iteration 333: ||V_upper^k - V_upper^k-1||_inf = 0.00000000000000000000, ||V_lower^k - V_lower^k-1||_inf = 0.00000007959609702618, delta^k = -0.00000007959609702618
    Local Iteration 334: ||V_upper^k - V_upper^k-1||_inf = 0.00000000000000000000, ||V_lower^k - V_lower^k-1||_inf = 0.00000007641225314513, delta^k = -0.00000007641225314513
    Local Iteration 335: ||V_upper^k - V_upper^k-1||_inf = 0.00000000000000000000, ||V_lower^k - V_lower^k-1||_inf = 0.00000007335576301932, delta^k = -0.00000007335576301932
    Local Iteration 336: ||V_upper^k - V_upper^k-1||_inf = 0.00000000000000000000, ||V_lower^k - V_lower^k-1||_inf = 0.00000007042153249855, delta^k = -0.00000007042153249855
    Local Iteration 337: ||V_upper^k - V_upper^k-1||_inf = 0.00000000000000000000, ||V_lower^k - V_lower^k-1||_inf = 0.00000006760467119861, delta^k = -0.00000006760467119861
    Local Iteration 338: ||V_upper^k - V_upper^k-1||_inf = 0.00000000000000000000, ||V_lower^k - V_lower^k-1||_inf = 0.00000006490048435066, delta^k = -0.00000006490048435066
    Local Iteration 339: ||V_upper^k - V_upper^k-1||_inf = 0.00000000000000000000, ||V_lower^k - V_lower^k-1||_inf = 0.00000006230446497664, delta^k = -0.00000006230446497664
    Local Iteration 340: ||V_upper^k - V_upper^k-1||_inf = 0.00000000000000000000, ||V_lower^k - V_lower^k-1||_inf = 0.00000005981228637757, delta^k = -0.00000005981228637757
    Local Iteration 341: ||V_upper^k - V_upper^k-1||_inf = 0.00000000000000000000, ||V_lower^k - V_lower^k-1||_inf = 0.00000005741979492247, delta^k = -0.00000005741979492247
    Local Iteration 342: ||V_upper^k - V_upper^k-1||_inf = 0.00000000000000000000, ||V_lower^k - V_lower^k-1||_inf = 0.00000005512300312557, delta^k = -0.00000005512300312557
    Local Iteration 343: ||V_upper^k - V_upper^k-1||_inf = 0.00000000000000000000, ||V_lower^k - V_lower^k-1||_inf = 0.00000005291808300055, delta^k = -0.00000005291808300055
    Local Iteration 344: ||V_upper^k - V_upper^k-1||_inf = 0.00000000000000000000, ||V_lower^k - V_lower^k-1||_inf = 0.00000005080135968053, delta^k = -0.00000005080135968053
    Local Iteration 345: ||V_upper^k - V_upper^k-1||_inf = 0.00000000000000000000, ||V_lower^k - V_lower^k-1||_inf = 0.00000004876930529331, delta^k = -0.00000004876930529331
    Local Iteration 346: ||V_upper^k - V_upper^k-1||_inf = 0.00000000000000000000, ||V_lower^k - V_lower^k-1||_inf = 0.00000004681853308157, delta^k = -0.00000004681853308157
    Local Iteration 347: ||V_upper^k - V_upper^k-1||_inf = 0.00000000000000000000, ||V_lower^k - V_lower^k-1||_inf = 0.00000004494579175831, delta^k = -0.00000004494579175831
    Local Iteration 348: ||V_upper^k - V_upper^k-1||_inf = 0.00000000000000000000, ||V_lower^k - V_lower^k-1||_inf = 0.00000004314796008798, delta^k = -0.00000004314796008798
    Local Iteration 349: ||V_upper^k - V_upper^k-1||_inf = 0.00000000000000000000, ||V_lower^k - V_lower^k-1||_inf = 0.00000004142204168446, delta^k = -0.00000004142204168446
    Local Iteration 350: ||V_upper^k - V_upper^k-1||_inf = 0.00000000000000000000, ||V_lower^k - V_lower^k-1||_inf = 0.00000003976516001708, delta^k = -0.00000003976516001708
    Local Iteration 351: ||V_upper^k - V_upper^k-1||_inf = 0.00000000000000000000, ||V_lower^k - V_lower^k-1||_inf = 0.00000003817455361640, delta^k = -0.00000003817455361640
    Local Iteration 352: ||V_upper^k - V_upper^k-1||_inf = 0.00000000000000000000, ||V_lower^k - V_lower^k-1||_inf = 0.00000003664757147174, delta^k = -0.00000003664757147174
    Local Iteration 353: ||V_upper^k - V_upper^k-1||_inf = 0.00000000000000000000, ||V_lower^k - V_lower^k-1||_inf = 0.00000003518166861287, delta^k = -0.00000003518166861287
    Local Iteration 354: ||V_upper^k - V_upper^k-1||_inf = 0.00000000000000000000, ||V_lower^k - V_lower^k-1||_inf = 0.00000003377440186836, delta^k = -0.00000003377440186836
    Local Iteration 355: ||V_upper^k - V_upper^k-1||_inf = 0.00000000000000000000, ||V_lower^k - V_lower^k-1||_inf = 0.00000003242342579362, delta^k = -0.00000003242342579362
    Local Iteration 356: ||V_upper^k - V_upper^k-1||_inf = 0.00000000000000000000, ||V_lower^k - V_lower^k-1||_inf = 0.00000003112648876188, delta^k = -0.00000003112648876188
    Local Iteration 357: ||V_upper^k - V_upper^k-1||_inf = 0.00000000000000000000, ||V_lower^k - V_lower^k-1||_inf = 0.00000002988142921140, delta^k = -0.00000002988142921140
    Local Iteration 358: ||V_upper^k - V_upper^k-1||_inf = 0.00000000000000000000, ||V_lower^k - V_lower^k-1||_inf = 0.00000002868617204295, delta^k = -0.00000002868617204295
    Local Iteration 359: ||V_upper^k - V_upper^k-1||_inf = 0.00000000000000000000, ||V_lower^k - V_lower^k-1||_inf = 0.00000002753872516123, delta^k = -0.00000002753872516123
    Local Iteration 360: ||V_upper^k - V_upper^k-1||_inf = 0.00000000000000000000, ||V_lower^k - V_lower^k-1||_inf = 0.00000002643717615478, delta^k = -0.00000002643717615478
    Local Iteration 361: ||V_upper^k - V_upper^k-1||_inf = 0.00000000000000000000, ||V_lower^k - V_lower^k-1||_inf = 0.00000002537968910859, delta^k = -0.00000002537968910859
    Local Iteration 362: ||V_upper^k - V_upper^k-1||_inf = 0.00000000000000000000, ||V_lower^k - V_lower^k-1||_inf = 0.00000002436450154424, delta^k = -0.00000002436450154424
    Local Iteration 363: ||V_upper^k - V_upper^k-1||_inf = 0.00000000000000000000, ||V_lower^k - V_lower^k-1||_inf = 0.00000002338992148247, delta^k = -0.00000002338992148247
    Local Iteration 364: ||V_upper^k - V_upper^k-1||_inf = 0.00000000000000000000, ||V_lower^k - V_lower^k-1||_inf = 0.00000002245432462318, delta^k = -0.00000002245432462318
    Local Iteration 365: ||V_upper^k - V_upper^k-1||_inf = 0.00000000000000000000, ||V_lower^k - V_lower^k-1||_inf = 0.00000002155615163825, delta^k = -0.00000002155615163825
    Local Iteration 366: ||V_upper^k - V_upper^k-1||_inf = 0.00000000000000000000, ||V_lower^k - V_lower^k-1||_inf = 0.00000002069390557272, delta^k = -0.00000002069390557272
    Local Iteration 367: ||V_upper^k - V_upper^k-1||_inf = 0.00000000000000000000, ||V_lower^k - V_lower^k-1||_inf = 0.00000001986614934981, delta^k = -0.00000001986614934981
    Local Iteration 368: ||V_upper^k - V_upper^k-1||_inf = 0.00000000000000000000, ||V_lower^k - V_lower^k-1||_inf = 0.00000001907150337582, delta^k = -0.00000001907150337582
    Local Iteration 369: ||V_upper^k - V_upper^k-1||_inf = 0.00000000000000000000, ||V_lower^k - V_lower^k-1||_inf = 0.00000001830864324078, delta^k = -0.00000001830864324078
    Local Iteration 370: ||V_upper^k - V_upper^k-1||_inf = 0.00000000000000000000, ||V_lower^k - V_lower^k-1||_inf = 0.00000001757629751115, delta^k = -0.00000001757629751115
    Local Iteration 371: ||V_upper^k - V_upper^k-1||_inf = 0.00000000000000000000, ||V_lower^k - V_lower^k-1||_inf = 0.00000001687324561071, delta^k = -0.00000001687324561071
    Local Iteration 372: ||V_upper^k - V_upper^k-1||_inf = 0.00000000000000000000, ||V_lower^k - V_lower^k-1||_inf = 0.00000001619831578628, delta^k = -0.00000001619831578628
    Local Iteration 373: ||V_upper^k - V_upper^k-1||_inf = 0.00000000000000000000, ||V_lower^k - V_lower^k-1||_inf = 0.00000001555038315483, delta^k = -0.00000001555038315483
    Local Iteration 374: ||V_upper^k - V_upper^k-1||_inf = 0.00000000000000000000, ||V_lower^k - V_lower^k-1||_inf = 0.00000001492836782863, delta^k = -0.00000001492836782863
    Local Iteration 375: ||V_upper^k - V_upper^k-1||_inf = 0.00000000000000000000, ||V_lower^k - V_lower^k-1||_inf = 0.00000001433123311549, delta^k = -0.00000001433123311549
    Local Iteration 376: ||V_upper^k - V_upper^k-1||_inf = 0.00000000000000000000, ||V_lower^k - V_lower^k-1||_inf = 0.00000001375798379087, delta^k = -0.00000001375798379087
    Local Iteration 377: ||V_upper^k - V_upper^k-1||_inf = 0.00000000000000000000, ||V_lower^k - V_lower^k-1||_inf = 0.00000001320766443924, delta^k = -0.00000001320766443924
    Local Iteration 378: ||V_upper^k - V_upper^k-1||_inf = 0.00000000000000000000, ||V_lower^k - V_lower^k-1||_inf = 0.00000001267935786167, delta^k = -0.00000001267935786167
    Local Iteration 379: ||V_upper^k - V_upper^k-1||_inf = 0.00000000000000000000, ||V_lower^k - V_lower^k-1||_inf = 0.00000001217218354720, delta^k = -0.00000001217218354720
    Local Iteration 380: ||V_upper^k - V_upper^k-1||_inf = 0.00000000000000000000, ||V_lower^k - V_lower^k-1||_inf = 0.00000001168529620531, delta^k = -0.00000001168529620531
    Local Iteration 381: ||V_upper^k - V_upper^k-1||_inf = 0.00000000000000000000, ||V_lower^k - V_lower^k-1||_inf = 0.00000001121788435710, delta^k = -0.00000001121788435710
    Local Iteration 382: ||V_upper^k - V_upper^k-1||_inf = 0.00000000000000000000, ||V_lower^k - V_lower^k-1||_inf = 0.00000001076916898281, delta^k = -0.00000001076916898281
    Local Iteration 383: ||V_upper^k - V_upper^k-1||_inf = 0.00000000000000000000, ||V_lower^k - V_lower^k-1||_inf = 0.00000001033840222350, delta^k = -0.00000001033840222350
    Local Iteration 384: ||V_upper^k - V_upper^k-1||_inf = 0.00000000000000000000, ||V_lower^k - V_lower^k-1||_inf = 0.00000000992486613456, delta^k = -0.00000000992486613456

============================================================
 CONSERVATIVE STOPPING CONDITION MET (Algorithm 3)
============================================================
  delta^k = -9.9248661346e-09 >= -delta_max
  ||V_upper^k - V_upper^k-1||_inf = 0.0000000000e+00 < 1e-08
  eps_cons = (0.96 * 9.9248661346e-09) / 0.04 = 2.3819678723e-07
  Correcting V_lower for 280866 cells: V_lower <- V_lower - eps_cons - eps_machine
   Conservative correction applied successfully
  Machine epsilon eps_machine = 2.220e-16
    5760 cells experienced near-cancellation
    Local VI completed in 384 iterations
    Final convergence values:
      ||V_upper^final - V_upper^prev||_inf = 0.00000000e+00
      ||V_lower^final - V_lower^prev||_inf = 9.92486613e-09
  Local VI completed in 384 iterations, time: 5.494s
    Final ||V_upper^k - V_upper^k-1||_inf = 0.00000000000000000000e+00
    Final ||V_lower^k - V_lower^k-1||_inf = 9.92486613456197821402e-09
  Saved visualization: /Users/i.k.tabbara/Documents/python directory/HSCC_2027/refactored_Implementations/results_hscc_2027_newbellmans_12workers/ra_discount/double_integrator_res10_eps0.05_dmin1e-08_dmax1e-08_gamma0.96_dt0.3_tau0.3_cons/value_function_phase_5_complete.png
  Phase 5 completed in 6.29s with 280866 leaf cells

Classification after phase 5:
  Safe:             1584 cells (  0.6%),    1.4% of state space
  Unsafe:           5812 cells (  2.1%),   13.1% of state space
  Unclassified:   273470 cells ( 97.4%),   85.5% of state space

======================================================================
REFINEMENT PHASE 6
======================================================================
Boundary cells: 273470
  Refinable (>eta_min=0.017678): 273470
  Below threshold: 0
  Cumulative refined: 270866
  Refinable cell size statistics:
    Max:    0.200000
    Mean:   0.200000
    Min:    0.200000
    Median: 0.200000
  Refining 273470 cells...
    Refined: 273470 parent cells
    Created: 546940 child cells
    Total cells: 554336
    Refinement time: 0.022s
    Cumulative refined: 544336
  Rebuilding spatial index...
  Building spatial index for 554336 cells...
   Spatial index built in 0.17s
    Spatial index rebuilt in 0.171s
  Initializing 546940 new cells...
  Initializing 546940 new cells in parallel...
   Initialized in 0.00s (326881057.2 cells/s)
    Initialization completed in 0.002s
  Starting local value iteration...
  Reinitializing ALL 554336 cells (V = l)
   Reinitialized 554336 cells in 0.00s (340832640.1 cells/s)
  Local VI: updating all 554336 cells
    Conservative mode: True
    delta_max: 1e-08
    Max iterations: 20000
    Updating successor cache for 546940 updated cells...
    Updating successor cache for 546940 new cells (HYBRID)...
      Affected cells: 551410
   Trajectories + spatial queries computed in 1.50s (3302260.6 tasks/s)
    Breakdown: 10.8% ODE, 89.2% queries
     Cache updated in 1.67s (2962975.6 tasks/s)
    Local Iteration   1: ||V_upper^k - V_upper^k-1||_inf = 3.93799602617861266296, ||V_lower^k - V_lower^k-1||_inf = 3.69050865276332107356, delta^k = -3.69050865276332107356
    Local Iteration   2: ||V_upper^k - V_upper^k-1||_inf = 0.14291917479843307959, ||V_lower^k - V_lower^k-1||_inf = 3.33924155367106312298, delta^k = -3.33924155367106312298
    Local Iteration   3: ||V_upper^k - V_upper^k-1||_inf = 0.10897804930147847458, ||V_lower^k - V_lower^k-1||_inf = 3.01017100866176345875, delta^k = -3.01017100866176345875
    Local Iteration   4: ||V_upper^k - V_upper^k-1||_inf = 0.10461892732941935336, ||V_lower^k - V_lower^k-1||_inf = 2.70208332076733492855, delta^k = -2.70208332076733492855
    Local Iteration   5: ||V_upper^k - V_upper^k-1||_inf = 0.10043417023624234830, ||V_lower^k - V_lower^k-1||_inf = 2.50532044398403241914, delta^k = -2.50532044398403241914
    Local Iteration   6: ||V_upper^k - V_upper^k-1||_inf = 0.09641680342679270765, ||V_lower^k - V_lower^k-1||_inf = 0.39099583713985192057, delta^k = -0.39099583713985192057
    Local Iteration   7: ||V_upper^k - V_upper^k-1||_inf = 0.09256013128972107040, ||V_lower^k - V_lower^k-1||_inf = 0.32057577851918156453, delta^k = -0.32057577851918156453
    Local Iteration   8: ||V_upper^k - V_upper^k-1||_inf = 0.08885772603813224535, ||V_lower^k - V_lower^k-1||_inf = 0.29302803415924644215, delta^k = -0.29302803415924644215
    Local Iteration   9: ||V_upper^k - V_upper^k-1||_inf = 0.08530341699660715094, ||V_lower^k - V_lower^k-1||_inf = 0.22359013536154770385, delta^k = -0.22359013536154770385
    Local Iteration  10: ||V_upper^k - V_upper^k-1||_inf = 0.08189128031674264285, ||V_lower^k - V_lower^k-1||_inf = 0.08445819760867540049, delta^k = -0.08445819760867540049
    Local Iteration  11: ||V_upper^k - V_upper^k-1||_inf = 0.07861562910407293714, ||V_lower^k - V_lower^k-1||_inf = 0.05004808267591109860, delta^k = -0.05004808267591109860
    Local Iteration  12: ||V_upper^k - V_upper^k-1||_inf = 0.07547100393991001965, ||V_lower^k - V_lower^k-1||_inf = 0.04804615936887479677, delta^k = -0.04804615936887479677
    Local Iteration  13: ||V_upper^k - V_upper^k-1||_inf = 0.07245216378231367216, ||V_lower^k - V_lower^k-1||_inf = 0.04612431299411978713, delta^k = -0.04612431299411978713
    Local Iteration  14: ||V_upper^k - V_upper^k-1||_inf = 0.06955407723102102757, ||V_lower^k - V_lower^k-1||_inf = 0.04427934047435488907, delta^k = -0.04427934047435488907
    Local Iteration  15: ||V_upper^k - V_upper^k-1||_inf = 0.06677191414178018647, ||V_lower^k - V_lower^k-1||_inf = 0.04250816685538083561, delta^k = -0.04250816685538083561
    Local Iteration  16: ||V_upper^k - V_upper^k-1||_inf = 0.06410103757610907671, ||V_lower^k - V_lower^k-1||_inf = 0.04080784018116556666, delta^k = -0.04080784018116556666
    Local Iteration  17: ||V_upper^k - V_upper^k-1||_inf = 0.06153699607306473141, ||V_lower^k - V_lower^k-1||_inf = 0.03917552657391887294, delta^k = -0.03917552657391887294
    Local Iteration  18: ||V_upper^k - V_upper^k-1||_inf = 0.05907551623014217768, ||V_lower^k - V_lower^k-1||_inf = 0.03760850551096217576, delta^k = -0.03760850551096217576
    Local Iteration  19: ||V_upper^k - V_upper^k-1||_inf = 0.05671249558093638399, ||V_lower^k - V_lower^k-1||_inf = 0.03610416529052362655, delta^k = -0.03610416529052362655
    Local Iteration  20: ||V_upper^k - V_upper^k-1||_inf = 0.05444399575769898192, ||V_lower^k - V_lower^k-1||_inf = 0.03465999867890268149, delta^k = -0.03465999867890268149
    Local Iteration  21: ||V_upper^k - V_upper^k-1||_inf = 0.05226623592739110258, ||V_lower^k - V_lower^k-1||_inf = 0.03327359873174662308, delta^k = -0.03327359873174662308
    Local Iteration  22: ||V_upper^k - V_upper^k-1||_inf = 0.05017558649029529860, ||V_lower^k - V_lower^k-1||_inf = 0.03194265478247670931, delta^k = -0.03194265478247670931
    Local Iteration  23: ||V_upper^k - V_upper^k-1||_inf = 0.04816856303068361989, ||V_lower^k - V_lower^k-1||_inf = 0.03066494859117763205, delta^k = -0.03066494859117763205
    Local Iteration  24: ||V_upper^k - V_upper^k-1||_inf = 0.04624182050945613298, ||V_lower^k - V_lower^k-1||_inf = 0.02943835064753053121, delta^k = -0.02943835064753053121
    Local Iteration  25: ||V_upper^k - V_upper^k-1||_inf = 0.04439214768907784325, ||V_lower^k - V_lower^k-1||_inf = 0.02826081662162938102, delta^k = -0.02826081662162938102
    Local Iteration  26: ||V_upper^k - V_upper^k-1||_inf = 0.04261646178151479170, ||V_lower^k - V_lower^k-1||_inf = 0.02713038395676414805, delta^k = -0.02713038395676414805
    Local Iteration  27: ||V_upper^k - V_upper^k-1||_inf = 0.04091180331025423556, ||V_lower^k - V_lower^k-1||_inf = 0.02604516859849359545, delta^k = -0.02604516859849359545
    Local Iteration  28: ||V_upper^k - V_upper^k-1||_inf = 0.03927533117784409722, ||V_lower^k - V_lower^k-1||_inf = 0.02500336185455387383, delta^k = -0.02500336185455387383
    Local Iteration  29: ||V_upper^k - V_upper^k-1||_inf = 0.03770431793073025784, ||V_lower^k - V_lower^k-1||_inf = 0.02400322738037174997, delta^k = -0.02400322738037174997
    Local Iteration  30: ||V_upper^k - V_upper^k-1||_inf = 0.03619614521350111858, ||V_lower^k - V_lower^k-1||_inf = 0.02304309828515682668, delta^k = -0.02304309828515682668
    Local Iteration  31: ||V_upper^k - V_upper^k-1||_inf = 0.03474829940496104719, ||V_lower^k - V_lower^k-1||_inf = 0.02212137435375061134, delta^k = -0.02212137435375061134
    Local Iteration  32: ||V_upper^k - V_upper^k-1||_inf = 0.03335836742876263639, ||V_lower^k - V_lower^k-1||_inf = 0.02123651937960058245, delta^k = -0.02123651937960058245
    Local Iteration  33: ||V_upper^k - V_upper^k-1||_inf = 0.03202403273161213981, ||V_lower^k - V_lower^k-1||_inf = 0.02038705860441653028, delta^k = -0.02038705860441653028
    Local Iteration  34: ||V_upper^k - V_upper^k-1||_inf = 0.03074307142234766754, ||V_lower^k - V_lower^k-1||_inf = 0.01957157626023986463, delta^k = -0.01957157626023986463
    Local Iteration  35: ||V_upper^k - V_upper^k-1||_inf = 0.02951334856545373420, ||V_lower^k - V_lower^k-1||_inf = 0.01878871320983027671, delta^k = -0.01878871320983027671
    Local Iteration  36: ||V_upper^k - V_upper^k-1||_inf = 0.02833281462283554486, ||V_lower^k - V_lower^k-1||_inf = 0.01803716468143706786, delta^k = -0.01803716468143706786
    Local Iteration  37: ||V_upper^k - V_upper^k-1||_inf = 0.02719950203792209642, ||V_lower^k - V_lower^k-1||_inf = 0.01731567809417955406, delta^k = -0.01731567809417955406
    Local Iteration  38: ||V_upper^k - V_upper^k-1||_inf = 0.02611152195640520368, ||V_lower^k - V_lower^k-1||_inf = 0.01662305097041238966, delta^k = -0.01662305097041238966
    Local Iteration  39: ||V_upper^k - V_upper^k-1||_inf = 0.02506706107814904438, ||V_lower^k - V_lower^k-1||_inf = 0.01595812893159587187, delta^k = -0.01595812893159587187
    Local Iteration  40: ||V_upper^k - V_upper^k-1||_inf = 0.02406437863502308705, ||V_lower^k - V_lower^k-1||_inf = 0.01531980377433206364, delta^k = -0.01531980377433206364
    Local Iteration  41: ||V_upper^k - V_upper^k-1||_inf = 0.02310180348962220798, ||V_lower^k - V_lower^k-1||_inf = 0.01470701162335874557, delta^k = -0.01470701162335874557
    Local Iteration  42: ||V_upper^k - V_upper^k-1||_inf = 0.02217773135003731078, ||V_lower^k - V_lower^k-1||_inf = 0.01411873115842443571, delta^k = -0.01411873115842443571
    Local Iteration  43: ||V_upper^k - V_upper^k-1||_inf = 0.02129062209603571620, ||V_lower^k - V_lower^k-1||_inf = 0.01355398191208745384, delta^k = -0.01355398191208745384
    Local Iteration  44: ||V_upper^k - V_upper^k-1||_inf = 0.02043899721219433196, ||V_lower^k - V_lower^k-1||_inf = 0.01301182263560396457, delta^k = -0.01301182263560396457
    Local Iteration  45: ||V_upper^k - V_upper^k-1||_inf = 0.01962143732370658089, ||V_lower^k - V_lower^k-1||_inf = 0.01249134973017979044, delta^k = -0.01249134973017979044
    Local Iteration  46: ||V_upper^k - V_upper^k-1||_inf = 0.01883657983075831543, ||V_lower^k - V_lower^k-1||_inf = 0.01199169574097258550, delta^k = -0.01199169574097258550
    Local Iteration  47: ||V_upper^k - V_upper^k-1||_inf = 0.01808311663752798504, ||V_lower^k - V_lower^k-1||_inf = 0.01151202791133371095, delta^k = -0.01151202791133371095
    Local Iteration  48: ||V_upper^k - V_upper^k-1||_inf = 0.01735979197202686120, ||V_lower^k - V_lower^k-1||_inf = 0.01105154679488035141, delta^k = -0.01105154679488035141
    Local Iteration  49: ||V_upper^k - V_upper^k-1||_inf = 0.01666540029314578231, ||V_lower^k - V_lower^k-1||_inf = 0.01060948492308511071, delta^k = -0.01060948492308511071
    Local Iteration  50: ||V_upper^k - V_upper^k-1||_inf = 0.01599878428141993103, ||V_lower^k - V_lower^k-1||_inf = 0.01018510552616172515, delta^k = -0.01018510552616172515
    Local Iteration  51: ||V_upper^k - V_upper^k-1||_inf = 0.01535883291016315599, ||V_lower^k - V_lower^k-1||_inf = 0.00977770130511523838, delta^k = -0.00977770130511523838
    Local Iteration  52: ||V_upper^k - V_upper^k-1||_inf = 0.01474447959375663197, ||V_lower^k - V_lower^k-1||_inf = 0.00938659325291063551, delta^k = -0.00938659325291063551
    Local Iteration  53: ||V_upper^k - V_upper^k-1||_inf = 0.01415470041000632673, ||V_lower^k - V_lower^k-1||_inf = 0.00901112952279420343, delta^k = -0.00901112952279420343
    Local Iteration  54: ||V_upper^k - V_upper^k-1||_inf = 0.01358851239360608920, ||V_lower^k - V_lower^k-1||_inf = 0.00865068434188243085, delta^k = -0.00865068434188243085
    Local Iteration  55: ||V_upper^k - V_upper^k-1||_inf = 0.01304497189786185674, ||V_lower^k - V_lower^k-1||_inf = 0.00830465696820714694, delta^k = -0.00830465696820714694
    Local Iteration  56: ||V_upper^k - V_upper^k-1||_inf = 0.01252317302194738691, ||V_lower^k - V_lower^k-1||_inf = 0.00797247068947884441, delta^k = -0.00797247068947884441
    Local Iteration  57: ||V_upper^k - V_upper^k-1||_inf = 0.01202224610106950031, ||V_lower^k - V_lower^k-1||_inf = 0.00765357186189971617, delta^k = -0.00765357186189971617
    Local Iteration  58: ||V_upper^k - V_upper^k-1||_inf = 0.00022124014609248288, ||V_lower^k - V_lower^k-1||_inf = 0.00734742898742371531, delta^k = -0.00734742898742371531
    Local Iteration  59: ||V_upper^k - V_upper^k-1||_inf = 0.00000000000000000000, ||V_lower^k - V_lower^k-1||_inf = 0.00705353182792675670, delta^k = -0.00705353182792675670
    Local Iteration  60: ||V_upper^k - V_upper^k-1||_inf = 0.00000000000000000000, ||V_lower^k - V_lower^k-1||_inf = 0.00677139055480968644, delta^k = -0.00677139055480968644
    Local Iteration  61: ||V_upper^k - V_upper^k-1||_inf = 0.00000000000000000000, ||V_lower^k - V_lower^k-1||_inf = 0.00650053493261731896, delta^k = -0.00650053493261731896
    Local Iteration  62: ||V_upper^k - V_upper^k-1||_inf = 0.00000000000000000000, ||V_lower^k - V_lower^k-1||_inf = 0.00624051353531260289, delta^k = -0.00624051353531260289
    Local Iteration  63: ||V_upper^k - V_upper^k-1||_inf = 0.00000000000000000000, ||V_lower^k - V_lower^k-1||_inf = 0.00599089299390009877, delta^k = -0.00599089299390009877
    Local Iteration  64: ||V_upper^k - V_upper^k-1||_inf = 0.00000000000000000000, ||V_lower^k - V_lower^k-1||_inf = 0.00575125727414410592, delta^k = -0.00575125727414410592
    Local Iteration  65: ||V_upper^k - V_upper^k-1||_inf = 0.00000000000000000000, ||V_lower^k - V_lower^k-1||_inf = 0.00552120698317834502, delta^k = -0.00552120698317834502
    Local Iteration  66: ||V_upper^k - V_upper^k-1||_inf = 0.00000000000000000000, ||V_lower^k - V_lower^k-1||_inf = 0.00530035870385120456, delta^k = -0.00530035870385120456
    Local Iteration  67: ||V_upper^k - V_upper^k-1||_inf = 0.00000000000000000000, ||V_lower^k - V_lower^k-1||_inf = 0.00508834435569716081, delta^k = -0.00508834435569716081
    Local Iteration  68: ||V_upper^k - V_upper^k-1||_inf = 0.00000000000000000000, ||V_lower^k - V_lower^k-1||_inf = 0.00488481058146927882, delta^k = -0.00488481058146927882
    Local Iteration  69: ||V_upper^k - V_upper^k-1||_inf = 0.00000000000000000000, ||V_lower^k - V_lower^k-1||_inf = 0.00468941815821050101, delta^k = -0.00468941815821050101
    Local Iteration  70: ||V_upper^k - V_upper^k-1||_inf = 0.00000000000000000000, ||V_lower^k - V_lower^k-1||_inf = 0.00450184143188207819, delta^k = -0.00450184143188207819
    Local Iteration  71: ||V_upper^k - V_upper^k-1||_inf = 0.00000000000000000000, ||V_lower^k - V_lower^k-1||_inf = 0.00432176777460679951, delta^k = -0.00432176777460679951
    Local Iteration  72: ||V_upper^k - V_upper^k-1||_inf = 0.00000000000000000000, ||V_lower^k - V_lower^k-1||_inf = 0.00414889706362252253, delta^k = -0.00414889706362252253
    Local Iteration  73: ||V_upper^k - V_upper^k-1||_inf = 0.00000000000000000000, ||V_lower^k - V_lower^k-1||_inf = 0.00398294118107762884, delta^k = -0.00398294118107762884
    Local Iteration  74: ||V_upper^k - V_upper^k-1||_inf = 0.00000000000000000000, ||V_lower^k - V_lower^k-1||_inf = 0.00382362353383451647, delta^k = -0.00382362353383451647
    Local Iteration  75: ||V_upper^k - V_upper^k-1||_inf = 0.00000000000000000000, ||V_lower^k - V_lower^k-1||_inf = 0.00367067859248114414, delta^k = -0.00367067859248114414
    Local Iteration  76: ||V_upper^k - V_upper^k-1||_inf = 0.00000000000000000000, ||V_lower^k - V_lower^k-1||_inf = 0.00352385144878189505, delta^k = -0.00352385144878189505
    Local Iteration  77: ||V_upper^k - V_upper^k-1||_inf = 0.00000000000000000000, ||V_lower^k - V_lower^k-1||_inf = 0.00338289739083061369, delta^k = -0.00338289739083061369
    Local Iteration  78: ||V_upper^k - V_upper^k-1||_inf = 0.00000000000000000000, ||V_lower^k - V_lower^k-1||_inf = 0.00324758149519739636, delta^k = -0.00324758149519739636
    Local Iteration  79: ||V_upper^k - V_upper^k-1||_inf = 0.00000000000000000000, ||V_lower^k - V_lower^k-1||_inf = 0.00311767823538949829, delta^k = -0.00311767823538949829
    Local Iteration  80: ||V_upper^k - V_upper^k-1||_inf = 0.00000000000000000000, ||V_lower^k - V_lower^k-1||_inf = 0.00299297110597392113, delta^k = -0.00299297110597392113
    Local Iteration  81: ||V_upper^k - V_upper^k-1||_inf = 0.00000000000000000000, ||V_lower^k - V_lower^k-1||_inf = 0.00287325226173495984, delta^k = -0.00287325226173495984
    Local Iteration  82: ||V_upper^k - V_upper^k-1||_inf = 0.00000000000000000000, ||V_lower^k - V_lower^k-1||_inf = 0.00275832217126556478, delta^k = -0.00275832217126556478
    Local Iteration  83: ||V_upper^k - V_upper^k-1||_inf = 0.00000000000000000000, ||V_lower^k - V_lower^k-1||_inf = 0.00264798928441493941, delta^k = -0.00264798928441493941
    Local Iteration  84: ||V_upper^k - V_upper^k-1||_inf = 0.00000000000000000000, ||V_lower^k - V_lower^k-1||_inf = 0.00254206971303833767, delta^k = -0.00254206971303833767
    Local Iteration  85: ||V_upper^k - V_upper^k-1||_inf = 0.00000000000000000000, ||V_lower^k - V_lower^k-1||_inf = 0.00244038692451680611, delta^k = -0.00244038692451680611
    Local Iteration  86: ||V_upper^k - V_upper^k-1||_inf = 0.00000000000000000000, ||V_lower^k - V_lower^k-1||_inf = 0.00234277144753613359, delta^k = -0.00234277144753613359
    Local Iteration  87: ||V_upper^k - V_upper^k-1||_inf = 0.00000000000000000000, ||V_lower^k - V_lower^k-1||_inf = 0.00224906058963469241, delta^k = -0.00224906058963469241
    Local Iteration  88: ||V_upper^k - V_upper^k-1||_inf = 0.00000000000000000000, ||V_lower^k - V_lower^k-1||_inf = 0.00215909816604930443, delta^k = -0.00215909816604930443
    Local Iteration  89: ||V_upper^k - V_upper^k-1||_inf = 0.00000000000000000000, ||V_lower^k - V_lower^k-1||_inf = 0.00207273423940732698, delta^k = -0.00207273423940732698
    Local Iteration  90: ||V_upper^k - V_upper^k-1||_inf = 0.00000000000000000000, ||V_lower^k - V_lower^k-1||_inf = 0.00198982486983103474, delta^k = -0.00198982486983103474
    Local Iteration  91: ||V_upper^k - V_upper^k-1||_inf = 0.00000000000000000000, ||V_lower^k - V_lower^k-1||_inf = 0.00191023187503779751, delta^k = -0.00191023187503779751
    Local Iteration  92: ||V_upper^k - V_upper^k-1||_inf = 0.00000000000000000000, ||V_lower^k - V_lower^k-1||_inf = 0.00183382260003628339, delta^k = -0.00183382260003628339
    Local Iteration  93: ||V_upper^k - V_upper^k-1||_inf = 0.00000000000000000000, ||V_lower^k - V_lower^k-1||_inf = 0.00176046969603483455, delta^k = -0.00176046969603483455
    Local Iteration  94: ||V_upper^k - V_upper^k-1||_inf = 0.00000000000000000000, ||V_lower^k - V_lower^k-1||_inf = 0.00169005090819343562, delta^k = -0.00169005090819343562
    Local Iteration  95: ||V_upper^k - V_upper^k-1||_inf = 0.00000000000000000000, ||V_lower^k - V_lower^k-1||_inf = 0.00162244887186570319, delta^k = -0.00162244887186570319
    Local Iteration  96: ||V_upper^k - V_upper^k-1||_inf = 0.00000000000000000000, ||V_lower^k - V_lower^k-1||_inf = 0.00155755091699107118, delta^k = -0.00155755091699107118
    Local Iteration  97: ||V_upper^k - V_upper^k-1||_inf = 0.00000000000000000000, ||V_lower^k - V_lower^k-1||_inf = 0.00149524888031143249, delta^k = -0.00149524888031143249
    Local Iteration  98: ||V_upper^k - V_upper^k-1||_inf = 0.00000000000000000000, ||V_lower^k - V_lower^k-1||_inf = 0.00143543892509897381, delta^k = -0.00143543892509897381
    Local Iteration  99: ||V_upper^k - V_upper^k-1||_inf = 0.00000000000000000000, ||V_lower^k - V_lower^k-1||_inf = 0.00137802136809501291, delta^k = -0.00137802136809501291
    Local Iteration 100: ||V_upper^k - V_upper^k-1||_inf = 0.00000000000000000000, ||V_lower^k - V_lower^k-1||_inf = 0.00132290051337121545, delta^k = -0.00132290051337121545
    Local Iteration 101: ||V_upper^k - V_upper^k-1||_inf = 0.00000000000000000000, ||V_lower^k - V_lower^k-1||_inf = 0.00126998449283636378, delta^k = -0.00126998449283636378
    Local Iteration 102: ||V_upper^k - V_upper^k-1||_inf = 0.00000000000000000000, ||V_lower^k - V_lower^k-1||_inf = 0.00121918511312290798, delta^k = -0.00121918511312290798
    Local Iteration 103: ||V_upper^k - V_upper^k-1||_inf = 0.00000000000000000000, ||V_lower^k - V_lower^k-1||_inf = 0.00117041770859799277, delta^k = -0.00117041770859799277
    Local Iteration 104: ||V_upper^k - V_upper^k-1||_inf = 0.00000000000000000000, ||V_lower^k - V_lower^k-1||_inf = 0.00112360100025407292, delta^k = -0.00112360100025407292
    Local Iteration 105: ||V_upper^k - V_upper^k-1||_inf = 0.00000000000000000000, ||V_lower^k - V_lower^k-1||_inf = 0.00107865696024390945, delta^k = -0.00107865696024390945
    Local Iteration 106: ||V_upper^k - V_upper^k-1||_inf = 0.00000000000000000000, ||V_lower^k - V_lower^k-1||_inf = 0.00103551068183415501, delta^k = -0.00103551068183415501
    Local Iteration 107: ||V_upper^k - V_upper^k-1||_inf = 0.00000000000000000000, ||V_lower^k - V_lower^k-1||_inf = 0.00099409025456078867, delta^k = -0.00099409025456078867
    Local Iteration 108: ||V_upper^k - V_upper^k-1||_inf = 0.00000000000000000000, ||V_lower^k - V_lower^k-1||_inf = 0.00095432664437835463, delta^k = -0.00095432664437835463
    Local Iteration 109: ||V_upper^k - V_upper^k-1||_inf = 0.00000000000000000000, ||V_lower^k - V_lower^k-1||_inf = 0.00091615357860322030, delta^k = -0.00091615357860322030
    Local Iteration 110: ||V_upper^k - V_upper^k-1||_inf = 0.00000000000000000000, ||V_lower^k - V_lower^k-1||_inf = 0.00087950743545909399, delta^k = -0.00087950743545909399
    Local Iteration 111: ||V_upper^k - V_upper^k-1||_inf = 0.00000000000000000000, ||V_lower^k - V_lower^k-1||_inf = 0.00084432713804073051, delta^k = -0.00084432713804073051
    Local Iteration 112: ||V_upper^k - V_upper^k-1||_inf = 0.00000000000000000000, ||V_lower^k - V_lower^k-1||_inf = 0.00081055405251909823, delta^k = -0.00081055405251909823
    Local Iteration 113: ||V_upper^k - V_upper^k-1||_inf = 0.00000000000000000000, ||V_lower^k - V_lower^k-1||_inf = 0.00077813189041833417, delta^k = -0.00077813189041833417
    Local Iteration 114: ||V_upper^k - V_upper^k-1||_inf = 0.00000000000000000000, ||V_lower^k - V_lower^k-1||_inf = 0.00074700661480160344, delta^k = -0.00074700661480160344
    Local Iteration 115: ||V_upper^k - V_upper^k-1||_inf = 0.00000000000000000000, ||V_lower^k - V_lower^k-1||_inf = 0.00071712635020953694, delta^k = -0.00071712635020953694
    Local Iteration 116: ||V_upper^k - V_upper^k-1||_inf = 0.00000000000000000000, ||V_lower^k - V_lower^k-1||_inf = 0.00068844129620115532, delta^k = -0.00068844129620115532
    Local Iteration 117: ||V_upper^k - V_upper^k-1||_inf = 0.00000000000000000000, ||V_lower^k - V_lower^k-1||_inf = 0.00066090364435310994, delta^k = -0.00066090364435310994
    Local Iteration 118: ||V_upper^k - V_upper^k-1||_inf = 0.00000000000000000000, ||V_lower^k - V_lower^k-1||_inf = 0.00063446749857898679, delta^k = -0.00063446749857898679
    Local Iteration 119: ||V_upper^k - V_upper^k-1||_inf = 0.00000000000000000000, ||V_lower^k - V_lower^k-1||_inf = 0.00060908879863582656, delta^k = -0.00060908879863582656
    Local Iteration 120: ||V_upper^k - V_upper^k-1||_inf = 0.00000000000000000000, ||V_lower^k - V_lower^k-1||_inf = 0.00058472524669039329, delta^k = -0.00058472524669039329
    Local Iteration 121: ||V_upper^k - V_upper^k-1||_inf = 0.00000000000000000000, ||V_lower^k - V_lower^k-1||_inf = 0.00056133623682277749, delta^k = -0.00056133623682277749
    Local Iteration 122: ||V_upper^k - V_upper^k-1||_inf = 0.00000000000000000000, ||V_lower^k - V_lower^k-1||_inf = 0.00053888278734986680, delta^k = -0.00053888278734986680
    Local Iteration 123: ||V_upper^k - V_upper^k-1||_inf = 0.00000000000000000000, ||V_lower^k - V_lower^k-1||_inf = 0.00051732747585587179, delta^k = -0.00051732747585587179
    Local Iteration 124: ||V_upper^k - V_upper^k-1||_inf = 0.00000000000000000000, ||V_lower^k - V_lower^k-1||_inf = 0.00049663437682163740, delta^k = -0.00049663437682163740
    Local Iteration 125: ||V_upper^k - V_upper^k-1||_inf = 0.00000000000000000000, ||V_lower^k - V_lower^k-1||_inf = 0.00047676900174877142, delta^k = -0.00047676900174877142
    Local Iteration 126: ||V_upper^k - V_upper^k-1||_inf = 0.00000000000000000000, ||V_lower^k - V_lower^k-1||_inf = 0.00045769824167882049, delta^k = -0.00045769824167882049
    Local Iteration 127: ||V_upper^k - V_upper^k-1||_inf = 0.00000000000000000000, ||V_lower^k - V_lower^k-1||_inf = 0.00043939031201166781, delta^k = -0.00043939031201166781
    Local Iteration 128: ||V_upper^k - V_upper^k-1||_inf = 0.00000000000000000000, ||V_lower^k - V_lower^k-1||_inf = 0.00042181469953120158, delta^k = -0.00042181469953120158
    Local Iteration 129: ||V_upper^k - V_upper^k-1||_inf = 0.00000000000000000000, ||V_lower^k - V_lower^k-1||_inf = 0.00040494211154995345, delta^k = -0.00040494211154995345
    Local Iteration 130: ||V_upper^k - V_upper^k-1||_inf = 0.00000000000000000000, ||V_lower^k - V_lower^k-1||_inf = 0.00038874442708795517, delta^k = -0.00038874442708795517
    Local Iteration 131: ||V_upper^k - V_upper^k-1||_inf = 0.00000000000000000000, ||V_lower^k - V_lower^k-1||_inf = 0.00037319465000443600, delta^k = -0.00037319465000443600
    Local Iteration 132: ||V_upper^k - V_upper^k-1||_inf = 0.00000000000000000000, ||V_lower^k - V_lower^k-1||_inf = 0.00035826686400425994, delta^k = -0.00035826686400425994
    Local Iteration 133: ||V_upper^k - V_upper^k-1||_inf = 0.00000000000000000000, ||V_lower^k - V_lower^k-1||_inf = 0.00034393618944408844, delta^k = -0.00034393618944408844
    Local Iteration 134: ||V_upper^k - V_upper^k-1||_inf = 0.00000000000000000000, ||V_lower^k - V_lower^k-1||_inf = 0.00033017874186632573, delta^k = -0.00033017874186632573
    Local Iteration 135: ||V_upper^k - V_upper^k-1||_inf = 0.00000000000000000000, ||V_lower^k - V_lower^k-1||_inf = 0.00031697159219167253, delta^k = -0.00031697159219167253
    Local Iteration 136: ||V_upper^k - V_upper^k-1||_inf = 0.00000000000000000000, ||V_lower^k - V_lower^k-1||_inf = 0.00030429272850400566, delta^k = -0.00030429272850400566
    Local Iteration 137: ||V_upper^k - V_upper^k-1||_inf = 0.00000000000000000000, ||V_lower^k - V_lower^k-1||_inf = 0.00029212101936384495, delta^k = -0.00029212101936384495
    Local Iteration 138: ||V_upper^k - V_upper^k-1||_inf = 0.00000000000000000000, ||V_lower^k - V_lower^k-1||_inf = 0.00028043617858929115, delta^k = -0.00028043617858929115
    Local Iteration 139: ||V_upper^k - V_upper^k-1||_inf = 0.00000000000000000000, ||V_lower^k - V_lower^k-1||_inf = 0.00026921873144571985, delta^k = -0.00026921873144571985
    Local Iteration 140: ||V_upper^k - V_upper^k-1||_inf = 0.00000000000000000000, ||V_lower^k - V_lower^k-1||_inf = 0.00025844998218789092, delta^k = -0.00025844998218789092
    Local Iteration 141: ||V_upper^k - V_upper^k-1||_inf = 0.00000000000000000000, ||V_lower^k - V_lower^k-1||_inf = 0.00024811198290037532, delta^k = -0.00024811198290037532
    Local Iteration 142: ||V_upper^k - V_upper^k-1||_inf = 0.00000000000000000000, ||V_lower^k - V_lower^k-1||_inf = 0.00023818750358435992, delta^k = -0.00023818750358435992
    Local Iteration 143: ||V_upper^k - V_upper^k-1||_inf = 0.00000000000000000000, ||V_lower^k - V_lower^k-1||_inf = 0.00022866000344098567, delta^k = -0.00022866000344098567
    Local Iteration 144: ||V_upper^k - V_upper^k-1||_inf = 0.00000000000000000000, ||V_lower^k - V_lower^k-1||_inf = 0.00021951360330334669, delta^k = -0.00021951360330334669
    Local Iteration 145: ||V_upper^k - V_upper^k-1||_inf = 0.00000000000000000000, ||V_lower^k - V_lower^k-1||_inf = 0.00021073305917121248, delta^k = -0.00021073305917121248
    Local Iteration 146: ||V_upper^k - V_upper^k-1||_inf = 0.00000000000000000000, ||V_lower^k - V_lower^k-1||_inf = 0.00020230373680436408, delta^k = -0.00020230373680436408
    Local Iteration 147: ||V_upper^k - V_upper^k-1||_inf = 0.00000000000000000000, ||V_lower^k - V_lower^k-1||_inf = 0.00019421158733218952, delta^k = -0.00019421158733218952
    Local Iteration 148: ||V_upper^k - V_upper^k-1||_inf = 0.00000000000000000000, ||V_lower^k - V_lower^k-1||_inf = 0.00018644312383890149, delta^k = -0.00018644312383890149
    Local Iteration 149: ||V_upper^k - V_upper^k-1||_inf = 0.00000000000000000000, ||V_lower^k - V_lower^k-1||_inf = 0.00017898539888534532, delta^k = -0.00017898539888534532
    Local Iteration 150: ||V_upper^k - V_upper^k-1||_inf = 0.00000000000000000000, ||V_lower^k - V_lower^k-1||_inf = 0.00017182598292993147, delta^k = -0.00017182598292993147
    Local Iteration 151: ||V_upper^k - V_upper^k-1||_inf = 0.00000000000000000000, ||V_lower^k - V_lower^k-1||_inf = 0.00016495294361273428, delta^k = -0.00016495294361273428
    Local Iteration 152: ||V_upper^k - V_upper^k-1||_inf = 0.00000000000000000000, ||V_lower^k - V_lower^k-1||_inf = 0.00015835482586822524, delta^k = -0.00015835482586822524
    Local Iteration 153: ||V_upper^k - V_upper^k-1||_inf = 0.00000000000000000000, ||V_lower^k - V_lower^k-1||_inf = 0.00015202063283349622, delta^k = -0.00015202063283349622
    Local Iteration 154: ||V_upper^k - V_upper^k-1||_inf = 0.00000000000000000000, ||V_lower^k - V_lower^k-1||_inf = 0.00014593980752015652, delta^k = -0.00014593980752015652
    Local Iteration 155: ||V_upper^k - V_upper^k-1||_inf = 0.00000000000000000000, ||V_lower^k - V_lower^k-1||_inf = 0.00014010221521935018, delta^k = -0.00014010221521935018
    Local Iteration 156: ||V_upper^k - V_upper^k-1||_inf = 0.00000000000000000000, ||V_lower^k - V_lower^k-1||_inf = 0.00013449812661057601, delta^k = -0.00013449812661057601
    Local Iteration 157: ||V_upper^k - V_upper^k-1||_inf = 0.00000000000000000000, ||V_lower^k - V_lower^k-1||_inf = 0.00012911820154615315, delta^k = -0.00012911820154615315
    Local Iteration 158: ||V_upper^k - V_upper^k-1||_inf = 0.00000000000000000000, ||V_lower^k - V_lower^k-1||_inf = 0.00012395347348430688, delta^k = -0.00012395347348430688
    Local Iteration 159: ||V_upper^k - V_upper^k-1||_inf = 0.00000000000000000000, ||V_lower^k - V_lower^k-1||_inf = 0.00011899533454493450, delta^k = -0.00011899533454493450
    Local Iteration 160: ||V_upper^k - V_upper^k-1||_inf = 0.00000000000000000000, ||V_lower^k - V_lower^k-1||_inf = 0.00011423552116313724, delta^k = -0.00011423552116313724
    Local Iteration 161: ||V_upper^k - V_upper^k-1||_inf = 0.00000000000000000000, ||V_lower^k - V_lower^k-1||_inf = 0.00010966610031661181, delta^k = -0.00010966610031661181
    Local Iteration 162: ||V_upper^k - V_upper^k-1||_inf = 0.00000000000000000000, ||V_lower^k - V_lower^k-1||_inf = 0.00010527945630394711, delta^k = -0.00010527945630394711
    Local Iteration 163: ||V_upper^k - V_upper^k-1||_inf = 0.00000000000000000000, ||V_lower^k - V_lower^k-1||_inf = 0.00010106827805178922, delta^k = -0.00010106827805178922
    Local Iteration 164: ||V_upper^k - V_upper^k-1||_inf = 0.00000000000000000000, ||V_lower^k - V_lower^k-1||_inf = 0.00009702554692971781, delta^k = -0.00009702554692971781
    Local Iteration 165: ||V_upper^k - V_upper^k-1||_inf = 0.00000000000000000000, ||V_lower^k - V_lower^k-1||_inf = 0.00009314452505252910, delta^k = -0.00009314452505252910
    Local Iteration 166: ||V_upper^k - V_upper^k-1||_inf = 0.00000000000000000000, ||V_lower^k - V_lower^k-1||_inf = 0.00008941874405042800, delta^k = -0.00008941874405042800
    Local Iteration 167: ||V_upper^k - V_upper^k-1||_inf = 0.00000000000000000000, ||V_lower^k - V_lower^k-1||_inf = 0.00008584199428841085, delta^k = -0.00008584199428841085
    Local Iteration 168: ||V_upper^k - V_upper^k-1||_inf = 0.00000000000000000000, ||V_lower^k - V_lower^k-1||_inf = 0.00008240831451687431, delta^k = -0.00008240831451687431
    Local Iteration 169: ||V_upper^k - V_upper^k-1||_inf = 0.00000000000000000000, ||V_lower^k - V_lower^k-1||_inf = 0.00007911198193619943, delta^k = -0.00007911198193619943
    Local Iteration 170: ||V_upper^k - V_upper^k-1||_inf = 0.00000000000000000000, ||V_lower^k - V_lower^k-1||_inf = 0.00007594750265875146, delta^k = -0.00007594750265875146
    Local Iteration 171: ||V_upper^k - V_upper^k-1||_inf = 0.00000000000000000000, ||V_lower^k - V_lower^k-1||_inf = 0.00007290960255240133, delta^k = -0.00007290960255240133
    Local Iteration 172: ||V_upper^k - V_upper^k-1||_inf = 0.00000000000000000000, ||V_lower^k - V_lower^k-1||_inf = 0.00006999321845030534, delta^k = -0.00006999321845030534
    Local Iteration 173: ||V_upper^k - V_upper^k-1||_inf = 0.00000000000000000000, ||V_lower^k - V_lower^k-1||_inf = 0.00006719348971229318, delta^k = -0.00006719348971229318
    Local Iteration 174: ||V_upper^k - V_upper^k-1||_inf = 0.00000000000000000000, ||V_lower^k - V_lower^k-1||_inf = 0.00006450575012380126, delta^k = -0.00006450575012380126
    Local Iteration 175: ||V_upper^k - V_upper^k-1||_inf = 0.00000000000000000000, ||V_lower^k - V_lower^k-1||_inf = 0.00006192552011884925, delta^k = -0.00006192552011884925
    Local Iteration 176: ||V_upper^k - V_upper^k-1||_inf = 0.00000000000000000000, ||V_lower^k - V_lower^k-1||_inf = 0.00005944849931409542, delta^k = -0.00005944849931409542
    Local Iteration 177: ||V_upper^k - V_upper^k-1||_inf = 0.00000000000000000000, ||V_lower^k - V_lower^k-1||_inf = 0.00005707055934153142, delta^k = -0.00005707055934153142
    Local Iteration 178: ||V_upper^k - V_upper^k-1||_inf = 0.00000000000000000000, ||V_lower^k - V_lower^k-1||_inf = 0.00005478773696787034, delta^k = -0.00005478773696787034
    Local Iteration 179: ||V_upper^k - V_upper^k-1||_inf = 0.00000000000000000000, ||V_lower^k - V_lower^k-1||_inf = 0.00005259622748915536, delta^k = -0.00005259622748915536
    Local Iteration 180: ||V_upper^k - V_upper^k-1||_inf = 0.00000000000000000000, ||V_lower^k - V_lower^k-1||_inf = 0.00005049237838958926, delta^k = -0.00005049237838958926
    Local Iteration 181: ||V_upper^k - V_upper^k-1||_inf = 0.00000000000000000000, ||V_lower^k - V_lower^k-1||_inf = 0.00004847268325400560, delta^k = -0.00004847268325400560
    Local Iteration 182: ||V_upper^k - V_upper^k-1||_inf = 0.00000000000000000000, ||V_lower^k - V_lower^k-1||_inf = 0.00004653377592384544, delta^k = -0.00004653377592384544
    Local Iteration 183: ||V_upper^k - V_upper^k-1||_inf = 0.00000000000000000000, ||V_lower^k - V_lower^k-1||_inf = 0.00004467242488689167, delta^k = -0.00004467242488689167
    Local Iteration 184: ||V_upper^k - V_upper^k-1||_inf = 0.00000000000000000000, ||V_lower^k - V_lower^k-1||_inf = 0.00004288552789141601, delta^k = -0.00004288552789141601
    Local Iteration 185: ||V_upper^k - V_upper^k-1||_inf = 0.00000000000000000000, ||V_lower^k - V_lower^k-1||_inf = 0.00004117010677575934, delta^k = -0.00004117010677575934
    Local Iteration 186: ||V_upper^k - V_upper^k-1||_inf = 0.00000000000000000000, ||V_lower^k - V_lower^k-1||_inf = 0.00003952330250472892, delta^k = -0.00003952330250472892
    Local Iteration 187: ||V_upper^k - V_upper^k-1||_inf = 0.00000000000000000000, ||V_lower^k - V_lower^k-1||_inf = 0.00003794237040453973, delta^k = -0.00003794237040453973
    Local Iteration 188: ||V_upper^k - V_upper^k-1||_inf = 0.00000000000000000000, ||V_lower^k - V_lower^k-1||_inf = 0.00003642467558835811, delta^k = -0.00003642467558835811
    Local Iteration 189: ||V_upper^k - V_upper^k-1||_inf = 0.00000000000000000000, ||V_lower^k - V_lower^k-1||_inf = 0.00003496768856482387, delta^k = -0.00003496768856482387
    Local Iteration 190: ||V_upper^k - V_upper^k-1||_inf = 0.00000000000000000000, ||V_lower^k - V_lower^k-1||_inf = 0.00003356898102223089, delta^k = -0.00003356898102223089
    Local Iteration 191: ||V_upper^k - V_upper^k-1||_inf = 0.00000000000000000000, ||V_lower^k - V_lower^k-1||_inf = 0.00003222622178134166, delta^k = -0.00003222622178134166
    Local Iteration 192: ||V_upper^k - V_upper^k-1||_inf = 0.00000000000000000000, ||V_lower^k - V_lower^k-1||_inf = 0.00003093717291008803, delta^k = -0.00003093717291008803
    Local Iteration 193: ||V_upper^k - V_upper^k-1||_inf = 0.00000000000000000000, ||V_lower^k - V_lower^k-1||_inf = 0.00002969968599368449, delta^k = -0.00002969968599368449
    Local Iteration 194: ||V_upper^k - V_upper^k-1||_inf = 0.00000000000000000000, ||V_lower^k - V_lower^k-1||_inf = 0.00002851169855393708, delta^k = -0.00002851169855393708
    Local Iteration 195: ||V_upper^k - V_upper^k-1||_inf = 0.00000000000000000000, ||V_lower^k - V_lower^k-1||_inf = 0.00002737123061177956, delta^k = -0.00002737123061177956
    Local Iteration 196: ||V_upper^k - V_upper^k-1||_inf = 0.00000000000000000000, ||V_lower^k - V_lower^k-1||_inf = 0.00002627638138730844, delta^k = -0.00002627638138730844
    Local Iteration 197: ||V_upper^k - V_upper^k-1||_inf = 0.00000000000000000000, ||V_lower^k - V_lower^k-1||_inf = 0.00002522532613181603, delta^k = -0.00002522532613181603
    Local Iteration 198: ||V_upper^k - V_upper^k-1||_inf = 0.00000000000000000000, ||V_lower^k - V_lower^k-1||_inf = 0.00002421631308654343, delta^k = -0.00002421631308654343
    Local Iteration 199: ||V_upper^k - V_upper^k-1||_inf = 0.00000000000000000000, ||V_lower^k - V_lower^k-1||_inf = 0.00002324766056308167, delta^k = -0.00002324766056308167
    Local Iteration 200: ||V_upper^k - V_upper^k-1||_inf = 0.00000000000000000000, ||V_lower^k - V_lower^k-1||_inf = 0.00002231775414055837, delta^k = -0.00002231775414055837
    Local Iteration 201: ||V_upper^k - V_upper^k-1||_inf = 0.00000000000000000000, ||V_lower^k - V_lower^k-1||_inf = 0.00002142504397493604, delta^k = -0.00002142504397493604
    Local Iteration 202: ||V_upper^k - V_upper^k-1||_inf = 0.00000000000000000000, ||V_lower^k - V_lower^k-1||_inf = 0.00002056804221593864, delta^k = -0.00002056804221593864
    Local Iteration 203: ||V_upper^k - V_upper^k-1||_inf = 0.00000000000000000000, ||V_lower^k - V_lower^k-1||_inf = 0.00001974532052730109, delta^k = -0.00001974532052730109
    Local Iteration 204: ||V_upper^k - V_upper^k-1||_inf = 0.00000000000000000000, ||V_lower^k - V_lower^k-1||_inf = 0.00001895550770620908, delta^k = -0.00001895550770620908
    Local Iteration 205: ||V_upper^k - V_upper^k-1||_inf = 0.00000000000000000000, ||V_lower^k - V_lower^k-1||_inf = 0.00001819728739796070, delta^k = -0.00001819728739796070
    Local Iteration 206: ||V_upper^k - V_upper^k-1||_inf = 0.00000000000000000000, ||V_lower^k - V_lower^k-1||_inf = 0.00001746939590204226, delta^k = -0.00001746939590204226
    Local Iteration 207: ||V_upper^k - V_upper^k-1||_inf = 0.00000000000000000000, ||V_lower^k - V_lower^k-1||_inf = 0.00001677062006596059, delta^k = -0.00001677062006596059
    Local Iteration 208: ||V_upper^k - V_upper^k-1||_inf = 0.00000000000000000000, ||V_lower^k - V_lower^k-1||_inf = 0.00001609979526332215, delta^k = -0.00001609979526332215
    Local Iteration 209: ||V_upper^k - V_upper^k-1||_inf = 0.00000000000000000000, ||V_lower^k - V_lower^k-1||_inf = 0.00001545580345278927, delta^k = -0.00001545580345278927
    Local Iteration 210: ||V_upper^k - V_upper^k-1||_inf = 0.00000000000000000000, ||V_lower^k - V_lower^k-1||_inf = 0.00001483757131467766, delta^k = -0.00001483757131467766
    Local Iteration 211: ||V_upper^k - V_upper^k-1||_inf = 0.00000000000000000000, ||V_lower^k - V_lower^k-1||_inf = 0.00001424406846209061, delta^k = -0.00001424406846209061
    Local Iteration 212: ||V_upper^k - V_upper^k-1||_inf = 0.00000000000000000000, ||V_lower^k - V_lower^k-1||_inf = 0.00001367430572360694, delta^k = -0.00001367430572360694
    Local Iteration 213: ||V_upper^k - V_upper^k-1||_inf = 0.00000000000000000000, ||V_lower^k - V_lower^k-1||_inf = 0.00001312733349466270, delta^k = -0.00001312733349466270
    Local Iteration 214: ||V_upper^k - V_upper^k-1||_inf = 0.00000000000000000000, ||V_lower^k - V_lower^k-1||_inf = 0.00001260224015487614, delta^k = -0.00001260224015487614
    Local Iteration 215: ||V_upper^k - V_upper^k-1||_inf = 0.00000000000000000000, ||V_lower^k - V_lower^k-1||_inf = 0.00001209815054868110, delta^k = -0.00001209815054868110
    Local Iteration 216: ||V_upper^k - V_upper^k-1||_inf = 0.00000000000000000000, ||V_lower^k - V_lower^k-1||_inf = 0.00001161422452673386, delta^k = -0.00001161422452673386
    Local Iteration 217: ||V_upper^k - V_upper^k-1||_inf = 0.00000000000000000000, ||V_lower^k - V_lower^k-1||_inf = 0.00001114965554566453, delta^k = -0.00001114965554566453
    Local Iteration 218: ||V_upper^k - V_upper^k-1||_inf = 0.00000000000000000000, ||V_lower^k - V_lower^k-1||_inf = 0.00001070366932383793, delta^k = -0.00001070366932383793
    Local Iteration 219: ||V_upper^k - V_upper^k-1||_inf = 0.00000000000000000000, ||V_lower^k - V_lower^k-1||_inf = 0.00001027552255088442, delta^k = -0.00001027552255088442
    Local Iteration 220: ||V_upper^k - V_upper^k-1||_inf = 0.00000000000000000000, ||V_lower^k - V_lower^k-1||_inf = 0.00000986450164884903, delta^k = -0.00000986450164884903
    Local Iteration 221: ||V_upper^k - V_upper^k-1||_inf = 0.00000000000000000000, ||V_lower^k - V_lower^k-1||_inf = 0.00000946992158289508, delta^k = -0.00000946992158289508
    Local Iteration 222: ||V_upper^k - V_upper^k-1||_inf = 0.00000000000000000000, ||V_lower^k - V_lower^k-1||_inf = 0.00000909112471957928, delta^k = -0.00000909112471957928
    Local Iteration 223: ||V_upper^k - V_upper^k-1||_inf = 0.00000000000000000000, ||V_lower^k - V_lower^k-1||_inf = 0.00000872747973079612, delta^k = -0.00000872747973079612
    Local Iteration 224: ||V_upper^k - V_upper^k-1||_inf = 0.00000000000000000000, ||V_lower^k - V_lower^k-1||_inf = 0.00000837838054156426, delta^k = -0.00000837838054156426
    Local Iteration 225: ||V_upper^k - V_upper^k-1||_inf = 0.00000000000000000000, ||V_lower^k - V_lower^k-1||_inf = 0.00000804324531990169, delta^k = -0.00000804324531990169
    Local Iteration 226: ||V_upper^k - V_upper^k-1||_inf = 0.00000000000000000000, ||V_lower^k - V_lower^k-1||_inf = 0.00000772151550710562, delta^k = -0.00000772151550710562
    Local Iteration 227: ||V_upper^k - V_upper^k-1||_inf = 0.00000000000000000000, ||V_lower^k - V_lower^k-1||_inf = 0.00000741265488682141, delta^k = -0.00000741265488682141
    Local Iteration 228: ||V_upper^k - V_upper^k-1||_inf = 0.00000000000000000000, ||V_lower^k - V_lower^k-1||_inf = 0.00000711614869134853, delta^k = -0.00000711614869134853
    Local Iteration 229: ||V_upper^k - V_upper^k-1||_inf = 0.00000000000000000000, ||V_lower^k - V_lower^k-1||_inf = 0.00000683150274369461, delta^k = -0.00000683150274369461
    Local Iteration 230: ||V_upper^k - V_upper^k-1||_inf = 0.00000000000000000000, ||V_lower^k - V_lower^k-1||_inf = 0.00000655824263394683, delta^k = -0.00000655824263394683
    Local Iteration 231: ||V_upper^k - V_upper^k-1||_inf = 0.00000000000000000000, ||V_lower^k - V_lower^k-1||_inf = 0.00000629591292858895, delta^k = -0.00000629591292858895
    Local Iteration 232: ||V_upper^k - V_upper^k-1||_inf = 0.00000000000000000000, ||V_lower^k - V_lower^k-1||_inf = 0.00000604407641144539, delta^k = -0.00000604407641144539
    Local Iteration 233: ||V_upper^k - V_upper^k-1||_inf = 0.00000000000000000000, ||V_lower^k - V_lower^k-1||_inf = 0.00000580231335498758, delta^k = -0.00000580231335498758
    Local Iteration 234: ||V_upper^k - V_upper^k-1||_inf = 0.00000000000000000000, ||V_lower^k - V_lower^k-1||_inf = 0.00000557022082078808, delta^k = -0.00000557022082078808
    Local Iteration 235: ||V_upper^k - V_upper^k-1||_inf = 0.00000000000000000000, ||V_lower^k - V_lower^k-1||_inf = 0.00000534741198795656, delta^k = -0.00000534741198795656
    Local Iteration 236: ||V_upper^k - V_upper^k-1||_inf = 0.00000000000000000000, ||V_lower^k - V_lower^k-1||_inf = 0.00000513351550843828, delta^k = -0.00000513351550843828
    Local Iteration 237: ||V_upper^k - V_upper^k-1||_inf = 0.00000000000000000000, ||V_lower^k - V_lower^k-1||_inf = 0.00000492817488810075, delta^k = -0.00000492817488810075
    Local Iteration 238: ||V_upper^k - V_upper^k-1||_inf = 0.00000000000000000000, ||V_lower^k - V_lower^k-1||_inf = 0.00000473104789257672, delta^k = -0.00000473104789257672
    Local Iteration 239: ||V_upper^k - V_upper^k-1||_inf = 0.00000000000000000000, ||V_lower^k - V_lower^k-1||_inf = 0.00000454180597687366, delta^k = -0.00000454180597687366
    Local Iteration 240: ||V_upper^k - V_upper^k-1||_inf = 0.00000000000000000000, ||V_lower^k - V_lower^k-1||_inf = 0.00000436013373779870, delta^k = -0.00000436013373779870
    Local Iteration 241: ||V_upper^k - V_upper^k-1||_inf = 0.00000000000000000000, ||V_lower^k - V_lower^k-1||_inf = 0.00000418572838828675, delta^k = -0.00000418572838828675
    Local Iteration 242: ||V_upper^k - V_upper^k-1||_inf = 0.00000000000000000000, ||V_lower^k - V_lower^k-1||_inf = 0.00000401829925275528, delta^k = -0.00000401829925275528
    Local Iteration 243: ||V_upper^k - V_upper^k-1||_inf = 0.00000000000000000000, ||V_lower^k - V_lower^k-1||_inf = 0.00000385756728264508, delta^k = -0.00000385756728264508
    Local Iteration 244: ||V_upper^k - V_upper^k-1||_inf = 0.00000000000000000000, ||V_lower^k - V_lower^k-1||_inf = 0.00000370326459133926, delta^k = -0.00000370326459133926
    Local Iteration 245: ||V_upper^k - V_upper^k-1||_inf = 0.00000000000000000000, ||V_lower^k - V_lower^k-1||_inf = 0.00000355513400768570, delta^k = -0.00000355513400768570
    Local Iteration 246: ||V_upper^k - V_upper^k-1||_inf = 0.00000000000000000000, ||V_lower^k - V_lower^k-1||_inf = 0.00000341292864737827, delta^k = -0.00000341292864737827
    Local Iteration 247: ||V_upper^k - V_upper^k-1||_inf = 0.00000000000000000000, ||V_lower^k - V_lower^k-1||_inf = 0.00000327641150148314, delta^k = -0.00000327641150148314
    Local Iteration 248: ||V_upper^k - V_upper^k-1||_inf = 0.00000000000000000000, ||V_lower^k - V_lower^k-1||_inf = 0.00000314535504142382, delta^k = -0.00000314535504142382
    Local Iteration 249: ||V_upper^k - V_upper^k-1||_inf = 0.00000000000000000000, ||V_lower^k - V_lower^k-1||_inf = 0.00000301954083976686, delta^k = -0.00000301954083976686
    Local Iteration 250: ||V_upper^k - V_upper^k-1||_inf = 0.00000000000000000000, ||V_lower^k - V_lower^k-1||_inf = 0.00000289875920617618, delta^k = -0.00000289875920617618
    Local Iteration 251: ||V_upper^k - V_upper^k-1||_inf = 0.00000000000000000000, ||V_lower^k - V_lower^k-1||_inf = 0.00000278280883792914, delta^k = -0.00000278280883792914
    Local Iteration 252: ||V_upper^k - V_upper^k-1||_inf = 0.00000000000000000000, ||V_lower^k - V_lower^k-1||_inf = 0.00000267149648441197, delta^k = -0.00000267149648441197
    Local Iteration 253: ||V_upper^k - V_upper^k-1||_inf = 0.00000000000000000000, ||V_lower^k - V_lower^k-1||_inf = 0.00000256463662503550, delta^k = -0.00000256463662503550
    Local Iteration 254: ||V_upper^k - V_upper^k-1||_inf = 0.00000000000000000000, ||V_lower^k - V_lower^k-1||_inf = 0.00000246205116003407, delta^k = -0.00000246205116003407
    Local Iteration 255: ||V_upper^k - V_upper^k-1||_inf = 0.00000000000000000000, ||V_lower^k - V_lower^k-1||_inf = 0.00000236356911363271, delta^k = -0.00000236356911363271
    Local Iteration 256: ||V_upper^k - V_upper^k-1||_inf = 0.00000000000000000000, ||V_lower^k - V_lower^k-1||_inf = 0.00000226902634908740, delta^k = -0.00000226902634908740
    Local Iteration 257: ||V_upper^k - V_upper^k-1||_inf = 0.00000000000000000000, ||V_lower^k - V_lower^k-1||_inf = 0.00000217826529512391, delta^k = -0.00000217826529512391
    Local Iteration 258: ||V_upper^k - V_upper^k-1||_inf = 0.00000000000000000000, ||V_lower^k - V_lower^k-1||_inf = 0.00000209113468331895, delta^k = -0.00000209113468331895
    Local Iteration 259: ||V_upper^k - V_upper^k-1||_inf = 0.00000000000000000000, ||V_lower^k - V_lower^k-1||_inf = 0.00000200748929598619, delta^k = -0.00000200748929598619
    Local Iteration 260: ||V_upper^k - V_upper^k-1||_inf = 0.00000000000000000000, ||V_lower^k - V_lower^k-1||_inf = 0.00000192718972414674, delta^k = -0.00000192718972414674
    Local Iteration 261: ||V_upper^k - V_upper^k-1||_inf = 0.00000000000000000000, ||V_lower^k - V_lower^k-1||_inf = 0.00000185010213518088, delta^k = -0.00000185010213518088
    Local Iteration 262: ||V_upper^k - V_upper^k-1||_inf = 0.00000000000000000000, ||V_lower^k - V_lower^k-1||_inf = 0.00000177609804977364, delta^k = -0.00000177609804977364
    Local Iteration 263: ||V_upper^k - V_upper^k-1||_inf = 0.00000000000000000000, ||V_lower^k - V_lower^k-1||_inf = 0.00000170505412778270, delta^k = -0.00000170505412778270
    Local Iteration 264: ||V_upper^k - V_upper^k-1||_inf = 0.00000000000000000000, ||V_lower^k - V_lower^k-1||_inf = 0.00000163685196267139, delta^k = -0.00000163685196267139
    Local Iteration 265: ||V_upper^k - V_upper^k-1||_inf = 0.00000000000000000000, ||V_lower^k - V_lower^k-1||_inf = 0.00000157137788416453, delta^k = -0.00000157137788416453
    Local Iteration 266: ||V_upper^k - V_upper^k-1||_inf = 0.00000000000000000000, ||V_lower^k - V_lower^k-1||_inf = 0.00000150852276879795, delta^k = -0.00000150852276879795
    Local Iteration 267: ||V_upper^k - V_upper^k-1||_inf = 0.00000000000000000000, ||V_lower^k - V_lower^k-1||_inf = 0.00000144818185804603, delta^k = -0.00000144818185804603
    Local Iteration 268: ||V_upper^k - V_upper^k-1||_inf = 0.00000000000000000000, ||V_lower^k - V_lower^k-1||_inf = 0.00000139025458372419, delta^k = -0.00000139025458372419
    Local Iteration 269: ||V_upper^k - V_upper^k-1||_inf = 0.00000000000000000000, ||V_lower^k - V_lower^k-1||_inf = 0.00000133464440037522, delta^k = -0.00000133464440037522
    Local Iteration 270: ||V_upper^k - V_upper^k-1||_inf = 0.00000000000000000000, ||V_lower^k - V_lower^k-1||_inf = 0.00000128125862436021, delta^k = -0.00000128125862436021
    Local Iteration 271: ||V_upper^k - V_upper^k-1||_inf = 0.00000000000000000000, ||V_lower^k - V_lower^k-1||_inf = 0.00000123000827938581, delta^k = -0.00000123000827938581
    Local Iteration 272: ||V_upper^k - V_upper^k-1||_inf = 0.00000000000000000000, ||V_lower^k - V_lower^k-1||_inf = 0.00000118080794821037, delta^k = -0.00000118080794821037
    Local Iteration 273: ||V_upper^k - V_upper^k-1||_inf = 0.00000000000000000000, ||V_lower^k - V_lower^k-1||_inf = 0.00000113357563028196, delta^k = -0.00000113357563028196
    Local Iteration 274: ||V_upper^k - V_upper^k-1||_inf = 0.00000000000000000000, ||V_lower^k - V_lower^k-1||_inf = 0.00000108823260507068, delta^k = -0.00000108823260507068
    Local Iteration 275: ||V_upper^k - V_upper^k-1||_inf = 0.00000000000000000000, ||V_lower^k - V_lower^k-1||_inf = 0.00000104470330086785, delta^k = -0.00000104470330086785
    Local Iteration 276: ||V_upper^k - V_upper^k-1||_inf = 0.00000000000000000000, ||V_lower^k - V_lower^k-1||_inf = 0.00000100291516883314, delta^k = -0.00000100291516883314
    Local Iteration 277: ||V_upper^k - V_upper^k-1||_inf = 0.00000000000000000000, ||V_lower^k - V_lower^k-1||_inf = 0.00000096279856207981, delta^k = -0.00000096279856207981
    Local Iteration 278: ||V_upper^k - V_upper^k-1||_inf = 0.00000000000000000000, ||V_lower^k - V_lower^k-1||_inf = 0.00000092428661959662, delta^k = -0.00000092428661959662
    Local Iteration 279: ||V_upper^k - V_upper^k-1||_inf = 0.00000000000000000000, ||V_lower^k - V_lower^k-1||_inf = 0.00000088731515481276, delta^k = -0.00000088731515481276
    Local Iteration 280: ||V_upper^k - V_upper^k-1||_inf = 0.00000000000000000000, ||V_lower^k - V_lower^k-1||_inf = 0.00000085182254862025, delta^k = -0.00000085182254862025
    Local Iteration 281: ||V_upper^k - V_upper^k-1||_inf = 0.00000000000000000000, ||V_lower^k - V_lower^k-1||_inf = 0.00000081774964667544, delta^k = -0.00000081774964667544
    Local Iteration 282: ||V_upper^k - V_upper^k-1||_inf = 0.00000000000000000000, ||V_lower^k - V_lower^k-1||_inf = 0.00000078503966080842, delta^k = -0.00000078503966080842
    Local Iteration 283: ||V_upper^k - V_upper^k-1||_inf = 0.00000000000000000000, ||V_lower^k - V_lower^k-1||_inf = 0.00000075363807437608, delta^k = -0.00000075363807437608
    Local Iteration 284: ||V_upper^k - V_upper^k-1||_inf = 0.00000000000000000000, ||V_lower^k - V_lower^k-1||_inf = 0.00000072349255140104, delta^k = -0.00000072349255140104
    Local Iteration 285: ||V_upper^k - V_upper^k-1||_inf = 0.00000000000000000000, ||V_lower^k - V_lower^k-1||_inf = 0.00000069455284934500, delta^k = -0.00000069455284934500
    Local Iteration 286: ||V_upper^k - V_upper^k-1||_inf = 0.00000000000000000000, ||V_lower^k - V_lower^k-1||_inf = 0.00000066677073537120, delta^k = -0.00000066677073537120
    Local Iteration 287: ||V_upper^k - V_upper^k-1||_inf = 0.00000000000000000000, ||V_lower^k - V_lower^k-1||_inf = 0.00000064009990595635, delta^k = -0.00000064009990595635
    Local Iteration 288: ||V_upper^k - V_upper^k-1||_inf = 0.00000000000000000000, ||V_lower^k - V_lower^k-1||_inf = 0.00000061449590971810, delta^k = -0.00000061449590971810
    Local Iteration 289: ||V_upper^k - V_upper^k-1||_inf = 0.00000000000000000000, ||V_lower^k - V_lower^k-1||_inf = 0.00000058991607332937, delta^k = -0.00000058991607332937
    Local Iteration 290: ||V_upper^k - V_upper^k-1||_inf = 0.00000000000000000000, ||V_lower^k - V_lower^k-1||_inf = 0.00000056631943039620, delta^k = -0.00000056631943039620
    Local Iteration 291: ||V_upper^k - V_upper^k-1||_inf = 0.00000000000000000000, ||V_lower^k - V_lower^k-1||_inf = 0.00000054366665318035, delta^k = -0.00000054366665318035
    Local Iteration 292: ||V_upper^k - V_upper^k-1||_inf = 0.00000000000000000000, ||V_lower^k - V_lower^k-1||_inf = 0.00000052191998705313, delta^k = -0.00000052191998705313
    Local Iteration 293: ||V_upper^k - V_upper^k-1||_inf = 0.00000000000000000000, ||V_lower^k - V_lower^k-1||_inf = 0.00000050104318757101, delta^k = -0.00000050104318757101
    Local Iteration 294: ||V_upper^k - V_upper^k-1||_inf = 0.00000000000000000000, ||V_lower^k - V_lower^k-1||_inf = 0.00000048100146006817, delta^k = -0.00000048100146006817
    Local Iteration 295: ||V_upper^k - V_upper^k-1||_inf = 0.00000000000000000000, ||V_lower^k - V_lower^k-1||_inf = 0.00000046176140166544, delta^k = -0.00000046176140166544
    Local Iteration 296: ||V_upper^k - V_upper^k-1||_inf = 0.00000000000000000000, ||V_lower^k - V_lower^k-1||_inf = 0.00000044329094559882, delta^k = -0.00000044329094559882
    Local Iteration 297: ||V_upper^k - V_upper^k-1||_inf = 0.00000000000000000000, ||V_lower^k - V_lower^k-1||_inf = 0.00000042555930777487, delta^k = -0.00000042555930777487
    Local Iteration 298: ||V_upper^k - V_upper^k-1||_inf = 0.00000000000000000000, ||V_lower^k - V_lower^k-1||_inf = 0.00000040853693546388, delta^k = -0.00000040853693546388
    Local Iteration 299: ||V_upper^k - V_upper^k-1||_inf = 0.00000000000000000000, ||V_lower^k - V_lower^k-1||_inf = 0.00000039219545804532, delta^k = -0.00000039219545804532
    Local Iteration 300: ||V_upper^k - V_upper^k-1||_inf = 0.00000000000000000000, ||V_lower^k - V_lower^k-1||_inf = 0.00000037650763972351, delta^k = -0.00000037650763972351
    Local Iteration 301: ||V_upper^k - V_upper^k-1||_inf = 0.00000000000000000000, ||V_lower^k - V_lower^k-1||_inf = 0.00000036144733413457, delta^k = -0.00000036144733413457
    Local Iteration 302: ||V_upper^k - V_upper^k-1||_inf = 0.00000000000000000000, ||V_lower^k - V_lower^k-1||_inf = 0.00000034698944076918, delta^k = -0.00000034698944076918
    Local Iteration 303: ||V_upper^k - V_upper^k-1||_inf = 0.00000000000000000000, ||V_lower^k - V_lower^k-1||_inf = 0.00000033310986313842, delta^k = -0.00000033310986313842
    Local Iteration 304: ||V_upper^k - V_upper^k-1||_inf = 0.00000000000000000000, ||V_lower^k - V_lower^k-1||_inf = 0.00000031978546861288, delta^k = -0.00000031978546861288
    Local Iteration 305: ||V_upper^k - V_upper^k-1||_inf = 0.00000000000000000000, ||V_lower^k - V_lower^k-1||_inf = 0.00000030699404986837, delta^k = -0.00000030699404986837
    Local Iteration 306: ||V_upper^k - V_upper^k-1||_inf = 0.00000000000000000000, ||V_lower^k - V_lower^k-1||_inf = 0.00000029471428787363, delta^k = -0.00000029471428787363
    Local Iteration 307: ||V_upper^k - V_upper^k-1||_inf = 0.00000000000000000000, ||V_lower^k - V_lower^k-1||_inf = 0.00000028292571635869, delta^k = -0.00000028292571635869
    Local Iteration 308: ||V_upper^k - V_upper^k-1||_inf = 0.00000000000000000000, ||V_lower^k - V_lower^k-1||_inf = 0.00000027160868770434, delta^k = -0.00000027160868770434
    Local Iteration 309: ||V_upper^k - V_upper^k-1||_inf = 0.00000000000000000000, ||V_lower^k - V_lower^k-1||_inf = 0.00000026074434019616, delta^k = -0.00000026074434019616
    Local Iteration 310: ||V_upper^k - V_upper^k-1||_inf = 0.00000000000000000000, ||V_lower^k - V_lower^k-1||_inf = 0.00000025031456658832, delta^k = -0.00000025031456658832
    Local Iteration 311: ||V_upper^k - V_upper^k-1||_inf = 0.00000000000000000000, ||V_lower^k - V_lower^k-1||_inf = 0.00000024030198392479, delta^k = -0.00000024030198392479
    Local Iteration 312: ||V_upper^k - V_upper^k-1||_inf = 0.00000000000000000000, ||V_lower^k - V_lower^k-1||_inf = 0.00000023068990456779, delta^k = -0.00000023068990456779
    Local Iteration 313: ||V_upper^k - V_upper^k-1||_inf = 0.00000000000000000000, ||V_lower^k - V_lower^k-1||_inf = 0.00000022146230838508, delta^k = -0.00000022146230838508
    Local Iteration 314: ||V_upper^k - V_upper^k-1||_inf = 0.00000000000000000000, ||V_lower^k - V_lower^k-1||_inf = 0.00000021260381604968, delta^k = -0.00000021260381604968
    Local Iteration 315: ||V_upper^k - V_upper^k-1||_inf = 0.00000000000000000000, ||V_lower^k - V_lower^k-1||_inf = 0.00000020409966340769, delta^k = -0.00000020409966340769
    Local Iteration 316: ||V_upper^k - V_upper^k-1||_inf = 0.00000000000000000000, ||V_lower^k - V_lower^k-1||_inf = 0.00000019593567687138, delta^k = -0.00000019593567687138
    Local Iteration 317: ||V_upper^k - V_upper^k-1||_inf = 0.00000000000000000000, ||V_lower^k - V_lower^k-1||_inf = 0.00000018809824979653, delta^k = -0.00000018809824979653
    Local Iteration 318: ||V_upper^k - V_upper^k-1||_inf = 0.00000000000000000000, ||V_lower^k - V_lower^k-1||_inf = 0.00000018057431980467, delta^k = -0.00000018057431980467
    Local Iteration 319: ||V_upper^k - V_upper^k-1||_inf = 0.00000000000000000000, ||V_lower^k - V_lower^k-1||_inf = 0.00000017335134701248, delta^k = -0.00000017335134701248
    Local Iteration 320: ||V_upper^k - V_upper^k-1||_inf = 0.00000000000000000000, ||V_lower^k - V_lower^k-1||_inf = 0.00000016641729313198, delta^k = -0.00000016641729313198
    Local Iteration 321: ||V_upper^k - V_upper^k-1||_inf = 0.00000000000000000000, ||V_lower^k - V_lower^k-1||_inf = 0.00000015976060140670, delta^k = -0.00000015976060140670
    Local Iteration 322: ||V_upper^k - V_upper^k-1||_inf = 0.00000000000000000000, ||V_lower^k - V_lower^k-1||_inf = 0.00000015337017735043, delta^k = -0.00000015337017735043
    Local Iteration 323: ||V_upper^k - V_upper^k-1||_inf = 0.00000000000000000000, ||V_lower^k - V_lower^k-1||_inf = 0.00000014723537025642, delta^k = -0.00000014723537025642
    Local Iteration 324: ||V_upper^k - V_upper^k-1||_inf = 0.00000000000000000000, ||V_lower^k - V_lower^k-1||_inf = 0.00000014134595544616, delta^k = -0.00000014134595544616
    Local Iteration 325: ||V_upper^k - V_upper^k-1||_inf = 0.00000000000000000000, ||V_lower^k - V_lower^k-1||_inf = 0.00000013569211722831, delta^k = -0.00000013569211722831
    Local Iteration 326: ||V_upper^k - V_upper^k-1||_inf = 0.00000000000000000000, ||V_lower^k - V_lower^k-1||_inf = 0.00000013026443253918, delta^k = -0.00000013026443253918
    Local Iteration 327: ||V_upper^k - V_upper^k-1||_inf = 0.00000000000000000000, ||V_lower^k - V_lower^k-1||_inf = 0.00000012505385523761, delta^k = -0.00000012505385523761
    Local Iteration 328: ||V_upper^k - V_upper^k-1||_inf = 0.00000000000000000000, ||V_lower^k - V_lower^k-1||_inf = 0.00000012005170102811, delta^k = -0.00000012005170102811
    Local Iteration 329: ||V_upper^k - V_upper^k-1||_inf = 0.00000000000000000000, ||V_lower^k - V_lower^k-1||_inf = 0.00000011524963298699, delta^k = -0.00000011524963298699
    Local Iteration 330: ||V_upper^k - V_upper^k-1||_inf = 0.00000000000000000000, ||V_lower^k - V_lower^k-1||_inf = 0.00000011063964766751, delta^k = -0.00000011063964766751
    Local Iteration 331: ||V_upper^k - V_upper^k-1||_inf = 0.00000000000000000000, ||V_lower^k - V_lower^k-1||_inf = 0.00000010621406176081, delta^k = -0.00000010621406176081
    Local Iteration 332: ||V_upper^k - V_upper^k-1||_inf = 0.00000000000000000000, ||V_lower^k - V_lower^k-1||_inf = 0.00000010196549929037, delta^k = -0.00000010196549929037
    Local Iteration 333: ||V_upper^k - V_upper^k-1||_inf = 0.00000000000000000000, ||V_lower^k - V_lower^k-1||_inf = 0.00000009788687931876, delta^k = -0.00000009788687931876
    Local Iteration 334: ||V_upper^k - V_upper^k-1||_inf = 0.00000000000000000000, ||V_lower^k - V_lower^k-1||_inf = 0.00000009397140414601, delta^k = -0.00000009397140414601
    Local Iteration 335: ||V_upper^k - V_upper^k-1||_inf = 0.00000000000000000000, ||V_lower^k - V_lower^k-1||_inf = 0.00000009021254798017, delta^k = -0.00000009021254798017
    Local Iteration 336: ||V_upper^k - V_upper^k-1||_inf = 0.00000000000000000000, ||V_lower^k - V_lower^k-1||_inf = 0.00000008660404606096, delta^k = -0.00000008660404606096
    Local Iteration 337: ||V_upper^k - V_upper^k-1||_inf = 0.00000000000000000000, ||V_lower^k - V_lower^k-1||_inf = 0.00000008313988421852, delta^k = -0.00000008313988421852
    Local Iteration 338: ||V_upper^k - V_upper^k-1||_inf = 0.00000000000000000000, ||V_lower^k - V_lower^k-1||_inf = 0.00000007981428884978, delta^k = -0.00000007981428884978
    Local Iteration 339: ||V_upper^k - V_upper^k-1||_inf = 0.00000000000000000000, ||V_lower^k - V_lower^k-1||_inf = 0.00000007662171729579, delta^k = -0.00000007662171729579
    Local Iteration 340: ||V_upper^k - V_upper^k-1||_inf = 0.00000000000000000000, ||V_lower^k - V_lower^k-1||_inf = 0.00000007355684860396, delta^k = -0.00000007355684860396
    Local Iteration 341: ||V_upper^k - V_upper^k-1||_inf = 0.00000000000000000000, ||V_lower^k - V_lower^k-1||_inf = 0.00000007061457465980, delta^k = -0.00000007061457465980
    Local Iteration 342: ||V_upper^k - V_upper^k-1||_inf = 0.00000000000000000000, ||V_lower^k - V_lower^k-1||_inf = 0.00000006778999167341, delta^k = -0.00000006778999167341
    Local Iteration 343: ||V_upper^k - V_upper^k-1||_inf = 0.00000000000000000000, ||V_lower^k - V_lower^k-1||_inf = 0.00000006507839200647, delta^k = -0.00000006507839200647
    Local Iteration 344: ||V_upper^k - V_upper^k-1||_inf = 0.00000000000000000000, ||V_lower^k - V_lower^k-1||_inf = 0.00000006247525632621, delta^k = -0.00000006247525632621
    Local Iteration 345: ||V_upper^k - V_upper^k-1||_inf = 0.00000000000000000000, ||V_lower^k - V_lower^k-1||_inf = 0.00000005997624607316, delta^k = -0.00000005997624607316
    Local Iteration 346: ||V_upper^k - V_upper^k-1||_inf = 0.00000000000000000000, ||V_lower^k - V_lower^k-1||_inf = 0.00000005757719623024, delta^k = -0.00000005757719623024
    Local Iteration 347: ||V_upper^k - V_upper^k-1||_inf = 0.00000000000000000000, ||V_lower^k - V_lower^k-1||_inf = 0.00000005527410838103, delta^k = -0.00000005527410838103
    Local Iteration 348: ||V_upper^k - V_upper^k-1||_inf = 0.00000000000000000000, ||V_lower^k - V_lower^k-1||_inf = 0.00000005306314404579, delta^k = -0.00000005306314404579
    Local Iteration 349: ||V_upper^k - V_upper^k-1||_inf = 0.00000000000000000000, ||V_lower^k - V_lower^k-1||_inf = 0.00000005094061828396, delta^k = -0.00000005094061828396
    Local Iteration 350: ||V_upper^k - V_upper^k-1||_inf = 0.00000000000000000000, ||V_lower^k - V_lower^k-1||_inf = 0.00000004890299355260, delta^k = -0.00000004890299355260
    Local Iteration 351: ||V_upper^k - V_upper^k-1||_inf = 0.00000000000000000000, ||V_lower^k - V_lower^k-1||_inf = 0.00000004694687381049, delta^k = -0.00000004694687381049
    Local Iteration 352: ||V_upper^k - V_upper^k-1||_inf = 0.00000000000000000000, ||V_lower^k - V_lower^k-1||_inf = 0.00000004506899885807, delta^k = -0.00000004506899885807
    Local Iteration 353: ||V_upper^k - V_upper^k-1||_inf = 0.00000000000000000000, ||V_lower^k - V_lower^k-1||_inf = 0.00000004326623890375, delta^k = -0.00000004326623890375
    Local Iteration 354: ||V_upper^k - V_upper^k-1||_inf = 0.00000000000000000000, ||V_lower^k - V_lower^k-1||_inf = 0.00000004153558934760, delta^k = -0.00000004153558934760
    Local Iteration 355: ||V_upper^k - V_upper^k-1||_inf = 0.00000000000000000000, ||V_lower^k - V_lower^k-1||_inf = 0.00000003987416577370, delta^k = -0.00000003987416577370
    Local Iteration 356: ||V_upper^k - V_upper^k-1||_inf = 0.00000000000000000000, ||V_lower^k - V_lower^k-1||_inf = 0.00000003827919914275, delta^k = -0.00000003827919914275
    Local Iteration 357: ||V_upper^k - V_upper^k-1||_inf = 0.00000000000000000000, ||V_lower^k - V_lower^k-1||_inf = 0.00000003674803117704, delta^k = -0.00000003674803117704
    Local Iteration 358: ||V_upper^k - V_upper^k-1||_inf = 0.00000000000000000000, ||V_lower^k - V_lower^k-1||_inf = 0.00000003527810992996, delta^k = -0.00000003527810992996
    Local Iteration 359: ||V_upper^k - V_upper^k-1||_inf = 0.00000000000000000000, ||V_lower^k - V_lower^k-1||_inf = 0.00000003386698553276, delta^k = -0.00000003386698553276
    Local Iteration 360: ||V_upper^k - V_upper^k-1||_inf = 0.00000000000000000000, ||V_lower^k - V_lower^k-1||_inf = 0.00000003251230611145, delta^k = -0.00000003251230611145
    Local Iteration 361: ||V_upper^k - V_upper^k-1||_inf = 0.00000000000000000000, ||V_lower^k - V_lower^k-1||_inf = 0.00000003121181386699, delta^k = -0.00000003121181386699
    Local Iteration 362: ||V_upper^k - V_upper^k-1||_inf = 0.00000000000000000000, ||V_lower^k - V_lower^k-1||_inf = 0.00000002996334131231, delta^k = -0.00000002996334131231
    Local Iteration 363: ||V_upper^k - V_upper^k-1||_inf = 0.00000000000000000000, ||V_lower^k - V_lower^k-1||_inf = 0.00000002876480765982, delta^k = -0.00000002876480765982
    Local Iteration 364: ||V_upper^k - V_upper^k-1||_inf = 0.00000000000000000000, ||V_lower^k - V_lower^k-1||_inf = 0.00000002761421535343, delta^k = -0.00000002761421535343
    Local Iteration 365: ||V_upper^k - V_upper^k-1||_inf = 0.00000000000000000000, ||V_lower^k - V_lower^k-1||_inf = 0.00000002650964673929, delta^k = -0.00000002650964673929
    Local Iteration 366: ||V_upper^k - V_upper^k-1||_inf = 0.00000000000000000000, ||V_lower^k - V_lower^k-1||_inf = 0.00000002544926086972, delta^k = -0.00000002544926086972
    Local Iteration 367: ||V_upper^k - V_upper^k-1||_inf = 0.00000000000000000000, ||V_lower^k - V_lower^k-1||_inf = 0.00000002443129043493, delta^k = -0.00000002443129043493
    Local Iteration 368: ||V_upper^k - V_upper^k-1||_inf = 0.00000000000000000000, ||V_lower^k - V_lower^k-1||_inf = 0.00000002345403881753, delta^k = -0.00000002345403881753
    Local Iteration 369: ||V_upper^k - V_upper^k-1||_inf = 0.00000000000000000000, ||V_lower^k - V_lower^k-1||_inf = 0.00000002251587726483, delta^k = -0.00000002251587726483
    Local Iteration 370: ||V_upper^k - V_upper^k-1||_inf = 0.00000000000000000000, ||V_lower^k - V_lower^k-1||_inf = 0.00000002161524217424, delta^k = -0.00000002161524217424
    Local Iteration 371: ||V_upper^k - V_upper^k-1||_inf = 0.00000000000000000000, ||V_lower^k - V_lower^k-1||_inf = 0.00000002075063248727, delta^k = -0.00000002075063248727
    Local Iteration 372: ||V_upper^k - V_upper^k-1||_inf = 0.00000000000000000000, ||V_lower^k - V_lower^k-1||_inf = 0.00000001992060718778, delta^k = -0.00000001992060718778
    Local Iteration 373: ||V_upper^k - V_upper^k-1||_inf = 0.00000000000000000000, ||V_lower^k - V_lower^k-1||_inf = 0.00000001912378290027, delta^k = -0.00000001912378290027
    Local Iteration 374: ||V_upper^k - V_upper^k-1||_inf = 0.00000000000000000000, ||V_lower^k - V_lower^k-1||_inf = 0.00000001835883158426, delta^k = -0.00000001835883158426
    Local Iteration 375: ||V_upper^k - V_upper^k-1||_inf = 0.00000000000000000000, ||V_lower^k - V_lower^k-1||_inf = 0.00000001762447832088, delta^k = -0.00000001762447832088
    Local Iteration 376: ||V_upper^k - V_upper^k-1||_inf = 0.00000000000000000000, ||V_lower^k - V_lower^k-1||_inf = 0.00000001691949918805, delta^k = -0.00000001691949918805
    Local Iteration 377: ||V_upper^k - V_upper^k-1||_inf = 0.00000000000000000000, ||V_lower^k - V_lower^k-1||_inf = 0.00000001624271922053, delta^k = -0.00000001624271922053
    Local Iteration 378: ||V_upper^k - V_upper^k-1||_inf = 0.00000000000000000000, ||V_lower^k - V_lower^k-1||_inf = 0.00000001559301045171, delta^k = -0.00000001559301045171
    Local Iteration 379: ||V_upper^k - V_upper^k-1||_inf = 0.00000000000000000000, ||V_lower^k - V_lower^k-1||_inf = 0.00000001496929003364, delta^k = -0.00000001496929003364
    Local Iteration 380: ||V_upper^k - V_upper^k-1||_inf = 0.00000000000000000000, ||V_lower^k - V_lower^k-1||_inf = 0.00000001437051843229, delta^k = -0.00000001437051843229
    Local Iteration 381: ||V_upper^k - V_upper^k-1||_inf = 0.00000000000000000000, ||V_lower^k - V_lower^k-1||_inf = 0.00000001379569769500, delta^k = -0.00000001379569769500
    Local Iteration 382: ||V_upper^k - V_upper^k-1||_inf = 0.00000000000000000000, ||V_lower^k - V_lower^k-1||_inf = 0.00000001324386978720, delta^k = -0.00000001324386978720
    Local Iteration 383: ||V_upper^k - V_upper^k-1||_inf = 0.00000000000000000000, ||V_lower^k - V_lower^k-1||_inf = 0.00000001271411499571, delta^k = -0.00000001271411499571
    Local Iteration 384: ||V_upper^k - V_upper^k-1||_inf = 0.00000000000000000000, ||V_lower^k - V_lower^k-1||_inf = 0.00000001220555039588, delta^k = -0.00000001220555039588
    Local Iteration 385: ||V_upper^k - V_upper^k-1||_inf = 0.00000000000000000000, ||V_lower^k - V_lower^k-1||_inf = 0.00000001171732838005, delta^k = -0.00000001171732838005
    Local Iteration 386: ||V_upper^k - V_upper^k-1||_inf = 0.00000000000000000000, ||V_lower^k - V_lower^k-1||_inf = 0.00000001124863524485, delta^k = -0.00000001124863524485
    Local Iteration 387: ||V_upper^k - V_upper^k-1||_inf = 0.00000000000000000000, ||V_lower^k - V_lower^k-1||_inf = 0.00000001079868983505, delta^k = -0.00000001079868983505
    Local Iteration 388: ||V_upper^k - V_upper^k-1||_inf = 0.00000000000000000000, ||V_lower^k - V_lower^k-1||_inf = 0.00000001036674224165, delta^k = -0.00000001036674224165
    Local Iteration 389: ||V_upper^k - V_upper^k-1||_inf = 0.00000000000000000000, ||V_lower^k - V_lower^k-1||_inf = 0.00000000995207255199, delta^k = -0.00000000995207255199

============================================================
 CONSERVATIVE STOPPING CONDITION MET (Algorithm 3)
============================================================
  delta^k = -9.9520725520e-09 >= -delta_max
  ||V_upper^k - V_upper^k-1||_inf = 0.0000000000e+00 < 1e-08
  eps_cons = (0.96 * 9.9520725520e-09) / 0.04 = 2.3884974125e-07
  Correcting V_lower for 554336 cells: V_lower <- V_lower - eps_cons - eps_machine
   Conservative correction applied successfully
  Machine epsilon eps_machine = 2.220e-16
    4050 cells experienced near-cancellation
    Local VI completed in 389 iterations
    Final convergence values:
      ||V_upper^final - V_upper^prev||_inf = 0.00000000e+00
      ||V_lower^final - V_lower^prev||_inf = 9.95207255e-09
  Local VI completed in 389 iterations, time: 8.686s
    Final ||V_upper^k - V_upper^k-1||_inf = 0.00000000000000000000e+00
    Final ||V_lower^k - V_lower^k-1||_inf = 9.95207255198501295368e-09
  Saved visualization: /Users/i.k.tabbara/Documents/python directory/HSCC_2027/refactored_Implementations/results_hscc_2027_newbellmans_12workers/ra_discount/double_integrator_res10_eps0.05_dmin1e-08_dmax1e-08_gamma0.96_dt0.3_tau0.3_cons/value_function_phase_6_complete.png
  Phase 6 completed in 9.61s with 554336 leaf cells

Classification after phase 6:
  Safe:            44432 cells (  8.0%),    8.1% of state space
  Unsafe:          16292 cells (  2.9%),   14.8% of state space
  Unclassified:   493612 cells ( 89.0%),   77.1% of state space

======================================================================
REFINEMENT PHASE 7
======================================================================
Boundary cells: 493612
  Refinable (>eta_min=0.017678): 493612
  Below threshold: 0
  Cumulative refined: 544336
  Refinable cell size statistics:
    Max:    0.150000
    Mean:   0.150000
    Min:    0.150000
    Median: 0.150000
  Refining 493612 cells...
    Refined: 493612 parent cells
    Created: 987224 child cells
    Total cells: 1047948
    Refinement time: 0.038s
    Cumulative refined: 1037948
  Rebuilding spatial index...
  Building spatial index for 1047948 cells...
   Spatial index built in 0.28s
    Spatial index rebuilt in 0.282s
  Initializing 987224 new cells...
  Initializing 987224 new cells in parallel...
   Initialized in 0.00s (383661068.2 cells/s)
    Initialization completed in 0.003s
  Starting local value iteration...
  Reinitializing ALL 1047948 cells (V = l)
   Reinitialized 1047948 cells in 0.00s (359496707.1 cells/s)
  Local VI: updating all 1047948 cells
    Conservative mode: True
    delta_max: 1e-08
    Max iterations: 20000
    Updating successor cache for 987224 updated cells...
    Updating successor cache for 987224 new cells (HYBRID)...
      Affected cells: 1038942
   Trajectories + spatial queries computed in 3.88s (2408465.8 tasks/s)
    Breakdown: 7.7% ODE, 92.3% queries
     Cache updated in 4.20s (2227678.2 tasks/s)
    Local Iteration   1: ||V_upper^k - V_upper^k-1||_inf = 3.93799602617861266296, ||V_lower^k - V_lower^k-1||_inf = 3.71710960366724041393, delta^k = -3.71710960366724041393
    Local Iteration   2: ||V_upper^k - V_upper^k-1||_inf = 0.17129730805927234627, ||V_lower^k - V_lower^k-1||_inf = 3.36478281912759413785, delta^k = -3.36478281912759413785
    Local Iteration   3: ||V_upper^k - V_upper^k-1||_inf = 0.11752616786811165284, ||V_lower^k - V_lower^k-1||_inf = 3.03469527612264489136, delta^k = -3.03469527612264489136
    Local Iteration   4: ||V_upper^k - V_upper^k-1||_inf = 0.10538961168868654639, ||V_lower^k - V_lower^k-1||_inf = 2.70208332076733492855, delta^k = -2.70208332076733492855
    Local Iteration   5: ||V_upper^k - V_upper^k-1||_inf = 0.10117402722113899571, ||V_lower^k - V_lower^k-1||_inf = 2.52722041738017999535, delta^k = -2.52722041738017999535
    Local Iteration   6: ||V_upper^k - V_upper^k-1||_inf = 0.09712706613229338259, ||V_lower^k - V_lower^k-1||_inf = 2.31448381653836854355, delta^k = -2.31448381653836854355
    Local Iteration   7: ||V_upper^k - V_upper^k-1||_inf = 0.09324198348700196703, ||V_lower^k - V_lower^k-1||_inf = 0.32057577851918156453, delta^k = -0.32057577851918156453
    Local Iteration   8: ||V_upper^k - V_upper^k-1||_inf = 0.08951230414752187059, ||V_lower^k - V_lower^k-1||_inf = 0.29302803415924644215, delta^k = -0.29302803415924644215
    Local Iteration   9: ||V_upper^k - V_upper^k-1||_inf = 0.08593181198162058720, ||V_lower^k - V_lower^k-1||_inf = 0.22359013536154770385, delta^k = -0.22359013536154770385
    Local Iteration  10: ||V_upper^k - V_upper^k-1||_inf = 0.08249453950235596800, ||V_lower^k - V_lower^k-1||_inf = 0.08607607395495331382, delta^k = -0.08607607395495331382
    Local Iteration  11: ||V_upper^k - V_upper^k-1||_inf = 0.07919475792226182698, ||V_lower^k - V_lower^k-1||_inf = 0.08263303099675511909, delta^k = -0.08263303099675511909
    Local Iteration  12: ||V_upper^k - V_upper^k-1||_inf = 0.07602696760537130949, ||V_lower^k - V_lower^k-1||_inf = 0.07743258294149701904, delta^k = -0.07743258294149701904
    Local Iteration  13: ||V_upper^k - V_upper^k-1||_inf = 0.07298588890115631500, ||V_lower^k - V_lower^k-1||_inf = 0.07433527962383701393, delta^k = -0.07433527962383701393
    Local Iteration  14: ||V_upper^k - V_upper^k-1||_inf = 0.07006645334511008016, ||V_lower^k - V_lower^k-1||_inf = 0.07136186843888359110, delta^k = -0.07136186843888359110
    Local Iteration  15: ||V_upper^k - V_upper^k-1||_inf = 0.06726379521130576578, ||V_lower^k - V_lower^k-1||_inf = 0.04494129659665579979, delta^k = -0.04494129659665579979
    Local Iteration  16: ||V_upper^k - V_upper^k-1||_inf = 0.06457324340285341968, ||V_lower^k - V_lower^k-1||_inf = 0.04314364473278953227, delta^k = -0.04314364473278953227
    Local Iteration  17: ||V_upper^k - V_upper^k-1||_inf = 0.06199031366673946053, ||V_lower^k - V_lower^k-1||_inf = 0.04141789894347791545, delta^k = -0.04141789894347791545
    Local Iteration  18: ||V_upper^k - V_upper^k-1||_inf = 0.05951070112006973112, ||V_lower^k - V_lower^k-1||_inf = 0.03976118298573882992, delta^k = -0.03976118298573882992
    Local Iteration  19: ||V_upper^k - V_upper^k-1||_inf = 0.05713027307526696852, ||V_lower^k - V_lower^k-1||_inf = 0.03817073566630924120, delta^k = -0.03817073566630924120
    Local Iteration  20: ||V_upper^k - V_upper^k-1||_inf = 0.05484506215225626313, ||V_lower^k - V_lower^k-1||_inf = 0.03664390623965685378, delta^k = -0.03664390623965685378
    Local Iteration  21: ||V_upper^k - V_upper^k-1||_inf = 0.05265125966616612807, ||V_lower^k - V_lower^k-1||_inf = 0.03517814999007062848, delta^k = -0.03517814999007062848
    Local Iteration  22: ||V_upper^k - V_upper^k-1||_inf = 0.05054520927951933196, ||V_lower^k - V_lower^k-1||_inf = 0.03377102399046782999, delta^k = -0.03377102399046782999
    Local Iteration  23: ||V_upper^k - V_upper^k-1||_inf = 0.04852340090833862085, ||V_lower^k - V_lower^k-1||_inf = 0.03242018303084903685, delta^k = -0.03242018303084903685
    Local Iteration  24: ||V_upper^k - V_upper^k-1||_inf = 0.04658246487200501385, ||V_lower^k - V_lower^k-1||_inf = 0.03112337570961509758, delta^k = -0.03112337570961509758
    Local Iteration  25: ||V_upper^k - V_upper^k-1||_inf = 0.04471916627712491099, ||V_lower^k - V_lower^k-1||_inf = 0.02987844068123046704, delta^k = -0.02987844068123046704
    Local Iteration  26: ||V_upper^k - V_upper^k-1||_inf = 0.04293039962603995008, ||V_lower^k - V_lower^k-1||_inf = 0.02868330305398125724, delta^k = -0.02868330305398125724
    Local Iteration  27: ||V_upper^k - V_upper^k-1||_inf = 0.04121318364099824105, ||V_lower^k - V_lower^k-1||_inf = 0.02753597093182202915, delta^k = -0.02753597093182202915
    Local Iteration  28: ||V_upper^k - V_upper^k-1||_inf = 0.03956465629535832473, ||V_lower^k - V_lower^k-1||_inf = 0.02643453209454915687, delta^k = -0.02643453209454915687
    Local Iteration  29: ||V_upper^k - V_upper^k-1||_inf = 0.03798207004354403615, ||V_lower^k - V_lower^k-1||_inf = 0.02537715081076719059, delta^k = -0.02537715081076719059
    Local Iteration  30: ||V_upper^k - V_upper^k-1||_inf = 0.03646278724180229691, ||V_lower^k - V_lower^k-1||_inf = 0.02436206477833646744, delta^k = -0.02436206477833646744
    Local Iteration  31: ||V_upper^k - V_upper^k-1||_inf = 0.03500427575213016507, ||V_lower^k - V_lower^k-1||_inf = 0.02338758218720304871, delta^k = -0.02338758218720304871
    Local Iteration  32: ||V_upper^k - V_upper^k-1||_inf = 0.03360410472204500287, ||V_lower^k - V_lower^k-1||_inf = 0.02245207889971490012, delta^k = -0.02245207889971490012
    Local Iteration  33: ||V_upper^k - V_upper^k-1||_inf = 0.03225994053316316723, ||V_lower^k - V_lower^k-1||_inf = 0.02155399574372629523, delta^k = -0.02155399574372629523
    Local Iteration  34: ||V_upper^k - V_upper^k-1||_inf = 0.03096954291183662278, ||V_lower^k - V_lower^k-1||_inf = 0.02069183591397727451, delta^k = -0.02069183591397727451
    Local Iteration  35: ||V_upper^k - V_upper^k-1||_inf = 0.02973076119536310902, ||V_lower^k - V_lower^k-1||_inf = 0.01986416247741817909, delta^k = -0.01986416247741817909
    Local Iteration  36: ||V_upper^k - V_upper^k-1||_inf = 0.02854153074754861574, ||V_lower^k - V_lower^k-1||_inf = 0.01906959597832141862, delta^k = -0.01906959597832141862
    Local Iteration  37: ||V_upper^k - V_upper^k-1||_inf = 0.02739986951764672440, ||V_lower^k - V_lower^k-1||_inf = 0.01830681213918855521, delta^k = -0.01830681213918855521
    Local Iteration  38: ||V_upper^k - V_upper^k-1||_inf = 0.02630387473694084655, ||V_lower^k - V_lower^k-1||_inf = 0.01757453965362104631, delta^k = -0.01757453965362104631
    Local Iteration  39: ||V_upper^k - V_upper^k-1||_inf = 0.02525171974746320824, ||V_lower^k - V_lower^k-1||_inf = 0.01687155806747620002, delta^k = -0.01687155806747620002
    Local Iteration  40: ||V_upper^k - V_upper^k-1||_inf = 0.02424165095756469768, ||V_lower^k - V_lower^k-1||_inf = 0.01619669574477716756, delta^k = -0.01619669574477716756
    Local Iteration  41: ||V_upper^k - V_upper^k-1||_inf = 0.02327198491926207868, ||V_lower^k - V_lower^k-1||_inf = 0.01554882791498607419, delta^k = -0.01554882791498607419
    Local Iteration  42: ||V_upper^k - V_upper^k-1||_inf = 0.02234110552249157777, ||V_lower^k - V_lower^k-1||_inf = 0.01492687479838661346, delta^k = -0.01492687479838661346
    Local Iteration  43: ||V_upper^k - V_upper^k-1||_inf = 0.02144746130159191910, ||V_lower^k - V_lower^k-1||_inf = 0.01432979980645116003, delta^k = -0.01432979980645116003
    Local Iteration  44: ||V_upper^k - V_upper^k-1||_inf = 0.02058956284952823124, ||V_lower^k - V_lower^k-1||_inf = 0.01375660781419307810, delta^k = -0.01375660781419307810
    Local Iteration  45: ||V_upper^k - V_upper^k-1||_inf = 0.01976598033554710643, ||V_lower^k - V_lower^k-1||_inf = 0.01320634350162536164, delta^k = -0.01320634350162536164
    Local Iteration  46: ||V_upper^k - V_upper^k-1||_inf = 0.01897534112212523327, ||V_lower^k - V_lower^k-1||_inf = 0.01267808976156037382, delta^k = -0.01267808976156037382
    Local Iteration  47: ||V_upper^k - V_upper^k-1||_inf = 0.01821632747724022394, ||V_lower^k - V_lower^k-1||_inf = 0.01217096617109797441, delta^k = -0.01217096617109797441
    Local Iteration  48: ||V_upper^k - V_upper^k-1||_inf = 0.01748767437815063053, ||V_lower^k - V_lower^k-1||_inf = 0.01168412752425401768, delta^k = -0.01168412752425401768
    Local Iteration  49: ||V_upper^k - V_upper^k-1||_inf = 0.01678816740302457866, ||V_lower^k - V_lower^k-1||_inf = 0.01121676242328384365, delta^k = -0.01121676242328384365
    Local Iteration  50: ||V_upper^k - V_upper^k-1||_inf = 0.01611664070690360662, ||V_lower^k - V_lower^k-1||_inf = 0.01076809192635252987, delta^k = -0.01076809192635252987
    Local Iteration  51: ||V_upper^k - V_upper^k-1||_inf = 0.01547197507862746457, ||V_lower^k - V_lower^k-1||_inf = 0.01033736824929840092, delta^k = -0.01033736824929840092
    Local Iteration  52: ||V_upper^k - V_upper^k-1||_inf = 0.01485309607548235267, ||V_lower^k - V_lower^k-1||_inf = 0.00992387351932647044, delta^k = -0.00992387351932647044
    Local Iteration  53: ||V_upper^k - V_upper^k-1||_inf = 0.01425897223246302969, ||V_lower^k - V_lower^k-1||_inf = 0.00952691857855342272, delta^k = -0.00952691857855342272
    Local Iteration  54: ||V_upper^k - V_upper^k-1||_inf = 0.01368861334316451295, ||V_lower^k - V_lower^k-1||_inf = 0.00914584183541128359, delta^k = -0.00914584183541128359
    Local Iteration  55: ||V_upper^k - V_upper^k-1||_inf = 0.01314106880943793909, ||V_lower^k - V_lower^k-1||_inf = 0.00878000816199484002, delta^k = -0.00878000816199484002
    Local Iteration  56: ||V_upper^k - V_upper^k-1||_inf = 0.01261542605706045261, ||V_lower^k - V_lower^k-1||_inf = 0.00842880783551502866, delta^k = -0.00842880783551502866
    Local Iteration  57: ||V_upper^k - V_upper^k-1||_inf = 0.01211080901477801230, ||V_lower^k - V_lower^k-1||_inf = 0.00809165552209442640, delta^k = -0.00809165552209442640
    Local Iteration  58: ||V_upper^k - V_upper^k-1||_inf = 0.01162637665418692068, ||V_lower^k - V_lower^k-1||_inf = 0.00776798930121064268, delta^k = -0.00776798930121064268
    Local Iteration  59: ||V_upper^k - V_upper^k-1||_inf = 0.01116132158801941276, ||V_lower^k - V_lower^k-1||_inf = 0.00745726972916221920, delta^k = -0.00745726972916221920
    Local Iteration  60: ||V_upper^k - V_upper^k-1||_inf = 0.00216276486920963240, ||V_lower^k - V_lower^k-1||_inf = 0.00715897893999573043, delta^k = -0.00715897893999573043
    Local Iteration  61: ||V_upper^k - V_upper^k-1||_inf = 0.00000000000000000000, ||V_lower^k - V_lower^k-1||_inf = 0.00687261978239592231, delta^k = -0.00687261978239592231
    Local Iteration  62: ||V_upper^k - V_upper^k-1||_inf = 0.00000000000000000000, ||V_lower^k - V_lower^k-1||_inf = 0.00659771499110006765, delta^k = -0.00659771499110006765
    Local Iteration  63: ||V_upper^k - V_upper^k-1||_inf = 0.00000000000000000000, ||V_lower^k - V_lower^k-1||_inf = 0.00633380639145605939, delta^k = -0.00633380639145605939
    Local Iteration  64: ||V_upper^k - V_upper^k-1||_inf = 0.00000000000000000000, ||V_lower^k - V_lower^k-1||_inf = 0.00608045413579783034, delta^k = -0.00608045413579783034
    Local Iteration  65: ||V_upper^k - V_upper^k-1||_inf = 0.00000000000000000000, ||V_lower^k - V_lower^k-1||_inf = 0.00583723597036592268, delta^k = -0.00583723597036592268
    Local Iteration  66: ||V_upper^k - V_upper^k-1||_inf = 0.00000000000000000000, ||V_lower^k - V_lower^k-1||_inf = 0.00560374653155126801, delta^k = -0.00560374653155126801
    Local Iteration  67: ||V_upper^k - V_upper^k-1||_inf = 0.00000000000000000000, ||V_lower^k - V_lower^k-1||_inf = 0.00537959667028922728, delta^k = -0.00537959667028922728
    Local Iteration  68: ||V_upper^k - V_upper^k-1||_inf = 0.00000000000000000000, ||V_lower^k - V_lower^k-1||_inf = 0.00516441280347765264, delta^k = -0.00516441280347765264
    Local Iteration  69: ||V_upper^k - V_upper^k-1||_inf = 0.00000000000000000000, ||V_lower^k - V_lower^k-1||_inf = 0.00495783629133855763, delta^k = -0.00495783629133855763
    Local Iteration  70: ||V_upper^k - V_upper^k-1||_inf = 0.00000000000000000000, ||V_lower^k - V_lower^k-1||_inf = 0.00475952283968500423, delta^k = -0.00475952283968500423
    Local Iteration  71: ||V_upper^k - V_upper^k-1||_inf = 0.00000000000000000000, ||V_lower^k - V_lower^k-1||_inf = 0.00456914192609761405, delta^k = -0.00456914192609761405
    Local Iteration  72: ||V_upper^k - V_upper^k-1||_inf = 0.00000000000000000000, ||V_lower^k - V_lower^k-1||_inf = 0.00438637624905370560, delta^k = -0.00438637624905370560
    Local Iteration  73: ||V_upper^k - V_upper^k-1||_inf = 0.00000000000000000000, ||V_lower^k - V_lower^k-1||_inf = 0.00421092119909155516, delta^k = -0.00421092119909155516
    Local Iteration  74: ||V_upper^k - V_upper^k-1||_inf = 0.00000000000000000000, ||V_lower^k - V_lower^k-1||_inf = 0.00404248435112788962, delta^k = -0.00404248435112788962
    Local Iteration  75: ||V_upper^k - V_upper^k-1||_inf = 0.00000000000000000000, ||V_lower^k - V_lower^k-1||_inf = 0.00388078497708277403, delta^k = -0.00388078497708277403
    Local Iteration  76: ||V_upper^k - V_upper^k-1||_inf = 0.00000000000000000000, ||V_lower^k - V_lower^k-1||_inf = 0.00372555357799946030, delta^k = -0.00372555357799946030
    Local Iteration  77: ||V_upper^k - V_upper^k-1||_inf = 0.00000000000000000000, ||V_lower^k - V_lower^k-1||_inf = 0.00357653143487948744, delta^k = -0.00357653143487948744
    Local Iteration  78: ||V_upper^k - V_upper^k-1||_inf = 0.00000000000000000000, ||V_lower^k - V_lower^k-1||_inf = 0.00343347017748431294, delta^k = -0.00343347017748431294
    Local Iteration  79: ||V_upper^k - V_upper^k-1||_inf = 0.00000000000000000000, ||V_lower^k - V_lower^k-1||_inf = 0.00329613137038493875, delta^k = -0.00329613137038493875
    Local Iteration  80: ||V_upper^k - V_upper^k-1||_inf = 0.00000000000000000000, ||V_lower^k - V_lower^k-1||_inf = 0.00316428611556954231, delta^k = -0.00316428611556954231
    Local Iteration  81: ||V_upper^k - V_upper^k-1||_inf = 0.00000000000000000000, ||V_lower^k - V_lower^k-1||_inf = 0.00303771467094675340, delta^k = -0.00303771467094675340
    Local Iteration  82: ||V_upper^k - V_upper^k-1||_inf = 0.00000000000000000000, ||V_lower^k - V_lower^k-1||_inf = 0.00291620608410889104, delta^k = -0.00291620608410889104
    Local Iteration  83: ||V_upper^k - V_upper^k-1||_inf = 0.00000000000000000000, ||V_lower^k - V_lower^k-1||_inf = 0.00279955784074452374, delta^k = -0.00279955784074452374
    Local Iteration  84: ||V_upper^k - V_upper^k-1||_inf = 0.00000000000000000000, ||V_lower^k - V_lower^k-1||_inf = 0.00268757552711475223, delta^k = -0.00268757552711475223
    Local Iteration  85: ||V_upper^k - V_upper^k-1||_inf = 0.00000000000000000000, ||V_lower^k - V_lower^k-1||_inf = 0.00258007250603015797, delta^k = -0.00258007250603015797
    Local Iteration  86: ||V_upper^k - V_upper^k-1||_inf = 0.00000000000000000000, ||V_lower^k - V_lower^k-1||_inf = 0.00247686960578895332, delta^k = -0.00247686960578895332
    Local Iteration  87: ||V_upper^k - V_upper^k-1||_inf = 0.00000000000000000000, ||V_lower^k - V_lower^k-1||_inf = 0.00237779482155739408, delta^k = -0.00237779482155739408
    Local Iteration  88: ||V_upper^k - V_upper^k-1||_inf = 0.00000000000000000000, ||V_lower^k - V_lower^k-1||_inf = 0.00228268302869509554, delta^k = -0.00228268302869509554
    Local Iteration  89: ||V_upper^k - V_upper^k-1||_inf = 0.00000000000000000000, ||V_lower^k - V_lower^k-1||_inf = 0.00219137570754729394, delta^k = -0.00219137570754729394
    Local Iteration  90: ||V_upper^k - V_upper^k-1||_inf = 0.00000000000000000000, ||V_lower^k - V_lower^k-1||_inf = 0.00210372067924540634, delta^k = -0.00210372067924540634
    Local Iteration  91: ||V_upper^k - V_upper^k-1||_inf = 0.00000000000000000000, ||V_lower^k - V_lower^k-1||_inf = 0.00201957185207558843, delta^k = -0.00201957185207558843
    Local Iteration  92: ||V_upper^k - V_upper^k-1||_inf = 0.00000000000000000000, ||V_lower^k - V_lower^k-1||_inf = 0.00193878897799256572, delta^k = -0.00193878897799256572
    Local Iteration  93: ||V_upper^k - V_upper^k-1||_inf = 0.00000000000000000000, ||V_lower^k - V_lower^k-1||_inf = 0.00186123741887286170, delta^k = -0.00186123741887286170
    Local Iteration  94: ||V_upper^k - V_upper^k-1||_inf = 0.00000000000000000000, ||V_lower^k - V_lower^k-1||_inf = 0.00178678792211794946, delta^k = -0.00178678792211794946
    Local Iteration  95: ||V_upper^k - V_upper^k-1||_inf = 0.00000000000000000000, ||V_lower^k - V_lower^k-1||_inf = 0.00171531640523323037, delta^k = -0.00171531640523323037
    Local Iteration  96: ||V_upper^k - V_upper^k-1||_inf = 0.00000000000000000000, ||V_lower^k - V_lower^k-1||_inf = 0.00164670374902389782, delta^k = -0.00164670374902389782
    Local Iteration  97: ||V_upper^k - V_upper^k-1||_inf = 0.00000000000000000000, ||V_lower^k - V_lower^k-1||_inf = 0.00158083559906294080, delta^k = -0.00158083559906294080
    Local Iteration  98: ||V_upper^k - V_upper^k-1||_inf = 0.00000000000000000000, ||V_lower^k - V_lower^k-1||_inf = 0.00151760217510042705, delta^k = -0.00151760217510042705
    Local Iteration  99: ||V_upper^k - V_upper^k-1||_inf = 0.00000000000000000000, ||V_lower^k - V_lower^k-1||_inf = 0.00145689808809641025, delta^k = -0.00145689808809641025
    Local Iteration 100: ||V_upper^k - V_upper^k-1||_inf = 0.00000000000000000000, ||V_lower^k - V_lower^k-1||_inf = 0.00139862216457255217, delta^k = -0.00139862216457255217
    Local Iteration 101: ||V_upper^k - V_upper^k-1||_inf = 0.00000000000000000000, ||V_lower^k - V_lower^k-1||_inf = 0.00134267727798965258, delta^k = -0.00134267727798965258
    Local Iteration 102: ||V_upper^k - V_upper^k-1||_inf = 0.00000000000000000000, ||V_lower^k - V_lower^k-1||_inf = 0.00128897018687006149, delta^k = -0.00128897018687006149
    Local Iteration 103: ||V_upper^k - V_upper^k-1||_inf = 0.00000000000000000000, ||V_lower^k - V_lower^k-1||_inf = 0.00123741137939525903, delta^k = -0.00123741137939525903
    Local Iteration 104: ||V_upper^k - V_upper^k-1||_inf = 0.00000000000000000000, ||V_lower^k - V_lower^k-1||_inf = 0.00118791492421944922, delta^k = -0.00118791492421944922
    Local Iteration 105: ||V_upper^k - V_upper^k-1||_inf = 0.00000000000000000000, ||V_lower^k - V_lower^k-1||_inf = 0.00114039832725067181, delta^k = -0.00114039832725067181
    Local Iteration 106: ||V_upper^k - V_upper^k-1||_inf = 0.00000000000000000000, ||V_lower^k - V_lower^k-1||_inf = 0.00109478239416064410, delta^k = -0.00109478239416064410
    Local Iteration 107: ||V_upper^k - V_upper^k-1||_inf = 0.00000000000000000000, ||V_lower^k - V_lower^k-1||_inf = 0.00105099109839422097, delta^k = -0.00105099109839422097
    Local Iteration 108: ||V_upper^k - V_upper^k-1||_inf = 0.00000000000000000000, ||V_lower^k - V_lower^k-1||_inf = 0.00100895145445845102, delta^k = -0.00100895145445845102
    Local Iteration 109: ||V_upper^k - V_upper^k-1||_inf = 0.00000000000000000000, ||V_lower^k - V_lower^k-1||_inf = 0.00096859339628011312, delta^k = -0.00096859339628011312
    Local Iteration 110: ||V_upper^k - V_upper^k-1||_inf = 0.00000000000000000000, ||V_lower^k - V_lower^k-1||_inf = 0.00092984966042890943, delta^k = -0.00092984966042890943
    Local Iteration 111: ||V_upper^k - V_upper^k-1||_inf = 0.00000000000000000000, ||V_lower^k - V_lower^k-1||_inf = 0.00089265567401175180, delta^k = -0.00089265567401175180
    Local Iteration 112: ||V_upper^k - V_upper^k-1||_inf = 0.00000000000000000000, ||V_lower^k - V_lower^k-1||_inf = 0.00085694944705128062, delta^k = -0.00085694944705128062
    Local Iteration 113: ||V_upper^k - V_upper^k-1||_inf = 0.00000000000000000000, ||V_lower^k - V_lower^k-1||_inf = 0.00082267146916923176, delta^k = -0.00082267146916923176
    Local Iteration 114: ||V_upper^k - V_upper^k-1||_inf = 0.00000000000000000000, ||V_lower^k - V_lower^k-1||_inf = 0.00078976461040245957, delta^k = -0.00078976461040245957
    Local Iteration 115: ||V_upper^k - V_upper^k-1||_inf = 0.00000000000000000000, ||V_lower^k - V_lower^k-1||_inf = 0.00075817402598636272, delta^k = -0.00075817402598636272
    Local Iteration 116: ||V_upper^k - V_upper^k-1||_inf = 0.00000000000000000000, ||V_lower^k - V_lower^k-1||_inf = 0.00072784706494690918, delta^k = -0.00072784706494690918
    Local Iteration 117: ||V_upper^k - V_upper^k-1||_inf = 0.00000000000000000000, ||V_lower^k - V_lower^k-1||_inf = 0.00069873318234903170, delta^k = -0.00069873318234903170
    Local Iteration 118: ||V_upper^k - V_upper^k-1||_inf = 0.00000000000000000000, ||V_lower^k - V_lower^k-1||_inf = 0.00067078385505506960, delta^k = -0.00067078385505506960
    Local Iteration 119: ||V_upper^k - V_upper^k-1||_inf = 0.00000000000000000000, ||V_lower^k - V_lower^k-1||_inf = 0.00064395250085286758, delta^k = -0.00064395250085286758
    Local Iteration 120: ||V_upper^k - V_upper^k-1||_inf = 0.00000000000000000000, ||V_lower^k - V_lower^k-1||_inf = 0.00061819440081875218, delta^k = -0.00061819440081875218
    Local Iteration 121: ||V_upper^k - V_upper^k-1||_inf = 0.00000000000000000000, ||V_lower^k - V_lower^k-1||_inf = 0.00059346662478600327, delta^k = -0.00059346662478600327
    Local Iteration 122: ||V_upper^k - V_upper^k-1||_inf = 0.00000000000000000000, ||V_lower^k - V_lower^k-1||_inf = 0.00056972795979456231, delta^k = -0.00056972795979456231
    Local Iteration 123: ||V_upper^k - V_upper^k-1||_inf = 0.00000000000000000000, ||V_lower^k - V_lower^k-1||_inf = 0.00054693884140277933, delta^k = -0.00054693884140277933
    Local Iteration 124: ||V_upper^k - V_upper^k-1||_inf = 0.00000000000000000000, ||V_lower^k - V_lower^k-1||_inf = 0.00052506128774666878, delta^k = -0.00052506128774666878
    Local Iteration 125: ||V_upper^k - V_upper^k-1||_inf = 0.00000000000000000000, ||V_lower^k - V_lower^k-1||_inf = 0.00050405883623680196, delta^k = -0.00050405883623680196
    Local Iteration 126: ||V_upper^k - V_upper^k-1||_inf = 0.00000000000000000000, ||V_lower^k - V_lower^k-1||_inf = 0.00048389648278733023, delta^k = -0.00048389648278733023
    Local Iteration 127: ||V_upper^k - V_upper^k-1||_inf = 0.00000000000000000000, ||V_lower^k - V_lower^k-1||_inf = 0.00046454062347583633, delta^k = -0.00046454062347583633
    Local Iteration 128: ||V_upper^k - V_upper^k-1||_inf = 0.00000000000000000000, ||V_lower^k - V_lower^k-1||_inf = 0.00044595899853680336, delta^k = -0.00044595899853680336
    Local Iteration 129: ||V_upper^k - V_upper^k-1||_inf = 0.00000000000000000000, ||V_lower^k - V_lower^k-1||_inf = 0.00042812063859533171, delta^k = -0.00042812063859533171
    Local Iteration 130: ||V_upper^k - V_upper^k-1||_inf = 0.00000000000000000000, ||V_lower^k - V_lower^k-1||_inf = 0.00041099581305151754, delta^k = -0.00041099581305151754
    Local Iteration 131: ||V_upper^k - V_upper^k-1||_inf = 0.00000000000000000000, ||V_lower^k - V_lower^k-1||_inf = 0.00039455598052945753, delta^k = -0.00039455598052945753
    Local Iteration 132: ||V_upper^k - V_upper^k-1||_inf = 0.00000000000000000000, ||V_lower^k - V_lower^k-1||_inf = 0.00037877374130827930, delta^k = -0.00037877374130827930
    Local Iteration 133: ||V_upper^k - V_upper^k-1||_inf = 0.00000000000000000000, ||V_lower^k - V_lower^k-1||_inf = 0.00036362279165594834, delta^k = -0.00036362279165594834
    Local Iteration 134: ||V_upper^k - V_upper^k-1||_inf = 0.00000000000000000000, ||V_lower^k - V_lower^k-1||_inf = 0.00034907787998970929, delta^k = -0.00034907787998970929
    Local Iteration 135: ||V_upper^k - V_upper^k-1||_inf = 0.00000000000000000000, ||V_lower^k - V_lower^k-1||_inf = 0.00033511476479012106, delta^k = -0.00033511476479012106
    Local Iteration 136: ||V_upper^k - V_upper^k-1||_inf = 0.00000000000000000000, ||V_lower^k - V_lower^k-1||_inf = 0.00032171017419851608, delta^k = -0.00032171017419851608
    Local Iteration 137: ||V_upper^k - V_upper^k-1||_inf = 0.00000000000000000000, ||V_lower^k - V_lower^k-1||_inf = 0.00030884176723057575, delta^k = -0.00030884176723057575
    Local Iteration 138: ||V_upper^k - V_upper^k-1||_inf = 0.00000000000000000000, ||V_lower^k - V_lower^k-1||_inf = 0.00029648809654135317, delta^k = -0.00029648809654135317
    Local Iteration 139: ||V_upper^k - V_upper^k-1||_inf = 0.00000000000000000000, ||V_lower^k - V_lower^k-1||_inf = 0.00028462857267969825, delta^k = -0.00028462857267969825
    Local Iteration 140: ||V_upper^k - V_upper^k-1||_inf = 0.00000000000000000000, ||V_lower^k - V_lower^k-1||_inf = 0.00027324342977251039, delta^k = -0.00027324342977251039
    Local Iteration 141: ||V_upper^k - V_upper^k-1||_inf = 0.00000000000000000000, ||V_lower^k - V_lower^k-1||_inf = 0.00026231369258161025, delta^k = -0.00026231369258161025
    Local Iteration 142: ||V_upper^k - V_upper^k-1||_inf = 0.00000000000000000000, ||V_lower^k - V_lower^k-1||_inf = 0.00025182114487834559, delta^k = -0.00025182114487834559
    Local Iteration 143: ||V_upper^k - V_upper^k-1||_inf = 0.00000000000000000000, ||V_lower^k - V_lower^k-1||_inf = 0.00024174829908321215, delta^k = -0.00024174829908321215
    Local Iteration 144: ||V_upper^k - V_upper^k-1||_inf = 0.00000000000000000000, ||V_lower^k - V_lower^k-1||_inf = 0.00023207836711988325, delta^k = -0.00023207836711988325
    Local Iteration 145: ||V_upper^k - V_upper^k-1||_inf = 0.00000000000000000000, ||V_lower^k - V_lower^k-1||_inf = 0.00022279523243508813, delta^k = -0.00022279523243508813
    Local Iteration 146: ||V_upper^k - V_upper^k-1||_inf = 0.00000000000000000000, ||V_lower^k - V_lower^k-1||_inf = 0.00021388342313768439, delta^k = -0.00021388342313768439
    Local Iteration 147: ||V_upper^k - V_upper^k-1||_inf = 0.00000000000000000000, ||V_lower^k - V_lower^k-1||_inf = 0.00020532808621217744, delta^k = -0.00020532808621217744
    Local Iteration 148: ||V_upper^k - V_upper^k-1||_inf = 0.00000000000000000000, ||V_lower^k - V_lower^k-1||_inf = 0.00019711496276368992, delta^k = -0.00019711496276368992
    Local Iteration 149: ||V_upper^k - V_upper^k-1||_inf = 0.00000000000000000000, ||V_lower^k - V_lower^k-1||_inf = 0.00018923036425314271, delta^k = -0.00018923036425314271
    Local Iteration 150: ||V_upper^k - V_upper^k-1||_inf = 0.00000000000000000000, ||V_lower^k - V_lower^k-1||_inf = 0.00018166114968301648, delta^k = -0.00018166114968301648
    Local Iteration 151: ||V_upper^k - V_upper^k-1||_inf = 0.00000000000000000000, ||V_lower^k - V_lower^k-1||_inf = 0.00017439470369569592, delta^k = -0.00017439470369569592
    Local Iteration 152: ||V_upper^k - V_upper^k-1||_inf = 0.00000000000000000000, ||V_lower^k - V_lower^k-1||_inf = 0.00016741891554786833, delta^k = -0.00016741891554786833
    Local Iteration 153: ||V_upper^k - V_upper^k-1||_inf = 0.00000000000000000000, ||V_lower^k - V_lower^k-1||_inf = 0.00016072215892595342, delta^k = -0.00016072215892595342
    Local Iteration 154: ||V_upper^k - V_upper^k-1||_inf = 0.00000000000000000000, ||V_lower^k - V_lower^k-1||_inf = 0.00015429327256891558, delta^k = -0.00015429327256891558
    Local Iteration 155: ||V_upper^k - V_upper^k-1||_inf = 0.00000000000000000000, ||V_lower^k - V_lower^k-1||_inf = 0.00014812154166615873, delta^k = -0.00014812154166615873
    Local Iteration 156: ||V_upper^k - V_upper^k-1||_inf = 0.00000000000000000000, ||V_lower^k - V_lower^k-1||_inf = 0.00014219667999951224, delta^k = -0.00014219667999951224
    Local Iteration 157: ||V_upper^k - V_upper^k-1||_inf = 0.00000000000000000000, ||V_lower^k - V_lower^k-1||_inf = 0.00013650881279953214, delta^k = -0.00013650881279953214
    Local Iteration 158: ||V_upper^k - V_upper^k-1||_inf = 0.00000000000000000000, ||V_lower^k - V_lower^k-1||_inf = 0.00013104846028755062, delta^k = -0.00013104846028755062
    Local Iteration 159: ||V_upper^k - V_upper^k-1||_inf = 0.00000000000000000000, ||V_lower^k - V_lower^k-1||_inf = 0.00012580652187604846, delta^k = -0.00012580652187604846
    Local Iteration 160: ||V_upper^k - V_upper^k-1||_inf = 0.00000000000000000000, ||V_lower^k - V_lower^k-1||_inf = 0.00012077426100100654, delta^k = -0.00012077426100100654
    Local Iteration 161: ||V_upper^k - V_upper^k-1||_inf = 0.00000000000000000000, ||V_lower^k - V_lower^k-1||_inf = 0.00011594329056096621, delta^k = -0.00011594329056096621
    Local Iteration 162: ||V_upper^k - V_upper^k-1||_inf = 0.00000000000000000000, ||V_lower^k - V_lower^k-1||_inf = 0.00011130555893852775, delta^k = -0.00011130555893852775
    Local Iteration 163: ||V_upper^k - V_upper^k-1||_inf = 0.00000000000000000000, ||V_lower^k - V_lower^k-1||_inf = 0.00010685333658098668, delta^k = -0.00010685333658098668
    Local Iteration 164: ||V_upper^k - V_upper^k-1||_inf = 0.00000000000000000000, ||V_lower^k - V_lower^k-1||_inf = 0.00010257920311774723, delta^k = -0.00010257920311774723
    Local Iteration 165: ||V_upper^k - V_upper^k-1||_inf = 0.00000000000000000000, ||V_lower^k - V_lower^k-1||_inf = 0.00009847603499303723, delta^k = -0.00009847603499303723
    Local Iteration 166: ||V_upper^k - V_upper^k-1||_inf = 0.00000000000000000000, ||V_lower^k - V_lower^k-1||_inf = 0.00009453699359331580, delta^k = -0.00009453699359331580
    Local Iteration 167: ||V_upper^k - V_upper^k-1||_inf = 0.00000000000000000000, ||V_lower^k - V_lower^k-1||_inf = 0.00009075551384958320, delta^k = -0.00009075551384958320
    Local Iteration 168: ||V_upper^k - V_upper^k-1||_inf = 0.00000000000000000000, ||V_lower^k - V_lower^k-1||_inf = 0.00008712529329560001, delta^k = -0.00008712529329560001
    Local Iteration 169: ||V_upper^k - V_upper^k-1||_inf = 0.00000000000000000000, ||V_lower^k - V_lower^k-1||_inf = 0.00008364028156377561, delta^k = -0.00008364028156377561
    Local Iteration 170: ||V_upper^k - V_upper^k-1||_inf = 0.00000000000000000000, ||V_lower^k - V_lower^k-1||_inf = 0.00008029467030122475, delta^k = -0.00008029467030122475
    Local Iteration 171: ||V_upper^k - V_upper^k-1||_inf = 0.00000000000000000000, ||V_lower^k - V_lower^k-1||_inf = 0.00007708288348917572, delta^k = -0.00007708288348917572
    Local Iteration 172: ||V_upper^k - V_upper^k-1||_inf = 0.00000000000000000000, ||V_lower^k - V_lower^k-1||_inf = 0.00007399956814960868, delta^k = -0.00007399956814960868
    Local Iteration 173: ||V_upper^k - V_upper^k-1||_inf = 0.00000000000000000000, ||V_lower^k - V_lower^k-1||_inf = 0.00007103958542362446, delta^k = -0.00007103958542362446
    Local Iteration 174: ||V_upper^k - V_upper^k-1||_inf = 0.00000000000000000000, ||V_lower^k - V_lower^k-1||_inf = 0.00006819800200667954, delta^k = -0.00006819800200667954
    Local Iteration 175: ||V_upper^k - V_upper^k-1||_inf = 0.00000000000000000000, ||V_lower^k - V_lower^k-1||_inf = 0.00006547008192641225, delta^k = -0.00006547008192641225
    Local Iteration 176: ||V_upper^k - V_upper^k-1||_inf = 0.00000000000000000000, ||V_lower^k - V_lower^k-1||_inf = 0.00006285127864935581, delta^k = -0.00006285127864935581
    Local Iteration 177: ||V_upper^k - V_upper^k-1||_inf = 0.00000000000000000000, ||V_lower^k - V_lower^k-1||_inf = 0.00006033722750338152, delta^k = -0.00006033722750338152
    Local Iteration 178: ||V_upper^k - V_upper^k-1||_inf = 0.00000000000000000000, ||V_lower^k - V_lower^k-1||_inf = 0.00005792373840324619, delta^k = -0.00005792373840324619
    Local Iteration 179: ||V_upper^k - V_upper^k-1||_inf = 0.00000000000000000000, ||V_lower^k - V_lower^k-1||_inf = 0.00005560678886711652, delta^k = -0.00005560678886711652
    Local Iteration 180: ||V_upper^k - V_upper^k-1||_inf = 0.00000000000000000000, ||V_lower^k - V_lower^k-1||_inf = 0.00005338251731243165, delta^k = -0.00005338251731243165
    Local Iteration 181: ||V_upper^k - V_upper^k-1||_inf = 0.00000000000000000000, ||V_lower^k - V_lower^k-1||_inf = 0.00005124721661993459, delta^k = -0.00005124721661993459
    Local Iteration 182: ||V_upper^k - V_upper^k-1||_inf = 0.00000000000000000000, ||V_lower^k - V_lower^k-1||_inf = 0.00004919732795513718, delta^k = -0.00004919732795513718
    Local Iteration 183: ||V_upper^k - V_upper^k-1||_inf = 0.00000000000000000000, ||V_lower^k - V_lower^k-1||_inf = 0.00004722943483693163, delta^k = -0.00004722943483693163
    Local Iteration 184: ||V_upper^k - V_upper^k-1||_inf = 0.00000000000000000000, ||V_lower^k - V_lower^k-1||_inf = 0.00004534025744345441, delta^k = -0.00004534025744345441
    Local Iteration 185: ||V_upper^k - V_upper^k-1||_inf = 0.00000000000000000000, ||V_lower^k - V_lower^k-1||_inf = 0.00003981049049932620, delta^k = -0.00003981049049932620
    Local Iteration 186: ||V_upper^k - V_upper^k-1||_inf = 0.00000000000000000000, ||V_lower^k - V_lower^k-1||_inf = 0.00003821807087935319, delta^k = -0.00003821807087935319
    Local Iteration 187: ||V_upper^k - V_upper^k-1||_inf = 0.00000000000000000000, ||V_lower^k - V_lower^k-1||_inf = 0.00003668934804417899, delta^k = -0.00003668934804417899
    Local Iteration 188: ||V_upper^k - V_upper^k-1||_inf = 0.00000000000000000000, ||V_lower^k - V_lower^k-1||_inf = 0.00003522177412241189, delta^k = -0.00003522177412241189
    Local Iteration 189: ||V_upper^k - V_upper^k-1||_inf = 0.00000000000000000000, ||V_lower^k - V_lower^k-1||_inf = 0.00003381290315751539, delta^k = -0.00003381290315751539
    Local Iteration 190: ||V_upper^k - V_upper^k-1||_inf = 0.00000000000000000000, ||V_lower^k - V_lower^k-1||_inf = 0.00003246038703121480, delta^k = -0.00003246038703121480
    Local Iteration 191: ||V_upper^k - V_upper^k-1||_inf = 0.00000000000000000000, ||V_lower^k - V_lower^k-1||_inf = 0.00003116197154996616, delta^k = -0.00003116197154996616
    Local Iteration 192: ||V_upper^k - V_upper^k-1||_inf = 0.00000000000000000000, ||V_lower^k - V_lower^k-1||_inf = 0.00002991549268796751, delta^k = -0.00002991549268796751
    Local Iteration 193: ||V_upper^k - V_upper^k-1||_inf = 0.00000000000000000000, ||V_lower^k - V_lower^k-1||_inf = 0.00002871887298044884, delta^k = -0.00002871887298044884
    Local Iteration 194: ||V_upper^k - V_upper^k-1||_inf = 0.00000000000000000000, ||V_lower^k - V_lower^k-1||_inf = 0.00002757011806123091, delta^k = -0.00002757011806123091
    Local Iteration 195: ||V_upper^k - V_upper^k-1||_inf = 0.00000000000000000000, ||V_lower^k - V_lower^k-1||_inf = 0.00002646731333878164, delta^k = -0.00002646731333878164
    Local Iteration 196: ||V_upper^k - V_upper^k-1||_inf = 0.00000000000000000000, ||V_lower^k - V_lower^k-1||_inf = 0.00002540862080523034, delta^k = -0.00002540862080523034
    Local Iteration 197: ||V_upper^k - V_upper^k-1||_inf = 0.00000000000000000000, ||V_lower^k - V_lower^k-1||_inf = 0.00002439227597302116, delta^k = -0.00002439227597302116
    Local Iteration 198: ||V_upper^k - V_upper^k-1||_inf = 0.00000000000000000000, ||V_lower^k - V_lower^k-1||_inf = 0.00002341658493410035, delta^k = -0.00002341658493410035
    Local Iteration 199: ||V_upper^k - V_upper^k-1||_inf = 0.00000000000000000000, ||V_lower^k - V_lower^k-1||_inf = 0.00002247992153673630, delta^k = -0.00002247992153673630
    Local Iteration 200: ||V_upper^k - V_upper^k-1||_inf = 0.00000000000000000000, ||V_lower^k - V_lower^k-1||_inf = 0.00002158072467526684, delta^k = -0.00002158072467526684
    Local Iteration 201: ||V_upper^k - V_upper^k-1||_inf = 0.00000000000000000000, ||V_lower^k - V_lower^k-1||_inf = 0.00002071749568825613, delta^k = -0.00002071749568825613
    Local Iteration 202: ||V_upper^k - V_upper^k-1||_inf = 0.00000000000000000000, ||V_lower^k - V_lower^k-1||_inf = 0.00001988879586072592, delta^k = -0.00001988879586072592
    Local Iteration 203: ||V_upper^k - V_upper^k-1||_inf = 0.00000000000000000000, ||V_lower^k - V_lower^k-1||_inf = 0.00001909324402629687, delta^k = -0.00001909324402629687
    Local Iteration 204: ||V_upper^k - V_upper^k-1||_inf = 0.00000000000000000000, ||V_lower^k - V_lower^k-1||_inf = 0.00001832951426524501, delta^k = -0.00001832951426524501
    Local Iteration 205: ||V_upper^k - V_upper^k-1||_inf = 0.00000000000000000000, ||V_lower^k - V_lower^k-1||_inf = 0.00001759633369463522, delta^k = -0.00001759633369463522
    Local Iteration 206: ||V_upper^k - V_upper^k-1||_inf = 0.00000000000000000000, ||V_lower^k - V_lower^k-1||_inf = 0.00001689248034684982, delta^k = -0.00001689248034684982
    Local Iteration 207: ||V_upper^k - V_upper^k-1||_inf = 0.00000000000000000000, ||V_lower^k - V_lower^k-1||_inf = 0.00001621678113297579, delta^k = -0.00001621678113297579
    Local Iteration 208: ||V_upper^k - V_upper^k-1||_inf = 0.00000000000000000000, ||V_lower^k - V_lower^k-1||_inf = 0.00001556810988765679, delta^k = -0.00001556810988765679
    Local Iteration 209: ||V_upper^k - V_upper^k-1||_inf = 0.00000000000000000000, ||V_lower^k - V_lower^k-1||_inf = 0.00001494538549215050, delta^k = -0.00001494538549215050
    Local Iteration 210: ||V_upper^k - V_upper^k-1||_inf = 0.00000000000000000000, ||V_lower^k - V_lower^k-1||_inf = 0.00001434757007246450, delta^k = -0.00001434757007246450
    Local Iteration 211: ||V_upper^k - V_upper^k-1||_inf = 0.00000000000000000000, ||V_lower^k - V_lower^k-1||_inf = 0.00001377366726956590, delta^k = -0.00001377366726956590
    Local Iteration 212: ||V_upper^k - V_upper^k-1||_inf = 0.00000000000000000000, ||V_lower^k - V_lower^k-1||_inf = 0.00001322272057878329, delta^k = -0.00001322272057878329
    Local Iteration 213: ||V_upper^k - V_upper^k-1||_inf = 0.00000000000000000000, ||V_lower^k - V_lower^k-1||_inf = 0.00001269381175563193, delta^k = -0.00001269381175563193
    Local Iteration 214: ||V_upper^k - V_upper^k-1||_inf = 0.00000000000000000000, ||V_lower^k - V_lower^k-1||_inf = 0.00001218605928540668, delta^k = -0.00001218605928540668
    Local Iteration 215: ||V_upper^k - V_upper^k-1||_inf = 0.00000000000000000000, ||V_lower^k - V_lower^k-1||_inf = 0.00001169861691399041, delta^k = -0.00001169861691399041
    Local Iteration 216: ||V_upper^k - V_upper^k-1||_inf = 0.00000000000000000000, ||V_lower^k - V_lower^k-1||_inf = 0.00001123067223743080, delta^k = -0.00001123067223743080
    Local Iteration 217: ||V_upper^k - V_upper^k-1||_inf = 0.00000000000000000000, ||V_lower^k - V_lower^k-1||_inf = 0.00001078144534793352, delta^k = -0.00001078144534793352
    Local Iteration 218: ||V_upper^k - V_upper^k-1||_inf = 0.00000000000000000000, ||V_lower^k - V_lower^k-1||_inf = 0.00001035018753401621, delta^k = -0.00001035018753401621
    Local Iteration 219: ||V_upper^k - V_upper^k-1||_inf = 0.00000000000000000000, ||V_lower^k - V_lower^k-1||_inf = 0.00000993618003265555, delta^k = -0.00000993618003265555
    Local Iteration 220: ||V_upper^k - V_upper^k-1||_inf = 0.00000000000000000000, ||V_lower^k - V_lower^k-1||_inf = 0.00000953873283134933, delta^k = -0.00000953873283134933
    Local Iteration 221: ||V_upper^k - V_upper^k-1||_inf = 0.00000000000000000000, ||V_lower^k - V_lower^k-1||_inf = 0.00000915718351809537, delta^k = -0.00000915718351809537
    Local Iteration 222: ||V_upper^k - V_upper^k-1||_inf = 0.00000000000000000000, ||V_lower^k - V_lower^k-1||_inf = 0.00000879089617737155, delta^k = -0.00000879089617737155
    Local Iteration 223: ||V_upper^k - V_upper^k-1||_inf = 0.00000000000000000000, ||V_lower^k - V_lower^k-1||_inf = 0.00000843926033027668, delta^k = -0.00000843926033027668
    Local Iteration 224: ||V_upper^k - V_upper^k-1||_inf = 0.00000000000000000000, ||V_lower^k - V_lower^k-1||_inf = 0.00000810168991706561, delta^k = -0.00000810168991706561
    Local Iteration 225: ||V_upper^k - V_upper^k-1||_inf = 0.00000000000000000000, ||V_lower^k - V_lower^k-1||_inf = 0.00000777762232038299, delta^k = -0.00000777762232038299
    Local Iteration 226: ||V_upper^k - V_upper^k-1||_inf = 0.00000000000000000000, ||V_lower^k - V_lower^k-1||_inf = 0.00000746651742756767, delta^k = -0.00000746651742756767
    Local Iteration 227: ||V_upper^k - V_upper^k-1||_inf = 0.00000000000000000000, ||V_lower^k - V_lower^k-1||_inf = 0.00000716785673046495, delta^k = -0.00000716785673046495
    Local Iteration 228: ||V_upper^k - V_upper^k-1||_inf = 0.00000000000000000000, ||V_lower^k - V_lower^k-1||_inf = 0.00000688114246124636, delta^k = -0.00000688114246124636
    Local Iteration 229: ||V_upper^k - V_upper^k-1||_inf = 0.00000000000000000000, ||V_lower^k - V_lower^k-1||_inf = 0.00000660589676279650, delta^k = -0.00000660589676279650
    Local Iteration 230: ||V_upper^k - V_upper^k-1||_inf = 0.00000000000000000000, ||V_lower^k - V_lower^k-1||_inf = 0.00000634166089228465, delta^k = -0.00000634166089228465
    Local Iteration 231: ||V_upper^k - V_upper^k-1||_inf = 0.00000000000000000000, ||V_lower^k - V_lower^k-1||_inf = 0.00000608799445659327, delta^k = -0.00000608799445659327
    Local Iteration 232: ||V_upper^k - V_upper^k-1||_inf = 0.00000000000000000000, ||V_lower^k - V_lower^k-1||_inf = 0.00000584447467832954, delta^k = -0.00000584447467832954
    Local Iteration 233: ||V_upper^k - V_upper^k-1||_inf = 0.00000000000000000000, ||V_lower^k - V_lower^k-1||_inf = 0.00000561069569119635, delta^k = -0.00000561069569119635
    Local Iteration 234: ||V_upper^k - V_upper^k-1||_inf = 0.00000000000000000000, ||V_lower^k - V_lower^k-1||_inf = 0.00000538626786354850, delta^k = -0.00000538626786354850
    Local Iteration 235: ||V_upper^k - V_upper^k-1||_inf = 0.00000000000000000000, ||V_lower^k - V_lower^k-1||_inf = 0.00000517081714900656, delta^k = -0.00000517081714900656
    Local Iteration 236: ||V_upper^k - V_upper^k-1||_inf = 0.00000000000000000000, ||V_lower^k - V_lower^k-1||_inf = 0.00000488748693457362, delta^k = -0.00000488748693457362
    Local Iteration 237: ||V_upper^k - V_upper^k-1||_inf = 0.00000000000000000000, ||V_lower^k - V_lower^k-1||_inf = 0.00000256107801864290, delta^k = -0.00000256107801864290
    Local Iteration 238: ||V_upper^k - V_upper^k-1||_inf = 0.00000000000000000000, ||V_lower^k - V_lower^k-1||_inf = 0.00000000000000000000, delta^k = 0.00000000000000000000

============================================================
 CONSERVATIVE STOPPING CONDITION MET (Algorithm 3)
============================================================
  delta^k = 0.0000000000e+00 >= -delta_max
  ||V_upper^k - V_upper^k-1||_inf = 0.0000000000e+00 < 1e-08
  eps_cons = (0.96 * 0.0000000000e+00) / 0.04 = 0.0000000000e+00
  Correcting V_lower for 1047948 cells: V_lower <- V_lower - eps_cons - eps_machine
   Conservative correction applied successfully
  Machine epsilon eps_machine = 2.220e-16
    Local VI completed in 238 iterations
    Final convergence values:
      ||V_upper^final - V_upper^prev||_inf = 0.00000000e+00
      ||V_lower^final - V_lower^prev||_inf = 0.00000000e+00
  Local VI completed in 238 iterations, time: 16.423s
    Final ||V_upper^k - V_upper^k-1||_inf = 0.00000000000000000000e+00
    Final ||V_lower^k - V_lower^k-1||_inf = 0.00000000000000000000e+00
  Saved visualization: /Users/i.k.tabbara/Documents/python directory/HSCC_2027/refactored_Implementations/results_hscc_2027_newbellmans_12workers/ra_discount/double_integrator_res10_eps0.05_dmin1e-08_dmax1e-08_gamma0.96_dt0.3_tau0.3_cons/value_function_phase_7_complete.png
  Phase 7 completed in 17.52s with 1047948 leaf cells

Classification after phase 7:
  Safe:           726378 cells ( 69.3%),   61.4% of state space
  Unsafe:          18208 cells (  1.7%),   14.9% of state space
  Unclassified:   303362 cells ( 28.9%),   23.7% of state space

======================================================================
REFINEMENT PHASE 8
======================================================================
Boundary cells: 303362
  Refinable (>eta_min=0.017678): 303362
  Below threshold: 0
  Cumulative refined: 1037948
  Refinable cell size statistics:
    Max:    0.150000
    Mean:   0.150000
    Min:    0.150000
    Median: 0.150000
  Refining 303362 cells...
    Refined: 303362 parent cells
    Created: 606724 child cells
    Total cells: 1351310
    Refinement time: 0.053s
    Cumulative refined: 1341310
  Rebuilding spatial index...
  Building spatial index for 1351310 cells...
   Spatial index built in 0.47s
    Spatial index rebuilt in 0.467s
  Initializing 606724 new cells...
  Initializing 606724 new cells in parallel...
   Initialized in 0.00s (145885094.6 cells/s)
    Initialization completed in 0.004s
  Starting local value iteration...
  Reinitializing ALL 1351310 cells (V = l)
   Reinitialized 1351310 cells in 0.01s (172036382.4 cells/s)
  Local VI: updating all 1351310 cells
    Conservative mode: True
    delta_max: 1e-08
    Max iterations: 20000
    Updating successor cache for 606724 updated cells...
    Updating successor cache for 606724 new cells (HYBRID)...
      Affected cells: 1044666
   Trajectories + spatial queries computed in 3.94s (2386333.8 tasks/s)
    Breakdown: 8.6% ODE, 91.4% queries
     Cache updated in 4.52s (2078056.8 tasks/s)
    Local Iteration   1: ||V_upper^k - V_upper^k-1||_inf = 3.93799602617861266296, ||V_lower^k - V_lower^k-1||_inf = 3.77889700041163933975, delta^k = -3.77889700041163933975
    Local Iteration   2: ||V_upper^k - V_upper^k-1||_inf = 3.77207197250227554974, ||V_lower^k - V_lower^k-1||_inf = 3.52591774390431123010, delta^k = -3.52591774390431123010
    Local Iteration   3: ||V_upper^k - V_upper^k-1||_inf = 0.12230418285585553662, ||V_lower^k - V_lower^k-1||_inf = 3.23858559490387509783, delta^k = -3.23858559490387509783
    Local Iteration   4: ||V_upper^k - V_upper^k-1||_inf = 0.10526992913065047475, ||V_lower^k - V_lower^k-1||_inf = 2.88976416831529236973, delta^k = -2.88976416831529236973
    Local Iteration   5: ||V_upper^k - V_upper^k-1||_inf = 0.10105913196542459787, ||V_lower^k - V_lower^k-1||_inf = 2.61660635649733563923, delta^k = -2.61660635649733563923
    Local Iteration   6: ||V_upper^k - V_upper^k-1||_inf = 0.09701676668680736526, ||V_lower^k - V_lower^k-1||_inf = 0.39099583713985192057, delta^k = -0.39099583713985192057
    Local Iteration   7: ||V_upper^k - V_upper^k-1||_inf = 0.09313609601933503512, ||V_lower^k - V_lower^k-1||_inf = 0.32057577851918156453, delta^k = -0.32057577851918156453
    Local Iteration   8: ||V_upper^k - V_upper^k-1||_inf = 0.08941065217856181135, ||V_lower^k - V_lower^k-1||_inf = 0.29302803415924644215, delta^k = -0.29302803415924644215
    Local Iteration   9: ||V_upper^k - V_upper^k-1||_inf = 0.08583422609141910797, ||V_lower^k - V_lower^k-1||_inf = 0.23914832993337165057, delta^k = -0.23914832993337165057
    Local Iteration  10: ||V_upper^k - V_upper^k-1||_inf = 0.08240085704776256570, ||V_lower^k - V_lower^k-1||_inf = 0.08997024428467104151, delta^k = -0.08997024428467104151
    Local Iteration  11: ||V_upper^k - V_upper^k-1||_inf = 0.07910482276585195649, ||V_lower^k - V_lower^k-1||_inf = 0.08637143451328421762, delta^k = -0.08637143451328421762
    Local Iteration  12: ||V_upper^k - V_upper^k-1||_inf = 0.07594062985521787823, ||V_lower^k - V_lower^k-1||_inf = 0.08105405331471726704, delta^k = -0.08105405331471726704
    Local Iteration  13: ||V_upper^k - V_upper^k-1||_inf = 0.07290300466100907428, ||V_lower^k - V_lower^k-1||_inf = 0.07781189118212861189, delta^k = -0.07781189118212861189
    Local Iteration  14: ||V_upper^k - V_upper^k-1||_inf = 0.06998688447456880013, ||V_lower^k - V_lower^k-1||_inf = 0.07469941553484349406, delta^k = -0.07469941553484349406
    Local Iteration  15: ||V_upper^k - V_upper^k-1||_inf = 0.06718740909558595931, ||V_lower^k - V_lower^k-1||_inf = 0.07171143891344966548, delta^k = -0.07171143891344966548
    Local Iteration  16: ||V_upper^k - V_upper^k-1||_inf = 0.06449991273176269857, ||V_lower^k - V_lower^k-1||_inf = 0.06884298135691180320, delta^k = -0.06884298135691180320
    Local Iteration  17: ||V_upper^k - V_upper^k-1||_inf = 0.06191991622249215510, ||V_lower^k - V_lower^k-1||_inf = 0.06608926210263521561, delta^k = -0.06608926210263521561
    Local Iteration  18: ||V_upper^k - V_upper^k-1||_inf = 0.05944311957359249554, ||V_lower^k - V_lower^k-1||_inf = 0.06344569161852975370, delta^k = -0.06344569161852975370
    Local Iteration  19: ||V_upper^k - V_upper^k-1||_inf = 0.05706539479064876019, ||V_lower^k - V_lower^k-1||_inf = 0.06090786395378855467, delta^k = -0.06090786395378855467
    Local Iteration  20: ||V_upper^k - V_upper^k-1||_inf = 0.05478277899902272985, ||V_lower^k - V_lower^k-1||_inf = 0.05847154939563703469, delta^k = -0.05847154939563703469
    Local Iteration  21: ||V_upper^k - V_upper^k-1||_inf = 0.05259146783906176736, ||V_lower^k - V_lower^k-1||_inf = 0.05613268741981158882, delta^k = -0.05613268741981158882
    Local Iteration  22: ||V_upper^k - V_upper^k-1||_inf = 0.05048780912549943878, ||V_lower^k - V_lower^k-1||_inf = 0.05388737992301917412, delta^k = -0.05388737992301917412
    Local Iteration  23: ||V_upper^k - V_upper^k-1||_inf = 0.04846829676047947899, ||V_lower^k - V_lower^k-1||_inf = 0.05173188472609846489, delta^k = -0.05173188472609846489
    Local Iteration  24: ||V_upper^k - V_upper^k-1||_inf = 0.04652956489006032648, ||V_lower^k - V_lower^k-1||_inf = 0.04966260933705446412, delta^k = -0.04966260933705446412
    Local Iteration  25: ||V_upper^k - V_upper^k-1||_inf = 0.04466838229445779795, ||V_lower^k - V_lower^k-1||_inf = 0.04767610496357232996, delta^k = -0.04767610496357232996
    Local Iteration  26: ||V_upper^k - V_upper^k-1||_inf = 0.04288164700267960150, ||V_lower^k - V_lower^k-1||_inf = 0.04576906076502940124, delta^k = -0.04576906076502940124
    Local Iteration  27: ||V_upper^k - V_upper^k-1||_inf = 0.04116638112257231530, ||V_lower^k - V_lower^k-1||_inf = 0.04393829833442830513, delta^k = -0.04393829833442830513
    Local Iteration  28: ||V_upper^k - V_upper^k-1||_inf = 0.03951972587766938716, ||V_lower^k - V_lower^k-1||_inf = 0.04218076640105117292, delta^k = -0.04218076640105117292
    Local Iteration  29: ||V_upper^k - V_upper^k-1||_inf = 0.03793893684256266496, ||V_lower^k - V_lower^k-1||_inf = 0.04049353574500913489, delta^k = -0.04049353574500913489
    Local Iteration  30: ||V_upper^k - V_upper^k-1||_inf = 0.03642137936886014060, ||V_lower^k - V_lower^k-1||_inf = 0.03887379431520876505, delta^k = -0.03887379431520876505
    Local Iteration  31: ||V_upper^k - V_upper^k-1||_inf = 0.03496452419410567281, ||V_lower^k - V_lower^k-1||_inf = 0.03731884254260042777, delta^k = -0.03731884254260042777
    Local Iteration  32: ||V_upper^k - V_upper^k-1||_inf = 0.03356594322634154359, ||V_lower^k - V_lower^k-1||_inf = 0.03582608884089633072, delta^k = -0.03582608884089633072
    Local Iteration  33: ||V_upper^k - V_upper^k-1||_inf = 0.03222330549728780191, ||V_lower^k - V_lower^k-1||_inf = 0.03439304528726044863, delta^k = -0.03439304528726044863
    Local Iteration  34: ||V_upper^k - V_upper^k-1||_inf = 0.03093437327739634313, ||V_lower^k - V_lower^k-1||_inf = 0.03301732347577002180, delta^k = -0.03301732347577002180
    Local Iteration  35: ||V_upper^k - V_upper^k-1||_inf = 0.02969699834630046276, ||V_lower^k - V_lower^k-1||_inf = 0.03169663053673921205, delta^k = -0.03169663053673921205
    Local Iteration  36: ||V_upper^k - V_upper^k-1||_inf = 0.02850911841244840872, ||V_lower^k - V_lower^k-1||_inf = 0.03042876531526966799, delta^k = -0.03042876531526966799
    Local Iteration  37: ||V_upper^k - V_upper^k-1||_inf = 0.02736875367595048569, ||V_lower^k - V_lower^k-1||_inf = 0.02921161470265887239, delta^k = -0.02921161470265887239
    Local Iteration  38: ||V_upper^k - V_upper^k-1||_inf = 0.02627400352891251512, ||V_lower^k - V_lower^k-1||_inf = 0.02804315011455249529, delta^k = -0.02804315011455249529
    Local Iteration  39: ||V_upper^k - V_upper^k-1||_inf = 0.02522304338775593902, ||V_lower^k - V_lower^k-1||_inf = 0.02692142410997039326, delta^k = -0.02692142410997039326
    Local Iteration  40: ||V_upper^k - V_upper^k-1||_inf = 0.02421412165224579027, ||V_lower^k - V_lower^k-1||_inf = 0.02584456714557159529, delta^k = -0.02584456714557159529
    Local Iteration  41: ||V_upper^k - V_upper^k-1||_inf = 0.02324555678615591869, ||V_lower^k - V_lower^k-1||_inf = 0.01952792329791630532, delta^k = -0.01952792329791630532
    Local Iteration  42: ||V_upper^k - V_upper^k-1||_inf = 0.02231573451470969527, ||V_lower^k - V_lower^k-1||_inf = 0.01874680636599962424, delta^k = -0.01874680636599962424
    Local Iteration  43: ||V_upper^k - V_upper^k-1||_inf = 0.02142310513412126749, ||V_lower^k - V_lower^k-1||_inf = 0.01508175211650764069, delta^k = -0.01508175211650764069
    Local Iteration  44: ||V_upper^k - V_upper^k-1||_inf = 0.02056618092875645010, ||V_lower^k - V_lower^k-1||_inf = 0.01447848203184737281, delta^k = -0.01447848203184737281
    Local Iteration  45: ||V_upper^k - V_upper^k-1||_inf = 0.01974353369160619653, ||V_lower^k - V_lower^k-1||_inf = 0.01389934275057347346, delta^k = -0.01389934275057347346
    Local Iteration  46: ||V_upper^k - V_upper^k-1||_inf = 0.01895379234394195533, ||V_lower^k - V_lower^k-1||_inf = 0.01334336904055050121, delta^k = -0.01334336904055050121
    Local Iteration  47: ||V_upper^k - V_upper^k-1||_inf = 0.01819564065018425270, ||V_lower^k - V_lower^k-1||_inf = 0.01280963427892850559, delta^k = -0.01280963427892850559
    Local Iteration  48: ||V_upper^k - V_upper^k-1||_inf = 0.01746781502417688037, ||V_lower^k - V_lower^k-1||_inf = 0.01229724890777134094, delta^k = -0.01229724890777134094
    Local Iteration  49: ||V_upper^k - V_upper^k-1||_inf = 0.01676910242320978073, ||V_lower^k - V_lower^k-1||_inf = 0.01180535895146050951, delta^k = -0.01180535895146050951
    Local Iteration  50: ||V_upper^k - V_upper^k-1||_inf = 0.01609833832628143613, ||V_lower^k - V_lower^k-1||_inf = 0.01133314459340206692, delta^k = -0.01133314459340206692
    Local Iteration  51: ||V_upper^k - V_upper^k-1||_inf = 0.01545440479323018090, ||V_lower^k - V_lower^k-1||_inf = 0.01087981880966598647, delta^k = -0.01087981880966598647
    Local Iteration  52: ||V_upper^k - V_upper^k-1||_inf = 0.01483622860150096701, ||V_lower^k - V_lower^k-1||_inf = 0.01044462605727936033, delta^k = -0.01044462605727936033
    Local Iteration  53: ||V_upper^k - V_upper^k-1||_inf = 0.01424277945744090168, ||V_lower^k - V_lower^k-1||_inf = 0.01002684101498818592, delta^k = -0.01002684101498818592
    Local Iteration  54: ||V_upper^k - V_upper^k-1||_inf = 0.01367306827914327449, ||V_lower^k - V_lower^k-1||_inf = 0.00962576737438866625, delta^k = -0.00962576737438866625
    Local Iteration  55: ||V_upper^k - V_upper^k-1||_inf = 0.01312614554797753019, ||V_lower^k - V_lower^k-1||_inf = 0.00924073667941310850, delta^k = -0.00924073667941310850
    Local Iteration  56: ||V_upper^k - V_upper^k-1||_inf = 0.01260109972605844009, ||V_lower^k - V_lower^k-1||_inf = 0.00887110721223657861, delta^k = -0.00887110721223657861
    Local Iteration  57: ||V_upper^k - V_upper^k-1||_inf = 0.01209705573701608250, ||V_lower^k - V_lower^k-1||_inf = 0.00851626292374713101, delta^k = -0.00851626292374713101
    Local Iteration  58: ||V_upper^k - V_upper^k-1||_inf = 0.01161317350753543476, ||V_lower^k - V_lower^k-1||_inf = 0.00817561240679723356, delta^k = -0.00817561240679723356
    Local Iteration  59: ||V_upper^k - V_upper^k-1||_inf = 0.01114864656723402181, ||V_lower^k - V_lower^k-1||_inf = 0.00784858791052533977, delta^k = -0.00784858791052533977
    Local Iteration  60: ||V_upper^k - V_upper^k-1||_inf = 0.00185856437036058253, ||V_lower^k - V_lower^k-1||_inf = 0.00753464439410433950, delta^k = -0.00753464439410433950
    Local Iteration  61: ||V_upper^k - V_upper^k-1||_inf = 0.00000000000000000000, ||V_lower^k - V_lower^k-1||_inf = 0.00723325861834017703, delta^k = -0.00723325861834017703
    Local Iteration  62: ||V_upper^k - V_upper^k-1||_inf = 0.00000000000000000000, ||V_lower^k - V_lower^k-1||_inf = 0.00694392827360656995, delta^k = -0.00694392827360656995
    Local Iteration  63: ||V_upper^k - V_upper^k-1||_inf = 0.00000000000000000000, ||V_lower^k - V_lower^k-1||_inf = 0.00666617114266229716, delta^k = -0.00666617114266229716
    Local Iteration  64: ||V_upper^k - V_upper^k-1||_inf = 0.00000000000000000000, ||V_lower^k - V_lower^k-1||_inf = 0.00639952429695581082, delta^k = -0.00639952429695581082
    Local Iteration  65: ||V_upper^k - V_upper^k-1||_inf = 0.00000000000000000000, ||V_lower^k - V_lower^k-1||_inf = 0.00614354332507757728, delta^k = -0.00614354332507757728
    Local Iteration  66: ||V_upper^k - V_upper^k-1||_inf = 0.00000000000000000000, ||V_lower^k - V_lower^k-1||_inf = 0.00589780159207445309, delta^k = -0.00589780159207445309
    Local Iteration  67: ||V_upper^k - V_upper^k-1||_inf = 0.00000000000000000000, ||V_lower^k - V_lower^k-1||_inf = 0.00566188952839150050, delta^k = -0.00566188952839150050
    Local Iteration  68: ||V_upper^k - V_upper^k-1||_inf = 0.00000000000000000000, ||V_lower^k - V_lower^k-1||_inf = 0.00543541394725582938, delta^k = -0.00543541394725582938
    Local Iteration  69: ||V_upper^k - V_upper^k-1||_inf = 0.00000000000000000000, ||V_lower^k - V_lower^k-1||_inf = 0.00521799738936559732, delta^k = -0.00521799738936559732
    Local Iteration  70: ||V_upper^k - V_upper^k-1||_inf = 0.00000000000000000000, ||V_lower^k - V_lower^k-1||_inf = 0.00500927749379097287, delta^k = -0.00500927749379097287
    Local Iteration  71: ||V_upper^k - V_upper^k-1||_inf = 0.00000000000000000000, ||V_lower^k - V_lower^k-1||_inf = 0.00480890639403933062, delta^k = -0.00480890639403933062
    Local Iteration  72: ||V_upper^k - V_upper^k-1||_inf = 0.00000000000000000000, ||V_lower^k - V_lower^k-1||_inf = 0.00461655013827776128, delta^k = -0.00461655013827776128
    Local Iteration  73: ||V_upper^k - V_upper^k-1||_inf = 0.00000000000000000000, ||V_lower^k - V_lower^k-1||_inf = 0.00443188813274664195, delta^k = -0.00443188813274664195
    Local Iteration  74: ||V_upper^k - V_upper^k-1||_inf = 0.00000000000000000000, ||V_lower^k - V_lower^k-1||_inf = 0.00425461260743678626, delta^k = -0.00425461260743678626
    Local Iteration  75: ||V_upper^k - V_upper^k-1||_inf = 0.00000000000000000000, ||V_lower^k - V_lower^k-1||_inf = 0.00408442810313930371, delta^k = -0.00408442810313930371
    Local Iteration  76: ||V_upper^k - V_upper^k-1||_inf = 0.00000000000000000000, ||V_lower^k - V_lower^k-1||_inf = 0.00392105097901374045, delta^k = -0.00392105097901374045
    Local Iteration  77: ||V_upper^k - V_upper^k-1||_inf = 0.00000000000000000000, ||V_lower^k - V_lower^k-1||_inf = 0.00376420893985318639, delta^k = -0.00376420893985318639
    Local Iteration  78: ||V_upper^k - V_upper^k-1||_inf = 0.00000000000000000000, ||V_lower^k - V_lower^k-1||_inf = 0.00361364058225906171, delta^k = -0.00361364058225906171
    Local Iteration  79: ||V_upper^k - V_upper^k-1||_inf = 0.00000000000000000000, ||V_lower^k - V_lower^k-1||_inf = 0.00346909495896870201, delta^k = -0.00346909495896870201
    Local Iteration  80: ||V_upper^k - V_upper^k-1||_inf = 0.00000000000000000000, ||V_lower^k - V_lower^k-1||_inf = 0.00333033116060994783, delta^k = -0.00333033116060994783
    Local Iteration  81: ||V_upper^k - V_upper^k-1||_inf = 0.00000000000000000000, ||V_lower^k - V_lower^k-1||_inf = 0.00319711791418554603, delta^k = -0.00319711791418554603
    Local Iteration  82: ||V_upper^k - V_upper^k-1||_inf = 0.00000000000000000000, ||V_lower^k - V_lower^k-1||_inf = 0.00306923319761813473, delta^k = -0.00306923319761813473
    Local Iteration  83: ||V_upper^k - V_upper^k-1||_inf = 0.00000000000000000000, ||V_lower^k - V_lower^k-1||_inf = 0.00294646386971340879, delta^k = -0.00294646386971340879
    Local Iteration  84: ||V_upper^k - V_upper^k-1||_inf = 0.00000000000000000000, ||V_lower^k - V_lower^k-1||_inf = 0.00282860531492486189, delta^k = -0.00282860531492486189
    Local Iteration  85: ||V_upper^k - V_upper^k-1||_inf = 0.00000000000000000000, ||V_lower^k - V_lower^k-1||_inf = 0.00271546110232787075, delta^k = -0.00271546110232787075
    Local Iteration  86: ||V_upper^k - V_upper^k-1||_inf = 0.00000000000000000000, ||V_lower^k - V_lower^k-1||_inf = 0.00260684265823475647, delta^k = -0.00260684265823475647
    Local Iteration  87: ||V_upper^k - V_upper^k-1||_inf = 0.00000000000000000000, ||V_lower^k - V_lower^k-1||_inf = 0.00250256895190537065, delta^k = -0.00250256895190537065
    Local Iteration  88: ||V_upper^k - V_upper^k-1||_inf = 0.00000000000000000000, ||V_lower^k - V_lower^k-1||_inf = 0.00240246619382915305, delta^k = -0.00240246619382915305
    Local Iteration  89: ||V_upper^k - V_upper^k-1||_inf = 0.00000000000000000000, ||V_lower^k - V_lower^k-1||_inf = 0.00230636754607598665, delta^k = -0.00230636754607598665
    Local Iteration  90: ||V_upper^k - V_upper^k-1||_inf = 0.00000000000000000000, ||V_lower^k - V_lower^k-1||_inf = 0.00221411284423294469, delta^k = -0.00221411284423294469
    Local Iteration  91: ||V_upper^k - V_upper^k-1||_inf = 0.00000000000000000000, ||V_lower^k - V_lower^k-1||_inf = 0.00212554833046362662, delta^k = -0.00212554833046362662
    Local Iteration  92: ||V_upper^k - V_upper^k-1||_inf = 0.00000000000000000000, ||V_lower^k - V_lower^k-1||_inf = 0.00204052639724508489, delta^k = -0.00204052639724508489
    Local Iteration  93: ||V_upper^k - V_upper^k-1||_inf = 0.00000000000000000000, ||V_lower^k - V_lower^k-1||_inf = 0.00195890534135528122, delta^k = -0.00195890534135528122
    Local Iteration  94: ||V_upper^k - V_upper^k-1||_inf = 0.00000000000000000000, ||V_lower^k - V_lower^k-1||_inf = 0.00188054912770106719, delta^k = -0.00188054912770106719
    Local Iteration  95: ||V_upper^k - V_upper^k-1||_inf = 0.00000000000000000000, ||V_lower^k - V_lower^k-1||_inf = 0.00180532716259302478, delta^k = -0.00180532716259302478
    Local Iteration  96: ||V_upper^k - V_upper^k-1||_inf = 0.00000000000000000000, ||V_lower^k - V_lower^k-1||_inf = 0.00173311407608930240, delta^k = -0.00173311407608930240
    Local Iteration  97: ||V_upper^k - V_upper^k-1||_inf = 0.00000000000000000000, ||V_lower^k - V_lower^k-1||_inf = 0.00166378951304572975, delta^k = -0.00166378951304572975
    Local Iteration  98: ||V_upper^k - V_upper^k-1||_inf = 0.00000000000000000000, ||V_lower^k - V_lower^k-1||_inf = 0.00159723793252390667, delta^k = -0.00159723793252390667
    Local Iteration  99: ||V_upper^k - V_upper^k-1||_inf = 0.00000000000000000000, ||V_lower^k - V_lower^k-1||_inf = 0.00153334841522295012, delta^k = -0.00153334841522295012
    Local Iteration 100: ||V_upper^k - V_upper^k-1||_inf = 0.00000000000000000000, ||V_lower^k - V_lower^k-1||_inf = 0.00147201447861403101, delta^k = -0.00147201447861403101
    Local Iteration 101: ||V_upper^k - V_upper^k-1||_inf = 0.00000000000000000000, ||V_lower^k - V_lower^k-1||_inf = 0.00141313389946946810, delta^k = -0.00141313389946946810
    Local Iteration 102: ||V_upper^k - V_upper^k-1||_inf = 0.00000000000000000000, ||V_lower^k - V_lower^k-1||_inf = 0.00135660854349069215, delta^k = -0.00135660854349069215
    Local Iteration 103: ||V_upper^k - V_upper^k-1||_inf = 0.00000000000000000000, ||V_lower^k - V_lower^k-1||_inf = 0.00130234420175106419, delta^k = -0.00130234420175106419
    Local Iteration 104: ||V_upper^k - V_upper^k-1||_inf = 0.00000000000000000000, ||V_lower^k - V_lower^k-1||_inf = 0.00125025043368101954, delta^k = -0.00125025043368101954
    Local Iteration 105: ||V_upper^k - V_upper^k-1||_inf = 0.00000000000000000000, ||V_lower^k - V_lower^k-1||_inf = 0.00120024041633377820, delta^k = -0.00120024041633377820
    Local Iteration 106: ||V_upper^k - V_upper^k-1||_inf = 0.00000000000000000000, ||V_lower^k - V_lower^k-1||_inf = 0.00115223079968042666, delta^k = -0.00115223079968042666
    Local Iteration 107: ||V_upper^k - V_upper^k-1||_inf = 0.00000000000000000000, ||V_lower^k - V_lower^k-1||_inf = 0.00110614156769320987, delta^k = -0.00110614156769320987
    Local Iteration 108: ||V_upper^k - V_upper^k-1||_inf = 0.00000000000000000000, ||V_lower^k - V_lower^k-1||_inf = 0.00106189590498548259, delta^k = -0.00106189590498548259
    Local Iteration 109: ||V_upper^k - V_upper^k-1||_inf = 0.00000000000000000000, ||V_lower^k - V_lower^k-1||_inf = 0.00101942006878606370, delta^k = -0.00101942006878606370
    Local Iteration 110: ||V_upper^k - V_upper^k-1||_inf = 0.00000000000000000000, ||V_lower^k - V_lower^k-1||_inf = 0.00097864326603461921, delta^k = -0.00097864326603461921
    Local Iteration 111: ||V_upper^k - V_upper^k-1||_inf = 0.00000000000000000000, ||V_lower^k - V_lower^k-1||_inf = 0.00093949753539323416, delta^k = -0.00093949753539323416
    Local Iteration 112: ||V_upper^k - V_upper^k-1||_inf = 0.00000000000000000000, ||V_lower^k - V_lower^k-1||_inf = 0.00090191763397750452, delta^k = -0.00090191763397750452
    Local Iteration 113: ||V_upper^k - V_upper^k-1||_inf = 0.00000000000000000000, ||V_lower^k - V_lower^k-1||_inf = 0.00086584092861840406, delta^k = -0.00086584092861840406
    Local Iteration 114: ||V_upper^k - V_upper^k-1||_inf = 0.00000000000000000000, ||V_lower^k - V_lower^k-1||_inf = 0.00083120729147366859, delta^k = -0.00083120729147366859
    Local Iteration 115: ||V_upper^k - V_upper^k-1||_inf = 0.00000000000000000000, ||V_lower^k - V_lower^k-1||_inf = 0.00079795899981472199, delta^k = -0.00079795899981472199
    Local Iteration 116: ||V_upper^k - V_upper^k-1||_inf = 0.00000000000000000000, ||V_lower^k - V_lower^k-1||_inf = 0.00076604063982213186, delta^k = -0.00076604063982213186
    Local Iteration 117: ||V_upper^k - V_upper^k-1||_inf = 0.00000000000000000000, ||V_lower^k - V_lower^k-1||_inf = 0.00073539901422924742, delta^k = -0.00073539901422924742
    Local Iteration 118: ||V_upper^k - V_upper^k-1||_inf = 0.00000000000000000000, ||V_lower^k - V_lower^k-1||_inf = 0.00070598305366007669, delta^k = -0.00070598305366007669
    Local Iteration 119: ||V_upper^k - V_upper^k-1||_inf = 0.00000000000000000000, ||V_lower^k - V_lower^k-1||_inf = 0.00067774373151367404, delta^k = -0.00067774373151367404
    Local Iteration 120: ||V_upper^k - V_upper^k-1||_inf = 0.00000000000000000000, ||V_lower^k - V_lower^k-1||_inf = 0.00065063398225312721, delta^k = -0.00065063398225312721
    Local Iteration 121: ||V_upper^k - V_upper^k-1||_inf = 0.00000000000000000000, ||V_lower^k - V_lower^k-1||_inf = 0.00062460862296300282, delta^k = -0.00062460862296300282
    Local Iteration 122: ||V_upper^k - V_upper^k-1||_inf = 0.00000000000000000000, ||V_lower^k - V_lower^k-1||_inf = 0.00059962427804448326, delta^k = -0.00059962427804448326
    Local Iteration 123: ||V_upper^k - V_upper^k-1||_inf = 0.00000000000000000000, ||V_lower^k - V_lower^k-1||_inf = 0.00057563930692270358, delta^k = -0.00057563930692270358
    Local Iteration 124: ||V_upper^k - V_upper^k-1||_inf = 0.00000000000000000000, ||V_lower^k - V_lower^k-1||_inf = 0.00055261373464579426, delta^k = -0.00055261373464579426
    Local Iteration 125: ||V_upper^k - V_upper^k-1||_inf = 0.00000000000000000000, ||V_lower^k - V_lower^k-1||_inf = 0.00053050918525996381, delta^k = -0.00053050918525996381
    Local Iteration 126: ||V_upper^k - V_upper^k-1||_inf = 0.00000000000000000000, ||V_lower^k - V_lower^k-1||_inf = 0.00050928881784956422, delta^k = -0.00050928881784956422
    Local Iteration 127: ||V_upper^k - V_upper^k-1||_inf = 0.00000000000000000000, ||V_lower^k - V_lower^k-1||_inf = 0.00048891726513558206, delta^k = -0.00048891726513558206
    Local Iteration 128: ||V_upper^k - V_upper^k-1||_inf = 0.00000000000000000000, ||V_lower^k - V_lower^k-1||_inf = 0.00046936057453015809, delta^k = -0.00046936057453015809
    Local Iteration 129: ||V_upper^k - V_upper^k-1||_inf = 0.00000000000000000000, ||V_lower^k - V_lower^k-1||_inf = 0.00045058615154895329, delta^k = -0.00045058615154895329
    Local Iteration 130: ||V_upper^k - V_upper^k-1||_inf = 0.00000000000000000000, ||V_lower^k - V_lower^k-1||_inf = 0.00043256270548699439, delta^k = -0.00043256270548699439
    Local Iteration 131: ||V_upper^k - V_upper^k-1||_inf = 0.00000000000000000000, ||V_lower^k - V_lower^k-1||_inf = 0.00041526019726751372, delta^k = -0.00041526019726751372
    Local Iteration 132: ||V_upper^k - V_upper^k-1||_inf = 0.00000000000000000000, ||V_lower^k - V_lower^k-1||_inf = 0.00039864978937681310, delta^k = -0.00039864978937681310
    Local Iteration 133: ||V_upper^k - V_upper^k-1||_inf = 0.00000000000000000000, ||V_lower^k - V_lower^k-1||_inf = 0.00038270379780174120, delta^k = -0.00038270379780174120
    Local Iteration 134: ||V_upper^k - V_upper^k-1||_inf = 0.00000000000000000000, ||V_lower^k - V_lower^k-1||_inf = 0.00036739564588967114, delta^k = -0.00036739564588967114
    Local Iteration 135: ||V_upper^k - V_upper^k-1||_inf = 0.00000000000000000000, ||V_lower^k - V_lower^k-1||_inf = 0.00035269982005408512, delta^k = -0.00035269982005408512
    Local Iteration 136: ||V_upper^k - V_upper^k-1||_inf = 0.00000000000000000000, ||V_lower^k - V_lower^k-1||_inf = 0.00033859182725192068, delta^k = -0.00033859182725192068
    Local Iteration 137: ||V_upper^k - V_upper^k-1||_inf = 0.00000000000000000000, ||V_lower^k - V_lower^k-1||_inf = 0.00032504815416184440, delta^k = -0.00032504815416184440
    Local Iteration 138: ||V_upper^k - V_upper^k-1||_inf = 0.00000000000000000000, ||V_lower^k - V_lower^k-1||_inf = 0.00031204622799537070, delta^k = -0.00031204622799537070
    Local Iteration 139: ||V_upper^k - V_upper^k-1||_inf = 0.00000000000000000000, ||V_lower^k - V_lower^k-1||_inf = 0.00029956437887555636, delta^k = -0.00029956437887555636
    Local Iteration 140: ||V_upper^k - V_upper^k-1||_inf = 0.00000000000000000000, ||V_lower^k - V_lower^k-1||_inf = 0.00028758180372053400, delta^k = -0.00028758180372053400
    Local Iteration 141: ||V_upper^k - V_upper^k-1||_inf = 0.00000000000000000000, ||V_lower^k - V_lower^k-1||_inf = 0.00027607853157171278, delta^k = -0.00027607853157171278
    Local Iteration 142: ||V_upper^k - V_upper^k-1||_inf = 0.00000000000000000000, ||V_lower^k - V_lower^k-1||_inf = 0.00026503539030884368, delta^k = -0.00026503539030884368
    Local Iteration 143: ||V_upper^k - V_upper^k-1||_inf = 0.00000000000000000000, ||V_lower^k - V_lower^k-1||_inf = 0.00025443397469649028, delta^k = -0.00025443397469649028
    Local Iteration 144: ||V_upper^k - V_upper^k-1||_inf = 0.00000000000000000000, ||V_lower^k - V_lower^k-1||_inf = 0.00024425661570863077, delta^k = -0.00024425661570863077
    Local Iteration 145: ||V_upper^k - V_upper^k-1||_inf = 0.00000000000000000000, ||V_lower^k - V_lower^k-1||_inf = 0.00023448635108028540, delta^k = -0.00023448635108028540
    Local Iteration 146: ||V_upper^k - V_upper^k-1||_inf = 0.00000000000000000000, ||V_lower^k - V_lower^k-1||_inf = 0.00022510689703707405, delta^k = -0.00022510689703707405
    Local Iteration 147: ||V_upper^k - V_upper^k-1||_inf = 0.00000000000000000000, ||V_lower^k - V_lower^k-1||_inf = 0.00021610262115559064, delta^k = -0.00021610262115559064
    Local Iteration 148: ||V_upper^k - V_upper^k-1||_inf = 0.00000000000000000000, ||V_lower^k - V_lower^k-1||_inf = 0.00020745851630936743, delta^k = -0.00020745851630936743
    Local Iteration 149: ||V_upper^k - V_upper^k-1||_inf = 0.00000000000000000000, ||V_lower^k - V_lower^k-1||_inf = 0.00019916017565699273, delta^k = -0.00019916017565699273
    Local Iteration 150: ||V_upper^k - V_upper^k-1||_inf = 0.00000000000000000000, ||V_lower^k - V_lower^k-1||_inf = 0.00019119376863071299, delta^k = -0.00019119376863071299
    Local Iteration 151: ||V_upper^k - V_upper^k-1||_inf = 0.00000000000000000000, ||V_lower^k - V_lower^k-1||_inf = 0.00018354601788548447, delta^k = -0.00018354601788548447
    Local Iteration 152: ||V_upper^k - V_upper^k-1||_inf = 0.00000000000000000000, ||V_lower^k - V_lower^k-1||_inf = 0.00017620417717006519, delta^k = -0.00017620417717006519
    Local Iteration 153: ||V_upper^k - V_upper^k-1||_inf = 0.00000000000000000000, ||V_lower^k - V_lower^k-1||_inf = 0.00016915601008326252, delta^k = -0.00016915601008326252
    Local Iteration 154: ||V_upper^k - V_upper^k-1||_inf = 0.00000000000000000000, ||V_lower^k - V_lower^k-1||_inf = 0.00016238976967993153, delta^k = -0.00016238976967993153
    Local Iteration 155: ||V_upper^k - V_upper^k-1||_inf = 0.00000000000000000000, ||V_lower^k - V_lower^k-1||_inf = 0.00015589417889273456, delta^k = -0.00015589417889273456
    Local Iteration 156: ||V_upper^k - V_upper^k-1||_inf = 0.00000000000000000000, ||V_lower^k - V_lower^k-1||_inf = 0.00014965841173702511, delta^k = -0.00014965841173702511
    Local Iteration 157: ||V_upper^k - V_upper^k-1||_inf = 0.00000000000000000000, ||V_lower^k - V_lower^k-1||_inf = 0.00014367207526754400, delta^k = -0.00014367207526754400
    Local Iteration 158: ||V_upper^k - V_upper^k-1||_inf = 0.00000000000000000000, ||V_lower^k - V_lower^k-1||_inf = 0.00013792519225684250, delta^k = -0.00013792519225684250
    Local Iteration 159: ||V_upper^k - V_upper^k-1||_inf = 0.00000000000000000000, ||V_lower^k - V_lower^k-1||_inf = 0.00013240818456656872, delta^k = -0.00013240818456656872
    Local Iteration 160: ||V_upper^k - V_upper^k-1||_inf = 0.00000000000000000000, ||V_lower^k - V_lower^k-1||_inf = 0.00012711185718390595, delta^k = -0.00012711185718390595
    Local Iteration 161: ||V_upper^k - V_upper^k-1||_inf = 0.00000000000000000000, ||V_lower^k - V_lower^k-1||_inf = 0.00012202738289654978, delta^k = -0.00012202738289654978
    Local Iteration 162: ||V_upper^k - V_upper^k-1||_inf = 0.00000000000000000000, ||V_lower^k - V_lower^k-1||_inf = 0.00011714628758068783, delta^k = -0.00011714628758068783
    Local Iteration 163: ||V_upper^k - V_upper^k-1||_inf = 0.00000000000000000000, ||V_lower^k - V_lower^k-1||_inf = 0.00011246043607746016, delta^k = -0.00011246043607746016
    Local Iteration 164: ||V_upper^k - V_upper^k-1||_inf = 0.00000000000000000000, ||V_lower^k - V_lower^k-1||_inf = 0.00010796201863436149, delta^k = -0.00010796201863436149
    Local Iteration 165: ||V_upper^k - V_upper^k-1||_inf = 0.00000000000000000000, ||V_lower^k - V_lower^k-1||_inf = 0.00010364353788898731, delta^k = -0.00010364353788898731
    Local Iteration 166: ||V_upper^k - V_upper^k-1||_inf = 0.00000000000000000000, ||V_lower^k - V_lower^k-1||_inf = 0.00009949779637342775, delta^k = -0.00009949779637342775
    Local Iteration 167: ||V_upper^k - V_upper^k-1||_inf = 0.00000000000000000000, ||V_lower^k - V_lower^k-1||_inf = 0.00009551788451849083, delta^k = -0.00009551788451849083
    Local Iteration 168: ||V_upper^k - V_upper^k-1||_inf = 0.00000000000000000000, ||V_lower^k - V_lower^k-1||_inf = 0.00009169716913775107, delta^k = -0.00009169716913775107
    Local Iteration 169: ||V_upper^k - V_upper^k-1||_inf = 0.00000000000000000000, ||V_lower^k - V_lower^k-1||_inf = 0.00008802928237224093, delta^k = -0.00008802928237224093
    Local Iteration 170: ||V_upper^k - V_upper^k-1||_inf = 0.00000000000000000000, ||V_lower^k - V_lower^k-1||_inf = 0.00008450811107735138, delta^k = -0.00008450811107735138
    Local Iteration 171: ||V_upper^k - V_upper^k-1||_inf = 0.00000000000000000000, ||V_lower^k - V_lower^k-1||_inf = 0.00008112778663425715, delta^k = -0.00008112778663425715
    Local Iteration 172: ||V_upper^k - V_upper^k-1||_inf = 0.00000000000000000000, ||V_lower^k - V_lower^k-1||_inf = 0.00007788267516888698, delta^k = -0.00007788267516888698
    Local Iteration 173: ||V_upper^k - V_upper^k-1||_inf = 0.00000000000000000000, ||V_lower^k - V_lower^k-1||_inf = 0.00007476736816213153, delta^k = -0.00007476736816213153
    Local Iteration 174: ||V_upper^k - V_upper^k-1||_inf = 0.00000000000000000000, ||V_lower^k - V_lower^k-1||_inf = 0.00007177667343564618, delta^k = -0.00007177667343564618
    Local Iteration 175: ||V_upper^k - V_upper^k-1||_inf = 0.00000000000000000000, ||V_lower^k - V_lower^k-1||_inf = 0.00006890560649822032, delta^k = -0.00006890560649822032
    Local Iteration 176: ||V_upper^k - V_upper^k-1||_inf = 0.00000000000000000000, ||V_lower^k - V_lower^k-1||_inf = 0.00006614938223829152, delta^k = -0.00006614938223829152
    Local Iteration 177: ||V_upper^k - V_upper^k-1||_inf = 0.00000000000000000000, ||V_lower^k - V_lower^k-1||_inf = 0.00006350340694875997, delta^k = -0.00006350340694875997
    Local Iteration 178: ||V_upper^k - V_upper^k-1||_inf = 0.00000000000000000000, ||V_lower^k - V_lower^k-1||_inf = 0.00006096327067080937, delta^k = -0.00006096327067080937
    Local Iteration 179: ||V_upper^k - V_upper^k-1||_inf = 0.00000000000000000000, ||V_lower^k - V_lower^k-1||_inf = 0.00005852473984397700, delta^k = -0.00005852473984397700
    Local Iteration 180: ||V_upper^k - V_upper^k-1||_inf = 0.00000000000000000000, ||V_lower^k - V_lower^k-1||_inf = 0.00005618375025021809, delta^k = -0.00005618375025021809
    Local Iteration 181: ||V_upper^k - V_upper^k-1||_inf = 0.00000000000000000000, ||V_lower^k - V_lower^k-1||_inf = 0.00005393640024020934, delta^k = -0.00005393640024020934
    Local Iteration 182: ||V_upper^k - V_upper^k-1||_inf = 0.00000000000000000000, ||V_lower^k - V_lower^k-1||_inf = 0.00005177894423060098, delta^k = -0.00005177894423060098
    Local Iteration 183: ||V_upper^k - V_upper^k-1||_inf = 0.00000000000000000000, ||V_lower^k - V_lower^k-1||_inf = 0.00004970778646137689, delta^k = -0.00004970778646137689
    Local Iteration 184: ||V_upper^k - V_upper^k-1||_inf = 0.00000000000000000000, ||V_lower^k - V_lower^k-1||_inf = 0.00004771947500292186, delta^k = -0.00004771947500292186
    Local Iteration 185: ||V_upper^k - V_upper^k-1||_inf = 0.00000000000000000000, ||V_lower^k - V_lower^k-1||_inf = 0.00004581069600280495, delta^k = -0.00004581069600280495
    Local Iteration 186: ||V_upper^k - V_upper^k-1||_inf = 0.00000000000000000000, ||V_lower^k - V_lower^k-1||_inf = 0.00004247997709868364, delta^k = -0.00004247997709868364
    Local Iteration 187: ||V_upper^k - V_upper^k-1||_inf = 0.00000000000000000000, ||V_lower^k - V_lower^k-1||_inf = 0.00004078077801473621, delta^k = -0.00004078077801473621
    Local Iteration 188: ||V_upper^k - V_upper^k-1||_inf = 0.00000000000000000000, ||V_lower^k - V_lower^k-1||_inf = 0.00003914954689414676, delta^k = -0.00003914954689414676
    Local Iteration 189: ||V_upper^k - V_upper^k-1||_inf = 0.00000000000000000000, ||V_lower^k - V_lower^k-1||_inf = 0.00003758356501838093, delta^k = -0.00003758356501838093
    Local Iteration 190: ||V_upper^k - V_upper^k-1||_inf = 0.00000000000000000000, ||V_lower^k - V_lower^k-1||_inf = 0.00003608022241764568, delta^k = -0.00003608022241764568
    Local Iteration 191: ||V_upper^k - V_upper^k-1||_inf = 0.00000000000000000000, ||V_lower^k - V_lower^k-1||_inf = 0.00003463701352093981, delta^k = -0.00003463701352093981
    Local Iteration 192: ||V_upper^k - V_upper^k-1||_inf = 0.00000000000000000000, ||V_lower^k - V_lower^k-1||_inf = 0.00003325153298010220, delta^k = -0.00003325153298010220
    Local Iteration 193: ||V_upper^k - V_upper^k-1||_inf = 0.00000000000000000000, ||V_lower^k - V_lower^k-1||_inf = 0.00003192147166089813, delta^k = -0.00003192147166089813
    Local Iteration 194: ||V_upper^k - V_upper^k-1||_inf = 0.00000000000000000000, ||V_lower^k - V_lower^k-1||_inf = 0.00003064461279446223, delta^k = -0.00003064461279446223
    Local Iteration 195: ||V_upper^k - V_upper^k-1||_inf = 0.00000000000000000000, ||V_lower^k - V_lower^k-1||_inf = 0.00002941882828268367, delta^k = -0.00002941882828268367
    Local Iteration 196: ||V_upper^k - V_upper^k-1||_inf = 0.00000000000000000000, ||V_lower^k - V_lower^k-1||_inf = 0.00002824207515137638, delta^k = -0.00002824207515137638
    Local Iteration 197: ||V_upper^k - V_upper^k-1||_inf = 0.00000000000000000000, ||V_lower^k - V_lower^k-1||_inf = 0.00002711239214532135, delta^k = -0.00002711239214532135
    Local Iteration 198: ||V_upper^k - V_upper^k-1||_inf = 0.00000000000000000000, ||V_lower^k - V_lower^k-1||_inf = 0.00002602789645950849, delta^k = -0.00002602789645950849
    Local Iteration 199: ||V_upper^k - V_upper^k-1||_inf = 0.00000000000000000000, ||V_lower^k - V_lower^k-1||_inf = 0.00002498678060112807, delta^k = -0.00002498678060112807
    Local Iteration 200: ||V_upper^k - V_upper^k-1||_inf = 0.00000000000000000000, ||V_lower^k - V_lower^k-1||_inf = 0.00002398730937708303, delta^k = -0.00002398730937708303
    Local Iteration 201: ||V_upper^k - V_upper^k-1||_inf = 0.00000000000000000000, ||V_lower^k - V_lower^k-1||_inf = 0.00002302781700199970, delta^k = -0.00002302781700199970
    Local Iteration 202: ||V_upper^k - V_upper^k-1||_inf = 0.00000000000000000000, ||V_lower^k - V_lower^k-1||_inf = 0.00002210670432191972, delta^k = -0.00002210670432191972
    Local Iteration 203: ||V_upper^k - V_upper^k-1||_inf = 0.00000000000000000000, ||V_lower^k - V_lower^k-1||_inf = 0.00002122243614904287, delta^k = -0.00002122243614904287
    Local Iteration 204: ||V_upper^k - V_upper^k-1||_inf = 0.00000000000000000000, ||V_lower^k - V_lower^k-1||_inf = 0.00002037353870308113, delta^k = -0.00002037353870308113
    Local Iteration 205: ||V_upper^k - V_upper^k-1||_inf = 0.00000000000000000000, ||V_lower^k - V_lower^k-1||_inf = 0.00001955859715495795, delta^k = -0.00001955859715495795
    Local Iteration 206: ||V_upper^k - V_upper^k-1||_inf = 0.00000000000000000000, ||V_lower^k - V_lower^k-1||_inf = 0.00001877625326875961, delta^k = -0.00001877625326875961
    Local Iteration 207: ||V_upper^k - V_upper^k-1||_inf = 0.00000000000000000000, ||V_lower^k - V_lower^k-1||_inf = 0.00001802520313800920, delta^k = -0.00001802520313800920
    Local Iteration 208: ||V_upper^k - V_upper^k-1||_inf = 0.00000000000000000000, ||V_lower^k - V_lower^k-1||_inf = 0.00001730419501248885, delta^k = -0.00001730419501248885
    Local Iteration 209: ||V_upper^k - V_upper^k-1||_inf = 0.00000000000000000000, ||V_lower^k - V_lower^k-1||_inf = 0.00001661202721198928, delta^k = -0.00001661202721198928
    Local Iteration 210: ||V_upper^k - V_upper^k-1||_inf = 0.00000000000000000000, ||V_lower^k - V_lower^k-1||_inf = 0.00001594754612350974, delta^k = -0.00001594754612350974
    Local Iteration 211: ||V_upper^k - V_upper^k-1||_inf = 0.00000000000000000000, ||V_lower^k - V_lower^k-1||_inf = 0.00001530964427856932, delta^k = -0.00001530964427856932
    Local Iteration 212: ||V_upper^k - V_upper^k-1||_inf = 0.00000000000000000000, ||V_lower^k - V_lower^k-1||_inf = 0.00001469725850742655, delta^k = -0.00001469725850742655
    Local Iteration 213: ||V_upper^k - V_upper^k-1||_inf = 0.00000000000000000000, ||V_lower^k - V_lower^k-1||_inf = 0.00001410936816712948, delta^k = -0.00001410936816712948
    Local Iteration 214: ||V_upper^k - V_upper^k-1||_inf = 0.00000000000000000000, ||V_lower^k - V_lower^k-1||_inf = 0.00001354499344044432, delta^k = -0.00001354499344044432
    Local Iteration 215: ||V_upper^k - V_upper^k-1||_inf = 0.00000000000000000000, ||V_lower^k - V_lower^k-1||_inf = 0.00001300319370282655, delta^k = -0.00001300319370282655
    Local Iteration 216: ||V_upper^k - V_upper^k-1||_inf = 0.00000000000000000000, ||V_lower^k - V_lower^k-1||_inf = 0.00001248306595471346, delta^k = -0.00001248306595471346
    Local Iteration 217: ||V_upper^k - V_upper^k-1||_inf = 0.00000000000000000000, ||V_lower^k - V_lower^k-1||_inf = 0.00001198374331652495, delta^k = -0.00001198374331652495
    Local Iteration 218: ||V_upper^k - V_upper^k-1||_inf = 0.00000000000000000000, ||V_lower^k - V_lower^k-1||_inf = 0.00001150439358386392, delta^k = -0.00001150439358386392
    Local Iteration 219: ||V_upper^k - V_upper^k-1||_inf = 0.00000000000000000000, ||V_lower^k - V_lower^k-1||_inf = 0.00001104421784050940, delta^k = -0.00001104421784050940
    Local Iteration 220: ||V_upper^k - V_upper^k-1||_inf = 0.00000000000000000000, ||V_lower^k - V_lower^k-1||_inf = 0.00001060244912688902, delta^k = -0.00001060244912688902
    Local Iteration 221: ||V_upper^k - V_upper^k-1||_inf = 0.00000000000000000000, ||V_lower^k - V_lower^k-1||_inf = 0.00001017835116181345, delta^k = -0.00001017835116181345
    Local Iteration 222: ||V_upper^k - V_upper^k-1||_inf = 0.00000000000000000000, ||V_lower^k - V_lower^k-1||_inf = 0.00000977121711534092, delta^k = -0.00000977121711534092
    Local Iteration 223: ||V_upper^k - V_upper^k-1||_inf = 0.00000000000000000000, ||V_lower^k - V_lower^k-1||_inf = 0.00000938036843072727, delta^k = -0.00000938036843072727
    Local Iteration 224: ||V_upper^k - V_upper^k-1||_inf = 0.00000000000000000000, ||V_lower^k - V_lower^k-1||_inf = 0.00000900515369349819, delta^k = -0.00000900515369349819
    Local Iteration 225: ||V_upper^k - V_upper^k-1||_inf = 0.00000000000000000000, ||V_lower^k - V_lower^k-1||_inf = 0.00000864494754575825, delta^k = -0.00000864494754575825
    Local Iteration 226: ||V_upper^k - V_upper^k-1||_inf = 0.00000000000000000000, ||V_lower^k - V_lower^k-1||_inf = 0.00000829914964392791, delta^k = -0.00000829914964392791
    Local Iteration 227: ||V_upper^k - V_upper^k-1||_inf = 0.00000000000000000000, ||V_lower^k - V_lower^k-1||_inf = 0.00000796718365817081, delta^k = -0.00000796718365817081
    Local Iteration 228: ||V_upper^k - V_upper^k-1||_inf = 0.00000000000000000000, ||V_lower^k - V_lower^k-1||_inf = 0.00000764849631184396, delta^k = -0.00000764849631184396
    Local Iteration 229: ||V_upper^k - V_upper^k-1||_inf = 0.00000000000000000000, ||V_lower^k - V_lower^k-1||_inf = 0.00000734255645937023, delta^k = -0.00000734255645937023
    Local Iteration 230: ||V_upper^k - V_upper^k-1||_inf = 0.00000000000000000000, ||V_lower^k - V_lower^k-1||_inf = 0.00000704885420099540, delta^k = -0.00000704885420099540
    Local Iteration 231: ||V_upper^k - V_upper^k-1||_inf = 0.00000000000000000000, ||V_lower^k - V_lower^k-1||_inf = 0.00000676690003295559, delta^k = -0.00000676690003295559
    Local Iteration 232: ||V_upper^k - V_upper^k-1||_inf = 0.00000000000000000000, ||V_lower^k - V_lower^k-1||_inf = 0.00000649622403163736, delta^k = -0.00000649622403163736
    Local Iteration 233: ||V_upper^k - V_upper^k-1||_inf = 0.00000000000000000000, ||V_lower^k - V_lower^k-1||_inf = 0.00000623637507037188, delta^k = -0.00000623637507037188
    Local Iteration 234: ||V_upper^k - V_upper^k-1||_inf = 0.00000000000000000000, ||V_lower^k - V_lower^k-1||_inf = 0.00000598692006755701, delta^k = -0.00000598692006755701
    Local Iteration 235: ||V_upper^k - V_upper^k-1||_inf = 0.00000000000000000000, ||V_lower^k - V_lower^k-1||_inf = 0.00000574744326485471, delta^k = -0.00000574744326485471
    Local Iteration 236: ||V_upper^k - V_upper^k-1||_inf = 0.00000000000000000000, ||V_lower^k - V_lower^k-1||_inf = 0.00000551754553426053, delta^k = -0.00000551754553426053
    Local Iteration 237: ||V_upper^k - V_upper^k-1||_inf = 0.00000000000000000000, ||V_lower^k - V_lower^k-1||_inf = 0.00000529684371289012, delta^k = -0.00000529684371289012
    Local Iteration 238: ||V_upper^k - V_upper^k-1||_inf = 0.00000000000000000000, ||V_lower^k - V_lower^k-1||_inf = 0.00000508496996437451, delta^k = -0.00000508496996437451
    Local Iteration 239: ||V_upper^k - V_upper^k-1||_inf = 0.00000000000000000000, ||V_lower^k - V_lower^k-1||_inf = 0.00000251989538340336, delta^k = -0.00000251989538340336
    Local Iteration 240: ||V_upper^k - V_upper^k-1||_inf = 0.00000000000000000000, ||V_lower^k - V_lower^k-1||_inf = 0.00000000000000000000, delta^k = 0.00000000000000000000

============================================================
 CONSERVATIVE STOPPING CONDITION MET (Algorithm 3)
============================================================
  delta^k = 0.0000000000e+00 >= -delta_max
  ||V_upper^k - V_upper^k-1||_inf = 0.0000000000e+00 < 1e-08
  eps_cons = (0.96 * 0.0000000000e+00) / 0.04 = 0.0000000000e+00
  Correcting V_lower for 1351310 cells: V_lower <- V_lower - eps_cons - eps_machine
   Conservative correction applied successfully
  Machine epsilon eps_machine = 2.220e-16
    Local VI completed in 240 iterations
    Final convergence values:
      ||V_upper^final - V_upper^prev||_inf = 0.00000000e+00
      ||V_lower^final - V_lower^prev||_inf = 0.00000000e+00
  Local VI completed in 240 iterations, time: 20.335s
    Final ||V_upper^k - V_upper^k-1||_inf = 0.00000000000000000000e+00
    Final ||V_lower^k - V_lower^k-1||_inf = 0.00000000000000000000e+00
  Saved visualization: /Users/i.k.tabbara/Documents/python directory/HSCC_2027/refactored_Implementations/results_hscc_2027_newbellmans_12workers/ra_discount/double_integrator_res10_eps0.05_dmin1e-08_dmax1e-08_gamma0.96_dt0.3_tau0.3_cons/value_function_phase_8_complete.png
  Phase 8 completed in 21.68s with 1351310 leaf cells

Classification after phase 8:
  Safe:           896250 cells ( 66.3%),   68.0% of state space
  Unsafe:          47110 cells (  3.5%),   16.0% of state space
  Unclassified:   407950 cells ( 30.2%),   15.9% of state space

======================================================================
REFINEMENT PHASE 9
======================================================================
Boundary cells: 407950
  Refinable (>eta_min=0.017678): 407950
  Below threshold: 0
  Cumulative refined: 1341310
  Refinable cell size statistics:
    Max:    0.100000
    Mean:   0.100000
    Min:    0.100000
    Median: 0.100000
  Refining 407950 cells...
    Refined: 407950 parent cells
    Created: 815900 child cells
    Total cells: 1759260
    Refinement time: 0.017s
    Cumulative refined: 1749260
  Rebuilding spatial index...
  Building spatial index for 1759260 cells...
   Spatial index built in 0.51s
    Spatial index rebuilt in 0.509s
  Initializing 815900 new cells...
  Initializing 815900 new cells in parallel...
   Initialized in 0.00s (252424781.5 cells/s)
    Initialization completed in 0.003s
  Starting local value iteration...
  Reinitializing ALL 1759260 cells (V = l)
   Reinitialized 1759260 cells in 0.01s (299967620.6 cells/s)
  Local VI: updating all 1759260 cells
    Conservative mode: True
    delta_max: 1e-08
    Max iterations: 20000
    Updating successor cache for 815900 updated cells...
    Updating successor cache for 815900 new cells (HYBRID)...
      Affected cells: 1289274
   Trajectories + spatial queries computed in 5.84s (1986538.0 tasks/s)
    Breakdown: 8.9% ODE, 91.1% queries
     Cache updated in 6.60s (1756963.9 tasks/s)
    Local Iteration   1: ||V_upper^k - V_upper^k-1||_inf = 3.93799602617861266296, ||V_lower^k - V_lower^k-1||_inf = 3.77889700041163933975, delta^k = -3.77889700041163933975
    Local Iteration   2: ||V_upper^k - V_upper^k-1||_inf = 3.77207197250227554974, ||V_lower^k - V_lower^k-1||_inf = 3.52591774390431123010, delta^k = -3.52591774390431123010
    Local Iteration   3: ||V_upper^k - V_upper^k-1||_inf = 0.12740461349520382228, ||V_lower^k - V_lower^k-1||_inf = 3.28086252303565117927, delta^k = -3.28086252303565117927
    Local Iteration   4: ||V_upper^k - V_upper^k-1||_inf = 0.10983305720248548454, ||V_lower^k - V_lower^k-1||_inf = 2.96796452146027522900, delta^k = -2.96796452146027522900
    Local Iteration   5: ||V_upper^k - V_upper^k-1||_inf = 0.10105913196542459787, ||V_lower^k - V_lower^k-1||_inf = 2.68541131435972335595, delta^k = -2.68541131435972335595
    Local Iteration   6: ||V_upper^k - V_upper^k-1||_inf = 0.09701676668680736526, ||V_lower^k - V_lower^k-1||_inf = 0.39099583713985192057, delta^k = -0.39099583713985192057
    Local Iteration   7: ||V_upper^k - V_upper^k-1||_inf = 0.09313609601933503512, ||V_lower^k - V_lower^k-1||_inf = 0.30523753558254840268, delta^k = -0.30523753558254840268
    Local Iteration   8: ||V_upper^k - V_upper^k-1||_inf = 0.08941065217856181135, ||V_lower^k - V_lower^k-1||_inf = 0.24911284368059549710, delta^k = -0.24911284368059549710
    Local Iteration   9: ||V_upper^k - V_upper^k-1||_inf = 0.08583422609141910797, ||V_lower^k - V_lower^k-1||_inf = 0.22222685056423363559, delta^k = -0.22222685056423363559
    Local Iteration  10: ||V_upper^k - V_upper^k-1||_inf = 0.08240085704776256570, ||V_lower^k - V_lower^k-1||_inf = 0.08794927660017060056, delta^k = -0.08794927660017060056
    Local Iteration  11: ||V_upper^k - V_upper^k-1||_inf = 0.07910482276585195649, ||V_lower^k - V_lower^k-1||_inf = 0.08443130553616384759, delta^k = -0.08443130553616384759
    Local Iteration  12: ||V_upper^k - V_upper^k-1||_inf = 0.07594062985521787823, ||V_lower^k - V_lower^k-1||_inf = 0.08105405331471726704, delta^k = -0.08105405331471726704
    Local Iteration  13: ||V_upper^k - V_upper^k-1||_inf = 0.07290300466100907428, ||V_lower^k - V_lower^k-1||_inf = 0.07781189118212861189, delta^k = -0.07781189118212861189
    Local Iteration  14: ||V_upper^k - V_upper^k-1||_inf = 0.06998688447456880013, ||V_lower^k - V_lower^k-1||_inf = 0.07469941553484349406, delta^k = -0.07469941553484349406
    Local Iteration  15: ||V_upper^k - V_upper^k-1||_inf = 0.06718740909558595931, ||V_lower^k - V_lower^k-1||_inf = 0.07171143891344966548, delta^k = -0.07171143891344966548
    Local Iteration  16: ||V_upper^k - V_upper^k-1||_inf = 0.06449991273176269857, ||V_lower^k - V_lower^k-1||_inf = 0.06884298135691180320, delta^k = -0.06884298135691180320
    Local Iteration  17: ||V_upper^k - V_upper^k-1||_inf = 0.06191991622249215510, ||V_lower^k - V_lower^k-1||_inf = 0.06608926210263521561, delta^k = -0.06608926210263521561
    Local Iteration  18: ||V_upper^k - V_upper^k-1||_inf = 0.05944311957359249554, ||V_lower^k - V_lower^k-1||_inf = 0.06344569161852975370, delta^k = -0.06344569161852975370
    Local Iteration  19: ||V_upper^k - V_upper^k-1||_inf = 0.05706539479064876019, ||V_lower^k - V_lower^k-1||_inf = 0.06090786395378855467, delta^k = -0.06090786395378855467
    Local Iteration  20: ||V_upper^k - V_upper^k-1||_inf = 0.05478277899902272985, ||V_lower^k - V_lower^k-1||_inf = 0.05847154939563703469, delta^k = -0.05847154939563703469
    Local Iteration  21: ||V_upper^k - V_upper^k-1||_inf = 0.05259146783906176736, ||V_lower^k - V_lower^k-1||_inf = 0.05613268741981158882, delta^k = -0.05613268741981158882
    Local Iteration  22: ||V_upper^k - V_upper^k-1||_inf = 0.05048780912549943878, ||V_lower^k - V_lower^k-1||_inf = 0.05388737992301917412, delta^k = -0.05388737992301917412
    Local Iteration  23: ||V_upper^k - V_upper^k-1||_inf = 0.04846829676047947899, ||V_lower^k - V_lower^k-1||_inf = 0.05173188472609846489, delta^k = -0.05173188472609846489
    Local Iteration  24: ||V_upper^k - V_upper^k-1||_inf = 0.04652956489006032648, ||V_lower^k - V_lower^k-1||_inf = 0.04966260933705446412, delta^k = -0.04966260933705446412
    Local Iteration  25: ||V_upper^k - V_upper^k-1||_inf = 0.04466838229445779795, ||V_lower^k - V_lower^k-1||_inf = 0.04767610496357232996, delta^k = -0.04767610496357232996
    Local Iteration  26: ||V_upper^k - V_upper^k-1||_inf = 0.04288164700267960150, ||V_lower^k - V_lower^k-1||_inf = 0.04576906076502940124, delta^k = -0.04576906076502940124
    Local Iteration  27: ||V_upper^k - V_upper^k-1||_inf = 0.04116638112257231530, ||V_lower^k - V_lower^k-1||_inf = 0.04393829833442830513, delta^k = -0.04393829833442830513
    Local Iteration  28: ||V_upper^k - V_upper^k-1||_inf = 0.03951972587766938716, ||V_lower^k - V_lower^k-1||_inf = 0.04218076640105117292, delta^k = -0.04218076640105117292
    Local Iteration  29: ||V_upper^k - V_upper^k-1||_inf = 0.03793893684256266496, ||V_lower^k - V_lower^k-1||_inf = 0.04049353574500913489, delta^k = -0.04049353574500913489
    Local Iteration  30: ||V_upper^k - V_upper^k-1||_inf = 0.03642137936886014060, ||V_lower^k - V_lower^k-1||_inf = 0.03887379431520876505, delta^k = -0.03887379431520876505
    Local Iteration  31: ||V_upper^k - V_upper^k-1||_inf = 0.03496452419410567281, ||V_lower^k - V_lower^k-1||_inf = 0.03731884254260042777, delta^k = -0.03731884254260042777
    Local Iteration  32: ||V_upper^k - V_upper^k-1||_inf = 0.03356594322634154359, ||V_lower^k - V_lower^k-1||_inf = 0.03582608884089633072, delta^k = -0.03582608884089633072
    Local Iteration  33: ||V_upper^k - V_upper^k-1||_inf = 0.03222330549728780191, ||V_lower^k - V_lower^k-1||_inf = 0.03439304528726044863, delta^k = -0.03439304528726044863
    Local Iteration  34: ||V_upper^k - V_upper^k-1||_inf = 0.03093437327739634313, ||V_lower^k - V_lower^k-1||_inf = 0.03301732347577002180, delta^k = -0.03301732347577002180
    Local Iteration  35: ||V_upper^k - V_upper^k-1||_inf = 0.02969699834630046276, ||V_lower^k - V_lower^k-1||_inf = 0.03169663053673921205, delta^k = -0.03169663053673921205
    Local Iteration  36: ||V_upper^k - V_upper^k-1||_inf = 0.02850911841244840872, ||V_lower^k - V_lower^k-1||_inf = 0.03042876531526966799, delta^k = -0.03042876531526966799
    Local Iteration  37: ||V_upper^k - V_upper^k-1||_inf = 0.02736875367595048569, ||V_lower^k - V_lower^k-1||_inf = 0.02921161470265887239, delta^k = -0.02921161470265887239
    Local Iteration  38: ||V_upper^k - V_upper^k-1||_inf = 0.02627400352891251512, ||V_lower^k - V_lower^k-1||_inf = 0.02804315011455249529, delta^k = -0.02804315011455249529
    Local Iteration  39: ||V_upper^k - V_upper^k-1||_inf = 0.02522304338775593902, ||V_lower^k - V_lower^k-1||_inf = 0.02692142410997039326, delta^k = -0.02692142410997039326
    Local Iteration  40: ||V_upper^k - V_upper^k-1||_inf = 0.02421412165224579027, ||V_lower^k - V_lower^k-1||_inf = 0.02584456714557159529, delta^k = -0.02584456714557159529
    Local Iteration  41: ||V_upper^k - V_upper^k-1||_inf = 0.02324555678615591869, ||V_lower^k - V_lower^k-1||_inf = 0.01952792329791630532, delta^k = -0.01952792329791630532
    Local Iteration  42: ||V_upper^k - V_upper^k-1||_inf = 0.02231573451470969527, ||V_lower^k - V_lower^k-1||_inf = 0.01874680636599962424, delta^k = -0.01874680636599962424
    Local Iteration  43: ||V_upper^k - V_upper^k-1||_inf = 0.02142310513412126749, ||V_lower^k - V_lower^k-1||_inf = 0.01508175211650764069, delta^k = -0.01508175211650764069
    Local Iteration  44: ||V_upper^k - V_upper^k-1||_inf = 0.02056618092875645010, ||V_lower^k - V_lower^k-1||_inf = 0.01447848203184737281, delta^k = -0.01447848203184737281
    Local Iteration  45: ||V_upper^k - V_upper^k-1||_inf = 0.01974353369160619653, ||V_lower^k - V_lower^k-1||_inf = 0.01389934275057347346, delta^k = -0.01389934275057347346
    Local Iteration  46: ||V_upper^k - V_upper^k-1||_inf = 0.01895379234394195533, ||V_lower^k - V_lower^k-1||_inf = 0.01334336904055050121, delta^k = -0.01334336904055050121
    Local Iteration  47: ||V_upper^k - V_upper^k-1||_inf = 0.01819564065018425270, ||V_lower^k - V_lower^k-1||_inf = 0.01280963427892850559, delta^k = -0.01280963427892850559
    Local Iteration  48: ||V_upper^k - V_upper^k-1||_inf = 0.01746781502417688037, ||V_lower^k - V_lower^k-1||_inf = 0.01229724890777134094, delta^k = -0.01229724890777134094
    Local Iteration  49: ||V_upper^k - V_upper^k-1||_inf = 0.01676910242320978073, ||V_lower^k - V_lower^k-1||_inf = 0.01180535895146050951, delta^k = -0.01180535895146050951
    Local Iteration  50: ||V_upper^k - V_upper^k-1||_inf = 0.01609833832628143613, ||V_lower^k - V_lower^k-1||_inf = 0.01133314459340206692, delta^k = -0.01133314459340206692
    Local Iteration  51: ||V_upper^k - V_upper^k-1||_inf = 0.01545440479323018090, ||V_lower^k - V_lower^k-1||_inf = 0.01087981880966598647, delta^k = -0.01087981880966598647
    Local Iteration  52: ||V_upper^k - V_upper^k-1||_inf = 0.01483622860150096701, ||V_lower^k - V_lower^k-1||_inf = 0.01044462605727936033, delta^k = -0.01044462605727936033
    Local Iteration  53: ||V_upper^k - V_upper^k-1||_inf = 0.01424277945744090168, ||V_lower^k - V_lower^k-1||_inf = 0.01002684101498818592, delta^k = -0.01002684101498818592
    Local Iteration  54: ||V_upper^k - V_upper^k-1||_inf = 0.01367306827914327449, ||V_lower^k - V_lower^k-1||_inf = 0.00962576737438866625, delta^k = -0.00962576737438866625
    Local Iteration  55: ||V_upper^k - V_upper^k-1||_inf = 0.01312614554797753019, ||V_lower^k - V_lower^k-1||_inf = 0.00924073667941310850, delta^k = -0.00924073667941310850
    Local Iteration  56: ||V_upper^k - V_upper^k-1||_inf = 0.01260109972605844009, ||V_lower^k - V_lower^k-1||_inf = 0.00887110721223657861, delta^k = -0.00887110721223657861
    Local Iteration  57: ||V_upper^k - V_upper^k-1||_inf = 0.01209705573701608250, ||V_lower^k - V_lower^k-1||_inf = 0.00851626292374713101, delta^k = -0.00851626292374713101
    Local Iteration  58: ||V_upper^k - V_upper^k-1||_inf = 0.01161317350753543476, ||V_lower^k - V_lower^k-1||_inf = 0.00817561240679723356, delta^k = -0.00817561240679723356
    Local Iteration  59: ||V_upper^k - V_upper^k-1||_inf = 0.01114864656723402181, ||V_lower^k - V_lower^k-1||_inf = 0.00784858791052533977, delta^k = -0.00784858791052533977
    Local Iteration  60: ||V_upper^k - V_upper^k-1||_inf = 0.00185856437036058253, ||V_lower^k - V_lower^k-1||_inf = 0.00753464439410433950, delta^k = -0.00753464439410433950
    Local Iteration  61: ||V_upper^k - V_upper^k-1||_inf = 0.00000000000000000000, ||V_lower^k - V_lower^k-1||_inf = 0.00723325861834017703, delta^k = -0.00723325861834017703
    Local Iteration  62: ||V_upper^k - V_upper^k-1||_inf = 0.00000000000000000000, ||V_lower^k - V_lower^k-1||_inf = 0.00694392827360656995, delta^k = -0.00694392827360656995
    Local Iteration  63: ||V_upper^k - V_upper^k-1||_inf = 0.00000000000000000000, ||V_lower^k - V_lower^k-1||_inf = 0.00666617114266229716, delta^k = -0.00666617114266229716
    Local Iteration  64: ||V_upper^k - V_upper^k-1||_inf = 0.00000000000000000000, ||V_lower^k - V_lower^k-1||_inf = 0.00639952429695581082, delta^k = -0.00639952429695581082
    Local Iteration  65: ||V_upper^k - V_upper^k-1||_inf = 0.00000000000000000000, ||V_lower^k - V_lower^k-1||_inf = 0.00614354332507757728, delta^k = -0.00614354332507757728
    Local Iteration  66: ||V_upper^k - V_upper^k-1||_inf = 0.00000000000000000000, ||V_lower^k - V_lower^k-1||_inf = 0.00589780159207445309, delta^k = -0.00589780159207445309
    Local Iteration  67: ||V_upper^k - V_upper^k-1||_inf = 0.00000000000000000000, ||V_lower^k - V_lower^k-1||_inf = 0.00566188952839150050, delta^k = -0.00566188952839150050
    Local Iteration  68: ||V_upper^k - V_upper^k-1||_inf = 0.00000000000000000000, ||V_lower^k - V_lower^k-1||_inf = 0.00543541394725582938, delta^k = -0.00543541394725582938
    Local Iteration  69: ||V_upper^k - V_upper^k-1||_inf = 0.00000000000000000000, ||V_lower^k - V_lower^k-1||_inf = 0.00521799738936559732, delta^k = -0.00521799738936559732
    Local Iteration  70: ||V_upper^k - V_upper^k-1||_inf = 0.00000000000000000000, ||V_lower^k - V_lower^k-1||_inf = 0.00500927749379097287, delta^k = -0.00500927749379097287
    Local Iteration  71: ||V_upper^k - V_upper^k-1||_inf = 0.00000000000000000000, ||V_lower^k - V_lower^k-1||_inf = 0.00480890639403933062, delta^k = -0.00480890639403933062
    Local Iteration  72: ||V_upper^k - V_upper^k-1||_inf = 0.00000000000000000000, ||V_lower^k - V_lower^k-1||_inf = 0.00461655013827776128, delta^k = -0.00461655013827776128
    Local Iteration  73: ||V_upper^k - V_upper^k-1||_inf = 0.00000000000000000000, ||V_lower^k - V_lower^k-1||_inf = 0.00443188813274664195, delta^k = -0.00443188813274664195
    Local Iteration  74: ||V_upper^k - V_upper^k-1||_inf = 0.00000000000000000000, ||V_lower^k - V_lower^k-1||_inf = 0.00425461260743678626, delta^k = -0.00425461260743678626
    Local Iteration  75: ||V_upper^k - V_upper^k-1||_inf = 0.00000000000000000000, ||V_lower^k - V_lower^k-1||_inf = 0.00408442810313930371, delta^k = -0.00408442810313930371
    Local Iteration  76: ||V_upper^k - V_upper^k-1||_inf = 0.00000000000000000000, ||V_lower^k - V_lower^k-1||_inf = 0.00392105097901374045, delta^k = -0.00392105097901374045
    Local Iteration  77: ||V_upper^k - V_upper^k-1||_inf = 0.00000000000000000000, ||V_lower^k - V_lower^k-1||_inf = 0.00376420893985318639, delta^k = -0.00376420893985318639
    Local Iteration  78: ||V_upper^k - V_upper^k-1||_inf = 0.00000000000000000000, ||V_lower^k - V_lower^k-1||_inf = 0.00361364058225906171, delta^k = -0.00361364058225906171
    Local Iteration  79: ||V_upper^k - V_upper^k-1||_inf = 0.00000000000000000000, ||V_lower^k - V_lower^k-1||_inf = 0.00346909495896870201, delta^k = -0.00346909495896870201
    Local Iteration  80: ||V_upper^k - V_upper^k-1||_inf = 0.00000000000000000000, ||V_lower^k - V_lower^k-1||_inf = 0.00333033116060994783, delta^k = -0.00333033116060994783
    Local Iteration  81: ||V_upper^k - V_upper^k-1||_inf = 0.00000000000000000000, ||V_lower^k - V_lower^k-1||_inf = 0.00319711791418554603, delta^k = -0.00319711791418554603
    Local Iteration  82: ||V_upper^k - V_upper^k-1||_inf = 0.00000000000000000000, ||V_lower^k - V_lower^k-1||_inf = 0.00306923319761813473, delta^k = -0.00306923319761813473
    Local Iteration  83: ||V_upper^k - V_upper^k-1||_inf = 0.00000000000000000000, ||V_lower^k - V_lower^k-1||_inf = 0.00294646386971340879, delta^k = -0.00294646386971340879
    Local Iteration  84: ||V_upper^k - V_upper^k-1||_inf = 0.00000000000000000000, ||V_lower^k - V_lower^k-1||_inf = 0.00282860531492486189, delta^k = -0.00282860531492486189
    Local Iteration  85: ||V_upper^k - V_upper^k-1||_inf = 0.00000000000000000000, ||V_lower^k - V_lower^k-1||_inf = 0.00271546110232787075, delta^k = -0.00271546110232787075
    Local Iteration  86: ||V_upper^k - V_upper^k-1||_inf = 0.00000000000000000000, ||V_lower^k - V_lower^k-1||_inf = 0.00260684265823475647, delta^k = -0.00260684265823475647
    Local Iteration  87: ||V_upper^k - V_upper^k-1||_inf = 0.00000000000000000000, ||V_lower^k - V_lower^k-1||_inf = 0.00250256895190537065, delta^k = -0.00250256895190537065
    Local Iteration  88: ||V_upper^k - V_upper^k-1||_inf = 0.00000000000000000000, ||V_lower^k - V_lower^k-1||_inf = 0.00240246619382915305, delta^k = -0.00240246619382915305
    Local Iteration  89: ||V_upper^k - V_upper^k-1||_inf = 0.00000000000000000000, ||V_lower^k - V_lower^k-1||_inf = 0.00230636754607598665, delta^k = -0.00230636754607598665
    Local Iteration  90: ||V_upper^k - V_upper^k-1||_inf = 0.00000000000000000000, ||V_lower^k - V_lower^k-1||_inf = 0.00221411284423294469, delta^k = -0.00221411284423294469
    Local Iteration  91: ||V_upper^k - V_upper^k-1||_inf = 0.00000000000000000000, ||V_lower^k - V_lower^k-1||_inf = 0.00212554833046362662, delta^k = -0.00212554833046362662
    Local Iteration  92: ||V_upper^k - V_upper^k-1||_inf = 0.00000000000000000000, ||V_lower^k - V_lower^k-1||_inf = 0.00204052639724508489, delta^k = -0.00204052639724508489
    Local Iteration  93: ||V_upper^k - V_upper^k-1||_inf = 0.00000000000000000000, ||V_lower^k - V_lower^k-1||_inf = 0.00195890534135528122, delta^k = -0.00195890534135528122
    Local Iteration  94: ||V_upper^k - V_upper^k-1||_inf = 0.00000000000000000000, ||V_lower^k - V_lower^k-1||_inf = 0.00188054912770106719, delta^k = -0.00188054912770106719
    Local Iteration  95: ||V_upper^k - V_upper^k-1||_inf = 0.00000000000000000000, ||V_lower^k - V_lower^k-1||_inf = 0.00180532716259302478, delta^k = -0.00180532716259302478
    Local Iteration  96: ||V_upper^k - V_upper^k-1||_inf = 0.00000000000000000000, ||V_lower^k - V_lower^k-1||_inf = 0.00173311407608930240, delta^k = -0.00173311407608930240
    Local Iteration  97: ||V_upper^k - V_upper^k-1||_inf = 0.00000000000000000000, ||V_lower^k - V_lower^k-1||_inf = 0.00166378951304572975, delta^k = -0.00166378951304572975
    Local Iteration  98: ||V_upper^k - V_upper^k-1||_inf = 0.00000000000000000000, ||V_lower^k - V_lower^k-1||_inf = 0.00159723793252390667, delta^k = -0.00159723793252390667
    Local Iteration  99: ||V_upper^k - V_upper^k-1||_inf = 0.00000000000000000000, ||V_lower^k - V_lower^k-1||_inf = 0.00153334841522295012, delta^k = -0.00153334841522295012
    Local Iteration 100: ||V_upper^k - V_upper^k-1||_inf = 0.00000000000000000000, ||V_lower^k - V_lower^k-1||_inf = 0.00147201447861403101, delta^k = -0.00147201447861403101
    Local Iteration 101: ||V_upper^k - V_upper^k-1||_inf = 0.00000000000000000000, ||V_lower^k - V_lower^k-1||_inf = 0.00141313389946946810, delta^k = -0.00141313389946946810
    Local Iteration 102: ||V_upper^k - V_upper^k-1||_inf = 0.00000000000000000000, ||V_lower^k - V_lower^k-1||_inf = 0.00135660854349069215, delta^k = -0.00135660854349069215
    Local Iteration 103: ||V_upper^k - V_upper^k-1||_inf = 0.00000000000000000000, ||V_lower^k - V_lower^k-1||_inf = 0.00130234420175106419, delta^k = -0.00130234420175106419
    Local Iteration 104: ||V_upper^k - V_upper^k-1||_inf = 0.00000000000000000000, ||V_lower^k - V_lower^k-1||_inf = 0.00125025043368101954, delta^k = -0.00125025043368101954
    Local Iteration 105: ||V_upper^k - V_upper^k-1||_inf = 0.00000000000000000000, ||V_lower^k - V_lower^k-1||_inf = 0.00120024041633377820, delta^k = -0.00120024041633377820
    Local Iteration 106: ||V_upper^k - V_upper^k-1||_inf = 0.00000000000000000000, ||V_lower^k - V_lower^k-1||_inf = 0.00115223079968042666, delta^k = -0.00115223079968042666
    Local Iteration 107: ||V_upper^k - V_upper^k-1||_inf = 0.00000000000000000000, ||V_lower^k - V_lower^k-1||_inf = 0.00110614156769320987, delta^k = -0.00110614156769320987
    Local Iteration 108: ||V_upper^k - V_upper^k-1||_inf = 0.00000000000000000000, ||V_lower^k - V_lower^k-1||_inf = 0.00106189590498548259, delta^k = -0.00106189590498548259
    Local Iteration 109: ||V_upper^k - V_upper^k-1||_inf = 0.00000000000000000000, ||V_lower^k - V_lower^k-1||_inf = 0.00101942006878606370, delta^k = -0.00101942006878606370
    Local Iteration 110: ||V_upper^k - V_upper^k-1||_inf = 0.00000000000000000000, ||V_lower^k - V_lower^k-1||_inf = 0.00097864326603461921, delta^k = -0.00097864326603461921
    Local Iteration 111: ||V_upper^k - V_upper^k-1||_inf = 0.00000000000000000000, ||V_lower^k - V_lower^k-1||_inf = 0.00093949753539323416, delta^k = -0.00093949753539323416
    Local Iteration 112: ||V_upper^k - V_upper^k-1||_inf = 0.00000000000000000000, ||V_lower^k - V_lower^k-1||_inf = 0.00090191763397750452, delta^k = -0.00090191763397750452
    Local Iteration 113: ||V_upper^k - V_upper^k-1||_inf = 0.00000000000000000000, ||V_lower^k - V_lower^k-1||_inf = 0.00086584092861840406, delta^k = -0.00086584092861840406
    Local Iteration 114: ||V_upper^k - V_upper^k-1||_inf = 0.00000000000000000000, ||V_lower^k - V_lower^k-1||_inf = 0.00083120729147366859, delta^k = -0.00083120729147366859
    Local Iteration 115: ||V_upper^k - V_upper^k-1||_inf = 0.00000000000000000000, ||V_lower^k - V_lower^k-1||_inf = 0.00079795899981472199, delta^k = -0.00079795899981472199
    Local Iteration 116: ||V_upper^k - V_upper^k-1||_inf = 0.00000000000000000000, ||V_lower^k - V_lower^k-1||_inf = 0.00076604063982213186, delta^k = -0.00076604063982213186
    Local Iteration 117: ||V_upper^k - V_upper^k-1||_inf = 0.00000000000000000000, ||V_lower^k - V_lower^k-1||_inf = 0.00073539901422924742, delta^k = -0.00073539901422924742
    Local Iteration 118: ||V_upper^k - V_upper^k-1||_inf = 0.00000000000000000000, ||V_lower^k - V_lower^k-1||_inf = 0.00070598305366007669, delta^k = -0.00070598305366007669
    Local Iteration 119: ||V_upper^k - V_upper^k-1||_inf = 0.00000000000000000000, ||V_lower^k - V_lower^k-1||_inf = 0.00067774373151367404, delta^k = -0.00067774373151367404
    Local Iteration 120: ||V_upper^k - V_upper^k-1||_inf = 0.00000000000000000000, ||V_lower^k - V_lower^k-1||_inf = 0.00065063398225312721, delta^k = -0.00065063398225312721
    Local Iteration 121: ||V_upper^k - V_upper^k-1||_inf = 0.00000000000000000000, ||V_lower^k - V_lower^k-1||_inf = 0.00062460862296300282, delta^k = -0.00062460862296300282
    Local Iteration 122: ||V_upper^k - V_upper^k-1||_inf = 0.00000000000000000000, ||V_lower^k - V_lower^k-1||_inf = 0.00059962427804448326, delta^k = -0.00059962427804448326
    Local Iteration 123: ||V_upper^k - V_upper^k-1||_inf = 0.00000000000000000000, ||V_lower^k - V_lower^k-1||_inf = 0.00057563930692270358, delta^k = -0.00057563930692270358
    Local Iteration 124: ||V_upper^k - V_upper^k-1||_inf = 0.00000000000000000000, ||V_lower^k - V_lower^k-1||_inf = 0.00055261373464579426, delta^k = -0.00055261373464579426
    Local Iteration 125: ||V_upper^k - V_upper^k-1||_inf = 0.00000000000000000000, ||V_lower^k - V_lower^k-1||_inf = 0.00053050918525996381, delta^k = -0.00053050918525996381
    Local Iteration 126: ||V_upper^k - V_upper^k-1||_inf = 0.00000000000000000000, ||V_lower^k - V_lower^k-1||_inf = 0.00050928881784956422, delta^k = -0.00050928881784956422
    Local Iteration 127: ||V_upper^k - V_upper^k-1||_inf = 0.00000000000000000000, ||V_lower^k - V_lower^k-1||_inf = 0.00048891726513558206, delta^k = -0.00048891726513558206
    Local Iteration 128: ||V_upper^k - V_upper^k-1||_inf = 0.00000000000000000000, ||V_lower^k - V_lower^k-1||_inf = 0.00046936057453015809, delta^k = -0.00046936057453015809
    Local Iteration 129: ||V_upper^k - V_upper^k-1||_inf = 0.00000000000000000000, ||V_lower^k - V_lower^k-1||_inf = 0.00045058615154895329, delta^k = -0.00045058615154895329
    Local Iteration 130: ||V_upper^k - V_upper^k-1||_inf = 0.00000000000000000000, ||V_lower^k - V_lower^k-1||_inf = 0.00043256270548699439, delta^k = -0.00043256270548699439
    Local Iteration 131: ||V_upper^k - V_upper^k-1||_inf = 0.00000000000000000000, ||V_lower^k - V_lower^k-1||_inf = 0.00041526019726751372, delta^k = -0.00041526019726751372
    Local Iteration 132: ||V_upper^k - V_upper^k-1||_inf = 0.00000000000000000000, ||V_lower^k - V_lower^k-1||_inf = 0.00039864978937681310, delta^k = -0.00039864978937681310
    Local Iteration 133: ||V_upper^k - V_upper^k-1||_inf = 0.00000000000000000000, ||V_lower^k - V_lower^k-1||_inf = 0.00038270379780174120, delta^k = -0.00038270379780174120
    Local Iteration 134: ||V_upper^k - V_upper^k-1||_inf = 0.00000000000000000000, ||V_lower^k - V_lower^k-1||_inf = 0.00036739564588967114, delta^k = -0.00036739564588967114
    Local Iteration 135: ||V_upper^k - V_upper^k-1||_inf = 0.00000000000000000000, ||V_lower^k - V_lower^k-1||_inf = 0.00035269982005408512, delta^k = -0.00035269982005408512
    Local Iteration 136: ||V_upper^k - V_upper^k-1||_inf = 0.00000000000000000000, ||V_lower^k - V_lower^k-1||_inf = 0.00033859182725192068, delta^k = -0.00033859182725192068
    Local Iteration 137: ||V_upper^k - V_upper^k-1||_inf = 0.00000000000000000000, ||V_lower^k - V_lower^k-1||_inf = 0.00032504815416184440, delta^k = -0.00032504815416184440
    Local Iteration 138: ||V_upper^k - V_upper^k-1||_inf = 0.00000000000000000000, ||V_lower^k - V_lower^k-1||_inf = 0.00031204622799537070, delta^k = -0.00031204622799537070
    Local Iteration 139: ||V_upper^k - V_upper^k-1||_inf = 0.00000000000000000000, ||V_lower^k - V_lower^k-1||_inf = 0.00029956437887555636, delta^k = -0.00029956437887555636
    Local Iteration 140: ||V_upper^k - V_upper^k-1||_inf = 0.00000000000000000000, ||V_lower^k - V_lower^k-1||_inf = 0.00028758180372053400, delta^k = -0.00028758180372053400
    Local Iteration 141: ||V_upper^k - V_upper^k-1||_inf = 0.00000000000000000000, ||V_lower^k - V_lower^k-1||_inf = 0.00027607853157171278, delta^k = -0.00027607853157171278
    Local Iteration 142: ||V_upper^k - V_upper^k-1||_inf = 0.00000000000000000000, ||V_lower^k - V_lower^k-1||_inf = 0.00026503539030884368, delta^k = -0.00026503539030884368
    Local Iteration 143: ||V_upper^k - V_upper^k-1||_inf = 0.00000000000000000000, ||V_lower^k - V_lower^k-1||_inf = 0.00025443397469649028, delta^k = -0.00025443397469649028
    Local Iteration 144: ||V_upper^k - V_upper^k-1||_inf = 0.00000000000000000000, ||V_lower^k - V_lower^k-1||_inf = 0.00024425661570863077, delta^k = -0.00024425661570863077
    Local Iteration 145: ||V_upper^k - V_upper^k-1||_inf = 0.00000000000000000000, ||V_lower^k - V_lower^k-1||_inf = 0.00023448635108028540, delta^k = -0.00023448635108028540
    Local Iteration 146: ||V_upper^k - V_upper^k-1||_inf = 0.00000000000000000000, ||V_lower^k - V_lower^k-1||_inf = 0.00022510689703707405, delta^k = -0.00022510689703707405
    Local Iteration 147: ||V_upper^k - V_upper^k-1||_inf = 0.00000000000000000000, ||V_lower^k - V_lower^k-1||_inf = 0.00021610262115559064, delta^k = -0.00021610262115559064
    Local Iteration 148: ||V_upper^k - V_upper^k-1||_inf = 0.00000000000000000000, ||V_lower^k - V_lower^k-1||_inf = 0.00020745851630936743, delta^k = -0.00020745851630936743
    Local Iteration 149: ||V_upper^k - V_upper^k-1||_inf = 0.00000000000000000000, ||V_lower^k - V_lower^k-1||_inf = 0.00019916017565699273, delta^k = -0.00019916017565699273
    Local Iteration 150: ||V_upper^k - V_upper^k-1||_inf = 0.00000000000000000000, ||V_lower^k - V_lower^k-1||_inf = 0.00019119376863071299, delta^k = -0.00019119376863071299
    Local Iteration 151: ||V_upper^k - V_upper^k-1||_inf = 0.00000000000000000000, ||V_lower^k - V_lower^k-1||_inf = 0.00018354601788548447, delta^k = -0.00018354601788548447
    Local Iteration 152: ||V_upper^k - V_upper^k-1||_inf = 0.00000000000000000000, ||V_lower^k - V_lower^k-1||_inf = 0.00017620417717006519, delta^k = -0.00017620417717006519
    Local Iteration 153: ||V_upper^k - V_upper^k-1||_inf = 0.00000000000000000000, ||V_lower^k - V_lower^k-1||_inf = 0.00016915601008326252, delta^k = -0.00016915601008326252
    Local Iteration 154: ||V_upper^k - V_upper^k-1||_inf = 0.00000000000000000000, ||V_lower^k - V_lower^k-1||_inf = 0.00016238976967993153, delta^k = -0.00016238976967993153
    Local Iteration 155: ||V_upper^k - V_upper^k-1||_inf = 0.00000000000000000000, ||V_lower^k - V_lower^k-1||_inf = 0.00015589417889273456, delta^k = -0.00015589417889273456
    Local Iteration 156: ||V_upper^k - V_upper^k-1||_inf = 0.00000000000000000000, ||V_lower^k - V_lower^k-1||_inf = 0.00014965841173702511, delta^k = -0.00014965841173702511
    Local Iteration 157: ||V_upper^k - V_upper^k-1||_inf = 0.00000000000000000000, ||V_lower^k - V_lower^k-1||_inf = 0.00014367207526754400, delta^k = -0.00014367207526754400
    Local Iteration 158: ||V_upper^k - V_upper^k-1||_inf = 0.00000000000000000000, ||V_lower^k - V_lower^k-1||_inf = 0.00013792519225684250, delta^k = -0.00013792519225684250
    Local Iteration 159: ||V_upper^k - V_upper^k-1||_inf = 0.00000000000000000000, ||V_lower^k - V_lower^k-1||_inf = 0.00013240818456656872, delta^k = -0.00013240818456656872
    Local Iteration 160: ||V_upper^k - V_upper^k-1||_inf = 0.00000000000000000000, ||V_lower^k - V_lower^k-1||_inf = 0.00012711185718390595, delta^k = -0.00012711185718390595
    Local Iteration 161: ||V_upper^k - V_upper^k-1||_inf = 0.00000000000000000000, ||V_lower^k - V_lower^k-1||_inf = 0.00012202738289654978, delta^k = -0.00012202738289654978
    Local Iteration 162: ||V_upper^k - V_upper^k-1||_inf = 0.00000000000000000000, ||V_lower^k - V_lower^k-1||_inf = 0.00011714628758068783, delta^k = -0.00011714628758068783
    Local Iteration 163: ||V_upper^k - V_upper^k-1||_inf = 0.00000000000000000000, ||V_lower^k - V_lower^k-1||_inf = 0.00011246043607746016, delta^k = -0.00011246043607746016
    Local Iteration 164: ||V_upper^k - V_upper^k-1||_inf = 0.00000000000000000000, ||V_lower^k - V_lower^k-1||_inf = 0.00010796201863436149, delta^k = -0.00010796201863436149
    Local Iteration 165: ||V_upper^k - V_upper^k-1||_inf = 0.00000000000000000000, ||V_lower^k - V_lower^k-1||_inf = 0.00010364353788898731, delta^k = -0.00010364353788898731
    Local Iteration 166: ||V_upper^k - V_upper^k-1||_inf = 0.00000000000000000000, ||V_lower^k - V_lower^k-1||_inf = 0.00009949779637342775, delta^k = -0.00009949779637342775
    Local Iteration 167: ||V_upper^k - V_upper^k-1||_inf = 0.00000000000000000000, ||V_lower^k - V_lower^k-1||_inf = 0.00009551788451849083, delta^k = -0.00009551788451849083
    Local Iteration 168: ||V_upper^k - V_upper^k-1||_inf = 0.00000000000000000000, ||V_lower^k - V_lower^k-1||_inf = 0.00009169716913775107, delta^k = -0.00009169716913775107
    Local Iteration 169: ||V_upper^k - V_upper^k-1||_inf = 0.00000000000000000000, ||V_lower^k - V_lower^k-1||_inf = 0.00008802928237224093, delta^k = -0.00008802928237224093
    Local Iteration 170: ||V_upper^k - V_upper^k-1||_inf = 0.00000000000000000000, ||V_lower^k - V_lower^k-1||_inf = 0.00008450811107735138, delta^k = -0.00008450811107735138
    Local Iteration 171: ||V_upper^k - V_upper^k-1||_inf = 0.00000000000000000000, ||V_lower^k - V_lower^k-1||_inf = 0.00008112778663425715, delta^k = -0.00008112778663425715
    Local Iteration 172: ||V_upper^k - V_upper^k-1||_inf = 0.00000000000000000000, ||V_lower^k - V_lower^k-1||_inf = 0.00007788267516888698, delta^k = -0.00007788267516888698
    Local Iteration 173: ||V_upper^k - V_upper^k-1||_inf = 0.00000000000000000000, ||V_lower^k - V_lower^k-1||_inf = 0.00007476736816213153, delta^k = -0.00007476736816213153
    Local Iteration 174: ||V_upper^k - V_upper^k-1||_inf = 0.00000000000000000000, ||V_lower^k - V_lower^k-1||_inf = 0.00007177667343564618, delta^k = -0.00007177667343564618
    Local Iteration 175: ||V_upper^k - V_upper^k-1||_inf = 0.00000000000000000000, ||V_lower^k - V_lower^k-1||_inf = 0.00006890560649822032, delta^k = -0.00006890560649822032
    Local Iteration 176: ||V_upper^k - V_upper^k-1||_inf = 0.00000000000000000000, ||V_lower^k - V_lower^k-1||_inf = 0.00006614938223829152, delta^k = -0.00006614938223829152
    Local Iteration 177: ||V_upper^k - V_upper^k-1||_inf = 0.00000000000000000000, ||V_lower^k - V_lower^k-1||_inf = 0.00006350340694875997, delta^k = -0.00006350340694875997
    Local Iteration 178: ||V_upper^k - V_upper^k-1||_inf = 0.00000000000000000000, ||V_lower^k - V_lower^k-1||_inf = 0.00006096327067080937, delta^k = -0.00006096327067080937
    Local Iteration 179: ||V_upper^k - V_upper^k-1||_inf = 0.00000000000000000000, ||V_lower^k - V_lower^k-1||_inf = 0.00005852473984397700, delta^k = -0.00005852473984397700
    Local Iteration 180: ||V_upper^k - V_upper^k-1||_inf = 0.00000000000000000000, ||V_lower^k - V_lower^k-1||_inf = 0.00005618375025021809, delta^k = -0.00005618375025021809
    Local Iteration 181: ||V_upper^k - V_upper^k-1||_inf = 0.00000000000000000000, ||V_lower^k - V_lower^k-1||_inf = 0.00005393640024020934, delta^k = -0.00005393640024020934
    Local Iteration 182: ||V_upper^k - V_upper^k-1||_inf = 0.00000000000000000000, ||V_lower^k - V_lower^k-1||_inf = 0.00005177894423060098, delta^k = -0.00005177894423060098
    Local Iteration 183: ||V_upper^k - V_upper^k-1||_inf = 0.00000000000000000000, ||V_lower^k - V_lower^k-1||_inf = 0.00004970778646137689, delta^k = -0.00004970778646137689
    Local Iteration 184: ||V_upper^k - V_upper^k-1||_inf = 0.00000000000000000000, ||V_lower^k - V_lower^k-1||_inf = 0.00004771947500292186, delta^k = -0.00004771947500292186
    Local Iteration 185: ||V_upper^k - V_upper^k-1||_inf = 0.00000000000000000000, ||V_lower^k - V_lower^k-1||_inf = 0.00004581069600280495, delta^k = -0.00004581069600280495
    Local Iteration 186: ||V_upper^k - V_upper^k-1||_inf = 0.00000000000000000000, ||V_lower^k - V_lower^k-1||_inf = 0.00004247997709868364, delta^k = -0.00004247997709868364
    Local Iteration 187: ||V_upper^k - V_upper^k-1||_inf = 0.00000000000000000000, ||V_lower^k - V_lower^k-1||_inf = 0.00004078077801473621, delta^k = -0.00004078077801473621
    Local Iteration 188: ||V_upper^k - V_upper^k-1||_inf = 0.00000000000000000000, ||V_lower^k - V_lower^k-1||_inf = 0.00003914954689414676, delta^k = -0.00003914954689414676
    Local Iteration 189: ||V_upper^k - V_upper^k-1||_inf = 0.00000000000000000000, ||V_lower^k - V_lower^k-1||_inf = 0.00003758356501838093, delta^k = -0.00003758356501838093
    Local Iteration 190: ||V_upper^k - V_upper^k-1||_inf = 0.00000000000000000000, ||V_lower^k - V_lower^k-1||_inf = 0.00003608022241764568, delta^k = -0.00003608022241764568
    Local Iteration 191: ||V_upper^k - V_upper^k-1||_inf = 0.00000000000000000000, ||V_lower^k - V_lower^k-1||_inf = 0.00003463701352093981, delta^k = -0.00003463701352093981
    Local Iteration 192: ||V_upper^k - V_upper^k-1||_inf = 0.00000000000000000000, ||V_lower^k - V_lower^k-1||_inf = 0.00003325153298010220, delta^k = -0.00003325153298010220
    Local Iteration 193: ||V_upper^k - V_upper^k-1||_inf = 0.00000000000000000000, ||V_lower^k - V_lower^k-1||_inf = 0.00003192147166089813, delta^k = -0.00003192147166089813
    Local Iteration 194: ||V_upper^k - V_upper^k-1||_inf = 0.00000000000000000000, ||V_lower^k - V_lower^k-1||_inf = 0.00003064461279446223, delta^k = -0.00003064461279446223
    Local Iteration 195: ||V_upper^k - V_upper^k-1||_inf = 0.00000000000000000000, ||V_lower^k - V_lower^k-1||_inf = 0.00002941882828268367, delta^k = -0.00002941882828268367
    Local Iteration 196: ||V_upper^k - V_upper^k-1||_inf = 0.00000000000000000000, ||V_lower^k - V_lower^k-1||_inf = 0.00002824207515137638, delta^k = -0.00002824207515137638
    Local Iteration 197: ||V_upper^k - V_upper^k-1||_inf = 0.00000000000000000000, ||V_lower^k - V_lower^k-1||_inf = 0.00002711239214532135, delta^k = -0.00002711239214532135
    Local Iteration 198: ||V_upper^k - V_upper^k-1||_inf = 0.00000000000000000000, ||V_lower^k - V_lower^k-1||_inf = 0.00002602789645950849, delta^k = -0.00002602789645950849
    Local Iteration 199: ||V_upper^k - V_upper^k-1||_inf = 0.00000000000000000000, ||V_lower^k - V_lower^k-1||_inf = 0.00002498678060112807, delta^k = -0.00002498678060112807
    Local Iteration 200: ||V_upper^k - V_upper^k-1||_inf = 0.00000000000000000000, ||V_lower^k - V_lower^k-1||_inf = 0.00002398730937708303, delta^k = -0.00002398730937708303
    Local Iteration 201: ||V_upper^k - V_upper^k-1||_inf = 0.00000000000000000000, ||V_lower^k - V_lower^k-1||_inf = 0.00002302781700199970, delta^k = -0.00002302781700199970
    Local Iteration 202: ||V_upper^k - V_upper^k-1||_inf = 0.00000000000000000000, ||V_lower^k - V_lower^k-1||_inf = 0.00002210670432191972, delta^k = -0.00002210670432191972
    Local Iteration 203: ||V_upper^k - V_upper^k-1||_inf = 0.00000000000000000000, ||V_lower^k - V_lower^k-1||_inf = 0.00002122243614904287, delta^k = -0.00002122243614904287
    Local Iteration 204: ||V_upper^k - V_upper^k-1||_inf = 0.00000000000000000000, ||V_lower^k - V_lower^k-1||_inf = 0.00002037353870308113, delta^k = -0.00002037353870308113
    Local Iteration 205: ||V_upper^k - V_upper^k-1||_inf = 0.00000000000000000000, ||V_lower^k - V_lower^k-1||_inf = 0.00001955859715495795, delta^k = -0.00001955859715495795
    Local Iteration 206: ||V_upper^k - V_upper^k-1||_inf = 0.00000000000000000000, ||V_lower^k - V_lower^k-1||_inf = 0.00001877625326875961, delta^k = -0.00001877625326875961
    Local Iteration 207: ||V_upper^k - V_upper^k-1||_inf = 0.00000000000000000000, ||V_lower^k - V_lower^k-1||_inf = 0.00001802520313800920, delta^k = -0.00001802520313800920
    Local Iteration 208: ||V_upper^k - V_upper^k-1||_inf = 0.00000000000000000000, ||V_lower^k - V_lower^k-1||_inf = 0.00001730419501248885, delta^k = -0.00001730419501248885
    Local Iteration 209: ||V_upper^k - V_upper^k-1||_inf = 0.00000000000000000000, ||V_lower^k - V_lower^k-1||_inf = 0.00001661202721198928, delta^k = -0.00001661202721198928
    Local Iteration 210: ||V_upper^k - V_upper^k-1||_inf = 0.00000000000000000000, ||V_lower^k - V_lower^k-1||_inf = 0.00001594754612350974, delta^k = -0.00001594754612350974
    Local Iteration 211: ||V_upper^k - V_upper^k-1||_inf = 0.00000000000000000000, ||V_lower^k - V_lower^k-1||_inf = 0.00001530964427856932, delta^k = -0.00001530964427856932
    Local Iteration 212: ||V_upper^k - V_upper^k-1||_inf = 0.00000000000000000000, ||V_lower^k - V_lower^k-1||_inf = 0.00001469725850742655, delta^k = -0.00001469725850742655
    Local Iteration 213: ||V_upper^k - V_upper^k-1||_inf = 0.00000000000000000000, ||V_lower^k - V_lower^k-1||_inf = 0.00001410936816712948, delta^k = -0.00001410936816712948
    Local Iteration 214: ||V_upper^k - V_upper^k-1||_inf = 0.00000000000000000000, ||V_lower^k - V_lower^k-1||_inf = 0.00001354499344044432, delta^k = -0.00001354499344044432
    Local Iteration 215: ||V_upper^k - V_upper^k-1||_inf = 0.00000000000000000000, ||V_lower^k - V_lower^k-1||_inf = 0.00001300319370282655, delta^k = -0.00001300319370282655
    Local Iteration 216: ||V_upper^k - V_upper^k-1||_inf = 0.00000000000000000000, ||V_lower^k - V_lower^k-1||_inf = 0.00001248306595471346, delta^k = -0.00001248306595471346
    Local Iteration 217: ||V_upper^k - V_upper^k-1||_inf = 0.00000000000000000000, ||V_lower^k - V_lower^k-1||_inf = 0.00001198374331652495, delta^k = -0.00001198374331652495
    Local Iteration 218: ||V_upper^k - V_upper^k-1||_inf = 0.00000000000000000000, ||V_lower^k - V_lower^k-1||_inf = 0.00001150439358386392, delta^k = -0.00001150439358386392
    Local Iteration 219: ||V_upper^k - V_upper^k-1||_inf = 0.00000000000000000000, ||V_lower^k - V_lower^k-1||_inf = 0.00001104421784050940, delta^k = -0.00001104421784050940
    Local Iteration 220: ||V_upper^k - V_upper^k-1||_inf = 0.00000000000000000000, ||V_lower^k - V_lower^k-1||_inf = 0.00001060244912688902, delta^k = -0.00001060244912688902
    Local Iteration 221: ||V_upper^k - V_upper^k-1||_inf = 0.00000000000000000000, ||V_lower^k - V_lower^k-1||_inf = 0.00001017835116181345, delta^k = -0.00001017835116181345
    Local Iteration 222: ||V_upper^k - V_upper^k-1||_inf = 0.00000000000000000000, ||V_lower^k - V_lower^k-1||_inf = 0.00000977121711534092, delta^k = -0.00000977121711534092
    Local Iteration 223: ||V_upper^k - V_upper^k-1||_inf = 0.00000000000000000000, ||V_lower^k - V_lower^k-1||_inf = 0.00000938036843072727, delta^k = -0.00000938036843072727
    Local Iteration 224: ||V_upper^k - V_upper^k-1||_inf = 0.00000000000000000000, ||V_lower^k - V_lower^k-1||_inf = 0.00000900515369349819, delta^k = -0.00000900515369349819
    Local Iteration 225: ||V_upper^k - V_upper^k-1||_inf = 0.00000000000000000000, ||V_lower^k - V_lower^k-1||_inf = 0.00000864494754575825, delta^k = -0.00000864494754575825
    Local Iteration 226: ||V_upper^k - V_upper^k-1||_inf = 0.00000000000000000000, ||V_lower^k - V_lower^k-1||_inf = 0.00000829914964392791, delta^k = -0.00000829914964392791
    Local Iteration 227: ||V_upper^k - V_upper^k-1||_inf = 0.00000000000000000000, ||V_lower^k - V_lower^k-1||_inf = 0.00000796718365817081, delta^k = -0.00000796718365817081
    Local Iteration 228: ||V_upper^k - V_upper^k-1||_inf = 0.00000000000000000000, ||V_lower^k - V_lower^k-1||_inf = 0.00000764849631184396, delta^k = -0.00000764849631184396
    Local Iteration 229: ||V_upper^k - V_upper^k-1||_inf = 0.00000000000000000000, ||V_lower^k - V_lower^k-1||_inf = 0.00000734255645937023, delta^k = -0.00000734255645937023
    Local Iteration 230: ||V_upper^k - V_upper^k-1||_inf = 0.00000000000000000000, ||V_lower^k - V_lower^k-1||_inf = 0.00000704885420099540, delta^k = -0.00000704885420099540
    Local Iteration 231: ||V_upper^k - V_upper^k-1||_inf = 0.00000000000000000000, ||V_lower^k - V_lower^k-1||_inf = 0.00000676690003295559, delta^k = -0.00000676690003295559
    Local Iteration 232: ||V_upper^k - V_upper^k-1||_inf = 0.00000000000000000000, ||V_lower^k - V_lower^k-1||_inf = 0.00000649622403163736, delta^k = -0.00000649622403163736
    Local Iteration 233: ||V_upper^k - V_upper^k-1||_inf = 0.00000000000000000000, ||V_lower^k - V_lower^k-1||_inf = 0.00000623637507037188, delta^k = -0.00000623637507037188
    Local Iteration 234: ||V_upper^k - V_upper^k-1||_inf = 0.00000000000000000000, ||V_lower^k - V_lower^k-1||_inf = 0.00000598692006755701, delta^k = -0.00000598692006755701
    Local Iteration 235: ||V_upper^k - V_upper^k-1||_inf = 0.00000000000000000000, ||V_lower^k - V_lower^k-1||_inf = 0.00000574744326485471, delta^k = -0.00000574744326485471
    Local Iteration 236: ||V_upper^k - V_upper^k-1||_inf = 0.00000000000000000000, ||V_lower^k - V_lower^k-1||_inf = 0.00000551754553426053, delta^k = -0.00000551754553426053
    Local Iteration 237: ||V_upper^k - V_upper^k-1||_inf = 0.00000000000000000000, ||V_lower^k - V_lower^k-1||_inf = 0.00000529684371289012, delta^k = -0.00000529684371289012
    Local Iteration 238: ||V_upper^k - V_upper^k-1||_inf = 0.00000000000000000000, ||V_lower^k - V_lower^k-1||_inf = 0.00000508496996437451, delta^k = -0.00000508496996437451
    Local Iteration 239: ||V_upper^k - V_upper^k-1||_inf = 0.00000000000000000000, ||V_lower^k - V_lower^k-1||_inf = 0.00000251989538340336, delta^k = -0.00000251989538340336
    Local Iteration 240: ||V_upper^k - V_upper^k-1||_inf = 0.00000000000000000000, ||V_lower^k - V_lower^k-1||_inf = 0.00000000000000000000, delta^k = 0.00000000000000000000

============================================================
 CONSERVATIVE STOPPING CONDITION MET (Algorithm 3)
============================================================
  delta^k = 0.0000000000e+00 >= -delta_max
  ||V_upper^k - V_upper^k-1||_inf = 0.0000000000e+00 < 1e-08
  eps_cons = (0.96 * 0.0000000000e+00) / 0.04 = 0.0000000000e+00
  Correcting V_lower for 1759260 cells: V_lower <- V_lower - eps_cons - eps_machine
   Conservative correction applied successfully
  Machine epsilon eps_machine = 2.220e-16
    Local VI completed in 240 iterations
    Final convergence values:
      ||V_upper^final - V_upper^prev||_inf = 0.00000000e+00
      ||V_lower^final - V_lower^prev||_inf = 0.00000000e+00
  Local VI completed in 240 iterations, time: 29.866s
    Final ||V_upper^k - V_upper^k-1||_inf = 0.00000000000000000000e+00
    Final ||V_lower^k - V_lower^k-1||_inf = 0.00000000000000000000e+00
  Saved visualization: /Users/i.k.tabbara/Documents/python directory/HSCC_2027/refactored_Implementations/results_hscc_2027_newbellmans_12workers/ra_discount/double_integrator_res10_eps0.05_dmin1e-08_dmax1e-08_gamma0.96_dt0.3_tau0.3_cons/value_function_phase_9_complete.png
  Phase 9 completed in 31.22s with 1759260 leaf cells

Classification after phase 9:
  Safe:           943184 cells ( 53.6%),   68.9% of state space
  Unsafe:          50408 cells (  2.9%),   16.1% of state space
  Unclassified:   765668 cells ( 43.5%),   15.0% of state space

======================================================================
REFINEMENT PHASE 10
======================================================================
Boundary cells: 765668
  Refinable (>eta_min=0.017678): 765668
  Below threshold: 0
  Cumulative refined: 1749260
  Refinable cell size statistics:
    Max:    0.100000
    Mean:   0.100000
    Min:    0.100000
    Median: 0.100000
  Refining 765668 cells...
    Refined: 765668 parent cells
    Created: 1531336 child cells
    Total cells: 2524928
    Refinement time: 0.029s
    Cumulative refined: 2514928
  Rebuilding spatial index...
  Building spatial index for 2524928 cells...
   Spatial index built in 0.78s
    Spatial index rebuilt in 0.777s
  Initializing 1531336 new cells...
  Initializing 1531336 new cells in parallel...
   Initialized in 0.00s (381962647.7 cells/s)
    Initialization completed in 0.004s
  Starting local value iteration...
  Reinitializing ALL 2524928 cells (V = l)
   Reinitialized 2524928 cells in 0.01s (295123370.9 cells/s)
  Local VI: updating all 2524928 cells
    Conservative mode: True
    delta_max: 1e-08
    Max iterations: 20000
    Updating successor cache for 1531336 updated cells...
    Updating successor cache for 1531336 new cells (HYBRID)...
      Affected cells: 2028094
   Trajectories + spatial queries computed in 9.79s (1865116.4 tasks/s)
    Breakdown: 10.4% ODE, 89.6% queries
     Cache updated in 11.35s (1607868.2 tasks/s)
    Local Iteration   1: ||V_upper^k - V_upper^k-1||_inf = 3.93799602617861266296, ||V_lower^k - V_lower^k-1||_inf = 3.79657466994130254889, delta^k = -3.79657466994130254889
    Local Iteration   2: ||V_upper^k - V_upper^k-1||_inf = 3.77207197250227554974, ||V_lower^k - V_lower^k-1||_inf = 3.54288830665278808851, delta^k = -3.54288830665278808851
    Local Iteration   3: ||V_upper^k - V_upper^k-1||_inf = 3.51063132217567464011, ||V_lower^k - V_lower^k-1||_inf = 3.35261908725957979982, delta^k = -3.35261908725957979982
    Local Iteration   4: ||V_upper^k - V_upper^k-1||_inf = 0.10507979879432394199, ||V_lower^k - V_lower^k-1||_inf = 2.96796452146027522900, delta^k = -2.96796452146027522900
    Local Iteration   5: ||V_upper^k - V_upper^k-1||_inf = 0.10087660684255084220, ||V_lower^k - V_lower^k-1||_inf = 0.84742651122386958296, delta^k = -0.84742651122386958296
    Local Iteration   6: ||V_upper^k - V_upper^k-1||_inf = 0.09684154256884891510, ||V_lower^k - V_lower^k-1||_inf = 0.42624912262938824403, delta^k = -0.42624912262938824403
    Local Iteration   7: ||V_upper^k - V_upper^k-1||_inf = 0.09296788086609497626, ||V_lower^k - V_lower^k-1||_inf = 0.30523753558254840268, delta^k = -0.30523753558254840268
    Local Iteration   8: ||V_upper^k - V_upper^k-1||_inf = 0.08924916563145135484, ||V_lower^k - V_lower^k-1||_inf = 0.23290639100161214525, delta^k = -0.23290639100161214525
    Local Iteration   9: ||V_upper^k - V_upper^k-1||_inf = 0.08567919900619314078, ||V_lower^k - V_lower^k-1||_inf = 0.22222685056423363559, delta^k = -0.22222685056423363559
    Local Iteration  10: ||V_upper^k - V_upper^k-1||_inf = 0.08225203104594536185, ||V_lower^k - V_lower^k-1||_inf = 0.08997024428467104151, delta^k = -0.08997024428467104151
    Local Iteration  11: ||V_upper^k - V_upper^k-1||_inf = 0.07896194980410764508, ||V_lower^k - V_lower^k-1||_inf = 0.08637143451328421762, delta^k = -0.08637143451328421762
    Local Iteration  12: ||V_upper^k - V_upper^k-1||_inf = 0.07580347181194335704, ||V_lower^k - V_lower^k-1||_inf = 0.08291657713275291108, delta^k = -0.08291657713275291108
    Local Iteration  13: ||V_upper^k - V_upper^k-1||_inf = 0.07277133293946547177, ||V_lower^k - V_lower^k-1||_inf = 0.07781189118212861189, delta^k = -0.07781189118212861189
    Local Iteration  14: ||V_upper^k - V_upper^k-1||_inf = 0.06986047962188690619, ||V_lower^k - V_lower^k-1||_inf = 0.07469941553484349406, delta^k = -0.07469941553484349406
    Local Iteration  15: ||V_upper^k - V_upper^k-1||_inf = 0.06706606043701146547, ||V_lower^k - V_lower^k-1||_inf = 0.07171143891344966548, delta^k = -0.07171143891344966548
    Local Iteration  16: ||V_upper^k - V_upper^k-1||_inf = 0.06438341801953106902, ||V_lower^k - V_lower^k-1||_inf = 0.06884298135691180320, delta^k = -0.06884298135691180320
    Local Iteration  17: ||V_upper^k - V_upper^k-1||_inf = 0.06180808129874981738, ||V_lower^k - V_lower^k-1||_inf = 0.06608926210263521561, delta^k = -0.06608926210263521561
    Local Iteration  18: ||V_upper^k - V_upper^k-1||_inf = 0.05933575804679969146, ||V_lower^k - V_lower^k-1||_inf = 0.06344569161852975370, delta^k = -0.06344569161852975370
    Local Iteration  19: ||V_upper^k - V_upper^k-1||_inf = 0.05696232772492781926, ||V_lower^k - V_lower^k-1||_inf = 0.06090786395378855467, delta^k = -0.06090786395378855467
    Local Iteration  20: ||V_upper^k - V_upper^k-1||_inf = 0.05468383461593062655, ||V_lower^k - V_lower^k-1||_inf = 0.05847154939563703469, delta^k = -0.05847154939563703469
    Local Iteration  21: ||V_upper^k - V_upper^k-1||_inf = 0.05249648123129335708, ||V_lower^k - V_lower^k-1||_inf = 0.05613268741981158882, delta^k = -0.05613268741981158882
    Local Iteration  22: ||V_upper^k - V_upper^k-1||_inf = 0.05039662198204175603, ||V_lower^k - V_lower^k-1||_inf = 0.05388737992301917412, delta^k = -0.05388737992301917412
    Local Iteration  23: ||V_upper^k - V_upper^k-1||_inf = 0.04838075710276013019, ||V_lower^k - V_lower^k-1||_inf = 0.05173188472609846489, delta^k = -0.05173188472609846489
    Local Iteration  24: ||V_upper^k - V_upper^k-1||_inf = 0.04644552681864966281, ||V_lower^k - V_lower^k-1||_inf = 0.04966260933705446412, delta^k = -0.04966260933705446412
    Local Iteration  25: ||V_upper^k - V_upper^k-1||_inf = 0.04458770574590364966, ||V_lower^k - V_lower^k-1||_inf = 0.04767610496357232996, delta^k = -0.04767610496357232996
    Local Iteration  26: ||V_upper^k - V_upper^k-1||_inf = 0.04280419751606756584, ||V_lower^k - V_lower^k-1||_inf = 0.04576906076502940124, delta^k = -0.04576906076502940124
    Local Iteration  27: ||V_upper^k - V_upper^k-1||_inf = 0.04109202961542479660, ||V_lower^k - V_lower^k-1||_inf = 0.04393829833442830513, delta^k = -0.04393829833442830513
    Local Iteration  28: ||V_upper^k - V_upper^k-1||_inf = 0.03944834843080780029, ||V_lower^k - V_lower^k-1||_inf = 0.04218076640105117292, delta^k = -0.04218076640105117292
    Local Iteration  29: ||V_upper^k - V_upper^k-1||_inf = 0.03787041449357553269, ||V_lower^k - V_lower^k-1||_inf = 0.04049353574500913489, delta^k = -0.04049353574500913489
    Local Iteration  30: ||V_upper^k - V_upper^k-1||_inf = 0.03635559791383247141, ||V_lower^k - V_lower^k-1||_inf = 0.03887379431520876505, delta^k = -0.03887379431520876505
    Local Iteration  31: ||V_upper^k - V_upper^k-1||_inf = 0.03490137399727910594, ||V_lower^k - V_lower^k-1||_inf = 0.03731884254260042777, delta^k = -0.03731884254260042777
    Local Iteration  32: ||V_upper^k - V_upper^k-1||_inf = 0.03350531903738795947, ||V_lower^k - V_lower^k-1||_inf = 0.03582608884089633072, delta^k = -0.03582608884089633072
    Local Iteration  33: ||V_upper^k - V_upper^k-1||_inf = 0.03216510627589241889, ||V_lower^k - V_lower^k-1||_inf = 0.03439304528726044863, delta^k = -0.03439304528726044863
    Local Iteration  34: ||V_upper^k - V_upper^k-1||_inf = 0.03087850202485675766, ||V_lower^k - V_lower^k-1||_inf = 0.03301732347577002180, delta^k = -0.03301732347577002180
    Local Iteration  35: ||V_upper^k - V_upper^k-1||_inf = 0.02964336194386252288, ||V_lower^k - V_lower^k-1||_inf = 0.03169663053673921205, delta^k = -0.03169663053673921205
    Local Iteration  36: ||V_upper^k - V_upper^k-1||_inf = 0.02845762746610802640, ||V_lower^k - V_lower^k-1||_inf = 0.03042876531526966799, delta^k = -0.03042876531526966799
    Local Iteration  37: ||V_upper^k - V_upper^k-1||_inf = 0.02731932236746370535, ||V_lower^k - V_lower^k-1||_inf = 0.02921161470265887239, delta^k = -0.02921161470265887239
    Local Iteration  38: ||V_upper^k - V_upper^k-1||_inf = 0.02622654947276514825, ||V_lower^k - V_lower^k-1||_inf = 0.02804315011455249529, delta^k = -0.02804315011455249529
    Local Iteration  39: ||V_upper^k - V_upper^k-1||_inf = 0.02517748749385451124, ||V_lower^k - V_lower^k-1||_inf = 0.02692142410997039326, delta^k = -0.02692142410997039326
    Local Iteration  40: ||V_upper^k - V_upper^k-1||_inf = 0.02417038799410031746, ||V_lower^k - V_lower^k-1||_inf = 0.02584456714557159529, delta^k = -0.02584456714557159529
    Local Iteration  41: ||V_upper^k - V_upper^k-1||_inf = 0.02320357247433635361, ||V_lower^k - V_lower^k-1||_inf = 0.01952792329791630532, delta^k = -0.01952792329791630532
    Local Iteration  42: ||V_upper^k - V_upper^k-1||_inf = 0.02227542957536288171, ||V_lower^k - V_lower^k-1||_inf = 0.01874680636599962424, delta^k = -0.01874680636599962424
    Local Iteration  43: ||V_upper^k - V_upper^k-1||_inf = 0.02138441239234833979, ||V_lower^k - V_lower^k-1||_inf = 0.01508175211650764069, delta^k = -0.01508175211650764069
    Local Iteration  44: ||V_upper^k - V_upper^k-1||_inf = 0.02052903589665444617, ||V_lower^k - V_lower^k-1||_inf = 0.01447848203184737281, delta^k = -0.01447848203184737281
    Local Iteration  45: ||V_upper^k - V_upper^k-1||_inf = 0.01970787446078825500, ||V_lower^k - V_lower^k-1||_inf = 0.01389934275057347346, delta^k = -0.01389934275057347346
    Local Iteration  46: ||V_upper^k - V_upper^k-1||_inf = 0.01891955948235668483, ||V_lower^k - V_lower^k-1||_inf = 0.01334336904055050121, delta^k = -0.01334336904055050121
    Local Iteration  47: ||V_upper^k - V_upper^k-1||_inf = 0.01816277710306246629, ||V_lower^k - V_lower^k-1||_inf = 0.01280963427892850559, delta^k = -0.01280963427892850559
    Local Iteration  48: ||V_upper^k - V_upper^k-1||_inf = 0.01743626601893993877, ||V_lower^k - V_lower^k-1||_inf = 0.01229724890777134094, delta^k = -0.01229724890777134094
    Local Iteration  49: ||V_upper^k - V_upper^k-1||_inf = 0.01673881537818233678, ||V_lower^k - V_lower^k-1||_inf = 0.01180535895146050951, delta^k = -0.01180535895146050951
    Local Iteration  50: ||V_upper^k - V_upper^k-1||_inf = 0.01606926276305503665, ||V_lower^k - V_lower^k-1||_inf = 0.01133314459340206692, delta^k = -0.01133314459340206692
    Local Iteration  51: ||V_upper^k - V_upper^k-1||_inf = 0.01542649225253284184, ||V_lower^k - V_lower^k-1||_inf = 0.01087981880966598647, delta^k = -0.01087981880966598647
    Local Iteration  52: ||V_upper^k - V_upper^k-1||_inf = 0.01480943256243155703, ||V_lower^k - V_lower^k-1||_inf = 0.01044462605727936033, delta^k = -0.01044462605727936033
    Local Iteration  53: ||V_upper^k - V_upper^k-1||_inf = 0.01421705525993427477, ||V_lower^k - V_lower^k-1||_inf = 0.01002684101498818592, delta^k = -0.01002684101498818592
    Local Iteration  54: ||V_upper^k - V_upper^k-1||_inf = 0.01364837304953692154, ||V_lower^k - V_lower^k-1||_inf = 0.00962576737438866625, delta^k = -0.00962576737438866625
    Local Iteration  55: ||V_upper^k - V_upper^k-1||_inf = 0.01310243812755540471, ||V_lower^k - V_lower^k-1||_inf = 0.00924073667941310850, delta^k = -0.00924073667941310850
    Local Iteration  56: ||V_upper^k - V_upper^k-1||_inf = 0.01257834060245321961, ||V_lower^k - V_lower^k-1||_inf = 0.00887110721223657861, delta^k = -0.00887110721223657861
    Local Iteration  57: ||V_upper^k - V_upper^k-1||_inf = 0.01207520697835506862, ||V_lower^k - V_lower^k-1||_inf = 0.00851626292374713101, delta^k = -0.00851626292374713101
    Local Iteration  58: ||V_upper^k - V_upper^k-1||_inf = 0.01159219869922090140, ||V_lower^k - V_lower^k-1||_inf = 0.00817561240679723356, delta^k = -0.00817561240679723356
    Local Iteration  59: ||V_upper^k - V_upper^k-1||_inf = 0.01112851075125204092, ||V_lower^k - V_lower^k-1||_inf = 0.00784858791052533977, delta^k = -0.00784858791052533977
    Local Iteration  60: ||V_upper^k - V_upper^k-1||_inf = 0.00137530478679248613, ||V_lower^k - V_lower^k-1||_inf = 0.00753464439410433950, delta^k = -0.00753464439410433950
    Local Iteration  61: ||V_upper^k - V_upper^k-1||_inf = 0.00000000000000000000, ||V_lower^k - V_lower^k-1||_inf = 0.00723325861834017703, delta^k = -0.00723325861834017703
    Local Iteration  62: ||V_upper^k - V_upper^k-1||_inf = 0.00000000000000000000, ||V_lower^k - V_lower^k-1||_inf = 0.00694392827360656995, delta^k = -0.00694392827360656995
    Local Iteration  63: ||V_upper^k - V_upper^k-1||_inf = 0.00000000000000000000, ||V_lower^k - V_lower^k-1||_inf = 0.00666617114266229716, delta^k = -0.00666617114266229716
    Local Iteration  64: ||V_upper^k - V_upper^k-1||_inf = 0.00000000000000000000, ||V_lower^k - V_lower^k-1||_inf = 0.00639952429695581082, delta^k = -0.00639952429695581082
    Local Iteration  65: ||V_upper^k - V_upper^k-1||_inf = 0.00000000000000000000, ||V_lower^k - V_lower^k-1||_inf = 0.00614354332507757728, delta^k = -0.00614354332507757728
    Local Iteration  66: ||V_upper^k - V_upper^k-1||_inf = 0.00000000000000000000, ||V_lower^k - V_lower^k-1||_inf = 0.00589780159207445309, delta^k = -0.00589780159207445309
    Local Iteration  67: ||V_upper^k - V_upper^k-1||_inf = 0.00000000000000000000, ||V_lower^k - V_lower^k-1||_inf = 0.00566188952839150050, delta^k = -0.00566188952839150050
    Local Iteration  68: ||V_upper^k - V_upper^k-1||_inf = 0.00000000000000000000, ||V_lower^k - V_lower^k-1||_inf = 0.00543541394725582938, delta^k = -0.00543541394725582938
    Local Iteration  69: ||V_upper^k - V_upper^k-1||_inf = 0.00000000000000000000, ||V_lower^k - V_lower^k-1||_inf = 0.00521799738936559732, delta^k = -0.00521799738936559732
    Local Iteration  70: ||V_upper^k - V_upper^k-1||_inf = 0.00000000000000000000, ||V_lower^k - V_lower^k-1||_inf = 0.00500927749379097287, delta^k = -0.00500927749379097287
    Local Iteration  71: ||V_upper^k - V_upper^k-1||_inf = 0.00000000000000000000, ||V_lower^k - V_lower^k-1||_inf = 0.00480890639403933062, delta^k = -0.00480890639403933062
    Local Iteration  72: ||V_upper^k - V_upper^k-1||_inf = 0.00000000000000000000, ||V_lower^k - V_lower^k-1||_inf = 0.00461655013827776128, delta^k = -0.00461655013827776128
    Local Iteration  73: ||V_upper^k - V_upper^k-1||_inf = 0.00000000000000000000, ||V_lower^k - V_lower^k-1||_inf = 0.00443188813274664195, delta^k = -0.00443188813274664195
    Local Iteration  74: ||V_upper^k - V_upper^k-1||_inf = 0.00000000000000000000, ||V_lower^k - V_lower^k-1||_inf = 0.00425461260743678626, delta^k = -0.00425461260743678626
    Local Iteration  75: ||V_upper^k - V_upper^k-1||_inf = 0.00000000000000000000, ||V_lower^k - V_lower^k-1||_inf = 0.00408442810313930371, delta^k = -0.00408442810313930371
    Local Iteration  76: ||V_upper^k - V_upper^k-1||_inf = 0.00000000000000000000, ||V_lower^k - V_lower^k-1||_inf = 0.00392105097901374045, delta^k = -0.00392105097901374045
    Local Iteration  77: ||V_upper^k - V_upper^k-1||_inf = 0.00000000000000000000, ||V_lower^k - V_lower^k-1||_inf = 0.00376420893985318639, delta^k = -0.00376420893985318639
    Local Iteration  78: ||V_upper^k - V_upper^k-1||_inf = 0.00000000000000000000, ||V_lower^k - V_lower^k-1||_inf = 0.00361364058225906171, delta^k = -0.00361364058225906171
    Local Iteration  79: ||V_upper^k - V_upper^k-1||_inf = 0.00000000000000000000, ||V_lower^k - V_lower^k-1||_inf = 0.00346909495896870201, delta^k = -0.00346909495896870201
    Local Iteration  80: ||V_upper^k - V_upper^k-1||_inf = 0.00000000000000000000, ||V_lower^k - V_lower^k-1||_inf = 0.00333033116060994783, delta^k = -0.00333033116060994783
    Local Iteration  81: ||V_upper^k - V_upper^k-1||_inf = 0.00000000000000000000, ||V_lower^k - V_lower^k-1||_inf = 0.00319711791418554603, delta^k = -0.00319711791418554603
    Local Iteration  82: ||V_upper^k - V_upper^k-1||_inf = 0.00000000000000000000, ||V_lower^k - V_lower^k-1||_inf = 0.00306923319761813473, delta^k = -0.00306923319761813473
    Local Iteration  83: ||V_upper^k - V_upper^k-1||_inf = 0.00000000000000000000, ||V_lower^k - V_lower^k-1||_inf = 0.00294646386971340879, delta^k = -0.00294646386971340879
    Local Iteration  84: ||V_upper^k - V_upper^k-1||_inf = 0.00000000000000000000, ||V_lower^k - V_lower^k-1||_inf = 0.00282860531492486189, delta^k = -0.00282860531492486189
    Local Iteration  85: ||V_upper^k - V_upper^k-1||_inf = 0.00000000000000000000, ||V_lower^k - V_lower^k-1||_inf = 0.00271546110232787075, delta^k = -0.00271546110232787075
    Local Iteration  86: ||V_upper^k - V_upper^k-1||_inf = 0.00000000000000000000, ||V_lower^k - V_lower^k-1||_inf = 0.00260684265823475647, delta^k = -0.00260684265823475647
    Local Iteration  87: ||V_upper^k - V_upper^k-1||_inf = 0.00000000000000000000, ||V_lower^k - V_lower^k-1||_inf = 0.00250256895190537065, delta^k = -0.00250256895190537065
    Local Iteration  88: ||V_upper^k - V_upper^k-1||_inf = 0.00000000000000000000, ||V_lower^k - V_lower^k-1||_inf = 0.00240246619382915305, delta^k = -0.00240246619382915305
    Local Iteration  89: ||V_upper^k - V_upper^k-1||_inf = 0.00000000000000000000, ||V_lower^k - V_lower^k-1||_inf = 0.00230636754607598665, delta^k = -0.00230636754607598665
    Local Iteration  90: ||V_upper^k - V_upper^k-1||_inf = 0.00000000000000000000, ||V_lower^k - V_lower^k-1||_inf = 0.00221411284423294469, delta^k = -0.00221411284423294469
    Local Iteration  91: ||V_upper^k - V_upper^k-1||_inf = 0.00000000000000000000, ||V_lower^k - V_lower^k-1||_inf = 0.00212554833046362662, delta^k = -0.00212554833046362662
    Local Iteration  92: ||V_upper^k - V_upper^k-1||_inf = 0.00000000000000000000, ||V_lower^k - V_lower^k-1||_inf = 0.00204052639724508489, delta^k = -0.00204052639724508489
    Local Iteration  93: ||V_upper^k - V_upper^k-1||_inf = 0.00000000000000000000, ||V_lower^k - V_lower^k-1||_inf = 0.00195890534135528122, delta^k = -0.00195890534135528122
    Local Iteration  94: ||V_upper^k - V_upper^k-1||_inf = 0.00000000000000000000, ||V_lower^k - V_lower^k-1||_inf = 0.00188054912770106719, delta^k = -0.00188054912770106719
    Local Iteration  95: ||V_upper^k - V_upper^k-1||_inf = 0.00000000000000000000, ||V_lower^k - V_lower^k-1||_inf = 0.00180532716259302478, delta^k = -0.00180532716259302478
    Local Iteration  96: ||V_upper^k - V_upper^k-1||_inf = 0.00000000000000000000, ||V_lower^k - V_lower^k-1||_inf = 0.00173311407608930240, delta^k = -0.00173311407608930240
    Local Iteration  97: ||V_upper^k - V_upper^k-1||_inf = 0.00000000000000000000, ||V_lower^k - V_lower^k-1||_inf = 0.00166378951304572975, delta^k = -0.00166378951304572975
    Local Iteration  98: ||V_upper^k - V_upper^k-1||_inf = 0.00000000000000000000, ||V_lower^k - V_lower^k-1||_inf = 0.00159723793252390667, delta^k = -0.00159723793252390667
    Local Iteration  99: ||V_upper^k - V_upper^k-1||_inf = 0.00000000000000000000, ||V_lower^k - V_lower^k-1||_inf = 0.00153334841522295012, delta^k = -0.00153334841522295012
    Local Iteration 100: ||V_upper^k - V_upper^k-1||_inf = 0.00000000000000000000, ||V_lower^k - V_lower^k-1||_inf = 0.00147201447861403101, delta^k = -0.00147201447861403101
    Local Iteration 101: ||V_upper^k - V_upper^k-1||_inf = 0.00000000000000000000, ||V_lower^k - V_lower^k-1||_inf = 0.00141313389946946810, delta^k = -0.00141313389946946810
    Local Iteration 102: ||V_upper^k - V_upper^k-1||_inf = 0.00000000000000000000, ||V_lower^k - V_lower^k-1||_inf = 0.00135660854349069215, delta^k = -0.00135660854349069215
    Local Iteration 103: ||V_upper^k - V_upper^k-1||_inf = 0.00000000000000000000, ||V_lower^k - V_lower^k-1||_inf = 0.00130234420175106419, delta^k = -0.00130234420175106419
    Local Iteration 104: ||V_upper^k - V_upper^k-1||_inf = 0.00000000000000000000, ||V_lower^k - V_lower^k-1||_inf = 0.00125025043368101954, delta^k = -0.00125025043368101954
    Local Iteration 105: ||V_upper^k - V_upper^k-1||_inf = 0.00000000000000000000, ||V_lower^k - V_lower^k-1||_inf = 0.00120024041633377820, delta^k = -0.00120024041633377820
    Local Iteration 106: ||V_upper^k - V_upper^k-1||_inf = 0.00000000000000000000, ||V_lower^k - V_lower^k-1||_inf = 0.00115223079968042666, delta^k = -0.00115223079968042666
    Local Iteration 107: ||V_upper^k - V_upper^k-1||_inf = 0.00000000000000000000, ||V_lower^k - V_lower^k-1||_inf = 0.00110614156769320987, delta^k = -0.00110614156769320987
    Local Iteration 108: ||V_upper^k - V_upper^k-1||_inf = 0.00000000000000000000, ||V_lower^k - V_lower^k-1||_inf = 0.00106189590498548259, delta^k = -0.00106189590498548259
    Local Iteration 109: ||V_upper^k - V_upper^k-1||_inf = 0.00000000000000000000, ||V_lower^k - V_lower^k-1||_inf = 0.00101942006878606370, delta^k = -0.00101942006878606370
    Local Iteration 110: ||V_upper^k - V_upper^k-1||_inf = 0.00000000000000000000, ||V_lower^k - V_lower^k-1||_inf = 0.00097864326603461921, delta^k = -0.00097864326603461921
    Local Iteration 111: ||V_upper^k - V_upper^k-1||_inf = 0.00000000000000000000, ||V_lower^k - V_lower^k-1||_inf = 0.00093949753539323416, delta^k = -0.00093949753539323416
    Local Iteration 112: ||V_upper^k - V_upper^k-1||_inf = 0.00000000000000000000, ||V_lower^k - V_lower^k-1||_inf = 0.00090191763397750452, delta^k = -0.00090191763397750452
    Local Iteration 113: ||V_upper^k - V_upper^k-1||_inf = 0.00000000000000000000, ||V_lower^k - V_lower^k-1||_inf = 0.00086584092861840406, delta^k = -0.00086584092861840406
    Local Iteration 114: ||V_upper^k - V_upper^k-1||_inf = 0.00000000000000000000, ||V_lower^k - V_lower^k-1||_inf = 0.00083120729147366859, delta^k = -0.00083120729147366859
    Local Iteration 115: ||V_upper^k - V_upper^k-1||_inf = 0.00000000000000000000, ||V_lower^k - V_lower^k-1||_inf = 0.00079795899981472199, delta^k = -0.00079795899981472199
    Local Iteration 116: ||V_upper^k - V_upper^k-1||_inf = 0.00000000000000000000, ||V_lower^k - V_lower^k-1||_inf = 0.00076604063982213186, delta^k = -0.00076604063982213186
    Local Iteration 117: ||V_upper^k - V_upper^k-1||_inf = 0.00000000000000000000, ||V_lower^k - V_lower^k-1||_inf = 0.00073539901422924742, delta^k = -0.00073539901422924742
    Local Iteration 118: ||V_upper^k - V_upper^k-1||_inf = 0.00000000000000000000, ||V_lower^k - V_lower^k-1||_inf = 0.00070598305366007669, delta^k = -0.00070598305366007669
    Local Iteration 119: ||V_upper^k - V_upper^k-1||_inf = 0.00000000000000000000, ||V_lower^k - V_lower^k-1||_inf = 0.00067774373151367404, delta^k = -0.00067774373151367404
    Local Iteration 120: ||V_upper^k - V_upper^k-1||_inf = 0.00000000000000000000, ||V_lower^k - V_lower^k-1||_inf = 0.00065063398225312721, delta^k = -0.00065063398225312721
    Local Iteration 121: ||V_upper^k - V_upper^k-1||_inf = 0.00000000000000000000, ||V_lower^k - V_lower^k-1||_inf = 0.00062460862296300282, delta^k = -0.00062460862296300282
    Local Iteration 122: ||V_upper^k - V_upper^k-1||_inf = 0.00000000000000000000, ||V_lower^k - V_lower^k-1||_inf = 0.00059962427804448326, delta^k = -0.00059962427804448326
    Local Iteration 123: ||V_upper^k - V_upper^k-1||_inf = 0.00000000000000000000, ||V_lower^k - V_lower^k-1||_inf = 0.00057563930692270358, delta^k = -0.00057563930692270358
    Local Iteration 124: ||V_upper^k - V_upper^k-1||_inf = 0.00000000000000000000, ||V_lower^k - V_lower^k-1||_inf = 0.00055261373464579426, delta^k = -0.00055261373464579426
    Local Iteration 125: ||V_upper^k - V_upper^k-1||_inf = 0.00000000000000000000, ||V_lower^k - V_lower^k-1||_inf = 0.00053050918525996381, delta^k = -0.00053050918525996381
    Local Iteration 126: ||V_upper^k - V_upper^k-1||_inf = 0.00000000000000000000, ||V_lower^k - V_lower^k-1||_inf = 0.00050928881784956422, delta^k = -0.00050928881784956422
    Local Iteration 127: ||V_upper^k - V_upper^k-1||_inf = 0.00000000000000000000, ||V_lower^k - V_lower^k-1||_inf = 0.00048891726513558206, delta^k = -0.00048891726513558206
    Local Iteration 128: ||V_upper^k - V_upper^k-1||_inf = 0.00000000000000000000, ||V_lower^k - V_lower^k-1||_inf = 0.00046936057453015809, delta^k = -0.00046936057453015809
    Local Iteration 129: ||V_upper^k - V_upper^k-1||_inf = 0.00000000000000000000, ||V_lower^k - V_lower^k-1||_inf = 0.00045058615154895329, delta^k = -0.00045058615154895329
    Local Iteration 130: ||V_upper^k - V_upper^k-1||_inf = 0.00000000000000000000, ||V_lower^k - V_lower^k-1||_inf = 0.00043256270548699439, delta^k = -0.00043256270548699439
    Local Iteration 131: ||V_upper^k - V_upper^k-1||_inf = 0.00000000000000000000, ||V_lower^k - V_lower^k-1||_inf = 0.00041526019726751372, delta^k = -0.00041526019726751372
    Local Iteration 132: ||V_upper^k - V_upper^k-1||_inf = 0.00000000000000000000, ||V_lower^k - V_lower^k-1||_inf = 0.00039864978937681310, delta^k = -0.00039864978937681310
    Local Iteration 133: ||V_upper^k - V_upper^k-1||_inf = 0.00000000000000000000, ||V_lower^k - V_lower^k-1||_inf = 0.00038270379780174120, delta^k = -0.00038270379780174120
    Local Iteration 134: ||V_upper^k - V_upper^k-1||_inf = 0.00000000000000000000, ||V_lower^k - V_lower^k-1||_inf = 0.00036739564588967114, delta^k = -0.00036739564588967114
    Local Iteration 135: ||V_upper^k - V_upper^k-1||_inf = 0.00000000000000000000, ||V_lower^k - V_lower^k-1||_inf = 0.00035269982005408512, delta^k = -0.00035269982005408512
    Local Iteration 136: ||V_upper^k - V_upper^k-1||_inf = 0.00000000000000000000, ||V_lower^k - V_lower^k-1||_inf = 0.00033859182725192068, delta^k = -0.00033859182725192068
    Local Iteration 137: ||V_upper^k - V_upper^k-1||_inf = 0.00000000000000000000, ||V_lower^k - V_lower^k-1||_inf = 0.00032504815416184440, delta^k = -0.00032504815416184440
    Local Iteration 138: ||V_upper^k - V_upper^k-1||_inf = 0.00000000000000000000, ||V_lower^k - V_lower^k-1||_inf = 0.00031204622799537070, delta^k = -0.00031204622799537070
    Local Iteration 139: ||V_upper^k - V_upper^k-1||_inf = 0.00000000000000000000, ||V_lower^k - V_lower^k-1||_inf = 0.00029956437887555636, delta^k = -0.00029956437887555636
    Local Iteration 140: ||V_upper^k - V_upper^k-1||_inf = 0.00000000000000000000, ||V_lower^k - V_lower^k-1||_inf = 0.00028758180372053400, delta^k = -0.00028758180372053400
    Local Iteration 141: ||V_upper^k - V_upper^k-1||_inf = 0.00000000000000000000, ||V_lower^k - V_lower^k-1||_inf = 0.00027607853157171278, delta^k = -0.00027607853157171278
    Local Iteration 142: ||V_upper^k - V_upper^k-1||_inf = 0.00000000000000000000, ||V_lower^k - V_lower^k-1||_inf = 0.00026503539030884368, delta^k = -0.00026503539030884368
    Local Iteration 143: ||V_upper^k - V_upper^k-1||_inf = 0.00000000000000000000, ||V_lower^k - V_lower^k-1||_inf = 0.00025443397469649028, delta^k = -0.00025443397469649028
    Local Iteration 144: ||V_upper^k - V_upper^k-1||_inf = 0.00000000000000000000, ||V_lower^k - V_lower^k-1||_inf = 0.00024425661570863077, delta^k = -0.00024425661570863077
    Local Iteration 145: ||V_upper^k - V_upper^k-1||_inf = 0.00000000000000000000, ||V_lower^k - V_lower^k-1||_inf = 0.00023448635108028540, delta^k = -0.00023448635108028540
    Local Iteration 146: ||V_upper^k - V_upper^k-1||_inf = 0.00000000000000000000, ||V_lower^k - V_lower^k-1||_inf = 0.00022510689703707405, delta^k = -0.00022510689703707405
    Local Iteration 147: ||V_upper^k - V_upper^k-1||_inf = 0.00000000000000000000, ||V_lower^k - V_lower^k-1||_inf = 0.00021610262115559064, delta^k = -0.00021610262115559064
    Local Iteration 148: ||V_upper^k - V_upper^k-1||_inf = 0.00000000000000000000, ||V_lower^k - V_lower^k-1||_inf = 0.00020745851630936743, delta^k = -0.00020745851630936743
    Local Iteration 149: ||V_upper^k - V_upper^k-1||_inf = 0.00000000000000000000, ||V_lower^k - V_lower^k-1||_inf = 0.00019916017565699273, delta^k = -0.00019916017565699273
    Local Iteration 150: ||V_upper^k - V_upper^k-1||_inf = 0.00000000000000000000, ||V_lower^k - V_lower^k-1||_inf = 0.00019119376863071299, delta^k = -0.00019119376863071299
    Local Iteration 151: ||V_upper^k - V_upper^k-1||_inf = 0.00000000000000000000, ||V_lower^k - V_lower^k-1||_inf = 0.00018354601788548447, delta^k = -0.00018354601788548447
    Local Iteration 152: ||V_upper^k - V_upper^k-1||_inf = 0.00000000000000000000, ||V_lower^k - V_lower^k-1||_inf = 0.00017620417717006519, delta^k = -0.00017620417717006519
    Local Iteration 153: ||V_upper^k - V_upper^k-1||_inf = 0.00000000000000000000, ||V_lower^k - V_lower^k-1||_inf = 0.00016915601008326252, delta^k = -0.00016915601008326252
    Local Iteration 154: ||V_upper^k - V_upper^k-1||_inf = 0.00000000000000000000, ||V_lower^k - V_lower^k-1||_inf = 0.00016238976967993153, delta^k = -0.00016238976967993153
    Local Iteration 155: ||V_upper^k - V_upper^k-1||_inf = 0.00000000000000000000, ||V_lower^k - V_lower^k-1||_inf = 0.00015589417889273456, delta^k = -0.00015589417889273456
    Local Iteration 156: ||V_upper^k - V_upper^k-1||_inf = 0.00000000000000000000, ||V_lower^k - V_lower^k-1||_inf = 0.00014965841173702511, delta^k = -0.00014965841173702511
    Local Iteration 157: ||V_upper^k - V_upper^k-1||_inf = 0.00000000000000000000, ||V_lower^k - V_lower^k-1||_inf = 0.00014367207526754400, delta^k = -0.00014367207526754400
    Local Iteration 158: ||V_upper^k - V_upper^k-1||_inf = 0.00000000000000000000, ||V_lower^k - V_lower^k-1||_inf = 0.00013792519225684250, delta^k = -0.00013792519225684250
    Local Iteration 159: ||V_upper^k - V_upper^k-1||_inf = 0.00000000000000000000, ||V_lower^k - V_lower^k-1||_inf = 0.00013240818456656872, delta^k = -0.00013240818456656872
    Local Iteration 160: ||V_upper^k - V_upper^k-1||_inf = 0.00000000000000000000, ||V_lower^k - V_lower^k-1||_inf = 0.00012711185718390595, delta^k = -0.00012711185718390595
    Local Iteration 161: ||V_upper^k - V_upper^k-1||_inf = 0.00000000000000000000, ||V_lower^k - V_lower^k-1||_inf = 0.00012202738289654978, delta^k = -0.00012202738289654978
    Local Iteration 162: ||V_upper^k - V_upper^k-1||_inf = 0.00000000000000000000, ||V_lower^k - V_lower^k-1||_inf = 0.00011714628758068783, delta^k = -0.00011714628758068783
    Local Iteration 163: ||V_upper^k - V_upper^k-1||_inf = 0.00000000000000000000, ||V_lower^k - V_lower^k-1||_inf = 0.00011246043607746016, delta^k = -0.00011246043607746016
    Local Iteration 164: ||V_upper^k - V_upper^k-1||_inf = 0.00000000000000000000, ||V_lower^k - V_lower^k-1||_inf = 0.00010796201863436149, delta^k = -0.00010796201863436149
    Local Iteration 165: ||V_upper^k - V_upper^k-1||_inf = 0.00000000000000000000, ||V_lower^k - V_lower^k-1||_inf = 0.00010364353788898731, delta^k = -0.00010364353788898731
    Local Iteration 166: ||V_upper^k - V_upper^k-1||_inf = 0.00000000000000000000, ||V_lower^k - V_lower^k-1||_inf = 0.00009949779637342775, delta^k = -0.00009949779637342775
    Local Iteration 167: ||V_upper^k - V_upper^k-1||_inf = 0.00000000000000000000, ||V_lower^k - V_lower^k-1||_inf = 0.00009551788451849083, delta^k = -0.00009551788451849083
    Local Iteration 168: ||V_upper^k - V_upper^k-1||_inf = 0.00000000000000000000, ||V_lower^k - V_lower^k-1||_inf = 0.00009169716913775107, delta^k = -0.00009169716913775107
    Local Iteration 169: ||V_upper^k - V_upper^k-1||_inf = 0.00000000000000000000, ||V_lower^k - V_lower^k-1||_inf = 0.00008802928237224093, delta^k = -0.00008802928237224093
    Local Iteration 170: ||V_upper^k - V_upper^k-1||_inf = 0.00000000000000000000, ||V_lower^k - V_lower^k-1||_inf = 0.00008450811107735138, delta^k = -0.00008450811107735138
    Local Iteration 171: ||V_upper^k - V_upper^k-1||_inf = 0.00000000000000000000, ||V_lower^k - V_lower^k-1||_inf = 0.00008112778663425715, delta^k = -0.00008112778663425715
    Local Iteration 172: ||V_upper^k - V_upper^k-1||_inf = 0.00000000000000000000, ||V_lower^k - V_lower^k-1||_inf = 0.00007788267516888698, delta^k = -0.00007788267516888698
    Local Iteration 173: ||V_upper^k - V_upper^k-1||_inf = 0.00000000000000000000, ||V_lower^k - V_lower^k-1||_inf = 0.00007476736816213153, delta^k = -0.00007476736816213153
    Local Iteration 174: ||V_upper^k - V_upper^k-1||_inf = 0.00000000000000000000, ||V_lower^k - V_lower^k-1||_inf = 0.00007177667343564618, delta^k = -0.00007177667343564618
    Local Iteration 175: ||V_upper^k - V_upper^k-1||_inf = 0.00000000000000000000, ||V_lower^k - V_lower^k-1||_inf = 0.00006890560649822032, delta^k = -0.00006890560649822032
    Local Iteration 176: ||V_upper^k - V_upper^k-1||_inf = 0.00000000000000000000, ||V_lower^k - V_lower^k-1||_inf = 0.00006614938223829152, delta^k = -0.00006614938223829152
    Local Iteration 177: ||V_upper^k - V_upper^k-1||_inf = 0.00000000000000000000, ||V_lower^k - V_lower^k-1||_inf = 0.00006350340694875997, delta^k = -0.00006350340694875997
    Local Iteration 178: ||V_upper^k - V_upper^k-1||_inf = 0.00000000000000000000, ||V_lower^k - V_lower^k-1||_inf = 0.00006096327067080937, delta^k = -0.00006096327067080937
    Local Iteration 179: ||V_upper^k - V_upper^k-1||_inf = 0.00000000000000000000, ||V_lower^k - V_lower^k-1||_inf = 0.00005852473984397700, delta^k = -0.00005852473984397700
    Local Iteration 180: ||V_upper^k - V_upper^k-1||_inf = 0.00000000000000000000, ||V_lower^k - V_lower^k-1||_inf = 0.00005618375025021809, delta^k = -0.00005618375025021809
    Local Iteration 181: ||V_upper^k - V_upper^k-1||_inf = 0.00000000000000000000, ||V_lower^k - V_lower^k-1||_inf = 0.00005393640024020934, delta^k = -0.00005393640024020934
    Local Iteration 182: ||V_upper^k - V_upper^k-1||_inf = 0.00000000000000000000, ||V_lower^k - V_lower^k-1||_inf = 0.00005177894423060098, delta^k = -0.00005177894423060098
    Local Iteration 183: ||V_upper^k - V_upper^k-1||_inf = 0.00000000000000000000, ||V_lower^k - V_lower^k-1||_inf = 0.00004970778646137689, delta^k = -0.00004970778646137689
    Local Iteration 184: ||V_upper^k - V_upper^k-1||_inf = 0.00000000000000000000, ||V_lower^k - V_lower^k-1||_inf = 0.00004771947500292186, delta^k = -0.00004771947500292186
    Local Iteration 185: ||V_upper^k - V_upper^k-1||_inf = 0.00000000000000000000, ||V_lower^k - V_lower^k-1||_inf = 0.00004581069600280495, delta^k = -0.00004581069600280495
    Local Iteration 186: ||V_upper^k - V_upper^k-1||_inf = 0.00000000000000000000, ||V_lower^k - V_lower^k-1||_inf = 0.00004253145677879269, delta^k = -0.00004253145677879269
    Local Iteration 187: ||V_upper^k - V_upper^k-1||_inf = 0.00000000000000000000, ||V_lower^k - V_lower^k-1||_inf = 0.00004083019850764083, delta^k = -0.00004083019850764083
    Local Iteration 188: ||V_upper^k - V_upper^k-1||_inf = 0.00000000000000000000, ||V_lower^k - V_lower^k-1||_inf = 0.00003919699056733521, delta^k = -0.00003919699056733521
    Local Iteration 189: ||V_upper^k - V_upper^k-1||_inf = 0.00000000000000000000, ||V_lower^k - V_lower^k-1||_inf = 0.00003762911094464189, delta^k = -0.00003762911094464189
    Local Iteration 190: ||V_upper^k - V_upper^k-1||_inf = 0.00000000000000000000, ||V_lower^k - V_lower^k-1||_inf = 0.00003612394650685617, delta^k = -0.00003612394650685617
    Local Iteration 191: ||V_upper^k - V_upper^k-1||_inf = 0.00000000000000000000, ||V_lower^k - V_lower^k-1||_inf = 0.00003467898864658193, delta^k = -0.00003467898864658193
    Local Iteration 192: ||V_upper^k - V_upper^k-1||_inf = 0.00000000000000000000, ||V_lower^k - V_lower^k-1||_inf = 0.00003329182910071860, delta^k = -0.00003329182910071860
    Local Iteration 193: ||V_upper^k - V_upper^k-1||_inf = 0.00000000000000000000, ||V_lower^k - V_lower^k-1||_inf = 0.00003196015593668992, delta^k = -0.00003196015593668992
    Local Iteration 194: ||V_upper^k - V_upper^k-1||_inf = 0.00000000000000000000, ||V_lower^k - V_lower^k-1||_inf = 0.00003068174969922226, delta^k = -0.00003068174969922226
    Local Iteration 195: ||V_upper^k - V_upper^k-1||_inf = 0.00000000000000000000, ||V_lower^k - V_lower^k-1||_inf = 0.00002945447971125341, delta^k = -0.00002945447971125341
    Local Iteration 196: ||V_upper^k - V_upper^k-1||_inf = 0.00000000000000000000, ||V_lower^k - V_lower^k-1||_inf = 0.00002827630052280330, delta^k = -0.00002827630052280330
    Local Iteration 197: ||V_upper^k - V_upper^k-1||_inf = 0.00000000000000000000, ||V_lower^k - V_lower^k-1||_inf = 0.00002714524850189117, delta^k = -0.00002714524850189117
    Local Iteration 198: ||V_upper^k - V_upper^k-1||_inf = 0.00000000000000000000, ||V_lower^k - V_lower^k-1||_inf = 0.00002605943856181549, delta^k = -0.00002605943856181549
    Local Iteration 199: ||V_upper^k - V_upper^k-1||_inf = 0.00000000000000000000, ||V_lower^k - V_lower^k-1||_inf = 0.00002501706101934291, delta^k = -0.00002501706101934291
    Local Iteration 200: ||V_upper^k - V_upper^k-1||_inf = 0.00000000000000000000, ||V_lower^k - V_lower^k-1||_inf = 0.00002401637857856918, delta^k = -0.00002401637857856918
    Local Iteration 201: ||V_upper^k - V_upper^k-1||_inf = 0.00000000000000000000, ||V_lower^k - V_lower^k-1||_inf = 0.00002305572343542638, delta^k = -0.00002305572343542638
    Local Iteration 202: ||V_upper^k - V_upper^k-1||_inf = 0.00000000000000000000, ||V_lower^k - V_lower^k-1||_inf = 0.00002213349449800930, delta^k = -0.00002213349449800930
    Local Iteration 203: ||V_upper^k - V_upper^k-1||_inf = 0.00000000000000000000, ||V_lower^k - V_lower^k-1||_inf = 0.00002124815471808900, delta^k = -0.00002124815471808900
    Local Iteration 204: ||V_upper^k - V_upper^k-1||_inf = 0.00000000000000000000, ||V_lower^k - V_lower^k-1||_inf = 0.00002039822852936538, delta^k = -0.00002039822852936538
    Local Iteration 205: ||V_upper^k - V_upper^k-1||_inf = 0.00000000000000000000, ||V_lower^k - V_lower^k-1||_inf = 0.00001958229938819076, delta^k = -0.00001958229938819076
    Local Iteration 206: ||V_upper^k - V_upper^k-1||_inf = 0.00000000000000000000, ||V_lower^k - V_lower^k-1||_inf = 0.00001879900741266316, delta^k = -0.00001879900741266316
    Local Iteration 207: ||V_upper^k - V_upper^k-1||_inf = 0.00000000000000000000, ||V_lower^k - V_lower^k-1||_inf = 0.00001804704711615661, delta^k = -0.00001804704711615661
    Local Iteration 208: ||V_upper^k - V_upper^k-1||_inf = 0.00000000000000000000, ||V_lower^k - V_lower^k-1||_inf = 0.00001732516523151033, delta^k = -0.00001732516523151033
    Local Iteration 209: ||V_upper^k - V_upper^k-1||_inf = 0.00000000000000000000, ||V_lower^k - V_lower^k-1||_inf = 0.00001663215862224992, delta^k = -0.00001663215862224992
    Local Iteration 210: ||V_upper^k - V_upper^k-1||_inf = 0.00000000000000000000, ||V_lower^k - V_lower^k-1||_inf = 0.00001596687227735995, delta^k = -0.00001596687227735995
    Local Iteration 211: ||V_upper^k - V_upper^k-1||_inf = 0.00000000000000000000, ||V_lower^k - V_lower^k-1||_inf = 0.00001532819738626554, delta^k = -0.00001532819738626554
    Local Iteration 212: ||V_upper^k - V_upper^k-1||_inf = 0.00000000000000000000, ||V_lower^k - V_lower^k-1||_inf = 0.00001471506949081490, delta^k = -0.00001471506949081490
    Local Iteration 213: ||V_upper^k - V_upper^k-1||_inf = 0.00000000000000000000, ||V_lower^k - V_lower^k-1||_inf = 0.00001412646671118234, delta^k = -0.00001412646671118234
    Local Iteration 214: ||V_upper^k - V_upper^k-1||_inf = 0.00000000000000000000, ||V_lower^k - V_lower^k-1||_inf = 0.00001356140804273506, delta^k = -0.00001356140804273506
    Local Iteration 215: ||V_upper^k - V_upper^k-1||_inf = 0.00000000000000000000, ||V_lower^k - V_lower^k-1||_inf = 0.00001301895172102561, delta^k = -0.00001301895172102561
    Local Iteration 216: ||V_upper^k - V_upper^k-1||_inf = 0.00000000000000000000, ||V_lower^k - V_lower^k-1||_inf = 0.00001249819365218462, delta^k = -0.00001249819365218462
    Local Iteration 217: ||V_upper^k - V_upper^k-1||_inf = 0.00000000000000000000, ||V_lower^k - V_lower^k-1||_inf = 0.00001199826590609721, delta^k = -0.00001199826590609721
    Local Iteration 218: ||V_upper^k - V_upper^k-1||_inf = 0.00000000000000000000, ||V_lower^k - V_lower^k-1||_inf = 0.00001151833526985335, delta^k = -0.00001151833526985335
    Local Iteration 219: ||V_upper^k - V_upper^k-1||_inf = 0.00000000000000000000, ||V_lower^k - V_lower^k-1||_inf = 0.00001105760185905920, delta^k = -0.00001105760185905920
    Local Iteration 220: ||V_upper^k - V_upper^k-1||_inf = 0.00000000000000000000, ||V_lower^k - V_lower^k-1||_inf = 0.00001061529778469681, delta^k = -0.00001061529778469681
    Local Iteration 221: ||V_upper^k - V_upper^k-1||_inf = 0.00000000000000000000, ||V_lower^k - V_lower^k-1||_inf = 0.00001019068587330898, delta^k = -0.00001019068587330898
    Local Iteration 222: ||V_upper^k - V_upper^k-1||_inf = 0.00000000000000000000, ||V_lower^k - V_lower^k-1||_inf = 0.00000978305843837659, delta^k = -0.00000978305843837659
    Local Iteration 223: ||V_upper^k - V_upper^k-1||_inf = 0.00000000000000000000, ||V_lower^k - V_lower^k-1||_inf = 0.00000939173610084153, delta^k = -0.00000939173610084153
    Local Iteration 224: ||V_upper^k - V_upper^k-1||_inf = 0.00000000000000000000, ||V_lower^k - V_lower^k-1||_inf = 0.00000901606665680788, delta^k = -0.00000901606665680788
    Local Iteration 225: ||V_upper^k - V_upper^k-1||_inf = 0.00000000000000000000, ||V_lower^k - V_lower^k-1||_inf = 0.00000865542399053554, delta^k = -0.00000865542399053554
    Local Iteration 226: ||V_upper^k - V_upper^k-1||_inf = 0.00000000000000000000, ||V_lower^k - V_lower^k-1||_inf = 0.00000830920703091413, delta^k = -0.00000830920703091413
    Local Iteration 227: ||V_upper^k - V_upper^k-1||_inf = 0.00000000000000000000, ||V_lower^k - V_lower^k-1||_inf = 0.00000797683874967757, delta^k = -0.00000797683874967757
    Local Iteration 228: ||V_upper^k - V_upper^k-1||_inf = 0.00000000000000000000, ||V_lower^k - V_lower^k-1||_inf = 0.00000765776519969047, delta^k = -0.00000765776519969047
    Local Iteration 229: ||V_upper^k - V_upper^k-1||_inf = 0.00000000000000000000, ||V_lower^k - V_lower^k-1||_inf = 0.00000735145459170285, delta^k = -0.00000735145459170285
    Local Iteration 230: ||V_upper^k - V_upper^k-1||_inf = 0.00000000000000000000, ||V_lower^k - V_lower^k-1||_inf = 0.00000705739640803472, delta^k = -0.00000705739640803472
    Local Iteration 231: ||V_upper^k - V_upper^k-1||_inf = 0.00000000000000000000, ||V_lower^k - V_lower^k-1||_inf = 0.00000677510055171335, delta^k = -0.00000677510055171335
    Local Iteration 232: ||V_upper^k - V_upper^k-1||_inf = 0.00000000000000000000, ||V_lower^k - V_lower^k-1||_inf = 0.00000650409652964480, delta^k = -0.00000650409652964480
    Local Iteration 233: ||V_upper^k - V_upper^k-1||_inf = 0.00000000000000000000, ||V_lower^k - V_lower^k-1||_inf = 0.00000624393266845903, delta^k = -0.00000624393266845903
    Local Iteration 234: ||V_upper^k - V_upper^k-1||_inf = 0.00000000000000000000, ||V_lower^k - V_lower^k-1||_inf = 0.00000599417536172067, delta^k = -0.00000599417536172067
    Local Iteration 235: ||V_upper^k - V_upper^k-1||_inf = 0.00000000000000000000, ||V_lower^k - V_lower^k-1||_inf = 0.00000575440834725183, delta^k = -0.00000575440834725183
    Local Iteration 236: ||V_upper^k - V_upper^k-1||_inf = 0.00000000000000000000, ||V_lower^k - V_lower^k-1||_inf = 0.00000552423201336175, delta^k = -0.00000552423201336175
    Local Iteration 237: ||V_upper^k - V_upper^k-1||_inf = 0.00000000000000000000, ||V_lower^k - V_lower^k-1||_inf = 0.00000530326273282729, delta^k = -0.00000530326273282729
    Local Iteration 238: ||V_upper^k - V_upper^k-1||_inf = 0.00000000000000000000, ||V_lower^k - V_lower^k-1||_inf = 0.00000277894750287072, delta^k = -0.00000277894750287072
    Local Iteration 239: ||V_upper^k - V_upper^k-1||_inf = 0.00000000000000000000, ||V_lower^k - V_lower^k-1||_inf = 0.00000000000000000000, delta^k = 0.00000000000000000000

============================================================
 CONSERVATIVE STOPPING CONDITION MET (Algorithm 3)
============================================================
  delta^k = 0.0000000000e+00 >= -delta_max
  ||V_upper^k - V_upper^k-1||_inf = 0.0000000000e+00 < 1e-08
  eps_cons = (0.96 * 0.0000000000e+00) / 0.04 = 0.0000000000e+00
  Correcting V_lower for 2524928 cells: V_lower <- V_lower - eps_cons - eps_machine
   Conservative correction applied successfully
  Machine epsilon eps_machine = 2.220e-16
    Local VI completed in 239 iterations
    Final convergence values:
      ||V_upper^final - V_upper^prev||_inf = 0.00000000e+00
      ||V_lower^final - V_lower^prev||_inf = 0.00000000e+00
  Local VI completed in 239 iterations, time: 48.250s
    Final ||V_upper^k - V_upper^k-1||_inf = 0.00000000000000000000e+00
    Final ||V_lower^k - V_lower^k-1||_inf = 0.00000000000000000000e+00
  Saved visualization: /Users/i.k.tabbara/Documents/python directory/HSCC_2027/refactored_Implementations/results_hscc_2027_newbellmans_12workers/ra_discount/double_integrator_res10_eps0.05_dmin1e-08_dmax1e-08_gamma0.96_dt0.3_tau0.3_cons/value_function_phase_10_complete.png
  Phase 10 completed in 49.92s with 2524928 leaf cells

Classification after phase 10:
  Safe:          1188948 cells ( 47.1%),   71.3% of state space
  Unsafe:         125544 cells (  5.0%),   16.8% of state space
  Unclassified:  1210436 cells ( 47.9%),   11.8% of state space

======================================================================
REFINEMENT PHASE 11
======================================================================
Boundary cells: 1210436
  Refinable (>eta_min=0.017678): 1210436
  Below threshold: 0
  Cumulative refined: 2514928
  Refinable cell size statistics:
    Max:    0.075000
    Mean:   0.075000
    Min:    0.075000
    Median: 0.075000
  Refining 1210436 cells...
    Refined: 1210436 parent cells
    Created: 2420872 child cells
    Total cells: 3735364
    Refinement time: 0.160s
    Cumulative refined: 3725364
  Rebuilding spatial index...
  Building spatial index for 3735364 cells...
   Spatial index built in 1.24s
    Spatial index rebuilt in 1.238s
  Initializing 2420872 new cells...
  Initializing 2420872 new cells in parallel...
   Initialized in 0.01s (361558004.6 cells/s)
    Initialization completed in 0.007s
  Starting local value iteration...
  Reinitializing ALL 3735364 cells (V = l)
   Reinitialized 3735364 cells in 0.01s (267709650.7 cells/s)
  Local VI: updating all 3735364 cells
    Conservative mode: True
    delta_max: 1e-08
    Max iterations: 20000
    Updating successor cache for 2420872 updated cells...
    Updating successor cache for 2420872 new cells (HYBRID)...
      Affected cells: 3126622
   Trajectories + spatial queries computed in 20.13s (1397631.4 tasks/s)
    Breakdown: 9.4% ODE, 90.6% queries
     Cache updated in 22.27s (1263821.2 tasks/s)
    Local Iteration   1: ||V_upper^k - V_upper^k-1||_inf = 3.93799602617861266296, ||V_lower^k - V_lower^k-1||_inf = 3.80985383410615829902, delta^k = -3.80985383410615829902
    Local Iteration   2: ||V_upper^k - V_upper^k-1||_inf = 3.77207197250227554974, ||V_lower^k - V_lower^k-1||_inf = 3.55563682400336222855, delta^k = -3.55563682400336222855
    Local Iteration   3: ||V_upper^k - V_upper^k-1||_inf = 3.52426908095487245731, ||V_lower^k - V_lower^k-1||_inf = 3.34058279030252780473, delta^k = -3.34058279030252780473
    Local Iteration   4: ||V_upper^k - V_upper^k-1||_inf = 0.10545953061076840385, ||V_lower^k - V_lower^k-1||_inf = 2.96796452146027522900, delta^k = -2.96796452146027522900
    Local Iteration   5: ||V_upper^k - V_upper^k-1||_inf = 0.10091547553428936723, ||V_lower^k - V_lower^k-1||_inf = 0.53814392658416032589, delta^k = -0.53814392658416032589
    Local Iteration   6: ||V_upper^k - V_upper^k-1||_inf = 0.09687885651291772149, ||V_lower^k - V_lower^k-1||_inf = 0.33393310262414743761, delta^k = -0.33393310262414743761
    Local Iteration   7: ||V_upper^k - V_upper^k-1||_inf = 0.09300370225240106592, ||V_lower^k - V_lower^k-1||_inf = 0.30523753558254840268, delta^k = -0.30523753558254840268
    Local Iteration   8: ||V_upper^k - V_upper^k-1||_inf = 0.08928355416230493447, ||V_lower^k - V_lower^k-1||_inf = 0.23290639100161214525, delta^k = -0.23290639100161214525
    Local Iteration   9: ||V_upper^k - V_upper^k-1||_inf = 0.08571221199581291472, ||V_lower^k - V_lower^k-1||_inf = 0.09582135689861326355, delta^k = -0.09582135689861326355
    Local Iteration  10: ||V_upper^k - V_upper^k-1||_inf = 0.08228372351598034484, ||V_lower^k - V_lower^k-1||_inf = 0.09198850262266877742, delta^k = -0.09198850262266877742
    Local Iteration  11: ||V_upper^k - V_upper^k-1||_inf = 0.07899237457534113993, ||V_lower^k - V_lower^k-1||_inf = 0.08637143451328421762, delta^k = -0.08637143451328421762
    Local Iteration  12: ||V_upper^k - V_upper^k-1||_inf = 0.07583267959232742328, ||V_lower^k - V_lower^k-1||_inf = 0.08291657713275291108, delta^k = -0.08291657713275291108
    Local Iteration  13: ||V_upper^k - V_upper^k-1||_inf = 0.07279937240863443293, ||V_lower^k - V_lower^k-1||_inf = 0.07959991404744282129, delta^k = -0.07959991404744282129
    Local Iteration  14: ||V_upper^k - V_upper^k-1||_inf = 0.06988739751228889574, ||V_lower^k - V_lower^k-1||_inf = 0.07641591748554499297, delta^k = -0.07641591748554499297
    Local Iteration  15: ||V_upper^k - V_upper^k-1||_inf = 0.06709190161179745537, ||V_lower^k - V_lower^k-1||_inf = 0.07335928078612297121, delta^k = -0.07335928078612297121
    Local Iteration  16: ||V_upper^k - V_upper^k-1||_inf = 0.06440822554732550387, ||V_lower^k - V_lower^k-1||_inf = 0.07042490955467806124, delta^k = -0.07042490955467806124
    Local Iteration  17: ||V_upper^k - V_upper^k-1||_inf = 0.06183189652543252812, ||V_lower^k - V_lower^k-1||_inf = 0.06760791317249104093, delta^k = -0.06760791317249104093
    Local Iteration  18: ||V_upper^k - V_upper^k-1||_inf = 0.05935862066441521812, ||V_lower^k - V_lower^k-1||_inf = 0.06490359664559131048, delta^k = -0.06490359664559131048
    Local Iteration  19: ||V_upper^k - V_upper^k-1||_inf = 0.05698427583783871597, ||V_lower^k - V_lower^k-1||_inf = 0.06230745277976756924, delta^k = -0.06230745277976756924
    Local Iteration  20: ||V_upper^k - V_upper^k-1||_inf = 0.05470490480432510516, ||V_lower^k - V_lower^k-1||_inf = 0.05981515466857689756, delta^k = -0.05981515466857689756
    Local Iteration  21: ||V_upper^k - V_upper^k-1||_inf = 0.05251670861215207431, ||V_lower^k - V_lower^k-1||_inf = 0.05742254848183381277, delta^k = -0.05742254848183381277
    Local Iteration  22: ||V_upper^k - V_upper^k-1||_inf = 0.05041604026766588476, ||V_lower^k - V_lower^k-1||_inf = 0.05512564654256046914, delta^k = -0.05512564654256046914
    Local Iteration  23: ||V_upper^k - V_upper^k-1||_inf = 0.04839939865695930266, ||V_lower^k - V_lower^k-1||_inf = 0.05292062068085812143, delta^k = -0.05292062068085812143
    Local Iteration  24: ||V_upper^k - V_upper^k-1||_inf = 0.04646342271068104601, ||V_lower^k - V_lower^k-1||_inf = 0.05080379585362382322, delta^k = -0.05080379585362382322
    Local Iteration  25: ||V_upper^k - V_upper^k-1||_inf = 0.04460488580225363542, ||V_lower^k - V_lower^k-1||_inf = 0.04877164401947886585, delta^k = -0.04877164401947886585
    Local Iteration  26: ||V_upper^k - V_upper^k-1||_inf = 0.04282069037016356106, ||V_lower^k - V_lower^k-1||_inf = 0.04682077825869968013, delta^k = -0.04682077825869968013
    Local Iteration  27: ||V_upper^k - V_upper^k-1||_inf = 0.04110786275535704970, ||V_lower^k - V_lower^k-1||_inf = 0.04494794712835170625, delta^k = -0.04494794712835170625
    Local Iteration  28: ||V_upper^k - V_upper^k-1||_inf = 0.03946354824514275439, ||V_lower^k - V_lower^k-1||_inf = 0.04315002924321764688, delta^k = -0.04315002924321764688
    Local Iteration  29: ||V_upper^k - V_upper^k-1||_inf = 0.03788500631533697760, ||V_lower^k - V_lower^k-1||_inf = 0.04142402807348899429, delta^k = -0.04142402807348899429
    Local Iteration  30: ||V_upper^k - V_upper^k-1||_inf = 0.03636960606272354735, ||V_lower^k - V_lower^k-1||_inf = 0.03976706695054943452, delta^k = -0.03976706695054943452
    Local Iteration  31: ||V_upper^k - V_upper^k-1||_inf = 0.03491482182021454772, ||V_lower^k - V_lower^k-1||_inf = 0.03817638427252745270, delta^k = -0.03817638427252745270
    Local Iteration  32: ||V_upper^k - V_upper^k-1||_inf = 0.03351822894740597025, ||V_lower^k - V_lower^k-1||_inf = 0.03664932890162642121, delta^k = -0.03664932890162642121
    Local Iteration  33: ||V_upper^k - V_upper^k-1||_inf = 0.03217749978950978917, ||V_lower^k - V_lower^k-1||_inf = 0.03518335574556130663, delta^k = -0.03518335574556130663
    Local Iteration  34: ||V_upper^k - V_upper^k-1||_inf = 0.03089039979792940205, ||V_lower^k - V_lower^k-1||_inf = 0.03377602151573888545, delta^k = -0.03377602151573888545
    Local Iteration  35: ||V_upper^k - V_upper^k-1||_inf = 0.02965478380601216379, ||V_lower^k - V_lower^k-1||_inf = 0.03242498065510929228, delta^k = -0.03242498065510929228
    Local Iteration  36: ||V_upper^k - V_upper^k-1||_inf = 0.02846859245377175718, ||V_lower^k - V_lower^k-1||_inf = 0.03112798142890493835, delta^k = -0.03112798142890493835
    Local Iteration  37: ||V_upper^k - V_upper^k-1||_inf = 0.02732984875562083360, ||V_lower^k - V_lower^k-1||_inf = 0.02988286217174873638, delta^k = -0.02988286217174873638
    Local Iteration  38: ||V_upper^k - V_upper^k-1||_inf = 0.02623665480539605355, ||V_lower^k - V_lower^k-1||_inf = 0.02868754768487874474, delta^k = -0.02868754768487874474
    Local Iteration  39: ||V_upper^k - V_upper^k-1||_inf = 0.02518718861318014479, ||V_lower^k - V_lower^k-1||_inf = 0.02754004577748359051, delta^k = -0.02754004577748359051
    Local Iteration  40: ||V_upper^k - V_upper^k-1||_inf = 0.02417970106865297009, ||V_lower^k - V_lower^k-1||_inf = 0.02643844394638422690, delta^k = -0.02643844394638422690
    Local Iteration  41: ||V_upper^k - V_upper^k-1||_inf = 0.02321251302590687793, ||V_lower^k - V_lower^k-1||_inf = 0.02538090618852889557, delta^k = -0.02538090618852889557
    Local Iteration  42: ||V_upper^k - V_upper^k-1||_inf = 0.02228401250487055396, ||V_lower^k - V_lower^k-1||_inf = 0.02381835308135876739, delta^k = -0.02381835308135876739
    Local Iteration  43: ||V_upper^k - V_upper^k-1||_inf = 0.02139265200467577177, ||V_lower^k - V_lower^k-1||_inf = 0.02023522808873334800, delta^k = -0.02023522808873334800
    Local Iteration  44: ||V_upper^k - V_upper^k-1||_inf = 0.02053694592448873646, ||V_lower^k - V_lower^k-1||_inf = 0.01942581896518402740, delta^k = -0.01942581896518402740
    Local Iteration  45: ||V_upper^k - V_upper^k-1||_inf = 0.01971546808750918034, ||V_lower^k - V_lower^k-1||_inf = 0.01864878620657667296, delta^k = -0.01864878620657667296
    Local Iteration  46: ||V_upper^k - V_upper^k-1||_inf = 0.01892684936400879092, ||V_lower^k - V_lower^k-1||_inf = 0.01790283475831361271, delta^k = -0.01790283475831361271
    Local Iteration  47: ||V_upper^k - V_upper^k-1||_inf = 0.01816977538944841708, ||V_lower^k - V_lower^k-1||_inf = 0.01718672136798105043, delta^k = -0.01718672136798105043
    Local Iteration  48: ||V_upper^k - V_upper^k-1||_inf = 0.01744298437387048484, ||V_lower^k - V_lower^k-1||_inf = 0.01649925251326178621, delta^k = -0.01649925251326178621
    Local Iteration  49: ||V_upper^k - V_upper^k-1||_inf = 0.01674526499891570985, ||V_lower^k - V_lower^k-1||_inf = 0.01583928241273130366, delta^k = -0.01583928241273130366
    Local Iteration  50: ||V_upper^k - V_upper^k-1||_inf = 0.01607545439895907702, ||V_lower^k - V_lower^k-1||_inf = 0.01520571111622204263, delta^k = -0.01520571111622204263
    Local Iteration  51: ||V_upper^k - V_upper^k-1||_inf = 0.01543243622300066731, ||V_lower^k - V_lower^k-1||_inf = 0.01459748267157315316, delta^k = -0.01459748267157315316
    Local Iteration  52: ||V_upper^k - V_upper^k-1||_inf = 0.01481513877408069391, ||V_lower^k - V_lower^k-1||_inf = 0.01401358336471023036, delta^k = -0.01401358336471023036
    Local Iteration  53: ||V_upper^k - V_upper^k-1||_inf = 0.01422253322311745061, ||V_lower^k - V_lower^k-1||_inf = 0.01345304003012182115, delta^k = -0.01345304003012182115
    Local Iteration  54: ||V_upper^k - V_upper^k-1||_inf = 0.01365363189419271928, ||V_lower^k - V_lower^k-1||_inf = 0.01291491842891695496, delta^k = -0.01291491842891695496
    Local Iteration  55: ||V_upper^k - V_upper^k-1||_inf = 0.01310748661842503493, ||V_lower^k - V_lower^k-1||_inf = 0.01239832169176027787, delta^k = -0.01239832169176027787
    Local Iteration  56: ||V_upper^k - V_upper^k-1||_inf = 0.01258318715368800245, ||V_lower^k - V_lower^k-1||_inf = 0.01190238882408986565, delta^k = -0.01190238882408986565
    Local Iteration  57: ||V_upper^k - V_upper^k-1||_inf = 0.01207985966754049345, ||V_lower^k - V_lower^k-1||_inf = 0.01142629327112626436, delta^k = -0.01142629327112626436
    Local Iteration  58: ||V_upper^k - V_upper^k-1||_inf = 0.01159666528083891368, ||V_lower^k - V_lower^k-1||_inf = 0.01096924154028122711, delta^k = -0.01096924154028122711
    Local Iteration  59: ||V_upper^k - V_upper^k-1||_inf = 0.01113279866960531495, ||V_lower^k - V_lower^k-1||_inf = 0.01053047187866998358, delta^k = -0.01053047187866998358
    Local Iteration  60: ||V_upper^k - V_upper^k-1||_inf = 0.00147821482727156228, ||V_lower^k - V_lower^k-1||_inf = 0.01010925300352316647, delta^k = -0.01010925300352316647
    Local Iteration  61: ||V_upper^k - V_upper^k-1||_inf = 0.00000000000000000000, ||V_lower^k - V_lower^k-1||_inf = 0.00970488288338225424, delta^k = -0.00970488288338225424
    Local Iteration  62: ||V_upper^k - V_upper^k-1||_inf = 0.00000000000000000000, ||V_lower^k - V_lower^k-1||_inf = 0.00931668756804696074, delta^k = -0.00931668756804696074
    Local Iteration  63: ||V_upper^k - V_upper^k-1||_inf = 0.00000000000000000000, ||V_lower^k - V_lower^k-1||_inf = 0.00894402006532510341, delta^k = -0.00894402006532510341
    Local Iteration  64: ||V_upper^k - V_upper^k-1||_inf = 0.00000000000000000000, ||V_lower^k - V_lower^k-1||_inf = 0.00858625926271208706, delta^k = -0.00858625926271208706
    Local Iteration  65: ||V_upper^k - V_upper^k-1||_inf = 0.00000000000000000000, ||V_lower^k - V_lower^k-1||_inf = 0.00824280889220360691, delta^k = -0.00824280889220360691
    Local Iteration  66: ||V_upper^k - V_upper^k-1||_inf = 0.00000000000000000000, ||V_lower^k - V_lower^k-1||_inf = 0.00791309653651547928, delta^k = -0.00791309653651547928
    Local Iteration  67: ||V_upper^k - V_upper^k-1||_inf = 0.00000000000000000000, ||V_lower^k - V_lower^k-1||_inf = 0.00759657267505486899, delta^k = -0.00759657267505486899
    Local Iteration  68: ||V_upper^k - V_upper^k-1||_inf = 0.00000000000000000000, ||V_lower^k - V_lower^k-1||_inf = 0.00729270976805267146, delta^k = -0.00729270976805267146
    Local Iteration  69: ||V_upper^k - V_upper^k-1||_inf = 0.00000000000000000000, ||V_lower^k - V_lower^k-1||_inf = 0.00700100137733057626, delta^k = -0.00700100137733057626
    Local Iteration  70: ||V_upper^k - V_upper^k-1||_inf = 0.00000000000000000000, ||V_lower^k - V_lower^k-1||_inf = 0.00672096132223734544, delta^k = -0.00672096132223734544
    Local Iteration  71: ||V_upper^k - V_upper^k-1||_inf = 0.00000000000000000000, ||V_lower^k - V_lower^k-1||_inf = 0.00645212286934786217, delta^k = -0.00645212286934786217
    Local Iteration  72: ||V_upper^k - V_upper^k-1||_inf = 0.00000000000000000000, ||V_lower^k - V_lower^k-1||_inf = 0.00619403795457394712, delta^k = -0.00619403795457394712
    Local Iteration  73: ||V_upper^k - V_upper^k-1||_inf = 0.00000000000000000000, ||V_lower^k - V_lower^k-1||_inf = 0.00589376000701494207, delta^k = -0.00589376000701494207
    Local Iteration  74: ||V_upper^k - V_upper^k-1||_inf = 0.00000000000000000000, ||V_lower^k - V_lower^k-1||_inf = 0.00425461260743678626, delta^k = -0.00425461260743678626
    Local Iteration  75: ||V_upper^k - V_upper^k-1||_inf = 0.00000000000000000000, ||V_lower^k - V_lower^k-1||_inf = 0.00408442810313930371, delta^k = -0.00408442810313930371
    Local Iteration  76: ||V_upper^k - V_upper^k-1||_inf = 0.00000000000000000000, ||V_lower^k - V_lower^k-1||_inf = 0.00392105097901374045, delta^k = -0.00392105097901374045
    Local Iteration  77: ||V_upper^k - V_upper^k-1||_inf = 0.00000000000000000000, ||V_lower^k - V_lower^k-1||_inf = 0.00376420893985318639, delta^k = -0.00376420893985318639
    Local Iteration  78: ||V_upper^k - V_upper^k-1||_inf = 0.00000000000000000000, ||V_lower^k - V_lower^k-1||_inf = 0.00361364058225906171, delta^k = -0.00361364058225906171
    Local Iteration  79: ||V_upper^k - V_upper^k-1||_inf = 0.00000000000000000000, ||V_lower^k - V_lower^k-1||_inf = 0.00346909495896870201, delta^k = -0.00346909495896870201
    Local Iteration  80: ||V_upper^k - V_upper^k-1||_inf = 0.00000000000000000000, ||V_lower^k - V_lower^k-1||_inf = 0.00333033116060994783, delta^k = -0.00333033116060994783
    Local Iteration  81: ||V_upper^k - V_upper^k-1||_inf = 0.00000000000000000000, ||V_lower^k - V_lower^k-1||_inf = 0.00319711791418554603, delta^k = -0.00319711791418554603
    Local Iteration  82: ||V_upper^k - V_upper^k-1||_inf = 0.00000000000000000000, ||V_lower^k - V_lower^k-1||_inf = 0.00306923319761813473, delta^k = -0.00306923319761813473
    Local Iteration  83: ||V_upper^k - V_upper^k-1||_inf = 0.00000000000000000000, ||V_lower^k - V_lower^k-1||_inf = 0.00294646386971340879, delta^k = -0.00294646386971340879
    Local Iteration  84: ||V_upper^k - V_upper^k-1||_inf = 0.00000000000000000000, ||V_lower^k - V_lower^k-1||_inf = 0.00282860531492486189, delta^k = -0.00282860531492486189
    Local Iteration  85: ||V_upper^k - V_upper^k-1||_inf = 0.00000000000000000000, ||V_lower^k - V_lower^k-1||_inf = 0.00271546110232787075, delta^k = -0.00271546110232787075
    Local Iteration  86: ||V_upper^k - V_upper^k-1||_inf = 0.00000000000000000000, ||V_lower^k - V_lower^k-1||_inf = 0.00260684265823475647, delta^k = -0.00260684265823475647
    Local Iteration  87: ||V_upper^k - V_upper^k-1||_inf = 0.00000000000000000000, ||V_lower^k - V_lower^k-1||_inf = 0.00250256895190537065, delta^k = -0.00250256895190537065
    Local Iteration  88: ||V_upper^k - V_upper^k-1||_inf = 0.00000000000000000000, ||V_lower^k - V_lower^k-1||_inf = 0.00240246619382915305, delta^k = -0.00240246619382915305
    Local Iteration  89: ||V_upper^k - V_upper^k-1||_inf = 0.00000000000000000000, ||V_lower^k - V_lower^k-1||_inf = 0.00230636754607598665, delta^k = -0.00230636754607598665
    Local Iteration  90: ||V_upper^k - V_upper^k-1||_inf = 0.00000000000000000000, ||V_lower^k - V_lower^k-1||_inf = 0.00221411284423294469, delta^k = -0.00221411284423294469
    Local Iteration  91: ||V_upper^k - V_upper^k-1||_inf = 0.00000000000000000000, ||V_lower^k - V_lower^k-1||_inf = 0.00212554833046362662, delta^k = -0.00212554833046362662
    Local Iteration  92: ||V_upper^k - V_upper^k-1||_inf = 0.00000000000000000000, ||V_lower^k - V_lower^k-1||_inf = 0.00204052639724508489, delta^k = -0.00204052639724508489
    Local Iteration  93: ||V_upper^k - V_upper^k-1||_inf = 0.00000000000000000000, ||V_lower^k - V_lower^k-1||_inf = 0.00195890534135528122, delta^k = -0.00195890534135528122
    Local Iteration  94: ||V_upper^k - V_upper^k-1||_inf = 0.00000000000000000000, ||V_lower^k - V_lower^k-1||_inf = 0.00188054912770106719, delta^k = -0.00188054912770106719
    Local Iteration  95: ||V_upper^k - V_upper^k-1||_inf = 0.00000000000000000000, ||V_lower^k - V_lower^k-1||_inf = 0.00180532716259302478, delta^k = -0.00180532716259302478
    Local Iteration  96: ||V_upper^k - V_upper^k-1||_inf = 0.00000000000000000000, ||V_lower^k - V_lower^k-1||_inf = 0.00173311407608930240, delta^k = -0.00173311407608930240
    Local Iteration  97: ||V_upper^k - V_upper^k-1||_inf = 0.00000000000000000000, ||V_lower^k - V_lower^k-1||_inf = 0.00166378951304572975, delta^k = -0.00166378951304572975
    Local Iteration  98: ||V_upper^k - V_upper^k-1||_inf = 0.00000000000000000000, ||V_lower^k - V_lower^k-1||_inf = 0.00159723793252390667, delta^k = -0.00159723793252390667
    Local Iteration  99: ||V_upper^k - V_upper^k-1||_inf = 0.00000000000000000000, ||V_lower^k - V_lower^k-1||_inf = 0.00153334841522295012, delta^k = -0.00153334841522295012
    Local Iteration 100: ||V_upper^k - V_upper^k-1||_inf = 0.00000000000000000000, ||V_lower^k - V_lower^k-1||_inf = 0.00147201447861403101, delta^k = -0.00147201447861403101
    Local Iteration 101: ||V_upper^k - V_upper^k-1||_inf = 0.00000000000000000000, ||V_lower^k - V_lower^k-1||_inf = 0.00141313389946946810, delta^k = -0.00141313389946946810
    Local Iteration 102: ||V_upper^k - V_upper^k-1||_inf = 0.00000000000000000000, ||V_lower^k - V_lower^k-1||_inf = 0.00135660854349069215, delta^k = -0.00135660854349069215
    Local Iteration 103: ||V_upper^k - V_upper^k-1||_inf = 0.00000000000000000000, ||V_lower^k - V_lower^k-1||_inf = 0.00130234420175106419, delta^k = -0.00130234420175106419
    Local Iteration 104: ||V_upper^k - V_upper^k-1||_inf = 0.00000000000000000000, ||V_lower^k - V_lower^k-1||_inf = 0.00125025043368101954, delta^k = -0.00125025043368101954
    Local Iteration 105: ||V_upper^k - V_upper^k-1||_inf = 0.00000000000000000000, ||V_lower^k - V_lower^k-1||_inf = 0.00120024041633377820, delta^k = -0.00120024041633377820
    Local Iteration 106: ||V_upper^k - V_upper^k-1||_inf = 0.00000000000000000000, ||V_lower^k - V_lower^k-1||_inf = 0.00115223079968042666, delta^k = -0.00115223079968042666
    Local Iteration 107: ||V_upper^k - V_upper^k-1||_inf = 0.00000000000000000000, ||V_lower^k - V_lower^k-1||_inf = 0.00110614156769320987, delta^k = -0.00110614156769320987
    Local Iteration 108: ||V_upper^k - V_upper^k-1||_inf = 0.00000000000000000000, ||V_lower^k - V_lower^k-1||_inf = 0.00106189590498548259, delta^k = -0.00106189590498548259
    Local Iteration 109: ||V_upper^k - V_upper^k-1||_inf = 0.00000000000000000000, ||V_lower^k - V_lower^k-1||_inf = 0.00101942006878606370, delta^k = -0.00101942006878606370
    Local Iteration 110: ||V_upper^k - V_upper^k-1||_inf = 0.00000000000000000000, ||V_lower^k - V_lower^k-1||_inf = 0.00097864326603461921, delta^k = -0.00097864326603461921
    Local Iteration 111: ||V_upper^k - V_upper^k-1||_inf = 0.00000000000000000000, ||V_lower^k - V_lower^k-1||_inf = 0.00093949753539323416, delta^k = -0.00093949753539323416
    Local Iteration 112: ||V_upper^k - V_upper^k-1||_inf = 0.00000000000000000000, ||V_lower^k - V_lower^k-1||_inf = 0.00090191763397750452, delta^k = -0.00090191763397750452
    Local Iteration 113: ||V_upper^k - V_upper^k-1||_inf = 0.00000000000000000000, ||V_lower^k - V_lower^k-1||_inf = 0.00086584092861840406, delta^k = -0.00086584092861840406
    Local Iteration 114: ||V_upper^k - V_upper^k-1||_inf = 0.00000000000000000000, ||V_lower^k - V_lower^k-1||_inf = 0.00083120729147366859, delta^k = -0.00083120729147366859
    Local Iteration 115: ||V_upper^k - V_upper^k-1||_inf = 0.00000000000000000000, ||V_lower^k - V_lower^k-1||_inf = 0.00079795899981472199, delta^k = -0.00079795899981472199
    Local Iteration 116: ||V_upper^k - V_upper^k-1||_inf = 0.00000000000000000000, ||V_lower^k - V_lower^k-1||_inf = 0.00076604063982213186, delta^k = -0.00076604063982213186
    Local Iteration 117: ||V_upper^k - V_upper^k-1||_inf = 0.00000000000000000000, ||V_lower^k - V_lower^k-1||_inf = 0.00073539901422924742, delta^k = -0.00073539901422924742
    Local Iteration 118: ||V_upper^k - V_upper^k-1||_inf = 0.00000000000000000000, ||V_lower^k - V_lower^k-1||_inf = 0.00070598305366007669, delta^k = -0.00070598305366007669
    Local Iteration 119: ||V_upper^k - V_upper^k-1||_inf = 0.00000000000000000000, ||V_lower^k - V_lower^k-1||_inf = 0.00067774373151367404, delta^k = -0.00067774373151367404
    Local Iteration 120: ||V_upper^k - V_upper^k-1||_inf = 0.00000000000000000000, ||V_lower^k - V_lower^k-1||_inf = 0.00065063398225312721, delta^k = -0.00065063398225312721
    Local Iteration 121: ||V_upper^k - V_upper^k-1||_inf = 0.00000000000000000000, ||V_lower^k - V_lower^k-1||_inf = 0.00062460862296300282, delta^k = -0.00062460862296300282
    Local Iteration 122: ||V_upper^k - V_upper^k-1||_inf = 0.00000000000000000000, ||V_lower^k - V_lower^k-1||_inf = 0.00059962427804448326, delta^k = -0.00059962427804448326
    Local Iteration 123: ||V_upper^k - V_upper^k-1||_inf = 0.00000000000000000000, ||V_lower^k - V_lower^k-1||_inf = 0.00057563930692270358, delta^k = -0.00057563930692270358
    Local Iteration 124: ||V_upper^k - V_upper^k-1||_inf = 0.00000000000000000000, ||V_lower^k - V_lower^k-1||_inf = 0.00055261373464579426, delta^k = -0.00055261373464579426
    Local Iteration 125: ||V_upper^k - V_upper^k-1||_inf = 0.00000000000000000000, ||V_lower^k - V_lower^k-1||_inf = 0.00053050918525996381, delta^k = -0.00053050918525996381
    Local Iteration 126: ||V_upper^k - V_upper^k-1||_inf = 0.00000000000000000000, ||V_lower^k - V_lower^k-1||_inf = 0.00050928881784956422, delta^k = -0.00050928881784956422
    Local Iteration 127: ||V_upper^k - V_upper^k-1||_inf = 0.00000000000000000000, ||V_lower^k - V_lower^k-1||_inf = 0.00048891726513558206, delta^k = -0.00048891726513558206
    Local Iteration 128: ||V_upper^k - V_upper^k-1||_inf = 0.00000000000000000000, ||V_lower^k - V_lower^k-1||_inf = 0.00046936057453015809, delta^k = -0.00046936057453015809
    Local Iteration 129: ||V_upper^k - V_upper^k-1||_inf = 0.00000000000000000000, ||V_lower^k - V_lower^k-1||_inf = 0.00045058615154895329, delta^k = -0.00045058615154895329
    Local Iteration 130: ||V_upper^k - V_upper^k-1||_inf = 0.00000000000000000000, ||V_lower^k - V_lower^k-1||_inf = 0.00043256270548699439, delta^k = -0.00043256270548699439
    Local Iteration 131: ||V_upper^k - V_upper^k-1||_inf = 0.00000000000000000000, ||V_lower^k - V_lower^k-1||_inf = 0.00041526019726751372, delta^k = -0.00041526019726751372
    Local Iteration 132: ||V_upper^k - V_upper^k-1||_inf = 0.00000000000000000000, ||V_lower^k - V_lower^k-1||_inf = 0.00039864978937681310, delta^k = -0.00039864978937681310
    Local Iteration 133: ||V_upper^k - V_upper^k-1||_inf = 0.00000000000000000000, ||V_lower^k - V_lower^k-1||_inf = 0.00038270379780174120, delta^k = -0.00038270379780174120
    Local Iteration 134: ||V_upper^k - V_upper^k-1||_inf = 0.00000000000000000000, ||V_lower^k - V_lower^k-1||_inf = 0.00036739564588967114, delta^k = -0.00036739564588967114
    Local Iteration 135: ||V_upper^k - V_upper^k-1||_inf = 0.00000000000000000000, ||V_lower^k - V_lower^k-1||_inf = 0.00035269982005408512, delta^k = -0.00035269982005408512
    Local Iteration 136: ||V_upper^k - V_upper^k-1||_inf = 0.00000000000000000000, ||V_lower^k - V_lower^k-1||_inf = 0.00033859182725192068, delta^k = -0.00033859182725192068
    Local Iteration 137: ||V_upper^k - V_upper^k-1||_inf = 0.00000000000000000000, ||V_lower^k - V_lower^k-1||_inf = 0.00032504815416184440, delta^k = -0.00032504815416184440
    Local Iteration 138: ||V_upper^k - V_upper^k-1||_inf = 0.00000000000000000000, ||V_lower^k - V_lower^k-1||_inf = 0.00031204622799537070, delta^k = -0.00031204622799537070
    Local Iteration 139: ||V_upper^k - V_upper^k-1||_inf = 0.00000000000000000000, ||V_lower^k - V_lower^k-1||_inf = 0.00029956437887555636, delta^k = -0.00029956437887555636
    Local Iteration 140: ||V_upper^k - V_upper^k-1||_inf = 0.00000000000000000000, ||V_lower^k - V_lower^k-1||_inf = 0.00028758180372053400, delta^k = -0.00028758180372053400
    Local Iteration 141: ||V_upper^k - V_upper^k-1||_inf = 0.00000000000000000000, ||V_lower^k - V_lower^k-1||_inf = 0.00027607853157171278, delta^k = -0.00027607853157171278
    Local Iteration 142: ||V_upper^k - V_upper^k-1||_inf = 0.00000000000000000000, ||V_lower^k - V_lower^k-1||_inf = 0.00026503539030884368, delta^k = -0.00026503539030884368
    Local Iteration 143: ||V_upper^k - V_upper^k-1||_inf = 0.00000000000000000000, ||V_lower^k - V_lower^k-1||_inf = 0.00025443397469649028, delta^k = -0.00025443397469649028
    Local Iteration 144: ||V_upper^k - V_upper^k-1||_inf = 0.00000000000000000000, ||V_lower^k - V_lower^k-1||_inf = 0.00024425661570863077, delta^k = -0.00024425661570863077
    Local Iteration 145: ||V_upper^k - V_upper^k-1||_inf = 0.00000000000000000000, ||V_lower^k - V_lower^k-1||_inf = 0.00023448635108028540, delta^k = -0.00023448635108028540
    Local Iteration 146: ||V_upper^k - V_upper^k-1||_inf = 0.00000000000000000000, ||V_lower^k - V_lower^k-1||_inf = 0.00022510689703707405, delta^k = -0.00022510689703707405
    Local Iteration 147: ||V_upper^k - V_upper^k-1||_inf = 0.00000000000000000000, ||V_lower^k - V_lower^k-1||_inf = 0.00021610262115559064, delta^k = -0.00021610262115559064
    Local Iteration 148: ||V_upper^k - V_upper^k-1||_inf = 0.00000000000000000000, ||V_lower^k - V_lower^k-1||_inf = 0.00020745851630936743, delta^k = -0.00020745851630936743
    Local Iteration 149: ||V_upper^k - V_upper^k-1||_inf = 0.00000000000000000000, ||V_lower^k - V_lower^k-1||_inf = 0.00019916017565699273, delta^k = -0.00019916017565699273
    Local Iteration 150: ||V_upper^k - V_upper^k-1||_inf = 0.00000000000000000000, ||V_lower^k - V_lower^k-1||_inf = 0.00019119376863071299, delta^k = -0.00019119376863071299
    Local Iteration 151: ||V_upper^k - V_upper^k-1||_inf = 0.00000000000000000000, ||V_lower^k - V_lower^k-1||_inf = 0.00018354601788548447, delta^k = -0.00018354601788548447
    Local Iteration 152: ||V_upper^k - V_upper^k-1||_inf = 0.00000000000000000000, ||V_lower^k - V_lower^k-1||_inf = 0.00017620417717006519, delta^k = -0.00017620417717006519
    Local Iteration 153: ||V_upper^k - V_upper^k-1||_inf = 0.00000000000000000000, ||V_lower^k - V_lower^k-1||_inf = 0.00016915601008326252, delta^k = -0.00016915601008326252
    Local Iteration 154: ||V_upper^k - V_upper^k-1||_inf = 0.00000000000000000000, ||V_lower^k - V_lower^k-1||_inf = 0.00016238976967993153, delta^k = -0.00016238976967993153
    Local Iteration 155: ||V_upper^k - V_upper^k-1||_inf = 0.00000000000000000000, ||V_lower^k - V_lower^k-1||_inf = 0.00015589417889273456, delta^k = -0.00015589417889273456
    Local Iteration 156: ||V_upper^k - V_upper^k-1||_inf = 0.00000000000000000000, ||V_lower^k - V_lower^k-1||_inf = 0.00014965841173702511, delta^k = -0.00014965841173702511
    Local Iteration 157: ||V_upper^k - V_upper^k-1||_inf = 0.00000000000000000000, ||V_lower^k - V_lower^k-1||_inf = 0.00014367207526754400, delta^k = -0.00014367207526754400
    Local Iteration 158: ||V_upper^k - V_upper^k-1||_inf = 0.00000000000000000000, ||V_lower^k - V_lower^k-1||_inf = 0.00013792519225684250, delta^k = -0.00013792519225684250
    Local Iteration 159: ||V_upper^k - V_upper^k-1||_inf = 0.00000000000000000000, ||V_lower^k - V_lower^k-1||_inf = 0.00013240818456656872, delta^k = -0.00013240818456656872
    Local Iteration 160: ||V_upper^k - V_upper^k-1||_inf = 0.00000000000000000000, ||V_lower^k - V_lower^k-1||_inf = 0.00012711185718390595, delta^k = -0.00012711185718390595
    Local Iteration 161: ||V_upper^k - V_upper^k-1||_inf = 0.00000000000000000000, ||V_lower^k - V_lower^k-1||_inf = 0.00012202738289654978, delta^k = -0.00012202738289654978
    Local Iteration 162: ||V_upper^k - V_upper^k-1||_inf = 0.00000000000000000000, ||V_lower^k - V_lower^k-1||_inf = 0.00011714628758068783, delta^k = -0.00011714628758068783
    Local Iteration 163: ||V_upper^k - V_upper^k-1||_inf = 0.00000000000000000000, ||V_lower^k - V_lower^k-1||_inf = 0.00011246043607746016, delta^k = -0.00011246043607746016
    Local Iteration 164: ||V_upper^k - V_upper^k-1||_inf = 0.00000000000000000000, ||V_lower^k - V_lower^k-1||_inf = 0.00010796201863436149, delta^k = -0.00010796201863436149
    Local Iteration 165: ||V_upper^k - V_upper^k-1||_inf = 0.00000000000000000000, ||V_lower^k - V_lower^k-1||_inf = 0.00010364353788898731, delta^k = -0.00010364353788898731
    Local Iteration 166: ||V_upper^k - V_upper^k-1||_inf = 0.00000000000000000000, ||V_lower^k - V_lower^k-1||_inf = 0.00009949779637342775, delta^k = -0.00009949779637342775
    Local Iteration 167: ||V_upper^k - V_upper^k-1||_inf = 0.00000000000000000000, ||V_lower^k - V_lower^k-1||_inf = 0.00009551788451849083, delta^k = -0.00009551788451849083
    Local Iteration 168: ||V_upper^k - V_upper^k-1||_inf = 0.00000000000000000000, ||V_lower^k - V_lower^k-1||_inf = 0.00009169716913775107, delta^k = -0.00009169716913775107
    Local Iteration 169: ||V_upper^k - V_upper^k-1||_inf = 0.00000000000000000000, ||V_lower^k - V_lower^k-1||_inf = 0.00008802928237224093, delta^k = -0.00008802928237224093
    Local Iteration 170: ||V_upper^k - V_upper^k-1||_inf = 0.00000000000000000000, ||V_lower^k - V_lower^k-1||_inf = 0.00008450811107735138, delta^k = -0.00008450811107735138
    Local Iteration 171: ||V_upper^k - V_upper^k-1||_inf = 0.00000000000000000000, ||V_lower^k - V_lower^k-1||_inf = 0.00008112778663425715, delta^k = -0.00008112778663425715
    Local Iteration 172: ||V_upper^k - V_upper^k-1||_inf = 0.00000000000000000000, ||V_lower^k - V_lower^k-1||_inf = 0.00007788267516888698, delta^k = -0.00007788267516888698
    Local Iteration 173: ||V_upper^k - V_upper^k-1||_inf = 0.00000000000000000000, ||V_lower^k - V_lower^k-1||_inf = 0.00007476736816213153, delta^k = -0.00007476736816213153
    Local Iteration 174: ||V_upper^k - V_upper^k-1||_inf = 0.00000000000000000000, ||V_lower^k - V_lower^k-1||_inf = 0.00007177667343564618, delta^k = -0.00007177667343564618
    Local Iteration 175: ||V_upper^k - V_upper^k-1||_inf = 0.00000000000000000000, ||V_lower^k - V_lower^k-1||_inf = 0.00006890560649822032, delta^k = -0.00006890560649822032
    Local Iteration 176: ||V_upper^k - V_upper^k-1||_inf = 0.00000000000000000000, ||V_lower^k - V_lower^k-1||_inf = 0.00006614938223829152, delta^k = -0.00006614938223829152
    Local Iteration 177: ||V_upper^k - V_upper^k-1||_inf = 0.00000000000000000000, ||V_lower^k - V_lower^k-1||_inf = 0.00006350340694875997, delta^k = -0.00006350340694875997
    Local Iteration 178: ||V_upper^k - V_upper^k-1||_inf = 0.00000000000000000000, ||V_lower^k - V_lower^k-1||_inf = 0.00006096327067080937, delta^k = -0.00006096327067080937
    Local Iteration 179: ||V_upper^k - V_upper^k-1||_inf = 0.00000000000000000000, ||V_lower^k - V_lower^k-1||_inf = 0.00005852473984397700, delta^k = -0.00005852473984397700
    Local Iteration 180: ||V_upper^k - V_upper^k-1||_inf = 0.00000000000000000000, ||V_lower^k - V_lower^k-1||_inf = 0.00005618375025021809, delta^k = -0.00005618375025021809
    Local Iteration 181: ||V_upper^k - V_upper^k-1||_inf = 0.00000000000000000000, ||V_lower^k - V_lower^k-1||_inf = 0.00005393640024020934, delta^k = -0.00005393640024020934
    Local Iteration 182: ||V_upper^k - V_upper^k-1||_inf = 0.00000000000000000000, ||V_lower^k - V_lower^k-1||_inf = 0.00005177894423060098, delta^k = -0.00005177894423060098
    Local Iteration 183: ||V_upper^k - V_upper^k-1||_inf = 0.00000000000000000000, ||V_lower^k - V_lower^k-1||_inf = 0.00004970778646137689, delta^k = -0.00004970778646137689
    Local Iteration 184: ||V_upper^k - V_upper^k-1||_inf = 0.00000000000000000000, ||V_lower^k - V_lower^k-1||_inf = 0.00004771947500292186, delta^k = -0.00004771947500292186
    Local Iteration 185: ||V_upper^k - V_upper^k-1||_inf = 0.00000000000000000000, ||V_lower^k - V_lower^k-1||_inf = 0.00004581069600280495, delta^k = -0.00004581069600280495
    Local Iteration 186: ||V_upper^k - V_upper^k-1||_inf = 0.00000000000000000000, ||V_lower^k - V_lower^k-1||_inf = 0.00004304129974402903, delta^k = -0.00004304129974402903
    Local Iteration 187: ||V_upper^k - V_upper^k-1||_inf = 0.00000000000000000000, ||V_lower^k - V_lower^k-1||_inf = 0.00004131964775426771, delta^k = -0.00004131964775426771
    Local Iteration 188: ||V_upper^k - V_upper^k-1||_inf = 0.00000000000000000000, ||V_lower^k - V_lower^k-1||_inf = 0.00003966686184409712, delta^k = -0.00003966686184409712
    Local Iteration 189: ||V_upper^k - V_upper^k-1||_inf = 0.00000000000000000000, ||V_lower^k - V_lower^k-1||_inf = 0.00003808018737033324, delta^k = -0.00003808018737033324
    Local Iteration 190: ||V_upper^k - V_upper^k-1||_inf = 0.00000000000000000000, ||V_lower^k - V_lower^k-1||_inf = 0.00003655697987551990, delta^k = -0.00003655697987551990
    Local Iteration 191: ||V_upper^k - V_upper^k-1||_inf = 0.00000000000000000000, ||V_lower^k - V_lower^k-1||_inf = 0.00003509470068049903, delta^k = -0.00003509470068049903
    Local Iteration 192: ||V_upper^k - V_upper^k-1||_inf = 0.00000000000000000000, ||V_lower^k - V_lower^k-1||_inf = 0.00003369091265327908, delta^k = -0.00003369091265327908
    Local Iteration 193: ||V_upper^k - V_upper^k-1||_inf = 0.00000000000000000000, ||V_lower^k - V_lower^k-1||_inf = 0.00003234327614714801, delta^k = -0.00003234327614714801
    Local Iteration 194: ||V_upper^k - V_upper^k-1||_inf = 0.00000000000000000000, ||V_lower^k - V_lower^k-1||_inf = 0.00003104954510126199, delta^k = -0.00003104954510126199
    Local Iteration 195: ||V_upper^k - V_upper^k-1||_inf = 0.00000000000000000000, ||V_lower^k - V_lower^k-1||_inf = 0.00002980756329721158, delta^k = -0.00002980756329721158
    Local Iteration 196: ||V_upper^k - V_upper^k-1||_inf = 0.00000000000000000000, ||V_lower^k - V_lower^k-1||_inf = 0.00002861526076532314, delta^k = -0.00002861526076532314
    Local Iteration 197: ||V_upper^k - V_upper^k-1||_inf = 0.00000000000000000000, ||V_lower^k - V_lower^k-1||_inf = 0.00002747065033471016, delta^k = -0.00002747065033471016
    Local Iteration 198: ||V_upper^k - V_upper^k-1||_inf = 0.00000000000000000000, ||V_lower^k - V_lower^k-1||_inf = 0.00002637182432132178, delta^k = -0.00002637182432132178
    Local Iteration 199: ||V_upper^k - V_upper^k-1||_inf = 0.00000000000000000000, ||V_lower^k - V_lower^k-1||_inf = 0.00002531695134846892, delta^k = -0.00002531695134846892
    Local Iteration 200: ||V_upper^k - V_upper^k-1||_inf = 0.00000000000000000000, ||V_lower^k - V_lower^k-1||_inf = 0.00002430427329453008, delta^k = -0.00002430427329453008
    Local Iteration 201: ||V_upper^k - V_upper^k-1||_inf = 0.00000000000000000000, ||V_lower^k - V_lower^k-1||_inf = 0.00002333210236274896, delta^k = -0.00002333210236274896
    Local Iteration 202: ||V_upper^k - V_upper^k-1||_inf = 0.00000000000000000000, ||V_lower^k - V_lower^k-1||_inf = 0.00002239881826823894, delta^k = -0.00002239881826823894
    Local Iteration 203: ||V_upper^k - V_upper^k-1||_inf = 0.00000000000000000000, ||V_lower^k - V_lower^k-1||_inf = 0.00002150286553750935, delta^k = -0.00002150286553750935
    Local Iteration 204: ||V_upper^k - V_upper^k-1||_inf = 0.00000000000000000000, ||V_lower^k - V_lower^k-1||_inf = 0.00002064275091600903, delta^k = -0.00002064275091600903
    Local Iteration 205: ||V_upper^k - V_upper^k-1||_inf = 0.00000000000000000000, ||V_lower^k - V_lower^k-1||_inf = 0.00001981704087936867, delta^k = -0.00001981704087936867
    Local Iteration 206: ||V_upper^k - V_upper^k-1||_inf = 0.00000000000000000000, ||V_lower^k - V_lower^k-1||_inf = 0.00001902435924419394, delta^k = -0.00001902435924419394
    Local Iteration 207: ||V_upper^k - V_upper^k-1||_inf = 0.00000000000000000000, ||V_lower^k - V_lower^k-1||_inf = 0.00001826338487442614, delta^k = -0.00001826338487442614
    Local Iteration 208: ||V_upper^k - V_upper^k-1||_inf = 0.00000000000000000000, ||V_lower^k - V_lower^k-1||_inf = 0.00001753284947944914, delta^k = -0.00001753284947944914
    Local Iteration 209: ||V_upper^k - V_upper^k-1||_inf = 0.00000000000000000000, ||V_lower^k - V_lower^k-1||_inf = 0.00001683153550027116, delta^k = -0.00001683153550027116
    Local Iteration 210: ||V_upper^k - V_upper^k-1||_inf = 0.00000000000000000000, ||V_lower^k - V_lower^k-1||_inf = 0.00001615827408026028, delta^k = -0.00001615827408026028
    Local Iteration 211: ||V_upper^k - V_upper^k-1||_inf = 0.00000000000000000000, ||V_lower^k - V_lower^k-1||_inf = 0.00001551194311704990, delta^k = -0.00001551194311704990
    Local Iteration 212: ||V_upper^k - V_upper^k-1||_inf = 0.00000000000000000000, ||V_lower^k - V_lower^k-1||_inf = 0.00001489146539236788, delta^k = -0.00001489146539236788
    Local Iteration 213: ||V_upper^k - V_upper^k-1||_inf = 0.00000000000000000000, ||V_lower^k - V_lower^k-1||_inf = 0.00001429580677667319, delta^k = -0.00001429580677667319
    Local Iteration 214: ||V_upper^k - V_upper^k-1||_inf = 0.00000000000000000000, ||V_lower^k - V_lower^k-1||_inf = 0.00001372397450560625, delta^k = -0.00001372397450560625
    Local Iteration 215: ||V_upper^k - V_upper^k-1||_inf = 0.00000000000000000000, ||V_lower^k - V_lower^k-1||_inf = 0.00001317501552538201, delta^k = -0.00001317501552538201
    Local Iteration 216: ||V_upper^k - V_upper^k-1||_inf = 0.00000000000000000000, ||V_lower^k - V_lower^k-1||_inf = 0.00001264801490436673, delta^k = -0.00001264801490436673
    Local Iteration 217: ||V_upper^k - V_upper^k-1||_inf = 0.00000000000000000000, ||V_lower^k - V_lower^k-1||_inf = 0.00001214209430819204, delta^k = -0.00001214209430819204
    Local Iteration 218: ||V_upper^k - V_upper^k-1||_inf = 0.00000000000000000000, ||V_lower^k - V_lower^k-1||_inf = 0.00001165641053586439, delta^k = -0.00001165641053586439
    Local Iteration 219: ||V_upper^k - V_upper^k-1||_inf = 0.00000000000000000000, ||V_lower^k - V_lower^k-1||_inf = 0.00001119015411442977, delta^k = -0.00001119015411442977
    Local Iteration 220: ||V_upper^k - V_upper^k-1||_inf = 0.00000000000000000000, ||V_lower^k - V_lower^k-1||_inf = 0.00001074254794985259, delta^k = -0.00001074254794985259
    Local Iteration 221: ||V_upper^k - V_upper^k-1||_inf = 0.00000000000000000000, ||V_lower^k - V_lower^k-1||_inf = 0.00001031284603185851, delta^k = -0.00001031284603185851
    Local Iteration 222: ||V_upper^k - V_upper^k-1||_inf = 0.00000000000000000000, ||V_lower^k - V_lower^k-1||_inf = 0.00000990033219058415, delta^k = -0.00000990033219058415
    Local Iteration 223: ||V_upper^k - V_upper^k-1||_inf = 0.00000000000000000000, ||V_lower^k - V_lower^k-1||_inf = 0.00000950431890296078, delta^k = -0.00000950431890296078
    Local Iteration 224: ||V_upper^k - V_upper^k-1||_inf = 0.00000000000000000000, ||V_lower^k - V_lower^k-1||_inf = 0.00000912414614684235, delta^k = -0.00000912414614684235
    Local Iteration 225: ||V_upper^k - V_upper^k-1||_inf = 0.00000000000000000000, ||V_lower^k - V_lower^k-1||_inf = 0.00000875918030096866, delta^k = -0.00000875918030096866
    Local Iteration 226: ||V_upper^k - V_upper^k-1||_inf = 0.00000000000000000000, ||V_lower^k - V_lower^k-1||_inf = 0.00000840881308892990, delta^k = -0.00000840881308892990
    Local Iteration 227: ||V_upper^k - V_upper^k-1||_inf = 0.00000000000000000000, ||V_lower^k - V_lower^k-1||_inf = 0.00000807246056537270, delta^k = -0.00000807246056537270
    Local Iteration 228: ||V_upper^k - V_upper^k-1||_inf = 0.00000000000000000000, ||V_lower^k - V_lower^k-1||_inf = 0.00000774956214275781, delta^k = -0.00000774956214275781
    Local Iteration 229: ||V_upper^k - V_upper^k-1||_inf = 0.00000000000000000000, ||V_lower^k - V_lower^k-1||_inf = 0.00000743957965704749, delta^k = -0.00000743957965704749
    Local Iteration 230: ||V_upper^k - V_upper^k-1||_inf = 0.00000000000000000000, ||V_lower^k - V_lower^k-1||_inf = 0.00000714199647076561, delta^k = -0.00000714199647076561
    Local Iteration 231: ||V_upper^k - V_upper^k-1||_inf = 0.00000000000000000000, ||V_lower^k - V_lower^k-1||_inf = 0.00000685631661193498, delta^k = -0.00000685631661193498
    Local Iteration 232: ||V_upper^k - V_upper^k-1||_inf = 0.00000000000000000000, ||V_lower^k - V_lower^k-1||_inf = 0.00000658206394745758, delta^k = -0.00000658206394745758
    Local Iteration 233: ||V_upper^k - V_upper^k-1||_inf = 0.00000000000000000000, ||V_lower^k - V_lower^k-1||_inf = 0.00000631878138955926, delta^k = -0.00000631878138955926
    Local Iteration 234: ||V_upper^k - V_upper^k-1||_inf = 0.00000000000000000000, ||V_lower^k - V_lower^k-1||_inf = 0.00000606603013397690, delta^k = -0.00000606603013397690
    Local Iteration 235: ||V_upper^k - V_upper^k-1||_inf = 0.00000000000000000000, ||V_lower^k - V_lower^k-1||_inf = 0.00000582338892861782, delta^k = -0.00000582338892861782
    Local Iteration 236: ||V_upper^k - V_upper^k-1||_inf = 0.00000000000000000000, ||V_lower^k - V_lower^k-1||_inf = 0.00000559045337147310, delta^k = -0.00000559045337147310
    Local Iteration 237: ||V_upper^k - V_upper^k-1||_inf = 0.00000000000000000000, ||V_lower^k - V_lower^k-1||_inf = 0.00000536683523661419, delta^k = -0.00000536683523661419
    Local Iteration 238: ||V_upper^k - V_upper^k-1||_inf = 0.00000000000000000000, ||V_lower^k - V_lower^k-1||_inf = 0.00000430468759375635, delta^k = -0.00000430468759375635
    Local Iteration 239: ||V_upper^k - V_upper^k-1||_inf = 0.00000000000000000000, ||V_lower^k - V_lower^k-1||_inf = 0.00000000000000000000, delta^k = 0.00000000000000000000

============================================================
 CONSERVATIVE STOPPING CONDITION MET (Algorithm 3)
============================================================
  delta^k = 0.0000000000e+00 >= -delta_max
  ||V_upper^k - V_upper^k-1||_inf = 0.0000000000e+00 < 1e-08
  eps_cons = (0.96 * 0.0000000000e+00) / 0.04 = 0.0000000000e+00
  Correcting V_lower for 3735364 cells: V_lower <- V_lower - eps_cons - eps_machine
   Conservative correction applied successfully
  Machine epsilon eps_machine = 2.220e-16
    Local VI completed in 239 iterations
    Final convergence values:
      ||V_upper^final - V_upper^prev||_inf = 0.00000000e+00
      ||V_lower^final - V_lower^prev||_inf = 0.00000000e+00
  Local VI completed in 239 iterations, time: 205.359s
    Final ||V_upper^k - V_upper^k-1||_inf = 0.00000000000000000000e+00
    Final ||V_lower^k - V_lower^k-1||_inf = 0.00000000000000000000e+00
  Saved visualization: /Users/i.k.tabbara/Documents/python directory/HSCC_2027/refactored_Implementations/results_hscc_2027_newbellmans_12workers/ra_discount/double_integrator_res10_eps0.05_dmin1e-08_dmax1e-08_gamma0.96_dt0.3_tau0.3_cons/value_function_phase_11_complete.png
  Phase 11 completed in 207.70s with 3735364 leaf cells

Classification after phase 11:
  Safe:          1293594 cells ( 34.6%),   71.9% of state space
  Unsafe:         180264 cells (  4.8%),   17.1% of state space
  Unclassified:  2261506 cells ( 60.5%),   11.0% of state space

======================================================================
REFINEMENT PHASE 12
======================================================================
Boundary cells: 2261506
  Refinable (>eta_min=0.017678): 2261506
  Below threshold: 0
  Cumulative refined: 3725364
  Refinable cell size statistics:
    Max:    0.075000
    Mean:   0.075000
    Min:    0.075000
    Median: 0.075000
  Refining 2261506 cells...
    Refined: 2261506 parent cells
    Created: 4523012 child cells
    Total cells: 5996870
    Refinement time: 1.026s
    Cumulative refined: 5986870
  Rebuilding spatial index...
  Building spatial index for 5996870 cells...
   Spatial index built in 2.64s
    Spatial index rebuilt in 2.643s
  Initializing 4523012 new cells...
  Initializing 4523012 new cells in parallel...
   Initialized in 0.01s (378637311.1 cells/s)
    Initialization completed in 0.012s
  Starting local value iteration...
  Reinitializing ALL 5996870 cells (V = l)
   Reinitialized 5996870 cells in 0.02s (278982045.6 cells/s)
  Local VI: updating all 5996870 cells
    Conservative mode: True
    delta_max: 1e-08
    Max iterations: 20000
    Updating successor cache for 4523012 updated cells...
    Updating successor cache for 4523012 new cells (HYBRID)...
      Affected cells: 5332834
   Trajectories + spatial queries computed in 32.56s (1473972.9 tasks/s)
    Breakdown: 10.9% ODE, 89.1% queries
     Cache updated in 39.07s (1228377.2 tasks/s)
    Local Iteration   1: ||V_upper^k - V_upper^k-1||_inf = 3.93799602617861266296, ||V_lower^k - V_lower^k-1||_inf = 3.84076884376546257016, delta^k = -3.84076884376546257016
    Local Iteration   2: ||V_upper^k - V_upper^k-1||_inf = 3.77207197250227554974, ||V_lower^k - V_lower^k-1||_inf = 3.63622640176941214207, delta^k = -3.63622640176941214207
    Local Iteration   3: ||V_upper^k - V_upper^k-1||_inf = 3.54677290559868740871, ||V_lower^k - V_lower^k-1||_inf = 3.41754385667961813056, delta^k = -3.41754385667961813056
    Local Iteration   4: ||V_upper^k - V_upper^k-1||_inf = 0.10507979879432394199, ||V_lower^k - V_lower^k-1||_inf = 3.14592796132845187174, delta^k = -3.14592796132845187174
    Local Iteration   5: ||V_upper^k - V_upper^k-1||_inf = 0.10087660684255084220, ||V_lower^k - V_lower^k-1||_inf = 0.53814392658416032589, delta^k = -0.53814392658416032589
    Local Iteration   6: ||V_upper^k - V_upper^k-1||_inf = 0.09684154256884891510, ||V_lower^k - V_lower^k-1||_inf = 0.33393310262414743761, delta^k = -0.33393310262414743761
    Local Iteration   7: ||V_upper^k - V_upper^k-1||_inf = 0.09296788086609497626, ||V_lower^k - V_lower^k-1||_inf = 0.30523753558254840268, delta^k = -0.30523753558254840268
    Local Iteration   8: ||V_upper^k - V_upper^k-1||_inf = 0.08924916563145135484, ||V_lower^k - V_lower^k-1||_inf = 0.23290639100161214525, delta^k = -0.23290639100161214525
    Local Iteration   9: ||V_upper^k - V_upper^k-1||_inf = 0.08567919900619314078, ||V_lower^k - V_lower^k-1||_inf = 0.09582135689861326355, delta^k = -0.09582135689861326355
    Local Iteration  10: ||V_upper^k - V_upper^k-1||_inf = 0.08225203104594536185, ||V_lower^k - V_lower^k-1||_inf = 0.09198850262266877742, delta^k = -0.09198850262266877742
    Local Iteration  11: ||V_upper^k - V_upper^k-1||_inf = 0.07896194980410764508, ||V_lower^k - V_lower^k-1||_inf = 0.08830896251776199080, delta^k = -0.08830896251776199080
    Local Iteration  12: ||V_upper^k - V_upper^k-1||_inf = 0.07580347181194335704, ||V_lower^k - V_lower^k-1||_inf = 0.08291657713275291108, delta^k = -0.08291657713275291108
    Local Iteration  13: ||V_upper^k - V_upper^k-1||_inf = 0.07277133293946547177, ||V_lower^k - V_lower^k-1||_inf = 0.07959991404744282129, delta^k = -0.07959991404744282129
    Local Iteration  14: ||V_upper^k - V_upper^k-1||_inf = 0.06986047962188690619, ||V_lower^k - V_lower^k-1||_inf = 0.07641591748554499297, delta^k = -0.07641591748554499297
    Local Iteration  15: ||V_upper^k - V_upper^k-1||_inf = 0.06706606043701146547, ||V_lower^k - V_lower^k-1||_inf = 0.07335928078612297121, delta^k = -0.07335928078612297121
    Local Iteration  16: ||V_upper^k - V_upper^k-1||_inf = 0.06438341801953106902, ||V_lower^k - V_lower^k-1||_inf = 0.07042490955467806124, delta^k = -0.07042490955467806124
    Local Iteration  17: ||V_upper^k - V_upper^k-1||_inf = 0.06180808129874981738, ||V_lower^k - V_lower^k-1||_inf = 0.06760791317249104093, delta^k = -0.06760791317249104093
    Local Iteration  18: ||V_upper^k - V_upper^k-1||_inf = 0.05933575804679969146, ||V_lower^k - V_lower^k-1||_inf = 0.06490359664559131048, delta^k = -0.06490359664559131048
    Local Iteration  19: ||V_upper^k - V_upper^k-1||_inf = 0.05696232772492781926, ||V_lower^k - V_lower^k-1||_inf = 0.06230745277976756924, delta^k = -0.06230745277976756924
    Local Iteration  20: ||V_upper^k - V_upper^k-1||_inf = 0.05468383461593062655, ||V_lower^k - V_lower^k-1||_inf = 0.05981515466857689756, delta^k = -0.05981515466857689756
    Local Iteration  21: ||V_upper^k - V_upper^k-1||_inf = 0.05249648123129335708, ||V_lower^k - V_lower^k-1||_inf = 0.05742254848183381277, delta^k = -0.05742254848183381277
    Local Iteration  22: ||V_upper^k - V_upper^k-1||_inf = 0.05039662198204175603, ||V_lower^k - V_lower^k-1||_inf = 0.05512564654256046914, delta^k = -0.05512564654256046914
    Local Iteration  23: ||V_upper^k - V_upper^k-1||_inf = 0.04838075710276013019, ||V_lower^k - V_lower^k-1||_inf = 0.05292062068085812143, delta^k = -0.05292062068085812143
    Local Iteration  24: ||V_upper^k - V_upper^k-1||_inf = 0.04644552681864966281, ||V_lower^k - V_lower^k-1||_inf = 0.05080379585362382322, delta^k = -0.05080379585362382322
    Local Iteration  25: ||V_upper^k - V_upper^k-1||_inf = 0.04458770574590364966, ||V_lower^k - V_lower^k-1||_inf = 0.04877164401947886585, delta^k = -0.04877164401947886585
    Local Iteration  26: ||V_upper^k - V_upper^k-1||_inf = 0.04280419751606756584, ||V_lower^k - V_lower^k-1||_inf = 0.04682077825869968013, delta^k = -0.04682077825869968013
    Local Iteration  27: ||V_upper^k - V_upper^k-1||_inf = 0.04109202961542479660, ||V_lower^k - V_lower^k-1||_inf = 0.04494794712835170625, delta^k = -0.04494794712835170625
    Local Iteration  28: ||V_upper^k - V_upper^k-1||_inf = 0.03944834843080780029, ||V_lower^k - V_lower^k-1||_inf = 0.04315002924321764688, delta^k = -0.04315002924321764688
    Local Iteration  29: ||V_upper^k - V_upper^k-1||_inf = 0.03787041449357553269, ||V_lower^k - V_lower^k-1||_inf = 0.04142402807348899429, delta^k = -0.04142402807348899429
    Local Iteration  30: ||V_upper^k - V_upper^k-1||_inf = 0.03635559791383247141, ||V_lower^k - V_lower^k-1||_inf = 0.03976706695054943452, delta^k = -0.03976706695054943452
    Local Iteration  31: ||V_upper^k - V_upper^k-1||_inf = 0.03490137399727910594, ||V_lower^k - V_lower^k-1||_inf = 0.03817638427252745270, delta^k = -0.03817638427252745270
    Local Iteration  32: ||V_upper^k - V_upper^k-1||_inf = 0.03350531903738795947, ||V_lower^k - V_lower^k-1||_inf = 0.03664932890162642121, delta^k = -0.03664932890162642121
    Local Iteration  33: ||V_upper^k - V_upper^k-1||_inf = 0.03216510627589241889, ||V_lower^k - V_lower^k-1||_inf = 0.03518335574556130663, delta^k = -0.03518335574556130663
    Local Iteration  34: ||V_upper^k - V_upper^k-1||_inf = 0.03087850202485675766, ||V_lower^k - V_lower^k-1||_inf = 0.03377602151573888545, delta^k = -0.03377602151573888545
    Local Iteration  35: ||V_upper^k - V_upper^k-1||_inf = 0.02964336194386252288, ||V_lower^k - V_lower^k-1||_inf = 0.03242498065510929228, delta^k = -0.03242498065510929228
    Local Iteration  36: ||V_upper^k - V_upper^k-1||_inf = 0.02845762746610802640, ||V_lower^k - V_lower^k-1||_inf = 0.03112798142890493835, delta^k = -0.03112798142890493835
    Local Iteration  37: ||V_upper^k - V_upper^k-1||_inf = 0.02731932236746370535, ||V_lower^k - V_lower^k-1||_inf = 0.02988286217174873638, delta^k = -0.02988286217174873638
    Local Iteration  38: ||V_upper^k - V_upper^k-1||_inf = 0.02622654947276514825, ||V_lower^k - V_lower^k-1||_inf = 0.02868754768487874474, delta^k = -0.02868754768487874474
    Local Iteration  39: ||V_upper^k - V_upper^k-1||_inf = 0.02517748749385451124, ||V_lower^k - V_lower^k-1||_inf = 0.02754004577748359051, delta^k = -0.02754004577748359051
    Local Iteration  40: ||V_upper^k - V_upper^k-1||_inf = 0.02417038799410031746, ||V_lower^k - V_lower^k-1||_inf = 0.02643844394638422690, delta^k = -0.02643844394638422690
    Local Iteration  41: ||V_upper^k - V_upper^k-1||_inf = 0.02320357247433635361, ||V_lower^k - V_lower^k-1||_inf = 0.02538090618852889557, delta^k = -0.02538090618852889557
    Local Iteration  42: ||V_upper^k - V_upper^k-1||_inf = 0.02227542957536288171, ||V_lower^k - V_lower^k-1||_inf = 0.02381835308135876739, delta^k = -0.02381835308135876739
    Local Iteration  43: ||V_upper^k - V_upper^k-1||_inf = 0.02138441239234833979, ||V_lower^k - V_lower^k-1||_inf = 0.02023522808873334800, delta^k = -0.02023522808873334800
    Local Iteration  44: ||V_upper^k - V_upper^k-1||_inf = 0.02052903589665444617, ||V_lower^k - V_lower^k-1||_inf = 0.01942581896518402740, delta^k = -0.01942581896518402740
    Local Iteration  45: ||V_upper^k - V_upper^k-1||_inf = 0.01970787446078825500, ||V_lower^k - V_lower^k-1||_inf = 0.01864878620657667296, delta^k = -0.01864878620657667296
    Local Iteration  46: ||V_upper^k - V_upper^k-1||_inf = 0.01891955948235668483, ||V_lower^k - V_lower^k-1||_inf = 0.01790283475831361271, delta^k = -0.01790283475831361271
    Local Iteration  47: ||V_upper^k - V_upper^k-1||_inf = 0.01816277710306246629, ||V_lower^k - V_lower^k-1||_inf = 0.01718672136798105043, delta^k = -0.01718672136798105043
    Local Iteration  48: ||V_upper^k - V_upper^k-1||_inf = 0.01743626601893993877, ||V_lower^k - V_lower^k-1||_inf = 0.01649925251326178621, delta^k = -0.01649925251326178621
    Local Iteration  49: ||V_upper^k - V_upper^k-1||_inf = 0.01673881537818233678, ||V_lower^k - V_lower^k-1||_inf = 0.01583928241273130366, delta^k = -0.01583928241273130366
    Local Iteration  50: ||V_upper^k - V_upper^k-1||_inf = 0.01606926276305503665, ||V_lower^k - V_lower^k-1||_inf = 0.01520571111622204263, delta^k = -0.01520571111622204263
    Local Iteration  51: ||V_upper^k - V_upper^k-1||_inf = 0.01542649225253284184, ||V_lower^k - V_lower^k-1||_inf = 0.01459748267157315316, delta^k = -0.01459748267157315316
    Local Iteration  52: ||V_upper^k - V_upper^k-1||_inf = 0.01480943256243155703, ||V_lower^k - V_lower^k-1||_inf = 0.01401358336471023036, delta^k = -0.01401358336471023036
    Local Iteration  53: ||V_upper^k - V_upper^k-1||_inf = 0.01421705525993427477, ||V_lower^k - V_lower^k-1||_inf = 0.01345304003012182115, delta^k = -0.01345304003012182115
    Local Iteration  54: ||V_upper^k - V_upper^k-1||_inf = 0.01364837304953692154, ||V_lower^k - V_lower^k-1||_inf = 0.01291491842891695496, delta^k = -0.01291491842891695496
    Local Iteration  55: ||V_upper^k - V_upper^k-1||_inf = 0.01310243812755540471, ||V_lower^k - V_lower^k-1||_inf = 0.01239832169176027787, delta^k = -0.01239832169176027787
    Local Iteration  56: ||V_upper^k - V_upper^k-1||_inf = 0.01257834060245321961, ||V_lower^k - V_lower^k-1||_inf = 0.01190238882408986565, delta^k = -0.01190238882408986565
    Local Iteration  57: ||V_upper^k - V_upper^k-1||_inf = 0.01207520697835506862, ||V_lower^k - V_lower^k-1||_inf = 0.01142629327112626436, delta^k = -0.01142629327112626436
    Local Iteration  58: ||V_upper^k - V_upper^k-1||_inf = 0.01159219869922090140, ||V_lower^k - V_lower^k-1||_inf = 0.01096924154028122711, delta^k = -0.01096924154028122711
    Local Iteration  59: ||V_upper^k - V_upper^k-1||_inf = 0.01112851075125204092, ||V_lower^k - V_lower^k-1||_inf = 0.01053047187866998358, delta^k = -0.01053047187866998358
    Local Iteration  60: ||V_upper^k - V_upper^k-1||_inf = 0.00137530478679248613, ||V_lower^k - V_lower^k-1||_inf = 0.01010925300352316647, delta^k = -0.01010925300352316647
    Local Iteration  61: ||V_upper^k - V_upper^k-1||_inf = 0.00000000000000000000, ||V_lower^k - V_lower^k-1||_inf = 0.00970488288338225424, delta^k = -0.00970488288338225424
    Local Iteration  62: ||V_upper^k - V_upper^k-1||_inf = 0.00000000000000000000, ||V_lower^k - V_lower^k-1||_inf = 0.00931668756804696074, delta^k = -0.00931668756804696074
    Local Iteration  63: ||V_upper^k - V_upper^k-1||_inf = 0.00000000000000000000, ||V_lower^k - V_lower^k-1||_inf = 0.00894402006532510341, delta^k = -0.00894402006532510341
    Local Iteration  64: ||V_upper^k - V_upper^k-1||_inf = 0.00000000000000000000, ||V_lower^k - V_lower^k-1||_inf = 0.00858625926271208706, delta^k = -0.00858625926271208706
    Local Iteration  65: ||V_upper^k - V_upper^k-1||_inf = 0.00000000000000000000, ||V_lower^k - V_lower^k-1||_inf = 0.00824280889220360691, delta^k = -0.00824280889220360691
    Local Iteration  66: ||V_upper^k - V_upper^k-1||_inf = 0.00000000000000000000, ||V_lower^k - V_lower^k-1||_inf = 0.00791309653651547928, delta^k = -0.00791309653651547928
    Local Iteration  67: ||V_upper^k - V_upper^k-1||_inf = 0.00000000000000000000, ||V_lower^k - V_lower^k-1||_inf = 0.00759657267505486899, delta^k = -0.00759657267505486899
    Local Iteration  68: ||V_upper^k - V_upper^k-1||_inf = 0.00000000000000000000, ||V_lower^k - V_lower^k-1||_inf = 0.00729270976805267146, delta^k = -0.00729270976805267146
    Local Iteration  69: ||V_upper^k - V_upper^k-1||_inf = 0.00000000000000000000, ||V_lower^k - V_lower^k-1||_inf = 0.00700100137733057626, delta^k = -0.00700100137733057626
    Local Iteration  70: ||V_upper^k - V_upper^k-1||_inf = 0.00000000000000000000, ||V_lower^k - V_lower^k-1||_inf = 0.00672096132223734544, delta^k = -0.00672096132223734544
    Local Iteration  71: ||V_upper^k - V_upper^k-1||_inf = 0.00000000000000000000, ||V_lower^k - V_lower^k-1||_inf = 0.00645212286934786217, delta^k = -0.00645212286934786217
    Local Iteration  72: ||V_upper^k - V_upper^k-1||_inf = 0.00000000000000000000, ||V_lower^k - V_lower^k-1||_inf = 0.00619403795457394712, delta^k = -0.00619403795457394712
    Local Iteration  73: ||V_upper^k - V_upper^k-1||_inf = 0.00000000000000000000, ||V_lower^k - V_lower^k-1||_inf = 0.00589376000701494207, delta^k = -0.00589376000701494207
    Local Iteration  74: ||V_upper^k - V_upper^k-1||_inf = 0.00000000000000000000, ||V_lower^k - V_lower^k-1||_inf = 0.00565800960673433495, delta^k = -0.00565800960673433495
    Local Iteration  75: ||V_upper^k - V_upper^k-1||_inf = 0.00000000000000000000, ||V_lower^k - V_lower^k-1||_inf = 0.00408442810313930371, delta^k = -0.00408442810313930371
    Local Iteration  76: ||V_upper^k - V_upper^k-1||_inf = 0.00000000000000000000, ||V_lower^k - V_lower^k-1||_inf = 0.00392105097901374045, delta^k = -0.00392105097901374045
    Local Iteration  77: ||V_upper^k - V_upper^k-1||_inf = 0.00000000000000000000, ||V_lower^k - V_lower^k-1||_inf = 0.00376420893985318639, delta^k = -0.00376420893985318639
    Local Iteration  78: ||V_upper^k - V_upper^k-1||_inf = 0.00000000000000000000, ||V_lower^k - V_lower^k-1||_inf = 0.00361364058225906171, delta^k = -0.00361364058225906171
    Local Iteration  79: ||V_upper^k - V_upper^k-1||_inf = 0.00000000000000000000, ||V_lower^k - V_lower^k-1||_inf = 0.00346909495896870201, delta^k = -0.00346909495896870201
    Local Iteration  80: ||V_upper^k - V_upper^k-1||_inf = 0.00000000000000000000, ||V_lower^k - V_lower^k-1||_inf = 0.00333033116060994783, delta^k = -0.00333033116060994783
    Local Iteration  81: ||V_upper^k - V_upper^k-1||_inf = 0.00000000000000000000, ||V_lower^k - V_lower^k-1||_inf = 0.00319711791418554603, delta^k = -0.00319711791418554603
    Local Iteration  82: ||V_upper^k - V_upper^k-1||_inf = 0.00000000000000000000, ||V_lower^k - V_lower^k-1||_inf = 0.00306923319761813473, delta^k = -0.00306923319761813473
    Local Iteration  83: ||V_upper^k - V_upper^k-1||_inf = 0.00000000000000000000, ||V_lower^k - V_lower^k-1||_inf = 0.00294646386971340879, delta^k = -0.00294646386971340879
    Local Iteration  84: ||V_upper^k - V_upper^k-1||_inf = 0.00000000000000000000, ||V_lower^k - V_lower^k-1||_inf = 0.00282860531492486189, delta^k = -0.00282860531492486189
    Local Iteration  85: ||V_upper^k - V_upper^k-1||_inf = 0.00000000000000000000, ||V_lower^k - V_lower^k-1||_inf = 0.00271546110232787075, delta^k = -0.00271546110232787075
    Local Iteration  86: ||V_upper^k - V_upper^k-1||_inf = 0.00000000000000000000, ||V_lower^k - V_lower^k-1||_inf = 0.00260684265823475647, delta^k = -0.00260684265823475647
    Local Iteration  87: ||V_upper^k - V_upper^k-1||_inf = 0.00000000000000000000, ||V_lower^k - V_lower^k-1||_inf = 0.00250256895190537065, delta^k = -0.00250256895190537065
    Local Iteration  88: ||V_upper^k - V_upper^k-1||_inf = 0.00000000000000000000, ||V_lower^k - V_lower^k-1||_inf = 0.00240246619382915305, delta^k = -0.00240246619382915305
    Local Iteration  89: ||V_upper^k - V_upper^k-1||_inf = 0.00000000000000000000, ||V_lower^k - V_lower^k-1||_inf = 0.00230636754607598665, delta^k = -0.00230636754607598665
    Local Iteration  90: ||V_upper^k - V_upper^k-1||_inf = 0.00000000000000000000, ||V_lower^k - V_lower^k-1||_inf = 0.00221411284423294469, delta^k = -0.00221411284423294469
    Local Iteration  91: ||V_upper^k - V_upper^k-1||_inf = 0.00000000000000000000, ||V_lower^k - V_lower^k-1||_inf = 0.00212554833046362662, delta^k = -0.00212554833046362662
    Local Iteration  92: ||V_upper^k - V_upper^k-1||_inf = 0.00000000000000000000, ||V_lower^k - V_lower^k-1||_inf = 0.00204052639724508489, delta^k = -0.00204052639724508489
    Local Iteration  93: ||V_upper^k - V_upper^k-1||_inf = 0.00000000000000000000, ||V_lower^k - V_lower^k-1||_inf = 0.00195890534135528122, delta^k = -0.00195890534135528122
    Local Iteration  94: ||V_upper^k - V_upper^k-1||_inf = 0.00000000000000000000, ||V_lower^k - V_lower^k-1||_inf = 0.00188054912770106719, delta^k = -0.00188054912770106719
    Local Iteration  95: ||V_upper^k - V_upper^k-1||_inf = 0.00000000000000000000, ||V_lower^k - V_lower^k-1||_inf = 0.00180532716259302478, delta^k = -0.00180532716259302478
    Local Iteration  96: ||V_upper^k - V_upper^k-1||_inf = 0.00000000000000000000, ||V_lower^k - V_lower^k-1||_inf = 0.00173311407608930240, delta^k = -0.00173311407608930240
    Local Iteration  97: ||V_upper^k - V_upper^k-1||_inf = 0.00000000000000000000, ||V_lower^k - V_lower^k-1||_inf = 0.00166378951304572975, delta^k = -0.00166378951304572975
    Local Iteration  98: ||V_upper^k - V_upper^k-1||_inf = 0.00000000000000000000, ||V_lower^k - V_lower^k-1||_inf = 0.00159723793252390667, delta^k = -0.00159723793252390667
    Local Iteration  99: ||V_upper^k - V_upper^k-1||_inf = 0.00000000000000000000, ||V_lower^k - V_lower^k-1||_inf = 0.00153334841522295012, delta^k = -0.00153334841522295012
    Local Iteration 100: ||V_upper^k - V_upper^k-1||_inf = 0.00000000000000000000, ||V_lower^k - V_lower^k-1||_inf = 0.00147201447861403101, delta^k = -0.00147201447861403101
    Local Iteration 101: ||V_upper^k - V_upper^k-1||_inf = 0.00000000000000000000, ||V_lower^k - V_lower^k-1||_inf = 0.00141313389946946810, delta^k = -0.00141313389946946810
    Local Iteration 102: ||V_upper^k - V_upper^k-1||_inf = 0.00000000000000000000, ||V_lower^k - V_lower^k-1||_inf = 0.00135660854349069215, delta^k = -0.00135660854349069215
    Local Iteration 103: ||V_upper^k - V_upper^k-1||_inf = 0.00000000000000000000, ||V_lower^k - V_lower^k-1||_inf = 0.00130234420175106419, delta^k = -0.00130234420175106419
    Local Iteration 104: ||V_upper^k - V_upper^k-1||_inf = 0.00000000000000000000, ||V_lower^k - V_lower^k-1||_inf = 0.00125025043368101954, delta^k = -0.00125025043368101954
    Local Iteration 105: ||V_upper^k - V_upper^k-1||_inf = 0.00000000000000000000, ||V_lower^k - V_lower^k-1||_inf = 0.00120024041633377820, delta^k = -0.00120024041633377820
    Local Iteration 106: ||V_upper^k - V_upper^k-1||_inf = 0.00000000000000000000, ||V_lower^k - V_lower^k-1||_inf = 0.00115223079968042666, delta^k = -0.00115223079968042666
    Local Iteration 107: ||V_upper^k - V_upper^k-1||_inf = 0.00000000000000000000, ||V_lower^k - V_lower^k-1||_inf = 0.00110614156769320987, delta^k = -0.00110614156769320987
    Local Iteration 108: ||V_upper^k - V_upper^k-1||_inf = 0.00000000000000000000, ||V_lower^k - V_lower^k-1||_inf = 0.00106189590498548259, delta^k = -0.00106189590498548259
    Local Iteration 109: ||V_upper^k - V_upper^k-1||_inf = 0.00000000000000000000, ||V_lower^k - V_lower^k-1||_inf = 0.00101942006878606370, delta^k = -0.00101942006878606370
    Local Iteration 110: ||V_upper^k - V_upper^k-1||_inf = 0.00000000000000000000, ||V_lower^k - V_lower^k-1||_inf = 0.00097864326603461921, delta^k = -0.00097864326603461921
    Local Iteration 111: ||V_upper^k - V_upper^k-1||_inf = 0.00000000000000000000, ||V_lower^k - V_lower^k-1||_inf = 0.00093949753539323416, delta^k = -0.00093949753539323416
    Local Iteration 112: ||V_upper^k - V_upper^k-1||_inf = 0.00000000000000000000, ||V_lower^k - V_lower^k-1||_inf = 0.00090191763397750452, delta^k = -0.00090191763397750452
    Local Iteration 113: ||V_upper^k - V_upper^k-1||_inf = 0.00000000000000000000, ||V_lower^k - V_lower^k-1||_inf = 0.00086584092861840406, delta^k = -0.00086584092861840406
    Local Iteration 114: ||V_upper^k - V_upper^k-1||_inf = 0.00000000000000000000, ||V_lower^k - V_lower^k-1||_inf = 0.00083120729147366859, delta^k = -0.00083120729147366859
    Local Iteration 115: ||V_upper^k - V_upper^k-1||_inf = 0.00000000000000000000, ||V_lower^k - V_lower^k-1||_inf = 0.00079795899981472199, delta^k = -0.00079795899981472199
    Local Iteration 116: ||V_upper^k - V_upper^k-1||_inf = 0.00000000000000000000, ||V_lower^k - V_lower^k-1||_inf = 0.00076604063982213186, delta^k = -0.00076604063982213186
    Local Iteration 117: ||V_upper^k - V_upper^k-1||_inf = 0.00000000000000000000, ||V_lower^k - V_lower^k-1||_inf = 0.00073539901422924742, delta^k = -0.00073539901422924742
    Local Iteration 118: ||V_upper^k - V_upper^k-1||_inf = 0.00000000000000000000, ||V_lower^k - V_lower^k-1||_inf = 0.00070598305366007669, delta^k = -0.00070598305366007669
    Local Iteration 119: ||V_upper^k - V_upper^k-1||_inf = 0.00000000000000000000, ||V_lower^k - V_lower^k-1||_inf = 0.00067774373151367404, delta^k = -0.00067774373151367404
    Local Iteration 120: ||V_upper^k - V_upper^k-1||_inf = 0.00000000000000000000, ||V_lower^k - V_lower^k-1||_inf = 0.00065063398225312721, delta^k = -0.00065063398225312721
    Local Iteration 121: ||V_upper^k - V_upper^k-1||_inf = 0.00000000000000000000, ||V_lower^k - V_lower^k-1||_inf = 0.00062460862296300282, delta^k = -0.00062460862296300282
    Local Iteration 122: ||V_upper^k - V_upper^k-1||_inf = 0.00000000000000000000, ||V_lower^k - V_lower^k-1||_inf = 0.00059962427804448326, delta^k = -0.00059962427804448326
    Local Iteration 123: ||V_upper^k - V_upper^k-1||_inf = 0.00000000000000000000, ||V_lower^k - V_lower^k-1||_inf = 0.00057563930692270358, delta^k = -0.00057563930692270358
    Local Iteration 124: ||V_upper^k - V_upper^k-1||_inf = 0.00000000000000000000, ||V_lower^k - V_lower^k-1||_inf = 0.00055261373464579426, delta^k = -0.00055261373464579426
    Local Iteration 125: ||V_upper^k - V_upper^k-1||_inf = 0.00000000000000000000, ||V_lower^k - V_lower^k-1||_inf = 0.00053050918525996381, delta^k = -0.00053050918525996381
    Local Iteration 126: ||V_upper^k - V_upper^k-1||_inf = 0.00000000000000000000, ||V_lower^k - V_lower^k-1||_inf = 0.00050928881784956422, delta^k = -0.00050928881784956422
    Local Iteration 127: ||V_upper^k - V_upper^k-1||_inf = 0.00000000000000000000, ||V_lower^k - V_lower^k-1||_inf = 0.00048891726513558206, delta^k = -0.00048891726513558206
    Local Iteration 128: ||V_upper^k - V_upper^k-1||_inf = 0.00000000000000000000, ||V_lower^k - V_lower^k-1||_inf = 0.00046936057453015809, delta^k = -0.00046936057453015809
    Local Iteration 129: ||V_upper^k - V_upper^k-1||_inf = 0.00000000000000000000, ||V_lower^k - V_lower^k-1||_inf = 0.00045058615154895329, delta^k = -0.00045058615154895329
    Local Iteration 130: ||V_upper^k - V_upper^k-1||_inf = 0.00000000000000000000, ||V_lower^k - V_lower^k-1||_inf = 0.00043256270548699439, delta^k = -0.00043256270548699439
    Local Iteration 131: ||V_upper^k - V_upper^k-1||_inf = 0.00000000000000000000, ||V_lower^k - V_lower^k-1||_inf = 0.00041526019726751372, delta^k = -0.00041526019726751372
    Local Iteration 132: ||V_upper^k - V_upper^k-1||_inf = 0.00000000000000000000, ||V_lower^k - V_lower^k-1||_inf = 0.00039864978937681310, delta^k = -0.00039864978937681310
    Local Iteration 133: ||V_upper^k - V_upper^k-1||_inf = 0.00000000000000000000, ||V_lower^k - V_lower^k-1||_inf = 0.00038270379780174120, delta^k = -0.00038270379780174120
    Local Iteration 134: ||V_upper^k - V_upper^k-1||_inf = 0.00000000000000000000, ||V_lower^k - V_lower^k-1||_inf = 0.00036739564588967114, delta^k = -0.00036739564588967114
    Local Iteration 135: ||V_upper^k - V_upper^k-1||_inf = 0.00000000000000000000, ||V_lower^k - V_lower^k-1||_inf = 0.00035269982005408512, delta^k = -0.00035269982005408512
    Local Iteration 136: ||V_upper^k - V_upper^k-1||_inf = 0.00000000000000000000, ||V_lower^k - V_lower^k-1||_inf = 0.00033859182725192068, delta^k = -0.00033859182725192068
    Local Iteration 137: ||V_upper^k - V_upper^k-1||_inf = 0.00000000000000000000, ||V_lower^k - V_lower^k-1||_inf = 0.00032504815416184440, delta^k = -0.00032504815416184440
    Local Iteration 138: ||V_upper^k - V_upper^k-1||_inf = 0.00000000000000000000, ||V_lower^k - V_lower^k-1||_inf = 0.00031204622799537070, delta^k = -0.00031204622799537070
    Local Iteration 139: ||V_upper^k - V_upper^k-1||_inf = 0.00000000000000000000, ||V_lower^k - V_lower^k-1||_inf = 0.00029956437887555636, delta^k = -0.00029956437887555636
    Local Iteration 140: ||V_upper^k - V_upper^k-1||_inf = 0.00000000000000000000, ||V_lower^k - V_lower^k-1||_inf = 0.00028758180372053400, delta^k = -0.00028758180372053400
    Local Iteration 141: ||V_upper^k - V_upper^k-1||_inf = 0.00000000000000000000, ||V_lower^k - V_lower^k-1||_inf = 0.00027607853157171278, delta^k = -0.00027607853157171278
    Local Iteration 142: ||V_upper^k - V_upper^k-1||_inf = 0.00000000000000000000, ||V_lower^k - V_lower^k-1||_inf = 0.00026503539030884368, delta^k = -0.00026503539030884368
    Local Iteration 143: ||V_upper^k - V_upper^k-1||_inf = 0.00000000000000000000, ||V_lower^k - V_lower^k-1||_inf = 0.00025443397469649028, delta^k = -0.00025443397469649028
    Local Iteration 144: ||V_upper^k - V_upper^k-1||_inf = 0.00000000000000000000, ||V_lower^k - V_lower^k-1||_inf = 0.00024425661570863077, delta^k = -0.00024425661570863077
    Local Iteration 145: ||V_upper^k - V_upper^k-1||_inf = 0.00000000000000000000, ||V_lower^k - V_lower^k-1||_inf = 0.00023448635108028540, delta^k = -0.00023448635108028540
    Local Iteration 146: ||V_upper^k - V_upper^k-1||_inf = 0.00000000000000000000, ||V_lower^k - V_lower^k-1||_inf = 0.00022510689703707405, delta^k = -0.00022510689703707405
    Local Iteration 147: ||V_upper^k - V_upper^k-1||_inf = 0.00000000000000000000, ||V_lower^k - V_lower^k-1||_inf = 0.00021610262115559064, delta^k = -0.00021610262115559064
    Local Iteration 148: ||V_upper^k - V_upper^k-1||_inf = 0.00000000000000000000, ||V_lower^k - V_lower^k-1||_inf = 0.00020745851630936743, delta^k = -0.00020745851630936743
    Local Iteration 149: ||V_upper^k - V_upper^k-1||_inf = 0.00000000000000000000, ||V_lower^k - V_lower^k-1||_inf = 0.00019916017565699273, delta^k = -0.00019916017565699273
    Local Iteration 150: ||V_upper^k - V_upper^k-1||_inf = 0.00000000000000000000, ||V_lower^k - V_lower^k-1||_inf = 0.00019119376863071299, delta^k = -0.00019119376863071299
    Local Iteration 151: ||V_upper^k - V_upper^k-1||_inf = 0.00000000000000000000, ||V_lower^k - V_lower^k-1||_inf = 0.00018354601788548447, delta^k = -0.00018354601788548447
    Local Iteration 152: ||V_upper^k - V_upper^k-1||_inf = 0.00000000000000000000, ||V_lower^k - V_lower^k-1||_inf = 0.00017620417717006519, delta^k = -0.00017620417717006519
    Local Iteration 153: ||V_upper^k - V_upper^k-1||_inf = 0.00000000000000000000, ||V_lower^k - V_lower^k-1||_inf = 0.00016915601008326252, delta^k = -0.00016915601008326252
    Local Iteration 154: ||V_upper^k - V_upper^k-1||_inf = 0.00000000000000000000, ||V_lower^k - V_lower^k-1||_inf = 0.00016238976967993153, delta^k = -0.00016238976967993153
    Local Iteration 155: ||V_upper^k - V_upper^k-1||_inf = 0.00000000000000000000, ||V_lower^k - V_lower^k-1||_inf = 0.00015589417889273456, delta^k = -0.00015589417889273456
    Local Iteration 156: ||V_upper^k - V_upper^k-1||_inf = 0.00000000000000000000, ||V_lower^k - V_lower^k-1||_inf = 0.00014965841173702511, delta^k = -0.00014965841173702511
    Local Iteration 157: ||V_upper^k - V_upper^k-1||_inf = 0.00000000000000000000, ||V_lower^k - V_lower^k-1||_inf = 0.00014367207526754400, delta^k = -0.00014367207526754400
    Local Iteration 158: ||V_upper^k - V_upper^k-1||_inf = 0.00000000000000000000, ||V_lower^k - V_lower^k-1||_inf = 0.00013792519225684250, delta^k = -0.00013792519225684250
    Local Iteration 159: ||V_upper^k - V_upper^k-1||_inf = 0.00000000000000000000, ||V_lower^k - V_lower^k-1||_inf = 0.00013240818456656872, delta^k = -0.00013240818456656872
    Local Iteration 160: ||V_upper^k - V_upper^k-1||_inf = 0.00000000000000000000, ||V_lower^k - V_lower^k-1||_inf = 0.00012711185718390595, delta^k = -0.00012711185718390595
    Local Iteration 161: ||V_upper^k - V_upper^k-1||_inf = 0.00000000000000000000, ||V_lower^k - V_lower^k-1||_inf = 0.00012202738289654978, delta^k = -0.00012202738289654978
    Local Iteration 162: ||V_upper^k - V_upper^k-1||_inf = 0.00000000000000000000, ||V_lower^k - V_lower^k-1||_inf = 0.00011714628758068783, delta^k = -0.00011714628758068783
    Local Iteration 163: ||V_upper^k - V_upper^k-1||_inf = 0.00000000000000000000, ||V_lower^k - V_lower^k-1||_inf = 0.00011246043607746016, delta^k = -0.00011246043607746016
    Local Iteration 164: ||V_upper^k - V_upper^k-1||_inf = 0.00000000000000000000, ||V_lower^k - V_lower^k-1||_inf = 0.00010796201863436149, delta^k = -0.00010796201863436149
    Local Iteration 165: ||V_upper^k - V_upper^k-1||_inf = 0.00000000000000000000, ||V_lower^k - V_lower^k-1||_inf = 0.00010364353788898731, delta^k = -0.00010364353788898731
    Local Iteration 166: ||V_upper^k - V_upper^k-1||_inf = 0.00000000000000000000, ||V_lower^k - V_lower^k-1||_inf = 0.00009949779637342775, delta^k = -0.00009949779637342775
    Local Iteration 167: ||V_upper^k - V_upper^k-1||_inf = 0.00000000000000000000, ||V_lower^k - V_lower^k-1||_inf = 0.00009551788451849083, delta^k = -0.00009551788451849083
    Local Iteration 168: ||V_upper^k - V_upper^k-1||_inf = 0.00000000000000000000, ||V_lower^k - V_lower^k-1||_inf = 0.00009169716913775107, delta^k = -0.00009169716913775107
    Local Iteration 169: ||V_upper^k - V_upper^k-1||_inf = 0.00000000000000000000, ||V_lower^k - V_lower^k-1||_inf = 0.00008802928237224093, delta^k = -0.00008802928237224093
    Local Iteration 170: ||V_upper^k - V_upper^k-1||_inf = 0.00000000000000000000, ||V_lower^k - V_lower^k-1||_inf = 0.00008450811107735138, delta^k = -0.00008450811107735138
    Local Iteration 171: ||V_upper^k - V_upper^k-1||_inf = 0.00000000000000000000, ||V_lower^k - V_lower^k-1||_inf = 0.00008112778663425715, delta^k = -0.00008112778663425715
    Local Iteration 172: ||V_upper^k - V_upper^k-1||_inf = 0.00000000000000000000, ||V_lower^k - V_lower^k-1||_inf = 0.00007788267516888698, delta^k = -0.00007788267516888698
    Local Iteration 173: ||V_upper^k - V_upper^k-1||_inf = 0.00000000000000000000, ||V_lower^k - V_lower^k-1||_inf = 0.00007476736816213153, delta^k = -0.00007476736816213153
    Local Iteration 174: ||V_upper^k - V_upper^k-1||_inf = 0.00000000000000000000, ||V_lower^k - V_lower^k-1||_inf = 0.00007177667343564618, delta^k = -0.00007177667343564618
    Local Iteration 175: ||V_upper^k - V_upper^k-1||_inf = 0.00000000000000000000, ||V_lower^k - V_lower^k-1||_inf = 0.00006890560649822032, delta^k = -0.00006890560649822032
    Local Iteration 176: ||V_upper^k - V_upper^k-1||_inf = 0.00000000000000000000, ||V_lower^k - V_lower^k-1||_inf = 0.00006614938223829152, delta^k = -0.00006614938223829152
    Local Iteration 177: ||V_upper^k - V_upper^k-1||_inf = 0.00000000000000000000, ||V_lower^k - V_lower^k-1||_inf = 0.00006350340694875997, delta^k = -0.00006350340694875997
    Local Iteration 178: ||V_upper^k - V_upper^k-1||_inf = 0.00000000000000000000, ||V_lower^k - V_lower^k-1||_inf = 0.00006096327067080937, delta^k = -0.00006096327067080937
    Local Iteration 179: ||V_upper^k - V_upper^k-1||_inf = 0.00000000000000000000, ||V_lower^k - V_lower^k-1||_inf = 0.00005852473984397700, delta^k = -0.00005852473984397700
    Local Iteration 180: ||V_upper^k - V_upper^k-1||_inf = 0.00000000000000000000, ||V_lower^k - V_lower^k-1||_inf = 0.00005618375025021809, delta^k = -0.00005618375025021809
    Local Iteration 181: ||V_upper^k - V_upper^k-1||_inf = 0.00000000000000000000, ||V_lower^k - V_lower^k-1||_inf = 0.00005393640024020934, delta^k = -0.00005393640024020934
    Local Iteration 182: ||V_upper^k - V_upper^k-1||_inf = 0.00000000000000000000, ||V_lower^k - V_lower^k-1||_inf = 0.00005177894423060098, delta^k = -0.00005177894423060098
    Local Iteration 183: ||V_upper^k - V_upper^k-1||_inf = 0.00000000000000000000, ||V_lower^k - V_lower^k-1||_inf = 0.00004970778646137689, delta^k = -0.00004970778646137689
    Local Iteration 184: ||V_upper^k - V_upper^k-1||_inf = 0.00000000000000000000, ||V_lower^k - V_lower^k-1||_inf = 0.00004771947500292186, delta^k = -0.00004771947500292186
    Local Iteration 185: ||V_upper^k - V_upper^k-1||_inf = 0.00000000000000000000, ||V_lower^k - V_lower^k-1||_inf = 0.00004581069600280495, delta^k = -0.00004581069600280495
    Local Iteration 186: ||V_upper^k - V_upper^k-1||_inf = 0.00000000000000000000, ||V_lower^k - V_lower^k-1||_inf = 0.00004304129974402903, delta^k = -0.00004304129974402903
    Local Iteration 187: ||V_upper^k - V_upper^k-1||_inf = 0.00000000000000000000, ||V_lower^k - V_lower^k-1||_inf = 0.00004131964775426771, delta^k = -0.00004131964775426771
    Local Iteration 188: ||V_upper^k - V_upper^k-1||_inf = 0.00000000000000000000, ||V_lower^k - V_lower^k-1||_inf = 0.00003966686184409712, delta^k = -0.00003966686184409712
    Local Iteration 189: ||V_upper^k - V_upper^k-1||_inf = 0.00000000000000000000, ||V_lower^k - V_lower^k-1||_inf = 0.00003808018737033324, delta^k = -0.00003808018737033324
    Local Iteration 190: ||V_upper^k - V_upper^k-1||_inf = 0.00000000000000000000, ||V_lower^k - V_lower^k-1||_inf = 0.00003655697987551990, delta^k = -0.00003655697987551990
    Local Iteration 191: ||V_upper^k - V_upper^k-1||_inf = 0.00000000000000000000, ||V_lower^k - V_lower^k-1||_inf = 0.00003509470068049903, delta^k = -0.00003509470068049903
    Local Iteration 192: ||V_upper^k - V_upper^k-1||_inf = 0.00000000000000000000, ||V_lower^k - V_lower^k-1||_inf = 0.00003369091265327908, delta^k = -0.00003369091265327908
    Local Iteration 193: ||V_upper^k - V_upper^k-1||_inf = 0.00000000000000000000, ||V_lower^k - V_lower^k-1||_inf = 0.00003234327614714801, delta^k = -0.00003234327614714801
    Local Iteration 194: ||V_upper^k - V_upper^k-1||_inf = 0.00000000000000000000, ||V_lower^k - V_lower^k-1||_inf = 0.00003104954510126199, delta^k = -0.00003104954510126199
    Local Iteration 195: ||V_upper^k - V_upper^k-1||_inf = 0.00000000000000000000, ||V_lower^k - V_lower^k-1||_inf = 0.00002980756329721158, delta^k = -0.00002980756329721158
    Local Iteration 196: ||V_upper^k - V_upper^k-1||_inf = 0.00000000000000000000, ||V_lower^k - V_lower^k-1||_inf = 0.00002861526076532314, delta^k = -0.00002861526076532314
    Local Iteration 197: ||V_upper^k - V_upper^k-1||_inf = 0.00000000000000000000, ||V_lower^k - V_lower^k-1||_inf = 0.00002747065033471016, delta^k = -0.00002747065033471016
    Local Iteration 198: ||V_upper^k - V_upper^k-1||_inf = 0.00000000000000000000, ||V_lower^k - V_lower^k-1||_inf = 0.00002637182432132178, delta^k = -0.00002637182432132178
    Local Iteration 199: ||V_upper^k - V_upper^k-1||_inf = 0.00000000000000000000, ||V_lower^k - V_lower^k-1||_inf = 0.00002531695134846892, delta^k = -0.00002531695134846892
    Local Iteration 200: ||V_upper^k - V_upper^k-1||_inf = 0.00000000000000000000, ||V_lower^k - V_lower^k-1||_inf = 0.00002430427329453008, delta^k = -0.00002430427329453008
    Local Iteration 201: ||V_upper^k - V_upper^k-1||_inf = 0.00000000000000000000, ||V_lower^k - V_lower^k-1||_inf = 0.00002333210236274896, delta^k = -0.00002333210236274896
    Local Iteration 202: ||V_upper^k - V_upper^k-1||_inf = 0.00000000000000000000, ||V_lower^k - V_lower^k-1||_inf = 0.00002239881826823894, delta^k = -0.00002239881826823894
    Local Iteration 203: ||V_upper^k - V_upper^k-1||_inf = 0.00000000000000000000, ||V_lower^k - V_lower^k-1||_inf = 0.00002150286553750935, delta^k = -0.00002150286553750935
    Local Iteration 204: ||V_upper^k - V_upper^k-1||_inf = 0.00000000000000000000, ||V_lower^k - V_lower^k-1||_inf = 0.00002064275091600903, delta^k = -0.00002064275091600903
    Local Iteration 205: ||V_upper^k - V_upper^k-1||_inf = 0.00000000000000000000, ||V_lower^k - V_lower^k-1||_inf = 0.00001981704087936867, delta^k = -0.00001981704087936867
    Local Iteration 206: ||V_upper^k - V_upper^k-1||_inf = 0.00000000000000000000, ||V_lower^k - V_lower^k-1||_inf = 0.00001902435924419394, delta^k = -0.00001902435924419394
    Local Iteration 207: ||V_upper^k - V_upper^k-1||_inf = 0.00000000000000000000, ||V_lower^k - V_lower^k-1||_inf = 0.00001826338487442614, delta^k = -0.00001826338487442614
    Local Iteration 208: ||V_upper^k - V_upper^k-1||_inf = 0.00000000000000000000, ||V_lower^k - V_lower^k-1||_inf = 0.00001753284947944914, delta^k = -0.00001753284947944914
    Local Iteration 209: ||V_upper^k - V_upper^k-1||_inf = 0.00000000000000000000, ||V_lower^k - V_lower^k-1||_inf = 0.00001683153550027116, delta^k = -0.00001683153550027116
    Local Iteration 210: ||V_upper^k - V_upper^k-1||_inf = 0.00000000000000000000, ||V_lower^k - V_lower^k-1||_inf = 0.00001615827408026028, delta^k = -0.00001615827408026028
    Local Iteration 211: ||V_upper^k - V_upper^k-1||_inf = 0.00000000000000000000, ||V_lower^k - V_lower^k-1||_inf = 0.00001551194311704990, delta^k = -0.00001551194311704990
    Local Iteration 212: ||V_upper^k - V_upper^k-1||_inf = 0.00000000000000000000, ||V_lower^k - V_lower^k-1||_inf = 0.00001489146539236788, delta^k = -0.00001489146539236788
    Local Iteration 213: ||V_upper^k - V_upper^k-1||_inf = 0.00000000000000000000, ||V_lower^k - V_lower^k-1||_inf = 0.00001429580677667319, delta^k = -0.00001429580677667319
    Local Iteration 214: ||V_upper^k - V_upper^k-1||_inf = 0.00000000000000000000, ||V_lower^k - V_lower^k-1||_inf = 0.00001372397450560625, delta^k = -0.00001372397450560625
    Local Iteration 215: ||V_upper^k - V_upper^k-1||_inf = 0.00000000000000000000, ||V_lower^k - V_lower^k-1||_inf = 0.00001317501552538201, delta^k = -0.00001317501552538201
    Local Iteration 216: ||V_upper^k - V_upper^k-1||_inf = 0.00000000000000000000, ||V_lower^k - V_lower^k-1||_inf = 0.00001264801490436673, delta^k = -0.00001264801490436673
    Local Iteration 217: ||V_upper^k - V_upper^k-1||_inf = 0.00000000000000000000, ||V_lower^k - V_lower^k-1||_inf = 0.00001214209430819204, delta^k = -0.00001214209430819204
    Local Iteration 218: ||V_upper^k - V_upper^k-1||_inf = 0.00000000000000000000, ||V_lower^k - V_lower^k-1||_inf = 0.00001165641053586439, delta^k = -0.00001165641053586439
    Local Iteration 219: ||V_upper^k - V_upper^k-1||_inf = 0.00000000000000000000, ||V_lower^k - V_lower^k-1||_inf = 0.00001119015411442977, delta^k = -0.00001119015411442977
    Local Iteration 220: ||V_upper^k - V_upper^k-1||_inf = 0.00000000000000000000, ||V_lower^k - V_lower^k-1||_inf = 0.00001074254794985259, delta^k = -0.00001074254794985259
    Local Iteration 221: ||V_upper^k - V_upper^k-1||_inf = 0.00000000000000000000, ||V_lower^k - V_lower^k-1||_inf = 0.00001031284603185851, delta^k = -0.00001031284603185851
    Local Iteration 222: ||V_upper^k - V_upper^k-1||_inf = 0.00000000000000000000, ||V_lower^k - V_lower^k-1||_inf = 0.00000990033219058415, delta^k = -0.00000990033219058415
    Local Iteration 223: ||V_upper^k - V_upper^k-1||_inf = 0.00000000000000000000, ||V_lower^k - V_lower^k-1||_inf = 0.00000950431890296078, delta^k = -0.00000950431890296078
    Local Iteration 224: ||V_upper^k - V_upper^k-1||_inf = 0.00000000000000000000, ||V_lower^k - V_lower^k-1||_inf = 0.00000912414614684235, delta^k = -0.00000912414614684235
    Local Iteration 225: ||V_upper^k - V_upper^k-1||_inf = 0.00000000000000000000, ||V_lower^k - V_lower^k-1||_inf = 0.00000875918030096866, delta^k = -0.00000875918030096866
    Local Iteration 226: ||V_upper^k - V_upper^k-1||_inf = 0.00000000000000000000, ||V_lower^k - V_lower^k-1||_inf = 0.00000840881308892990, delta^k = -0.00000840881308892990
    Local Iteration 227: ||V_upper^k - V_upper^k-1||_inf = 0.00000000000000000000, ||V_lower^k - V_lower^k-1||_inf = 0.00000807246056537270, delta^k = -0.00000807246056537270
    Local Iteration 228: ||V_upper^k - V_upper^k-1||_inf = 0.00000000000000000000, ||V_lower^k - V_lower^k-1||_inf = 0.00000774956214275781, delta^k = -0.00000774956214275781
    Local Iteration 229: ||V_upper^k - V_upper^k-1||_inf = 0.00000000000000000000, ||V_lower^k - V_lower^k-1||_inf = 0.00000743957965704749, delta^k = -0.00000743957965704749
    Local Iteration 230: ||V_upper^k - V_upper^k-1||_inf = 0.00000000000000000000, ||V_lower^k - V_lower^k-1||_inf = 0.00000714199647076561, delta^k = -0.00000714199647076561
    Local Iteration 231: ||V_upper^k - V_upper^k-1||_inf = 0.00000000000000000000, ||V_lower^k - V_lower^k-1||_inf = 0.00000685631661193498, delta^k = -0.00000685631661193498
    Local Iteration 232: ||V_upper^k - V_upper^k-1||_inf = 0.00000000000000000000, ||V_lower^k - V_lower^k-1||_inf = 0.00000658206394745758, delta^k = -0.00000658206394745758
    Local Iteration 233: ||V_upper^k - V_upper^k-1||_inf = 0.00000000000000000000, ||V_lower^k - V_lower^k-1||_inf = 0.00000631878138955926, delta^k = -0.00000631878138955926
    Local Iteration 234: ||V_upper^k - V_upper^k-1||_inf = 0.00000000000000000000, ||V_lower^k - V_lower^k-1||_inf = 0.00000606603013397690, delta^k = -0.00000606603013397690
    Local Iteration 235: ||V_upper^k - V_upper^k-1||_inf = 0.00000000000000000000, ||V_lower^k - V_lower^k-1||_inf = 0.00000582338892861782, delta^k = -0.00000582338892861782
    Local Iteration 236: ||V_upper^k - V_upper^k-1||_inf = 0.00000000000000000000, ||V_lower^k - V_lower^k-1||_inf = 0.00000559045337147310, delta^k = -0.00000559045337147310
    Local Iteration 237: ||V_upper^k - V_upper^k-1||_inf = 0.00000000000000000000, ||V_lower^k - V_lower^k-1||_inf = 0.00000536683523661419, delta^k = -0.00000536683523661419
    Local Iteration 238: ||V_upper^k - V_upper^k-1||_inf = 0.00000000000000000000, ||V_lower^k - V_lower^k-1||_inf = 0.00000430468759375635, delta^k = -0.00000430468759375635
    Local Iteration 239: ||V_upper^k - V_upper^k-1||_inf = 0.00000000000000000000, ||V_lower^k - V_lower^k-1||_inf = 0.00000000000000000000, delta^k = 0.00000000000000000000

============================================================
 CONSERVATIVE STOPPING CONDITION MET (Algorithm 3)
============================================================
  delta^k = 0.0000000000e+00 >= -delta_max
  ||V_upper^k - V_upper^k-1||_inf = 0.0000000000e+00 < 1e-08
  eps_cons = (0.96 * 0.0000000000e+00) / 0.04 = 0.0000000000e+00
  Correcting V_lower for 5996870 cells: V_lower <- V_lower - eps_cons - eps_machine
   Conservative correction applied successfully
  Machine epsilon eps_machine = 2.220e-16
    Local VI completed in 239 iterations
    Final convergence values:
      ||V_upper^final - V_upper^prev||_inf = 0.00000000e+00
      ||V_lower^final - V_lower^prev||_inf = 0.00000000e+00
  Local VI completed in 239 iterations, time: 363.465s
    Final ||V_upper^k - V_upper^k-1||_inf = 0.00000000000000000000e+00
    Final ||V_lower^k - V_lower^k-1||_inf = 0.00000000000000000000e+00
  Saved visualization: /Users/i.k.tabbara/Documents/python directory/HSCC_2027/refactored_Implementations/results_hscc_2027_newbellmans_12workers/ra_discount/double_integrator_res10_eps0.05_dmin1e-08_dmax1e-08_gamma0.96_dt0.3_tau0.3_cons/value_function_phase_12_complete.png
  Phase 12 completed in 368.26s with 5996870 leaf cells

Classification after phase 12:
  Safe:          2321804 cells ( 38.7%),   74.4% of state space
  Unsafe:         658676 cells ( 11.0%),   18.3% of state space
  Unclassified:  3016390 cells ( 50.3%),    7.4% of state space

======================================================================
REFINEMENT PHASE 13
======================================================================
Boundary cells: 3016390
  Refinable (>eta_min=0.017678): 3016390
  Below threshold: 0
  Cumulative refined: 5986870
  Refinable cell size statistics:
    Max:    0.050000
    Mean:   0.050000
    Min:    0.050000
    Median: 0.050000
  Refining 3016390 cells...
    Refined: 3016390 parent cells
    Created: 6032780 child cells
    Total cells: 9013260
    Refinement time: 0.118s
    Cumulative refined: 9003260
  Rebuilding spatial index...
  Building spatial index for 9013260 cells...
   Spatial index built in 4.78s
    Spatial index rebuilt in 4.782s
  Initializing 6032780 new cells...
  Initializing 6032780 new cells in parallel...
   Initialized in 0.02s (295143381.2 cells/s)
    Initialization completed in 0.020s
  Starting local value iteration...
  Reinitializing ALL 9013260 cells (V = l)
   Reinitialized 9013260 cells in 0.03s (257585190.6 cells/s)
  Local VI: updating all 9013260 cells
    Conservative mode: True
    delta_max: 1e-08
    Max iterations: 20000
    Updating successor cache for 6032780 updated cells...
    Updating successor cache for 6032780 new cells (HYBRID)...
      Affected cells: 7783432
   Trajectories + spatial queries computed in 53.07s (1320008.7 tasks/s)
    Breakdown: 10.8% ODE, 89.2% queries
     Cache updated in 73.37s (954759.0 tasks/s)
    Local Iteration   1: ||V_upper^k - V_upper^k-1||_inf = 3.93799602617861266296, ||V_lower^k - V_lower^k-1||_inf = 3.84076884376546257016, delta^k = -3.84076884376546257016
    Local Iteration   2: ||V_upper^k - V_upper^k-1||_inf = 3.77207197250227554974, ||V_lower^k - V_lower^k-1||_inf = 3.63622640176941214207, delta^k = -3.63622640176941214207
    Local Iteration   3: ||V_upper^k - V_upper^k-1||_inf = 3.60472000745491616414, ||V_lower^k - V_lower^k-1||_inf = 3.41754385667961813056, delta^k = -3.41754385667961813056
    Local Iteration   4: ||V_upper^k - V_upper^k-1||_inf = 3.32352900458319666654, ||V_lower^k - V_lower^k-1||_inf = 3.16346540432273126697, delta^k = -3.16346540432273126697
    Local Iteration   5: ||V_upper^k - V_upper^k-1||_inf = 0.10087660684255084220, ||V_lower^k - V_lower^k-1||_inf = 0.40551389981672758545, delta^k = -0.40551389981672758545
    Local Iteration   6: ||V_upper^k - V_upper^k-1||_inf = 0.09684154256884891510, ||V_lower^k - V_lower^k-1||_inf = 0.33393310262414743761, delta^k = -0.33393310262414743761
    Local Iteration   7: ||V_upper^k - V_upper^k-1||_inf = 0.09296788086609497626, ||V_lower^k - V_lower^k-1||_inf = 0.30523753558254840268, delta^k = -0.30523753558254840268
    Local Iteration   8: ||V_upper^k - V_upper^k-1||_inf = 0.08924916563145135484, ||V_lower^k - V_lower^k-1||_inf = 0.23290639100161214525, delta^k = -0.23290639100161214525
    Local Iteration   9: ||V_upper^k - V_upper^k-1||_inf = 0.08567919900619314078, ||V_lower^k - V_lower^k-1||_inf = 0.09582135689861326355, delta^k = -0.09582135689861326355
    Local Iteration  10: ||V_upper^k - V_upper^k-1||_inf = 0.08225203104594536185, ||V_lower^k - V_lower^k-1||_inf = 0.09198850262266877742, delta^k = -0.09198850262266877742
    Local Iteration  11: ||V_upper^k - V_upper^k-1||_inf = 0.07896194980410764508, ||V_lower^k - V_lower^k-1||_inf = 0.08830896251776199080, delta^k = -0.08830896251776199080
    Local Iteration  12: ||V_upper^k - V_upper^k-1||_inf = 0.07580347181194335704, ||V_lower^k - V_lower^k-1||_inf = 0.08291657713275291108, delta^k = -0.08291657713275291108
    Local Iteration  13: ||V_upper^k - V_upper^k-1||_inf = 0.07277133293946547177, ||V_lower^k - V_lower^k-1||_inf = 0.07959991404744282129, delta^k = -0.07959991404744282129
    Local Iteration  14: ||V_upper^k - V_upper^k-1||_inf = 0.06986047962188690619, ||V_lower^k - V_lower^k-1||_inf = 0.07641591748554499297, delta^k = -0.07641591748554499297
    Local Iteration  15: ||V_upper^k - V_upper^k-1||_inf = 0.06706606043701146547, ||V_lower^k - V_lower^k-1||_inf = 0.07335928078612297121, delta^k = -0.07335928078612297121
    Local Iteration  16: ||V_upper^k - V_upper^k-1||_inf = 0.06438341801953106902, ||V_lower^k - V_lower^k-1||_inf = 0.07042490955467806124, delta^k = -0.07042490955467806124
    Local Iteration  17: ||V_upper^k - V_upper^k-1||_inf = 0.06180808129874981738, ||V_lower^k - V_lower^k-1||_inf = 0.06760791317249104093, delta^k = -0.06760791317249104093
    Local Iteration  18: ||V_upper^k - V_upper^k-1||_inf = 0.05933575804679969146, ||V_lower^k - V_lower^k-1||_inf = 0.06490359664559131048, delta^k = -0.06490359664559131048
    Local Iteration  19: ||V_upper^k - V_upper^k-1||_inf = 0.05696232772492781926, ||V_lower^k - V_lower^k-1||_inf = 0.06230745277976756924, delta^k = -0.06230745277976756924
    Local Iteration  20: ||V_upper^k - V_upper^k-1||_inf = 0.05468383461593062655, ||V_lower^k - V_lower^k-1||_inf = 0.05981515466857689756, delta^k = -0.05981515466857689756
    Local Iteration  21: ||V_upper^k - V_upper^k-1||_inf = 0.05249648123129335708, ||V_lower^k - V_lower^k-1||_inf = 0.05742254848183381277, delta^k = -0.05742254848183381277
    Local Iteration  22: ||V_upper^k - V_upper^k-1||_inf = 0.05039662198204175603, ||V_lower^k - V_lower^k-1||_inf = 0.05512564654256046914, delta^k = -0.05512564654256046914
    Local Iteration  23: ||V_upper^k - V_upper^k-1||_inf = 0.04838075710276013019, ||V_lower^k - V_lower^k-1||_inf = 0.05292062068085812143, delta^k = -0.05292062068085812143
    Local Iteration  24: ||V_upper^k - V_upper^k-1||_inf = 0.04644552681864966281, ||V_lower^k - V_lower^k-1||_inf = 0.05080379585362382322, delta^k = -0.05080379585362382322
    Local Iteration  25: ||V_upper^k - V_upper^k-1||_inf = 0.04458770574590364966, ||V_lower^k - V_lower^k-1||_inf = 0.04877164401947886585, delta^k = -0.04877164401947886585
    Local Iteration  26: ||V_upper^k - V_upper^k-1||_inf = 0.04280419751606756584, ||V_lower^k - V_lower^k-1||_inf = 0.04682077825869968013, delta^k = -0.04682077825869968013
    Local Iteration  27: ||V_upper^k - V_upper^k-1||_inf = 0.04109202961542479660, ||V_lower^k - V_lower^k-1||_inf = 0.04494794712835170625, delta^k = -0.04494794712835170625
    Local Iteration  28: ||V_upper^k - V_upper^k-1||_inf = 0.03944834843080780029, ||V_lower^k - V_lower^k-1||_inf = 0.04315002924321764688, delta^k = -0.04315002924321764688
    Local Iteration  29: ||V_upper^k - V_upper^k-1||_inf = 0.03787041449357553269, ||V_lower^k - V_lower^k-1||_inf = 0.04142402807348899429, delta^k = -0.04142402807348899429
    Local Iteration  30: ||V_upper^k - V_upper^k-1||_inf = 0.03635559791383247141, ||V_lower^k - V_lower^k-1||_inf = 0.03976706695054943452, delta^k = -0.03976706695054943452
    Local Iteration  31: ||V_upper^k - V_upper^k-1||_inf = 0.03490137399727910594, ||V_lower^k - V_lower^k-1||_inf = 0.03817638427252745270, delta^k = -0.03817638427252745270
    Local Iteration  32: ||V_upper^k - V_upper^k-1||_inf = 0.03350531903738795947, ||V_lower^k - V_lower^k-1||_inf = 0.03664932890162642121, delta^k = -0.03664932890162642121
    Local Iteration  33: ||V_upper^k - V_upper^k-1||_inf = 0.03216510627589241889, ||V_lower^k - V_lower^k-1||_inf = 0.03518335574556130663, delta^k = -0.03518335574556130663
    Local Iteration  34: ||V_upper^k - V_upper^k-1||_inf = 0.03087850202485675766, ||V_lower^k - V_lower^k-1||_inf = 0.03377602151573888545, delta^k = -0.03377602151573888545
    Local Iteration  35: ||V_upper^k - V_upper^k-1||_inf = 0.02964336194386252288, ||V_lower^k - V_lower^k-1||_inf = 0.03242498065510929228, delta^k = -0.03242498065510929228
    Local Iteration  36: ||V_upper^k - V_upper^k-1||_inf = 0.02845762746610802640, ||V_lower^k - V_lower^k-1||_inf = 0.03112798142890493835, delta^k = -0.03112798142890493835
    Local Iteration  37: ||V_upper^k - V_upper^k-1||_inf = 0.02731932236746370535, ||V_lower^k - V_lower^k-1||_inf = 0.02988286217174873638, delta^k = -0.02988286217174873638
    Local Iteration  38: ||V_upper^k - V_upper^k-1||_inf = 0.02622654947276514825, ||V_lower^k - V_lower^k-1||_inf = 0.02868754768487874474, delta^k = -0.02868754768487874474
    Local Iteration  39: ||V_upper^k - V_upper^k-1||_inf = 0.02517748749385451124, ||V_lower^k - V_lower^k-1||_inf = 0.02754004577748359051, delta^k = -0.02754004577748359051
    Local Iteration  40: ||V_upper^k - V_upper^k-1||_inf = 0.02417038799410031746, ||V_lower^k - V_lower^k-1||_inf = 0.02643844394638422690, delta^k = -0.02643844394638422690
    Local Iteration  41: ||V_upper^k - V_upper^k-1||_inf = 0.02320357247433635361, ||V_lower^k - V_lower^k-1||_inf = 0.02538090618852889557, delta^k = -0.02538090618852889557
    Local Iteration  42: ||V_upper^k - V_upper^k-1||_inf = 0.02227542957536288171, ||V_lower^k - V_lower^k-1||_inf = 0.02381835308135876739, delta^k = -0.02381835308135876739
    Local Iteration  43: ||V_upper^k - V_upper^k-1||_inf = 0.02138441239234833979, ||V_lower^k - V_lower^k-1||_inf = 0.01985462565834766879, delta^k = -0.01985462565834766879
    Local Iteration  44: ||V_upper^k - V_upper^k-1||_inf = 0.02052903589665444617, ||V_lower^k - V_lower^k-1||_inf = 0.01882415636321671526, delta^k = -0.01882415636321671526
    Local Iteration  45: ||V_upper^k - V_upper^k-1||_inf = 0.01970787446078825500, ||V_lower^k - V_lower^k-1||_inf = 0.01689014941636740597, delta^k = -0.01689014941636740597
    Local Iteration  46: ||V_upper^k - V_upper^k-1||_inf = 0.01891955948235668483, ||V_lower^k - V_lower^k-1||_inf = 0.01621454343971273637, delta^k = -0.01621454343971273637
    Local Iteration  47: ||V_upper^k - V_upper^k-1||_inf = 0.01816277710306246629, ||V_lower^k - V_lower^k-1||_inf = 0.01556596170212420915, delta^k = -0.01556596170212420915
    Local Iteration  48: ||V_upper^k - V_upper^k-1||_inf = 0.01743626601893993877, ||V_lower^k - V_lower^k-1||_inf = 0.01494332323403924079, delta^k = -0.01494332323403924079
    Local Iteration  49: ||V_upper^k - V_upper^k-1||_inf = 0.01673881537818233678, ||V_lower^k - V_lower^k-1||_inf = 0.01434559030467769114, delta^k = -0.01434559030467769114
    Local Iteration  50: ||V_upper^k - V_upper^k-1||_inf = 0.01606926276305503665, ||V_lower^k - V_lower^k-1||_inf = 0.01377176669249058349, delta^k = -0.01377176669249058349
    Local Iteration  51: ||V_upper^k - V_upper^k-1||_inf = 0.01542649225253284184, ||V_lower^k - V_lower^k-1||_inf = 0.01322089602479095682, delta^k = -0.01322089602479095682
    Local Iteration  52: ||V_upper^k - V_upper^k-1||_inf = 0.01480943256243155703, ||V_lower^k - V_lower^k-1||_inf = 0.01269206018379931411, delta^k = -0.01269206018379931411
    Local Iteration  53: ||V_upper^k - V_upper^k-1||_inf = 0.01421705525993427477, ||V_lower^k - V_lower^k-1||_inf = 0.01218437777644734710, delta^k = -0.01218437777644734710
    Local Iteration  54: ||V_upper^k - V_upper^k-1||_inf = 0.01364837304953692154, ||V_lower^k - V_lower^k-1||_inf = 0.01169700266538944988, delta^k = -0.01169700266538944988
    Local Iteration  55: ||V_upper^k - V_upper^k-1||_inf = 0.01310243812755540471, ||V_lower^k - V_lower^k-1||_inf = 0.01122912255877386856, delta^k = -0.01122912255877386856
    Local Iteration  56: ||V_upper^k - V_upper^k-1||_inf = 0.01257834060245321961, ||V_lower^k - V_lower^k-1||_inf = 0.01077995765642292270, delta^k = -0.01077995765642292270
    Local Iteration  57: ||V_upper^k - V_upper^k-1||_inf = 0.01207520697835506862, ||V_lower^k - V_lower^k-1||_inf = 0.01034875935016599247, delta^k = -0.01034875935016599247
    Local Iteration  58: ||V_upper^k - V_upper^k-1||_inf = 0.01159219869922090140, ||V_lower^k - V_lower^k-1||_inf = 0.00993480897615936498, delta^k = -0.00993480897615936498
    Local Iteration  59: ||V_upper^k - V_upper^k-1||_inf = 0.01112851075125204092, ||V_lower^k - V_lower^k-1||_inf = 0.00953741661711299260, delta^k = -0.00953741661711299260
    Local Iteration  60: ||V_upper^k - V_upper^k-1||_inf = 0.01068337032120197927, ||V_lower^k - V_lower^k-1||_inf = 0.00915591995242845402, delta^k = -0.00915591995242845402
    Local Iteration  61: ||V_upper^k - V_upper^k-1||_inf = 0.00132029259532073784, ||V_lower^k - V_lower^k-1||_inf = 0.00878968315433131808, delta^k = -0.00878968315433131808
    Local Iteration  62: ||V_upper^k - V_upper^k-1||_inf = 0.00000000000000000000, ||V_lower^k - V_lower^k-1||_inf = 0.00843809582815804871, delta^k = -0.00843809582815804871
    Local Iteration  63: ||V_upper^k - V_upper^k-1||_inf = 0.00000000000000000000, ||V_lower^k - V_lower^k-1||_inf = 0.00810057199503172454, delta^k = -0.00810057199503172454
    Local Iteration  64: ||V_upper^k - V_upper^k-1||_inf = 0.00000000000000000000, ||V_lower^k - V_lower^k-1||_inf = 0.00777654911523045778, delta^k = -0.00777654911523045778
    Local Iteration  65: ||V_upper^k - V_upper^k-1||_inf = 0.00000000000000000000, ||V_lower^k - V_lower^k-1||_inf = 0.00746548715062123058, delta^k = -0.00746548715062123058
    Local Iteration  66: ||V_upper^k - V_upper^k-1||_inf = 0.00000000000000000000, ||V_lower^k - V_lower^k-1||_inf = 0.00716686766459637137, delta^k = -0.00716686766459637137
    Local Iteration  67: ||V_upper^k - V_upper^k-1||_inf = 0.00000000000000000000, ||V_lower^k - V_lower^k-1||_inf = 0.00688019295801252373, delta^k = -0.00688019295801252373
    Local Iteration  68: ||V_upper^k - V_upper^k-1||_inf = 0.00000000000000000000, ||V_lower^k - V_lower^k-1||_inf = 0.00660498523969202389, delta^k = -0.00660498523969202389
    Local Iteration  69: ||V_upper^k - V_upper^k-1||_inf = 0.00000000000000000000, ||V_lower^k - V_lower^k-1||_inf = 0.00634078583010434793, delta^k = -0.00634078583010434793
    Local Iteration  70: ||V_upper^k - V_upper^k-1||_inf = 0.00000000000000000000, ||V_lower^k - V_lower^k-1||_inf = 0.00608715439690017679, delta^k = -0.00608715439690017679
    Local Iteration  71: ||V_upper^k - V_upper^k-1||_inf = 0.00000000000000000000, ||V_lower^k - V_lower^k-1||_inf = 0.00584366822102416750, delta^k = -0.00584366822102416750
    Local Iteration  72: ||V_upper^k - V_upper^k-1||_inf = 0.00000000000000000000, ||V_lower^k - V_lower^k-1||_inf = 0.00560992149218320080, delta^k = -0.00560992149218320080
    Local Iteration  73: ||V_upper^k - V_upper^k-1||_inf = 0.00000000000000000000, ||V_lower^k - V_lower^k-1||_inf = 0.00538552463249587776, delta^k = -0.00538552463249587776
    Local Iteration  74: ||V_upper^k - V_upper^k-1||_inf = 0.00000000000000000000, ||V_lower^k - V_lower^k-1||_inf = 0.00517010364719604210, delta^k = -0.00517010364719604210
    Local Iteration  75: ||V_upper^k - V_upper^k-1||_inf = 0.00000000000000000000, ||V_lower^k - V_lower^k-1||_inf = 0.00408442810313930371, delta^k = -0.00408442810313930371
    Local Iteration  76: ||V_upper^k - V_upper^k-1||_inf = 0.00000000000000000000, ||V_lower^k - V_lower^k-1||_inf = 0.00392105097901374045, delta^k = -0.00392105097901374045
    Local Iteration  77: ||V_upper^k - V_upper^k-1||_inf = 0.00000000000000000000, ||V_lower^k - V_lower^k-1||_inf = 0.00376420893985318639, delta^k = -0.00376420893985318639
    Local Iteration  78: ||V_upper^k - V_upper^k-1||_inf = 0.00000000000000000000, ||V_lower^k - V_lower^k-1||_inf = 0.00361364058225906171, delta^k = -0.00361364058225906171
    Local Iteration  79: ||V_upper^k - V_upper^k-1||_inf = 0.00000000000000000000, ||V_lower^k - V_lower^k-1||_inf = 0.00346909495896870201, delta^k = -0.00346909495896870201
    Local Iteration  80: ||V_upper^k - V_upper^k-1||_inf = 0.00000000000000000000, ||V_lower^k - V_lower^k-1||_inf = 0.00333033116060994783, delta^k = -0.00333033116060994783
    Local Iteration  81: ||V_upper^k - V_upper^k-1||_inf = 0.00000000000000000000, ||V_lower^k - V_lower^k-1||_inf = 0.00319711791418554603, delta^k = -0.00319711791418554603
    Local Iteration  82: ||V_upper^k - V_upper^k-1||_inf = 0.00000000000000000000, ||V_lower^k - V_lower^k-1||_inf = 0.00306923319761813473, delta^k = -0.00306923319761813473
    Local Iteration  83: ||V_upper^k - V_upper^k-1||_inf = 0.00000000000000000000, ||V_lower^k - V_lower^k-1||_inf = 0.00294646386971340879, delta^k = -0.00294646386971340879
    Local Iteration  84: ||V_upper^k - V_upper^k-1||_inf = 0.00000000000000000000, ||V_lower^k - V_lower^k-1||_inf = 0.00282860531492486189, delta^k = -0.00282860531492486189
    Local Iteration  85: ||V_upper^k - V_upper^k-1||_inf = 0.00000000000000000000, ||V_lower^k - V_lower^k-1||_inf = 0.00271546110232787075, delta^k = -0.00271546110232787075
    Local Iteration  86: ||V_upper^k - V_upper^k-1||_inf = 0.00000000000000000000, ||V_lower^k - V_lower^k-1||_inf = 0.00260684265823475647, delta^k = -0.00260684265823475647
    Local Iteration  87: ||V_upper^k - V_upper^k-1||_inf = 0.00000000000000000000, ||V_lower^k - V_lower^k-1||_inf = 0.00250256895190537065, delta^k = -0.00250256895190537065
    Local Iteration  88: ||V_upper^k - V_upper^k-1||_inf = 0.00000000000000000000, ||V_lower^k - V_lower^k-1||_inf = 0.00240246619382915305, delta^k = -0.00240246619382915305
    Local Iteration  89: ||V_upper^k - V_upper^k-1||_inf = 0.00000000000000000000, ||V_lower^k - V_lower^k-1||_inf = 0.00230636754607598665, delta^k = -0.00230636754607598665
    Local Iteration  90: ||V_upper^k - V_upper^k-1||_inf = 0.00000000000000000000, ||V_lower^k - V_lower^k-1||_inf = 0.00221411284423294469, delta^k = -0.00221411284423294469
    Local Iteration  91: ||V_upper^k - V_upper^k-1||_inf = 0.00000000000000000000, ||V_lower^k - V_lower^k-1||_inf = 0.00212554833046362662, delta^k = -0.00212554833046362662
    Local Iteration  92: ||V_upper^k - V_upper^k-1||_inf = 0.00000000000000000000, ||V_lower^k - V_lower^k-1||_inf = 0.00204052639724508489, delta^k = -0.00204052639724508489
    Local Iteration  93: ||V_upper^k - V_upper^k-1||_inf = 0.00000000000000000000, ||V_lower^k - V_lower^k-1||_inf = 0.00195890534135528122, delta^k = -0.00195890534135528122
    Local Iteration  94: ||V_upper^k - V_upper^k-1||_inf = 0.00000000000000000000, ||V_lower^k - V_lower^k-1||_inf = 0.00188054912770106719, delta^k = -0.00188054912770106719
    Local Iteration  95: ||V_upper^k - V_upper^k-1||_inf = 0.00000000000000000000, ||V_lower^k - V_lower^k-1||_inf = 0.00180532716259302478, delta^k = -0.00180532716259302478
    Local Iteration  96: ||V_upper^k - V_upper^k-1||_inf = 0.00000000000000000000, ||V_lower^k - V_lower^k-1||_inf = 0.00173311407608930240, delta^k = -0.00173311407608930240
    Local Iteration  97: ||V_upper^k - V_upper^k-1||_inf = 0.00000000000000000000, ||V_lower^k - V_lower^k-1||_inf = 0.00166378951304572975, delta^k = -0.00166378951304572975
    Local Iteration  98: ||V_upper^k - V_upper^k-1||_inf = 0.00000000000000000000, ||V_lower^k - V_lower^k-1||_inf = 0.00159723793252390667, delta^k = -0.00159723793252390667
    Local Iteration  99: ||V_upper^k - V_upper^k-1||_inf = 0.00000000000000000000, ||V_lower^k - V_lower^k-1||_inf = 0.00153334841522295012, delta^k = -0.00153334841522295012
    Local Iteration 100: ||V_upper^k - V_upper^k-1||_inf = 0.00000000000000000000, ||V_lower^k - V_lower^k-1||_inf = 0.00147201447861403101, delta^k = -0.00147201447861403101
    Local Iteration 101: ||V_upper^k - V_upper^k-1||_inf = 0.00000000000000000000, ||V_lower^k - V_lower^k-1||_inf = 0.00141313389946946810, delta^k = -0.00141313389946946810
    Local Iteration 102: ||V_upper^k - V_upper^k-1||_inf = 0.00000000000000000000, ||V_lower^k - V_lower^k-1||_inf = 0.00135660854349069215, delta^k = -0.00135660854349069215
    Local Iteration 103: ||V_upper^k - V_upper^k-1||_inf = 0.00000000000000000000, ||V_lower^k - V_lower^k-1||_inf = 0.00130234420175106419, delta^k = -0.00130234420175106419
    Local Iteration 104: ||V_upper^k - V_upper^k-1||_inf = 0.00000000000000000000, ||V_lower^k - V_lower^k-1||_inf = 0.00125025043368101954, delta^k = -0.00125025043368101954
    Local Iteration 105: ||V_upper^k - V_upper^k-1||_inf = 0.00000000000000000000, ||V_lower^k - V_lower^k-1||_inf = 0.00120024041633377820, delta^k = -0.00120024041633377820
    Local Iteration 106: ||V_upper^k - V_upper^k-1||_inf = 0.00000000000000000000, ||V_lower^k - V_lower^k-1||_inf = 0.00115223079968042666, delta^k = -0.00115223079968042666
    Local Iteration 107: ||V_upper^k - V_upper^k-1||_inf = 0.00000000000000000000, ||V_lower^k - V_lower^k-1||_inf = 0.00110614156769320987, delta^k = -0.00110614156769320987
    Local Iteration 108: ||V_upper^k - V_upper^k-1||_inf = 0.00000000000000000000, ||V_lower^k - V_lower^k-1||_inf = 0.00106189590498548259, delta^k = -0.00106189590498548259
    Local Iteration 109: ||V_upper^k - V_upper^k-1||_inf = 0.00000000000000000000, ||V_lower^k - V_lower^k-1||_inf = 0.00101942006878606370, delta^k = -0.00101942006878606370
    Local Iteration 110: ||V_upper^k - V_upper^k-1||_inf = 0.00000000000000000000, ||V_lower^k - V_lower^k-1||_inf = 0.00097864326603461921, delta^k = -0.00097864326603461921
    Local Iteration 111: ||V_upper^k - V_upper^k-1||_inf = 0.00000000000000000000, ||V_lower^k - V_lower^k-1||_inf = 0.00093949753539323416, delta^k = -0.00093949753539323416
    Local Iteration 112: ||V_upper^k - V_upper^k-1||_inf = 0.00000000000000000000, ||V_lower^k - V_lower^k-1||_inf = 0.00090191763397750452, delta^k = -0.00090191763397750452
    Local Iteration 113: ||V_upper^k - V_upper^k-1||_inf = 0.00000000000000000000, ||V_lower^k - V_lower^k-1||_inf = 0.00086584092861840406, delta^k = -0.00086584092861840406
    Local Iteration 114: ||V_upper^k - V_upper^k-1||_inf = 0.00000000000000000000, ||V_lower^k - V_lower^k-1||_inf = 0.00083120729147366859, delta^k = -0.00083120729147366859
    Local Iteration 115: ||V_upper^k - V_upper^k-1||_inf = 0.00000000000000000000, ||V_lower^k - V_lower^k-1||_inf = 0.00079795899981472199, delta^k = -0.00079795899981472199
    Local Iteration 116: ||V_upper^k - V_upper^k-1||_inf = 0.00000000000000000000, ||V_lower^k - V_lower^k-1||_inf = 0.00076604063982213186, delta^k = -0.00076604063982213186
    Local Iteration 117: ||V_upper^k - V_upper^k-1||_inf = 0.00000000000000000000, ||V_lower^k - V_lower^k-1||_inf = 0.00073539901422924742, delta^k = -0.00073539901422924742
    Local Iteration 118: ||V_upper^k - V_upper^k-1||_inf = 0.00000000000000000000, ||V_lower^k - V_lower^k-1||_inf = 0.00070598305366007669, delta^k = -0.00070598305366007669
    Local Iteration 119: ||V_upper^k - V_upper^k-1||_inf = 0.00000000000000000000, ||V_lower^k - V_lower^k-1||_inf = 0.00067774373151367404, delta^k = -0.00067774373151367404
    Local Iteration 120: ||V_upper^k - V_upper^k-1||_inf = 0.00000000000000000000, ||V_lower^k - V_lower^k-1||_inf = 0.00065063398225312721, delta^k = -0.00065063398225312721
    Local Iteration 121: ||V_upper^k - V_upper^k-1||_inf = 0.00000000000000000000, ||V_lower^k - V_lower^k-1||_inf = 0.00062460862296300282, delta^k = -0.00062460862296300282
    Local Iteration 122: ||V_upper^k - V_upper^k-1||_inf = 0.00000000000000000000, ||V_lower^k - V_lower^k-1||_inf = 0.00059962427804448326, delta^k = -0.00059962427804448326
    Local Iteration 123: ||V_upper^k - V_upper^k-1||_inf = 0.00000000000000000000, ||V_lower^k - V_lower^k-1||_inf = 0.00057563930692270358, delta^k = -0.00057563930692270358
    Local Iteration 124: ||V_upper^k - V_upper^k-1||_inf = 0.00000000000000000000, ||V_lower^k - V_lower^k-1||_inf = 0.00055261373464579426, delta^k = -0.00055261373464579426
    Local Iteration 125: ||V_upper^k - V_upper^k-1||_inf = 0.00000000000000000000, ||V_lower^k - V_lower^k-1||_inf = 0.00053050918525996381, delta^k = -0.00053050918525996381
    Local Iteration 126: ||V_upper^k - V_upper^k-1||_inf = 0.00000000000000000000, ||V_lower^k - V_lower^k-1||_inf = 0.00050928881784956422, delta^k = -0.00050928881784956422
    Local Iteration 127: ||V_upper^k - V_upper^k-1||_inf = 0.00000000000000000000, ||V_lower^k - V_lower^k-1||_inf = 0.00048891726513558206, delta^k = -0.00048891726513558206
    Local Iteration 128: ||V_upper^k - V_upper^k-1||_inf = 0.00000000000000000000, ||V_lower^k - V_lower^k-1||_inf = 0.00046936057453015809, delta^k = -0.00046936057453015809
    Local Iteration 129: ||V_upper^k - V_upper^k-1||_inf = 0.00000000000000000000, ||V_lower^k - V_lower^k-1||_inf = 0.00045058615154895329, delta^k = -0.00045058615154895329
    Local Iteration 130: ||V_upper^k - V_upper^k-1||_inf = 0.00000000000000000000, ||V_lower^k - V_lower^k-1||_inf = 0.00043256270548699439, delta^k = -0.00043256270548699439
    Local Iteration 131: ||V_upper^k - V_upper^k-1||_inf = 0.00000000000000000000, ||V_lower^k - V_lower^k-1||_inf = 0.00041526019726751372, delta^k = -0.00041526019726751372
    Local Iteration 132: ||V_upper^k - V_upper^k-1||_inf = 0.00000000000000000000, ||V_lower^k - V_lower^k-1||_inf = 0.00039864978937681310, delta^k = -0.00039864978937681310
    Local Iteration 133: ||V_upper^k - V_upper^k-1||_inf = 0.00000000000000000000, ||V_lower^k - V_lower^k-1||_inf = 0.00038270379780174120, delta^k = -0.00038270379780174120
    Local Iteration 134: ||V_upper^k - V_upper^k-1||_inf = 0.00000000000000000000, ||V_lower^k - V_lower^k-1||_inf = 0.00036739564588967114, delta^k = -0.00036739564588967114
    Local Iteration 135: ||V_upper^k - V_upper^k-1||_inf = 0.00000000000000000000, ||V_lower^k - V_lower^k-1||_inf = 0.00035269982005408512, delta^k = -0.00035269982005408512
    Local Iteration 136: ||V_upper^k - V_upper^k-1||_inf = 0.00000000000000000000, ||V_lower^k - V_lower^k-1||_inf = 0.00033859182725192068, delta^k = -0.00033859182725192068
    Local Iteration 137: ||V_upper^k - V_upper^k-1||_inf = 0.00000000000000000000, ||V_lower^k - V_lower^k-1||_inf = 0.00032504815416184440, delta^k = -0.00032504815416184440
    Local Iteration 138: ||V_upper^k - V_upper^k-1||_inf = 0.00000000000000000000, ||V_lower^k - V_lower^k-1||_inf = 0.00031204622799537070, delta^k = -0.00031204622799537070
    Local Iteration 139: ||V_upper^k - V_upper^k-1||_inf = 0.00000000000000000000, ||V_lower^k - V_lower^k-1||_inf = 0.00029956437887555636, delta^k = -0.00029956437887555636
    Local Iteration 140: ||V_upper^k - V_upper^k-1||_inf = 0.00000000000000000000, ||V_lower^k - V_lower^k-1||_inf = 0.00028758180372053400, delta^k = -0.00028758180372053400
    Local Iteration 141: ||V_upper^k - V_upper^k-1||_inf = 0.00000000000000000000, ||V_lower^k - V_lower^k-1||_inf = 0.00027607853157171278, delta^k = -0.00027607853157171278
    Local Iteration 142: ||V_upper^k - V_upper^k-1||_inf = 0.00000000000000000000, ||V_lower^k - V_lower^k-1||_inf = 0.00026503539030884368, delta^k = -0.00026503539030884368
    Local Iteration 143: ||V_upper^k - V_upper^k-1||_inf = 0.00000000000000000000, ||V_lower^k - V_lower^k-1||_inf = 0.00025443397469649028, delta^k = -0.00025443397469649028
    Local Iteration 144: ||V_upper^k - V_upper^k-1||_inf = 0.00000000000000000000, ||V_lower^k - V_lower^k-1||_inf = 0.00024425661570863077, delta^k = -0.00024425661570863077
    Local Iteration 145: ||V_upper^k - V_upper^k-1||_inf = 0.00000000000000000000, ||V_lower^k - V_lower^k-1||_inf = 0.00023448635108028540, delta^k = -0.00023448635108028540
    Local Iteration 146: ||V_upper^k - V_upper^k-1||_inf = 0.00000000000000000000, ||V_lower^k - V_lower^k-1||_inf = 0.00022510689703707405, delta^k = -0.00022510689703707405
    Local Iteration 147: ||V_upper^k - V_upper^k-1||_inf = 0.00000000000000000000, ||V_lower^k - V_lower^k-1||_inf = 0.00021610262115559064, delta^k = -0.00021610262115559064
    Local Iteration 148: ||V_upper^k - V_upper^k-1||_inf = 0.00000000000000000000, ||V_lower^k - V_lower^k-1||_inf = 0.00020745851630936743, delta^k = -0.00020745851630936743
    Local Iteration 149: ||V_upper^k - V_upper^k-1||_inf = 0.00000000000000000000, ||V_lower^k - V_lower^k-1||_inf = 0.00019916017565699273, delta^k = -0.00019916017565699273
    Local Iteration 150: ||V_upper^k - V_upper^k-1||_inf = 0.00000000000000000000, ||V_lower^k - V_lower^k-1||_inf = 0.00019119376863071299, delta^k = -0.00019119376863071299
    Local Iteration 151: ||V_upper^k - V_upper^k-1||_inf = 0.00000000000000000000, ||V_lower^k - V_lower^k-1||_inf = 0.00018354601788548447, delta^k = -0.00018354601788548447
    Local Iteration 152: ||V_upper^k - V_upper^k-1||_inf = 0.00000000000000000000, ||V_lower^k - V_lower^k-1||_inf = 0.00017620417717006519, delta^k = -0.00017620417717006519
    Local Iteration 153: ||V_upper^k - V_upper^k-1||_inf = 0.00000000000000000000, ||V_lower^k - V_lower^k-1||_inf = 0.00016915601008326252, delta^k = -0.00016915601008326252
    Local Iteration 154: ||V_upper^k - V_upper^k-1||_inf = 0.00000000000000000000, ||V_lower^k - V_lower^k-1||_inf = 0.00016238976967993153, delta^k = -0.00016238976967993153
    Local Iteration 155: ||V_upper^k - V_upper^k-1||_inf = 0.00000000000000000000, ||V_lower^k - V_lower^k-1||_inf = 0.00015589417889273456, delta^k = -0.00015589417889273456
    Local Iteration 156: ||V_upper^k - V_upper^k-1||_inf = 0.00000000000000000000, ||V_lower^k - V_lower^k-1||_inf = 0.00014965841173702511, delta^k = -0.00014965841173702511
    Local Iteration 157: ||V_upper^k - V_upper^k-1||_inf = 0.00000000000000000000, ||V_lower^k - V_lower^k-1||_inf = 0.00014367207526754400, delta^k = -0.00014367207526754400
    Local Iteration 158: ||V_upper^k - V_upper^k-1||_inf = 0.00000000000000000000, ||V_lower^k - V_lower^k-1||_inf = 0.00013792519225684250, delta^k = -0.00013792519225684250
    Local Iteration 159: ||V_upper^k - V_upper^k-1||_inf = 0.00000000000000000000, ||V_lower^k - V_lower^k-1||_inf = 0.00013240818456656872, delta^k = -0.00013240818456656872
    Local Iteration 160: ||V_upper^k - V_upper^k-1||_inf = 0.00000000000000000000, ||V_lower^k - V_lower^k-1||_inf = 0.00012711185718390595, delta^k = -0.00012711185718390595
    Local Iteration 161: ||V_upper^k - V_upper^k-1||_inf = 0.00000000000000000000, ||V_lower^k - V_lower^k-1||_inf = 0.00012202738289654978, delta^k = -0.00012202738289654978
    Local Iteration 162: ||V_upper^k - V_upper^k-1||_inf = 0.00000000000000000000, ||V_lower^k - V_lower^k-1||_inf = 0.00011714628758068783, delta^k = -0.00011714628758068783
    Local Iteration 163: ||V_upper^k - V_upper^k-1||_inf = 0.00000000000000000000, ||V_lower^k - V_lower^k-1||_inf = 0.00011246043607746016, delta^k = -0.00011246043607746016
    Local Iteration 164: ||V_upper^k - V_upper^k-1||_inf = 0.00000000000000000000, ||V_lower^k - V_lower^k-1||_inf = 0.00010796201863436149, delta^k = -0.00010796201863436149
    Local Iteration 165: ||V_upper^k - V_upper^k-1||_inf = 0.00000000000000000000, ||V_lower^k - V_lower^k-1||_inf = 0.00010364353788898731, delta^k = -0.00010364353788898731
    Local Iteration 166: ||V_upper^k - V_upper^k-1||_inf = 0.00000000000000000000, ||V_lower^k - V_lower^k-1||_inf = 0.00009949779637342775, delta^k = -0.00009949779637342775
    Local Iteration 167: ||V_upper^k - V_upper^k-1||_inf = 0.00000000000000000000, ||V_lower^k - V_lower^k-1||_inf = 0.00009551788451849083, delta^k = -0.00009551788451849083
    Local Iteration 168: ||V_upper^k - V_upper^k-1||_inf = 0.00000000000000000000, ||V_lower^k - V_lower^k-1||_inf = 0.00009169716913775107, delta^k = -0.00009169716913775107
    Local Iteration 169: ||V_upper^k - V_upper^k-1||_inf = 0.00000000000000000000, ||V_lower^k - V_lower^k-1||_inf = 0.00008802928237224093, delta^k = -0.00008802928237224093
    Local Iteration 170: ||V_upper^k - V_upper^k-1||_inf = 0.00000000000000000000, ||V_lower^k - V_lower^k-1||_inf = 0.00008450811107735138, delta^k = -0.00008450811107735138
    Local Iteration 171: ||V_upper^k - V_upper^k-1||_inf = 0.00000000000000000000, ||V_lower^k - V_lower^k-1||_inf = 0.00008112778663425715, delta^k = -0.00008112778663425715
    Local Iteration 172: ||V_upper^k - V_upper^k-1||_inf = 0.00000000000000000000, ||V_lower^k - V_lower^k-1||_inf = 0.00007788267516888698, delta^k = -0.00007788267516888698
    Local Iteration 173: ||V_upper^k - V_upper^k-1||_inf = 0.00000000000000000000, ||V_lower^k - V_lower^k-1||_inf = 0.00007476736816213153, delta^k = -0.00007476736816213153
    Local Iteration 174: ||V_upper^k - V_upper^k-1||_inf = 0.00000000000000000000, ||V_lower^k - V_lower^k-1||_inf = 0.00007177667343564618, delta^k = -0.00007177667343564618
    Local Iteration 175: ||V_upper^k - V_upper^k-1||_inf = 0.00000000000000000000, ||V_lower^k - V_lower^k-1||_inf = 0.00006890560649822032, delta^k = -0.00006890560649822032
    Local Iteration 176: ||V_upper^k - V_upper^k-1||_inf = 0.00000000000000000000, ||V_lower^k - V_lower^k-1||_inf = 0.00006614938223829152, delta^k = -0.00006614938223829152
    Local Iteration 177: ||V_upper^k - V_upper^k-1||_inf = 0.00000000000000000000, ||V_lower^k - V_lower^k-1||_inf = 0.00006350340694875997, delta^k = -0.00006350340694875997
    Local Iteration 178: ||V_upper^k - V_upper^k-1||_inf = 0.00000000000000000000, ||V_lower^k - V_lower^k-1||_inf = 0.00006096327067080937, delta^k = -0.00006096327067080937
    Local Iteration 179: ||V_upper^k - V_upper^k-1||_inf = 0.00000000000000000000, ||V_lower^k - V_lower^k-1||_inf = 0.00005852473984397700, delta^k = -0.00005852473984397700
    Local Iteration 180: ||V_upper^k - V_upper^k-1||_inf = 0.00000000000000000000, ||V_lower^k - V_lower^k-1||_inf = 0.00005618375025021809, delta^k = -0.00005618375025021809
    Local Iteration 181: ||V_upper^k - V_upper^k-1||_inf = 0.00000000000000000000, ||V_lower^k - V_lower^k-1||_inf = 0.00005393640024020934, delta^k = -0.00005393640024020934
    Local Iteration 182: ||V_upper^k - V_upper^k-1||_inf = 0.00000000000000000000, ||V_lower^k - V_lower^k-1||_inf = 0.00005177894423060098, delta^k = -0.00005177894423060098
    Local Iteration 183: ||V_upper^k - V_upper^k-1||_inf = 0.00000000000000000000, ||V_lower^k - V_lower^k-1||_inf = 0.00004970778646137689, delta^k = -0.00004970778646137689
    Local Iteration 184: ||V_upper^k - V_upper^k-1||_inf = 0.00000000000000000000, ||V_lower^k - V_lower^k-1||_inf = 0.00004771947500292186, delta^k = -0.00004771947500292186
    Local Iteration 185: ||V_upper^k - V_upper^k-1||_inf = 0.00000000000000000000, ||V_lower^k - V_lower^k-1||_inf = 0.00004581069600280495, delta^k = -0.00004581069600280495
    Local Iteration 186: ||V_upper^k - V_upper^k-1||_inf = 0.00000000000000000000, ||V_lower^k - V_lower^k-1||_inf = 0.00004342352288519923, delta^k = -0.00004342352288519923
    Local Iteration 187: ||V_upper^k - V_upper^k-1||_inf = 0.00000000000000000000, ||V_lower^k - V_lower^k-1||_inf = 0.00004168658196979135, delta^k = -0.00004168658196979135
    Local Iteration 188: ||V_upper^k - V_upper^k-1||_inf = 0.00000000000000000000, ||V_lower^k - V_lower^k-1||_inf = 0.00004001911869099971, delta^k = -0.00004001911869099971
    Local Iteration 189: ||V_upper^k - V_upper^k-1||_inf = 0.00000000000000000000, ||V_lower^k - V_lower^k-1||_inf = 0.00003841835394335967, delta^k = -0.00003841835394335967
    Local Iteration 190: ||V_upper^k - V_upper^k-1||_inf = 0.00000000000000000000, ||V_lower^k - V_lower^k-1||_inf = 0.00003688161978562528, delta^k = -0.00003688161978562528
    Local Iteration 191: ||V_upper^k - V_upper^k-1||_inf = 0.00000000000000000000, ||V_lower^k - V_lower^k-1||_inf = 0.00003540635499420025, delta^k = -0.00003540635499420025
    Local Iteration 192: ||V_upper^k - V_upper^k-1||_inf = 0.00000000000000000000, ||V_lower^k - V_lower^k-1||_inf = 0.00003399010079443228, delta^k = -0.00003399010079443228
    Local Iteration 193: ||V_upper^k - V_upper^k-1||_inf = 0.00000000000000000000, ||V_lower^k - V_lower^k-1||_inf = 0.00003263049676265495, delta^k = -0.00003263049676265495
    Local Iteration 194: ||V_upper^k - V_upper^k-1||_inf = 0.00000000000000000000, ||V_lower^k - V_lower^k-1||_inf = 0.00003132527689214877, delta^k = -0.00003132527689214877
    Local Iteration 195: ||V_upper^k - V_upper^k-1||_inf = 0.00000000000000000000, ||V_lower^k - V_lower^k-1||_inf = 0.00003007226581646283, delta^k = -0.00003007226581646283
    Local Iteration 196: ||V_upper^k - V_upper^k-1||_inf = 0.00000000000000000000, ||V_lower^k - V_lower^k-1||_inf = 0.00002886937518380432, delta^k = -0.00002886937518380432
    Local Iteration 197: ||V_upper^k - V_upper^k-1||_inf = 0.00000000000000000000, ||V_lower^k - V_lower^k-1||_inf = 0.00002771460017645213, delta^k = -0.00002771460017645213
    Local Iteration 198: ||V_upper^k - V_upper^k-1||_inf = 0.00000000000000000000, ||V_lower^k - V_lower^k-1||_inf = 0.00002660601616939404, delta^k = -0.00002660601616939404
    Local Iteration 199: ||V_upper^k - V_upper^k-1||_inf = 0.00000000000000000000, ||V_lower^k - V_lower^k-1||_inf = 0.00002554177552261826, delta^k = -0.00002554177552261826
    Local Iteration 200: ||V_upper^k - V_upper^k-1||_inf = 0.00000000000000000000, ||V_lower^k - V_lower^k-1||_inf = 0.00002452010450171359, delta^k = -0.00002452010450171359
    Local Iteration 201: ||V_upper^k - V_upper^k-1||_inf = 0.00000000000000000000, ||V_lower^k - V_lower^k-1||_inf = 0.00002353930032164499, delta^k = -0.00002353930032164499
    Local Iteration 202: ||V_upper^k - V_upper^k-1||_inf = 0.00000000000000000000, ||V_lower^k - V_lower^k-1||_inf = 0.00002259772830877924, delta^k = -0.00002259772830877924
    Local Iteration 203: ||V_upper^k - V_upper^k-1||_inf = 0.00000000000000000000, ||V_lower^k - V_lower^k-1||_inf = 0.00002169381917642801, delta^k = -0.00002169381917642801
    Local Iteration 204: ||V_upper^k - V_upper^k-1||_inf = 0.00000000000000000000, ||V_lower^k - V_lower^k-1||_inf = 0.00002082606640937089, delta^k = -0.00002082606640937089
    Local Iteration 205: ||V_upper^k - V_upper^k-1||_inf = 0.00000000000000000000, ||V_lower^k - V_lower^k-1||_inf = 0.00001999302375299609, delta^k = -0.00001999302375299609
    Local Iteration 206: ||V_upper^k - V_upper^k-1||_inf = 0.00000000000000000000, ||V_lower^k - V_lower^k-1||_inf = 0.00001919330280287628, delta^k = -0.00001919330280287628
    Local Iteration 207: ||V_upper^k - V_upper^k-1||_inf = 0.00000000000000000000, ||V_lower^k - V_lower^k-1||_inf = 0.00001842557069076122, delta^k = -0.00001842557069076122
    Local Iteration 208: ||V_upper^k - V_upper^k-1||_inf = 0.00000000000000000000, ||V_lower^k - V_lower^k-1||_inf = 0.00001768854786313075, delta^k = -0.00001768854786313075
    Local Iteration 209: ||V_upper^k - V_upper^k-1||_inf = 0.00000000000000000000, ||V_lower^k - V_lower^k-1||_inf = 0.00001698100594860555, delta^k = -0.00001698100594860555
    Local Iteration 210: ||V_upper^k - V_upper^k-1||_inf = 0.00000000000000000000, ||V_lower^k - V_lower^k-1||_inf = 0.00001630176571066130, delta^k = -0.00001630176571066130
    Local Iteration 211: ||V_upper^k - V_upper^k-1||_inf = 0.00000000000000000000, ||V_lower^k - V_lower^k-1||_inf = 0.00001564969508223484, delta^k = -0.00001564969508223484
    Local Iteration 212: ||V_upper^k - V_upper^k-1||_inf = 0.00000000000000000000, ||V_lower^k - V_lower^k-1||_inf = 0.00001502370727894545, delta^k = -0.00001502370727894545
    Local Iteration 213: ||V_upper^k - V_upper^k-1||_inf = 0.00000000000000000000, ||V_lower^k - V_lower^k-1||_inf = 0.00001442275898778765, delta^k = -0.00001442275898778765
    Local Iteration 214: ||V_upper^k - V_upper^k-1||_inf = 0.00000000000000000000, ||V_lower^k - V_lower^k-1||_inf = 0.00001384584862827612, delta^k = -0.00001384584862827612
    Local Iteration 215: ||V_upper^k - V_upper^k-1||_inf = 0.00000000000000000000, ||V_lower^k - V_lower^k-1||_inf = 0.00001329201468314509, delta^k = -0.00001329201468314509
    Local Iteration 216: ||V_upper^k - V_upper^k-1||_inf = 0.00000000000000000000, ||V_lower^k - V_lower^k-1||_inf = 0.00001276033409581927, delta^k = -0.00001276033409581927
    Local Iteration 217: ||V_upper^k - V_upper^k-1||_inf = 0.00000000000000000000, ||V_lower^k - V_lower^k-1||_inf = 0.00001224992073198651, delta^k = -0.00001224992073198651
    Local Iteration 218: ||V_upper^k - V_upper^k-1||_inf = 0.00000000000000000000, ||V_lower^k - V_lower^k-1||_inf = 0.00001175992390270707, delta^k = -0.00001175992390270707
    Local Iteration 219: ||V_upper^k - V_upper^k-1||_inf = 0.00000000000000000000, ||V_lower^k - V_lower^k-1||_inf = 0.00001128952694659876, delta^k = -0.00001128952694659876
    Local Iteration 220: ||V_upper^k - V_upper^k-1||_inf = 0.00000000000000000000, ||V_lower^k - V_lower^k-1||_inf = 0.00001083794586873482, delta^k = -0.00001083794586873482
    Local Iteration 221: ||V_upper^k - V_upper^k-1||_inf = 0.00000000000000000000, ||V_lower^k - V_lower^k-1||_inf = 0.00001040442803398542, delta^k = -0.00001040442803398542
    Local Iteration 222: ||V_upper^k - V_upper^k-1||_inf = 0.00000000000000000000, ||V_lower^k - V_lower^k-1||_inf = 0.00000998825091262602, delta^k = -0.00000998825091262602
    Local Iteration 223: ||V_upper^k - V_upper^k-1||_inf = 0.00000000000000000000, ||V_lower^k - V_lower^k-1||_inf = 0.00000958872087612097, delta^k = -0.00000958872087612097
    Local Iteration 224: ||V_upper^k - V_upper^k-1||_inf = 0.00000000000000000000, ||V_lower^k - V_lower^k-1||_inf = 0.00000920517204107613, delta^k = -0.00000920517204107613
    Local Iteration 225: ||V_upper^k - V_upper^k-1||_inf = 0.00000000000000000000, ||V_lower^k - V_lower^k-1||_inf = 0.00000883696515943308, delta^k = -0.00000883696515943308
    Local Iteration 226: ||V_upper^k - V_upper^k-1||_inf = 0.00000000000000000000, ||V_lower^k - V_lower^k-1||_inf = 0.00000848348655305576, delta^k = -0.00000848348655305576
    Local Iteration 227: ||V_upper^k - V_upper^k-1||_inf = 0.00000000000000000000, ||V_lower^k - V_lower^k-1||_inf = 0.00000814414709093353, delta^k = -0.00000814414709093353
    Local Iteration 228: ||V_upper^k - V_upper^k-1||_inf = 0.00000000000000000000, ||V_lower^k - V_lower^k-1||_inf = 0.00000781838120729618, delta^k = -0.00000781838120729618
    Local Iteration 229: ||V_upper^k - V_upper^k-1||_inf = 0.00000000000000000000, ||V_lower^k - V_lower^k-1||_inf = 0.00000750564595900435, delta^k = -0.00000750564595900435
    Local Iteration 230: ||V_upper^k - V_upper^k-1||_inf = 0.00000000000000000000, ||V_lower^k - V_lower^k-1||_inf = 0.00000720542012064415, delta^k = -0.00000720542012064415
    Local Iteration 231: ||V_upper^k - V_upper^k-1||_inf = 0.00000000000000000000, ||V_lower^k - V_lower^k-1||_inf = 0.00000691720331581839, delta^k = -0.00000691720331581839
    Local Iteration 232: ||V_upper^k - V_upper^k-1||_inf = 0.00000000000000000000, ||V_lower^k - V_lower^k-1||_inf = 0.00000664051518318567, delta^k = -0.00000664051518318567
    Local Iteration 233: ||V_upper^k - V_upper^k-1||_inf = 0.00000000000000000000, ||V_lower^k - V_lower^k-1||_inf = 0.00000637489457585823, delta^k = -0.00000637489457585823
    Local Iteration 234: ||V_upper^k - V_upper^k-1||_inf = 0.00000000000000000000, ||V_lower^k - V_lower^k-1||_inf = 0.00000611989879282390, delta^k = -0.00000611989879282390
    Local Iteration 235: ||V_upper^k - V_upper^k-1||_inf = 0.00000000000000000000, ||V_lower^k - V_lower^k-1||_inf = 0.00000587510284111095, delta^k = -0.00000587510284111095
    Local Iteration 236: ||V_upper^k - V_upper^k-1||_inf = 0.00000000000000000000, ||V_lower^k - V_lower^k-1||_inf = 0.00000564009872746650, delta^k = -0.00000564009872746650
    Local Iteration 237: ||V_upper^k - V_upper^k-1||_inf = 0.00000000000000000000, ||V_lower^k - V_lower^k-1||_inf = 0.00000541449477836785, delta^k = -0.00000541449477836785
    Local Iteration 238: ||V_upper^k - V_upper^k-1||_inf = 0.00000000000000000000, ||V_lower^k - V_lower^k-1||_inf = 0.00000519791498723314, delta^k = -0.00000519791498723314
    Local Iteration 239: ||V_upper^k - V_upper^k-1||_inf = 0.00000000000000000000, ||V_lower^k - V_lower^k-1||_inf = 0.00000025060160861113, delta^k = -0.00000025060160861113
    Local Iteration 240: ||V_upper^k - V_upper^k-1||_inf = 0.00000000000000000000, ||V_lower^k - V_lower^k-1||_inf = 0.00000000000000000000, delta^k = 0.00000000000000000000

============================================================
 CONSERVATIVE STOPPING CONDITION MET (Algorithm 3)
============================================================
  delta^k = 0.0000000000e+00 >= -delta_max
  ||V_upper^k - V_upper^k-1||_inf = 0.0000000000e+00 < 1e-08
  eps_cons = (0.96 * 0.0000000000e+00) / 0.04 = 0.0000000000e+00
  Correcting V_lower for 9013260 cells: V_lower <- V_lower - eps_cons - eps_machine
   Conservative correction applied successfully
  Machine epsilon eps_machine = 2.220e-16
    Local VI completed in 240 iterations
    Final convergence values:
      ||V_upper^final - V_upper^prev||_inf = 0.00000000e+00
      ||V_lower^final - V_lower^prev||_inf = 0.00000000e+00
  Local VI completed in 240 iterations, time: 997.332s
    Final ||V_upper^k - V_upper^k-1||_inf = 0.00000000000000000000e+00
    Final ||V_lower^k - V_lower^k-1||_inf = 0.00000000000000000000e+00
  Saved visualization: /Users/i.k.tabbara/Documents/python directory/HSCC_2027/refactored_Implementations/results_hscc_2027_newbellmans_12workers/ra_discount/double_integrator_res10_eps0.05_dmin1e-08_dmax1e-08_gamma0.96_dt0.3_tau0.3_cons/value_function_phase_13_complete.png
  Phase 13 completed in 1003.85s with 9013260 leaf cells

Classification after phase 13:
  Safe:          2531382 cells ( 28.1%),   74.6% of state space
  Unsafe:         724322 cells (  8.0%),   18.4% of state space
  Unclassified:  5757556 cells ( 63.9%),    7.0% of state space

======================================================================
REFINEMENT PHASE 14
======================================================================
Boundary cells: 5757556
  Refinable (>eta_min=0.017678): 5757556
  Below threshold: 0
  Cumulative refined: 9003260
  Refinable cell size statistics:
    Max:    0.050000
    Mean:   0.050000
    Min:    0.050000
    Median: 0.050000
  Refining 5757556 cells...
    Refined: 5757556 parent cells
    Created: 11515112 child cells
    Total cells: 14770816
    Refinement time: 2.973s
    Cumulative refined: 14760816
  Rebuilding spatial index...
  Building spatial index for 14770816 cells...
   Spatial index built in 8.79s
    Spatial index rebuilt in 8.786s
  Initializing 11515112 new cells...
  Initializing 11515112 new cells in parallel...
   Initialized in 0.03s (365268241.6 cells/s)
    Initialization completed in 0.032s
  Starting local value iteration...
  Reinitializing ALL 14770816 cells (V = l)
   Reinitialized 14770816 cells in 0.05s (319516663.1 cells/s)
  Local VI: updating all 14770816 cells
    Conservative mode: True
    delta_max: 1e-08
    Max iterations: 20000
    Updating successor cache for 11515112 updated cells...
    Updating successor cache for 11515112 new cells (HYBRID)...
      Affected cells: 13468700
   Trajectories + spatial queries computed in 124.43s (974213.3 tasks/s)
    Breakdown: 13.4% ODE, 86.6% queries
     Cache updated in 191.98s (631400.4 tasks/s)
    Local Iteration   1: ||V_upper^k - V_upper^k-1||_inf = 3.93799602617861266296, ||V_lower^k - V_lower^k-1||_inf = 3.84960767853029439678, delta^k = -3.84960767853029439678
    Local Iteration   2: ||V_upper^k - V_upper^k-1||_inf = 3.77207197250227554974, ||V_lower^k - V_lower^k-1||_inf = 3.64471168314365012719, delta^k = -3.64471168314365012719
    Local Iteration   3: ||V_upper^k - V_upper^k-1||_inf = 3.60472000745491616414, ||V_lower^k - V_lower^k-1||_inf = 3.42568972679888794630, delta^k = -3.42568972679888794630
    Local Iteration   4: ||V_upper^k - V_upper^k-1||_inf = 3.32352900458319666654, ||V_lower^k - V_lower^k-1||_inf = 3.20287425314019946754, delta^k = -3.20287425314019946754
    Local Iteration   5: ||V_upper^k - V_upper^k-1||_inf = 0.10087660684255084220, ||V_lower^k - V_lower^k-1||_inf = 0.51230634595032653600, delta^k = -0.51230634595032653600
    Local Iteration   6: ||V_upper^k - V_upper^k-1||_inf = 0.09684154256884891510, ||V_lower^k - V_lower^k-1||_inf = 0.33393310262414743761, delta^k = -0.33393310262414743761
    Local Iteration   7: ||V_upper^k - V_upper^k-1||_inf = 0.09296788086609497626, ||V_lower^k - V_lower^k-1||_inf = 0.30523753558254840268, delta^k = -0.30523753558254840268
    Local Iteration   8: ||V_upper^k - V_upper^k-1||_inf = 0.08924916563145135484, ||V_lower^k - V_lower^k-1||_inf = 0.23290639100161214525, delta^k = -0.23290639100161214525
    Local Iteration   9: ||V_upper^k - V_upper^k-1||_inf = 0.08567919900619314078, ||V_lower^k - V_lower^k-1||_inf = 0.09582135689861326355, delta^k = -0.09582135689861326355
    Local Iteration  10: ||V_upper^k - V_upper^k-1||_inf = 0.08225203104594536185, ||V_lower^k - V_lower^k-1||_inf = 0.09198850262266877742, delta^k = -0.09198850262266877742
    Local Iteration  11: ||V_upper^k - V_upper^k-1||_inf = 0.07896194980410764508, ||V_lower^k - V_lower^k-1||_inf = 0.08830896251776199080, delta^k = -0.08830896251776199080
    Local Iteration  12: ||V_upper^k - V_upper^k-1||_inf = 0.07580347181194335704, ||V_lower^k - V_lower^k-1||_inf = 0.08291657713275291108, delta^k = -0.08291657713275291108
    Local Iteration  13: ||V_upper^k - V_upper^k-1||_inf = 0.07277133293946547177, ||V_lower^k - V_lower^k-1||_inf = 0.07959991404744282129, delta^k = -0.07959991404744282129
    Local Iteration  14: ||V_upper^k - V_upper^k-1||_inf = 0.06986047962188690619, ||V_lower^k - V_lower^k-1||_inf = 0.07641591748554499297, delta^k = -0.07641591748554499297
    Local Iteration  15: ||V_upper^k - V_upper^k-1||_inf = 0.06706606043701146547, ||V_lower^k - V_lower^k-1||_inf = 0.07335928078612297121, delta^k = -0.07335928078612297121
    Local Iteration  16: ||V_upper^k - V_upper^k-1||_inf = 0.06438341801953106902, ||V_lower^k - V_lower^k-1||_inf = 0.07042490955467806124, delta^k = -0.07042490955467806124
    Local Iteration  17: ||V_upper^k - V_upper^k-1||_inf = 0.06180808129874981738, ||V_lower^k - V_lower^k-1||_inf = 0.06760791317249104093, delta^k = -0.06760791317249104093
    Local Iteration  18: ||V_upper^k - V_upper^k-1||_inf = 0.05933575804679969146, ||V_lower^k - V_lower^k-1||_inf = 0.06490359664559131048, delta^k = -0.06490359664559131048
    Local Iteration  19: ||V_upper^k - V_upper^k-1||_inf = 0.05696232772492781926, ||V_lower^k - V_lower^k-1||_inf = 0.06230745277976756924, delta^k = -0.06230745277976756924
    Local Iteration  20: ||V_upper^k - V_upper^k-1||_inf = 0.05468383461593062655, ||V_lower^k - V_lower^k-1||_inf = 0.05981515466857689756, delta^k = -0.05981515466857689756
    Local Iteration  21: ||V_upper^k - V_upper^k-1||_inf = 0.05249648123129335708, ||V_lower^k - V_lower^k-1||_inf = 0.05742254848183381277, delta^k = -0.05742254848183381277
    Local Iteration  22: ||V_upper^k - V_upper^k-1||_inf = 0.05039662198204175603, ||V_lower^k - V_lower^k-1||_inf = 0.05512564654256046914, delta^k = -0.05512564654256046914
    Local Iteration  23: ||V_upper^k - V_upper^k-1||_inf = 0.04838075710276013019, ||V_lower^k - V_lower^k-1||_inf = 0.05292062068085812143, delta^k = -0.05292062068085812143
    Local Iteration  24: ||V_upper^k - V_upper^k-1||_inf = 0.04644552681864966281, ||V_lower^k - V_lower^k-1||_inf = 0.05080379585362382322, delta^k = -0.05080379585362382322
    Local Iteration  25: ||V_upper^k - V_upper^k-1||_inf = 0.04458770574590364966, ||V_lower^k - V_lower^k-1||_inf = 0.04877164401947886585, delta^k = -0.04877164401947886585
    Local Iteration  26: ||V_upper^k - V_upper^k-1||_inf = 0.04280419751606756584, ||V_lower^k - V_lower^k-1||_inf = 0.04682077825869968013, delta^k = -0.04682077825869968013
    Local Iteration  27: ||V_upper^k - V_upper^k-1||_inf = 0.04109202961542479660, ||V_lower^k - V_lower^k-1||_inf = 0.04494794712835170625, delta^k = -0.04494794712835170625
    Local Iteration  28: ||V_upper^k - V_upper^k-1||_inf = 0.03944834843080780029, ||V_lower^k - V_lower^k-1||_inf = 0.04315002924321764688, delta^k = -0.04315002924321764688
    Local Iteration  29: ||V_upper^k - V_upper^k-1||_inf = 0.03787041449357553269, ||V_lower^k - V_lower^k-1||_inf = 0.04142402807348899429, delta^k = -0.04142402807348899429
    Local Iteration  30: ||V_upper^k - V_upper^k-1||_inf = 0.03635559791383247141, ||V_lower^k - V_lower^k-1||_inf = 0.03976706695054943452, delta^k = -0.03976706695054943452
    Local Iteration  31: ||V_upper^k - V_upper^k-1||_inf = 0.03490137399727910594, ||V_lower^k - V_lower^k-1||_inf = 0.03817638427252745270, delta^k = -0.03817638427252745270
    Local Iteration  32: ||V_upper^k - V_upper^k-1||_inf = 0.03350531903738795947, ||V_lower^k - V_lower^k-1||_inf = 0.03664932890162642121, delta^k = -0.03664932890162642121
    Local Iteration  33: ||V_upper^k - V_upper^k-1||_inf = 0.03216510627589241889, ||V_lower^k - V_lower^k-1||_inf = 0.03518335574556130663, delta^k = -0.03518335574556130663
    Local Iteration  34: ||V_upper^k - V_upper^k-1||_inf = 0.03087850202485675766, ||V_lower^k - V_lower^k-1||_inf = 0.03377602151573888545, delta^k = -0.03377602151573888545
    Local Iteration  35: ||V_upper^k - V_upper^k-1||_inf = 0.02964336194386252288, ||V_lower^k - V_lower^k-1||_inf = 0.03242498065510929228, delta^k = -0.03242498065510929228
    Local Iteration  36: ||V_upper^k - V_upper^k-1||_inf = 0.02845762746610802640, ||V_lower^k - V_lower^k-1||_inf = 0.03112798142890493835, delta^k = -0.03112798142890493835
    Local Iteration  37: ||V_upper^k - V_upper^k-1||_inf = 0.02731932236746370535, ||V_lower^k - V_lower^k-1||_inf = 0.02988286217174873638, delta^k = -0.02988286217174873638
    Local Iteration  38: ||V_upper^k - V_upper^k-1||_inf = 0.02622654947276514825, ||V_lower^k - V_lower^k-1||_inf = 0.02868754768487874474, delta^k = -0.02868754768487874474
    Local Iteration  39: ||V_upper^k - V_upper^k-1||_inf = 0.02517748749385451124, ||V_lower^k - V_lower^k-1||_inf = 0.02754004577748359051, delta^k = -0.02754004577748359051
    Local Iteration  40: ||V_upper^k - V_upper^k-1||_inf = 0.02417038799410031746, ||V_lower^k - V_lower^k-1||_inf = 0.02643844394638422690, delta^k = -0.02643844394638422690
    Local Iteration  41: ||V_upper^k - V_upper^k-1||_inf = 0.02320357247433635361, ||V_lower^k - V_lower^k-1||_inf = 0.02538090618852889557, delta^k = -0.02538090618852889557
    Local Iteration  42: ||V_upper^k - V_upper^k-1||_inf = 0.02227542957536288171, ||V_lower^k - V_lower^k-1||_inf = 0.02381835308135876739, delta^k = -0.02381835308135876739
    Local Iteration  43: ||V_upper^k - V_upper^k-1||_inf = 0.02138441239234833979, ||V_lower^k - V_lower^k-1||_inf = 0.01508175211650764069, delta^k = -0.01508175211650764069
    Local Iteration  44: ||V_upper^k - V_upper^k-1||_inf = 0.02052903589665444617, ||V_lower^k - V_lower^k-1||_inf = 0.01447848203184737281, delta^k = -0.01447848203184737281
    Local Iteration  45: ||V_upper^k - V_upper^k-1||_inf = 0.01970787446078825500, ||V_lower^k - V_lower^k-1||_inf = 0.01389934275057347346, delta^k = -0.01389934275057347346
    Local Iteration  46: ||V_upper^k - V_upper^k-1||_inf = 0.01891955948235668483, ||V_lower^k - V_lower^k-1||_inf = 0.01334336904055050121, delta^k = -0.01334336904055050121
    Local Iteration  47: ||V_upper^k - V_upper^k-1||_inf = 0.01816277710306246629, ||V_lower^k - V_lower^k-1||_inf = 0.01280963427892850559, delta^k = -0.01280963427892850559
    Local Iteration  48: ||V_upper^k - V_upper^k-1||_inf = 0.01743626601893993877, ||V_lower^k - V_lower^k-1||_inf = 0.01229724890777134094, delta^k = -0.01229724890777134094
    Local Iteration  49: ||V_upper^k - V_upper^k-1||_inf = 0.01673881537818233678, ||V_lower^k - V_lower^k-1||_inf = 0.01180535895146050951, delta^k = -0.01180535895146050951
    Local Iteration  50: ||V_upper^k - V_upper^k-1||_inf = 0.01606926276305503665, ||V_lower^k - V_lower^k-1||_inf = 0.01133314459340206692, delta^k = -0.01133314459340206692
    Local Iteration  51: ||V_upper^k - V_upper^k-1||_inf = 0.01542649225253284184, ||V_lower^k - V_lower^k-1||_inf = 0.01087981880966598647, delta^k = -0.01087981880966598647
    Local Iteration  52: ||V_upper^k - V_upper^k-1||_inf = 0.01480943256243155703, ||V_lower^k - V_lower^k-1||_inf = 0.01044462605727936033, delta^k = -0.01044462605727936033
    Local Iteration  53: ||V_upper^k - V_upper^k-1||_inf = 0.01421705525993427477, ||V_lower^k - V_lower^k-1||_inf = 0.01002684101498818592, delta^k = -0.01002684101498818592
    Local Iteration  54: ||V_upper^k - V_upper^k-1||_inf = 0.01364837304953692154, ||V_lower^k - V_lower^k-1||_inf = 0.00962576737438866625, delta^k = -0.00962576737438866625
    Local Iteration  55: ||V_upper^k - V_upper^k-1||_inf = 0.01310243812755540471, ||V_lower^k - V_lower^k-1||_inf = 0.00924073667941310850, delta^k = -0.00924073667941310850
    Local Iteration  56: ||V_upper^k - V_upper^k-1||_inf = 0.01257834060245321961, ||V_lower^k - V_lower^k-1||_inf = 0.00887110721223657861, delta^k = -0.00887110721223657861
    Local Iteration  57: ||V_upper^k - V_upper^k-1||_inf = 0.01207520697835506862, ||V_lower^k - V_lower^k-1||_inf = 0.00851626292374713101, delta^k = -0.00851626292374713101
    Local Iteration  58: ||V_upper^k - V_upper^k-1||_inf = 0.01159219869922090140, ||V_lower^k - V_lower^k-1||_inf = 0.00817561240679723356, delta^k = -0.00817561240679723356
    Local Iteration  59: ||V_upper^k - V_upper^k-1||_inf = 0.01112851075125204092, ||V_lower^k - V_lower^k-1||_inf = 0.00784858791052533977, delta^k = -0.00784858791052533977
    Local Iteration  60: ||V_upper^k - V_upper^k-1||_inf = 0.01068337032120197927, ||V_lower^k - V_lower^k-1||_inf = 0.00753464439410433950, delta^k = -0.00753464439410433950
    Local Iteration  61: ||V_upper^k - V_upper^k-1||_inf = 0.00132029259532073784, ||V_lower^k - V_lower^k-1||_inf = 0.00723325861834017703, delta^k = -0.00723325861834017703
    Local Iteration  62: ||V_upper^k - V_upper^k-1||_inf = 0.00000000000000000000, ||V_lower^k - V_lower^k-1||_inf = 0.00694392827360656995, delta^k = -0.00694392827360656995
    Local Iteration  63: ||V_upper^k - V_upper^k-1||_inf = 0.00000000000000000000, ||V_lower^k - V_lower^k-1||_inf = 0.00666617114266229716, delta^k = -0.00666617114266229716
    Local Iteration  64: ||V_upper^k - V_upper^k-1||_inf = 0.00000000000000000000, ||V_lower^k - V_lower^k-1||_inf = 0.00639952429695581082, delta^k = -0.00639952429695581082
    Local Iteration  65: ||V_upper^k - V_upper^k-1||_inf = 0.00000000000000000000, ||V_lower^k - V_lower^k-1||_inf = 0.00614354332507757728, delta^k = -0.00614354332507757728
    Local Iteration  66: ||V_upper^k - V_upper^k-1||_inf = 0.00000000000000000000, ||V_lower^k - V_lower^k-1||_inf = 0.00589780159207445309, delta^k = -0.00589780159207445309
    Local Iteration  67: ||V_upper^k - V_upper^k-1||_inf = 0.00000000000000000000, ||V_lower^k - V_lower^k-1||_inf = 0.00566188952839150050, delta^k = -0.00566188952839150050
    Local Iteration  68: ||V_upper^k - V_upper^k-1||_inf = 0.00000000000000000000, ||V_lower^k - V_lower^k-1||_inf = 0.00543541394725582938, delta^k = -0.00543541394725582938
    Local Iteration  69: ||V_upper^k - V_upper^k-1||_inf = 0.00000000000000000000, ||V_lower^k - V_lower^k-1||_inf = 0.00521799738936559732, delta^k = -0.00521799738936559732
    Local Iteration  70: ||V_upper^k - V_upper^k-1||_inf = 0.00000000000000000000, ||V_lower^k - V_lower^k-1||_inf = 0.00500927749379097287, delta^k = -0.00500927749379097287
    Local Iteration  71: ||V_upper^k - V_upper^k-1||_inf = 0.00000000000000000000, ||V_lower^k - V_lower^k-1||_inf = 0.00480890639403933062, delta^k = -0.00480890639403933062
    Local Iteration  72: ||V_upper^k - V_upper^k-1||_inf = 0.00000000000000000000, ||V_lower^k - V_lower^k-1||_inf = 0.00461655013827776128, delta^k = -0.00461655013827776128
    Local Iteration  73: ||V_upper^k - V_upper^k-1||_inf = 0.00000000000000000000, ||V_lower^k - V_lower^k-1||_inf = 0.00443188813274664195, delta^k = -0.00443188813274664195
    Local Iteration  74: ||V_upper^k - V_upper^k-1||_inf = 0.00000000000000000000, ||V_lower^k - V_lower^k-1||_inf = 0.00425461260743678626, delta^k = -0.00425461260743678626
    Local Iteration  75: ||V_upper^k - V_upper^k-1||_inf = 0.00000000000000000000, ||V_lower^k - V_lower^k-1||_inf = 0.00408442810313930371, delta^k = -0.00408442810313930371
    Local Iteration  76: ||V_upper^k - V_upper^k-1||_inf = 0.00000000000000000000, ||V_lower^k - V_lower^k-1||_inf = 0.00392105097901374045, delta^k = -0.00392105097901374045
    Local Iteration  77: ||V_upper^k - V_upper^k-1||_inf = 0.00000000000000000000, ||V_lower^k - V_lower^k-1||_inf = 0.00376420893985318639, delta^k = -0.00376420893985318639
    Local Iteration  78: ||V_upper^k - V_upper^k-1||_inf = 0.00000000000000000000, ||V_lower^k - V_lower^k-1||_inf = 0.00361364058225906171, delta^k = -0.00361364058225906171
    Local Iteration  79: ||V_upper^k - V_upper^k-1||_inf = 0.00000000000000000000, ||V_lower^k - V_lower^k-1||_inf = 0.00346909495896870201, delta^k = -0.00346909495896870201
    Local Iteration  80: ||V_upper^k - V_upper^k-1||_inf = 0.00000000000000000000, ||V_lower^k - V_lower^k-1||_inf = 0.00333033116060994783, delta^k = -0.00333033116060994783
    Local Iteration  81: ||V_upper^k - V_upper^k-1||_inf = 0.00000000000000000000, ||V_lower^k - V_lower^k-1||_inf = 0.00319711791418554603, delta^k = -0.00319711791418554603
    Local Iteration  82: ||V_upper^k - V_upper^k-1||_inf = 0.00000000000000000000, ||V_lower^k - V_lower^k-1||_inf = 0.00306923319761813473, delta^k = -0.00306923319761813473
    Local Iteration  83: ||V_upper^k - V_upper^k-1||_inf = 0.00000000000000000000, ||V_lower^k - V_lower^k-1||_inf = 0.00294646386971340879, delta^k = -0.00294646386971340879
    Local Iteration  84: ||V_upper^k - V_upper^k-1||_inf = 0.00000000000000000000, ||V_lower^k - V_lower^k-1||_inf = 0.00282860531492486189, delta^k = -0.00282860531492486189
    Local Iteration  85: ||V_upper^k - V_upper^k-1||_inf = 0.00000000000000000000, ||V_lower^k - V_lower^k-1||_inf = 0.00271546110232787075, delta^k = -0.00271546110232787075
    Local Iteration  86: ||V_upper^k - V_upper^k-1||_inf = 0.00000000000000000000, ||V_lower^k - V_lower^k-1||_inf = 0.00260684265823475647, delta^k = -0.00260684265823475647
    Local Iteration  87: ||V_upper^k - V_upper^k-1||_inf = 0.00000000000000000000, ||V_lower^k - V_lower^k-1||_inf = 0.00250256895190537065, delta^k = -0.00250256895190537065
    Local Iteration  88: ||V_upper^k - V_upper^k-1||_inf = 0.00000000000000000000, ||V_lower^k - V_lower^k-1||_inf = 0.00240246619382915305, delta^k = -0.00240246619382915305
    Local Iteration  89: ||V_upper^k - V_upper^k-1||_inf = 0.00000000000000000000, ||V_lower^k - V_lower^k-1||_inf = 0.00230636754607598665, delta^k = -0.00230636754607598665
    Local Iteration  90: ||V_upper^k - V_upper^k-1||_inf = 0.00000000000000000000, ||V_lower^k - V_lower^k-1||_inf = 0.00221411284423294469, delta^k = -0.00221411284423294469
    Local Iteration  91: ||V_upper^k - V_upper^k-1||_inf = 0.00000000000000000000, ||V_lower^k - V_lower^k-1||_inf = 0.00212554833046362662, delta^k = -0.00212554833046362662
    Local Iteration  92: ||V_upper^k - V_upper^k-1||_inf = 0.00000000000000000000, ||V_lower^k - V_lower^k-1||_inf = 0.00204052639724508489, delta^k = -0.00204052639724508489
    Local Iteration  93: ||V_upper^k - V_upper^k-1||_inf = 0.00000000000000000000, ||V_lower^k - V_lower^k-1||_inf = 0.00195890534135528122, delta^k = -0.00195890534135528122
    Local Iteration  94: ||V_upper^k - V_upper^k-1||_inf = 0.00000000000000000000, ||V_lower^k - V_lower^k-1||_inf = 0.00188054912770106719, delta^k = -0.00188054912770106719
    Local Iteration  95: ||V_upper^k - V_upper^k-1||_inf = 0.00000000000000000000, ||V_lower^k - V_lower^k-1||_inf = 0.00180532716259302478, delta^k = -0.00180532716259302478
    Local Iteration  96: ||V_upper^k - V_upper^k-1||_inf = 0.00000000000000000000, ||V_lower^k - V_lower^k-1||_inf = 0.00173311407608930240, delta^k = -0.00173311407608930240
    Local Iteration  97: ||V_upper^k - V_upper^k-1||_inf = 0.00000000000000000000, ||V_lower^k - V_lower^k-1||_inf = 0.00166378951304572975, delta^k = -0.00166378951304572975
    Local Iteration  98: ||V_upper^k - V_upper^k-1||_inf = 0.00000000000000000000, ||V_lower^k - V_lower^k-1||_inf = 0.00159723793252390667, delta^k = -0.00159723793252390667
    Local Iteration  99: ||V_upper^k - V_upper^k-1||_inf = 0.00000000000000000000, ||V_lower^k - V_lower^k-1||_inf = 0.00153334841522295012, delta^k = -0.00153334841522295012
    Local Iteration 100: ||V_upper^k - V_upper^k-1||_inf = 0.00000000000000000000, ||V_lower^k - V_lower^k-1||_inf = 0.00147201447861403101, delta^k = -0.00147201447861403101
    Local Iteration 101: ||V_upper^k - V_upper^k-1||_inf = 0.00000000000000000000, ||V_lower^k - V_lower^k-1||_inf = 0.00141313389946946810, delta^k = -0.00141313389946946810
    Local Iteration 102: ||V_upper^k - V_upper^k-1||_inf = 0.00000000000000000000, ||V_lower^k - V_lower^k-1||_inf = 0.00135660854349069215, delta^k = -0.00135660854349069215
    Local Iteration 103: ||V_upper^k - V_upper^k-1||_inf = 0.00000000000000000000, ||V_lower^k - V_lower^k-1||_inf = 0.00130234420175106419, delta^k = -0.00130234420175106419
    Local Iteration 104: ||V_upper^k - V_upper^k-1||_inf = 0.00000000000000000000, ||V_lower^k - V_lower^k-1||_inf = 0.00125025043368101954, delta^k = -0.00125025043368101954
    Local Iteration 105: ||V_upper^k - V_upper^k-1||_inf = 0.00000000000000000000, ||V_lower^k - V_lower^k-1||_inf = 0.00120024041633377820, delta^k = -0.00120024041633377820
    Local Iteration 106: ||V_upper^k - V_upper^k-1||_inf = 0.00000000000000000000, ||V_lower^k - V_lower^k-1||_inf = 0.00115223079968042666, delta^k = -0.00115223079968042666
    Local Iteration 107: ||V_upper^k - V_upper^k-1||_inf = 0.00000000000000000000, ||V_lower^k - V_lower^k-1||_inf = 0.00110614156769320987, delta^k = -0.00110614156769320987
    Local Iteration 108: ||V_upper^k - V_upper^k-1||_inf = 0.00000000000000000000, ||V_lower^k - V_lower^k-1||_inf = 0.00106189590498548259, delta^k = -0.00106189590498548259
    Local Iteration 109: ||V_upper^k - V_upper^k-1||_inf = 0.00000000000000000000, ||V_lower^k - V_lower^k-1||_inf = 0.00101942006878606370, delta^k = -0.00101942006878606370
    Local Iteration 110: ||V_upper^k - V_upper^k-1||_inf = 0.00000000000000000000, ||V_lower^k - V_lower^k-1||_inf = 0.00097864326603461921, delta^k = -0.00097864326603461921
    Local Iteration 111: ||V_upper^k - V_upper^k-1||_inf = 0.00000000000000000000, ||V_lower^k - V_lower^k-1||_inf = 0.00093949753539323416, delta^k = -0.00093949753539323416
    Local Iteration 112: ||V_upper^k - V_upper^k-1||_inf = 0.00000000000000000000, ||V_lower^k - V_lower^k-1||_inf = 0.00090191763397750452, delta^k = -0.00090191763397750452
    Local Iteration 113: ||V_upper^k - V_upper^k-1||_inf = 0.00000000000000000000, ||V_lower^k - V_lower^k-1||_inf = 0.00086584092861840406, delta^k = -0.00086584092861840406
    Local Iteration 114: ||V_upper^k - V_upper^k-1||_inf = 0.00000000000000000000, ||V_lower^k - V_lower^k-1||_inf = 0.00083120729147366859, delta^k = -0.00083120729147366859
    Local Iteration 115: ||V_upper^k - V_upper^k-1||_inf = 0.00000000000000000000, ||V_lower^k - V_lower^k-1||_inf = 0.00079795899981472199, delta^k = -0.00079795899981472199
    Local Iteration 116: ||V_upper^k - V_upper^k-1||_inf = 0.00000000000000000000, ||V_lower^k - V_lower^k-1||_inf = 0.00076604063982213186, delta^k = -0.00076604063982213186
    Local Iteration 117: ||V_upper^k - V_upper^k-1||_inf = 0.00000000000000000000, ||V_lower^k - V_lower^k-1||_inf = 0.00073539901422924742, delta^k = -0.00073539901422924742
    Local Iteration 118: ||V_upper^k - V_upper^k-1||_inf = 0.00000000000000000000, ||V_lower^k - V_lower^k-1||_inf = 0.00070598305366007669, delta^k = -0.00070598305366007669
    Local Iteration 119: ||V_upper^k - V_upper^k-1||_inf = 0.00000000000000000000, ||V_lower^k - V_lower^k-1||_inf = 0.00067774373151367404, delta^k = -0.00067774373151367404
    Local Iteration 120: ||V_upper^k - V_upper^k-1||_inf = 0.00000000000000000000, ||V_lower^k - V_lower^k-1||_inf = 0.00065063398225312721, delta^k = -0.00065063398225312721
    Local Iteration 121: ||V_upper^k - V_upper^k-1||_inf = 0.00000000000000000000, ||V_lower^k - V_lower^k-1||_inf = 0.00062460862296300282, delta^k = -0.00062460862296300282
    Local Iteration 122: ||V_upper^k - V_upper^k-1||_inf = 0.00000000000000000000, ||V_lower^k - V_lower^k-1||_inf = 0.00059962427804448326, delta^k = -0.00059962427804448326
    Local Iteration 123: ||V_upper^k - V_upper^k-1||_inf = 0.00000000000000000000, ||V_lower^k - V_lower^k-1||_inf = 0.00057563930692270358, delta^k = -0.00057563930692270358
    Local Iteration 124: ||V_upper^k - V_upper^k-1||_inf = 0.00000000000000000000, ||V_lower^k - V_lower^k-1||_inf = 0.00055261373464579426, delta^k = -0.00055261373464579426
    Local Iteration 125: ||V_upper^k - V_upper^k-1||_inf = 0.00000000000000000000, ||V_lower^k - V_lower^k-1||_inf = 0.00053050918525996381, delta^k = -0.00053050918525996381
    Local Iteration 126: ||V_upper^k - V_upper^k-1||_inf = 0.00000000000000000000, ||V_lower^k - V_lower^k-1||_inf = 0.00050928881784956422, delta^k = -0.00050928881784956422
    Local Iteration 127: ||V_upper^k - V_upper^k-1||_inf = 0.00000000000000000000, ||V_lower^k - V_lower^k-1||_inf = 0.00048891726513558206, delta^k = -0.00048891726513558206
    Local Iteration 128: ||V_upper^k - V_upper^k-1||_inf = 0.00000000000000000000, ||V_lower^k - V_lower^k-1||_inf = 0.00046936057453015809, delta^k = -0.00046936057453015809
    Local Iteration 129: ||V_upper^k - V_upper^k-1||_inf = 0.00000000000000000000, ||V_lower^k - V_lower^k-1||_inf = 0.00045058615154895329, delta^k = -0.00045058615154895329
    Local Iteration 130: ||V_upper^k - V_upper^k-1||_inf = 0.00000000000000000000, ||V_lower^k - V_lower^k-1||_inf = 0.00043256270548699439, delta^k = -0.00043256270548699439
    Local Iteration 131: ||V_upper^k - V_upper^k-1||_inf = 0.00000000000000000000, ||V_lower^k - V_lower^k-1||_inf = 0.00041526019726751372, delta^k = -0.00041526019726751372
    Local Iteration 132: ||V_upper^k - V_upper^k-1||_inf = 0.00000000000000000000, ||V_lower^k - V_lower^k-1||_inf = 0.00039864978937681310, delta^k = -0.00039864978937681310
    Local Iteration 133: ||V_upper^k - V_upper^k-1||_inf = 0.00000000000000000000, ||V_lower^k - V_lower^k-1||_inf = 0.00038270379780174120, delta^k = -0.00038270379780174120
    Local Iteration 134: ||V_upper^k - V_upper^k-1||_inf = 0.00000000000000000000, ||V_lower^k - V_lower^k-1||_inf = 0.00036739564588967114, delta^k = -0.00036739564588967114
    Local Iteration 135: ||V_upper^k - V_upper^k-1||_inf = 0.00000000000000000000, ||V_lower^k - V_lower^k-1||_inf = 0.00035269982005408512, delta^k = -0.00035269982005408512
    Local Iteration 136: ||V_upper^k - V_upper^k-1||_inf = 0.00000000000000000000, ||V_lower^k - V_lower^k-1||_inf = 0.00033859182725192068, delta^k = -0.00033859182725192068
    Local Iteration 137: ||V_upper^k - V_upper^k-1||_inf = 0.00000000000000000000, ||V_lower^k - V_lower^k-1||_inf = 0.00032504815416184440, delta^k = -0.00032504815416184440
    Local Iteration 138: ||V_upper^k - V_upper^k-1||_inf = 0.00000000000000000000, ||V_lower^k - V_lower^k-1||_inf = 0.00031204622799537070, delta^k = -0.00031204622799537070
    Local Iteration 139: ||V_upper^k - V_upper^k-1||_inf = 0.00000000000000000000, ||V_lower^k - V_lower^k-1||_inf = 0.00029956437887555636, delta^k = -0.00029956437887555636
    Local Iteration 140: ||V_upper^k - V_upper^k-1||_inf = 0.00000000000000000000, ||V_lower^k - V_lower^k-1||_inf = 0.00028758180372053400, delta^k = -0.00028758180372053400
    Local Iteration 141: ||V_upper^k - V_upper^k-1||_inf = 0.00000000000000000000, ||V_lower^k - V_lower^k-1||_inf = 0.00027607853157171278, delta^k = -0.00027607853157171278
    Local Iteration 142: ||V_upper^k - V_upper^k-1||_inf = 0.00000000000000000000, ||V_lower^k - V_lower^k-1||_inf = 0.00026503539030884368, delta^k = -0.00026503539030884368
    Local Iteration 143: ||V_upper^k - V_upper^k-1||_inf = 0.00000000000000000000, ||V_lower^k - V_lower^k-1||_inf = 0.00025443397469649028, delta^k = -0.00025443397469649028
    Local Iteration 144: ||V_upper^k - V_upper^k-1||_inf = 0.00000000000000000000, ||V_lower^k - V_lower^k-1||_inf = 0.00024425661570863077, delta^k = -0.00024425661570863077
    Local Iteration 145: ||V_upper^k - V_upper^k-1||_inf = 0.00000000000000000000, ||V_lower^k - V_lower^k-1||_inf = 0.00023448635108028540, delta^k = -0.00023448635108028540
    Local Iteration 146: ||V_upper^k - V_upper^k-1||_inf = 0.00000000000000000000, ||V_lower^k - V_lower^k-1||_inf = 0.00022510689703707405, delta^k = -0.00022510689703707405
    Local Iteration 147: ||V_upper^k - V_upper^k-1||_inf = 0.00000000000000000000, ||V_lower^k - V_lower^k-1||_inf = 0.00021610262115559064, delta^k = -0.00021610262115559064
    Local Iteration 148: ||V_upper^k - V_upper^k-1||_inf = 0.00000000000000000000, ||V_lower^k - V_lower^k-1||_inf = 0.00020745851630936743, delta^k = -0.00020745851630936743
    Local Iteration 149: ||V_upper^k - V_upper^k-1||_inf = 0.00000000000000000000, ||V_lower^k - V_lower^k-1||_inf = 0.00019916017565699273, delta^k = -0.00019916017565699273
    Local Iteration 150: ||V_upper^k - V_upper^k-1||_inf = 0.00000000000000000000, ||V_lower^k - V_lower^k-1||_inf = 0.00019119376863071299, delta^k = -0.00019119376863071299
    Local Iteration 151: ||V_upper^k - V_upper^k-1||_inf = 0.00000000000000000000, ||V_lower^k - V_lower^k-1||_inf = 0.00018354601788548447, delta^k = -0.00018354601788548447
    Local Iteration 152: ||V_upper^k - V_upper^k-1||_inf = 0.00000000000000000000, ||V_lower^k - V_lower^k-1||_inf = 0.00017620417717006519, delta^k = -0.00017620417717006519
    Local Iteration 153: ||V_upper^k - V_upper^k-1||_inf = 0.00000000000000000000, ||V_lower^k - V_lower^k-1||_inf = 0.00016915601008326252, delta^k = -0.00016915601008326252
    Local Iteration 154: ||V_upper^k - V_upper^k-1||_inf = 0.00000000000000000000, ||V_lower^k - V_lower^k-1||_inf = 0.00016238976967993153, delta^k = -0.00016238976967993153
    Local Iteration 155: ||V_upper^k - V_upper^k-1||_inf = 0.00000000000000000000, ||V_lower^k - V_lower^k-1||_inf = 0.00015589417889273456, delta^k = -0.00015589417889273456
    Local Iteration 156: ||V_upper^k - V_upper^k-1||_inf = 0.00000000000000000000, ||V_lower^k - V_lower^k-1||_inf = 0.00014965841173702511, delta^k = -0.00014965841173702511
    Local Iteration 157: ||V_upper^k - V_upper^k-1||_inf = 0.00000000000000000000, ||V_lower^k - V_lower^k-1||_inf = 0.00014367207526754400, delta^k = -0.00014367207526754400
    Local Iteration 158: ||V_upper^k - V_upper^k-1||_inf = 0.00000000000000000000, ||V_lower^k - V_lower^k-1||_inf = 0.00013792519225684250, delta^k = -0.00013792519225684250
    Local Iteration 159: ||V_upper^k - V_upper^k-1||_inf = 0.00000000000000000000, ||V_lower^k - V_lower^k-1||_inf = 0.00013240818456656872, delta^k = -0.00013240818456656872
    Local Iteration 160: ||V_upper^k - V_upper^k-1||_inf = 0.00000000000000000000, ||V_lower^k - V_lower^k-1||_inf = 0.00012711185718390595, delta^k = -0.00012711185718390595
    Local Iteration 161: ||V_upper^k - V_upper^k-1||_inf = 0.00000000000000000000, ||V_lower^k - V_lower^k-1||_inf = 0.00012202738289654978, delta^k = -0.00012202738289654978
    Local Iteration 162: ||V_upper^k - V_upper^k-1||_inf = 0.00000000000000000000, ||V_lower^k - V_lower^k-1||_inf = 0.00011714628758068783, delta^k = -0.00011714628758068783
    Local Iteration 163: ||V_upper^k - V_upper^k-1||_inf = 0.00000000000000000000, ||V_lower^k - V_lower^k-1||_inf = 0.00011246043607746016, delta^k = -0.00011246043607746016
    Local Iteration 164: ||V_upper^k - V_upper^k-1||_inf = 0.00000000000000000000, ||V_lower^k - V_lower^k-1||_inf = 0.00010796201863436149, delta^k = -0.00010796201863436149
    Local Iteration 165: ||V_upper^k - V_upper^k-1||_inf = 0.00000000000000000000, ||V_lower^k - V_lower^k-1||_inf = 0.00010364353788898731, delta^k = -0.00010364353788898731
    Local Iteration 166: ||V_upper^k - V_upper^k-1||_inf = 0.00000000000000000000, ||V_lower^k - V_lower^k-1||_inf = 0.00009949779637342775, delta^k = -0.00009949779637342775
    Local Iteration 167: ||V_upper^k - V_upper^k-1||_inf = 0.00000000000000000000, ||V_lower^k - V_lower^k-1||_inf = 0.00009551788451849083, delta^k = -0.00009551788451849083
    Local Iteration 168: ||V_upper^k - V_upper^k-1||_inf = 0.00000000000000000000, ||V_lower^k - V_lower^k-1||_inf = 0.00009169716913775107, delta^k = -0.00009169716913775107
    Local Iteration 169: ||V_upper^k - V_upper^k-1||_inf = 0.00000000000000000000, ||V_lower^k - V_lower^k-1||_inf = 0.00008802928237224093, delta^k = -0.00008802928237224093
    Local Iteration 170: ||V_upper^k - V_upper^k-1||_inf = 0.00000000000000000000, ||V_lower^k - V_lower^k-1||_inf = 0.00008450811107735138, delta^k = -0.00008450811107735138
    Local Iteration 171: ||V_upper^k - V_upper^k-1||_inf = 0.00000000000000000000, ||V_lower^k - V_lower^k-1||_inf = 0.00008112778663425715, delta^k = -0.00008112778663425715
    Local Iteration 172: ||V_upper^k - V_upper^k-1||_inf = 0.00000000000000000000, ||V_lower^k - V_lower^k-1||_inf = 0.00007788267516888698, delta^k = -0.00007788267516888698
    Local Iteration 173: ||V_upper^k - V_upper^k-1||_inf = 0.00000000000000000000, ||V_lower^k - V_lower^k-1||_inf = 0.00007476736816213153, delta^k = -0.00007476736816213153
    Local Iteration 174: ||V_upper^k - V_upper^k-1||_inf = 0.00000000000000000000, ||V_lower^k - V_lower^k-1||_inf = 0.00007177667343564618, delta^k = -0.00007177667343564618
    Local Iteration 175: ||V_upper^k - V_upper^k-1||_inf = 0.00000000000000000000, ||V_lower^k - V_lower^k-1||_inf = 0.00006890560649822032, delta^k = -0.00006890560649822032
    Local Iteration 176: ||V_upper^k - V_upper^k-1||_inf = 0.00000000000000000000, ||V_lower^k - V_lower^k-1||_inf = 0.00006614938223829152, delta^k = -0.00006614938223829152
    Local Iteration 177: ||V_upper^k - V_upper^k-1||_inf = 0.00000000000000000000, ||V_lower^k - V_lower^k-1||_inf = 0.00006350340694875997, delta^k = -0.00006350340694875997
    Local Iteration 178: ||V_upper^k - V_upper^k-1||_inf = 0.00000000000000000000, ||V_lower^k - V_lower^k-1||_inf = 0.00006096327067080937, delta^k = -0.00006096327067080937
    Local Iteration 179: ||V_upper^k - V_upper^k-1||_inf = 0.00000000000000000000, ||V_lower^k - V_lower^k-1||_inf = 0.00005852473984397700, delta^k = -0.00005852473984397700
    Local Iteration 180: ||V_upper^k - V_upper^k-1||_inf = 0.00000000000000000000, ||V_lower^k - V_lower^k-1||_inf = 0.00005618375025021809, delta^k = -0.00005618375025021809
    Local Iteration 181: ||V_upper^k - V_upper^k-1||_inf = 0.00000000000000000000, ||V_lower^k - V_lower^k-1||_inf = 0.00005393640024020934, delta^k = -0.00005393640024020934
    Local Iteration 182: ||V_upper^k - V_upper^k-1||_inf = 0.00000000000000000000, ||V_lower^k - V_lower^k-1||_inf = 0.00005177894423060098, delta^k = -0.00005177894423060098
    Local Iteration 183: ||V_upper^k - V_upper^k-1||_inf = 0.00000000000000000000, ||V_lower^k - V_lower^k-1||_inf = 0.00004970778646137689, delta^k = -0.00004970778646137689
    Local Iteration 184: ||V_upper^k - V_upper^k-1||_inf = 0.00000000000000000000, ||V_lower^k - V_lower^k-1||_inf = 0.00004771947500292186, delta^k = -0.00004771947500292186
    Local Iteration 185: ||V_upper^k - V_upper^k-1||_inf = 0.00000000000000000000, ||V_lower^k - V_lower^k-1||_inf = 0.00004581069600280495, delta^k = -0.00004581069600280495
    Local Iteration 186: ||V_upper^k - V_upper^k-1||_inf = 0.00000000000000000000, ||V_lower^k - V_lower^k-1||_inf = 0.00004397826816269264, delta^k = -0.00004397826816269264
    Local Iteration 187: ||V_upper^k - V_upper^k-1||_inf = 0.00000000000000000000, ||V_lower^k - V_lower^k-1||_inf = 0.00004221913743618507, delta^k = -0.00004221913743618507
    Local Iteration 188: ||V_upper^k - V_upper^k-1||_inf = 0.00000000000000000000, ||V_lower^k - V_lower^k-1||_inf = 0.00004053037193873761, delta^k = -0.00004053037193873761
    Local Iteration 189: ||V_upper^k - V_upper^k-1||_inf = 0.00000000000000000000, ||V_lower^k - V_lower^k-1||_inf = 0.00003890915706118811, delta^k = -0.00003890915706118811
    Local Iteration 190: ||V_upper^k - V_upper^k-1||_inf = 0.00000000000000000000, ||V_lower^k - V_lower^k-1||_inf = 0.00003735279077874060, delta^k = -0.00003735279077874060
    Local Iteration 191: ||V_upper^k - V_upper^k-1||_inf = 0.00000000000000000000, ||V_lower^k - V_lower^k-1||_inf = 0.00003585867914759097, delta^k = -0.00003585867914759097
    Local Iteration 192: ||V_upper^k - V_upper^k-1||_inf = 0.00000000000000000000, ||V_lower^k - V_lower^k-1||_inf = 0.00003442433198168728, delta^k = -0.00003442433198168728
    Local Iteration 193: ||V_upper^k - V_upper^k-1||_inf = 0.00000000000000000000, ||V_lower^k - V_lower^k-1||_inf = 0.00003304735870241979, delta^k = -0.00003304735870241979
    Local Iteration 194: ||V_upper^k - V_upper^k-1||_inf = 0.00000000000000000000, ||V_lower^k - V_lower^k-1||_inf = 0.00003172546435432303, delta^k = -0.00003172546435432303
    Local Iteration 195: ||V_upper^k - V_upper^k-1||_inf = 0.00000000000000000000, ||V_lower^k - V_lower^k-1||_inf = 0.00003045644578015009, delta^k = -0.00003045644578015009
    Local Iteration 196: ||V_upper^k - V_upper^k-1||_inf = 0.00000000000000000000, ||V_lower^k - V_lower^k-1||_inf = 0.00002923818794894407, delta^k = -0.00002923818794894407
    Local Iteration 197: ||V_upper^k - V_upper^k-1||_inf = 0.00000000000000000000, ||V_lower^k - V_lower^k-1||_inf = 0.00002806866043098628, delta^k = -0.00002806866043098628
    Local Iteration 198: ||V_upper^k - V_upper^k-1||_inf = 0.00000000000000000000, ||V_lower^k - V_lower^k-1||_inf = 0.00002694591401374686, delta^k = -0.00002694591401374686
    Local Iteration 199: ||V_upper^k - V_upper^k-1||_inf = 0.00000000000000000000, ||V_lower^k - V_lower^k-1||_inf = 0.00002586807745319703, delta^k = -0.00002586807745319703
    Local Iteration 200: ||V_upper^k - V_upper^k-1||_inf = 0.00000000000000000000, ||V_lower^k - V_lower^k-1||_inf = 0.00002483335435506909, delta^k = -0.00002483335435506909
    Local Iteration 201: ||V_upper^k - V_upper^k-1||_inf = 0.00000000000000000000, ||V_lower^k - V_lower^k-1||_inf = 0.00002384002018086633, delta^k = -0.00002384002018086633
    Local Iteration 202: ||V_upper^k - V_upper^k-1||_inf = 0.00000000000000000000, ||V_lower^k - V_lower^k-1||_inf = 0.00002288641937363170, delta^k = -0.00002288641937363170
    Local Iteration 203: ||V_upper^k - V_upper^k-1||_inf = 0.00000000000000000000, ||V_lower^k - V_lower^k-1||_inf = 0.00002197096259868648, delta^k = -0.00002197096259868648
    Local Iteration 204: ||V_upper^k - V_upper^k-1||_inf = 0.00000000000000000000, ||V_lower^k - V_lower^k-1||_inf = 0.00002109212409473894, delta^k = -0.00002109212409473894
    Local Iteration 205: ||V_upper^k - V_upper^k-1||_inf = 0.00000000000000000000, ||V_lower^k - V_lower^k-1||_inf = 0.00002024843913094943, delta^k = -0.00002024843913094943
    Local Iteration 206: ||V_upper^k - V_upper^k-1||_inf = 0.00000000000000000000, ||V_lower^k - V_lower^k-1||_inf = 0.00001943850156571142, delta^k = -0.00001943850156571142
    Local Iteration 207: ||V_upper^k - V_upper^k-1||_inf = 0.00000000000000000000, ||V_lower^k - V_lower^k-1||_inf = 0.00001866096150308298, delta^k = -0.00001866096150308298
    Local Iteration 208: ||V_upper^k - V_upper^k-1||_inf = 0.00000000000000000000, ||V_lower^k - V_lower^k-1||_inf = 0.00001791452304295964, delta^k = -0.00001791452304295964
    Local Iteration 209: ||V_upper^k - V_upper^k-1||_inf = 0.00000000000000000000, ||V_lower^k - V_lower^k-1||_inf = 0.00001719794212124126, delta^k = -0.00001719794212124126
    Local Iteration 210: ||V_upper^k - V_upper^k-1||_inf = 0.00000000000000000000, ||V_lower^k - V_lower^k-1||_inf = 0.00001651002443639162, delta^k = -0.00001651002443639162
    Local Iteration 211: ||V_upper^k - V_upper^k-1||_inf = 0.00000000000000000000, ||V_lower^k - V_lower^k-1||_inf = 0.00001584962345893597, delta^k = -0.00001584962345893597
    Local Iteration 212: ||V_upper^k - V_upper^k-1||_inf = 0.00000000000000000000, ||V_lower^k - V_lower^k-1||_inf = 0.00001521563852057854, delta^k = -0.00001521563852057854
    Local Iteration 213: ||V_upper^k - V_upper^k-1||_inf = 0.00000000000000000000, ||V_lower^k - V_lower^k-1||_inf = 0.00001460701297975538, delta^k = -0.00001460701297975538
    Local Iteration 214: ||V_upper^k - V_upper^k-1||_inf = 0.00000000000000000000, ||V_lower^k - V_lower^k-1||_inf = 0.00001402273246056516, delta^k = -0.00001402273246056516
    Local Iteration 215: ||V_upper^k - V_upper^k-1||_inf = 0.00000000000000000000, ||V_lower^k - V_lower^k-1||_inf = 0.00001346182316214255, delta^k = -0.00001346182316214255
    Local Iteration 216: ||V_upper^k - V_upper^k-1||_inf = 0.00000000000000000000, ||V_lower^k - V_lower^k-1||_inf = 0.00001292335023565685, delta^k = -0.00001292335023565685
    Local Iteration 217: ||V_upper^k - V_upper^k-1||_inf = 0.00000000000000000000, ||V_lower^k - V_lower^k-1||_inf = 0.00001240641622623058, delta^k = -0.00001240641622623058
    Local Iteration 218: ||V_upper^k - V_upper^k-1||_inf = 0.00000000000000000000, ||V_lower^k - V_lower^k-1||_inf = 0.00001191015957718134, delta^k = -0.00001191015957718134
    Local Iteration 219: ||V_upper^k - V_upper^k-1||_inf = 0.00000000000000000000, ||V_lower^k - V_lower^k-1||_inf = 0.00001143375319409410, delta^k = -0.00001143375319409410
    Local Iteration 220: ||V_upper^k - V_upper^k-1||_inf = 0.00000000000000000000, ||V_lower^k - V_lower^k-1||_inf = 0.00001097640306633031, delta^k = -0.00001097640306633031
    Local Iteration 221: ||V_upper^k - V_upper^k-1||_inf = 0.00000000000000000000, ||V_lower^k - V_lower^k-1||_inf = 0.00001053734694367710, delta^k = -0.00001053734694367710
    Local Iteration 222: ||V_upper^k - V_upper^k-1||_inf = 0.00000000000000000000, ||V_lower^k - V_lower^k-1||_inf = 0.00001011585306593004, delta^k = -0.00001011585306593004
    Local Iteration 223: ||V_upper^k - V_upper^k-1||_inf = 0.00000000000000000000, ||V_lower^k - V_lower^k-1||_inf = 0.00000971121894329283, delta^k = -0.00000971121894329283
    Local Iteration 224: ||V_upper^k - V_upper^k-1||_inf = 0.00000000000000000000, ||V_lower^k - V_lower^k-1||_inf = 0.00000932277018556114, delta^k = -0.00000932277018556114
    Local Iteration 225: ||V_upper^k - V_upper^k-1||_inf = 0.00000000000000000000, ||V_lower^k - V_lower^k-1||_inf = 0.00000894985937813868, delta^k = -0.00000894985937813868
    Local Iteration 226: ||V_upper^k - V_upper^k-1||_inf = 0.00000000000000000000, ||V_lower^k - V_lower^k-1||_inf = 0.00000859186500301313, delta^k = -0.00000859186500301313
    Local Iteration 227: ||V_upper^k - V_upper^k-1||_inf = 0.00000000000000000000, ||V_lower^k - V_lower^k-1||_inf = 0.00000824819040289260, delta^k = -0.00000824819040289260
    Local Iteration 228: ||V_upper^k - V_upper^k-1||_inf = 0.00000000000000000000, ||V_lower^k - V_lower^k-1||_inf = 0.00000791826278677689, delta^k = -0.00000791826278677689
    Local Iteration 229: ||V_upper^k - V_upper^k-1||_inf = 0.00000000000000000000, ||V_lower^k - V_lower^k-1||_inf = 0.00000760153227530582, delta^k = -0.00000760153227530582
    Local Iteration 230: ||V_upper^k - V_upper^k-1||_inf = 0.00000000000000000000, ||V_lower^k - V_lower^k-1||_inf = 0.00000729747098429358, delta^k = -0.00000729747098429358
    Local Iteration 231: ||V_upper^k - V_upper^k-1||_inf = 0.00000000000000000000, ||V_lower^k - V_lower^k-1||_inf = 0.00000700557214492186, delta^k = -0.00000700557214492186
    Local Iteration 232: ||V_upper^k - V_upper^k-1||_inf = 0.00000000000000000000, ||V_lower^k - V_lower^k-1||_inf = 0.00000672534925912497, delta^k = -0.00000672534925912497
    Local Iteration 233: ||V_upper^k - V_upper^k-1||_inf = 0.00000000000000000000, ||V_lower^k - V_lower^k-1||_inf = 0.00000645633528875998, delta^k = -0.00000645633528875998
    Local Iteration 234: ||V_upper^k - V_upper^k-1||_inf = 0.00000000000000000000, ||V_lower^k - V_lower^k-1||_inf = 0.00000619808187720959, delta^k = -0.00000619808187720959
    Local Iteration 235: ||V_upper^k - V_upper^k-1||_inf = 0.00000000000000000000, ||V_lower^k - V_lower^k-1||_inf = 0.00000595015860212119, delta^k = -0.00000595015860212119
    Local Iteration 236: ||V_upper^k - V_upper^k-1||_inf = 0.00000000000000000000, ||V_lower^k - V_lower^k-1||_inf = 0.00000571215225803634, delta^k = -0.00000571215225803634
    Local Iteration 237: ||V_upper^k - V_upper^k-1||_inf = 0.00000000000000000000, ||V_lower^k - V_lower^k-1||_inf = 0.00000548366616771488, delta^k = -0.00000548366616771488
    Local Iteration 238: ||V_upper^k - V_upper^k-1||_inf = 0.00000000000000000000, ||V_lower^k - V_lower^k-1||_inf = 0.00000526431952100630, delta^k = -0.00000526431952100630
    Local Iteration 239: ||V_upper^k - V_upper^k-1||_inf = 0.00000000000000000000, ||V_lower^k - V_lower^k-1||_inf = 0.00000184431041916702, delta^k = -0.00000184431041916702
    Local Iteration 240: ||V_upper^k - V_upper^k-1||_inf = 0.00000000000000000000, ||V_lower^k - V_lower^k-1||_inf = 0.00000000000000000000, delta^k = 0.00000000000000000000

============================================================
 CONSERVATIVE STOPPING CONDITION MET (Algorithm 3)
============================================================
  delta^k = 0.0000000000e+00 >= -delta_max
  ||V_upper^k - V_upper^k-1||_inf = 0.0000000000e+00 < 1e-08
  eps_cons = (0.96 * 0.0000000000e+00) / 0.04 = 0.0000000000e+00
  Correcting V_lower for 14770816 cells: V_lower <- V_lower - eps_cons - eps_machine
   Conservative correction applied successfully
  Machine epsilon eps_machine = 2.220e-16
    Local VI completed in 240 iterations
    Final convergence values:
      ||V_upper^final - V_upper^prev||_inf = 0.00000000e+00
      ||V_lower^final - V_lower^prev||_inf = 0.00000000e+00
  Local VI completed in 240 iterations, time: 2567.659s
    Final ||V_upper^k - V_upper^k-1||_inf = 0.00000000000000000000e+00
    Final ||V_lower^k - V_lower^k-1||_inf = 0.00000000000000000000e+00
  Saved visualization: /Users/i.k.tabbara/Documents/python directory/HSCC_2027/refactored_Implementations/results_hscc_2027_newbellmans_12workers/ra_discount/double_integrator_res10_eps0.05_dmin1e-08_dmax1e-08_gamma0.96_dt0.3_tau0.3_cons/value_function_phase_14_complete.png
  Phase 14 completed in 2581.53s with 14770816 leaf cells

Classification after phase 14:
  Safe:          3993174 cells ( 27.0%),   75.5% of state space
  Unsafe:        1517210 cells ( 10.3%),   18.8% of state space
  Unclassified:  9260432 cells ( 62.7%),    5.7% of state space

======================================================================
ADAPTIVE REFINEMENT COMPLETE
======================================================================
Refinement Summary:
  Phases completed: 14
  Parent cells refined: 14760816
  Child cells created: 29521632
  Final cells: 14770816
Final Boundary State:
  Boundary cells: 9260432
  Still refinable: 9260432
  Below threshold: 0

Final Cell Classification:
  Safe:          3993174 cells ( 27.0%),   75.5% of state space
  Unsafe:        1517210 cells ( 10.3%),   18.8% of state space
  Unclassified:  9260432 cells ( 62.7%),    5.7% of state space

 All results saved to: /Users/i.k.tabbara/Documents/python directory/HSCC_2027/refactored_Implementations/results_hscc_2027_newbellmans_12workers/ra_discount/double_integrator_res10_eps0.05_dmin1e-08_dmax1e-08_gamma0.96_dt0.3_tau0.3_cons/
ALGORITHM 2 COMPLETE
Total time: 4304.94 seconds

======================================================================
TIMING BREAKDOWN (RA_discount)
======================================================================
  grid construction      :      0.002 s
  spatial index builds   :     19.793 s
  cell initialization    :      0.233 s
  ODE integration        :     30.394 s  (326037510 solves)
  successor set queries  :    226.529 s
  value iteration        :   3907.212 s  (3284 sweeps)
  cell splitting         :      4.459 s
  plotting / output      :     13.739 s
  checkpoint writes      :      0.000 s
  ------------------------------------------------
  TOTAL                  :   4399.631 s
  final leaf cells       :   14770816
TOTAL WALL TIME: 4399.63 seconds
# run finished 2026-10-04T15:11:22
