
######################################################################
# run started 2026-10-04T20:22:15
# command: ./build/dhj --mode ra_discount --dynamics double_integrator --dt 0.3 --tau 0.3 --initial-resolution 10 --epsilon 0.05 --delta-min 1e-8 --phase0-tol 1e-8 --delta-max 1e-8 --gamma 0.96 --refinements 14 --vi-iterations 20000 --checkpoint-every 0 --keep-checkpoints 0 --plot-dpi 300 --workers 12 --results-root /Users/i.k.tabbara/Documents/python directory/HSCC_2027/refactored_Implementations/results_hscc_2027_modified_init
# cwd: /Users/i.k.tabbara/Documents/python directory/HSCC_2027/refactored_Implementations/cpp
######################################################################
DISCRETE HJ REACH-AVOID SOLVER (C++)
Mode: ra_discount (RA_discount.py semantics)
Algorithm: 2, Workers: 12
Output directory: /Users/i.k.tabbara/Documents/python directory/HSCC_2027/refactored_Implementations/results_hscc_2027_modified_init/ra_discount/double_integrator_res10_eps0.05_dmin1e-08_dmax1e-08_gamma0.96_dt0.3_tau0.3_std
Conservative mode: False
Dynamics: double_integrator (4-D)
  Time discretization: 1 steps of dt=0.3 s over tau=0.3 s
======================================================================
ALGORITHM 2/3: Adaptive Refinement
======================================================================
Environment: double_integrator
Initializing grid with resolution 10^4...
  Building spatial index for 10000 cells...
   Spatial index built in 0.00s

Gronwall Reachability Initialized:
  Lipschitz constant L = 1
  Checkpoint interval dt = 0.3
  Control horizon tau = 0.3
  Number of checkpoints = 1
  Checkpoint times: ['0.300']
  Growth factors: ['1.349859']
Initialized with gamma=0.96, L_f=1, L_l=1.41421,  L_r=1.41421
Contraction factor: gamma*L_f = 0.9600
Using 12 parallel workers

======================================================================
ADAPTIVE REFINEMENT CONFIGURATION
======================================================================
  Error tolerance eps: 0.05
  Minimum cell size eta_min: 0.017678
  Maximum refinements: 14
  VI iterations per refinement: 20000
  Conservative mode: False

======================================================================
PHASE 0: INITIAL VALUE ITERATION
======================================================================
Grid: 10000 cells
  Precomputing successor sets...

Precomputing successor sets with HYBRID approach...
  Step 1: Computing 90000 trajectories in parallel...
   Trajectories + spatial queries computed in 0.03s (3192211.0 tasks/s)
    Breakdown: 12.0% ODE, 88.0% queries

Starting OPTIMIZED PARALLEL value iteration (max 20000 iterations)...
Conservative mode: False
Convergence tolerance: 1e-08
Number of cells: 10000
Iteration   1: ||V_upper^k - V_upper^k-1||_inf = 0.11770562748477164661, ||V_lower^k - V_lower^k-1||_inf = 0.23133779595312109478
Iteration   2: ||V_upper^k - V_upper^k-1||_inf = 0.11299740238538058534, ||V_lower^k - V_lower^k-1||_inf = 0.22208428411499614441
Iteration   3: ||V_upper^k - V_upper^k-1||_inf = 0.10847750628996521982, ||V_lower^k - V_lower^k-1||_inf = 0.21320091275039665391
Iteration   4: ||V_upper^k - V_upper^k-1||_inf = 0.10413840603836677090, ||V_lower^k - V_lower^k-1||_inf = 0.20467287624038110749
Iteration   5: ||V_upper^k - V_upper^k-1||_inf = 0.09997286979683206454, ||V_lower^k - V_lower^k-1||_inf = 0.19648596119076522371
Iteration   6: ||V_upper^k - V_upper^k-1||_inf = 0.09597395500495897736, ||V_lower^k - V_lower^k-1||_inf = 0.18862652274313518319
Iteration   7: ||V_upper^k - V_upper^k-1||_inf = 0.09213499680476067155, ||V_lower^k - V_lower^k-1||_inf = 0.18108146183340956270
Iteration   8: ||V_upper^k - V_upper^k-1||_inf = 0.08844959693257026245, ||V_lower^k - V_lower^k-1||_inf = 0.17383820336007271834
Iteration   9: ||V_upper^k - V_upper^k-1||_inf = 0.08491161305526739866, ||V_lower^k - V_lower^k-1||_inf = 0.16688467522567052015
Iteration  10: ||V_upper^k - V_upper^k-1||_inf = 0.08151514853305652508, ||V_lower^k - V_lower^k-1||_inf = 0.16020928821664348618
Iteration  11: ||V_upper^k - V_upper^k-1||_inf = 0.07825454259173425520, ||V_lower^k - V_lower^k-1||_inf = 0.15380091668797746252
Iteration  12: ||V_upper^k - V_upper^k-1||_inf = 0.07512436088806495604, ||V_lower^k - V_lower^k-1||_inf = 0.14764888002045850612
Iteration  13: ||V_upper^k - V_upper^k-1||_inf = 0.07211938645254223346, ||V_lower^k - V_lower^k-1||_inf = 0.14174292481964023693
Iteration  14: ||V_upper^k - V_upper^k-1||_inf = 0.06923461099444061517, ||V_lower^k - V_lower^k-1||_inf = 0.13607320782685450311
Iteration  15: ||V_upper^k - V_upper^k-1||_inf = 0.06646522655466302609, ||V_lower^k - V_lower^k-1||_inf = 0.13063027951378058944
Iteration  16: ||V_upper^k - V_upper^k-1||_inf = 0.06380661749247651393, ||V_lower^k - V_lower^k-1||_inf = 0.12540506833322906388
Iteration  17: ||V_upper^k - V_upper^k-1||_inf = 0.06125435279277735567, ||V_lower^k - V_lower^k-1||_inf = 0.12038886559989991909
Iteration  18: ||V_upper^k - V_upper^k-1||_inf = 0.05880417868106624368, ||V_lower^k - V_lower^k-1||_inf = 0.11557331097590406443
Iteration  19: ||V_upper^k - V_upper^k-1||_inf = 0.05645201153382362058, ||V_lower^k - V_lower^k-1||_inf = 0.11095037853686795515
Iteration  20: ||V_upper^k - V_upper^k-1||_inf = 0.05419393107247061359, ||V_lower^k - V_lower^k-1||_inf = 0.10651236339539327247
Iteration  21: ||V_upper^k - V_upper^k-1||_inf = 0.05202617382957197556, ||V_lower^k - V_lower^k-1||_inf = 0.10225186885957748828
Iteration  22: ||V_upper^k - V_upper^k-1||_inf = 0.04994512687638907877, ||V_lower^k - V_lower^k-1||_inf = 0.09816179410519421111
Iteration  23: ||V_upper^k - V_upper^k-1||_inf = 0.04794732180133354227, ||V_lower^k - V_lower^k-1||_inf = 0.09423532234098663807
Iteration  24: ||V_upper^k - V_upper^k-1||_inf = 0.04602942892928019170, ||V_lower^k - V_lower^k-1||_inf = 0.09046590944734722584
Iteration  25: ||V_upper^k - V_upper^k-1||_inf = 0.04418825177210883304, ||V_lower^k - V_lower^k-1||_inf = 0.08684727306945294600
Iteration  26: ||V_upper^k - V_upper^k-1||_inf = 0.04242072170122446195, ||V_lower^k - V_lower^k-1||_inf = 0.08337338214667511238
Iteration  27: ||V_upper^k - V_upper^k-1||_inf = 0.04072389283317556785, ||V_lower^k - V_lower^k-1||_inf = 0.08003844686080796578
Iteration  28: ||V_upper^k - V_upper^k-1||_inf = 0.03909493711984857178, ||V_lower^k - V_lower^k-1||_inf = 0.07683690898637562938
Iteration  29: ||V_upper^k - V_upper^k-1||_inf = 0.03753113963505461115, ||V_lower^k - V_lower^k-1||_inf = 0.07376343262692075520
Iteration  30: ||V_upper^k - V_upper^k-1||_inf = 0.03602989404965240006, ||V_lower^k - V_lower^k-1||_inf = 0.07081289532184387170
Iteration  31: ||V_upper^k - V_upper^k-1||_inf = 0.03458869828766630850, ||V_lower^k - V_lower^k-1||_inf = 0.06798037950897017900
Iteration  32: ||V_upper^k - V_upper^k-1||_inf = 0.03320515035615967392, ||V_lower^k - V_lower^k-1||_inf = 0.06526116432861139849
Iteration  33: ||V_upper^k - V_upper^k-1||_inf = 0.03187694434191323811, ||V_lower^k - V_lower^k-1||_inf = 0.06265071775546693367
Iteration  34: ||V_upper^k - V_upper^k-1||_inf = 0.03060186656823671303, ||V_lower^k - V_lower^k-1||_inf = 0.06014468904524816750
Iteration  35: ||V_upper^k - V_upper^k-1||_inf = 0.02937779190550726671, ||V_lower^k - V_lower^k-1||_inf = 0.05773890148343818751
Iteration  36: ||V_upper^k - V_upper^k-1||_inf = 0.02820268022928695828, ||V_lower^k - V_lower^k-1||_inf = 0.05542934542410060672
Iteration  37: ||V_upper^k - V_upper^k-1||_inf = 0.02707457302011551104, ||V_lower^k - V_lower^k-1||_inf = 0.05321217160713676009
Iteration  38: ||V_upper^k - V_upper^k-1||_inf = 0.02599159009931084618, ||V_lower^k - V_lower^k-1||_inf = 0.05108368474285129857
Iteration  39: ||V_upper^k - V_upper^k-1||_inf = 0.02495192649533839457, ||V_lower^k - V_lower^k-1||_inf = 0.04904033735313717557
Iteration  40: ||V_upper^k - V_upper^k-1||_inf = 0.02395384943552492096, ||V_lower^k - V_lower^k-1||_inf = 0.04707872385901157308
Iteration  41: ||V_upper^k - V_upper^k-1||_inf = 0.02299569545810387083, ||V_lower^k - V_lower^k-1||_inf = 0.04519557490465109240
Iteration  42: ||V_upper^k - V_upper^k-1||_inf = 0.02207586763977975597, ||V_lower^k - V_lower^k-1||_inf = 0.04338775190846511087
Iteration  43: ||V_upper^k - V_upper^k-1||_inf = 0.02119283293418861014, ||V_lower^k - V_lower^k-1||_inf = 0.04165224183212656861
Iteration  44: ||V_upper^k - V_upper^k-1||_inf = 0.02034511961682100578, ||V_lower^k - V_lower^k-1||_inf = 0.03965380397103590582
Iteration  45: ||V_upper^k - V_upper^k-1||_inf = 0.01953131483214815001, ||V_lower^k - V_lower^k-1||_inf = 0.00000000000000000000
Iteration  46: ||V_upper^k - V_upper^k-1||_inf = 0.01875006223886227508, ||V_lower^k - V_lower^k-1||_inf = 0.00000000000000000000
Iteration  47: ||V_upper^k - V_upper^k-1||_inf = 0.01800005974930773966, ||V_lower^k - V_lower^k-1||_inf = 0.00000000000000000000
Iteration  48: ||V_upper^k - V_upper^k-1||_inf = 0.01728005735933546561, ||V_lower^k - V_lower^k-1||_inf = 0.00000000000000000000
Iteration  49: ||V_upper^k - V_upper^k-1||_inf = 0.01658885506496204920, ||V_lower^k - V_lower^k-1||_inf = 0.00000000000000000000
Iteration  50: ||V_upper^k - V_upper^k-1||_inf = 0.01592530086236354503, ||V_lower^k - V_lower^k-1||_inf = 0.00000000000000000000
Iteration  51: ||V_upper^k - V_upper^k-1||_inf = 0.00743511940966806728, ||V_lower^k - V_lower^k-1||_inf = 0.00000000000000000000
Iteration  52: ||V_upper^k - V_upper^k-1||_inf = 0.00000000000000000000, ||V_lower^k - V_lower^k-1||_inf = 0.00000000000000000000

==================================================
 STANDARD CONVERGENCE ACHIEVED
==================================================
  ||V_upper^k - V_upper^k-1||_inf = 0.00000000000000000000e+00 < tolerance = 1e-08
  ||V_lower^k - V_lower^k-1||_inf = 0.00000000000000000000e+00 < tolerance = 1e-08
  Converged in 52 iterations
  V_lower increased from min(l_lower, r_lower); smallest step 0.000e+00

Value iteration completed in 52 iterations
total time for running value_iteration the first time (phase 0) on the initial grid including grid initialization, setting up cpu parallelism, successor set computation and value iteration is 0.839509 seconds
Initial VI completed in 52 iterations
Final convergence: ||V_upper||_inf = 0.00000000e+00, ||V_lower||_inf = 0.00000000e+00
Saved initial visualization: /Users/i.k.tabbara/Documents/python directory/HSCC_2027/refactored_Implementations/results_hscc_2027_modified_init/ra_discount/double_integrator_res10_eps0.05_dmin1e-08_dmax1e-08_gamma0.96_dt0.3_tau0.3_std/value_function_phase_0_complete.png

Classification after phase 0:
  Safe:                0 cells (  0.0%),    0.0% of state space
  Unsafe:            400 cells (  4.0%),    4.0% of state space
  Unclassified:     9600 cells ( 96.0%),   96.0% of state space

======================================================================
INITIAL QUEUE STATE
======================================================================
Total boundary cells: 9600
  Refinable (>eta_min=0.017678): 9600
  Below threshold: 0

======================================================================
REFINEMENT PHASE 1
======================================================================
Boundary cells: 9600
  Refinable (>eta_min=0.017678): 9600
  Below threshold: 0
  Cumulative refined: 0
  Refinable cell size statistics:
    Max:    0.600000
    Mean:   0.600000
    Min:    0.600000
    Median: 0.600000
  Refining 9600 cells...
    Refined: 9600 parent cells
    Created: 19200 child cells
    Total cells: 19600
    Refinement time: 0.002s
    Cumulative refined: 9600
  Rebuilding spatial index...
  Building spatial index for 19600 cells...
   Spatial index built in 0.01s
    Spatial index rebuilt in 0.005s
  Initializing 19200 new cells...
  Initializing 19200 new cells in parallel...
   Initialized in 0.00s (176821631.2 cells/s)
    Initialization completed in 0.000s
  Starting local value iteration...
  Reinitializing ALL 19600 cells (V_lower = min(l, r), V_upper = l)
   Reinitialized 19600 cells in 0.00s (227135771.6 cells/s)
  Local VI: updating all 19600 cells
    Conservative mode: False
    Convergence tolerance: 1e-08
    Max iterations: 20000
    Updating successor cache for 19200 updated cells...
    Updating successor cache for 19200 new cells (HYBRID)...
      Affected cells: 19564
   Trajectories + spatial queries computed in 0.08s (2119207.1 tasks/s)
    Breakdown: 8.4% ODE, 91.6% queries
     Cache updated in 0.09s (1983835.7 tasks/s)
    Local Iteration   1: ||V_upper^k - V_upper^k-1||_inf = 0.12200559068810612473, ||V_lower^k - V_lower^k-1||_inf = 0.23667871863809253341
    Local Iteration   2: ||V_upper^k - V_upper^k-1||_inf = 0.11712536706058163105, ||V_lower^k - V_lower^k-1||_inf = 0.22721156989256829917
    Local Iteration   3: ||V_upper^k - V_upper^k-1||_inf = 0.11244035237815852568, ||V_lower^k - V_lower^k-1||_inf = 0.21812310709686588694
    Local Iteration   4: ||V_upper^k - V_upper^k-1||_inf = 0.10794273828303202478, ||V_lower^k - V_lower^k-1||_inf = 0.20939818281299160674
    Local Iteration   5: ||V_upper^k - V_upper^k-1||_inf = 0.10362502875171086814, ||V_lower^k - V_lower^k-1||_inf = 0.20102225550047148062
    Local Iteration   6: ||V_upper^k - V_upper^k-1||_inf = 0.09948002760164253999, ||V_lower^k - V_lower^k-1||_inf = 0.19298136528045262139
    Local Iteration   7: ||V_upper^k - V_upper^k-1||_inf = 0.09550082649757696274, ||V_lower^k - V_lower^k-1||_inf = 0.18526211066923448101
    Local Iteration   8: ||V_upper^k - V_upper^k-1||_inf = 0.09168079343767354672, ||V_lower^k - V_lower^k-1||_inf = 0.17785162624246542151
    Local Iteration   9: ||V_upper^k - V_upper^k-1||_inf = 0.08801356170016694236, ||V_lower^k - V_lower^k-1||_inf = 0.17073756119276684018
    Local Iteration  10: ||V_upper^k - V_upper^k-1||_inf = 0.08449301923216001597, ||V_lower^k - V_lower^k-1||_inf = 0.16390805874505609552
    Local Iteration  11: ||V_upper^k - V_upper^k-1||_inf = 0.08111329846287373968, ||V_lower^k - V_lower^k-1||_inf = 0.15735173639525390499
    Local Iteration  12: ||V_upper^k - V_upper^k-1||_inf = 0.07786876652435870128, ||V_lower^k - V_lower^k-1||_inf = 0.15105766693944344681
    Local Iteration  13: ||V_upper^k - V_upper^k-1||_inf = 0.07475401586338437099, ||V_lower^k - V_lower^k-1||_inf = 0.14501536026186601092
    Local Iteration  14: ||V_upper^k - V_upper^k-1||_inf = 0.07176385522884887180, ||V_lower^k - V_lower^k-1||_inf = 0.13921474585139126390
    Local Iteration  15: ||V_upper^k - V_upper^k-1||_inf = 0.06889330101969504128, ||V_lower^k - V_lower^k-1||_inf = 0.13364615601733564887
    Local Iteration  16: ||V_upper^k - V_upper^k-1||_inf = 0.06613756897890721298, ||V_lower^k - V_lower^k-1||_inf = 0.12830030977664197422
    Local Iteration  17: ||V_upper^k - V_upper^k-1||_inf = 0.06349206621975089782, ||V_lower^k - V_lower^k-1||_inf = 0.12316829738557633078
    Local Iteration  18: ||V_upper^k - V_upper^k-1||_inf = 0.06095238357096088855, ||V_lower^k - V_lower^k-1||_inf = 0.11824156549015318873
    Local Iteration  19: ||V_upper^k - V_upper^k-1||_inf = 0.05851428822812243524, ||V_lower^k - V_lower^k-1||_inf = 0.11351190287054713224
    Local Iteration  20: ||V_upper^k - V_upper^k-1||_inf = 0.05617371669899751119, ||V_lower^k - V_lower^k-1||_inf = 0.10897142675572535353
    Local Iteration  21: ||V_upper^k - V_upper^k-1||_inf = 0.05392676803103757521, ||V_lower^k - V_lower^k-1||_inf = 0.10461256968549648150
    Local Iteration  22: ||V_upper^k - V_upper^k-1||_inf = 0.05176969730979608109, ||V_lower^k - V_lower^k-1||_inf = 0.10042806689807637355
    Local Iteration  23: ||V_upper^k - V_upper^k-1||_inf = 0.04969890941740429113, ||V_lower^k - V_lower^k-1||_inf = 0.09641094422215346071
    Local Iteration  24: ||V_upper^k - V_upper^k-1||_inf = 0.04771095304070804843, ||V_lower^k - V_lower^k-1||_inf = 0.09255450645326712689
    Local Iteration  25: ||V_upper^k - V_upper^k-1||_inf = 0.04580251491907971761, ||V_lower^k - V_lower^k-1||_inf = 0.08885232619513638852
    Local Iteration  26: ||V_upper^k - V_upper^k-1||_inf = 0.04397041432231652003, ||V_lower^k - V_lower^k-1||_inf = 0.08529823314733109285
    Local Iteration  27: ||V_upper^k - V_upper^k-1||_inf = 0.04221159774942395693, ||V_lower^k - V_lower^k-1||_inf = 0.08188630382143791131
    Local Iteration  28: ||V_upper^k - V_upper^k-1||_inf = 0.04052313383944694536, ||V_lower^k - V_lower^k-1||_inf = 0.07861085166858039486
    Local Iteration  29: ||V_upper^k - V_upper^k-1||_inf = 0.03890220848586911639, ||V_lower^k - V_lower^k-1||_inf = 0.07546641760183714354
    Local Iteration  30: ||V_upper^k - V_upper^k-1||_inf = 0.03734612014643434730, ||V_lower^k - V_lower^k-1||_inf = 0.07244776089776361339
    Local Iteration  31: ||V_upper^k - V_upper^k-1||_inf = 0.03585227534057700005, ||V_lower^k - V_lower^k-1||_inf = 0.06954985046185302444
    Local Iteration  32: ||V_upper^k - V_upper^k-1||_inf = 0.03441818432695387120, ||V_lower^k - V_lower^k-1||_inf = 0.06676785644337890346
    Local Iteration  33: ||V_upper^k - V_upper^k-1||_inf = 0.03304145695387572523, ||V_lower^k - V_lower^k-1||_inf = 0.06409714218564377397
    Local Iteration  34: ||V_upper^k - V_upper^k-1||_inf = 0.03171979867572072287, ||V_lower^k - V_lower^k-1||_inf = 0.06153325649821805854
    Local Iteration  35: ||V_upper^k - V_upper^k-1||_inf = 0.03045100672869183178, ||V_lower^k - V_lower^k-1||_inf = 0.05907192623828927402
    Local Iteration  36: ||V_upper^k - V_upper^k-1||_inf = 0.02923296645954420736, ||V_lower^k - V_lower^k-1||_inf = 0.05670904918875763201
    Local Iteration  37: ||V_upper^k - V_upper^k-1||_inf = 0.02806364780116243907, ||V_lower^k - V_lower^k-1||_inf = 0.05444068722120731785
    Local Iteration  38: ||V_upper^k - V_upper^k-1||_inf = 0.02694110188911591486, ||V_lower^k - V_lower^k-1||_inf = 0.05226305973235922941
    Local Iteration  39: ||V_upper^k - V_upper^k-1||_inf = 0.02586345781355126050, ||V_lower^k - V_lower^k-1||_inf = 0.05017253734306481583
    Local Iteration  40: ||V_upper^k - V_upper^k-1||_inf = 0.02482891950100918343, ||V_lower^k - V_lower^k-1||_inf = 0.04816563584934208109
    Local Iteration  41: ||V_upper^k - V_upper^k-1||_inf = 0.02383576272096887827, ||V_lower^k - V_lower^k-1||_inf = 0.04623901041536848666
    Local Iteration  42: ||V_upper^k - V_upper^k-1||_inf = 0.02288233221213009649, ||V_lower^k - V_lower^k-1||_inf = 0.04438944999875382713
    Local Iteration  43: ||V_upper^k - V_upper^k-1||_inf = 0.02196703892364493260, ||V_lower^k - V_lower^k-1||_inf = 0.04261387199880362076
    Local Iteration  44: ||V_upper^k - V_upper^k-1||_inf = 0.02108835736669911753, ||V_lower^k - V_lower^k-1||_inf = 0.04090931711885148481
    Local Iteration  45: ||V_upper^k - V_upper^k-1||_inf = 0.02024482307203112619, ||V_lower^k - V_lower^k-1||_inf = 0.02182361085243345045
    Local Iteration  46: ||V_upper^k - V_upper^k-1||_inf = 0.01943503014914987892, ||V_lower^k - V_lower^k-1||_inf = 0.00000000000000000000
    Local Iteration  47: ||V_upper^k - V_upper^k-1||_inf = 0.01865762894318390153, ||V_lower^k - V_lower^k-1||_inf = 0.00000000000000000000
    Local Iteration  48: ||V_upper^k - V_upper^k-1||_inf = 0.01791132378545656767, ||V_lower^k - V_lower^k-1||_inf = 0.00000000000000000000
    Local Iteration  49: ||V_upper^k - V_upper^k-1||_inf = 0.01719487083403825611, ||V_lower^k - V_lower^k-1||_inf = 0.00000000000000000000
    Local Iteration  50: ||V_upper^k - V_upper^k-1||_inf = 0.00039693521936201570, ||V_lower^k - V_lower^k-1||_inf = 0.00000000000000000000
    Local Iteration  51: ||V_upper^k - V_upper^k-1||_inf = 0.00000000000000000000, ||V_lower^k - V_lower^k-1||_inf = 0.00000000000000000000

==================================================
 LOCAL CONVERGENCE ACHIEVED
==================================================
  ||V_upper^k - V_upper^k-1||_inf = 0.00000000000000000000e+00 < tolerance = 1e-08
  ||V_lower^k - V_lower^k-1||_inf = 0.00000000000000000000e+00 < tolerance = 1e-08
  Converged in 51 iterations
  V_lower increased from min(l_lower, r_lower); smallest step 0.000e+00
    Local VI completed in 51 iterations
    Final convergence values:
      ||V_upper^final - V_upper^prev||_inf = 0.00000000e+00
      ||V_lower^final - V_lower^prev||_inf = 0.00000000e+00
  Local VI completed in 51 iterations, time: 0.298s
    Final ||V_upper^k - V_upper^k-1||_inf = 0.00000000000000000000e+00
    Final ||V_lower^k - V_lower^k-1||_inf = 0.00000000000000000000e+00
  Saved visualization: /Users/i.k.tabbara/Documents/python directory/HSCC_2027/refactored_Implementations/results_hscc_2027_modified_init/ra_discount/double_integrator_res10_eps0.05_dmin1e-08_dmax1e-08_gamma0.96_dt0.3_tau0.3_std/value_function_phase_1_complete.png
  Phase 1 completed in 1.07s with 19600 leaf cells

Classification after phase 1:
  Safe:                0 cells (  0.0%),    0.0% of state space
  Unsafe:            800 cells (  4.1%),    6.0% of state space
  Unclassified:    18800 cells ( 95.9%),   94.0% of state space

======================================================================
REFINEMENT PHASE 2
======================================================================
Boundary cells: 18800
  Refinable (>eta_min=0.017678): 18800
  Below threshold: 0
  Cumulative refined: 9600
  Refinable cell size statistics:
    Max:    0.600000
    Mean:   0.600000
    Min:    0.600000
    Median: 0.600000
  Refining 18800 cells...
    Refined: 18800 parent cells
    Created: 37600 child cells
    Total cells: 38400
    Refinement time: 0.001s
    Cumulative refined: 28400
  Rebuilding spatial index...
  Building spatial index for 38400 cells...
   Spatial index built in 0.01s
    Spatial index rebuilt in 0.008s
  Initializing 37600 new cells...
  Initializing 37600 new cells in parallel...
   Initialized in 0.00s (288584783.3 cells/s)
    Initialization completed in 0.000s
  Starting local value iteration...
  Reinitializing ALL 38400 cells (V_lower = min(l, r), V_upper = l)
   Reinitialized 38400 cells in 0.00s (347118644.1 cells/s)
  Local VI: updating all 38400 cells
    Conservative mode: False
    Convergence tolerance: 1e-08
    Max iterations: 20000
    Updating successor cache for 37600 updated cells...
    Updating successor cache for 37600 new cells (HYBRID)...
      Affected cells: 38304
   Trajectories + spatial queries computed in 0.09s (3952244.4 tasks/s)
    Breakdown: 13.3% ODE, 86.7% queries
     Cache updated in 0.10s (3429668.6 tasks/s)
    Local Iteration   1: ||V_upper^k - V_upper^k-1||_inf = 0.11770562748477164661, ||V_lower^k - V_lower^k-1||_inf = 0.23095589815078731988
    Local Iteration   2: ||V_upper^k - V_upper^k-1||_inf = 0.11299740238538058534, ||V_lower^k - V_lower^k-1||_inf = 0.22171766222475586261
    Local Iteration   3: ||V_upper^k - V_upper^k-1||_inf = 0.10847750628996521982, ||V_lower^k - V_lower^k-1||_inf = 0.21284895573576623207
    Local Iteration   4: ||V_upper^k - V_upper^k-1||_inf = 0.10413840603836677090, ||V_lower^k - V_lower^k-1||_inf = 0.20433499750633554726
    Local Iteration   5: ||V_upper^k - V_upper^k-1||_inf = 0.09997286979683206454, ||V_lower^k - V_lower^k-1||_inf = 0.19616159760608198326
    Local Iteration   6: ||V_upper^k - V_upper^k-1||_inf = 0.09597395500495897736, ||V_lower^k - V_lower^k-1||_inf = 0.18831513370183827760
    Local Iteration   7: ||V_upper^k - V_upper^k-1||_inf = 0.09213499680476067155, ||V_lower^k - V_lower^k-1||_inf = 0.18078252835376495966
    Local Iteration   8: ||V_upper^k - V_upper^k-1||_inf = 0.08844959693257026245, ||V_lower^k - V_lower^k-1||_inf = 0.17355122721961446786
    Local Iteration   9: ||V_upper^k - V_upper^k-1||_inf = 0.08491161305526739866, ||V_lower^k - V_lower^k-1||_inf = 0.16660917813082987138
    Local Iteration  10: ||V_upper^k - V_upper^k-1||_inf = 0.08151514853305652508, ||V_lower^k - V_lower^k-1||_inf = 0.15994481100559632125
    Local Iteration  11: ||V_upper^k - V_upper^k-1||_inf = 0.07825454259173425520, ||V_lower^k - V_lower^k-1||_inf = 0.15354701856537245064
    Local Iteration  12: ||V_upper^k - V_upper^k-1||_inf = 0.07512436088806495604, ||V_lower^k - V_lower^k-1||_inf = 0.14740513782275765919
    Local Iteration  13: ||V_upper^k - V_upper^k-1||_inf = 0.07211938645254223346, ||V_lower^k - V_lower^k-1||_inf = 0.14150893230984751270
    Local Iteration  14: ||V_upper^k - V_upper^k-1||_inf = 0.06923461099444061517, ||V_lower^k - V_lower^k-1||_inf = 0.13584857501745339903
    Local Iteration  15: ||V_upper^k - V_upper^k-1||_inf = 0.06646522655466302609, ||V_lower^k - V_lower^k-1||_inf = 0.13041463201675540517
    Local Iteration  16: ||V_upper^k - V_upper^k-1||_inf = 0.06380661749247651393, ||V_lower^k - V_lower^k-1||_inf = 0.12519804673608536660
    Local Iteration  17: ||V_upper^k - V_upper^k-1||_inf = 0.06125435279277735567, ||V_lower^k - V_lower^k-1||_inf = 0.12019012486664193418
    Local Iteration  18: ||V_upper^k - V_upper^k-1||_inf = 0.05880417868106624368, ||V_lower^k - V_lower^k-1||_inf = 0.11538251987197600812
    Local Iteration  19: ||V_upper^k - V_upper^k-1||_inf = 0.05645201153382362058, ||V_lower^k - V_lower^k-1||_inf = 0.11076721907709696779
    Local Iteration  20: ||V_upper^k - V_upper^k-1||_inf = 0.05419393107247061359, ||V_lower^k - V_lower^k-1||_inf = 0.10633653031401335554
    Local Iteration  21: ||V_upper^k - V_upper^k-1||_inf = 0.05202617382957197556, ||V_lower^k - V_lower^k-1||_inf = 0.10208306910145248381
    Local Iteration  22: ||V_upper^k - V_upper^k-1||_inf = 0.04994512687638907877, ||V_lower^k - V_lower^k-1||_inf = 0.09799974633739472196
    Local Iteration  23: ||V_upper^k - V_upper^k-1||_inf = 0.04794732180133354227, ||V_lower^k - V_lower^k-1||_inf = 0.09407975648389887979
    Local Iteration  24: ||V_upper^k - V_upper^k-1||_inf = 0.04602942892928019170, ||V_lower^k - V_lower^k-1||_inf = 0.09031656622454287131
    Local Iteration  25: ||V_upper^k - V_upper^k-1||_inf = 0.04418825177210883304, ||V_lower^k - V_lower^k-1||_inf = 0.08670390357556101435
    Local Iteration  26: ||V_upper^k - V_upper^k-1||_inf = 0.04242072170122446195, ||V_lower^k - V_lower^k-1||_inf = 0.08323574743253869812
    Local Iteration  27: ||V_upper^k - V_upper^k-1||_inf = 0.04072389283317556785, ||V_lower^k - V_lower^k-1||_inf = 0.07990631753523702585
    Local Iteration  28: ||V_upper^k - V_upper^k-1||_inf = 0.03909493711984857178, ||V_lower^k - V_lower^k-1||_inf = 0.07671006483382747376
    Local Iteration  29: ||V_upper^k - V_upper^k-1||_inf = 0.03753113963505461115, ||V_lower^k - V_lower^k-1||_inf = 0.07364166224047452580
    Local Iteration  30: ||V_upper^k - V_upper^k-1||_inf = 0.03602989404965240006, ||V_lower^k - V_lower^k-1||_inf = 0.07069599575085550036
    Local Iteration  31: ||V_upper^k - V_upper^k-1||_inf = 0.03458869828766630850, ||V_lower^k - V_lower^k-1||_inf = 0.06786815592082118265
    Local Iteration  32: ||V_upper^k - V_upper^k-1||_inf = 0.03320515035615967392, ||V_lower^k - V_lower^k-1||_inf = 0.06515342968398840640
    Local Iteration  33: ||V_upper^k - V_upper^k-1||_inf = 0.03187694434191323811, ||V_lower^k - V_lower^k-1||_inf = 0.06254729249662882573
    Local Iteration  34: ||V_upper^k - V_upper^k-1||_inf = 0.03060186656823671303, ||V_lower^k - V_lower^k-1||_inf = 0.06004540079676368158
    Local Iteration  35: ||V_upper^k - V_upper^k-1||_inf = 0.02937779190550726671, ||V_lower^k - V_lower^k-1||_inf = 0.05764358476489306327
    Local Iteration  36: ||V_upper^k - V_upper^k-1||_inf = 0.02820268022928695828, ||V_lower^k - V_lower^k-1||_inf = 0.05533784137429753613
    Local Iteration  37: ||V_upper^k - V_upper^k-1||_inf = 0.02707457302011551104, ||V_lower^k - V_lower^k-1||_inf = 0.05312432771932562581
    Local Iteration  38: ||V_upper^k - V_upper^k-1||_inf = 0.02599159009931084618, ||V_lower^k - V_lower^k-1||_inf = 0.05099935461055249419
    Local Iteration  39: ||V_upper^k - V_upper^k-1||_inf = 0.02495192649533839457, ||V_lower^k - V_lower^k-1||_inf = 0.04895938042613035002
    Local Iteration  40: ||V_upper^k - V_upper^k-1||_inf = 0.02395384943552492096, ||V_lower^k - V_lower^k-1||_inf = 0.04700100520908523372
    Local Iteration  41: ||V_upper^k - V_upper^k-1||_inf = 0.02299569545810387083, ||V_lower^k - V_lower^k-1||_inf = 0.04512096500072182437
    Local Iteration  42: ||V_upper^k - V_upper^k-1||_inf = 0.02207586763977975597, ||V_lower^k - V_lower^k-1||_inf = 0.04331612640069293363
    Local Iteration  43: ||V_upper^k - V_upper^k-1||_inf = 0.02119283293418849912, ||V_lower^k - V_lower^k-1||_inf = 0.04158348134466516299
    Local Iteration  44: ||V_upper^k - V_upper^k-1||_inf = 0.02034511961682100578, ||V_lower^k - V_lower^k-1||_inf = 0.03992014209087857424
    Local Iteration  45: ||V_upper^k - V_upper^k-1||_inf = 0.01953131483214815001, ||V_lower^k - V_lower^k-1||_inf = 0.03832333640724339130
    Local Iteration  46: ||V_upper^k - V_upper^k-1||_inf = 0.01875006223886221957, ||V_lower^k - V_lower^k-1||_inf = 0.03679040295095370450
    Local Iteration  47: ||V_upper^k - V_upper^k-1||_inf = 0.01800005974930773966, ||V_lower^k - V_lower^k-1||_inf = 0.03531878683291556076
    Local Iteration  48: ||V_upper^k - V_upper^k-1||_inf = 0.01728005735933541009, ||V_lower^k - V_lower^k-1||_inf = 0.03390603535959890724
    Local Iteration  49: ||V_upper^k - V_upper^k-1||_inf = 0.01658885506496199369, ||V_lower^k - V_lower^k-1||_inf = 0.03254979394521495539
    Local Iteration  50: ||V_upper^k - V_upper^k-1||_inf = 0.01592530086236354503, ||V_lower^k - V_lower^k-1||_inf = 0.03124780218740641491
    Local Iteration  51: ||V_upper^k - V_upper^k-1||_inf = 0.01528828882786897880, ||V_lower^k - V_lower^k-1||_inf = 0.02855767351391846898
    Local Iteration  52: ||V_upper^k - V_upper^k-1||_inf = 0.01332275783923003720, ||V_lower^k - V_lower^k-1||_inf = 0.00000000000000000000
    Local Iteration  53: ||V_upper^k - V_upper^k-1||_inf = 0.00000000000000000000, ||V_lower^k - V_lower^k-1||_inf = 0.00000000000000000000

==================================================
 LOCAL CONVERGENCE ACHIEVED
==================================================
  ||V_upper^k - V_upper^k-1||_inf = 0.00000000000000000000e+00 < tolerance = 1e-08
  ||V_lower^k - V_lower^k-1||_inf = 0.00000000000000000000e+00 < tolerance = 1e-08
  Converged in 53 iterations
  V_lower increased from min(l_lower, r_lower); smallest step 0.000e+00
    Local VI completed in 53 iterations
    Final convergence values:
      ||V_upper^final - V_upper^prev||_inf = 0.00000000e+00
      ||V_lower^final - V_lower^prev||_inf = 0.00000000e+00
  Local VI completed in 53 iterations, time: 0.227s
    Final ||V_upper^k - V_upper^k-1||_inf = 0.00000000000000000000e+00
    Final ||V_lower^k - V_lower^k-1||_inf = 0.00000000000000000000e+00
  Saved visualization: /Users/i.k.tabbara/Documents/python directory/HSCC_2027/refactored_Implementations/results_hscc_2027_modified_init/ra_discount/double_integrator_res10_eps0.05_dmin1e-08_dmax1e-08_gamma0.96_dt0.3_tau0.3_std/value_function_phase_2_complete.png
  Phase 2 completed in 0.95s with 38400 leaf cells

Classification after phase 2:
  Safe:              200 cells (  0.5%),    0.5% of state space
  Unsafe:           2800 cells (  7.3%),   11.0% of state space
  Unclassified:    35400 cells ( 92.2%),   88.5% of state space

======================================================================
REFINEMENT PHASE 3
======================================================================
Boundary cells: 35400
  Refinable (>eta_min=0.017678): 35400
  Below threshold: 0
  Cumulative refined: 28400
  Refinable cell size statistics:
    Max:    0.300000
    Mean:   0.300000
    Min:    0.300000
    Median: 0.300000
  Refining 35400 cells...
    Refined: 35400 parent cells
    Created: 70800 child cells
    Total cells: 73800
    Refinement time: 0.003s
    Cumulative refined: 63800
  Rebuilding spatial index...
  Building spatial index for 73800 cells...
   Spatial index built in 0.02s
    Spatial index rebuilt in 0.017s
  Initializing 70800 new cells...
  Initializing 70800 new cells in parallel...
   Initialized in 0.00s (367711979.7 cells/s)
    Initialization completed in 0.000s
  Starting local value iteration...
  Reinitializing ALL 73800 cells (V_lower = min(l, r), V_upper = l)
   Reinitialized 73800 cells in 0.00s (539670932.4 cells/s)
  Local VI: updating all 73800 cells
    Conservative mode: False
    Convergence tolerance: 1e-08
    Max iterations: 20000
    Updating successor cache for 70800 updated cells...
    Updating successor cache for 70800 new cells (HYBRID)...
      Affected cells: 73248
   Trajectories + spatial queries computed in 0.22s (2986091.7 tasks/s)
    Breakdown: 9.6% ODE, 90.4% queries
     Cache updated in 0.24s (2727588.5 tasks/s)
    Local Iteration   1: ||V_upper^k - V_upper^k-1||_inf = 0.11984072205498241814, ||V_lower^k - V_lower^k-1||_inf = 4.88019249424047796282
    Local Iteration   2: ||V_upper^k - V_upper^k-1||_inf = 0.11504709317278294378, ||V_lower^k - V_lower^k-1||_inf = 4.64658479447085870362
    Local Iteration   3: ||V_upper^k - V_upper^k-1||_inf = 0.11044520944587166156, ||V_lower^k - V_lower^k-1||_inf = 4.42232140269202389504
    Local Iteration   4: ||V_upper^k - V_upper^k-1||_inf = 0.10602740106803709708, ||V_lower^k - V_lower^k-1||_inf = 4.20702854658434244328
    Local Iteration   5: ||V_upper^k - V_upper^k-1||_inf = 0.10178630502531538227, ||V_lower^k - V_lower^k-1||_inf = 4.00034740472096839170
    Local Iteration   6: ||V_upper^k - V_upper^k-1||_inf = 0.09771485282430303343, ||V_lower^k - V_lower^k-1||_inf = 3.80193350853212930218
    Local Iteration   7: ||V_upper^k - V_upper^k-1||_inf = 0.09380625871133085880, ||V_lower^k - V_lower^k-1||_inf = 3.61145616819084391835
    Local Iteration   8: ||V_upper^k - V_upper^k-1||_inf = 0.09005400836287735800, ||V_lower^k - V_lower^k-1||_inf = 3.42859792146320963013
    Local Iteration   9: ||V_upper^k - V_upper^k-1||_inf = 0.08645184802836247684, ||V_lower^k - V_lower^k-1||_inf = 3.25305400460468074897
    Local Iteration  10: ||V_upper^k - V_upper^k-1||_inf = 0.08299377410722796888, ||V_lower^k - V_lower^k-1||_inf = 3.08453184442049366254
    Local Iteration  11: ||V_upper^k - V_upper^k-1||_inf = 0.07967402314293869914, ||V_lower^k - V_lower^k-1||_inf = 2.92275057064367382864
    Local Iteration  12: ||V_upper^k - V_upper^k-1||_inf = 0.07648706221722112453, ||V_lower^k - V_lower^k-1||_inf = 2.76744054781792669928
    Local Iteration  13: ||V_upper^k - V_upper^k-1||_inf = 0.07342757972853242165, ||V_lower^k - V_lower^k-1||_inf = 2.61834292590520956168
    Local Iteration  14: ||V_upper^k - V_upper^k-1||_inf = 0.07049047653939100044, ||V_lower^k - V_lower^k-1||_inf = 2.47520920886900119839
    Local Iteration  15: ||V_upper^k - V_upper^k-1||_inf = 0.06767085747781553806, ||V_lower^k - V_lower^k-1||_inf = 2.33780084051424097424
    Local Iteration  16: ||V_upper^k - V_upper^k-1||_inf = 0.06496402317870275667, ||V_lower^k - V_lower^k-1||_inf = 2.20588880689367128340
    Local Iteration  17: ||V_upper^k - V_upper^k-1||_inf = 0.06236546225155459311, ||V_lower^k - V_lower^k-1||_inf = 2.07925325461792454007
    Local Iteration  18: ||V_upper^k - V_upper^k-1||_inf = 0.05987084376149254261, ||V_lower^k - V_lower^k-1||_inf = 1.95768312443320757765
    Local Iteration  19: ||V_upper^k - V_upper^k-1||_inf = 0.05747601001103275209, ||V_lower^k - V_lower^k-1||_inf = 1.84097579945587908057
    Local Iteration  20: ||V_upper^k - V_upper^k-1||_inf = 0.05517696961059148641, ||V_lower^k - V_lower^k-1||_inf = 1.72893676747764368784
    Local Iteration  21: ||V_upper^k - V_upper^k-1||_inf = 0.05296989082616776479, ||V_lower^k - V_lower^k-1||_inf = 1.62137929677853787069
    Local Iteration  22: ||V_upper^k - V_upper^k-1||_inf = 0.05085109519312114301, ||V_lower^k - V_lower^k-1||_inf = 1.51812412490739623294
    Local Iteration  23: ||V_upper^k - V_upper^k-1||_inf = 0.04881705138539627065, ||V_lower^k - V_lower^k-1||_inf = 1.41899915991110026070
    Local Iteration  24: ||V_upper^k - V_upper^k-1||_inf = 0.04686436932998039318, ||V_lower^k - V_lower^k-1||_inf = 1.32383919351465628722
    Local Iteration  25: ||V_upper^k - V_upper^k-1||_inf = 0.04498979455678120409, ||V_lower^k - V_lower^k-1||_inf = 1.23248562577406994833
    Local Iteration  26: ||V_upper^k - V_upper^k-1||_inf = 0.04319020277450991152, ||V_lower^k - V_lower^k-1||_inf = 1.14478620074310688537
    Local Iteration  27: ||V_upper^k - V_upper^k-1||_inf = 0.04146259466352952838, ||V_lower^k - V_lower^k-1||_inf = 1.06059475271338232716
    Local Iteration  28: ||V_upper^k - V_upper^k-1||_inf = 0.03980409087698832948, ||V_lower^k - V_lower^k-1||_inf = 0.97977096260484697332
    Local Iteration  29: ||V_upper^k - V_upper^k-1||_inf = 0.03821192724190880519, ||V_lower^k - V_lower^k-1||_inf = 0.90218012410065306916
    Local Iteration  30: ||V_upper^k - V_upper^k-1||_inf = 0.03668345015223251071, ||V_lower^k - V_lower^k-1||_inf = 0.82769291913662690341
    Local Iteration  31: ||V_upper^k - V_upper^k-1||_inf = 0.03521611214614317475, ||V_lower^k - V_lower^k-1||_inf = 0.75618520237116171323
    Local Iteration  32: ||V_upper^k - V_upper^k-1||_inf = 0.03380746766029740780, ||V_lower^k - V_lower^k-1||_inf = 0.68753779427631522836
    Local Iteration  33: ||V_upper^k - V_upper^k-1||_inf = 0.03245516895388556033, ||V_lower^k - V_lower^k-1||_inf = 0.62163628250526259400
    Local Iteration  34: ||V_upper^k - V_upper^k-1||_inf = 0.03115696219573016457, ||V_lower^k - V_lower^k-1||_inf = 0.55837083120505193179
    Local Iteration  35: ||V_upper^k - V_upper^k-1||_inf = 0.02991068370790095354, ||V_lower^k - V_lower^k-1||_inf = 0.49763599795684987370
    Local Iteration  36: ||V_upper^k - V_upper^k-1||_inf = 0.02871425635958491096, ||V_lower^k - V_lower^k-1||_inf = 0.43933055803857579136
    Local Iteration  37: ||V_upper^k - V_upper^k-1||_inf = 0.02756568610520149232, ||V_lower^k - V_lower^k-1||_inf = 0.38335733571703278777
    Local Iteration  38: ||V_upper^k - V_upper^k-1||_inf = 0.02646305866099341042, ||V_lower^k - V_lower^k-1||_inf = 0.32962304228835148656
    Local Iteration  39: ||V_upper^k - V_upper^k-1||_inf = 0.02540453631455363848, ||V_lower^k - V_lower^k-1||_inf = 0.27803812059681742852
    Local Iteration  40: ||V_upper^k - V_upper^k-1||_inf = 0.02438835486197155067, ||V_lower^k - V_lower^k-1||_inf = 0.22851659577294469727
    Local Iteration  41: ||V_upper^k - V_upper^k-1||_inf = 0.02341282066749272861, ||V_lower^k - V_lower^k-1||_inf = 0.04563903727768114926
    Local Iteration  42: ||V_upper^k - V_upper^k-1||_inf = 0.02247630784079301947, ||V_lower^k - V_lower^k-1||_inf = 0.04381347578657379671
    Local Iteration  43: ||V_upper^k - V_upper^k-1||_inf = 0.02157725552716127648, ||V_lower^k - V_lower^k-1||_inf = 0.04206093675511080043
    Local Iteration  44: ||V_upper^k - V_upper^k-1||_inf = 0.02071416530607478323, ||V_lower^k - V_lower^k-1||_inf = 0.04037849928490644391
    Local Iteration  45: ||V_upper^k - V_upper^k-1||_inf = 0.01988559869383182965, ||V_lower^k - V_lower^k-1||_inf = 0.03876335931351027053
    Local Iteration  46: ||V_upper^k - V_upper^k-1||_inf = 0.01909017474607854759, ||V_lower^k - V_lower^k-1||_inf = 0.03721282494096977977
    Local Iteration  47: ||V_upper^k - V_upper^k-1||_inf = 0.01832656775623536793, ||V_lower^k - V_lower^k-1||_inf = 0.03572431194333103299
    Local Iteration  48: ||V_upper^k - V_upper^k-1||_inf = 0.01759350504598594656, ||V_lower^k - V_lower^k-1||_inf = 0.03429533946559781832
    Local Iteration  49: ||V_upper^k - V_upper^k-1||_inf = 0.01688976484414655976, ||V_lower^k - V_lower^k-1||_inf = 0.03292352588697389226
    Local Iteration  50: ||V_upper^k - V_upper^k-1||_inf = 0.01621417425038068627, ||V_lower^k - V_lower^k-1||_inf = 0.03160658485149492325
    Local Iteration  51: ||V_upper^k - V_upper^k-1||_inf = 0.01556560728036543440, ||V_lower^k - V_lower^k-1||_inf = 0.03034232145743509523
    Local Iteration  52: ||V_upper^k - V_upper^k-1||_inf = 0.01494298298915081036, ||V_lower^k - V_lower^k-1||_inf = 0.00682613599460824005
    Local Iteration  53: ||V_upper^k - V_upper^k-1||_inf = 0.01434526366958477350, ||V_lower^k - V_lower^k-1||_inf = 0.00000000000000000000
    Local Iteration  54: ||V_upper^k - V_upper^k-1||_inf = 0.01377145312280142475, ||V_lower^k - V_lower^k-1||_inf = 0.00000000000000000000
    Local Iteration  55: ||V_upper^k - V_upper^k-1||_inf = 0.01322059499788935666, ||V_lower^k - V_lower^k-1||_inf = 0.00000000000000000000
    Local Iteration  56: ||V_upper^k - V_upper^k-1||_inf = 0.00445501532306907810, ||V_lower^k - V_lower^k-1||_inf = 0.00000000000000000000
    Local Iteration  57: ||V_upper^k - V_upper^k-1||_inf = 0.00000000000000000000, ||V_lower^k - V_lower^k-1||_inf = 0.00000000000000000000

==================================================
 LOCAL CONVERGENCE ACHIEVED
==================================================
  ||V_upper^k - V_upper^k-1||_inf = 0.00000000000000000000e+00 < tolerance = 1e-08
  ||V_lower^k - V_lower^k-1||_inf = 0.00000000000000000000e+00 < tolerance = 1e-08
  Converged in 57 iterations
  V_lower increased from min(l_lower, r_lower); smallest step 0.000e+00
    Local VI completed in 57 iterations
    Final convergence values:
      ||V_upper^final - V_upper^prev||_inf = 0.00000000e+00
      ||V_lower^final - V_lower^prev||_inf = 0.00000000e+00
  Local VI completed in 57 iterations, time: 0.592s
    Final ||V_upper^k - V_upper^k-1||_inf = 0.00000000000000000000e+00
    Final ||V_lower^k - V_lower^k-1||_inf = 0.00000000000000000000e+00
  Saved visualization: /Users/i.k.tabbara/Documents/python directory/HSCC_2027/refactored_Implementations/results_hscc_2027_modified_init/ra_discount/double_integrator_res10_eps0.05_dmin1e-08_dmax1e-08_gamma0.96_dt0.3_tau0.3_std/value_function_phase_3_complete.png
  Phase 3 completed in 1.31s with 73800 leaf cells

Classification after phase 3:
  Safe:              400 cells (  0.5%),    0.7% of state space
  Unsafe:           3200 cells (  4.3%),   11.5% of state space
  Unclassified:    70200 cells ( 95.1%),   87.8% of state space

======================================================================
REFINEMENT PHASE 4
======================================================================
Boundary cells: 70200
  Refinable (>eta_min=0.017678): 70200
  Below threshold: 0
  Cumulative refined: 63800
  Refinable cell size statistics:
    Max:    0.300000
    Mean:   0.300000
    Min:    0.300000
    Median: 0.300000
  Refining 70200 cells...
    Refined: 70200 parent cells
    Created: 140400 child cells
    Total cells: 144000
    Refinement time: 0.005s
    Cumulative refined: 134000
  Rebuilding spatial index...
  Building spatial index for 144000 cells...
   Spatial index built in 0.04s
    Spatial index rebuilt in 0.035s
  Initializing 140400 new cells...
  Initializing 140400 new cells in parallel...
   Initialized in 0.00s (363417052.1 cells/s)
    Initialization completed in 0.000s
  Starting local value iteration...
  Reinitializing ALL 144000 cells (V_lower = min(l, r), V_upper = l)
   Reinitialized 144000 cells in 0.00s (435264922.2 cells/s)
  Local VI: updating all 144000 cells
    Conservative mode: False
    Convergence tolerance: 1e-08
    Max iterations: 20000
    Updating successor cache for 140400 updated cells...
    Updating successor cache for 140400 new cells (HYBRID)...
      Affected cells: 143336
   Trajectories + spatial queries computed in 0.29s (4401428.4 tasks/s)
    Breakdown: 13.9% ODE, 86.1% queries
     Cache updated in 0.34s (3781026.0 tasks/s)
    Local Iteration   1: ||V_upper^k - V_upper^k-1||_inf = 3.93799602617861266296, ||V_lower^k - V_lower^k-1||_inf = 4.84471998602963793701
    Local Iteration   2: ||V_upper^k - V_upper^k-1||_inf = 0.11435504740525903600, ||V_lower^k - V_lower^k-1||_inf = 4.61253118658845195910
    Local Iteration   3: ||V_upper^k - V_upper^k-1||_inf = 0.10978084550904831929, ||V_lower^k - V_lower^k-1||_inf = 4.42802993912491427153
    Local Iteration   4: ||V_upper^k - V_upper^k-1||_inf = 0.10538961168868654639, ||V_lower^k - V_lower^k-1||_inf = 4.21404474155991781714
    Local Iteration   5: ||V_upper^k - V_upper^k-1||_inf = 0.10117402722113899571, ||V_lower^k - V_lower^k-1||_inf = 4.00861895189752104329
    Local Iteration   6: ||V_upper^k - V_upper^k-1||_inf = 0.09712706613229338259, ||V_lower^k - V_lower^k-1||_inf = 1.88958453457666353259
    Local Iteration   7: ||V_upper^k - V_upper^k-1||_inf = 0.09324198348700196703, ||V_lower^k - V_lower^k-1||_inf = 1.81400115319359667154
    Local Iteration   8: ||V_upper^k - V_upper^k-1||_inf = 0.08951230414752187059, ||V_lower^k - V_lower^k-1||_inf = 1.18405572930662872366
    Local Iteration   9: ||V_upper^k - V_upper^k-1||_inf = 0.08593181198162058720, ||V_lower^k - V_lower^k-1||_inf = 0.20855252189184003697
    Local Iteration  10: ||V_upper^k - V_upper^k-1||_inf = 0.08249453950235596800, ||V_lower^k - V_lower^k-1||_inf = 0.20021042101616648434
    Local Iteration  11: ||V_upper^k - V_upper^k-1||_inf = 0.07919475792226182698, ||V_lower^k - V_lower^k-1||_inf = 0.16154013187792160000
    Local Iteration  12: ||V_upper^k - V_upper^k-1||_inf = 0.07602696760537130949, ||V_lower^k - V_lower^k-1||_inf = 0.15507852660280480039
    Local Iteration  13: ||V_upper^k - V_upper^k-1||_inf = 0.07298588890115631500, ||V_lower^k - V_lower^k-1||_inf = 0.14887538553869267277
    Local Iteration  14: ||V_upper^k - V_upper^k-1||_inf = 0.07006645334511008016, ||V_lower^k - V_lower^k-1||_inf = 0.14292037011714497918
    Local Iteration  15: ||V_upper^k - V_upper^k-1||_inf = 0.06726379521130576578, ||V_lower^k - V_lower^k-1||_inf = 0.13550235122539017185
    Local Iteration  16: ||V_upper^k - V_upper^k-1||_inf = 0.06457324340285341968, ||V_lower^k - V_lower^k-1||_inf = 0.13008225717637450503
    Local Iteration  17: ||V_upper^k - V_upper^k-1||_inf = 0.06199031366673946053, ||V_lower^k - V_lower^k-1||_inf = 0.12487896688931954259
    Local Iteration  18: ||V_upper^k - V_upper^k-1||_inf = 0.05951070112006973112, ||V_lower^k - V_lower^k-1||_inf = 0.11988380821374677865
    Local Iteration  19: ||V_upper^k - V_upper^k-1||_inf = 0.05713027307526696852, ||V_lower^k - V_lower^k-1||_inf = 0.11508845588519689418
    Local Iteration  20: ||V_upper^k - V_upper^k-1||_inf = 0.05484506215225626313, ||V_lower^k - V_lower^k-1||_inf = 0.11048491764978901619
    Local Iteration  21: ||V_upper^k - V_upper^k-1||_inf = 0.05265125966616612807, ||V_lower^k - V_lower^k-1||_inf = 0.07688303551769537503
    Local Iteration  22: ||V_upper^k - V_upper^k-1||_inf = 0.05054520927951933196, ||V_lower^k - V_lower^k-1||_inf = 0.07380771409698755336
    Local Iteration  23: ||V_upper^k - V_upper^k-1||_inf = 0.04852340090833862085, ||V_lower^k - V_lower^k-1||_inf = 0.07085540553310804013
    Local Iteration  24: ||V_upper^k - V_upper^k-1||_inf = 0.04658246487200501385, ||V_lower^k - V_lower^k-1||_inf = 0.06802118931178369188
    Local Iteration  25: ||V_upper^k - V_upper^k-1||_inf = 0.04471916627712491099, ||V_lower^k - V_lower^k-1||_inf = 0.06530034173931231756
    Local Iteration  26: ||V_upper^k - V_upper^k-1||_inf = 0.04293039962603995008, ||V_lower^k - V_lower^k-1||_inf = 0.06268832806973984040
    Local Iteration  27: ||V_upper^k - V_upper^k-1||_inf = 0.04121318364099824105, ||V_lower^k - V_lower^k-1||_inf = 0.06018079494695022236
    Local Iteration  28: ||V_upper^k - V_upper^k-1||_inf = 0.03956465629535832473, ||V_lower^k - V_lower^k-1||_inf = 0.05777356314907222679
    Local Iteration  29: ||V_upper^k - V_upper^k-1||_inf = 0.03798207004354403615, ||V_lower^k - V_lower^k-1||_inf = 0.05546262062310930441
    Local Iteration  30: ||V_upper^k - V_upper^k-1||_inf = 0.03646278724180229691, ||V_lower^k - V_lower^k-1||_inf = 0.05324411579818494333
    Local Iteration  31: ||V_upper^k - V_upper^k-1||_inf = 0.03500427575213016507, ||V_lower^k - V_lower^k-1||_inf = 0.05111435116625751007
    Local Iteration  32: ||V_upper^k - V_upper^k-1||_inf = 0.03360410472204500287, ||V_lower^k - V_lower^k-1||_inf = 0.04673204113170079110
    Local Iteration  33: ||V_upper^k - V_upper^k-1||_inf = 0.03225994053316316723, ||V_lower^k - V_lower^k-1||_inf = 0.04486275948643275724
    Local Iteration  34: ||V_upper^k - V_upper^k-1||_inf = 0.03096954291183662278, ||V_lower^k - V_lower^k-1||_inf = 0.04180895925175964756
    Local Iteration  35: ||V_upper^k - V_upper^k-1||_inf = 0.02973076119536310902, ||V_lower^k - V_lower^k-1||_inf = 0.04013660088168927165
    Local Iteration  36: ||V_upper^k - V_upper^k-1||_inf = 0.02854153074754861574, ||V_lower^k - V_lower^k-1||_inf = 0.03853113684642170411
    Local Iteration  37: ||V_upper^k - V_upper^k-1||_inf = 0.02739986951764672440, ||V_lower^k - V_lower^k-1||_inf = 0.03698989137256483706
    Local Iteration  38: ||V_upper^k - V_upper^k-1||_inf = 0.02630387473694084655, ||V_lower^k - V_lower^k-1||_inf = 0.03551029571766223247
    Local Iteration  39: ||V_upper^k - V_upper^k-1||_inf = 0.02525171974746320824, ||V_lower^k - V_lower^k-1||_inf = 0.03408988388895572985
    Local Iteration  40: ||V_upper^k - V_upper^k-1||_inf = 0.02424165095756469768, ||V_lower^k - V_lower^k-1||_inf = 0.03272628853339751287
    Local Iteration  41: ||V_upper^k - V_upper^k-1||_inf = 0.02327198491926207868, ||V_lower^k - V_lower^k-1||_inf = 0.03141723699206161458
    Local Iteration  42: ||V_upper^k - V_upper^k-1||_inf = 0.02234110552249157777, ||V_lower^k - V_lower^k-1||_inf = 0.03016054751237914888
    Local Iteration  43: ||V_upper^k - V_upper^k-1||_inf = 0.02144746130159191910, ||V_lower^k - V_lower^k-1||_inf = 0.02895412561188398515
    Local Iteration  44: ||V_upper^k - V_upper^k-1||_inf = 0.02058956284952823124, ||V_lower^k - V_lower^k-1||_inf = 0.02779596058740863018
    Local Iteration  45: ||V_upper^k - V_upper^k-1||_inf = 0.01976598033554710643, ||V_lower^k - V_lower^k-1||_inf = 0.02668412216391227720
    Local Iteration  46: ||V_upper^k - V_upper^k-1||_inf = 0.01897534112212523327, ||V_lower^k - V_lower^k-1||_inf = 0.02561675727735579500
    Local Iteration  47: ||V_upper^k - V_upper^k-1||_inf = 0.01821632747724022394, ||V_lower^k - V_lower^k-1||_inf = 0.02459208698626157152
    Local Iteration  48: ||V_upper^k - V_upper^k-1||_inf = 0.01748767437815063053, ||V_lower^k - V_lower^k-1||_inf = 0.02360840350681110700
    Local Iteration  49: ||V_upper^k - V_upper^k-1||_inf = 0.01678816740302457866, ||V_lower^k - V_lower^k-1||_inf = 0.02266406736653867049
    Local Iteration  50: ||V_upper^k - V_upper^k-1||_inf = 0.01611664070690360662, ||V_lower^k - V_lower^k-1||_inf = 0.02175750467187713422
    Local Iteration  51: ||V_upper^k - V_upper^k-1||_inf = 0.01547197507862746457, ||V_lower^k - V_lower^k-1||_inf = 0.02088720448500205884
    Local Iteration  52: ||V_upper^k - V_upper^k-1||_inf = 0.01485309607548235267, ||V_lower^k - V_lower^k-1||_inf = 0.02005171630560197149
    Local Iteration  53: ||V_upper^k - V_upper^k-1||_inf = 0.01425897223246302969, ||V_lower^k - V_lower^k-1||_inf = 0.01924964765337788819
    Local Iteration  54: ||V_upper^k - V_upper^k-1||_inf = 0.01368861334316451295, ||V_lower^k - V_lower^k-1||_inf = 0.01847966174724277599
    Local Iteration  55: ||V_upper^k - V_upper^k-1||_inf = 0.01314106880943793909, ||V_lower^k - V_lower^k-1||_inf = 0.01774047527735307661
    Local Iteration  56: ||V_upper^k - V_upper^k-1||_inf = 0.01261542605706045261, ||V_lower^k - V_lower^k-1||_inf = 0.01703085626625895632
    Local Iteration  57: ||V_upper^k - V_upper^k-1||_inf = 0.00244453132822630703, ||V_lower^k - V_lower^k-1||_inf = 0.01634962201560859196
    Local Iteration  58: ||V_upper^k - V_upper^k-1||_inf = 0.00000000000000000000, ||V_lower^k - V_lower^k-1||_inf = 0.01569563713498424440
    Local Iteration  59: ||V_upper^k - V_upper^k-1||_inf = 0.00000000000000000000, ||V_lower^k - V_lower^k-1||_inf = 0.01506781164958487240
    Local Iteration  60: ||V_upper^k - V_upper^k-1||_inf = 0.00000000000000000000, ||V_lower^k - V_lower^k-1||_inf = 0.01446509918360147640
    Local Iteration  61: ||V_upper^k - V_upper^k-1||_inf = 0.00000000000000000000, ||V_lower^k - V_lower^k-1||_inf = 0.01388649521625741345
    Local Iteration  62: ||V_upper^k - V_upper^k-1||_inf = 0.00000000000000000000, ||V_lower^k - V_lower^k-1||_inf = 0.01333103540760711969
    Local Iteration  63: ||V_upper^k - V_upper^k-1||_inf = 0.00000000000000000000, ||V_lower^k - V_lower^k-1||_inf = 0.01279779399130282630
    Local Iteration  64: ||V_upper^k - V_upper^k-1||_inf = 0.00000000000000000000, ||V_lower^k - V_lower^k-1||_inf = 0.01228588223165071047
    Local Iteration  65: ||V_upper^k - V_upper^k-1||_inf = 0.00000000000000000000, ||V_lower^k - V_lower^k-1||_inf = 0.01179444694238468427
    Local Iteration  66: ||V_upper^k - V_upper^k-1||_inf = 0.00000000000000000000, ||V_lower^k - V_lower^k-1||_inf = 0.01132266906468929607
    Local Iteration  67: ||V_upper^k - V_upper^k-1||_inf = 0.00000000000000000000, ||V_lower^k - V_lower^k-1||_inf = 0.01086976230210173061
    Local Iteration  68: ||V_upper^k - V_upper^k-1||_inf = 0.00000000000000000000, ||V_lower^k - V_lower^k-1||_inf = 0.01043497181001765833
    Local Iteration  69: ||V_upper^k - V_upper^k-1||_inf = 0.00000000000000000000, ||V_lower^k - V_lower^k-1||_inf = 0.01001757293761695172
    Local Iteration  70: ||V_upper^k - V_upper^k-1||_inf = 0.00000000000000000000, ||V_lower^k - V_lower^k-1||_inf = 0.00961687002011227254
    Local Iteration  71: ||V_upper^k - V_upper^k-1||_inf = 0.00000000000000000000, ||V_lower^k - V_lower^k-1||_inf = 0.00923219521930777887
    Local Iteration  72: ||V_upper^k - V_upper^k-1||_inf = 0.00000000000000000000, ||V_lower^k - V_lower^k-1||_inf = 0.00886290741053546993
    Local Iteration  73: ||V_upper^k - V_upper^k-1||_inf = 0.00000000000000000000, ||V_lower^k - V_lower^k-1||_inf = 0.00850839111411404864
    Local Iteration  74: ||V_upper^k - V_upper^k-1||_inf = 0.00000000000000000000, ||V_lower^k - V_lower^k-1||_inf = 0.00816805546954949002
    Local Iteration  75: ||V_upper^k - V_upper^k-1||_inf = 0.00000000000000000000, ||V_lower^k - V_lower^k-1||_inf = 0.00784133325076750987
    Local Iteration  76: ||V_upper^k - V_upper^k-1||_inf = 0.00000000000000000000, ||V_lower^k - V_lower^k-1||_inf = 0.00752767992073680864
    Local Iteration  77: ||V_upper^k - V_upper^k-1||_inf = 0.00000000000000000000, ||V_lower^k - V_lower^k-1||_inf = 0.00722657272390733740
    Local Iteration  78: ||V_upper^k - V_upper^k-1||_inf = 0.00000000000000000000, ||V_lower^k - V_lower^k-1||_inf = 0.00693750981495103863
    Local Iteration  79: ||V_upper^k - V_upper^k-1||_inf = 0.00000000000000000000, ||V_lower^k - V_lower^k-1||_inf = 0.00621921714520828200
    Local Iteration  80: ||V_upper^k - V_upper^k-1||_inf = 0.00000000000000000000, ||V_lower^k - V_lower^k-1||_inf = 0.00546863768533327466
    Local Iteration  81: ||V_upper^k - V_upper^k-1||_inf = 0.00000000000000000000, ||V_lower^k - V_lower^k-1||_inf = 0.00524989217791994173
    Local Iteration  82: ||V_upper^k - V_upper^k-1||_inf = 0.00000000000000000000, ||V_lower^k - V_lower^k-1||_inf = 0.00503989649080314323
    Local Iteration  83: ||V_upper^k - V_upper^k-1||_inf = 0.00000000000000000000, ||V_lower^k - V_lower^k-1||_inf = 0.00483830063117101847
    Local Iteration  84: ||V_upper^k - V_upper^k-1||_inf = 0.00000000000000000000, ||V_lower^k - V_lower^k-1||_inf = 0.00464476860592417592
    Local Iteration  85: ||V_upper^k - V_upper^k-1||_inf = 0.00000000000000000000, ||V_lower^k - V_lower^k-1||_inf = 0.00395444023301865476
    Local Iteration  86: ||V_upper^k - V_upper^k-1||_inf = 0.00000000000000000000, ||V_lower^k - V_lower^k-1||_inf = 0.00379626262369790746
    Local Iteration  87: ||V_upper^k - V_upper^k-1||_inf = 0.00000000000000000000, ||V_lower^k - V_lower^k-1||_inf = 0.00164775117794440859
    Local Iteration  88: ||V_upper^k - V_upper^k-1||_inf = 0.00000000000000000000, ||V_lower^k - V_lower^k-1||_inf = 0.00158184113082663301
    Local Iteration  89: ||V_upper^k - V_upper^k-1||_inf = 0.00000000000000000000, ||V_lower^k - V_lower^k-1||_inf = 0.00151856748559356901
    Local Iteration  90: ||V_upper^k - V_upper^k-1||_inf = 0.00000000000000000000, ||V_lower^k - V_lower^k-1||_inf = 0.00145782478616982708
    Local Iteration  91: ||V_upper^k - V_upper^k-1||_inf = 0.00000000000000000000, ||V_lower^k - V_lower^k-1||_inf = 0.00139951179472303303
    Local Iteration  92: ||V_upper^k - V_upper^k-1||_inf = 0.00000000000000000000, ||V_lower^k - V_lower^k-1||_inf = 0.00134353132293411198
    Local Iteration  93: ||V_upper^k - V_upper^k-1||_inf = 0.00000000000000000000, ||V_lower^k - V_lower^k-1||_inf = 0.00128979007001674660
    Local Iteration  94: ||V_upper^k - V_upper^k-1||_inf = 0.00000000000000000000, ||V_lower^k - V_lower^k-1||_inf = 0.00123819846721607771
    Local Iteration  95: ||V_upper^k - V_upper^k-1||_inf = 0.00000000000000000000, ||V_lower^k - V_lower^k-1||_inf = 0.00118867052852743467
    Local Iteration  96: ||V_upper^k - V_upper^k-1||_inf = 0.00000000000000000000, ||V_lower^k - V_lower^k-1||_inf = 0.00054944803554795967
    Local Iteration  97: ||V_upper^k - V_upper^k-1||_inf = 0.00000000000000000000, ||V_lower^k - V_lower^k-1||_inf = 0.00052747011412604058
    Local Iteration  98: ||V_upper^k - V_upper^k-1||_inf = 0.00000000000000000000, ||V_lower^k - V_lower^k-1||_inf = 0.00050637130956099948
    Local Iteration  99: ||V_upper^k - V_upper^k-1||_inf = 0.00000000000000000000, ||V_lower^k - V_lower^k-1||_inf = 0.00048611645717855975
    Local Iteration 100: ||V_upper^k - V_upper^k-1||_inf = 0.00000000000000000000, ||V_lower^k - V_lower^k-1||_inf = 0.00023354649481946606
    Local Iteration 101: ||V_upper^k - V_upper^k-1||_inf = 0.00000000000000000000, ||V_lower^k - V_lower^k-1||_inf = 0.00022420463502668703
    Local Iteration 102: ||V_upper^k - V_upper^k-1||_inf = 0.00000000000000000000, ||V_lower^k - V_lower^k-1||_inf = 0.00021523644962561945
    Local Iteration 103: ||V_upper^k - V_upper^k-1||_inf = 0.00000000000000000000, ||V_lower^k - V_lower^k-1||_inf = 0.00020662699164059484
    Local Iteration 104: ||V_upper^k - V_upper^k-1||_inf = 0.00000000000000000000, ||V_lower^k - V_lower^k-1||_inf = 0.00019836191197497143
    Local Iteration 105: ||V_upper^k - V_upper^k-1||_inf = 0.00000000000000000000, ||V_lower^k - V_lower^k-1||_inf = 0.00019042743549597257
    Local Iteration 106: ||V_upper^k - V_upper^k-1||_inf = 0.00000000000000000000, ||V_lower^k - V_lower^k-1||_inf = 0.00018281033807613332
    Local Iteration 107: ||V_upper^k - V_upper^k-1||_inf = 0.00000000000000000000, ||V_lower^k - V_lower^k-1||_inf = 0.00017549792455308789
    Local Iteration 108: ||V_upper^k - V_upper^k-1||_inf = 0.00000000000000000000, ||V_lower^k - V_lower^k-1||_inf = 0.00016847800757096437
    Local Iteration 109: ||V_upper^k - V_upper^k-1||_inf = 0.00000000000000000000, ||V_lower^k - V_lower^k-1||_inf = 0.00016173888726812597
    Local Iteration 110: ||V_upper^k - V_upper^k-1||_inf = 0.00000000000000000000, ||V_lower^k - V_lower^k-1||_inf = 0.00015526933177740111
    Local Iteration 111: ||V_upper^k - V_upper^k-1||_inf = 0.00000000000000000000, ||V_lower^k - V_lower^k-1||_inf = 0.00014905855850630510
    Local Iteration 112: ||V_upper^k - V_upper^k-1||_inf = 0.00000000000000000000, ||V_lower^k - V_lower^k-1||_inf = 0.00014309621616605261
    Local Iteration 113: ||V_upper^k - V_upper^k-1||_inf = 0.00000000000000000000, ||V_lower^k - V_lower^k-1||_inf = 0.00013737236751941049
    Local Iteration 114: ||V_upper^k - V_upper^k-1||_inf = 0.00000000000000000000, ||V_lower^k - V_lower^k-1||_inf = 0.00013187747281863437
    Local Iteration 115: ||V_upper^k - V_upper^k-1||_inf = 0.00000000000000000000, ||V_lower^k - V_lower^k-1||_inf = 0.00012660237390588885
    Local Iteration 116: ||V_upper^k - V_upper^k-1||_inf = 0.00000000000000000000, ||V_lower^k - V_lower^k-1||_inf = 0.00012153827894965333
    Local Iteration 117: ||V_upper^k - V_upper^k-1||_inf = 0.00000000000000000000, ||V_lower^k - V_lower^k-1||_inf = 0.00011667674779166715
    Local Iteration 118: ||V_upper^k - V_upper^k-1||_inf = 0.00000000000000000000, ||V_lower^k - V_lower^k-1||_inf = 0.00011200967788000055
    Local Iteration 119: ||V_upper^k - V_upper^k-1||_inf = 0.00000000000000000000, ||V_lower^k - V_lower^k-1||_inf = 0.00010752929076480056
    Local Iteration 120: ||V_upper^k - V_upper^k-1||_inf = 0.00000000000000000000, ||V_lower^k - V_lower^k-1||_inf = 0.00010322811913420849
    Local Iteration 121: ||V_upper^k - V_upper^k-1||_inf = 0.00000000000000000000, ||V_lower^k - V_lower^k-1||_inf = 0.00009909899436884003
    Local Iteration 122: ||V_upper^k - V_upper^k-1||_inf = 0.00000000000000000000, ||V_lower^k - V_lower^k-1||_inf = 0.00009513503459408637
    Local Iteration 123: ||V_upper^k - V_upper^k-1||_inf = 0.00000000000000000000, ||V_lower^k - V_lower^k-1||_inf = 0.00009132963321032295
    Local Iteration 124: ||V_upper^k - V_upper^k-1||_inf = 0.00000000000000000000, ||V_lower^k - V_lower^k-1||_inf = 0.00008767644788191002
    Local Iteration 125: ||V_upper^k - V_upper^k-1||_inf = 0.00000000000000000000, ||V_lower^k - V_lower^k-1||_inf = 0.00008416938996663346
    Local Iteration 126: ||V_upper^k - V_upper^k-1||_inf = 0.00000000000000000000, ||V_lower^k - V_lower^k-1||_inf = 0.00008080261436796822
    Local Iteration 127: ||V_upper^k - V_upper^k-1||_inf = 0.00000000000000000000, ||V_lower^k - V_lower^k-1||_inf = 0.00007757050979324961
    Local Iteration 128: ||V_upper^k - V_upper^k-1||_inf = 0.00000000000000000000, ||V_lower^k - V_lower^k-1||_inf = 0.00007446768940151953
    Local Iteration 129: ||V_upper^k - V_upper^k-1||_inf = 0.00000000000000000000, ||V_lower^k - V_lower^k-1||_inf = 0.00007148898182545880
    Local Iteration 130: ||V_upper^k - V_upper^k-1||_inf = 0.00000000000000000000, ||V_lower^k - V_lower^k-1||_inf = 0.00006862942255244048
    Local Iteration 131: ||V_upper^k - V_upper^k-1||_inf = 0.00000000000000000000, ||V_lower^k - V_lower^k-1||_inf = 0.00006588424565034273
    Local Iteration 132: ||V_upper^k - V_upper^k-1||_inf = 0.00000000000000000000, ||V_lower^k - V_lower^k-1||_inf = 0.00006324887582432898
    Local Iteration 133: ||V_upper^k - V_upper^k-1||_inf = 0.00000000000000000000, ||V_lower^k - V_lower^k-1||_inf = 0.00006071892079135589
    Local Iteration 134: ||V_upper^k - V_upper^k-1||_inf = 0.00000000000000000000, ||V_lower^k - V_lower^k-1||_inf = 0.00005829016395970162
    Local Iteration 135: ||V_upper^k - V_upper^k-1||_inf = 0.00000000000000000000, ||V_lower^k - V_lower^k-1||_inf = 0.00005595855740131352
    Local Iteration 136: ||V_upper^k - V_upper^k-1||_inf = 0.00000000000000000000, ||V_lower^k - V_lower^k-1||_inf = 0.00005372021510526102
    Local Iteration 137: ||V_upper^k - V_upper^k-1||_inf = 0.00000000000000000000, ||V_lower^k - V_lower^k-1||_inf = 0.00005157140650105074
    Local Iteration 138: ||V_upper^k - V_upper^k-1||_inf = 0.00000000000000000000, ||V_lower^k - V_lower^k-1||_inf = 0.00004950855024100855
    Local Iteration 139: ||V_upper^k - V_upper^k-1||_inf = 0.00000000000000000000, ||V_lower^k - V_lower^k-1||_inf = 0.00004752820823136837
    Local Iteration 140: ||V_upper^k - V_upper^k-1||_inf = 0.00000000000000000000, ||V_lower^k - V_lower^k-1||_inf = 0.00004562707990211348
    Local Iteration 141: ||V_upper^k - V_upper^k-1||_inf = 0.00000000000000000000, ||V_lower^k - V_lower^k-1||_inf = 0.00004380199670602890
    Local Iteration 142: ||V_upper^k - V_upper^k-1||_inf = 0.00000000000000000000, ||V_lower^k - V_lower^k-1||_inf = 0.00004204991683778793
    Local Iteration 143: ||V_upper^k - V_upper^k-1||_inf = 0.00000000000000000000, ||V_lower^k - V_lower^k-1||_inf = 0.00004036792016427629
    Local Iteration 144: ||V_upper^k - V_upper^k-1||_inf = 0.00000000000000000000, ||V_lower^k - V_lower^k-1||_inf = 0.00003875320335770523
    Local Iteration 145: ||V_upper^k - V_upper^k-1||_inf = 0.00000000000000000000, ||V_lower^k - V_lower^k-1||_inf = 0.00003720307522339704
    Local Iteration 146: ||V_upper^k - V_upper^k-1||_inf = 0.00000000000000000000, ||V_lower^k - V_lower^k-1||_inf = 0.00003571495221446120
    Local Iteration 147: ||V_upper^k - V_upper^k-1||_inf = 0.00000000000000000000, ||V_lower^k - V_lower^k-1||_inf = 0.00003428635412588271
    Local Iteration 148: ||V_upper^k - V_upper^k-1||_inf = 0.00000000000000000000, ||V_lower^k - V_lower^k-1||_inf = 0.00003291489996084737
    Local Iteration 149: ||V_upper^k - V_upper^k-1||_inf = 0.00000000000000000000, ||V_lower^k - V_lower^k-1||_inf = 0.00003159830396241349
    Local Iteration 150: ||V_upper^k - V_upper^k-1||_inf = 0.00000000000000000000, ||V_lower^k - V_lower^k-1||_inf = 0.00003033437180391700
    Local Iteration 151: ||V_upper^k - V_upper^k-1||_inf = 0.00000000000000000000, ||V_lower^k - V_lower^k-1||_inf = 0.00002912099693176034
    Local Iteration 152: ||V_upper^k - V_upper^k-1||_inf = 0.00000000000000000000, ||V_lower^k - V_lower^k-1||_inf = 0.00002795615705448984
    Local Iteration 153: ||V_upper^k - V_upper^k-1||_inf = 0.00000000000000000000, ||V_lower^k - V_lower^k-1||_inf = 0.00002683791077231026
    Local Iteration 154: ||V_upper^k - V_upper^k-1||_inf = 0.00000000000000000000, ||V_lower^k - V_lower^k-1||_inf = 0.00002576439434141787
    Local Iteration 155: ||V_upper^k - V_upper^k-1||_inf = 0.00000000000000000000, ||V_lower^k - V_lower^k-1||_inf = 0.00002473381856776119
    Local Iteration 156: ||V_upper^k - V_upper^k-1||_inf = 0.00000000000000000000, ||V_lower^k - V_lower^k-1||_inf = 0.00002374446582505076
    Local Iteration 157: ||V_upper^k - V_upper^k-1||_inf = 0.00000000000000000000, ||V_lower^k - V_lower^k-1||_inf = 0.00002279468719204863
    Local Iteration 158: ||V_upper^k - V_upper^k-1||_inf = 0.00000000000000000000, ||V_lower^k - V_lower^k-1||_inf = 0.00002188289970436676
    Local Iteration 159: ||V_upper^k - V_upper^k-1||_inf = 0.00000000000000000000, ||V_lower^k - V_lower^k-1||_inf = 0.00002100758371619211
    Local Iteration 160: ||V_upper^k - V_upper^k-1||_inf = 0.00000000000000000000, ||V_lower^k - V_lower^k-1||_inf = 0.00002016728036754436
    Local Iteration 161: ||V_upper^k - V_upper^k-1||_inf = 0.00000000000000000000, ||V_lower^k - V_lower^k-1||_inf = 0.00001936058915284262
    Local Iteration 162: ||V_upper^k - V_upper^k-1||_inf = 0.00000000000000000000, ||V_lower^k - V_lower^k-1||_inf = 0.00001858616558672891
    Local Iteration 163: ||V_upper^k - V_upper^k-1||_inf = 0.00000000000000000000, ||V_lower^k - V_lower^k-1||_inf = 0.00001784271896325971
    Local Iteration 164: ||V_upper^k - V_upper^k-1||_inf = 0.00000000000000000000, ||V_lower^k - V_lower^k-1||_inf = 0.00001712901020472932
    Local Iteration 165: ||V_upper^k - V_upper^k-1||_inf = 0.00000000000000000000, ||V_lower^k - V_lower^k-1||_inf = 0.00001644384979654015
    Local Iteration 166: ||V_upper^k - V_upper^k-1||_inf = 0.00000000000000000000, ||V_lower^k - V_lower^k-1||_inf = 0.00001578609580467854
    Local Iteration 167: ||V_upper^k - V_upper^k-1||_inf = 0.00000000000000000000, ||V_lower^k - V_lower^k-1||_inf = 0.00001515465197249143
    Local Iteration 168: ||V_upper^k - V_upper^k-1||_inf = 0.00000000000000000000, ||V_lower^k - V_lower^k-1||_inf = 0.00001454846589359174
    Local Iteration 169: ||V_upper^k - V_upper^k-1||_inf = 0.00000000000000000000, ||V_lower^k - V_lower^k-1||_inf = 0.00001396652725784808
    Local Iteration 170: ||V_upper^k - V_upper^k-1||_inf = 0.00000000000000000000, ||V_lower^k - V_lower^k-1||_inf = 0.00001340786616753418
    Local Iteration 171: ||V_upper^k - V_upper^k-1||_inf = 0.00000000000000000000, ||V_lower^k - V_lower^k-1||_inf = 0.00001287155152083282
    Local Iteration 172: ||V_upper^k - V_upper^k-1||_inf = 0.00000000000000000000, ||V_lower^k - V_lower^k-1||_inf = 0.00001235668945999950
    Local Iteration 173: ||V_upper^k - V_upper^k-1||_inf = 0.00000000000000000000, ||V_lower^k - V_lower^k-1||_inf = 0.00001186242188159950
    Local Iteration 174: ||V_upper^k - V_upper^k-1||_inf = 0.00000000000000000000, ||V_lower^k - V_lower^k-1||_inf = 0.00001138792500633554
    Local Iteration 175: ||V_upper^k - V_upper^k-1||_inf = 0.00000000000000000000, ||V_lower^k - V_lower^k-1||_inf = 0.00001093240800608211
    Local Iteration 176: ||V_upper^k - V_upper^k-1||_inf = 0.00000000000000000000, ||V_lower^k - V_lower^k-1||_inf = 0.00001049511168583881
    Local Iteration 177: ||V_upper^k - V_upper^k-1||_inf = 0.00000000000000000000, ||V_lower^k - V_lower^k-1||_inf = 0.00001007530721840527
    Local Iteration 178: ||V_upper^k - V_upper^k-1||_inf = 0.00000000000000000000, ||V_lower^k - V_lower^k-1||_inf = 0.00000967229492966905
    Local Iteration 179: ||V_upper^k - V_upper^k-1||_inf = 0.00000000000000000000, ||V_lower^k - V_lower^k-1||_inf = 0.00000928540313248230
    Local Iteration 180: ||V_upper^k - V_upper^k-1||_inf = 0.00000000000000000000, ||V_lower^k - V_lower^k-1||_inf = 0.00000891398700718300
    Local Iteration 181: ||V_upper^k - V_upper^k-1||_inf = 0.00000000000000000000, ||V_lower^k - V_lower^k-1||_inf = 0.00000855742752689569
    Local Iteration 182: ||V_upper^k - V_upper^k-1||_inf = 0.00000000000000000000, ||V_lower^k - V_lower^k-1||_inf = 0.00000821513042581986
    Local Iteration 183: ||V_upper^k - V_upper^k-1||_inf = 0.00000000000000000000, ||V_lower^k - V_lower^k-1||_inf = 0.00000788652520878705
    Local Iteration 184: ||V_upper^k - V_upper^k-1||_inf = 0.00000000000000000000, ||V_lower^k - V_lower^k-1||_inf = 0.00000757106420043558
    Local Iteration 185: ||V_upper^k - V_upper^k-1||_inf = 0.00000000000000000000, ||V_lower^k - V_lower^k-1||_inf = 0.00000726822163241815
    Local Iteration 186: ||V_upper^k - V_upper^k-1||_inf = 0.00000000000000000000, ||V_lower^k - V_lower^k-1||_inf = 0.00000697749276712143
    Local Iteration 187: ||V_upper^k - V_upper^k-1||_inf = 0.00000000000000000000, ||V_lower^k - V_lower^k-1||_inf = 0.00000669839305643657
    Local Iteration 188: ||V_upper^k - V_upper^k-1||_inf = 0.00000000000000000000, ||V_lower^k - V_lower^k-1||_inf = 0.00000643045733417910
    Local Iteration 189: ||V_upper^k - V_upper^k-1||_inf = 0.00000000000000000000, ||V_lower^k - V_lower^k-1||_inf = 0.00000617323904081194
    Local Iteration 190: ||V_upper^k - V_upper^k-1||_inf = 0.00000000000000000000, ||V_lower^k - V_lower^k-1||_inf = 0.00000592630947917946
    Local Iteration 191: ||V_upper^k - V_upper^k-1||_inf = 0.00000000000000000000, ||V_lower^k - V_lower^k-1||_inf = 0.00000568925710001228
    Local Iteration 192: ||V_upper^k - V_upper^k-1||_inf = 0.00000000000000000000, ||V_lower^k - V_lower^k-1||_inf = 0.00000546168681601179
    Local Iteration 193: ||V_upper^k - V_upper^k-1||_inf = 0.00000000000000000000, ||V_lower^k - V_lower^k-1||_inf = 0.00000524321934337131
    Local Iteration 194: ||V_upper^k - V_upper^k-1||_inf = 0.00000000000000000000, ||V_lower^k - V_lower^k-1||_inf = 0.00000503349056963647
    Local Iteration 195: ||V_upper^k - V_upper^k-1||_inf = 0.00000000000000000000, ||V_lower^k - V_lower^k-1||_inf = 0.00000483215094685102
    Local Iteration 196: ||V_upper^k - V_upper^k-1||_inf = 0.00000000000000000000, ||V_lower^k - V_lower^k-1||_inf = 0.00000463886490897698
    Local Iteration 197: ||V_upper^k - V_upper^k-1||_inf = 0.00000000000000000000, ||V_lower^k - V_lower^k-1||_inf = 0.00000445331031261789
    Local Iteration 198: ||V_upper^k - V_upper^k-1||_inf = 0.00000000000000000000, ||V_lower^k - V_lower^k-1||_inf = 0.00000427517790011317
    Local Iteration 199: ||V_upper^k - V_upper^k-1||_inf = 0.00000000000000000000, ||V_lower^k - V_lower^k-1||_inf = 0.00000410417078410864
    Local Iteration 200: ||V_upper^k - V_upper^k-1||_inf = 0.00000000000000000000, ||V_lower^k - V_lower^k-1||_inf = 0.00000394000395274431
    Local Iteration 201: ||V_upper^k - V_upper^k-1||_inf = 0.00000000000000000000, ||V_lower^k - V_lower^k-1||_inf = 0.00000378240379463453
    Local Iteration 202: ||V_upper^k - V_upper^k-1||_inf = 0.00000000000000000000, ||V_lower^k - V_lower^k-1||_inf = 0.00000363110764284915
    Local Iteration 203: ||V_upper^k - V_upper^k-1||_inf = 0.00000000000000000000, ||V_lower^k - V_lower^k-1||_inf = 0.00000348586333713518
    Local Iteration 204: ||V_upper^k - V_upper^k-1||_inf = 0.00000000000000000000, ||V_lower^k - V_lower^k-1||_inf = 0.00000334642880364978
    Local Iteration 205: ||V_upper^k - V_upper^k-1||_inf = 0.00000000000000000000, ||V_lower^k - V_lower^k-1||_inf = 0.00000321257165150378
    Local Iteration 206: ||V_upper^k - V_upper^k-1||_inf = 0.00000000000000000000, ||V_lower^k - V_lower^k-1||_inf = 0.00000308406878544364
    Local Iteration 207: ||V_upper^k - V_upper^k-1||_inf = 0.00000000000000000000, ||V_lower^k - V_lower^k-1||_inf = 0.00000296070603402589
    Local Iteration 208: ||V_upper^k - V_upper^k-1||_inf = 0.00000000000000000000, ||V_lower^k - V_lower^k-1||_inf = 0.00000284227779266485
    Local Iteration 209: ||V_upper^k - V_upper^k-1||_inf = 0.00000000000000000000, ||V_lower^k - V_lower^k-1||_inf = 0.00000272858668095825
    Local Iteration 210: ||V_upper^k - V_upper^k-1||_inf = 0.00000000000000000000, ||V_lower^k - V_lower^k-1||_inf = 0.00000261944321371993
    Local Iteration 211: ||V_upper^k - V_upper^k-1||_inf = 0.00000000000000000000, ||V_lower^k - V_lower^k-1||_inf = 0.00000251466548517113
    Local Iteration 212: ||V_upper^k - V_upper^k-1||_inf = 0.00000000000000000000, ||V_lower^k - V_lower^k-1||_inf = 0.00000241407886576428
    Local Iteration 213: ||V_upper^k - V_upper^k-1||_inf = 0.00000000000000000000, ||V_lower^k - V_lower^k-1||_inf = 0.00000231751571113371
    Local Iteration 214: ||V_upper^k - V_upper^k-1||_inf = 0.00000000000000000000, ||V_lower^k - V_lower^k-1||_inf = 0.00000222481508268837
    Local Iteration 215: ||V_upper^k - V_upper^k-1||_inf = 0.00000000000000000000, ||V_lower^k - V_lower^k-1||_inf = 0.00000213582247938083
    Local Iteration 216: ||V_upper^k - V_upper^k-1||_inf = 0.00000000000000000000, ||V_lower^k - V_lower^k-1||_inf = 0.00000205038958020560
    Local Iteration 217: ||V_upper^k - V_upper^k-1||_inf = 0.00000000000000000000, ||V_lower^k - V_lower^k-1||_inf = 0.00000196837399699737
    Local Iteration 218: ||V_upper^k - V_upper^k-1||_inf = 0.00000000000000000000, ||V_lower^k - V_lower^k-1||_inf = 0.00000188963903711747
    Local Iteration 219: ||V_upper^k - V_upper^k-1||_inf = 0.00000000000000000000, ||V_lower^k - V_lower^k-1||_inf = 0.00000181405347563278
    Local Iteration 220: ||V_upper^k - V_upper^k-1||_inf = 0.00000000000000000000, ||V_lower^k - V_lower^k-1||_inf = 0.00000174149133660747
    Local Iteration 221: ||V_upper^k - V_upper^k-1||_inf = 0.00000000000000000000, ||V_lower^k - V_lower^k-1||_inf = 0.00000167183168314317
    Local Iteration 222: ||V_upper^k - V_upper^k-1||_inf = 0.00000000000000000000, ||V_lower^k - V_lower^k-1||_inf = 0.00000160495841581744
    Local Iteration 223: ||V_upper^k - V_upper^k-1||_inf = 0.00000000000000000000, ||V_lower^k - V_lower^k-1||_inf = 0.00000154076007918475
    Local Iteration 224: ||V_upper^k - V_upper^k-1||_inf = 0.00000000000000000000, ||V_lower^k - V_lower^k-1||_inf = 0.00000147912967601736
    Local Iteration 225: ||V_upper^k - V_upper^k-1||_inf = 0.00000000000000000000, ||V_lower^k - V_lower^k-1||_inf = 0.00000141996448897666
    Local Iteration 226: ||V_upper^k - V_upper^k-1||_inf = 0.00000000000000000000, ||V_lower^k - V_lower^k-1||_inf = 0.00000136316590941759
    Local Iteration 227: ||V_upper^k - V_upper^k-1||_inf = 0.00000000000000000000, ||V_lower^k - V_lower^k-1||_inf = 0.00000130863927304089
    Local Iteration 228: ||V_upper^k - V_upper^k-1||_inf = 0.00000000000000000000, ||V_lower^k - V_lower^k-1||_inf = 0.00000125629370211926
    Local Iteration 229: ||V_upper^k - V_upper^k-1||_inf = 0.00000000000000000000, ||V_lower^k - V_lower^k-1||_inf = 0.00000120604195403448
    Local Iteration 230: ||V_upper^k - V_upper^k-1||_inf = 0.00000000000000000000, ||V_lower^k - V_lower^k-1||_inf = 0.00000115780027587311
    Local Iteration 231: ||V_upper^k - V_upper^k-1||_inf = 0.00000000000000000000, ||V_lower^k - V_lower^k-1||_inf = 0.00000111148826483818
    Local Iteration 232: ||V_upper^k - V_upper^k-1||_inf = 0.00000000000000000000, ||V_lower^k - V_lower^k-1||_inf = 0.00000106702873424465
    Local Iteration 233: ||V_upper^k - V_upper^k-1||_inf = 0.00000000000000000000, ||V_lower^k - V_lower^k-1||_inf = 0.00000102434758487487
    Local Iteration 234: ||V_upper^k - V_upper^k-1||_inf = 0.00000000000000000000, ||V_lower^k - V_lower^k-1||_inf = 0.00000098337368147987
    Local Iteration 235: ||V_upper^k - V_upper^k-1||_inf = 0.00000000000000000000, ||V_lower^k - V_lower^k-1||_inf = 0.00000094403873422068
    Local Iteration 236: ||V_upper^k - V_upper^k-1||_inf = 0.00000000000000000000, ||V_lower^k - V_lower^k-1||_inf = 0.00000090627718485185
    Local Iteration 237: ||V_upper^k - V_upper^k-1||_inf = 0.00000000000000000000, ||V_lower^k - V_lower^k-1||_inf = 0.00000087002609745778
    Local Iteration 238: ||V_upper^k - V_upper^k-1||_inf = 0.00000000000000000000, ||V_lower^k - V_lower^k-1||_inf = 0.00000083522505355947
    Local Iteration 239: ||V_upper^k - V_upper^k-1||_inf = 0.00000000000000000000, ||V_lower^k - V_lower^k-1||_inf = 0.00000080181605141709
    Local Iteration 240: ||V_upper^k - V_upper^k-1||_inf = 0.00000000000000000000, ||V_lower^k - V_lower^k-1||_inf = 0.00000076974340936040
    Local Iteration 241: ||V_upper^k - V_upper^k-1||_inf = 0.00000000000000000000, ||V_lower^k - V_lower^k-1||_inf = 0.00000073895367298599
    Local Iteration 242: ||V_upper^k - V_upper^k-1||_inf = 0.00000000000000000000, ||V_lower^k - V_lower^k-1||_inf = 0.00000070939552606655
    Local Iteration 243: ||V_upper^k - V_upper^k-1||_inf = 0.00000000000000000000, ||V_lower^k - V_lower^k-1||_inf = 0.00000068101970502389
    Local Iteration 244: ||V_upper^k - V_upper^k-1||_inf = 0.00000000000000000000, ||V_lower^k - V_lower^k-1||_inf = 0.00000065377891682293
    Local Iteration 245: ||V_upper^k - V_upper^k-1||_inf = 0.00000000000000000000, ||V_lower^k - V_lower^k-1||_inf = 0.00000062762776015001
    Local Iteration 246: ||V_upper^k - V_upper^k-1||_inf = 0.00000000000000000000, ||V_lower^k - V_lower^k-1||_inf = 0.00000060252264974401
    Local Iteration 247: ||V_upper^k - V_upper^k-1||_inf = 0.00000000000000000000, ||V_lower^k - V_lower^k-1||_inf = 0.00000057842174375425
    Local Iteration 248: ||V_upper^k - V_upper^k-1||_inf = 0.00000000000000000000, ||V_lower^k - V_lower^k-1||_inf = 0.00000055528487400408
    Local Iteration 249: ||V_upper^k - V_upper^k-1||_inf = 0.00000000000000000000, ||V_lower^k - V_lower^k-1||_inf = 0.00000053307347904392
    Local Iteration 250: ||V_upper^k - V_upper^k-1||_inf = 0.00000000000000000000, ||V_lower^k - V_lower^k-1||_inf = 0.00000051175053988216
    Local Iteration 251: ||V_upper^k - V_upper^k-1||_inf = 0.00000000000000000000, ||V_lower^k - V_lower^k-1||_inf = 0.00000049128051828688
    Local Iteration 252: ||V_upper^k - V_upper^k-1||_inf = 0.00000000000000000000, ||V_lower^k - V_lower^k-1||_inf = 0.00000047162929755540
    Local Iteration 253: ||V_upper^k - V_upper^k-1||_inf = 0.00000000000000000000, ||V_lower^k - V_lower^k-1||_inf = 0.00000045276412565318
    Local Iteration 254: ||V_upper^k - V_upper^k-1||_inf = 0.00000000000000000000, ||V_lower^k - V_lower^k-1||_inf = 0.00000043465356062706
    Local Iteration 255: ||V_upper^k - V_upper^k-1||_inf = 0.00000000000000000000, ||V_lower^k - V_lower^k-1||_inf = 0.00000041726741820197
    Local Iteration 256: ||V_upper^k - V_upper^k-1||_inf = 0.00000000000000000000, ||V_lower^k - V_lower^k-1||_inf = 0.00000040057672147390
    Local Iteration 257: ||V_upper^k - V_upper^k-1||_inf = 0.00000000000000000000, ||V_lower^k - V_lower^k-1||_inf = 0.00000038455365261494
    Local Iteration 258: ||V_upper^k - V_upper^k-1||_inf = 0.00000000000000000000, ||V_lower^k - V_lower^k-1||_inf = 0.00000036917150651034
    Local Iteration 259: ||V_upper^k - V_upper^k-1||_inf = 0.00000000000000000000, ||V_lower^k - V_lower^k-1||_inf = 0.00000035440464624993
    Local Iteration 260: ||V_upper^k - V_upper^k-1||_inf = 0.00000000000000000000, ||V_lower^k - V_lower^k-1||_inf = 0.00000034022846039993
    Local Iteration 261: ||V_upper^k - V_upper^k-1||_inf = 0.00000000000000000000, ||V_lower^k - V_lower^k-1||_inf = 0.00000032661932198393
    Local Iteration 262: ||V_upper^k - V_upper^k-1||_inf = 0.00000000000000000000, ||V_lower^k - V_lower^k-1||_inf = 0.00000031355454910458
    Local Iteration 263: ||V_upper^k - V_upper^k-1||_inf = 0.00000000000000000000, ||V_lower^k - V_lower^k-1||_inf = 0.00000030101236714039
    Local Iteration 264: ||V_upper^k - V_upper^k-1||_inf = 0.00000000000000000000, ||V_lower^k - V_lower^k-1||_inf = 0.00000028897187245478
    Local Iteration 265: ||V_upper^k - V_upper^k-1||_inf = 0.00000000000000000000, ||V_lower^k - V_lower^k-1||_inf = 0.00000027741299755659
    Local Iteration 266: ||V_upper^k - V_upper^k-1||_inf = 0.00000000000000000000, ||V_lower^k - V_lower^k-1||_inf = 0.00000026631647765432
    Local Iteration 267: ||V_upper^k - V_upper^k-1||_inf = 0.00000000000000000000, ||V_lower^k - V_lower^k-1||_inf = 0.00000025566381854815
    Local Iteration 268: ||V_upper^k - V_upper^k-1||_inf = 0.00000000000000000000, ||V_lower^k - V_lower^k-1||_inf = 0.00000024543726580622
    Local Iteration 269: ||V_upper^k - V_upper^k-1||_inf = 0.00000000000000000000, ||V_lower^k - V_lower^k-1||_inf = 0.00000023561977517397
    Local Iteration 270: ||V_upper^k - V_upper^k-1||_inf = 0.00000000000000000000, ||V_lower^k - V_lower^k-1||_inf = 0.00000022619498416702
    Local Iteration 271: ||V_upper^k - V_upper^k-1||_inf = 0.00000000000000000000, ||V_lower^k - V_lower^k-1||_inf = 0.00000021714718480034
    Local Iteration 272: ||V_upper^k - V_upper^k-1||_inf = 0.00000000000000000000, ||V_lower^k - V_lower^k-1||_inf = 0.00000020846129740832
    Local Iteration 273: ||V_upper^k - V_upper^k-1||_inf = 0.00000000000000000000, ||V_lower^k - V_lower^k-1||_inf = 0.00000020012284551199
    Local Iteration 274: ||V_upper^k - V_upper^k-1||_inf = 0.00000000000000000000, ||V_lower^k - V_lower^k-1||_inf = 0.00000019211793169151
    Local Iteration 275: ||V_upper^k - V_upper^k-1||_inf = 0.00000000000000000000, ||V_lower^k - V_lower^k-1||_inf = 0.00000018443321442385
    Local Iteration 276: ||V_upper^k - V_upper^k-1||_inf = 0.00000000000000000000, ||V_lower^k - V_lower^k-1||_inf = 0.00000017705588584690
    Local Iteration 277: ||V_upper^k - V_upper^k-1||_inf = 0.00000000000000000000, ||V_lower^k - V_lower^k-1||_inf = 0.00000016997365041302
    Local Iteration 278: ||V_upper^k - V_upper^k-1||_inf = 0.00000000000000000000, ||V_lower^k - V_lower^k-1||_inf = 0.00000016317470439650
    Local Iteration 279: ||V_upper^k - V_upper^k-1||_inf = 0.00000000000000000000, ||V_lower^k - V_lower^k-1||_inf = 0.00000015664771622064
    Local Iteration 280: ||V_upper^k - V_upper^k-1||_inf = 0.00000000000000000000, ||V_lower^k - V_lower^k-1||_inf = 0.00000015038180757181
    Local Iteration 281: ||V_upper^k - V_upper^k-1||_inf = 0.00000000000000000000, ||V_lower^k - V_lower^k-1||_inf = 0.00000014436653526894
    Local Iteration 282: ||V_upper^k - V_upper^k-1||_inf = 0.00000000000000000000, ||V_lower^k - V_lower^k-1||_inf = 0.00000013859187385818
    Local Iteration 283: ||V_upper^k - V_upper^k-1||_inf = 0.00000000000000000000, ||V_lower^k - V_lower^k-1||_inf = 0.00000013304819890386
    Local Iteration 284: ||V_upper^k - V_upper^k-1||_inf = 0.00000000000000000000, ||V_lower^k - V_lower^k-1||_inf = 0.00000012772627094770
    Local Iteration 285: ||V_upper^k - V_upper^k-1||_inf = 0.00000000000000000000, ||V_lower^k - V_lower^k-1||_inf = 0.00000012261722010979
    Local Iteration 286: ||V_upper^k - V_upper^k-1||_inf = 0.00000000000000000000, ||V_lower^k - V_lower^k-1||_inf = 0.00000011771253130540
    Local Iteration 287: ||V_upper^k - V_upper^k-1||_inf = 0.00000000000000000000, ||V_lower^k - V_lower^k-1||_inf = 0.00000011300403005319
    Local Iteration 288: ||V_upper^k - V_upper^k-1||_inf = 0.00000000000000000000, ||V_lower^k - V_lower^k-1||_inf = 0.00000010848386885106
    Local Iteration 289: ||V_upper^k - V_upper^k-1||_inf = 0.00000000000000000000, ||V_lower^k - V_lower^k-1||_inf = 0.00000010414451409702
    Local Iteration 290: ||V_upper^k - V_upper^k-1||_inf = 0.00000000000000000000, ||V_lower^k - V_lower^k-1||_inf = 0.00000009997873353313
    Local Iteration 291: ||V_upper^k - V_upper^k-1||_inf = 0.00000000000000000000, ||V_lower^k - V_lower^k-1||_inf = 0.00000009597958419181
    Local Iteration 292: ||V_upper^k - V_upper^k-1||_inf = 0.00000000000000000000, ||V_lower^k - V_lower^k-1||_inf = 0.00000009214040082414
    Local Iteration 293: ||V_upper^k - V_upper^k-1||_inf = 0.00000000000000000000, ||V_lower^k - V_lower^k-1||_inf = 0.00000008845478479117
    Local Iteration 294: ||V_upper^k - V_upper^k-1||_inf = 0.00000000000000000000, ||V_lower^k - V_lower^k-1||_inf = 0.00000008491659339952
    Local Iteration 295: ||V_upper^k - V_upper^k-1||_inf = 0.00000000000000000000, ||V_lower^k - V_lower^k-1||_inf = 0.00000008151992966354
    Local Iteration 296: ||V_upper^k - V_upper^k-1||_inf = 0.00000000000000000000, ||V_lower^k - V_lower^k-1||_inf = 0.00000007825913247700
    Local Iteration 297: ||V_upper^k - V_upper^k-1||_inf = 0.00000000000000000000, ||V_lower^k - V_lower^k-1||_inf = 0.00000007512876717792
    Local Iteration 298: ||V_upper^k - V_upper^k-1||_inf = 0.00000000000000000000, ||V_lower^k - V_lower^k-1||_inf = 0.00000007212361649081
    Local Iteration 299: ||V_upper^k - V_upper^k-1||_inf = 0.00000000000000000000, ||V_lower^k - V_lower^k-1||_inf = 0.00000006923867183117
    Local Iteration 300: ||V_upper^k - V_upper^k-1||_inf = 0.00000000000000000000, ||V_lower^k - V_lower^k-1||_inf = 0.00000006646912495793
    Local Iteration 301: ||V_upper^k - V_upper^k-1||_inf = 0.00000000000000000000, ||V_lower^k - V_lower^k-1||_inf = 0.00000006381035995961
    Local Iteration 302: ||V_upper^k - V_upper^k-1||_inf = 0.00000000000000000000, ||V_lower^k - V_lower^k-1||_inf = 0.00000006125794556122
    Local Iteration 303: ||V_upper^k - V_upper^k-1||_inf = 0.00000000000000000000, ||V_lower^k - V_lower^k-1||_inf = 0.00000005880762773878
    Local Iteration 304: ||V_upper^k - V_upper^k-1||_inf = 0.00000000000000000000, ||V_lower^k - V_lower^k-1||_inf = 0.00000005645532262922
    Local Iteration 305: ||V_upper^k - V_upper^k-1||_inf = 0.00000000000000000000, ||V_lower^k - V_lower^k-1||_inf = 0.00000005419710972406
    Local Iteration 306: ||V_upper^k - V_upper^k-1||_inf = 0.00000000000000000000, ||V_lower^k - V_lower^k-1||_inf = 0.00000005202922533509
    Local Iteration 307: ||V_upper^k - V_upper^k-1||_inf = 0.00000000000000000000, ||V_lower^k - V_lower^k-1||_inf = 0.00000004994805632169
    Local Iteration 308: ||V_upper^k - V_upper^k-1||_inf = 0.00000000000000000000, ||V_lower^k - V_lower^k-1||_inf = 0.00000004795013406882
    Local Iteration 309: ||V_upper^k - V_upper^k-1||_inf = 0.00000000000000000000, ||V_lower^k - V_lower^k-1||_inf = 0.00000004603212870607
    Local Iteration 310: ||V_upper^k - V_upper^k-1||_inf = 0.00000000000000000000, ||V_lower^k - V_lower^k-1||_inf = 0.00000004419084355783
    Local Iteration 311: ||V_upper^k - V_upper^k-1||_inf = 0.00000000000000000000, ||V_lower^k - V_lower^k-1||_inf = 0.00000004242320981551
    Local Iteration 312: ||V_upper^k - V_upper^k-1||_inf = 0.00000000000000000000, ||V_lower^k - V_lower^k-1||_inf = 0.00000004072628142289
    Local Iteration 313: ||V_upper^k - V_upper^k-1||_inf = 0.00000000000000000000, ||V_lower^k - V_lower^k-1||_inf = 0.00000003909723016598
    Local Iteration 314: ||V_upper^k - V_upper^k-1||_inf = 0.00000000000000000000, ||V_lower^k - V_lower^k-1||_inf = 0.00000003753334095934
    Local Iteration 315: ||V_upper^k - V_upper^k-1||_inf = 0.00000000000000000000, ||V_lower^k - V_lower^k-1||_inf = 0.00000003603200732096
    Local Iteration 316: ||V_upper^k - V_upper^k-1||_inf = 0.00000000000000000000, ||V_lower^k - V_lower^k-1||_inf = 0.00000003459072702813
    Local Iteration 317: ||V_upper^k - V_upper^k-1||_inf = 0.00000000000000000000, ||V_lower^k - V_lower^k-1||_inf = 0.00000003320709794700
    Local Iteration 318: ||V_upper^k - V_upper^k-1||_inf = 0.00000000000000000000, ||V_lower^k - V_lower^k-1||_inf = 0.00000003187881402912
    Local Iteration 319: ||V_upper^k - V_upper^k-1||_inf = 0.00000000000000000000, ||V_lower^k - V_lower^k-1||_inf = 0.00000003060366146796
    Local Iteration 320: ||V_upper^k - V_upper^k-1||_inf = 0.00000000000000000000, ||V_lower^k - V_lower^k-1||_inf = 0.00000002937951500924
    Local Iteration 321: ||V_upper^k - V_upper^k-1||_inf = 0.00000000000000000000, ||V_lower^k - V_lower^k-1||_inf = 0.00000002820433440887
    Local Iteration 322: ||V_upper^k - V_upper^k-1||_inf = 0.00000000000000000000, ||V_lower^k - V_lower^k-1||_inf = 0.00000002707616103251
    Local Iteration 323: ||V_upper^k - V_upper^k-1||_inf = 0.00000000000000000000, ||V_lower^k - V_lower^k-1||_inf = 0.00000002599311459121
    Local Iteration 324: ||V_upper^k - V_upper^k-1||_inf = 0.00000000000000000000, ||V_lower^k - V_lower^k-1||_inf = 0.00000002495339000756
    Local Iteration 325: ||V_upper^k - V_upper^k-1||_inf = 0.00000000000000000000, ||V_lower^k - V_lower^k-1||_inf = 0.00000002395525440726
    Local Iteration 326: ||V_upper^k - V_upper^k-1||_inf = 0.00000000000000000000, ||V_lower^k - V_lower^k-1||_inf = 0.00000002299704423097
    Local Iteration 327: ||V_upper^k - V_upper^k-1||_inf = 0.00000000000000000000, ||V_lower^k - V_lower^k-1||_inf = 0.00000002207716246173
    Local Iteration 328: ||V_upper^k - V_upper^k-1||_inf = 0.00000000000000000000, ||V_lower^k - V_lower^k-1||_inf = 0.00000002119407596326
    Local Iteration 329: ||V_upper^k - V_upper^k-1||_inf = 0.00000000000000000000, ||V_lower^k - V_lower^k-1||_inf = 0.00000002034631292473
    Local Iteration 330: ||V_upper^k - V_upper^k-1||_inf = 0.00000000000000000000, ||V_lower^k - V_lower^k-1||_inf = 0.00000001953246040774
    Local Iteration 331: ||V_upper^k - V_upper^k-1||_inf = 0.00000000000000000000, ||V_lower^k - V_lower^k-1||_inf = 0.00000001875116199143
    Local Iteration 332: ||V_upper^k - V_upper^k-1||_inf = 0.00000000000000000000, ||V_lower^k - V_lower^k-1||_inf = 0.00000001800111551178
    Local Iteration 333: ||V_upper^k - V_upper^k-1||_inf = 0.00000000000000000000, ||V_lower^k - V_lower^k-1||_inf = 0.00000001728107089131
    Local Iteration 334: ||V_upper^k - V_upper^k-1||_inf = 0.00000000000000000000, ||V_lower^k - V_lower^k-1||_inf = 0.00000001658982805565
    Local Iteration 335: ||V_upper^k - V_upper^k-1||_inf = 0.00000000000000000000, ||V_lower^k - V_lower^k-1||_inf = 0.00000001592623493343
    Local Iteration 336: ||V_upper^k - V_upper^k-1||_inf = 0.00000000000000000000, ||V_lower^k - V_lower^k-1||_inf = 0.00000001528918553609
    Local Iteration 337: ||V_upper^k - V_upper^k-1||_inf = 0.00000000000000000000, ||V_lower^k - V_lower^k-1||_inf = 0.00000001467761811465
    Local Iteration 338: ||V_upper^k - V_upper^k-1||_inf = 0.00000000000000000000, ||V_lower^k - V_lower^k-1||_inf = 0.00000001409051339006
    Local Iteration 339: ||V_upper^k - V_upper^k-1||_inf = 0.00000000000000000000, ||V_lower^k - V_lower^k-1||_inf = 0.00000001352689285446
    Local Iteration 340: ||V_upper^k - V_upper^k-1||_inf = 0.00000000000000000000, ||V_lower^k - V_lower^k-1||_inf = 0.00000001298581714028
    Local Iteration 341: ||V_upper^k - V_upper^k-1||_inf = 0.00000000000000000000, ||V_lower^k - V_lower^k-1||_inf = 0.00000001246638445467
    Local Iteration 342: ||V_upper^k - V_upper^k-1||_inf = 0.00000000000000000000, ||V_lower^k - V_lower^k-1||_inf = 0.00000001196772907648
    Local Iteration 343: ||V_upper^k - V_upper^k-1||_inf = 0.00000000000000000000, ||V_lower^k - V_lower^k-1||_inf = 0.00000001148901991342
    Local Iteration 344: ||V_upper^k - V_upper^k-1||_inf = 0.00000000000000000000, ||V_lower^k - V_lower^k-1||_inf = 0.00000001102945911689
    Local Iteration 345: ||V_upper^k - V_upper^k-1||_inf = 0.00000000000000000000, ||V_lower^k - V_lower^k-1||_inf = 0.00000001058828075221
    Local Iteration 346: ||V_upper^k - V_upper^k-1||_inf = 0.00000000000000000000, ||V_lower^k - V_lower^k-1||_inf = 0.00000001016474952212
    Local Iteration 347: ||V_upper^k - V_upper^k-1||_inf = 0.00000000000000000000, ||V_lower^k - V_lower^k-1||_inf = 0.00000000975815954124

==================================================
 LOCAL CONVERGENCE ACHIEVED
==================================================
  ||V_upper^k - V_upper^k-1||_inf = 0.00000000000000000000e+00 < tolerance = 1e-08
  ||V_lower^k - V_lower^k-1||_inf = 9.75815954123689573919e-09 < tolerance = 1e-08
  Converged in 347 iterations
  V_lower increased from min(l_lower, r_lower); smallest step 0.000e+00
    Local VI completed in 347 iterations
    Final convergence values:
      ||V_upper^final - V_upper^prev||_inf = 0.00000000e+00
      ||V_lower^final - V_lower^prev||_inf = 9.75815954e-09
  Local VI completed in 347 iterations, time: 1.812s
    Final ||V_upper^k - V_upper^k-1||_inf = 0.00000000000000000000e+00
    Final ||V_lower^k - V_lower^k-1||_inf = 9.75815954123689573919e-09
  Saved visualization: /Users/i.k.tabbara/Documents/python directory/HSCC_2027/refactored_Implementations/results_hscc_2027_modified_init/ra_discount/double_integrator_res10_eps0.05_dmin1e-08_dmax1e-08_gamma0.96_dt0.3_tau0.3_std/value_function_phase_4_complete.png
  Phase 4 completed in 2.53s with 144000 leaf cells

Classification after phase 4:
  Safe:             1346 cells (  0.9%),    1.3% of state space
  Unsafe:           5788 cells (  4.0%),   13.1% of state space
  Unclassified:   136866 cells ( 95.0%),   85.5% of state space

======================================================================
REFINEMENT PHASE 5
======================================================================
Boundary cells: 136866
  Refinable (>eta_min=0.017678): 136866
  Below threshold: 0
  Cumulative refined: 134000
  Refinable cell size statistics:
    Max:    0.200000
    Mean:   0.200000
    Min:    0.200000
    Median: 0.200000
  Refining 136866 cells...
    Refined: 136866 parent cells
    Created: 273732 child cells
    Total cells: 280866
    Refinement time: 0.012s
    Cumulative refined: 270866
  Rebuilding spatial index...
  Building spatial index for 280866 cells...
   Spatial index built in 0.07s
    Spatial index rebuilt in 0.068s
  Initializing 273732 new cells...
  Initializing 273732 new cells in parallel...
   Initialized in 0.00s (394592537.5 cells/s)
    Initialization completed in 0.001s
  Starting local value iteration...
  Reinitializing ALL 280866 cells (V_lower = min(l, r), V_upper = l)
   Reinitialized 280866 cells in 0.00s (399075862.0 cells/s)
  Local VI: updating all 280866 cells
    Conservative mode: False
    Convergence tolerance: 1e-08
    Max iterations: 20000
    Updating successor cache for 273732 updated cells...
    Updating successor cache for 273732 new cells (HYBRID)...
      Affected cells: 277964
   Trajectories + spatial queries computed in 0.67s (3755019.1 tasks/s)
    Breakdown: 11.1% ODE, 88.9% queries
     Cache updated in 0.74s (3377352.0 tasks/s)
    Local Iteration   1: ||V_upper^k - V_upper^k-1||_inf = 3.93799602617861266296, ||V_lower^k - V_lower^k-1||_inf = 4.84471998602963793701
    Local Iteration   2: ||V_upper^k - V_upper^k-1||_inf = 0.11435504740525903600, ||V_lower^k - V_lower^k-1||_inf = 4.61253118658845195910
    Local Iteration   3: ||V_upper^k - V_upper^k-1||_inf = 0.10978084550904831929, ||V_lower^k - V_lower^k-1||_inf = 4.42802993912491427153
    Local Iteration   4: ||V_upper^k - V_upper^k-1||_inf = 0.10538961168868654639, ||V_lower^k - V_lower^k-1||_inf = 4.21404474155991781714
    Local Iteration   5: ||V_upper^k - V_upper^k-1||_inf = 0.10117402722113899571, ||V_lower^k - V_lower^k-1||_inf = 3.93369920304682541001
    Local Iteration   6: ||V_upper^k - V_upper^k-1||_inf = 0.09712706613229338259, ||V_lower^k - V_lower^k-1||_inf = 1.88958453457666353259
    Local Iteration   7: ||V_upper^k - V_upper^k-1||_inf = 0.09324198348700196703, ||V_lower^k - V_lower^k-1||_inf = 1.81400115319359667154
    Local Iteration   8: ||V_upper^k - V_upper^k-1||_inf = 0.08951230414752187059, ||V_lower^k - V_lower^k-1||_inf = 1.18405572930662872366
    Local Iteration   9: ||V_upper^k - V_upper^k-1||_inf = 0.08593181198162058720, ||V_lower^k - V_lower^k-1||_inf = 0.20855252189184003697
    Local Iteration  10: ||V_upper^k - V_upper^k-1||_inf = 0.08249453950235596800, ||V_lower^k - V_lower^k-1||_inf = 0.20021042101616648434
    Local Iteration  11: ||V_upper^k - V_upper^k-1||_inf = 0.07919475792226182698, ||V_lower^k - V_lower^k-1||_inf = 0.11643052175321622066
    Local Iteration  12: ||V_upper^k - V_upper^k-1||_inf = 0.07602696760537130949, ||V_lower^k - V_lower^k-1||_inf = 0.11177330088308756739
    Local Iteration  13: ||V_upper^k - V_upper^k-1||_inf = 0.07298588890115631500, ||V_lower^k - V_lower^k-1||_inf = 0.10730236884776411799
    Local Iteration  14: ||V_upper^k - V_upper^k-1||_inf = 0.07006645334511008016, ||V_lower^k - V_lower^k-1||_inf = 0.10301027409385354883
    Local Iteration  15: ||V_upper^k - V_upper^k-1||_inf = 0.06726379521130576578, ||V_lower^k - V_lower^k-1||_inf = 0.09888986313009939799
    Local Iteration  16: ||V_upper^k - V_upper^k-1||_inf = 0.06457324340285341968, ||V_lower^k - V_lower^k-1||_inf = 0.09493426860489539987
    Local Iteration  17: ||V_upper^k - V_upper^k-1||_inf = 0.06199031366673946053, ||V_lower^k - V_lower^k-1||_inf = 0.09113689786069956167
    Local Iteration  18: ||V_upper^k - V_upper^k-1||_inf = 0.05951070112006973112, ||V_lower^k - V_lower^k-1||_inf = 0.08749142194627157476
    Local Iteration  19: ||V_upper^k - V_upper^k-1||_inf = 0.05713027307526696852, ||V_lower^k - V_lower^k-1||_inf = 0.08399176506842070955
    Local Iteration  20: ||V_upper^k - V_upper^k-1||_inf = 0.05484506215225626313, ||V_lower^k - V_lower^k-1||_inf = 0.08063209446568392336
    Local Iteration  21: ||V_upper^k - V_upper^k-1||_inf = 0.05265125966616612807, ||V_lower^k - V_lower^k-1||_inf = 0.07740681068705657086
    Local Iteration  22: ||V_upper^k - V_upper^k-1||_inf = 0.05054520927951933196, ||V_lower^k - V_lower^k-1||_inf = 0.07431053825957428804
    Local Iteration  23: ||V_upper^k - V_upper^k-1||_inf = 0.04852340090833862085, ||V_lower^k - V_lower^k-1||_inf = 0.07133811672919126989
    Local Iteration  24: ||V_upper^k - V_upper^k-1||_inf = 0.04658246487200501385, ||V_lower^k - V_lower^k-1||_inf = 0.06848459206002360800
    Local Iteration  25: ||V_upper^k - V_upper^k-1||_inf = 0.04471916627712491099, ||V_lower^k - V_lower^k-1||_inf = 0.06574520837762271031
    Local Iteration  26: ||V_upper^k - V_upper^k-1||_inf = 0.04293039962603995008, ||V_lower^k - V_lower^k-1||_inf = 0.06311540004251781077
    Local Iteration  27: ||V_upper^k - V_upper^k-1||_inf = 0.04121318364099824105, ||V_lower^k - V_lower^k-1||_inf = 0.06059078404081708058
    Local Iteration  28: ||V_upper^k - V_upper^k-1||_inf = 0.03956465629535832473, ||V_lower^k - V_lower^k-1||_inf = 0.05816715267918437515
    Local Iteration  29: ||V_upper^k - V_upper^k-1||_inf = 0.03798207004354403615, ||V_lower^k - V_lower^k-1||_inf = 0.05584046657201696684
    Local Iteration  30: ||V_upper^k - V_upper^k-1||_inf = 0.03646278724180229691, ||V_lower^k - V_lower^k-1||_inf = 0.05360684790913627928
    Local Iteration  31: ||V_upper^k - V_upper^k-1||_inf = 0.03500427575213016507, ||V_lower^k - V_lower^k-1||_inf = 0.05146257399277082145
    Local Iteration  32: ||V_upper^k - V_upper^k-1||_inf = 0.03360410472204500287, ||V_lower^k - V_lower^k-1||_inf = 0.04716765737839109796
    Local Iteration  33: ||V_upper^k - V_upper^k-1||_inf = 0.03225994053316316723, ||V_lower^k - V_lower^k-1||_inf = 0.04528095108325544405
    Local Iteration  34: ||V_upper^k - V_upper^k-1||_inf = 0.03096954291183662278, ||V_lower^k - V_lower^k-1||_inf = 0.04116757461535563989
    Local Iteration  35: ||V_upper^k - V_upper^k-1||_inf = 0.02973076119536310902, ||V_lower^k - V_lower^k-1||_inf = 0.03952087163074141651
    Local Iteration  36: ||V_upper^k - V_upper^k-1||_inf = 0.02854153074754861574, ||V_lower^k - V_lower^k-1||_inf = 0.03629143873859630443
    Local Iteration  37: ||V_upper^k - V_upper^k-1||_inf = 0.02739986951764672440, ||V_lower^k - V_lower^k-1||_inf = 0.03483978118905250998
    Local Iteration  38: ||V_upper^k - V_upper^k-1||_inf = 0.02630387473694084655, ||V_lower^k - V_lower^k-1||_inf = 0.03344618994149040070
    Local Iteration  39: ||V_upper^k - V_upper^k-1||_inf = 0.02525171974746320824, ||V_lower^k - V_lower^k-1||_inf = 0.03210834234383075358
    Local Iteration  40: ||V_upper^k - V_upper^k-1||_inf = 0.02424165095756469768, ||V_lower^k - V_lower^k-1||_inf = 0.03082400865007750568
    Local Iteration  41: ||V_upper^k - V_upper^k-1||_inf = 0.02327198491926207868, ||V_lower^k - V_lower^k-1||_inf = 0.02959104830407444098
    Local Iteration  42: ||V_upper^k - V_upper^k-1||_inf = 0.02234110552249157777, ||V_lower^k - V_lower^k-1||_inf = 0.02840740637191141449
    Local Iteration  43: ||V_upper^k - V_upper^k-1||_inf = 0.02144746130159191910, ||V_lower^k - V_lower^k-1||_inf = 0.02727111011703498011
    Local Iteration  44: ||V_upper^k - V_upper^k-1||_inf = 0.02058956284952823124, ||V_lower^k - V_lower^k-1||_inf = 0.02618026571235354538
    Local Iteration  45: ||V_upper^k - V_upper^k-1||_inf = 0.01976598033554710643, ||V_lower^k - V_lower^k-1||_inf = 0.02513305508385943465
    Local Iteration  46: ||V_upper^k - V_upper^k-1||_inf = 0.01897534112212523327, ||V_lower^k - V_lower^k-1||_inf = 0.02412773288050507059
    Local Iteration  47: ||V_upper^k - V_upper^k-1||_inf = 0.01821632747724022394, ||V_lower^k - V_lower^k-1||_inf = 0.02316262356528486777
    Local Iteration  48: ||V_upper^k - V_upper^k-1||_inf = 0.01748767437815063053, ||V_lower^k - V_lower^k-1||_inf = 0.02223611862267349526
    Local Iteration  49: ||V_upper^k - V_upper^k-1||_inf = 0.01678816740302457866, ||V_lower^k - V_lower^k-1||_inf = 0.02134667387776656433
    Local Iteration  50: ||V_upper^k - V_upper^k-1||_inf = 0.01611664070690360662, ||V_lower^k - V_lower^k-1||_inf = 0.02049280692265587067
    Local Iteration  51: ||V_upper^k - V_upper^k-1||_inf = 0.01547197507862746457, ||V_lower^k - V_lower^k-1||_inf = 0.01967309464574962252
    Local Iteration  52: ||V_upper^k - V_upper^k-1||_inf = 0.01485309607548235267, ||V_lower^k - V_lower^k-1||_inf = 0.01888617085991967093
    Local Iteration  53: ||V_upper^k - V_upper^k-1||_inf = 0.01425897223246302969, ||V_lower^k - V_lower^k-1||_inf = 0.01813072402552284856
    Local Iteration  54: ||V_upper^k - V_upper^k-1||_inf = 0.01368861334316451295, ||V_lower^k - V_lower^k-1||_inf = 0.01740549506450195238
    Local Iteration  55: ||V_upper^k - V_upper^k-1||_inf = 0.01314106880943793909, ||V_lower^k - V_lower^k-1||_inf = 0.01670927526192189649
    Local Iteration  56: ||V_upper^k - V_upper^k-1||_inf = 0.01261542605706045261, ||V_lower^k - V_lower^k-1||_inf = 0.01604090425144499843
    Local Iteration  57: ||V_upper^k - V_upper^k-1||_inf = 0.01211080901477801230, ||V_lower^k - V_lower^k-1||_inf = 0.01539926808138719627
    Local Iteration  58: ||V_upper^k - V_upper^k-1||_inf = 0.00234675007509727029, ||V_lower^k - V_lower^k-1||_inf = 0.01220828678192442673
    Local Iteration  59: ||V_upper^k - V_upper^k-1||_inf = 0.00000000000000000000, ||V_lower^k - V_lower^k-1||_inf = 0.00406676466600887354
    Local Iteration  60: ||V_upper^k - V_upper^k-1||_inf = 0.00000000000000000000, ||V_lower^k - V_lower^k-1||_inf = 0.00390409407936852249
    Local Iteration  61: ||V_upper^k - V_upper^k-1||_inf = 0.00000000000000000000, ||V_lower^k - V_lower^k-1||_inf = 0.00374793031619377603
    Local Iteration  62: ||V_upper^k - V_upper^k-1||_inf = 0.00000000000000000000, ||V_lower^k - V_lower^k-1||_inf = 0.00359801310354602999
    Local Iteration  63: ||V_upper^k - V_upper^k-1||_inf = 0.00000000000000000000, ||V_lower^k - V_lower^k-1||_inf = 0.00345409257940418324
    Local Iteration  64: ||V_upper^k - V_upper^k-1||_inf = 0.00000000000000000000, ||V_lower^k - V_lower^k-1||_inf = 0.00331592887622801646
    Local Iteration  65: ||V_upper^k - V_upper^k-1||_inf = 0.00000000000000000000, ||V_lower^k - V_lower^k-1||_inf = 0.00318329172117889914
    Local Iteration  66: ||V_upper^k - V_upper^k-1||_inf = 0.00000000000000000000, ||V_lower^k - V_lower^k-1||_inf = 0.00305596005233174650
    Local Iteration  67: ||V_upper^k - V_upper^k-1||_inf = 0.00000000000000000000, ||V_lower^k - V_lower^k-1||_inf = 0.00293372165023847442
    Local Iteration  68: ||V_upper^k - V_upper^k-1||_inf = 0.00000000000000000000, ||V_lower^k - V_lower^k-1||_inf = 0.00281637278422892934
    Local Iteration  69: ||V_upper^k - V_upper^k-1||_inf = 0.00000000000000000000, ||V_lower^k - V_lower^k-1||_inf = 0.00270371787285977883
    Local Iteration  70: ||V_upper^k - V_upper^k-1||_inf = 0.00000000000000000000, ||V_lower^k - V_lower^k-1||_inf = 0.00259556915794538490
    Local Iteration  71: ||V_upper^k - V_upper^k-1||_inf = 0.00000000000000000000, ||V_lower^k - V_lower^k-1||_inf = 0.00249174639162756673
    Local Iteration  72: ||V_upper^k - V_upper^k-1||_inf = 0.00000000000000000000, ||V_lower^k - V_lower^k-1||_inf = 0.00239207653596246184
    Local Iteration  73: ||V_upper^k - V_upper^k-1||_inf = 0.00000000000000000000, ||V_lower^k - V_lower^k-1||_inf = 0.00229639347452396947
    Local Iteration  74: ||V_upper^k - V_upper^k-1||_inf = 0.00000000000000000000, ||V_lower^k - V_lower^k-1||_inf = 0.00220453773554300791
    Local Iteration  75: ||V_upper^k - V_upper^k-1||_inf = 0.00000000000000000000, ||V_lower^k - V_lower^k-1||_inf = 0.00211635622612128815
    Local Iteration  76: ||V_upper^k - V_upper^k-1||_inf = 0.00000000000000000000, ||V_lower^k - V_lower^k-1||_inf = 0.00203170197707643746
    Local Iteration  77: ||V_upper^k - V_upper^k-1||_inf = 0.00000000000000000000, ||V_lower^k - V_lower^k-1||_inf = 0.00195043389799337552
    Local Iteration  78: ||V_upper^k - V_upper^k-1||_inf = 0.00000000000000000000, ||V_lower^k - V_lower^k-1||_inf = 0.00187241654207364466
    Local Iteration  79: ||V_upper^k - V_upper^k-1||_inf = 0.00000000000000000000, ||V_lower^k - V_lower^k-1||_inf = 0.00179751988039069527
    Local Iteration  80: ||V_upper^k - V_upper^k-1||_inf = 0.00000000000000000000, ||V_lower^k - V_lower^k-1||_inf = 0.00172561908517506607
    Local Iteration  81: ||V_upper^k - V_upper^k-1||_inf = 0.00000000000000000000, ||V_lower^k - V_lower^k-1||_inf = 0.00165659432176806787
    Local Iteration  82: ||V_upper^k - V_upper^k-1||_inf = 0.00000000000000000000, ||V_lower^k - V_lower^k-1||_inf = 0.00159033054889734515
    Local Iteration  83: ||V_upper^k - V_upper^k-1||_inf = 0.00000000000000000000, ||V_lower^k - V_lower^k-1||_inf = 0.00152671732694144996
    Local Iteration  84: ||V_upper^k - V_upper^k-1||_inf = 0.00000000000000000000, ||V_lower^k - V_lower^k-1||_inf = 0.00146564863386379474
    Local Iteration  85: ||V_upper^k - V_upper^k-1||_inf = 0.00000000000000000000, ||V_lower^k - V_lower^k-1||_inf = 0.00140702268850924350
    Local Iteration  86: ||V_upper^k - V_upper^k-1||_inf = 0.00000000000000000000, ||V_lower^k - V_lower^k-1||_inf = 0.00135074178096886849
    Local Iteration  87: ||V_upper^k - V_upper^k-1||_inf = 0.00000000000000000000, ||V_lower^k - V_lower^k-1||_inf = 0.00129671210973011583
    Local Iteration  88: ||V_upper^k - V_upper^k-1||_inf = 0.00000000000000000000, ||V_lower^k - V_lower^k-1||_inf = 0.00124484362534090995
    Local Iteration  89: ||V_upper^k - V_upper^k-1||_inf = 0.00000000000000000000, ||V_lower^k - V_lower^k-1||_inf = 0.00119504988032727300
    Local Iteration  90: ||V_upper^k - V_upper^k-1||_inf = 0.00000000000000000000, ||V_lower^k - V_lower^k-1||_inf = 0.00114724788511418388
    Local Iteration  91: ||V_upper^k - V_upper^k-1||_inf = 0.00000000000000000000, ||V_lower^k - V_lower^k-1||_inf = 0.00110135796970961541
    Local Iteration  92: ||V_upper^k - V_upper^k-1||_inf = 0.00000000000000000000, ||V_lower^k - V_lower^k-1||_inf = 0.00105730365092123260
    Local Iteration  93: ||V_upper^k - V_upper^k-1||_inf = 0.00000000000000000000, ||V_lower^k - V_lower^k-1||_inf = 0.00101501150488438052
    Local Iteration  94: ||V_upper^k - V_upper^k-1||_inf = 0.00000000000000000000, ||V_lower^k - V_lower^k-1||_inf = 0.00097441104468900738
    Local Iteration  95: ||V_upper^k - V_upper^k-1||_inf = 0.00000000000000000000, ||V_lower^k - V_lower^k-1||_inf = 0.00093543460290144639
    Local Iteration  96: ||V_upper^k - V_upper^k-1||_inf = 0.00000000000000000000, ||V_lower^k - V_lower^k-1||_inf = 0.00089801721878539006
    Local Iteration  97: ||V_upper^k - V_upper^k-1||_inf = 0.00000000000000000000, ||V_lower^k - V_lower^k-1||_inf = 0.00086209653003397127
    Local Iteration  98: ||V_upper^k - V_upper^k-1||_inf = 0.00000000000000000000, ||V_lower^k - V_lower^k-1||_inf = 0.00082761266883261270
    Local Iteration  99: ||V_upper^k - V_upper^k-1||_inf = 0.00000000000000000000, ||V_lower^k - V_lower^k-1||_inf = 0.00079450816207931110
    Local Iteration 100: ||V_upper^k - V_upper^k-1||_inf = 0.00000000000000000000, ||V_lower^k - V_lower^k-1||_inf = 0.00076272783559613866
    Local Iteration 101: ||V_upper^k - V_upper^k-1||_inf = 0.00000000000000000000, ||V_lower^k - V_lower^k-1||_inf = 0.00073221872217229048
    Local Iteration 102: ||V_upper^k - V_upper^k-1||_inf = 0.00000000000000000000, ||V_lower^k - V_lower^k-1||_inf = 0.00070292997328539816
    Local Iteration 103: ||V_upper^k - V_upper^k-1||_inf = 0.00000000000000000000, ||V_lower^k - V_lower^k-1||_inf = 0.00067481277435398404
    Local Iteration 104: ||V_upper^k - V_upper^k-1||_inf = 0.00000000000000000000, ||V_lower^k - V_lower^k-1||_inf = 0.00064782026337982523
    Local Iteration 105: ||V_upper^k - V_upper^k-1||_inf = 0.00000000000000000000, ||V_lower^k - V_lower^k-1||_inf = 0.00062190745284463125
    Local Iteration 106: ||V_upper^k - V_upper^k-1||_inf = 0.00000000000000000000, ||V_lower^k - V_lower^k-1||_inf = 0.00059703115473084580
    Local Iteration 107: ||V_upper^k - V_upper^k-1||_inf = 0.00000000000000000000, ||V_lower^k - V_lower^k-1||_inf = 0.00057314990854161196
    Local Iteration 108: ||V_upper^k - V_upper^k-1||_inf = 0.00000000000000000000, ||V_lower^k - V_lower^k-1||_inf = 0.00055022391219994825
    Local Iteration 109: ||V_upper^k - V_upper^k-1||_inf = 0.00000000000000000000, ||V_lower^k - V_lower^k-1||_inf = 0.00052821495571194962
    Local Iteration 110: ||V_upper^k - V_upper^k-1||_inf = 0.00000000000000000000, ||V_lower^k - V_lower^k-1||_inf = 0.00050708635748347199
    Local Iteration 111: ||V_upper^k - V_upper^k-1||_inf = 0.00000000000000000000, ||V_lower^k - V_lower^k-1||_inf = 0.00048680290318413311
    Local Iteration 112: ||V_upper^k - V_upper^k-1||_inf = 0.00000000000000000000, ||V_lower^k - V_lower^k-1||_inf = 0.00046733078705676716
    Local Iteration 113: ||V_upper^k - V_upper^k-1||_inf = 0.00000000000000000000, ||V_lower^k - V_lower^k-1||_inf = 0.00044863755557449612
    Local Iteration 114: ||V_upper^k - V_upper^k-1||_inf = 0.00000000000000000000, ||V_lower^k - V_lower^k-1||_inf = 0.00043069205335151753
    Local Iteration 115: ||V_upper^k - V_upper^k-1||_inf = 0.00000000000000000000, ||V_lower^k - V_lower^k-1||_inf = 0.00041346437121745662
    Local Iteration 116: ||V_upper^k - V_upper^k-1||_inf = 0.00000000000000000000, ||V_lower^k - V_lower^k-1||_inf = 0.00039692579636875849
    Local Iteration 117: ||V_upper^k - V_upper^k-1||_inf = 0.00000000000000000000, ||V_lower^k - V_lower^k-1||_inf = 0.00038104876451400781
    Local Iteration 118: ||V_upper^k - V_upper^k-1||_inf = 0.00000000000000000000, ||V_lower^k - V_lower^k-1||_inf = 0.00036580681393344819
    Local Iteration 119: ||V_upper^k - V_upper^k-1||_inf = 0.00000000000000000000, ||V_lower^k - V_lower^k-1||_inf = 0.00035117454137610984
    Local Iteration 120: ||V_upper^k - V_upper^k-1||_inf = 0.00000000000000000000, ||V_lower^k - V_lower^k-1||_inf = 0.00033712755972106420
    Local Iteration 121: ||V_upper^k - V_upper^k-1||_inf = 0.00000000000000000000, ||V_lower^k - V_lower^k-1||_inf = 0.00032364245733222229
    Local Iteration 122: ||V_upper^k - V_upper^k-1||_inf = 0.00000000000000000000, ||V_lower^k - V_lower^k-1||_inf = 0.00031069675903893333
    Local Iteration 123: ||V_upper^k - V_upper^k-1||_inf = 0.00000000000000000000, ||V_lower^k - V_lower^k-1||_inf = 0.00029826888867737645
    Local Iteration 124: ||V_upper^k - V_upper^k-1||_inf = 0.00000000000000000000, ||V_lower^k - V_lower^k-1||_inf = 0.00028633813313028080
    Local Iteration 125: ||V_upper^k - V_upper^k-1||_inf = 0.00000000000000000000, ||V_lower^k - V_lower^k-1||_inf = 0.00027488460780506971
    Local Iteration 126: ||V_upper^k - V_upper^k-1||_inf = 0.00000000000000000000, ||V_lower^k - V_lower^k-1||_inf = 0.00026388922349286723
    Local Iteration 127: ||V_upper^k - V_upper^k-1||_inf = 0.00000000000000000000, ||V_lower^k - V_lower^k-1||_inf = 0.00025333365455315268
    Local Iteration 128: ||V_upper^k - V_upper^k-1||_inf = 0.00000000000000000000, ||V_lower^k - V_lower^k-1||_inf = 0.00024320030837102647
    Local Iteration 129: ||V_upper^k - V_upper^k-1||_inf = 0.00000000000000000000, ||V_lower^k - V_lower^k-1||_inf = 0.00023347229603618534
    Local Iteration 130: ||V_upper^k - V_upper^k-1||_inf = 0.00000000000000000000, ||V_lower^k - V_lower^k-1||_inf = 0.00022413340419473807
    Local Iteration 131: ||V_upper^k - V_upper^k-1||_inf = 0.00000000000000000000, ||V_lower^k - V_lower^k-1||_inf = 0.00021516806802694861
    Local Iteration 132: ||V_upper^k - V_upper^k-1||_inf = 0.00000000000000000000, ||V_lower^k - V_lower^k-1||_inf = 0.00020656134530586991
    Local Iteration 133: ||V_upper^k - V_upper^k-1||_inf = 0.00000000000000000000, ||V_lower^k - V_lower^k-1||_inf = 0.00019829889149363539
    Local Iteration 134: ||V_upper^k - V_upper^k-1||_inf = 0.00000000000000000000, ||V_lower^k - V_lower^k-1||_inf = 0.00019036693583389039
    Local Iteration 135: ||V_upper^k - V_upper^k-1||_inf = 0.00000000000000000000, ||V_lower^k - V_lower^k-1||_inf = 0.00018275225840053404
    Local Iteration 136: ||V_upper^k - V_upper^k-1||_inf = 0.00000000000000000000, ||V_lower^k - V_lower^k-1||_inf = 0.00017544216806451331
    Local Iteration 137: ||V_upper^k - V_upper^k-1||_inf = 0.00000000000000000000, ||V_lower^k - V_lower^k-1||_inf = 0.00016842448134193281
    Local Iteration 138: ||V_upper^k - V_upper^k-1||_inf = 0.00000000000000000000, ||V_lower^k - V_lower^k-1||_inf = 0.00016168750208825529
    Local Iteration 139: ||V_upper^k - V_upper^k-1||_inf = 0.00000000000000000000, ||V_lower^k - V_lower^k-1||_inf = 0.00015522000200472513
    Local Iteration 140: ||V_upper^k - V_upper^k-1||_inf = 0.00000000000000000000, ||V_lower^k - V_lower^k-1||_inf = 0.00014901120192453579
    Local Iteration 141: ||V_upper^k - V_upper^k-1||_inf = 0.00000000000000000000, ||V_lower^k - V_lower^k-1||_inf = 0.00014305075384755473
    Local Iteration 142: ||V_upper^k - V_upper^k-1||_inf = 0.00000000000000000000, ||V_lower^k - V_lower^k-1||_inf = 0.00013732872369365224
    Local Iteration 143: ||V_upper^k - V_upper^k-1||_inf = 0.00000000000000000000, ||V_lower^k - V_lower^k-1||_inf = 0.00013183557474590610
    Local Iteration 144: ||V_upper^k - V_upper^k-1||_inf = 0.00000000000000000000, ||V_lower^k - V_lower^k-1||_inf = 0.00012656215175607015
    Local Iteration 145: ||V_upper^k - V_upper^k-1||_inf = 0.00000000000000000000, ||V_lower^k - V_lower^k-1||_inf = 0.00012149966568582738
    Local Iteration 146: ||V_upper^k - V_upper^k-1||_inf = 0.00000000000000000000, ||V_lower^k - V_lower^k-1||_inf = 0.00011663967905839413
    Local Iteration 147: ||V_upper^k - V_upper^k-1||_inf = 0.00000000000000000000, ||V_lower^k - V_lower^k-1||_inf = 0.00011197409189605840
    Local Iteration 148: ||V_upper^k - V_upper^k-1||_inf = 0.00000000000000000000, ||V_lower^k - V_lower^k-1||_inf = 0.00010749512822021611
    Local Iteration 149: ||V_upper^k - V_upper^k-1||_inf = 0.00000000000000000000, ||V_lower^k - V_lower^k-1||_inf = 0.00010319532309140730
    Local Iteration 150: ||V_upper^k - V_upper^k-1||_inf = 0.00000000000000000000, ||V_lower^k - V_lower^k-1||_inf = 0.00009906751016775092
    Local Iteration 151: ||V_upper^k - V_upper^k-1||_inf = 0.00000000000000000000, ||V_lower^k - V_lower^k-1||_inf = 0.00009510480976104114
    Local Iteration 152: ||V_upper^k - V_upper^k-1||_inf = 0.00000000000000000000, ||V_lower^k - V_lower^k-1||_inf = 0.00009130061737059941
    Local Iteration 153: ||V_upper^k - V_upper^k-1||_inf = 0.00000000000000000000, ||V_lower^k - V_lower^k-1||_inf = 0.00008764859267577528
    Local Iteration 154: ||V_upper^k - V_upper^k-1||_inf = 0.00000000000000000000, ||V_lower^k - V_lower^k-1||_inf = 0.00008414264896874435
    Local Iteration 155: ||V_upper^k - V_upper^k-1||_inf = 0.00000000000000000000, ||V_lower^k - V_lower^k-1||_inf = 0.00008077694300999460
    Local Iteration 156: ||V_upper^k - V_upper^k-1||_inf = 0.00000000000000000000, ||V_lower^k - V_lower^k-1||_inf = 0.00007754586528959479
    Local Iteration 157: ||V_upper^k - V_upper^k-1||_inf = 0.00000000000000000000, ||V_lower^k - V_lower^k-1||_inf = 0.00007444403067801103
    Local Iteration 158: ||V_upper^k - V_upper^k-1||_inf = 0.00000000000000000000, ||V_lower^k - V_lower^k-1||_inf = 0.00007146626945089048
    Local Iteration 159: ||V_upper^k - V_upper^k-1||_inf = 0.00000000000000000000, ||V_lower^k - V_lower^k-1||_inf = 0.00006860761867285496
    Local Iteration 160: ||V_upper^k - V_upper^k-1||_inf = 0.00000000000000000000, ||V_lower^k - V_lower^k-1||_inf = 0.00006586331392594079
    Local Iteration 161: ||V_upper^k - V_upper^k-1||_inf = 0.00000000000000000000, ||V_lower^k - V_lower^k-1||_inf = 0.00006322878136890298
    Local Iteration 162: ||V_upper^k - V_upper^k-1||_inf = 0.00000000000000000000, ||V_lower^k - V_lower^k-1||_inf = 0.00006069963011414705
    Local Iteration 163: ||V_upper^k - V_upper^k-1||_inf = 0.00000000000000000000, ||V_lower^k - V_lower^k-1||_inf = 0.00005827164490958118
    Local Iteration 164: ||V_upper^k - V_upper^k-1||_inf = 0.00000000000000000000, ||V_lower^k - V_lower^k-1||_inf = 0.00005594077911319777
    Local Iteration 165: ||V_upper^k - V_upper^k-1||_inf = 0.00000000000000000000, ||V_lower^k - V_lower^k-1||_inf = 0.00005370314794866981
    Local Iteration 166: ||V_upper^k - V_upper^k-1||_inf = 0.00000000000000000000, ||V_lower^k - V_lower^k-1||_inf = 0.00005155502203072317
    Local Iteration 167: ||V_upper^k - V_upper^k-1||_inf = 0.00000000000000000000, ||V_lower^k - V_lower^k-1||_inf = 0.00004949282114949426
    Local Iteration 168: ||V_upper^k - V_upper^k-1||_inf = 0.00000000000000000000, ||V_lower^k - V_lower^k-1||_inf = 0.00004751310830351449
    Local Iteration 169: ||V_upper^k - V_upper^k-1||_inf = 0.00000000000000000000, ||V_lower^k - V_lower^k-1||_inf = 0.00004561258397137386
    Local Iteration 170: ||V_upper^k - V_upper^k-1||_inf = 0.00000000000000000000, ||V_lower^k - V_lower^k-1||_inf = 0.00004378808061251895
    Local Iteration 171: ||V_upper^k - V_upper^k-1||_inf = 0.00000000000000000000, ||V_lower^k - V_lower^k-1||_inf = 0.00004203655738801819
    Local Iteration 172: ||V_upper^k - V_upper^k-1||_inf = 0.00000000000000000000, ||V_lower^k - V_lower^k-1||_inf = 0.00004035509509249741
    Local Iteration 173: ||V_upper^k - V_upper^k-1||_inf = 0.00000000000000000000, ||V_lower^k - V_lower^k-1||_inf = 0.00003874089128879754
    Local Iteration 174: ||V_upper^k - V_upper^k-1||_inf = 0.00000000000000000000, ||V_lower^k - V_lower^k-1||_inf = 0.00003719125563724564
    Local Iteration 175: ||V_upper^k - V_upper^k-1||_inf = 0.00000000000000000000, ||V_lower^k - V_lower^k-1||_inf = 0.00003570360541175577
    Local Iteration 176: ||V_upper^k - V_upper^k-1||_inf = 0.00000000000000000000, ||V_lower^k - V_lower^k-1||_inf = 0.00003427546119528558
    Local Iteration 177: ||V_upper^k - V_upper^k-1||_inf = 0.00000000000000000000, ||V_lower^k - V_lower^k-1||_inf = 0.00003290444274747415
    Local Iteration 178: ||V_upper^k - V_upper^k-1||_inf = 0.00000000000000000000, ||V_lower^k - V_lower^k-1||_inf = 0.00003158826503757515
    Local Iteration 179: ||V_upper^k - V_upper^k-1||_inf = 0.00000000000000000000, ||V_lower^k - V_lower^k-1||_inf = 0.00003032473443607216
    Local Iteration 180: ||V_upper^k - V_upper^k-1||_inf = 0.00000000000000000000, ||V_lower^k - V_lower^k-1||_inf = 0.00002911174505862923
    Local Iteration 181: ||V_upper^k - V_upper^k-1||_inf = 0.00000000000000000000, ||V_lower^k - V_lower^k-1||_inf = 0.00002794727525628408
    Local Iteration 182: ||V_upper^k - V_upper^k-1||_inf = 0.00000000000000000000, ||V_lower^k - V_lower^k-1||_inf = 0.00002682938424603269
    Local Iteration 183: ||V_upper^k - V_upper^k-1||_inf = 0.00000000000000000000, ||V_lower^k - V_lower^k-1||_inf = 0.00002575620887619145
    Local Iteration 184: ||V_upper^k - V_upper^k-1||_inf = 0.00000000000000000000, ||V_lower^k - V_lower^k-1||_inf = 0.00002472596052114371
    Local Iteration 185: ||V_upper^k - V_upper^k-1||_inf = 0.00000000000000000000, ||V_lower^k - V_lower^k-1||_inf = 0.00002373692210029803
    Local Iteration 186: ||V_upper^k - V_upper^k-1||_inf = 0.00000000000000000000, ||V_lower^k - V_lower^k-1||_inf = 0.00002278744521628606
    Local Iteration 187: ||V_upper^k - V_upper^k-1||_inf = 0.00000000000000000000, ||V_lower^k - V_lower^k-1||_inf = 0.00002187594740763463
    Local Iteration 188: ||V_upper^k - V_upper^k-1||_inf = 0.00000000000000000000, ||V_lower^k - V_lower^k-1||_inf = 0.00002100090951132928
    Local Iteration 189: ||V_upper^k - V_upper^k-1||_inf = 0.00000000000000000000, ||V_lower^k - V_lower^k-1||_inf = 0.00002016087313087605
    Local Iteration 190: ||V_upper^k - V_upper^k-1||_inf = 0.00000000000000000000, ||V_lower^k - V_lower^k-1||_inf = 0.00001935443820564101
    Local Iteration 191: ||V_upper^k - V_upper^k-1||_inf = 0.00000000000000000000, ||V_lower^k - V_lower^k-1||_inf = 0.00001858026067741539
    Local Iteration 192: ||V_upper^k - V_upper^k-1||_inf = 0.00000000000000000000, ||V_lower^k - V_lower^k-1||_inf = 0.00001783705025031876
    Local Iteration 193: ||V_upper^k - V_upper^k-1||_inf = 0.00000000000000000000, ||V_lower^k - V_lower^k-1||_inf = 0.00001712356824030601
    Local Iteration 194: ||V_upper^k - V_upper^k-1||_inf = 0.00000000000000000000, ||V_lower^k - V_lower^k-1||_inf = 0.00001643862551069377
    Local Iteration 195: ||V_upper^k - V_upper^k-1||_inf = 0.00000000000000000000, ||V_lower^k - V_lower^k-1||_inf = 0.00001578108049026601
    Local Iteration 196: ||V_upper^k - V_upper^k-1||_inf = 0.00000000000000000000, ||V_lower^k - V_lower^k-1||_inf = 0.00001514983727065537
    Local Iteration 197: ||V_upper^k - V_upper^k-1||_inf = 0.00000000000000000000, ||V_lower^k - V_lower^k-1||_inf = 0.00001454384377982916
    Local Iteration 198: ||V_upper^k - V_upper^k-1||_inf = 0.00000000000000000000, ||V_lower^k - V_lower^k-1||_inf = 0.00001396209002863598
    Local Iteration 199: ||V_upper^k - V_upper^k-1||_inf = 0.00000000000000000000, ||V_lower^k - V_lower^k-1||_inf = 0.00001340360642749057
    Local Iteration 200: ||V_upper^k - V_upper^k-1||_inf = 0.00000000000000000000, ||V_lower^k - V_lower^k-1||_inf = 0.00001286746217039094
    Local Iteration 201: ||V_upper^k - V_upper^k-1||_inf = 0.00000000000000000000, ||V_lower^k - V_lower^k-1||_inf = 0.00001235276368357529
    Local Iteration 202: ||V_upper^k - V_upper^k-1||_inf = 0.00000000000000000000, ||V_lower^k - V_lower^k-1||_inf = 0.00001185865313623228
    Local Iteration 203: ||V_upper^k - V_upper^k-1||_inf = 0.00000000000000000000, ||V_lower^k - V_lower^k-1||_inf = 0.00001138430701078298
    Local Iteration 204: ||V_upper^k - V_upper^k-1||_inf = 0.00000000000000000000, ||V_lower^k - V_lower^k-1||_inf = 0.00001092893473035166
    Local Iteration 205: ||V_upper^k - V_upper^k-1||_inf = 0.00000000000000000000, ||V_lower^k - V_lower^k-1||_inf = 0.00001049177734113759
    Local Iteration 206: ||V_upper^k - V_upper^k-1||_inf = 0.00000000000000000000, ||V_lower^k - V_lower^k-1||_inf = 0.00001007210624749211
    Local Iteration 207: ||V_upper^k - V_upper^k-1||_inf = 0.00000000000000000000, ||V_lower^k - V_lower^k-1||_inf = 0.00000966922199759242
    Local Iteration 208: ||V_upper^k - V_upper^k-1||_inf = 0.00000000000000000000, ||V_lower^k - V_lower^k-1||_inf = 0.00000928245311768874
    Local Iteration 209: ||V_upper^k - V_upper^k-1||_inf = 0.00000000000000000000, ||V_lower^k - V_lower^k-1||_inf = 0.00000891115499298119
    Local Iteration 210: ||V_upper^k - V_upper^k-1||_inf = 0.00000000000000000000, ||V_lower^k - V_lower^k-1||_inf = 0.00000855470879326193
    Local Iteration 211: ||V_upper^k - V_upper^k-1||_inf = 0.00000000000000000000, ||V_lower^k - V_lower^k-1||_inf = 0.00000821252044153146
    Local Iteration 212: ||V_upper^k - V_upper^k-1||_inf = 0.00000000000000000000, ||V_lower^k - V_lower^k-1||_inf = 0.00000788401962387020
    Local Iteration 213: ||V_upper^k - V_upper^k-1||_inf = 0.00000000000000000000, ||V_lower^k - V_lower^k-1||_inf = 0.00000756865883891540
    Local Iteration 214: ||V_upper^k - V_upper^k-1||_inf = 0.00000000000000000000, ||V_lower^k - V_lower^k-1||_inf = 0.00000726591248535876
    Local Iteration 215: ||V_upper^k - V_upper^k-1||_inf = 0.00000000000000000000, ||V_lower^k - V_lower^k-1||_inf = 0.00000697527598594443
    Local Iteration 216: ||V_upper^k - V_upper^k-1||_inf = 0.00000000000000000000, ||V_lower^k - V_lower^k-1||_inf = 0.00000669626494650665
    Local Iteration 217: ||V_upper^k - V_upper^k-1||_inf = 0.00000000000000000000, ||V_lower^k - V_lower^k-1||_inf = 0.00000642841434864638
    Local Iteration 218: ||V_upper^k - V_upper^k-1||_inf = 0.00000000000000000000, ||V_lower^k - V_lower^k-1||_inf = 0.00000617127777470053
    Local Iteration 219: ||V_upper^k - V_upper^k-1||_inf = 0.00000000000000000000, ||V_lower^k - V_lower^k-1||_inf = 0.00000592442666371250
    Local Iteration 220: ||V_upper^k - V_upper^k-1||_inf = 0.00000000000000000000, ||V_lower^k - V_lower^k-1||_inf = 0.00000568744959716401
    Local Iteration 221: ||V_upper^k - V_upper^k-1||_inf = 0.00000000000000000000, ||V_lower^k - V_lower^k-1||_inf = 0.00000545995161327744
    Local Iteration 222: ||V_upper^k - V_upper^k-1||_inf = 0.00000000000000000000, ||V_lower^k - V_lower^k-1||_inf = 0.00000524155354874635
    Local Iteration 223: ||V_upper^k - V_upper^k-1||_inf = 0.00000000000000000000, ||V_lower^k - V_lower^k-1||_inf = 0.00000503189140679648
    Local Iteration 224: ||V_upper^k - V_upper^k-1||_inf = 0.00000000000000000000, ||V_lower^k - V_lower^k-1||_inf = 0.00000483061575052463
    Local Iteration 225: ||V_upper^k - V_upper^k-1||_inf = 0.00000000000000000000, ||V_lower^k - V_lower^k-1||_inf = 0.00000463739112050364
    Local Iteration 226: ||V_upper^k - V_upper^k-1||_inf = 0.00000000000000000000, ||V_lower^k - V_lower^k-1||_inf = 0.00000445189547568350
    Local Iteration 227: ||V_upper^k - V_upper^k-1||_inf = 0.00000000000000000000, ||V_lower^k - V_lower^k-1||_inf = 0.00000427381965665615
    Local Iteration 228: ||V_upper^k - V_upper^k-1||_inf = 0.00000000000000000000, ||V_lower^k - V_lower^k-1||_inf = 0.00000410286687038991
    Local Iteration 229: ||V_upper^k - V_upper^k-1||_inf = 0.00000000000000000000, ||V_lower^k - V_lower^k-1||_inf = 0.00000393875219557432
    Local Iteration 230: ||V_upper^k - V_upper^k-1||_inf = 0.00000000000000000000, ||V_lower^k - V_lower^k-1||_inf = 0.00000378120210775133
    Local Iteration 231: ||V_upper^k - V_upper^k-1||_inf = 0.00000000000000000000, ||V_lower^k - V_lower^k-1||_inf = 0.00000362995402344129
    Local Iteration 232: ||V_upper^k - V_upper^k-1||_inf = 0.00000000000000000000, ||V_lower^k - V_lower^k-1||_inf = 0.00000348475586250363
    Local Iteration 233: ||V_upper^k - V_upper^k-1||_inf = 0.00000000000000000000, ||V_lower^k - V_lower^k-1||_inf = 0.00000334536562800349
    Local Iteration 234: ||V_upper^k - V_upper^k-1||_inf = 0.00000000000000000000, ||V_lower^k - V_lower^k-1||_inf = 0.00000321155100288336
    Local Iteration 235: ||V_upper^k - V_upper^k-1||_inf = 0.00000000000000000000, ||V_lower^k - V_lower^k-1||_inf = 0.00000308308896276802
    Local Iteration 236: ||V_upper^k - V_upper^k-1||_inf = 0.00000000000000000000, ||V_lower^k - V_lower^k-1||_inf = 0.00000295976540425729
    Local Iteration 237: ||V_upper^k - V_upper^k-1||_inf = 0.00000000000000000000, ||V_lower^k - V_lower^k-1||_inf = 0.00000284137478808701
    Local Iteration 238: ||V_upper^k - V_upper^k-1||_inf = 0.00000000000000000000, ||V_lower^k - V_lower^k-1||_inf = 0.00000272771979656353
    Local Iteration 239: ||V_upper^k - V_upper^k-1||_inf = 0.00000000000000000000, ||V_lower^k - V_lower^k-1||_inf = 0.00000261861100470098
    Local Iteration 240: ||V_upper^k - V_upper^k-1||_inf = 0.00000000000000000000, ||V_lower^k - V_lower^k-1||_inf = 0.00000251386656451294
    Local Iteration 241: ||V_upper^k - V_upper^k-1||_inf = 0.00000000000000000000, ||V_lower^k - V_lower^k-1||_inf = 0.00000241331190193242
    Local Iteration 242: ||V_upper^k - V_upper^k-1||_inf = 0.00000000000000000000, ||V_lower^k - V_lower^k-1||_inf = 0.00000231677942585513
    Local Iteration 243: ||V_upper^k - V_upper^k-1||_inf = 0.00000000000000000000, ||V_lower^k - V_lower^k-1||_inf = 0.00000222410824882092
    Local Iteration 244: ||V_upper^k - V_upper^k-1||_inf = 0.00000000000000000000, ||V_lower^k - V_lower^k-1||_inf = 0.00000213514391886809
    Local Iteration 245: ||V_upper^k - V_upper^k-1||_inf = 0.00000000000000000000, ||V_lower^k - V_lower^k-1||_inf = 0.00000204973816211336
    Local Iteration 246: ||V_upper^k - V_upper^k-1||_inf = 0.00000000000000000000, ||V_lower^k - V_lower^k-1||_inf = 0.00000196774863562883
    Local Iteration 247: ||V_upper^k - V_upper^k-1||_inf = 0.00000000000000000000, ||V_lower^k - V_lower^k-1||_inf = 0.00000188903869020367
    Local Iteration 248: ||V_upper^k - V_upper^k-1||_inf = 0.00000000000000000000, ||V_lower^k - V_lower^k-1||_inf = 0.00000181347714259553
    Local Iteration 249: ||V_upper^k - V_upper^k-1||_inf = 0.00000000000000000000, ||V_lower^k - V_lower^k-1||_inf = 0.00000174093805689171
    Local Iteration 250: ||V_upper^k - V_upper^k-1||_inf = 0.00000000000000000000, ||V_lower^k - V_lower^k-1||_inf = 0.00000167130053461604
    Local Iteration 251: ||V_upper^k - V_upper^k-1||_inf = 0.00000000000000000000, ||V_lower^k - V_lower^k-1||_inf = 0.00000160444851323140
    Local Iteration 252: ||V_upper^k - V_upper^k-1||_inf = 0.00000000000000000000, ||V_lower^k - V_lower^k-1||_inf = 0.00000154027057270214
    Local Iteration 253: ||V_upper^k - V_upper^k-1||_inf = 0.00000000000000000000, ||V_lower^k - V_lower^k-1||_inf = 0.00000147865974979406
    Local Iteration 254: ||V_upper^k - V_upper^k-1||_inf = 0.00000000000000000000, ||V_lower^k - V_lower^k-1||_inf = 0.00000141951335980229
    Local Iteration 255: ||V_upper^k - V_upper^k-1||_inf = 0.00000000000000000000, ||V_lower^k - V_lower^k-1||_inf = 0.00000136273282541020
    Local Iteration 256: ||V_upper^k - V_upper^k-1||_inf = 0.00000000000000000000, ||V_lower^k - V_lower^k-1||_inf = 0.00000130822351239379
    Local Iteration 257: ||V_upper^k - V_upper^k-1||_inf = 0.00000000000000000000, ||V_lower^k - V_lower^k-1||_inf = 0.00000125589457189804
    Local Iteration 258: ||V_upper^k - V_upper^k-1||_inf = 0.00000000000000000000, ||V_lower^k - V_lower^k-1||_inf = 0.00000120565878902212
    Local Iteration 259: ||V_upper^k - V_upper^k-1||_inf = 0.00000000000000000000, ||V_lower^k - V_lower^k-1||_inf = 0.00000115743243746123
    Local Iteration 260: ||V_upper^k - V_upper^k-1||_inf = 0.00000000000000000000, ||V_lower^k - V_lower^k-1||_inf = 0.00000111113513996279
    Local Iteration 261: ||V_upper^k - V_upper^k-1||_inf = 0.00000000000000000000, ||V_lower^k - V_lower^k-1||_inf = 0.00000106668973436427
    Local Iteration 262: ||V_upper^k - V_upper^k-1||_inf = 0.00000000000000000000, ||V_lower^k - V_lower^k-1||_inf = 0.00000102402214498970
    Local Iteration 263: ||V_upper^k - V_upper^k-1||_inf = 0.00000000000000000000, ||V_lower^k - V_lower^k-1||_inf = 0.00000098306125919011
    Local Iteration 264: ||V_upper^k - V_upper^k-1||_inf = 0.00000000000000000000, ||V_lower^k - V_lower^k-1||_inf = 0.00000094373880882251
    Local Iteration 265: ||V_upper^k - V_upper^k-1||_inf = 0.00000000000000000000, ||V_lower^k - V_lower^k-1||_inf = 0.00000090598925646961
    Local Iteration 266: ||V_upper^k - V_upper^k-1||_inf = 0.00000000000000000000, ||V_lower^k - V_lower^k-1||_inf = 0.00000086974968621082
    Local Iteration 267: ||V_upper^k - V_upper^k-1||_inf = 0.00000000000000000000, ||V_lower^k - V_lower^k-1||_inf = 0.00000083495969876239
    Local Iteration 268: ||V_upper^k - V_upper^k-1||_inf = 0.00000000000000000000, ||V_lower^k - V_lower^k-1||_inf = 0.00000080156131081190
    Local Iteration 269: ||V_upper^k - V_upper^k-1||_inf = 0.00000000000000000000, ||V_lower^k - V_lower^k-1||_inf = 0.00000076949885837942
    Local Iteration 270: ||V_upper^k - V_upper^k-1||_inf = 0.00000000000000000000, ||V_lower^k - V_lower^k-1||_inf = 0.00000073871890404424
    Local Iteration 271: ||V_upper^k - V_upper^k-1||_inf = 0.00000000000000000000, ||V_lower^k - V_lower^k-1||_inf = 0.00000070917014788247
    Local Iteration 272: ||V_upper^k - V_upper^k-1||_inf = 0.00000000000000000000, ||V_lower^k - V_lower^k-1||_inf = 0.00000068080334196717
    Local Iteration 273: ||V_upper^k - V_upper^k-1||_inf = 0.00000000000000000000, ||V_lower^k - V_lower^k-1||_inf = 0.00000065357120828849
    Local Iteration 274: ||V_upper^k - V_upper^k-1||_inf = 0.00000000000000000000, ||V_lower^k - V_lower^k-1||_inf = 0.00000062742835995695
    Local Iteration 275: ||V_upper^k - V_upper^k-1||_inf = 0.00000000000000000000, ||V_lower^k - V_lower^k-1||_inf = 0.00000060233122555867
    Local Iteration 276: ||V_upper^k - V_upper^k-1||_inf = 0.00000000000000000000, ||V_lower^k - V_lower^k-1||_inf = 0.00000057823797653632
    Local Iteration 277: ||V_upper^k - V_upper^k-1||_inf = 0.00000000000000000000, ||V_lower^k - V_lower^k-1||_inf = 0.00000055510845747487
    Local Iteration 278: ||V_upper^k - V_upper^k-1||_inf = 0.00000000000000000000, ||V_lower^k - V_lower^k-1||_inf = 0.00000053290411917588
    Local Iteration 279: ||V_upper^k - V_upper^k-1||_inf = 0.00000000000000000000, ||V_lower^k - V_lower^k-1||_inf = 0.00000051158795440884
    Local Iteration 280: ||V_upper^k - V_upper^k-1||_inf = 0.00000000000000000000, ||V_lower^k - V_lower^k-1||_inf = 0.00000049112443623249
    Local Iteration 281: ||V_upper^k - V_upper^k-1||_inf = 0.00000000000000000000, ||V_lower^k - V_lower^k-1||_inf = 0.00000047147945878319
    Local Iteration 282: ||V_upper^k - V_upper^k-1||_inf = 0.00000000000000000000, ||V_lower^k - V_lower^k-1||_inf = 0.00000045262028043186
    Local Iteration 283: ||V_upper^k - V_upper^k-1||_inf = 0.00000000000000000000, ||V_lower^k - V_lower^k-1||_inf = 0.00000043451546921459
    Local Iteration 284: ||V_upper^k - V_upper^k-1||_inf = 0.00000000000000000000, ||V_lower^k - V_lower^k-1||_inf = 0.00000041713485044600
    Local Iteration 285: ||V_upper^k - V_upper^k-1||_inf = 0.00000000000000000000, ||V_lower^k - V_lower^k-1||_inf = 0.00000040044945642816
    Local Iteration 286: ||V_upper^k - V_upper^k-1||_inf = 0.00000000000000000000, ||V_lower^k - V_lower^k-1||_inf = 0.00000038443147817103
    Local Iteration 287: ||V_upper^k - V_upper^k-1||_inf = 0.00000000000000000000, ||V_lower^k - V_lower^k-1||_inf = 0.00000036905421904419
    Local Iteration 288: ||V_upper^k - V_upper^k-1||_inf = 0.00000000000000000000, ||V_lower^k - V_lower^k-1||_inf = 0.00000035429205028243
    Local Iteration 289: ||V_upper^k - V_upper^k-1||_inf = 0.00000000000000000000, ||V_lower^k - V_lower^k-1||_inf = 0.00000034012036827113
    Local Iteration 290: ||V_upper^k - V_upper^k-1||_inf = 0.00000000000000000000, ||V_lower^k - V_lower^k-1||_inf = 0.00000032651555354028
    Local Iteration 291: ||V_upper^k - V_upper^k-1||_inf = 0.00000000000000000000, ||V_lower^k - V_lower^k-1||_inf = 0.00000031345493139867
    Local Iteration 292: ||V_upper^k - V_upper^k-1||_inf = 0.00000000000000000000, ||V_lower^k - V_lower^k-1||_inf = 0.00000030091673414273
    Local Iteration 293: ||V_upper^k - V_upper^k-1||_inf = 0.00000000000000000000, ||V_lower^k - V_lower^k-1||_inf = 0.00000028888006477702
    Local Iteration 294: ||V_upper^k - V_upper^k-1||_inf = 0.00000000000000000000, ||V_lower^k - V_lower^k-1||_inf = 0.00000027732486218594
    Local Iteration 295: ||V_upper^k - V_upper^k-1||_inf = 0.00000000000000000000, ||V_lower^k - V_lower^k-1||_inf = 0.00000026623186769850
    Local Iteration 296: ||V_upper^k - V_upper^k-1||_inf = 0.00000000000000000000, ||V_lower^k - V_lower^k-1||_inf = 0.00000025558259299056
    Local Iteration 297: ||V_upper^k - V_upper^k-1||_inf = 0.00000000000000000000, ||V_lower^k - V_lower^k-1||_inf = 0.00000024535928927094
    Local Iteration 298: ||V_upper^k - V_upper^k-1||_inf = 0.00000000000000000000, ||V_lower^k - V_lower^k-1||_inf = 0.00000023554491770010
    Local Iteration 299: ||V_upper^k - V_upper^k-1||_inf = 0.00000000000000000000, ||V_lower^k - V_lower^k-1||_inf = 0.00000022612312099209
    Local Iteration 300: ||V_upper^k - V_upper^k-1||_inf = 0.00000000000000000000, ||V_lower^k - V_lower^k-1||_inf = 0.00000021707819615241
    Local Iteration 301: ||V_upper^k - V_upper^k-1||_inf = 0.00000000000000000000, ||V_lower^k - V_lower^k-1||_inf = 0.00000020839506830631
    Local Iteration 302: ||V_upper^k - V_upper^k-1||_inf = 0.00000000000000000000, ||V_lower^k - V_lower^k-1||_inf = 0.00000020005926557406
    Local Iteration 303: ||V_upper^k - V_upper^k-1||_inf = 0.00000000000000000000, ||V_lower^k - V_lower^k-1||_inf = 0.00000019205689495110
    Local Iteration 304: ||V_upper^k - V_upper^k-1||_inf = 0.00000000000000000000, ||V_lower^k - V_lower^k-1||_inf = 0.00000018437461915306
    Local Iteration 305: ||V_upper^k - V_upper^k-1||_inf = 0.00000000000000000000, ||V_lower^k - V_lower^k-1||_inf = 0.00000017699963438693
    Local Iteration 306: ||V_upper^k - V_upper^k-1||_inf = 0.00000000000000000000, ||V_lower^k - V_lower^k-1||_inf = 0.00000016991964901146
    Local Iteration 307: ||V_upper^k - V_upper^k-1||_inf = 0.00000000000000000000, ||V_lower^k - V_lower^k-1||_inf = 0.00000016312286305100
    Local Iteration 308: ||V_upper^k - V_upper^k-1||_inf = 0.00000000000000000000, ||V_lower^k - V_lower^k-1||_inf = 0.00000015659794852896
    Local Iteration 309: ||V_upper^k - V_upper^k-1||_inf = 0.00000000000000000000, ||V_lower^k - V_lower^k-1||_inf = 0.00000015033403058780
    Local Iteration 310: ||V_upper^k - V_upper^k-1||_inf = 0.00000000000000000000, ||V_lower^k - V_lower^k-1||_inf = 0.00000014432066936429
    Local Iteration 311: ||V_upper^k - V_upper^k-1||_inf = 0.00000000000000000000, ||V_lower^k - V_lower^k-1||_inf = 0.00000013854784258972
    Local Iteration 312: ||V_upper^k - V_upper^k-1||_inf = 0.00000000000000000000, ||V_lower^k - V_lower^k-1||_inf = 0.00000013300592888613
    Local Iteration 313: ||V_upper^k - V_upper^k-1||_inf = 0.00000000000000000000, ||V_lower^k - V_lower^k-1||_inf = 0.00000012768569173068
    Local Iteration 314: ||V_upper^k - V_upper^k-1||_inf = 0.00000000000000000000, ||V_lower^k - V_lower^k-1||_inf = 0.00000012257826406146
    Local Iteration 315: ||V_upper^k - V_upper^k-1||_inf = 0.00000000000000000000, ||V_lower^k - V_lower^k-1||_inf = 0.00000011767513349900
    Local Iteration 316: ||V_upper^k - V_upper^k-1||_inf = 0.00000000000000000000, ||V_lower^k - V_lower^k-1||_inf = 0.00000011296812815904
    Local Iteration 317: ||V_upper^k - V_upper^k-1||_inf = 0.00000000000000000000, ||V_lower^k - V_lower^k-1||_inf = 0.00000010844940303268
    Local Iteration 318: ||V_upper^k - V_upper^k-1||_inf = 0.00000000000000000000, ||V_lower^k - V_lower^k-1||_inf = 0.00000010411142691137
    Local Iteration 319: ||V_upper^k - V_upper^k-1||_inf = 0.00000000000000000000, ||V_lower^k - V_lower^k-1||_inf = 0.00000009994696983491
    Local Iteration 320: ||V_upper^k - V_upper^k-1||_inf = 0.00000000000000000000, ||V_lower^k - V_lower^k-1||_inf = 0.00000009594909104152
    Local Iteration 321: ||V_upper^k - V_upper^k-1||_inf = 0.00000000000000000000, ||V_lower^k - V_lower^k-1||_inf = 0.00000009211112739986
    Local Iteration 322: ||V_upper^k - V_upper^k-1||_inf = 0.00000000000000000000, ||V_lower^k - V_lower^k-1||_inf = 0.00000008842668230386
    Local Iteration 323: ||V_upper^k - V_upper^k-1||_inf = 0.00000000000000000000, ||V_lower^k - V_lower^k-1||_inf = 0.00000008488961501171
    Local Iteration 324: ||V_upper^k - V_upper^k-1||_inf = 0.00000000000000000000, ||V_lower^k - V_lower^k-1||_inf = 0.00000008149403041124
    Local Iteration 325: ||V_upper^k - V_upper^k-1||_inf = 0.00000000000000000000, ||V_lower^k - V_lower^k-1||_inf = 0.00000007823426919479
    Local Iteration 326: ||V_upper^k - V_upper^k-1||_inf = 0.00000000000000000000, ||V_lower^k - V_lower^k-1||_inf = 0.00000007510489842700
    Local Iteration 327: ||V_upper^k - V_upper^k-1||_inf = 0.00000000000000000000, ||V_lower^k - V_lower^k-1||_inf = 0.00000007210070248992
    Local Iteration 328: ||V_upper^k - V_upper^k-1||_inf = 0.00000000000000000000, ||V_lower^k - V_lower^k-1||_inf = 0.00000006921667439032
    Local Iteration 329: ||V_upper^k - V_upper^k-1||_inf = 0.00000000000000000000, ||V_lower^k - V_lower^k-1||_inf = 0.00000006644800741471
    Local Iteration 330: ||V_upper^k - V_upper^k-1||_inf = 0.00000000000000000000, ||V_lower^k - V_lower^k-1||_inf = 0.00000006379008711812
    Local Iteration 331: ||V_upper^k - V_upper^k-1||_inf = 0.00000000000000000000, ||V_lower^k - V_lower^k-1||_inf = 0.00000006123848363340
    Local Iteration 332: ||V_upper^k - V_upper^k-1||_inf = 0.00000000000000000000, ||V_lower^k - V_lower^k-1||_inf = 0.00000005878894428806
    Local Iteration 333: ||V_upper^k - V_upper^k-1||_inf = 0.00000000000000000000, ||V_lower^k - V_lower^k-1||_inf = 0.00000005643738651654
    Local Iteration 334: ||V_upper^k - V_upper^k-1||_inf = 0.00000000000000000000, ||V_lower^k - V_lower^k-1||_inf = 0.00000005417989105588
    Local Iteration 335: ||V_upper^k - V_upper^k-1||_inf = 0.00000000000000000000, ||V_lower^k - V_lower^k-1||_inf = 0.00000005201269541364
    Local Iteration 336: ||V_upper^k - V_upper^k-1||_inf = 0.00000000000000000000, ||V_lower^k - V_lower^k-1||_inf = 0.00000004993218759710
    Local Iteration 337: ||V_upper^k - V_upper^k-1||_inf = 0.00000000000000000000, ||V_lower^k - V_lower^k-1||_inf = 0.00000004793490009321
    Local Iteration 338: ||V_upper^k - V_upper^k-1||_inf = 0.00000000000000000000, ||V_lower^k - V_lower^k-1||_inf = 0.00000004601750408948
    Local Iteration 339: ||V_upper^k - V_upper^k-1||_inf = 0.00000000000000000000, ||V_lower^k - V_lower^k-1||_inf = 0.00000004417680392590
    Local Iteration 340: ||V_upper^k - V_upper^k-1||_inf = 0.00000000000000000000, ||V_lower^k - V_lower^k-1||_inf = 0.00000004240973176887
    Local Iteration 341: ||V_upper^k - V_upper^k-1||_inf = 0.00000000000000000000, ||V_lower^k - V_lower^k-1||_inf = 0.00000004071334249811
    Local Iteration 342: ||V_upper^k - V_upper^k-1||_inf = 0.00000000000000000000, ||V_lower^k - V_lower^k-1||_inf = 0.00000003908480879819
    Local Iteration 343: ||V_upper^k - V_upper^k-1||_inf = 0.00000000000000000000, ||V_lower^k - V_lower^k-1||_inf = 0.00000003752141644626
    Local Iteration 344: ||V_upper^k - V_upper^k-1||_inf = 0.00000000000000000000, ||V_lower^k - V_lower^k-1||_inf = 0.00000003602055978841
    Local Iteration 345: ||V_upper^k - V_upper^k-1||_inf = 0.00000000000000000000, ||V_lower^k - V_lower^k-1||_inf = 0.00000003457973739687
    Local Iteration 346: ||V_upper^k - V_upper^k-1||_inf = 0.00000000000000000000, ||V_lower^k - V_lower^k-1||_inf = 0.00000003319654790100
    Local Iteration 347: ||V_upper^k - V_upper^k-1||_inf = 0.00000000000000000000, ||V_lower^k - V_lower^k-1||_inf = 0.00000003186868598496
    Local Iteration 348: ||V_upper^k - V_upper^k-1||_inf = 0.00000000000000000000, ||V_lower^k - V_lower^k-1||_inf = 0.00000003059393854556
    Local Iteration 349: ||V_upper^k - V_upper^k-1||_inf = 0.00000000000000000000, ||V_lower^k - V_lower^k-1||_inf = 0.00000002937018100374
    Local Iteration 350: ||V_upper^k - V_upper^k-1||_inf = 0.00000000000000000000, ||V_lower^k - V_lower^k-1||_inf = 0.00000002819537376359
    Local Iteration 351: ||V_upper^k - V_upper^k-1||_inf = 0.00000000000000000000, ||V_lower^k - V_lower^k-1||_inf = 0.00000002706755881305
    Local Iteration 352: ||V_upper^k - V_upper^k-1||_inf = 0.00000000000000000000, ||V_lower^k - V_lower^k-1||_inf = 0.00000002598485646052
    Local Iteration 353: ||V_upper^k - V_upper^k-1||_inf = 0.00000000000000000000, ||V_lower^k - V_lower^k-1||_inf = 0.00000002494546220210
    Local Iteration 354: ||V_upper^k - V_upper^k-1||_inf = 0.00000000000000000000, ||V_lower^k - V_lower^k-1||_inf = 0.00000002394764371402
    Local Iteration 355: ||V_upper^k - V_upper^k-1||_inf = 0.00000000000000000000, ||V_lower^k - V_lower^k-1||_inf = 0.00000002298973796546
    Local Iteration 356: ||V_upper^k - V_upper^k-1||_inf = 0.00000000000000000000, ||V_lower^k - V_lower^k-1||_inf = 0.00000002207014844684
    Local Iteration 357: ||V_upper^k - V_upper^k-1||_inf = 0.00000000000000000000, ||V_lower^k - V_lower^k-1||_inf = 0.00000002118734250897
    Local Iteration 358: ||V_upper^k - V_upper^k-1||_inf = 0.00000000000000000000, ||V_lower^k - V_lower^k-1||_inf = 0.00000002033984880861
    Local Iteration 359: ||V_upper^k - V_upper^k-1||_inf = 0.00000000000000000000, ||V_lower^k - V_lower^k-1||_inf = 0.00000001952625485626
    Local Iteration 360: ||V_upper^k - V_upper^k-1||_inf = 0.00000000000000000000, ||V_lower^k - V_lower^k-1||_inf = 0.00000001874520466201
    Local Iteration 361: ||V_upper^k - V_upper^k-1||_inf = 0.00000000000000000000, ||V_lower^k - V_lower^k-1||_inf = 0.00000001799539647553
    Local Iteration 362: ||V_upper^k - V_upper^k-1||_inf = 0.00000000000000000000, ||V_lower^k - V_lower^k-1||_inf = 0.00000001727558061651
    Local Iteration 363: ||V_upper^k - V_upper^k-1||_inf = 0.00000000000000000000, ||V_lower^k - V_lower^k-1||_inf = 0.00000001658455739185
    Local Iteration 364: ||V_upper^k - V_upper^k-1||_inf = 0.00000000000000000000, ||V_lower^k - V_lower^k-1||_inf = 0.00000001592117509618
    Local Iteration 365: ||V_upper^k - V_upper^k-1||_inf = 0.00000000000000000000, ||V_lower^k - V_lower^k-1||_inf = 0.00000001528432809233
    Local Iteration 366: ||V_upper^k - V_upper^k-1||_inf = 0.00000000000000000000, ||V_lower^k - V_lower^k-1||_inf = 0.00000001467295496864
    Local Iteration 367: ||V_upper^k - V_upper^k-1||_inf = 0.00000000000000000000, ||V_lower^k - V_lower^k-1||_inf = 0.00000001408603676989
    Local Iteration 368: ||V_upper^k - V_upper^k-1||_inf = 0.00000000000000000000, ||V_lower^k - V_lower^k-1||_inf = 0.00000001352259529909
    Local Iteration 369: ||V_upper^k - V_upper^k-1||_inf = 0.00000000000000000000, ||V_lower^k - V_lower^k-1||_inf = 0.00000001298169148713
    Local Iteration 370: ||V_upper^k - V_upper^k-1||_inf = 0.00000000000000000000, ||V_lower^k - V_lower^k-1||_inf = 0.00000001246242382765
    Local Iteration 371: ||V_upper^k - V_upper^k-1||_inf = 0.00000000000000000000, ||V_lower^k - V_lower^k-1||_inf = 0.00000001196392687454
    Local Iteration 372: ||V_upper^k - V_upper^k-1||_inf = 0.00000000000000000000, ||V_lower^k - V_lower^k-1||_inf = 0.00000001148536979956
    Local Iteration 373: ||V_upper^k - V_upper^k-1||_inf = 0.00000000000000000000, ||V_lower^k - V_lower^k-1||_inf = 0.00000001102595500758
    Local Iteration 374: ||V_upper^k - V_upper^k-1||_inf = 0.00000000000000000000, ||V_lower^k - V_lower^k-1||_inf = 0.00000001058491680727
    Local Iteration 375: ||V_upper^k - V_upper^k-1||_inf = 0.00000000000000000000, ||V_lower^k - V_lower^k-1||_inf = 0.00000001016152013498
    Local Iteration 376: ||V_upper^k - V_upper^k-1||_inf = 0.00000000000000000000, ||V_lower^k - V_lower^k-1||_inf = 0.00000000975505932958

==================================================
 LOCAL CONVERGENCE ACHIEVED
==================================================
  ||V_upper^k - V_upper^k-1||_inf = 0.00000000000000000000e+00 < tolerance = 1e-08
  ||V_lower^k - V_lower^k-1||_inf = 9.75505932958274252479e-09 < tolerance = 1e-08
  Converged in 376 iterations
  V_lower increased from min(l_lower, r_lower); smallest step 0.000e+00
    Local VI completed in 376 iterations
    Final convergence values:
      ||V_upper^final - V_upper^prev||_inf = 0.00000000e+00
      ||V_lower^final - V_lower^prev||_inf = 9.75505933e-09
  Local VI completed in 376 iterations, time: 4.203s
    Final ||V_upper^k - V_upper^k-1||_inf = 0.00000000000000000000e+00
    Final ||V_lower^k - V_lower^k-1||_inf = 9.75505932958274252479e-09
  Saved visualization: /Users/i.k.tabbara/Documents/python directory/HSCC_2027/refactored_Implementations/results_hscc_2027_modified_init/ra_discount/double_integrator_res10_eps0.05_dmin1e-08_dmax1e-08_gamma0.96_dt0.3_tau0.3_std/value_function_phase_5_complete.png
  Phase 5 completed in 4.97s with 280866 leaf cells

Classification after phase 5:
  Safe:             1584 cells (  0.6%),    1.4% of state space
  Unsafe:           5812 cells (  2.1%),   13.1% of state space
  Unclassified:   273470 cells ( 97.4%),   85.5% of state space

======================================================================
REFINEMENT PHASE 6
======================================================================
Boundary cells: 273470
  Refinable (>eta_min=0.017678): 273470
  Below threshold: 0
  Cumulative refined: 270866
  Refinable cell size statistics:
    Max:    0.200000
    Mean:   0.200000
    Min:    0.200000
    Median: 0.200000
  Refining 273470 cells...
    Refined: 273470 parent cells
    Created: 546940 child cells
    Total cells: 554336
    Refinement time: 0.023s
    Cumulative refined: 544336
  Rebuilding spatial index...
  Building spatial index for 554336 cells...
   Spatial index built in 0.14s
    Spatial index rebuilt in 0.142s
  Initializing 546940 new cells...
  Initializing 546940 new cells in parallel...
   Initialized in 0.00s (386120720.1 cells/s)
    Initialization completed in 0.001s
  Starting local value iteration...
  Reinitializing ALL 554336 cells (V_lower = min(l, r), V_upper = l)
   Reinitialized 554336 cells in 0.00s (393238970.6 cells/s)
  Local VI: updating all 554336 cells
    Conservative mode: False
    Convergence tolerance: 1e-08
    Max iterations: 20000
    Updating successor cache for 546940 updated cells...
    Updating successor cache for 546940 new cells (HYBRID)...
      Affected cells: 551410
   Trajectories + spatial queries computed in 1.35s (3676458.3 tasks/s)
    Breakdown: 10.7% ODE, 89.3% queries
     Cache updated in 1.52s (3264399.3 tasks/s)
    Local Iteration   1: ||V_upper^k - V_upper^k-1||_inf = 3.93799602617861266296, ||V_lower^k - V_lower^k-1||_inf = 4.84471998602963793701
    Local Iteration   2: ||V_upper^k - V_upper^k-1||_inf = 0.14291917479843307959, ||V_lower^k - V_lower^k-1||_inf = 4.57859006109149824226
    Local Iteration   3: ||V_upper^k - V_upper^k-1||_inf = 0.10897804930147847458, ||V_lower^k - V_lower^k-1||_inf = 4.39544645864783856126
    Local Iteration   4: ||V_upper^k - V_upper^k-1||_inf = 0.10461892732941935336, ||V_lower^k - V_lower^k-1||_inf = 4.18276460030192520634
    Local Iteration   5: ||V_upper^k - V_upper^k-1||_inf = 0.10043417023624234830, ||V_lower^k - V_lower^k-1||_inf = 3.67133936630678459068
    Local Iteration   6: ||V_upper^k - V_upper^k-1||_inf = 0.09641680342679270765, ||V_lower^k - V_lower^k-1||_inf = 1.92424365991818424604
    Local Iteration   7: ||V_upper^k - V_upper^k-1||_inf = 0.09256013128972107040, ||V_lower^k - V_lower^k-1||_inf = 1.78632648613756561673
    Local Iteration   8: ||V_upper^k - V_upper^k-1||_inf = 0.08885772603813224535, ||V_lower^k - V_lower^k-1||_inf = 1.71487342669206288548
    Local Iteration   9: ||V_upper^k - V_upper^k-1||_inf = 0.08530341699660715094, ||V_lower^k - V_lower^k-1||_inf = 0.20855252189184003697
    Local Iteration  10: ||V_upper^k - V_upper^k-1||_inf = 0.08189128031674264285, ||V_lower^k - V_lower^k-1||_inf = 0.20021042101616648434
    Local Iteration  11: ||V_upper^k - V_upper^k-1||_inf = 0.07861562910407293714, ||V_lower^k - V_lower^k-1||_inf = 0.16332136491484028351
    Local Iteration  12: ||V_upper^k - V_upper^k-1||_inf = 0.07547100393991001965, ||V_lower^k - V_lower^k-1||_inf = 0.15678851031824669882
    Local Iteration  13: ||V_upper^k - V_upper^k-1||_inf = 0.07245216378231367216, ||V_lower^k - V_lower^k-1||_inf = 0.15051696990551682864
    Local Iteration  14: ||V_upper^k - V_upper^k-1||_inf = 0.06955407723102102757, ||V_lower^k - V_lower^k-1||_inf = 0.14449629110929618214
    Local Iteration  15: ||V_upper^k - V_upper^k-1||_inf = 0.06677191414178018647, ||V_lower^k - V_lower^k-1||_inf = 0.13871643946492434596
    Local Iteration  16: ||V_upper^k - V_upper^k-1||_inf = 0.06410103757610907671, ||V_lower^k - V_lower^k-1||_inf = 0.13316778188632732993
    Local Iteration  17: ||V_upper^k - V_upper^k-1||_inf = 0.06153699607306473141, ||V_lower^k - V_lower^k-1||_inf = 0.12784107061087424118
    Local Iteration  18: ||V_upper^k - V_upper^k-1||_inf = 0.05907551623014217768, ||V_lower^k - V_lower^k-1||_inf = 0.12272742778643930261
    Local Iteration  19: ||V_upper^k - V_upper^k-1||_inf = 0.05671249558093638399, ||V_lower^k - V_lower^k-1||_inf = 0.11441019434375337971
    Local Iteration  20: ||V_upper^k - V_upper^k-1||_inf = 0.05444399575769898192, ||V_lower^k - V_lower^k-1||_inf = 0.10675696184948951784
    Local Iteration  21: ||V_upper^k - V_upper^k-1||_inf = 0.05226623592739110258, ||V_lower^k - V_lower^k-1||_inf = 0.10167286251597346114
    Local Iteration  22: ||V_upper^k - V_upper^k-1||_inf = 0.05017558649029529860, ||V_lower^k - V_lower^k-1||_inf = 0.09760594801533450937
    Local Iteration  23: ||V_upper^k - V_upper^k-1||_inf = 0.04816856303068361989, ||V_lower^k - V_lower^k-1||_inf = 0.09370171009472111345
    Local Iteration  24: ||V_upper^k - V_upper^k-1||_inf = 0.04624182050945613298, ||V_lower^k - V_lower^k-1||_inf = 0.08995364169093222895
    Local Iteration  25: ||V_upper^k - V_upper^k-1||_inf = 0.04439214768907784325, ||V_lower^k - V_lower^k-1||_inf = 0.08635549602329495311
    Local Iteration  26: ||V_upper^k - V_upper^k-1||_inf = 0.04261646178151479170, ||V_lower^k - V_lower^k-1||_inf = 0.08290127618236314833
    Local Iteration  27: ||V_upper^k - V_upper^k-1||_inf = 0.04091180331025423556, ||V_lower^k - V_lower^k-1||_inf = 0.07958522513506860463
    Local Iteration  28: ||V_upper^k - V_upper^k-1||_inf = 0.03927533117784409722, ||V_lower^k - V_lower^k-1||_inf = 0.07640181612966587266
    Local Iteration  29: ||V_upper^k - V_upper^k-1||_inf = 0.03770431793073025784, ||V_lower^k - V_lower^k-1||_inf = 0.07334574348447922554
    Local Iteration  30: ||V_upper^k - V_upper^k-1||_inf = 0.03619614521350111858, ||V_lower^k - V_lower^k-1||_inf = 0.07041191374510008538
    Local Iteration  31: ||V_upper^k - V_upper^k-1||_inf = 0.03474829940496104719, ||V_lower^k - V_lower^k-1||_inf = 0.06759543719529609307
    Local Iteration  32: ||V_upper^k - V_upper^k-1||_inf = 0.03335836742876263639, ||V_lower^k - V_lower^k-1||_inf = 0.06489161970748427710
    Local Iteration  33: ||V_upper^k - V_upper^k-1||_inf = 0.03202403273161213981, ||V_lower^k - V_lower^k-1||_inf = 0.06229595491918490935
    Local Iteration  34: ||V_upper^k - V_upper^k-1||_inf = 0.03074307142234766754, ||V_lower^k - V_lower^k-1||_inf = 0.05980411672241750520
    Local Iteration  35: ||V_upper^k - V_upper^k-1||_inf = 0.02951334856545373420, ||V_lower^k - V_lower^k-1||_inf = 0.05741195205352081499
    Local Iteration  36: ||V_upper^k - V_upper^k-1||_inf = 0.02833281462283554486, ||V_lower^k - V_lower^k-1||_inf = 0.05511547397137997462
    Local Iteration  37: ||V_upper^k - V_upper^k-1||_inf = 0.02719950203792209642, ||V_lower^k - V_lower^k-1||_inf = 0.05291085501252476564
    Local Iteration  38: ||V_upper^k - V_upper^k-1||_inf = 0.02611152195640520368, ||V_lower^k - V_lower^k-1||_inf = 0.05079442081202378834
    Local Iteration  39: ||V_upper^k - V_upper^k-1||_inf = 0.02506706107814904438, ||V_lower^k - V_lower^k-1||_inf = 0.04876264397954283014
    Local Iteration  40: ||V_upper^k - V_upper^k-1||_inf = 0.02406437863502308705, ||V_lower^k - V_lower^k-1||_inf = 0.04681213822036109362
    Local Iteration  41: ||V_upper^k - V_upper^k-1||_inf = 0.02310180348962220798, ||V_lower^k - V_lower^k-1||_inf = 0.04493965269154664988
    Local Iteration  42: ||V_upper^k - V_upper^k-1||_inf = 0.02217773135003731078, ||V_lower^k - V_lower^k-1||_inf = 0.04080260686114427215
    Local Iteration  43: ||V_upper^k - V_upper^k-1||_inf = 0.02129062209603571620, ||V_lower^k - V_lower^k-1||_inf = 0.03917050258669850515
    Local Iteration  44: ||V_upper^k - V_upper^k-1||_inf = 0.02043899721219433196, ||V_lower^k - V_lower^k-1||_inf = 0.02622968583867562459
    Local Iteration  45: ||V_upper^k - V_upper^k-1||_inf = 0.01962143732370658089, ||V_lower^k - V_lower^k-1||_inf = 0.02449647449904379659
    Local Iteration  46: ||V_upper^k - V_upper^k-1||_inf = 0.01883657983075831543, ||V_lower^k - V_lower^k-1||_inf = 0.02351661551908201808
    Local Iteration  47: ||V_upper^k - V_upper^k-1||_inf = 0.01808311663752798504, ||V_lower^k - V_lower^k-1||_inf = 0.02257595089831876400
    Local Iteration  48: ||V_upper^k - V_upper^k-1||_inf = 0.01735979197202686120, ||V_lower^k - V_lower^k-1||_inf = 0.02167291286238604009
    Local Iteration  49: ||V_upper^k - V_upper^k-1||_inf = 0.01666540029314578231, ||V_lower^k - V_lower^k-1||_inf = 0.02080599634789054297
    Local Iteration  50: ||V_upper^k - V_upper^k-1||_inf = 0.01599878428141993103, ||V_lower^k - V_lower^k-1||_inf = 0.01997375649397492570
    Local Iteration  51: ||V_upper^k - V_upper^k-1||_inf = 0.01535883291016315599, ||V_lower^k - V_lower^k-1||_inf = 0.01917480623421591313
    Local Iteration  52: ||V_upper^k - V_upper^k-1||_inf = 0.01474447959375663197, ||V_lower^k - V_lower^k-1||_inf = 0.01840781398484730991
    Local Iteration  53: ||V_upper^k - V_upper^k-1||_inf = 0.01415470041000632673, ||V_lower^k - V_lower^k-1||_inf = 0.01767150142545342861
    Local Iteration  54: ||V_upper^k - V_upper^k-1||_inf = 0.01358851239360608920, ||V_lower^k - V_lower^k-1||_inf = 0.01696464136843528481
    Local Iteration  55: ||V_upper^k - V_upper^k-1||_inf = 0.01304497189786185674, ||V_lower^k - V_lower^k-1||_inf = 0.01628605571369784455
    Local Iteration  56: ||V_upper^k - V_upper^k-1||_inf = 0.01252317302194738691, ||V_lower^k - V_lower^k-1||_inf = 0.01563461348514993965
    Local Iteration  57: ||V_upper^k - V_upper^k-1||_inf = 0.01202224610106950031, ||V_lower^k - V_lower^k-1||_inf = 0.01220828678192442673
    Local Iteration  58: ||V_upper^k - V_upper^k-1||_inf = 0.00022124014609248288, ||V_lower^k - V_lower^k-1||_inf = 0.00000620872156159542
    Local Iteration  59: ||V_upper^k - V_upper^k-1||_inf = 0.00000000000000000000, ||V_lower^k - V_lower^k-1||_inf = 0.00000596037269913162
    Local Iteration  60: ||V_upper^k - V_upper^k-1||_inf = 0.00000000000000000000, ||V_lower^k - V_lower^k-1||_inf = 0.00000572195779116635
    Local Iteration  61: ||V_upper^k - V_upper^k-1||_inf = 0.00000000000000000000, ||V_lower^k - V_lower^k-1||_inf = 0.00000549307947951970
    Local Iteration  62: ||V_upper^k - V_upper^k-1||_inf = 0.00000000000000000000, ||V_lower^k - V_lower^k-1||_inf = 0.00000527335630033890
    Local Iteration  63: ||V_upper^k - V_upper^k-1||_inf = 0.00000000000000000000, ||V_lower^k - V_lower^k-1||_inf = 0.00000506242204832535
    Local Iteration  64: ||V_upper^k - V_upper^k-1||_inf = 0.00000000000000000000, ||V_lower^k - V_lower^k-1||_inf = 0.00000485992516639234
    Local Iteration  65: ||V_upper^k - V_upper^k-1||_inf = 0.00000000000000000000, ||V_lower^k - V_lower^k-1||_inf = 0.00000466552815973665
    Local Iteration  66: ||V_upper^k - V_upper^k-1||_inf = 0.00000000000000000000, ||V_lower^k - V_lower^k-1||_inf = 0.00000447890703334717
    Local Iteration  67: ||V_upper^k - V_upper^k-1||_inf = 0.00000000000000000000, ||V_lower^k - V_lower^k-1||_inf = 0.00000429975075201328
    Local Iteration  68: ||V_upper^k - V_upper^k-1||_inf = 0.00000000000000000000, ||V_lower^k - V_lower^k-1||_inf = 0.00000412776072193276
    Local Iteration  69: ||V_upper^k - V_upper^k-1||_inf = 0.00000000000000000000, ||V_lower^k - V_lower^k-1||_inf = 0.00000396265029305545
    Local Iteration  70: ||V_upper^k - V_upper^k-1||_inf = 0.00000000000000000000, ||V_lower^k - V_lower^k-1||_inf = 0.00000380414428133323
    Local Iteration  71: ||V_upper^k - V_upper^k-1||_inf = 0.00000000000000000000, ||V_lower^k - V_lower^k-1||_inf = 0.00000365197851007990
    Local Iteration  72: ||V_upper^k - V_upper^k-1||_inf = 0.00000000000000000000, ||V_lower^k - V_lower^k-1||_inf = 0.00000350589936967670
    Local Iteration  73: ||V_upper^k - V_upper^k-1||_inf = 0.00000000000000000000, ||V_lower^k - V_lower^k-1||_inf = 0.00000336566339488963
    Local Iteration  74: ||V_upper^k - V_upper^k-1||_inf = 0.00000000000000000000, ||V_lower^k - V_lower^k-1||_inf = 0.00000323103685909405
    Local Iteration  75: ||V_upper^k - V_upper^k-1||_inf = 0.00000000000000000000, ||V_lower^k - V_lower^k-1||_inf = 0.00000310179538473028
    Local Iteration  76: ||V_upper^k - V_upper^k-1||_inf = 0.00000000000000000000, ||V_lower^k - V_lower^k-1||_inf = 0.00000297772356934108
    Local Iteration  77: ||V_upper^k - V_upper^k-1||_inf = 0.00000000000000000000, ||V_lower^k - V_lower^k-1||_inf = 0.00000285861462656743
    Local Iteration  78: ||V_upper^k - V_upper^k-1||_inf = 0.00000000000000000000, ||V_lower^k - V_lower^k-1||_inf = 0.00000274427004150474
    Local Iteration  79: ||V_upper^k - V_upper^k-1||_inf = 0.00000000000000000000, ||V_lower^k - V_lower^k-1||_inf = 0.00000263449923984455
    Local Iteration  80: ||V_upper^k - V_upper^k-1||_inf = 0.00000000000000000000, ||V_lower^k - V_lower^k-1||_inf = 0.00000252911927025076
    Local Iteration  81: ||V_upper^k - V_upper^k-1||_inf = 0.00000000000000000000, ||V_lower^k - V_lower^k-1||_inf = 0.00000242795449944073
    Local Iteration  82: ||V_upper^k - V_upper^k-1||_inf = 0.00000000000000000000, ||V_lower^k - V_lower^k-1||_inf = 0.00000233083631946310
    Local Iteration  83: ||V_upper^k - V_upper^k-1||_inf = 0.00000000000000000000, ||V_lower^k - V_lower^k-1||_inf = 0.00000223760286668458
    Local Iteration  84: ||V_upper^k - V_upper^k-1||_inf = 0.00000000000000000000, ||V_lower^k - V_lower^k-1||_inf = 0.00000214809875201720
    Local Iteration  85: ||V_upper^k - V_upper^k-1||_inf = 0.00000000000000000000, ||V_lower^k - V_lower^k-1||_inf = 0.00000206217480193651
    Local Iteration  86: ||V_upper^k - V_upper^k-1||_inf = 0.00000000000000000000, ||V_lower^k - V_lower^k-1||_inf = 0.00000197968780985904
    Local Iteration  87: ||V_upper^k - V_upper^k-1||_inf = 0.00000000000000000000, ||V_lower^k - V_lower^k-1||_inf = 0.00000190050029746468
    Local Iteration  88: ||V_upper^k - V_upper^k-1||_inf = 0.00000000000000000000, ||V_lower^k - V_lower^k-1||_inf = 0.00000182448028556610
    Local Iteration  89: ||V_upper^k - V_upper^k-1||_inf = 0.00000000000000000000, ||V_lower^k - V_lower^k-1||_inf = 0.00000175150107414345
    Local Iteration  90: ||V_upper^k - V_upper^k-1||_inf = 0.00000000000000000000, ||V_lower^k - V_lower^k-1||_inf = 0.00000168144103117772
    Local Iteration  91: ||V_upper^k - V_upper^k-1||_inf = 0.00000000000000000000, ||V_lower^k - V_lower^k-1||_inf = 0.00000161418338993061
    Local Iteration  92: ||V_upper^k - V_upper^k-1||_inf = 0.00000000000000000000, ||V_lower^k - V_lower^k-1||_inf = 0.00000154961605433338
    Local Iteration  93: ||V_upper^k - V_upper^k-1||_inf = 0.00000000000000000000, ||V_lower^k - V_lower^k-1||_inf = 0.00000148763141216005
    Local Iteration  94: ||V_upper^k - V_upper^k-1||_inf = 0.00000000000000000000, ||V_lower^k - V_lower^k-1||_inf = 0.00000142812615567364
    Local Iteration  95: ||V_upper^k - V_upper^k-1||_inf = 0.00000000000000000000, ||V_lower^k - V_lower^k-1||_inf = 0.00000137100110944670
    Local Iteration  96: ||V_upper^k - V_upper^k-1||_inf = 0.00000000000000000000, ||V_lower^k - V_lower^k-1||_inf = 0.00000131616106506883
    Local Iteration  97: ||V_upper^k - V_upper^k-1||_inf = 0.00000000000000000000, ||V_lower^k - V_lower^k-1||_inf = 0.00000126351462246608
    Local Iteration  98: ||V_upper^k - V_upper^k-1||_inf = 0.00000000000000000000, ||V_lower^k - V_lower^k-1||_inf = 0.00000121297403756743
    Local Iteration  99: ||V_upper^k - V_upper^k-1||_inf = 0.00000000000000000000, ||V_lower^k - V_lower^k-1||_inf = 0.00000116445507606474
    Local Iteration 100: ||V_upper^k - V_upper^k-1||_inf = 0.00000000000000000000, ||V_lower^k - V_lower^k-1||_inf = 0.00000111787687302215
    Local Iteration 101: ||V_upper^k - V_upper^k-1||_inf = 0.00000000000000000000, ||V_lower^k - V_lower^k-1||_inf = 0.00000107316179810126
    Local Iteration 102: ||V_upper^k - V_upper^k-1||_inf = 0.00000000000000000000, ||V_lower^k - V_lower^k-1||_inf = 0.00000103023532617721
    Local Iteration 103: ||V_upper^k - V_upper^k-1||_inf = 0.00000000000000000000, ||V_lower^k - V_lower^k-1||_inf = 0.00000098902591313012
    Local Iteration 104: ||V_upper^k - V_upper^k-1||_inf = 0.00000000000000000000, ||V_lower^k - V_lower^k-1||_inf = 0.00000094946487660492
    Local Iteration 105: ||V_upper^k - V_upper^k-1||_inf = 0.00000000000000000000, ||V_lower^k - V_lower^k-1||_inf = 0.00000091148628154072
    Local Iteration 106: ||V_upper^k - V_upper^k-1||_inf = 0.00000000000000000000, ||V_lower^k - V_lower^k-1||_inf = 0.00000087502683027909
    Local Iteration 107: ||V_upper^k - V_upper^k-1||_inf = 0.00000000000000000000, ||V_lower^k - V_lower^k-1||_inf = 0.00000084002575706793
    Local Iteration 108: ||V_upper^k - V_upper^k-1||_inf = 0.00000000000000000000, ||V_lower^k - V_lower^k-1||_inf = 0.00000080642472678521
    Local Iteration 109: ||V_upper^k - V_upper^k-1||_inf = 0.00000000000000000000, ||V_lower^k - V_lower^k-1||_inf = 0.00000077416773771380
    Local Iteration 110: ||V_upper^k - V_upper^k-1||_inf = 0.00000000000000000000, ||V_lower^k - V_lower^k-1||_inf = 0.00000074320102820525
    Local Iteration 111: ||V_upper^k - V_upper^k-1||_inf = 0.00000000000000000000, ||V_lower^k - V_lower^k-1||_inf = 0.00000071347298707704
    Local Iteration 112: ||V_upper^k - V_upper^k-1||_inf = 0.00000000000000000000, ||V_lower^k - V_lower^k-1||_inf = 0.00000068493406759396
    Local Iteration 113: ||V_upper^k - V_upper^k-1||_inf = 0.00000000000000000000, ||V_lower^k - V_lower^k-1||_inf = 0.00000065753670489020
    Local Iteration 114: ||V_upper^k - V_upper^k-1||_inf = 0.00000000000000000000, ||V_lower^k - V_lower^k-1||_inf = 0.00000063123523669459
    Local Iteration 115: ||V_upper^k - V_upper^k-1||_inf = 0.00000000000000000000, ||V_lower^k - V_lower^k-1||_inf = 0.00000060598582722681
    Local Iteration 116: ||V_upper^k - V_upper^k-1||_inf = 0.00000000000000000000, ||V_lower^k - V_lower^k-1||_inf = 0.00000058174639413774
    Local Iteration 117: ||V_upper^k - V_upper^k-1||_inf = 0.00000000000000000000, ||V_lower^k - V_lower^k-1||_inf = 0.00000055847653837223
    Local Iteration 118: ||V_upper^k - V_upper^k-1||_inf = 0.00000000000000000000, ||V_lower^k - V_lower^k-1||_inf = 0.00000053613747683734
    Local Iteration 119: ||V_upper^k - V_upper^k-1||_inf = 0.00000000000000000000, ||V_lower^k - V_lower^k-1||_inf = 0.00000051469197776385
    Local Iteration 120: ||V_upper^k - V_upper^k-1||_inf = 0.00000000000000000000, ||V_lower^k - V_lower^k-1||_inf = 0.00000049410429865329
    Local Iteration 121: ||V_upper^k - V_upper^k-1||_inf = 0.00000000000000000000, ||V_lower^k - V_lower^k-1||_inf = 0.00000047434012670716
    Local Iteration 122: ||V_upper^k - V_upper^k-1||_inf = 0.00000000000000000000, ||V_lower^k - V_lower^k-1||_inf = 0.00000045536652163887
    Local Iteration 123: ||V_upper^k - V_upper^k-1||_inf = 0.00000000000000000000, ||V_lower^k - V_lower^k-1||_inf = 0.00000043715186077332
    Local Iteration 124: ||V_upper^k - V_upper^k-1||_inf = 0.00000000000000000000, ||V_lower^k - V_lower^k-1||_inf = 0.00000041966578634239
    Local Iteration 125: ||V_upper^k - V_upper^k-1||_inf = 0.00000000000000000000, ||V_lower^k - V_lower^k-1||_inf = 0.00000040287915488869
    Local Iteration 126: ||V_upper^k - V_upper^k-1||_inf = 0.00000000000000000000, ||V_lower^k - V_lower^k-1||_inf = 0.00000038676398869314
    Local Iteration 127: ||V_upper^k - V_upper^k-1||_inf = 0.00000000000000000000, ||V_lower^k - V_lower^k-1||_inf = 0.00000037129342914542
    Local Iteration 128: ||V_upper^k - V_upper^k-1||_inf = 0.00000000000000000000, ||V_lower^k - V_lower^k-1||_inf = 0.00000035644169197960
    Local Iteration 129: ||V_upper^k - V_upper^k-1||_inf = 0.00000000000000000000, ||V_lower^k - V_lower^k-1||_inf = 0.00000034218402430042
    Local Iteration 130: ||V_upper^k - V_upper^k-1||_inf = 0.00000000000000000000, ||V_lower^k - V_lower^k-1||_inf = 0.00000032849666332840
    Local Iteration 131: ||V_upper^k - V_upper^k-1||_inf = 0.00000000000000000000, ||V_lower^k - V_lower^k-1||_inf = 0.00000031535679679526
    Local Iteration 132: ||V_upper^k - V_upper^k-1||_inf = 0.00000000000000000000, ||V_lower^k - V_lower^k-1||_inf = 0.00000030274252492345
    Local Iteration 133: ||V_upper^k - V_upper^k-1||_inf = 0.00000000000000000000, ||V_lower^k - V_lower^k-1||_inf = 0.00000029063282392651
    Local Iteration 134: ||V_upper^k - V_upper^k-1||_inf = 0.00000000000000000000, ||V_lower^k - V_lower^k-1||_inf = 0.00000027900751096945
    Local Iteration 135: ||V_upper^k - V_upper^k-1||_inf = 0.00000000000000000000, ||V_lower^k - V_lower^k-1||_inf = 0.00000026784721053068
    Local Iteration 136: ||V_upper^k - V_upper^k-1||_inf = 0.00000000000000000000, ||V_lower^k - V_lower^k-1||_inf = 0.00000025713332210945
    Local Iteration 137: ||V_upper^k - V_upper^k-1||_inf = 0.00000000000000000000, ||V_lower^k - V_lower^k-1||_inf = 0.00000024684798922507
    Local Iteration 138: ||V_upper^k - V_upper^k-1||_inf = 0.00000000000000000000, ||V_lower^k - V_lower^k-1||_inf = 0.00000023697406965607
    Local Iteration 139: ||V_upper^k - V_upper^k-1||_inf = 0.00000000000000000000, ||V_lower^k - V_lower^k-1||_inf = 0.00000022749510686983
    Local Iteration 140: ||V_upper^k - V_upper^k-1||_inf = 0.00000000000000000000, ||V_lower^k - V_lower^k-1||_inf = 0.00000021839530259503
    Local Iteration 141: ||V_upper^k - V_upper^k-1||_inf = 0.00000000000000000000, ||V_lower^k - V_lower^k-1||_inf = 0.00000020965949049123
    Local Iteration 142: ||V_upper^k - V_upper^k-1||_inf = 0.00000000000000000000, ||V_lower^k - V_lower^k-1||_inf = 0.00000020127311087158
    Local Iteration 143: ||V_upper^k - V_upper^k-1||_inf = 0.00000000000000000000, ||V_lower^k - V_lower^k-1||_inf = 0.00000019322218643672
    Local Iteration 144: ||V_upper^k - V_upper^k-1||_inf = 0.00000000000000000000, ||V_lower^k - V_lower^k-1||_inf = 0.00000018549329897925
    Local Iteration 145: ||V_upper^k - V_upper^k-1||_inf = 0.00000000000000000000, ||V_lower^k - V_lower^k-1||_inf = 0.00000017807356702008
    Local Iteration 146: ||V_upper^k - V_upper^k-1||_inf = 0.00000000000000000000, ||V_lower^k - V_lower^k-1||_inf = 0.00000017095062433928
    Local Iteration 147: ||V_upper^k - V_upper^k-1||_inf = 0.00000000000000000000, ||V_lower^k - V_lower^k-1||_inf = 0.00000016411259936571
    Local Iteration 148: ||V_upper^k - V_upper^k-1||_inf = 0.00000000000000000000, ||V_lower^k - V_lower^k-1||_inf = 0.00000015754809539108
    Local Iteration 149: ||V_upper^k - V_upper^k-1||_inf = 0.00000000000000000000, ||V_lower^k - V_lower^k-1||_inf = 0.00000015124617157543
    Local Iteration 150: ||V_upper^k - V_upper^k-1||_inf = 0.00000000000000000000, ||V_lower^k - V_lower^k-1||_inf = 0.00000014519632471242
    Local Iteration 151: ||V_upper^k - V_upper^k-1||_inf = 0.00000000000000000000, ||V_lower^k - V_lower^k-1||_inf = 0.00000013938847172392
    Local Iteration 152: ||V_upper^k - V_upper^k-1||_inf = 0.00000000000000000000, ||V_lower^k - V_lower^k-1||_inf = 0.00000013381293285496
    Local Iteration 153: ||V_upper^k - V_upper^k-1||_inf = 0.00000000000000000000, ||V_lower^k - V_lower^k-1||_inf = 0.00000012846041554076
    Local Iteration 154: ||V_upper^k - V_upper^k-1||_inf = 0.00000000000000000000, ||V_lower^k - V_lower^k-1||_inf = 0.00000012332199891913
    Local Iteration 155: ||V_upper^k - V_upper^k-1||_inf = 0.00000000000000000000, ||V_lower^k - V_lower^k-1||_inf = 0.00000011838911896237
    Local Iteration 156: ||V_upper^k - V_upper^k-1||_inf = 0.00000000000000000000, ||V_lower^k - V_lower^k-1||_inf = 0.00000011365355420387
    Local Iteration 157: ||V_upper^k - V_upper^k-1||_inf = 0.00000000000000000000, ||V_lower^k - V_lower^k-1||_inf = 0.00000010910741203572
    Local Iteration 158: ||V_upper^k - V_upper^k-1||_inf = 0.00000000000000000000, ||V_lower^k - V_lower^k-1||_inf = 0.00000010474311555429
    Local Iteration 159: ||V_upper^k - V_upper^k-1||_inf = 0.00000000000000000000, ||V_lower^k - V_lower^k-1||_inf = 0.00000010055339093212
    Local Iteration 160: ||V_upper^k - V_upper^k-1||_inf = 0.00000000000000000000, ||V_lower^k - V_lower^k-1||_inf = 0.00000009653125529483
    Local Iteration 161: ||V_upper^k - V_upper^k-1||_inf = 0.00000000000000000000, ||V_lower^k - V_lower^k-1||_inf = 0.00000009267000508304
    Local Iteration 162: ||V_upper^k - V_upper^k-1||_inf = 0.00000000000000000000, ||V_lower^k - V_lower^k-1||_inf = 0.00000008896320487972
    Local Iteration 163: ||V_upper^k - V_upper^k-1||_inf = 0.00000000000000000000, ||V_lower^k - V_lower^k-1||_inf = 0.00000008540467668453
    Local Iteration 164: ||V_upper^k - V_upper^k-1||_inf = 0.00000000000000000000, ||V_lower^k - V_lower^k-1||_inf = 0.00000008198848961715
    Local Iteration 165: ||V_upper^k - V_upper^k-1||_inf = 0.00000000000000000000, ||V_lower^k - V_lower^k-1||_inf = 0.00000007870895003246
    Local Iteration 166: ||V_upper^k - V_upper^k-1||_inf = 0.00000000000000000000, ||V_lower^k - V_lower^k-1||_inf = 0.00000007556059203116
    Local Iteration 167: ||V_upper^k - V_upper^k-1||_inf = 0.00000000000000000000, ||V_lower^k - V_lower^k-1||_inf = 0.00000007253816834992
    Local Iteration 168: ||V_upper^k - V_upper^k-1||_inf = 0.00000000000000000000, ||V_lower^k - V_lower^k-1||_inf = 0.00000006963664161592
    Local Iteration 169: ||V_upper^k - V_upper^k-1||_inf = 0.00000000000000000000, ||V_lower^k - V_lower^k-1||_inf = 0.00000006685117595128
    Local Iteration 170: ||V_upper^k - V_upper^k-1||_inf = 0.00000000000000000000, ||V_lower^k - V_lower^k-1||_inf = 0.00000006417712891323
    Local Iteration 171: ||V_upper^k - V_upper^k-1||_inf = 0.00000000000000000000, ||V_lower^k - V_lower^k-1||_inf = 0.00000006161004375670
    Local Iteration 172: ||V_upper^k - V_upper^k-1||_inf = 0.00000000000000000000, ||V_lower^k - V_lower^k-1||_inf = 0.00000005914564200644
    Local Iteration 173: ||V_upper^k - V_upper^k-1||_inf = 0.00000000000000000000, ||V_lower^k - V_lower^k-1||_inf = 0.00000005677981632618
    Local Iteration 174: ||V_upper^k - V_upper^k-1||_inf = 0.00000000000000000000, ||V_lower^k - V_lower^k-1||_inf = 0.00000005450862367313
    Local Iteration 175: ||V_upper^k - V_upper^k-1||_inf = 0.00000000000000000000, ||V_lower^k - V_lower^k-1||_inf = 0.00000005232827872621
    Local Iteration 176: ||V_upper^k - V_upper^k-1||_inf = 0.00000000000000000000, ||V_lower^k - V_lower^k-1||_inf = 0.00000005023514757716
    Local Iteration 177: ||V_upper^k - V_upper^k-1||_inf = 0.00000000000000000000, ||V_lower^k - V_lower^k-1||_inf = 0.00000004822574167407
    Local Iteration 178: ||V_upper^k - V_upper^k-1||_inf = 0.00000000000000000000, ||V_lower^k - V_lower^k-1||_inf = 0.00000004629671200711
    Local Iteration 179: ||V_upper^k - V_upper^k-1||_inf = 0.00000000000000000000, ||V_lower^k - V_lower^k-1||_inf = 0.00000004444484352682
    Local Iteration 180: ||V_upper^k - V_upper^k-1||_inf = 0.00000000000000000000, ||V_lower^k - V_lower^k-1||_inf = 0.00000004266704978575
    Local Iteration 181: ||V_upper^k - V_upper^k-1||_inf = 0.00000000000000000000, ||V_lower^k - V_lower^k-1||_inf = 0.00000004096036779432
    Local Iteration 182: ||V_upper^k - V_upper^k-1||_inf = 0.00000000000000000000, ||V_lower^k - V_lower^k-1||_inf = 0.00000003932195308255
    Local Iteration 183: ||V_upper^k - V_upper^k-1||_inf = 0.00000000000000000000, ||V_lower^k - V_lower^k-1||_inf = 0.00000003774907495925
    Local Iteration 184: ||V_upper^k - V_upper^k-1||_inf = 0.00000000000000000000, ||V_lower^k - V_lower^k-1||_inf = 0.00000003623911196088
    Local Iteration 185: ||V_upper^k - V_upper^k-1||_inf = 0.00000000000000000000, ||V_lower^k - V_lower^k-1||_inf = 0.00000003478954748244
    Local Iteration 186: ||V_upper^k - V_upper^k-1||_inf = 0.00000000000000000000, ||V_lower^k - V_lower^k-1||_inf = 0.00000003339796558314
    Local Iteration 187: ||V_upper^k - V_upper^k-1||_inf = 0.00000000000000000000, ||V_lower^k - V_lower^k-1||_inf = 0.00000003206204695982
    Local Iteration 188: ||V_upper^k - V_upper^k-1||_inf = 0.00000000000000000000, ||V_lower^k - V_lower^k-1||_inf = 0.00000003077956508143
    Local Iteration 189: ||V_upper^k - V_upper^k-1||_inf = 0.00000000000000000000, ||V_lower^k - V_lower^k-1||_inf = 0.00000002954838247817
    Local Iteration 190: ||V_upper^k - V_upper^k-1||_inf = 0.00000000000000000000, ||V_lower^k - V_lower^k-1||_inf = 0.00000002836644717904
    Local Iteration 191: ||V_upper^k - V_upper^k-1||_inf = 0.00000000000000000000, ||V_lower^k - V_lower^k-1||_inf = 0.00000002723178929188
    Local Iteration 192: ||V_upper^k - V_upper^k-1||_inf = 0.00000000000000000000, ||V_lower^k - V_lower^k-1||_inf = 0.00000002614251772020
    Local Iteration 193: ||V_upper^k - V_upper^k-1||_inf = 0.00000000000000000000, ||V_lower^k - V_lower^k-1||_inf = 0.00000002509681701140
    Local Iteration 194: ||V_upper^k - V_upper^k-1||_inf = 0.00000000000000000000, ||V_lower^k - V_lower^k-1||_inf = 0.00000002409294433094
    Local Iteration 195: ||V_upper^k - V_upper^k-1||_inf = 0.00000000000000000000, ||V_lower^k - V_lower^k-1||_inf = 0.00000002312922655770
    Local Iteration 196: ||V_upper^k - V_upper^k-1||_inf = 0.00000000000000000000, ||V_lower^k - V_lower^k-1||_inf = 0.00000002220405749539
    Local Iteration 197: ||V_upper^k - V_upper^k-1||_inf = 0.00000000000000000000, ||V_lower^k - V_lower^k-1||_inf = 0.00000002131589519558
    Local Iteration 198: ||V_upper^k - V_upper^k-1||_inf = 0.00000000000000000000, ||V_lower^k - V_lower^k-1||_inf = 0.00000002046325938776
    Local Iteration 199: ||V_upper^k - V_upper^k-1||_inf = 0.00000000000000000000, ||V_lower^k - V_lower^k-1||_inf = 0.00000001964472901225
    Local Iteration 200: ||V_upper^k - V_upper^k-1||_inf = 0.00000000000000000000, ||V_lower^k - V_lower^k-1||_inf = 0.00000001885893985176
    Local Iteration 201: ||V_upper^k - V_upper^k-1||_inf = 0.00000000000000000000, ||V_lower^k - V_lower^k-1||_inf = 0.00000001810458225769
    Local Iteration 202: ||V_upper^k - V_upper^k-1||_inf = 0.00000000000000000000, ||V_lower^k - V_lower^k-1||_inf = 0.00000001738039896738
    Local Iteration 203: ||V_upper^k - V_upper^k-1||_inf = 0.00000000000000000000, ||V_lower^k - V_lower^k-1||_inf = 0.00000001668518300868
    Local Iteration 204: ||V_upper^k - V_upper^k-1||_inf = 0.00000000000000000000, ||V_lower^k - V_lower^k-1||_inf = 0.00000001601777568834
    Local Iteration 205: ||V_upper^k - V_upper^k-1||_inf = 0.00000000000000000000, ||V_lower^k - V_lower^k-1||_inf = 0.00000001537706466080
    Local Iteration 206: ||V_upper^k - V_upper^k-1||_inf = 0.00000000000000000000, ||V_lower^k - V_lower^k-1||_inf = 0.00000001476198207437
    Local Iteration 207: ||V_upper^k - V_upper^k-1||_inf = 0.00000000000000000000, ||V_lower^k - V_lower^k-1||_inf = 0.00000001417150279140
    Local Iteration 208: ||V_upper^k - V_upper^k-1||_inf = 0.00000000000000000000, ||V_lower^k - V_lower^k-1||_inf = 0.00000001360464267974
    Local Iteration 209: ||V_upper^k - V_upper^k-1||_inf = 0.00000000000000000000, ||V_lower^k - V_lower^k-1||_inf = 0.00000001306045697255
    Local Iteration 210: ||V_upper^k - V_upper^k-1||_inf = 0.00000000000000000000, ||V_lower^k - V_lower^k-1||_inf = 0.00000001253803869365
    Local Iteration 211: ||V_upper^k - V_upper^k-1||_inf = 0.00000000000000000000, ||V_lower^k - V_lower^k-1||_inf = 0.00000001203651714590
    Local Iteration 212: ||V_upper^k - V_upper^k-1||_inf = 0.00000000000000000000, ||V_lower^k - V_lower^k-1||_inf = 0.00000001155505646007
    Local Iteration 213: ||V_upper^k - V_upper^k-1||_inf = 0.00000000000000000000, ||V_lower^k - V_lower^k-1||_inf = 0.00000001109285420166
    Local Iteration 214: ||V_upper^k - V_upper^k-1||_inf = 0.00000000000000000000, ||V_lower^k - V_lower^k-1||_inf = 0.00000001064914003360
    Local Iteration 215: ||V_upper^k - V_upper^k-1||_inf = 0.00000000000000000000, ||V_lower^k - V_lower^k-1||_inf = 0.00000001022317443225
    Local Iteration 216: ||V_upper^k - V_upper^k-1||_inf = 0.00000000000000000000, ||V_lower^k - V_lower^k-1||_inf = 0.00000000981424745496

==================================================
 LOCAL CONVERGENCE ACHIEVED
==================================================
  ||V_upper^k - V_upper^k-1||_inf = 0.00000000000000000000e+00 < tolerance = 1e-08
  ||V_lower^k - V_lower^k-1||_inf = 9.81424745496279055514e-09 < tolerance = 1e-08
  Converged in 216 iterations
  V_lower increased from min(l_lower, r_lower); smallest step 0.000e+00
    Local VI completed in 216 iterations
    Final convergence values:
      ||V_upper^final - V_upper^prev||_inf = 0.00000000e+00
      ||V_lower^final - V_lower^prev||_inf = 9.81424745e-09
  Local VI completed in 216 iterations, time: 5.224s
    Final ||V_upper^k - V_upper^k-1||_inf = 0.00000000000000000000e+00
    Final ||V_lower^k - V_lower^k-1||_inf = 9.81424745496279055514e-09
  Saved visualization: /Users/i.k.tabbara/Documents/python directory/HSCC_2027/refactored_Implementations/results_hscc_2027_modified_init/ra_discount/double_integrator_res10_eps0.05_dmin1e-08_dmax1e-08_gamma0.96_dt0.3_tau0.3_std/value_function_phase_6_complete.png
  Phase 6 completed in 6.11s with 554336 leaf cells

Classification after phase 6:
  Safe:            44432 cells (  8.0%),    8.1% of state space
  Unsafe:          16292 cells (  2.9%),   14.8% of state space
  Unclassified:   493612 cells ( 89.0%),   77.1% of state space

======================================================================
REFINEMENT PHASE 7
======================================================================
Boundary cells: 493612
  Refinable (>eta_min=0.017678): 493612
  Below threshold: 0
  Cumulative refined: 544336
  Refinable cell size statistics:
    Max:    0.150000
    Mean:   0.150000
    Min:    0.150000
    Median: 0.150000
  Refining 493612 cells...
    Refined: 493612 parent cells
    Created: 987224 child cells
    Total cells: 1047948
    Refinement time: 0.041s
    Cumulative refined: 1037948
  Rebuilding spatial index...
  Building spatial index for 1047948 cells...
   Spatial index built in 0.28s
    Spatial index rebuilt in 0.275s
  Initializing 987224 new cells...
  Initializing 987224 new cells in parallel...
   Initialized in 0.00s (353368769.6 cells/s)
    Initialization completed in 0.003s
  Starting local value iteration...
  Reinitializing ALL 1047948 cells (V_lower = min(l, r), V_upper = l)
   Reinitialized 1047948 cells in 0.00s (380006875.3 cells/s)
  Local VI: updating all 1047948 cells
    Conservative mode: False
    Convergence tolerance: 1e-08
    Max iterations: 20000
    Updating successor cache for 987224 updated cells...
    Updating successor cache for 987224 new cells (HYBRID)...
      Affected cells: 1038942
   Trajectories + spatial queries computed in 3.72s (2513564.7 tasks/s)
    Breakdown: 7.9% ODE, 92.1% queries
     Cache updated in 4.04s (2313581.1 tasks/s)
    Local Iteration   1: ||V_upper^k - V_upper^k-1||_inf = 3.93799602617861266296, ||V_lower^k - V_lower^k-1||_inf = 4.84471998602963793701
    Local Iteration   2: ||V_upper^k - V_upper^k-1||_inf = 0.17129730805927234627, ||V_lower^k - V_lower^k-1||_inf = 4.61030217362883298904
    Local Iteration   3: ||V_upper^k - V_upper^k-1||_inf = 0.11752616786811165284, ||V_lower^k - V_lower^k-1||_inf = 4.42589008668367966948
    Local Iteration   4: ||V_upper^k - V_upper^k-1||_inf = 0.10538961168868654639, ||V_lower^k - V_lower^k-1||_inf = 4.21199048321633195968
    Local Iteration   5: ||V_upper^k - V_upper^k-1||_inf = 0.10117402722113899571, ||V_lower^k - V_lower^k-1||_inf = 3.75657500097856100751
    Local Iteration   6: ||V_upper^k - V_upper^k-1||_inf = 0.09712706613229338259, ||V_lower^k - V_lower^k-1||_inf = 1.94262935718716045486
    Local Iteration   7: ||V_upper^k - V_upper^k-1||_inf = 0.09324198348700196703, ||V_lower^k - V_lower^k-1||_inf = 1.78410138750257774021
    Local Iteration   8: ||V_upper^k - V_upper^k-1||_inf = 0.08951230414752187059, ||V_lower^k - V_lower^k-1||_inf = 1.71273733200247457731
    Local Iteration   9: ||V_upper^k - V_upper^k-1||_inf = 0.08593181198162058720, ||V_lower^k - V_lower^k-1||_inf = 0.20855252189184003697
    Local Iteration  10: ||V_upper^k - V_upper^k-1||_inf = 0.08249453950235596800, ||V_lower^k - V_lower^k-1||_inf = 0.20021042101616648434
    Local Iteration  11: ||V_upper^k - V_upper^k-1||_inf = 0.07919475792226182698, ||V_lower^k - V_lower^k-1||_inf = 0.15493528826296237844
    Local Iteration  12: ||V_upper^k - V_upper^k-1||_inf = 0.07602696760537130949, ||V_lower^k - V_lower^k-1||_inf = 0.14873787673244387442
    Local Iteration  13: ||V_upper^k - V_upper^k-1||_inf = 0.07298588890115631500, ||V_lower^k - V_lower^k-1||_inf = 0.14278836166314612388
    Local Iteration  14: ||V_upper^k - V_upper^k-1||_inf = 0.07006645334511008016, ||V_lower^k - V_lower^k-1||_inf = 0.13707682719662023230
    Local Iteration  15: ||V_upper^k - V_upper^k-1||_inf = 0.06726379521130576578, ||V_lower^k - V_lower^k-1||_inf = 0.13159375410875540080
    Local Iteration  16: ||V_upper^k - V_upper^k-1||_inf = 0.06457324340285341968, ||V_lower^k - V_lower^k-1||_inf = 0.12633000394440518921
    Local Iteration  17: ||V_upper^k - V_upper^k-1||_inf = 0.06199031366673946053, ||V_lower^k - V_lower^k-1||_inf = 0.12127680378662897276
    Local Iteration  18: ||V_upper^k - V_upper^k-1||_inf = 0.05951070112006973112, ||V_lower^k - V_lower^k-1||_inf = 0.11642573163516378720
    Local Iteration  19: ||V_upper^k - V_upper^k-1||_inf = 0.05713027307526696852, ||V_lower^k - V_lower^k-1||_inf = 0.11176870236975722239
    Local Iteration  20: ||V_upper^k - V_upper^k-1||_inf = 0.05484506215225626313, ||V_lower^k - V_lower^k-1||_inf = 0.10729795427496693905
    Local Iteration  21: ||V_upper^k - V_upper^k-1||_inf = 0.05265125966616612807, ||V_lower^k - V_lower^k-1||_inf = 0.10300603610396827370
    Local Iteration  22: ||V_upper^k - V_upper^k-1||_inf = 0.05054520927951933196, ||V_lower^k - V_lower^k-1||_inf = 0.09888579465980953942
    Local Iteration  23: ||V_upper^k - V_upper^k-1||_inf = 0.04852340090833862085, ||V_lower^k - V_lower^k-1||_inf = 0.09144612370485985520
    Local Iteration  24: ||V_upper^k - V_upper^k-1||_inf = 0.04658246487200501385, ||V_lower^k - V_lower^k-1||_inf = 0.08452512503982004266
    Local Iteration  25: ||V_upper^k - V_upper^k-1||_inf = 0.04471916627712491099, ||V_lower^k - V_lower^k-1||_inf = 0.07170439902045261382
    Local Iteration  26: ||V_upper^k - V_upper^k-1||_inf = 0.04293039962603995008, ||V_lower^k - V_lower^k-1||_inf = 0.06883622305963449373
    Local Iteration  27: ||V_upper^k - V_upper^k-1||_inf = 0.04121318364099824105, ||V_lower^k - V_lower^k-1||_inf = 0.06608277413724911176
    Local Iteration  28: ||V_upper^k - V_upper^k-1||_inf = 0.03956465629535832473, ||V_lower^k - V_lower^k-1||_inf = 0.06343946317175913618
    Local Iteration  29: ||V_upper^k - V_upper^k-1||_inf = 0.03798207004354403615, ||V_lower^k - V_lower^k-1||_inf = 0.06090188464488877074
    Local Iteration  30: ||V_upper^k - V_upper^k-1||_inf = 0.03646278724180229691, ||V_lower^k - V_lower^k-1||_inf = 0.05846580925909322657
    Local Iteration  31: ||V_upper^k - V_upper^k-1||_inf = 0.03500427575213016507, ||V_lower^k - V_lower^k-1||_inf = 0.05612717688872947974
    Local Iteration  32: ||V_upper^k - V_upper^k-1||_inf = 0.03360410472204500287, ||V_lower^k - V_lower^k-1||_inf = 0.05388208981318029500
    Local Iteration  33: ||V_upper^k - V_upper^k-1||_inf = 0.03225994053316316723, ||V_lower^k - V_lower^k-1||_inf = 0.05172680622065306544
    Local Iteration  34: ||V_upper^k - V_upper^k-1||_inf = 0.03096954291183662278, ||V_lower^k - V_lower^k-1||_inf = 0.04965773397182696169
    Local Iteration  35: ||V_upper^k - V_upper^k-1||_inf = 0.02973076119536310902, ||V_lower^k - V_lower^k-1||_inf = 0.04767142461295387212
    Local Iteration  36: ||V_upper^k - V_upper^k-1||_inf = 0.02854153074754861574, ||V_lower^k - V_lower^k-1||_inf = 0.04576456762843572612
    Local Iteration  37: ||V_upper^k - V_upper^k-1||_inf = 0.02739986951764672440, ||V_lower^k - V_lower^k-1||_inf = 0.04393398492329830818
    Local Iteration  38: ||V_upper^k - V_upper^k-1||_inf = 0.02630387473694084655, ||V_lower^k - V_lower^k-1||_inf = 0.04217662552636639028
    Local Iteration  39: ||V_upper^k - V_upper^k-1||_inf = 0.02525171974746320824, ||V_lower^k - V_lower^k-1||_inf = 0.04048956050531174466
    Local Iteration  40: ||V_upper^k - V_upper^k-1||_inf = 0.02424165095756469768, ||V_lower^k - V_lower^k-1||_inf = 0.03886997808509928820
    Local Iteration  41: ||V_upper^k - V_upper^k-1||_inf = 0.02327198491926207868, ||V_lower^k - V_lower^k-1||_inf = 0.03731517896169531112
    Local Iteration  42: ||V_upper^k - V_upper^k-1||_inf = 0.02234110552249157777, ||V_lower^k - V_lower^k-1||_inf = 0.03582257180322750978
    Local Iteration  43: ||V_upper^k - V_upper^k-1||_inf = 0.02144746130159191910, ||V_lower^k - V_lower^k-1||_inf = 0.03438966893109840495
    Local Iteration  44: ||V_upper^k - V_upper^k-1||_inf = 0.02058956284952823124, ||V_lower^k - V_lower^k-1||_inf = 0.03301408217385445876
    Local Iteration  45: ||V_upper^k - V_upper^k-1||_inf = 0.01976598033554710643, ||V_lower^k - V_lower^k-1||_inf = 0.03169351888690027930
    Local Iteration  46: ||V_upper^k - V_upper^k-1||_inf = 0.01897534112212523327, ||V_lower^k - V_lower^k-1||_inf = 0.03042577813142427479
    Local Iteration  47: ||V_upper^k - V_upper^k-1||_inf = 0.01821632747724022394, ||V_lower^k - V_lower^k-1||_inf = 0.02920874700616732378
    Local Iteration  48: ||V_upper^k - V_upper^k-1||_inf = 0.01748767437815063053, ||V_lower^k - V_lower^k-1||_inf = 0.02804039712592061584
    Local Iteration  49: ||V_upper^k - V_upper^k-1||_inf = 0.01678816740302457866, ||V_lower^k - V_lower^k-1||_inf = 0.02691878124088377400
    Local Iteration  50: ||V_upper^k - V_upper^k-1||_inf = 0.01611664070690360662, ||V_lower^k - V_lower^k-1||_inf = 0.02584202999124843303
    Local Iteration  51: ||V_upper^k - V_upper^k-1||_inf = 0.01547197507862746457, ||V_lower^k - V_lower^k-1||_inf = 0.02480834879159850292
    Local Iteration  52: ||V_upper^k - V_upper^k-1||_inf = 0.01485309607548235267, ||V_lower^k - V_lower^k-1||_inf = 0.02381601483993454893
    Local Iteration  53: ||V_upper^k - V_upper^k-1||_inf = 0.01425897223246302969, ||V_lower^k - V_lower^k-1||_inf = 0.02286337424633716475
    Local Iteration  54: ||V_upper^k - V_upper^k-1||_inf = 0.01368861334316451295, ||V_lower^k - V_lower^k-1||_inf = 0.02194883927648368094
    Local Iteration  55: ||V_upper^k - V_upper^k-1||_inf = 0.01314106880943793909, ||V_lower^k - V_lower^k-1||_inf = 0.02107088570542432759
    Local Iteration  56: ||V_upper^k - V_upper^k-1||_inf = 0.01261542605706045261, ||V_lower^k - V_lower^k-1||_inf = 0.02022805027720735171
    Local Iteration  57: ||V_upper^k - V_upper^k-1||_inf = 0.01211080901477801230, ||V_lower^k - V_lower^k-1||_inf = 0.01941892826611905931
    Local Iteration  58: ||V_upper^k - V_upper^k-1||_inf = 0.01162637665418692068, ||V_lower^k - V_lower^k-1||_inf = 0.01864217113547429749
    Local Iteration  59: ||V_upper^k - V_upper^k-1||_inf = 0.01116132158801941276, ||V_lower^k - V_lower^k-1||_inf = 0.01789648429005533115
    Local Iteration  60: ||V_upper^k - V_upper^k-1||_inf = 0.00216276486920963240, ||V_lower^k - V_lower^k-1||_inf = 0.01718062491845311068
    Local Iteration  61: ||V_upper^k - V_upper^k-1||_inf = 0.00000000000000000000, ||V_lower^k - V_lower^k-1||_inf = 0.01649339992171498792
    Local Iteration  62: ||V_upper^k - V_upper^k-1||_inf = 0.00000000000000000000, ||V_lower^k - V_lower^k-1||_inf = 0.01583366392484639174
    Local Iteration  63: ||V_upper^k - V_upper^k-1||_inf = 0.00000000000000000000, ||V_lower^k - V_lower^k-1||_inf = 0.01520031736785254495
    Local Iteration  64: ||V_upper^k - V_upper^k-1||_inf = 0.00000000000000000000, ||V_lower^k - V_lower^k-1||_inf = 0.01459230467313844815
    Local Iteration  65: ||V_upper^k - V_upper^k-1||_inf = 0.00000000000000000000, ||V_lower^k - V_lower^k-1||_inf = 0.01400861248621290689
    Local Iteration  66: ||V_upper^k - V_upper^k-1||_inf = 0.00000000000000000000, ||V_lower^k - V_lower^k-1||_inf = 0.01344826798676438534
    Local Iteration  67: ||V_upper^k - V_upper^k-1||_inf = 0.00000000000000000000, ||V_lower^k - V_lower^k-1||_inf = 0.01291033726729380604
    Local Iteration  68: ||V_upper^k - V_upper^k-1||_inf = 0.00000000000000000000, ||V_lower^k - V_lower^k-1||_inf = 0.01177777067145879125
    Local Iteration  69: ||V_upper^k - V_upper^k-1||_inf = 0.00000000000000000000, ||V_lower^k - V_lower^k-1||_inf = 0.01080937737395229817
    Local Iteration  70: ||V_upper^k - V_upper^k-1||_inf = 0.00000000000000000000, ||V_lower^k - V_lower^k-1||_inf = 0.01037700227899420596
    Local Iteration  71: ||V_upper^k - V_upper^k-1||_inf = 0.00000000000000000000, ||V_lower^k - V_lower^k-1||_inf = 0.00996192218783443703
    Local Iteration  72: ||V_upper^k - V_upper^k-1||_inf = 0.00000000000000000000, ||V_lower^k - V_lower^k-1||_inf = 0.00485246225227288497
    Local Iteration  73: ||V_upper^k - V_upper^k-1||_inf = 0.00000000000000000000, ||V_lower^k - V_lower^k-1||_inf = 0.00465836376218197075
    Local Iteration  74: ||V_upper^k - V_upper^k-1||_inf = 0.00000000000000000000, ||V_lower^k - V_lower^k-1||_inf = 0.00346754288347092023
    Local Iteration  75: ||V_upper^k - V_upper^k-1||_inf = 0.00000000000000000000, ||V_lower^k - V_lower^k-1||_inf = 0.00332884116813208326
    Local Iteration  76: ||V_upper^k - V_upper^k-1||_inf = 0.00000000000000000000, ||V_lower^k - V_lower^k-1||_inf = 0.00319568752140679969
    Local Iteration  77: ||V_upper^k - V_upper^k-1||_inf = 0.00000000000000000000, ||V_lower^k - V_lower^k-1||_inf = 0.00306786002055052694
    Local Iteration  78: ||V_upper^k - V_upper^k-1||_inf = 0.00000000000000000000, ||V_lower^k - V_lower^k-1||_inf = 0.00294514561972850607
    Local Iteration  79: ||V_upper^k - V_upper^k-1||_inf = 0.00000000000000000000, ||V_lower^k - V_lower^k-1||_inf = 0.00098626333202114043
    Local Iteration  80: ||V_upper^k - V_upper^k-1||_inf = 0.00000000000000000000, ||V_lower^k - V_lower^k-1||_inf = 0.00094681279874029461
    Local Iteration  81: ||V_upper^k - V_upper^k-1||_inf = 0.00000000000000000000, ||V_lower^k - V_lower^k-1||_inf = 0.00090894028679068290
    Local Iteration  82: ||V_upper^k - V_upper^k-1||_inf = 0.00000000000000000000, ||V_lower^k - V_lower^k-1||_inf = 0.00066085978825351766
    Local Iteration  83: ||V_upper^k - V_upper^k-1||_inf = 0.00000000000000000000, ||V_lower^k - V_lower^k-1||_inf = 0.00035501511810042649
    Local Iteration  84: ||V_upper^k - V_upper^k-1||_inf = 0.00000000000000000000, ||V_lower^k - V_lower^k-1||_inf = 0.00016629297845953661
    Local Iteration  85: ||V_upper^k - V_upper^k-1||_inf = 0.00000000000000000000, ||V_lower^k - V_lower^k-1||_inf = 0.00000000000000000000

==================================================
 LOCAL CONVERGENCE ACHIEVED
==================================================
  ||V_upper^k - V_upper^k-1||_inf = 0.00000000000000000000e+00 < tolerance = 1e-08
  ||V_lower^k - V_lower^k-1||_inf = 0.00000000000000000000e+00 < tolerance = 1e-08
  Converged in 85 iterations
  V_lower increased from min(l_lower, r_lower); smallest step 0.000e+00
    Local VI completed in 85 iterations
    Final convergence values:
      ||V_upper^final - V_upper^prev||_inf = 0.00000000e+00
      ||V_lower^final - V_lower^prev||_inf = 0.00000000e+00
  Local VI completed in 85 iterations, time: 8.645s
    Final ||V_upper^k - V_upper^k-1||_inf = 0.00000000000000000000e+00
    Final ||V_lower^k - V_lower^k-1||_inf = 0.00000000000000000000e+00
  Saved visualization: /Users/i.k.tabbara/Documents/python directory/HSCC_2027/refactored_Implementations/results_hscc_2027_modified_init/ra_discount/double_integrator_res10_eps0.05_dmin1e-08_dmax1e-08_gamma0.96_dt0.3_tau0.3_std/value_function_phase_7_complete.png
  Phase 7 completed in 9.72s with 1047948 leaf cells

Classification after phase 7:
  Safe:           726378 cells ( 69.3%),   61.4% of state space
  Unsafe:          18208 cells (  1.7%),   14.9% of state space
  Unclassified:   303362 cells ( 28.9%),   23.7% of state space

======================================================================
REFINEMENT PHASE 8
======================================================================
Boundary cells: 303362
  Refinable (>eta_min=0.017678): 303362
  Below threshold: 0
  Cumulative refined: 1037948
  Refinable cell size statistics:
    Max:    0.150000
    Mean:   0.150000
    Min:    0.150000
    Median: 0.150000
  Refining 303362 cells...
    Refined: 303362 parent cells
    Created: 606724 child cells
    Total cells: 1351310
    Refinement time: 0.060s
    Cumulative refined: 1341310
  Rebuilding spatial index...
  Building spatial index for 1351310 cells...
   Spatial index built in 0.39s
    Spatial index rebuilt in 0.392s
  Initializing 606724 new cells...
  Initializing 606724 new cells in parallel...
   Initialized in 0.00s (393444451.4 cells/s)
    Initialization completed in 0.002s
  Starting local value iteration...
  Reinitializing ALL 1351310 cells (V_lower = min(l, r), V_upper = l)
   Reinitialized 1351310 cells in 0.00s (341340404.8 cells/s)
  Local VI: updating all 1351310 cells
    Conservative mode: False
    Convergence tolerance: 1e-08
    Max iterations: 20000
    Updating successor cache for 606724 updated cells...
    Updating successor cache for 606724 new cells (HYBRID)...
      Affected cells: 1044666
   Trajectories + spatial queries computed in 3.77s (2491730.2 tasks/s)
    Breakdown: 8.8% ODE, 91.2% queries
     Cache updated in 4.33s (2170312.3 tasks/s)
    Local Iteration   1: ||V_upper^k - V_upper^k-1||_inf = 3.93799602617861266296, ||V_lower^k - V_lower^k-1||_inf = 4.84471998602963793701
    Local Iteration   2: ||V_upper^k - V_upper^k-1||_inf = 3.77207197250227554974, ||V_lower^k - V_lower^k-1||_inf = 4.63183939178134718162
    Local Iteration   3: ||V_upper^k - V_upper^k-1||_inf = 0.12230418285585553662, ||V_lower^k - V_lower^k-1||_inf = 4.40970181611009337530
    Local Iteration   4: ||V_upper^k - V_upper^k-1||_inf = 0.10526992913065047475, ||V_lower^k - V_lower^k-1||_inf = 4.12839580834036468104
    Local Iteration   5: ||V_upper^k - V_upper^k-1||_inf = 0.10105913196542459787, ||V_lower^k - V_lower^k-1||_inf = 3.69970911868132912304
    Local Iteration   6: ||V_upper^k - V_upper^k-1||_inf = 0.09701676668680736526, ||V_lower^k - V_lower^k-1||_inf = 1.88227733029836441503
    Local Iteration   7: ||V_upper^k - V_upper^k-1||_inf = 0.09313609601933503512, ||V_lower^k - V_lower^k-1||_inf = 1.80698623708642980290
    Local Iteration   8: ||V_upper^k - V_upper^k-1||_inf = 0.08941065217856181135, ||V_lower^k - V_lower^k-1||_inf = 1.71273733200247457731
    Local Iteration   9: ||V_upper^k - V_upper^k-1||_inf = 0.08583422609141910797, ||V_lower^k - V_lower^k-1||_inf = 0.20855252189184003697
    Local Iteration  10: ||V_upper^k - V_upper^k-1||_inf = 0.08240085704776256570, ||V_lower^k - V_lower^k-1||_inf = 0.20021042101616648434
    Local Iteration  11: ||V_upper^k - V_upper^k-1||_inf = 0.07910482276585195649, ||V_lower^k - V_lower^k-1||_inf = 0.15493528826296237844
    Local Iteration  12: ||V_upper^k - V_upper^k-1||_inf = 0.07594062985521787823, ||V_lower^k - V_lower^k-1||_inf = 0.14873787673244387442
    Local Iteration  13: ||V_upper^k - V_upper^k-1||_inf = 0.07290300466100907428, ||V_lower^k - V_lower^k-1||_inf = 0.14278836166314612388
    Local Iteration  14: ||V_upper^k - V_upper^k-1||_inf = 0.06998688447456880013, ||V_lower^k - V_lower^k-1||_inf = 0.13707682719662023230
    Local Iteration  15: ||V_upper^k - V_upper^k-1||_inf = 0.06718740909558595931, ||V_lower^k - V_lower^k-1||_inf = 0.13159375410875540080
    Local Iteration  16: ||V_upper^k - V_upper^k-1||_inf = 0.06449991273176269857, ||V_lower^k - V_lower^k-1||_inf = 0.12633000394440518921
    Local Iteration  17: ||V_upper^k - V_upper^k-1||_inf = 0.06191991622249215510, ||V_lower^k - V_lower^k-1||_inf = 0.12127680378662897276
    Local Iteration  18: ||V_upper^k - V_upper^k-1||_inf = 0.05944311957359249554, ||V_lower^k - V_lower^k-1||_inf = 0.11642573163516378720
    Local Iteration  19: ||V_upper^k - V_upper^k-1||_inf = 0.05706539479064876019, ||V_lower^k - V_lower^k-1||_inf = 0.11176870236975722239
    Local Iteration  20: ||V_upper^k - V_upper^k-1||_inf = 0.05478277899902272985, ||V_lower^k - V_lower^k-1||_inf = 0.10729795427496693905
    Local Iteration  21: ||V_upper^k - V_upper^k-1||_inf = 0.05259146783906176736, ||V_lower^k - V_lower^k-1||_inf = 0.10300603610396827370
    Local Iteration  22: ||V_upper^k - V_upper^k-1||_inf = 0.05048780912549943878, ||V_lower^k - V_lower^k-1||_inf = 0.09888579465980953942
    Local Iteration  23: ||V_upper^k - V_upper^k-1||_inf = 0.04846829676047947899, ||V_lower^k - V_lower^k-1||_inf = 0.09144612370485985520
    Local Iteration  24: ||V_upper^k - V_upper^k-1||_inf = 0.04652956489006032648, ||V_lower^k - V_lower^k-1||_inf = 0.07382178727515603667
    Local Iteration  25: ||V_upper^k - V_upper^k-1||_inf = 0.04466838229445779795, ||V_lower^k - V_lower^k-1||_inf = 0.06514280054646025275
    Local Iteration  26: ||V_upper^k - V_upper^k-1||_inf = 0.04288164700267960150, ||V_lower^k - V_lower^k-1||_inf = 0.06253708852460183876
    Local Iteration  27: ||V_upper^k - V_upper^k-1||_inf = 0.04116638112257231530, ||V_lower^k - V_lower^k-1||_inf = 0.06003560498361777686
    Local Iteration  28: ||V_upper^k - V_upper^k-1||_inf = 0.03951972587766938716, ||V_lower^k - V_lower^k-1||_inf = 0.05763418078427305635
    Local Iteration  29: ||V_upper^k - V_upper^k-1||_inf = 0.03793893684256266496, ||V_lower^k - V_lower^k-1||_inf = 0.05532881355290214520
    Local Iteration  30: ||V_upper^k - V_upper^k-1||_inf = 0.03642137936886014060, ||V_lower^k - V_lower^k-1||_inf = 0.05180156326809673417
    Local Iteration  31: ||V_upper^k - V_upper^k-1||_inf = 0.03496452419410567281, ||V_lower^k - V_lower^k-1||_inf = 0.04972950073737283927
    Local Iteration  32: ||V_upper^k - V_upper^k-1||_inf = 0.03356594322634154359, ||V_lower^k - V_lower^k-1||_inf = 0.04774032070787792570
    Local Iteration  33: ||V_upper^k - V_upper^k-1||_inf = 0.03222330549728780191, ||V_lower^k - V_lower^k-1||_inf = 0.04583070787956278203
    Local Iteration  34: ||V_upper^k - V_upper^k-1||_inf = 0.03093437327739634313, ||V_lower^k - V_lower^k-1||_inf = 0.04399747956438024299
    Local Iteration  35: ||V_upper^k - V_upper^k-1||_inf = 0.02969699834630046276, ||V_lower^k - V_lower^k-1||_inf = 0.04223758038180502883
    Local Iteration  36: ||V_upper^k - V_upper^k-1||_inf = 0.02850911841244840872, ||V_lower^k - V_lower^k-1||_inf = 0.04054807716653283101
    Local Iteration  37: ||V_upper^k - V_upper^k-1||_inf = 0.02736875367595048569, ||V_lower^k - V_lower^k-1||_inf = 0.03892615407987151666
    Local Iteration  38: ||V_upper^k - V_upper^k-1||_inf = 0.02627400352891251512, ||V_lower^k - V_lower^k-1||_inf = 0.03736910791667666376
    Local Iteration  39: ||V_upper^k - V_upper^k-1||_inf = 0.02522304338775593902, ||V_lower^k - V_lower^k-1||_inf = 0.03587434360000960054
    Local Iteration  40: ||V_upper^k - V_upper^k-1||_inf = 0.02421412165224579027, ||V_lower^k - V_lower^k-1||_inf = 0.03443936985600923317
    Local Iteration  41: ||V_upper^k - V_upper^k-1||_inf = 0.02324555678615591869, ||V_lower^k - V_lower^k-1||_inf = 0.03306179506176884497
    Local Iteration  42: ||V_upper^k - V_upper^k-1||_inf = 0.02231573451470969527, ||V_lower^k - V_lower^k-1||_inf = 0.03173932325929809672
    Local Iteration  43: ||V_upper^k - V_upper^k-1||_inf = 0.02142310513412126749, ||V_lower^k - V_lower^k-1||_inf = 0.03046975032892618174
    Local Iteration  44: ||V_upper^k - V_upper^k-1||_inf = 0.02056618092875645010, ||V_lower^k - V_lower^k-1||_inf = 0.02925096031576912559
    Local Iteration  45: ||V_upper^k - V_upper^k-1||_inf = 0.01974353369160619653, ||V_lower^k - V_lower^k-1||_inf = 0.02808092190313837833
    Local Iteration  46: ||V_upper^k - V_upper^k-1||_inf = 0.01895379234394195533, ||V_lower^k - V_lower^k-1||_inf = 0.02695768502701284541
    Local Iteration  47: ||V_upper^k - V_upper^k-1||_inf = 0.01819564065018425270, ||V_lower^k - V_lower^k-1||_inf = 0.02587937762593234270
    Local Iteration  48: ||V_upper^k - V_upper^k-1||_inf = 0.01746781502417688037, ||V_lower^k - V_lower^k-1||_inf = 0.02484420252089505898
    Local Iteration  49: ||V_upper^k - V_upper^k-1||_inf = 0.01676910242320978073, ||V_lower^k - V_lower^k-1||_inf = 0.02385043442005925496
    Local Iteration  50: ||V_upper^k - V_upper^k-1||_inf = 0.01609833832628143613, ||V_lower^k - V_lower^k-1||_inf = 0.02289641704325690030
    Local Iteration  51: ||V_upper^k - V_upper^k-1||_inf = 0.01545440479323018090, ||V_lower^k - V_lower^k-1||_inf = 0.02198056036152661041
    Local Iteration  52: ||V_upper^k - V_upper^k-1||_inf = 0.01483622860150096701, ||V_lower^k - V_lower^k-1||_inf = 0.02110133794706554877
    Local Iteration  53: ||V_upper^k - V_upper^k-1||_inf = 0.01424277945744090168, ||V_lower^k - V_lower^k-1||_inf = 0.02025728442918292571
    Local Iteration  54: ||V_upper^k - V_upper^k-1||_inf = 0.01367306827914327449, ||V_lower^k - V_lower^k-1||_inf = 0.01944699305201559592
    Local Iteration  55: ||V_upper^k - V_upper^k-1||_inf = 0.01312614554797753019, ||V_lower^k - V_lower^k-1||_inf = 0.01866911332993496930
    Local Iteration  56: ||V_upper^k - V_upper^k-1||_inf = 0.01260109972605844009, ||V_lower^k - V_lower^k-1||_inf = 0.01792234879673758330
    Local Iteration  57: ||V_upper^k - V_upper^k-1||_inf = 0.01209705573701608250, ||V_lower^k - V_lower^k-1||_inf = 0.01720545484486807331
    Local Iteration  58: ||V_upper^k - V_upper^k-1||_inf = 0.01161317350753543476, ||V_lower^k - V_lower^k-1||_inf = 0.01651723665107335259
    Local Iteration  59: ||V_upper^k - V_upper^k-1||_inf = 0.01114864656723402181, ||V_lower^k - V_lower^k-1||_inf = 0.01585654718503042016
    Local Iteration  60: ||V_upper^k - V_upper^k-1||_inf = 0.00185856437036058253, ||V_lower^k - V_lower^k-1||_inf = 0.01522228529762920113
    Local Iteration  61: ||V_upper^k - V_upper^k-1||_inf = 0.00000000000000000000, ||V_lower^k - V_lower^k-1||_inf = 0.01461339388572402420
    Local Iteration  62: ||V_upper^k - V_upper^k-1||_inf = 0.00000000000000000000, ||V_lower^k - V_lower^k-1||_inf = 0.01402885813029505768
    Local Iteration  63: ||V_upper^k - V_upper^k-1||_inf = 0.00000000000000000000, ||V_lower^k - V_lower^k-1||_inf = 0.01236182580968939876
    Local Iteration  64: ||V_upper^k - V_upper^k-1||_inf = 0.00000000000000000000, ||V_lower^k - V_lower^k-1||_inf = 0.01138687994141782470
    Local Iteration  65: ||V_upper^k - V_upper^k-1||_inf = 0.00000000000000000000, ||V_lower^k - V_lower^k-1||_inf = 0.01093140474376111393
    Local Iteration  66: ||V_upper^k - V_upper^k-1||_inf = 0.00000000000000000000, ||V_lower^k - V_lower^k-1||_inf = 0.01049414855401066896
    Local Iteration  67: ||V_upper^k - V_upper^k-1||_inf = 0.00000000000000000000, ||V_lower^k - V_lower^k-1||_inf = 0.01007438261185024039
    Local Iteration  68: ||V_upper^k - V_upper^k-1||_inf = 0.00000000000000000000, ||V_lower^k - V_lower^k-1||_inf = 0.00967140730737622856
    Local Iteration  69: ||V_upper^k - V_upper^k-1||_inf = 0.00000000000000000000, ||V_lower^k - V_lower^k-1||_inf = 0.00609101126031753870
    Local Iteration  70: ||V_upper^k - V_upper^k-1||_inf = 0.00000000000000000000, ||V_lower^k - V_lower^k-1||_inf = 0.00584737080990483521
    Local Iteration  71: ||V_upper^k - V_upper^k-1||_inf = 0.00000000000000000000, ||V_lower^k - V_lower^k-1||_inf = 0.00561347597750864319
    Local Iteration  72: ||V_upper^k - V_upper^k-1||_inf = 0.00000000000000000000, ||V_lower^k - V_lower^k-1||_inf = 0.00334626346530184863
    Local Iteration  73: ||V_upper^k - V_upper^k-1||_inf = 0.00000000000000000000, ||V_lower^k - V_lower^k-1||_inf = 0.00321241292668977482
    Local Iteration  74: ||V_upper^k - V_upper^k-1||_inf = 0.00000000000000000000, ||V_lower^k - V_lower^k-1||_inf = 0.00308391640962218374
    Local Iteration  75: ||V_upper^k - V_upper^k-1||_inf = 0.00000000000000000000, ||V_lower^k - V_lower^k-1||_inf = 0.00296055975323729608
    Local Iteration  76: ||V_upper^k - V_upper^k-1||_inf = 0.00000000000000000000, ||V_lower^k - V_lower^k-1||_inf = 0.00284213736310780403
    Local Iteration  77: ||V_upper^k - V_upper^k-1||_inf = 0.00000000000000000000, ||V_lower^k - V_lower^k-1||_inf = 0.00272845186858349225
    Local Iteration  78: ||V_upper^k - V_upper^k-1||_inf = 0.00000000000000000000, ||V_lower^k - V_lower^k-1||_inf = 0.00261931379384015232
    Local Iteration  79: ||V_upper^k - V_upper^k-1||_inf = 0.00000000000000000000, ||V_lower^k - V_lower^k-1||_inf = 0.00094274635689689610
    Local Iteration  80: ||V_upper^k - V_upper^k-1||_inf = 0.00000000000000000000, ||V_lower^k - V_lower^k-1||_inf = 0.00090503650262102023
    Local Iteration  81: ||V_upper^k - V_upper^k-1||_inf = 0.00000000000000000000, ||V_lower^k - V_lower^k-1||_inf = 0.00086883504251617926
    Local Iteration  82: ||V_upper^k - V_upper^k-1||_inf = 0.00000000000000000000, ||V_lower^k - V_lower^k-1||_inf = 0.00083408164081553212
    Local Iteration  83: ||V_upper^k - V_upper^k-1||_inf = 0.00000000000000000000, ||V_lower^k - V_lower^k-1||_inf = 0.00000000000000000289

==================================================
 LOCAL CONVERGENCE ACHIEVED
==================================================
  ||V_upper^k - V_upper^k-1||_inf = 0.00000000000000000000e+00 < tolerance = 1e-08
  ||V_lower^k - V_lower^k-1||_inf = 2.88668828424265555554e-18 < tolerance = 1e-08
  Converged in 83 iterations
  V_lower increased from min(l_lower, r_lower); smallest step 0.000e+00
    Local VI completed in 83 iterations
    Final convergence values:
      ||V_upper^final - V_upper^prev||_inf = 0.00000000e+00
      ||V_lower^final - V_lower^prev||_inf = 2.88668828e-18
  Local VI completed in 83 iterations, time: 11.113s
    Final ||V_upper^k - V_upper^k-1||_inf = 0.00000000000000000000e+00
    Final ||V_lower^k - V_lower^k-1||_inf = 2.88668828424265555554e-18
  Saved visualization: /Users/i.k.tabbara/Documents/python directory/HSCC_2027/refactored_Implementations/results_hscc_2027_modified_init/ra_discount/double_integrator_res10_eps0.05_dmin1e-08_dmax1e-08_gamma0.96_dt0.3_tau0.3_std/value_function_phase_8_complete.png
  Phase 8 completed in 12.36s with 1351310 leaf cells

Classification after phase 8:
  Safe:           896250 cells ( 66.3%),   68.0% of state space
  Unsafe:          47110 cells (  3.5%),   16.0% of state space
  Unclassified:   407950 cells ( 30.2%),   15.9% of state space

======================================================================
REFINEMENT PHASE 9
======================================================================
Boundary cells: 407950
  Refinable (>eta_min=0.017678): 407950
  Below threshold: 0
  Cumulative refined: 1341310
  Refinable cell size statistics:
    Max:    0.100000
    Mean:   0.100000
    Min:    0.100000
    Median: 0.100000
  Refining 407950 cells...
    Refined: 407950 parent cells
    Created: 815900 child cells
    Total cells: 1759260
    Refinement time: 0.017s
    Cumulative refined: 1749260
  Rebuilding spatial index...
  Building spatial index for 1759260 cells...
   Spatial index built in 0.50s
    Spatial index rebuilt in 0.498s
  Initializing 815900 new cells...
  Initializing 815900 new cells in parallel...
   Initialized in 0.00s (398218534.6 cells/s)
    Initialization completed in 0.002s
  Starting local value iteration...
  Reinitializing ALL 1759260 cells (V_lower = min(l, r), V_upper = l)
   Reinitialized 1759260 cells in 0.01s (297205732.9 cells/s)
  Local VI: updating all 1759260 cells
    Conservative mode: False
    Convergence tolerance: 1e-08
    Max iterations: 20000
    Updating successor cache for 815900 updated cells...
    Updating successor cache for 815900 new cells (HYBRID)...
      Affected cells: 1289274
   Trajectories + spatial queries computed in 5.61s (2068515.8 tasks/s)
    Breakdown: 8.8% ODE, 91.2% queries
     Cache updated in 6.50s (1784329.7 tasks/s)
    Local Iteration   1: ||V_upper^k - V_upper^k-1||_inf = 3.93799602617861266296, ||V_lower^k - V_lower^k-1||_inf = 4.84471998602963793701
    Local Iteration   2: ||V_upper^k - V_upper^k-1||_inf = 3.77207197250227554974, ||V_lower^k - V_lower^k-1||_inf = 4.63183939178134718162
    Local Iteration   3: ||V_upper^k - V_upper^k-1||_inf = 0.12740461349520382228, ||V_lower^k - V_lower^k-1||_inf = 4.40970181611009337530
    Local Iteration   4: ||V_upper^k - V_upper^k-1||_inf = 0.10983305720248548454, ||V_lower^k - V_lower^k-1||_inf = 4.12839580834036468104
    Local Iteration   5: ||V_upper^k - V_upper^k-1||_inf = 0.10105913196542459787, ||V_lower^k - V_lower^k-1||_inf = 3.69970911868132912304
    Local Iteration   6: ||V_upper^k - V_upper^k-1||_inf = 0.09701676668680736526, ||V_lower^k - V_lower^k-1||_inf = 1.88227733029836441503
    Local Iteration   7: ||V_upper^k - V_upper^k-1||_inf = 0.09313609601933503512, ||V_lower^k - V_lower^k-1||_inf = 1.80698623708642980290
    Local Iteration   8: ||V_upper^k - V_upper^k-1||_inf = 0.08941065217856181135, ||V_lower^k - V_lower^k-1||_inf = 1.73470678760297269960
    Local Iteration   9: ||V_upper^k - V_upper^k-1||_inf = 0.08583422609141910797, ||V_lower^k - V_lower^k-1||_inf = 0.20855252189184003697
    Local Iteration  10: ||V_upper^k - V_upper^k-1||_inf = 0.08240085704776256570, ||V_lower^k - V_lower^k-1||_inf = 0.16334642101616647647
    Local Iteration  11: ||V_upper^k - V_upper^k-1||_inf = 0.07910482276585195649, ||V_lower^k - V_lower^k-1||_inf = 0.15493528826296237844
    Local Iteration  12: ||V_upper^k - V_upper^k-1||_inf = 0.07594062985521787823, ||V_lower^k - V_lower^k-1||_inf = 0.14873787673244387442
    Local Iteration  13: ||V_upper^k - V_upper^k-1||_inf = 0.07290300466100907428, ||V_lower^k - V_lower^k-1||_inf = 0.14278836166314612388
    Local Iteration  14: ||V_upper^k - V_upper^k-1||_inf = 0.06998688447456880013, ||V_lower^k - V_lower^k-1||_inf = 0.13707682719662023230
    Local Iteration  15: ||V_upper^k - V_upper^k-1||_inf = 0.06718740909558595931, ||V_lower^k - V_lower^k-1||_inf = 0.13159375410875540080
    Local Iteration  16: ||V_upper^k - V_upper^k-1||_inf = 0.06449991273176269857, ||V_lower^k - V_lower^k-1||_inf = 0.12633000394440518921
    Local Iteration  17: ||V_upper^k - V_upper^k-1||_inf = 0.06191991622249215510, ||V_lower^k - V_lower^k-1||_inf = 0.12127680378662897276
    Local Iteration  18: ||V_upper^k - V_upper^k-1||_inf = 0.05944311957359249554, ||V_lower^k - V_lower^k-1||_inf = 0.11642573163516378720
    Local Iteration  19: ||V_upper^k - V_upper^k-1||_inf = 0.05706539479064876019, ||V_lower^k - V_lower^k-1||_inf = 0.11176870236975722239
    Local Iteration  20: ||V_upper^k - V_upper^k-1||_inf = 0.05478277899902272985, ||V_lower^k - V_lower^k-1||_inf = 0.10729795427496693905
    Local Iteration  21: ||V_upper^k - V_upper^k-1||_inf = 0.05259146783906176736, ||V_lower^k - V_lower^k-1||_inf = 0.10300603610396827370
    Local Iteration  22: ||V_upper^k - V_upper^k-1||_inf = 0.05048780912549943878, ||V_lower^k - V_lower^k-1||_inf = 0.09888579465980953942
    Local Iteration  23: ||V_upper^k - V_upper^k-1||_inf = 0.04846829676047947899, ||V_lower^k - V_lower^k-1||_inf = 0.09144612370485985520
    Local Iteration  24: ||V_upper^k - V_upper^k-1||_inf = 0.04652956489006032648, ||V_lower^k - V_lower^k-1||_inf = 0.07382178727515603667
    Local Iteration  25: ||V_upper^k - V_upper^k-1||_inf = 0.04466838229445779795, ||V_lower^k - V_lower^k-1||_inf = 0.06514280054646025275
    Local Iteration  26: ||V_upper^k - V_upper^k-1||_inf = 0.04288164700267960150, ||V_lower^k - V_lower^k-1||_inf = 0.06253708852460183876
    Local Iteration  27: ||V_upper^k - V_upper^k-1||_inf = 0.04116638112257231530, ||V_lower^k - V_lower^k-1||_inf = 0.06003560498361777686
    Local Iteration  28: ||V_upper^k - V_upper^k-1||_inf = 0.03951972587766938716, ||V_lower^k - V_lower^k-1||_inf = 0.05763418078427305635
    Local Iteration  29: ||V_upper^k - V_upper^k-1||_inf = 0.03793893684256266496, ||V_lower^k - V_lower^k-1||_inf = 0.05532881355290214520
    Local Iteration  30: ||V_upper^k - V_upper^k-1||_inf = 0.03642137936886014060, ||V_lower^k - V_lower^k-1||_inf = 0.05180156326809673417
    Local Iteration  31: ||V_upper^k - V_upper^k-1||_inf = 0.03496452419410567281, ||V_lower^k - V_lower^k-1||_inf = 0.04972950073737283927
    Local Iteration  32: ||V_upper^k - V_upper^k-1||_inf = 0.03356594322634154359, ||V_lower^k - V_lower^k-1||_inf = 0.04774032070787792570
    Local Iteration  33: ||V_upper^k - V_upper^k-1||_inf = 0.03222330549728780191, ||V_lower^k - V_lower^k-1||_inf = 0.04583070787956278203
    Local Iteration  34: ||V_upper^k - V_upper^k-1||_inf = 0.03093437327739634313, ||V_lower^k - V_lower^k-1||_inf = 0.04399747956438024299
    Local Iteration  35: ||V_upper^k - V_upper^k-1||_inf = 0.02969699834630046276, ||V_lower^k - V_lower^k-1||_inf = 0.04223758038180502883
    Local Iteration  36: ||V_upper^k - V_upper^k-1||_inf = 0.02850911841244840872, ||V_lower^k - V_lower^k-1||_inf = 0.04054807716653283101
    Local Iteration  37: ||V_upper^k - V_upper^k-1||_inf = 0.02736875367595048569, ||V_lower^k - V_lower^k-1||_inf = 0.03892615407987151666
    Local Iteration  38: ||V_upper^k - V_upper^k-1||_inf = 0.02627400352891251512, ||V_lower^k - V_lower^k-1||_inf = 0.03736910791667666376
    Local Iteration  39: ||V_upper^k - V_upper^k-1||_inf = 0.02522304338775593902, ||V_lower^k - V_lower^k-1||_inf = 0.03587434360000960054
    Local Iteration  40: ||V_upper^k - V_upper^k-1||_inf = 0.02421412165224579027, ||V_lower^k - V_lower^k-1||_inf = 0.03443936985600923317
    Local Iteration  41: ||V_upper^k - V_upper^k-1||_inf = 0.02324555678615591869, ||V_lower^k - V_lower^k-1||_inf = 0.03306179506176884497
    Local Iteration  42: ||V_upper^k - V_upper^k-1||_inf = 0.02231573451470969527, ||V_lower^k - V_lower^k-1||_inf = 0.03173932325929809672
    Local Iteration  43: ||V_upper^k - V_upper^k-1||_inf = 0.02142310513412126749, ||V_lower^k - V_lower^k-1||_inf = 0.03046975032892618174
    Local Iteration  44: ||V_upper^k - V_upper^k-1||_inf = 0.02056618092875645010, ||V_lower^k - V_lower^k-1||_inf = 0.02925096031576912559
    Local Iteration  45: ||V_upper^k - V_upper^k-1||_inf = 0.01974353369160619653, ||V_lower^k - V_lower^k-1||_inf = 0.02808092190313837833
    Local Iteration  46: ||V_upper^k - V_upper^k-1||_inf = 0.01895379234394195533, ||V_lower^k - V_lower^k-1||_inf = 0.02695768502701284541
    Local Iteration  47: ||V_upper^k - V_upper^k-1||_inf = 0.01819564065018425270, ||V_lower^k - V_lower^k-1||_inf = 0.02587937762593234270
    Local Iteration  48: ||V_upper^k - V_upper^k-1||_inf = 0.01746781502417688037, ||V_lower^k - V_lower^k-1||_inf = 0.02484420252089505898
    Local Iteration  49: ||V_upper^k - V_upper^k-1||_inf = 0.01676910242320978073, ||V_lower^k - V_lower^k-1||_inf = 0.02385043442005925496
    Local Iteration  50: ||V_upper^k - V_upper^k-1||_inf = 0.01609833832628143613, ||V_lower^k - V_lower^k-1||_inf = 0.02289641704325690030
    Local Iteration  51: ||V_upper^k - V_upper^k-1||_inf = 0.01545440479323018090, ||V_lower^k - V_lower^k-1||_inf = 0.02198056036152661041
    Local Iteration  52: ||V_upper^k - V_upper^k-1||_inf = 0.01483622860150096701, ||V_lower^k - V_lower^k-1||_inf = 0.02110133794706554877
    Local Iteration  53: ||V_upper^k - V_upper^k-1||_inf = 0.01424277945744090168, ||V_lower^k - V_lower^k-1||_inf = 0.02025728442918292571
    Local Iteration  54: ||V_upper^k - V_upper^k-1||_inf = 0.01367306827914327449, ||V_lower^k - V_lower^k-1||_inf = 0.01944699305201559592
    Local Iteration  55: ||V_upper^k - V_upper^k-1||_inf = 0.01312614554797753019, ||V_lower^k - V_lower^k-1||_inf = 0.01866911332993496930
    Local Iteration  56: ||V_upper^k - V_upper^k-1||_inf = 0.01260109972605844009, ||V_lower^k - V_lower^k-1||_inf = 0.01792234879673758330
    Local Iteration  57: ||V_upper^k - V_upper^k-1||_inf = 0.01209705573701608250, ||V_lower^k - V_lower^k-1||_inf = 0.01720545484486807331
    Local Iteration  58: ||V_upper^k - V_upper^k-1||_inf = 0.01161317350753543476, ||V_lower^k - V_lower^k-1||_inf = 0.01651723665107335259
    Local Iteration  59: ||V_upper^k - V_upper^k-1||_inf = 0.01114864656723402181, ||V_lower^k - V_lower^k-1||_inf = 0.01585654718503042016
    Local Iteration  60: ||V_upper^k - V_upper^k-1||_inf = 0.00185856437036058253, ||V_lower^k - V_lower^k-1||_inf = 0.01522228529762920113
    Local Iteration  61: ||V_upper^k - V_upper^k-1||_inf = 0.00000000000000000000, ||V_lower^k - V_lower^k-1||_inf = 0.01461339388572402420
    Local Iteration  62: ||V_upper^k - V_upper^k-1||_inf = 0.00000000000000000000, ||V_lower^k - V_lower^k-1||_inf = 0.01402885813029505768
    Local Iteration  63: ||V_upper^k - V_upper^k-1||_inf = 0.00000000000000000000, ||V_lower^k - V_lower^k-1||_inf = 0.01236182580968939876
    Local Iteration  64: ||V_upper^k - V_upper^k-1||_inf = 0.00000000000000000000, ||V_lower^k - V_lower^k-1||_inf = 0.01138687994141782470
    Local Iteration  65: ||V_upper^k - V_upper^k-1||_inf = 0.00000000000000000000, ||V_lower^k - V_lower^k-1||_inf = 0.01093140474376111393
    Local Iteration  66: ||V_upper^k - V_upper^k-1||_inf = 0.00000000000000000000, ||V_lower^k - V_lower^k-1||_inf = 0.01049414855401066896
    Local Iteration  67: ||V_upper^k - V_upper^k-1||_inf = 0.00000000000000000000, ||V_lower^k - V_lower^k-1||_inf = 0.01007438261185024039
    Local Iteration  68: ||V_upper^k - V_upper^k-1||_inf = 0.00000000000000000000, ||V_lower^k - V_lower^k-1||_inf = 0.00967140730737622856
    Local Iteration  69: ||V_upper^k - V_upper^k-1||_inf = 0.00000000000000000000, ||V_lower^k - V_lower^k-1||_inf = 0.00609101126031754217
    Local Iteration  70: ||V_upper^k - V_upper^k-1||_inf = 0.00000000000000000000, ||V_lower^k - V_lower^k-1||_inf = 0.00584737080990483868
    Local Iteration  71: ||V_upper^k - V_upper^k-1||_inf = 0.00000000000000000000, ||V_lower^k - V_lower^k-1||_inf = 0.00561347597750864492
    Local Iteration  72: ||V_upper^k - V_upper^k-1||_inf = 0.00000000000000000000, ||V_lower^k - V_lower^k-1||_inf = 0.00334626346530183562
    Local Iteration  73: ||V_upper^k - V_upper^k-1||_inf = 0.00000000000000000000, ||V_lower^k - V_lower^k-1||_inf = 0.00321241292668976181
    Local Iteration  74: ||V_upper^k - V_upper^k-1||_inf = 0.00000000000000000000, ||V_lower^k - V_lower^k-1||_inf = 0.00308391640962217073
    Local Iteration  75: ||V_upper^k - V_upper^k-1||_inf = 0.00000000000000000000, ||V_lower^k - V_lower^k-1||_inf = 0.00296055975323728394
    Local Iteration  76: ||V_upper^k - V_upper^k-1||_inf = 0.00000000000000000000, ||V_lower^k - V_lower^k-1||_inf = 0.00284213736310779189
    Local Iteration  77: ||V_upper^k - V_upper^k-1||_inf = 0.00000000000000000000, ||V_lower^k - V_lower^k-1||_inf = 0.00272845186858348011
    Local Iteration  78: ||V_upper^k - V_upper^k-1||_inf = 0.00000000000000000000, ||V_lower^k - V_lower^k-1||_inf = 0.00261931379384014104
    Local Iteration  79: ||V_upper^k - V_upper^k-1||_inf = 0.00000000000000000000, ||V_lower^k - V_lower^k-1||_inf = 0.00094274635689689610
    Local Iteration  80: ||V_upper^k - V_upper^k-1||_inf = 0.00000000000000000000, ||V_lower^k - V_lower^k-1||_inf = 0.00090503650262102023
    Local Iteration  81: ||V_upper^k - V_upper^k-1||_inf = 0.00000000000000000000, ||V_lower^k - V_lower^k-1||_inf = 0.00086883504251617926
    Local Iteration  82: ||V_upper^k - V_upper^k-1||_inf = 0.00000000000000000000, ||V_lower^k - V_lower^k-1||_inf = 0.00083408164081553212
    Local Iteration  83: ||V_upper^k - V_upper^k-1||_inf = 0.00000000000000000000, ||V_lower^k - V_lower^k-1||_inf = 0.00000000000000000289

==================================================
 LOCAL CONVERGENCE ACHIEVED
==================================================
  ||V_upper^k - V_upper^k-1||_inf = 0.00000000000000000000e+00 < tolerance = 1e-08
  ||V_lower^k - V_lower^k-1||_inf = 2.88668828424265555554e-18 < tolerance = 1e-08
  Converged in 83 iterations
  V_lower increased from min(l_lower, r_lower); smallest step 0.000e+00
    Local VI completed in 83 iterations
    Final convergence values:
      ||V_upper^final - V_upper^prev||_inf = 0.00000000e+00
      ||V_lower^final - V_lower^prev||_inf = 2.88668828e-18
  Local VI completed in 83 iterations, time: 15.725s
    Final ||V_upper^k - V_upper^k-1||_inf = 0.00000000000000000000e+00
    Final ||V_lower^k - V_lower^k-1||_inf = 2.88668828424265555554e-18
  Saved visualization: /Users/i.k.tabbara/Documents/python directory/HSCC_2027/refactored_Implementations/results_hscc_2027_modified_init/ra_discount/double_integrator_res10_eps0.05_dmin1e-08_dmax1e-08_gamma0.96_dt0.3_tau0.3_std/value_function_phase_9_complete.png
  Phase 9 completed in 17.06s with 1759260 leaf cells

Classification after phase 9:
  Safe:           943184 cells ( 53.6%),   68.9% of state space
  Unsafe:          50408 cells (  2.9%),   16.1% of state space
  Unclassified:   765668 cells ( 43.5%),   15.0% of state space

======================================================================
REFINEMENT PHASE 10
======================================================================
Boundary cells: 765668
  Refinable (>eta_min=0.017678): 765668
  Below threshold: 0
  Cumulative refined: 1749260
  Refinable cell size statistics:
    Max:    0.100000
    Mean:   0.100000
    Min:    0.100000
    Median: 0.100000
  Refining 765668 cells...
    Refined: 765668 parent cells
    Created: 1531336 child cells
    Total cells: 2524928
    Refinement time: 0.029s
    Cumulative refined: 2514928
  Rebuilding spatial index...
  Building spatial index for 2524928 cells...
   Spatial index built in 0.77s
    Spatial index rebuilt in 0.772s
  Initializing 1531336 new cells...
  Initializing 1531336 new cells in parallel...
   Initialized in 0.00s (386786474.3 cells/s)
    Initialization completed in 0.004s
  Starting local value iteration...
  Reinitializing ALL 2524928 cells (V_lower = min(l, r), V_upper = l)
   Reinitialized 2524928 cells in 0.01s (298544550.9 cells/s)
  Local VI: updating all 2524928 cells
    Conservative mode: False
    Convergence tolerance: 1e-08
    Max iterations: 20000
    Updating successor cache for 1531336 updated cells...
    Updating successor cache for 1531336 new cells (HYBRID)...
      Affected cells: 2028094
   Trajectories + spatial queries computed in 9.98s (1829590.9 tasks/s)
    Breakdown: 10.3% ODE, 89.7% queries
     Cache updated in 11.31s (1614416.6 tasks/s)
    Local Iteration   1: ||V_upper^k - V_upper^k-1||_inf = 3.93799602617861266296, ||V_lower^k - V_lower^k-1||_inf = 4.84471998602963793701
    Local Iteration   2: ||V_upper^k - V_upper^k-1||_inf = 3.77207197250227554974, ||V_lower^k - V_lower^k-1||_inf = 4.61486882903286943503
    Local Iteration   3: ||V_upper^k - V_upper^k-1||_inf = 3.51063132217567464011, ||V_lower^k - V_lower^k-1||_inf = 4.39341007587155463199
    Local Iteration   4: ||V_upper^k - V_upper^k-1||_inf = 0.10507979879432394199, ||V_lower^k - V_lower^k-1||_inf = 4.10138702191301351974
    Local Iteration   5: ||V_upper^k - V_upper^k-1||_inf = 0.10087660684255084220, ||V_lower^k - V_lower^k-1||_inf = 3.64329089555566554282
    Local Iteration   6: ||V_upper^k - V_upper^k-1||_inf = 0.09684154256884891510, ||V_lower^k - V_lower^k-1||_inf = 1.88227733029836441503
    Local Iteration   7: ||V_upper^k - V_upper^k-1||_inf = 0.09296788086609497626, ||V_lower^k - V_lower^k-1||_inf = 1.80698623708642980290
    Local Iteration   8: ||V_upper^k - V_upper^k-1||_inf = 0.08924916563145135484, ||V_lower^k - V_lower^k-1||_inf = 1.71273733200247457731
    Local Iteration   9: ||V_upper^k - V_upper^k-1||_inf = 0.08567919900619314078, ||V_lower^k - V_lower^k-1||_inf = 0.20855252189184003697
    Local Iteration  10: ||V_upper^k - V_upper^k-1||_inf = 0.08225203104594536185, ||V_lower^k - V_lower^k-1||_inf = 0.16139092527391918352
    Local Iteration  11: ||V_upper^k - V_upper^k-1||_inf = 0.07896194980410764508, ||V_lower^k - V_lower^k-1||_inf = 0.15493528826296237844
    Local Iteration  12: ||V_upper^k - V_upper^k-1||_inf = 0.07580347181194335704, ||V_lower^k - V_lower^k-1||_inf = 0.14873787673244387442
    Local Iteration  13: ||V_upper^k - V_upper^k-1||_inf = 0.07277133293946547177, ||V_lower^k - V_lower^k-1||_inf = 0.14278836166314612388
    Local Iteration  14: ||V_upper^k - V_upper^k-1||_inf = 0.06986047962188690619, ||V_lower^k - V_lower^k-1||_inf = 0.13707682719662023230
    Local Iteration  15: ||V_upper^k - V_upper^k-1||_inf = 0.06706606043701146547, ||V_lower^k - V_lower^k-1||_inf = 0.13159375410875540080
    Local Iteration  16: ||V_upper^k - V_upper^k-1||_inf = 0.06438341801953106902, ||V_lower^k - V_lower^k-1||_inf = 0.12633000394440518921
    Local Iteration  17: ||V_upper^k - V_upper^k-1||_inf = 0.06180808129874981738, ||V_lower^k - V_lower^k-1||_inf = 0.12127680378662897276
    Local Iteration  18: ||V_upper^k - V_upper^k-1||_inf = 0.05933575804679969146, ||V_lower^k - V_lower^k-1||_inf = 0.11642573163516378720
    Local Iteration  19: ||V_upper^k - V_upper^k-1||_inf = 0.05696232772492781926, ||V_lower^k - V_lower^k-1||_inf = 0.11176870236975722239
    Local Iteration  20: ||V_upper^k - V_upper^k-1||_inf = 0.05468383461593062655, ||V_lower^k - V_lower^k-1||_inf = 0.10729795427496693905
    Local Iteration  21: ||V_upper^k - V_upper^k-1||_inf = 0.05249648123129335708, ||V_lower^k - V_lower^k-1||_inf = 0.10300603610396827370
    Local Iteration  22: ||V_upper^k - V_upper^k-1||_inf = 0.05039662198204175603, ||V_lower^k - V_lower^k-1||_inf = 0.09888579465980953942
    Local Iteration  23: ||V_upper^k - V_upper^k-1||_inf = 0.04838075710276013019, ||V_lower^k - V_lower^k-1||_inf = 0.09144612370485985520
    Local Iteration  24: ||V_upper^k - V_upper^k-1||_inf = 0.04644552681864966281, ||V_lower^k - V_lower^k-1||_inf = 0.07382178727515603667
    Local Iteration  25: ||V_upper^k - V_upper^k-1||_inf = 0.04458770574590364966, ||V_lower^k - V_lower^k-1||_inf = 0.06514280054646025275
    Local Iteration  26: ||V_upper^k - V_upper^k-1||_inf = 0.04280419751606756584, ||V_lower^k - V_lower^k-1||_inf = 0.06253708852460183876
    Local Iteration  27: ||V_upper^k - V_upper^k-1||_inf = 0.04109202961542479660, ||V_lower^k - V_lower^k-1||_inf = 0.06003560498361777686
    Local Iteration  28: ||V_upper^k - V_upper^k-1||_inf = 0.03944834843080780029, ||V_lower^k - V_lower^k-1||_inf = 0.05763418078427305635
    Local Iteration  29: ||V_upper^k - V_upper^k-1||_inf = 0.03787041449357553269, ||V_lower^k - V_lower^k-1||_inf = 0.05532881355290214520
    Local Iteration  30: ||V_upper^k - V_upper^k-1||_inf = 0.03635559791383247141, ||V_lower^k - V_lower^k-1||_inf = 0.05180156326809673417
    Local Iteration  31: ||V_upper^k - V_upper^k-1||_inf = 0.03490137399727910594, ||V_lower^k - V_lower^k-1||_inf = 0.04972950073737283927
    Local Iteration  32: ||V_upper^k - V_upper^k-1||_inf = 0.03350531903738795947, ||V_lower^k - V_lower^k-1||_inf = 0.04774032070787792570
    Local Iteration  33: ||V_upper^k - V_upper^k-1||_inf = 0.03216510627589241889, ||V_lower^k - V_lower^k-1||_inf = 0.04583070787956278203
    Local Iteration  34: ||V_upper^k - V_upper^k-1||_inf = 0.03087850202485675766, ||V_lower^k - V_lower^k-1||_inf = 0.04399747956438024299
    Local Iteration  35: ||V_upper^k - V_upper^k-1||_inf = 0.02964336194386252288, ||V_lower^k - V_lower^k-1||_inf = 0.04223758038180502883
    Local Iteration  36: ||V_upper^k - V_upper^k-1||_inf = 0.02845762746610802640, ||V_lower^k - V_lower^k-1||_inf = 0.04054807716653283101
    Local Iteration  37: ||V_upper^k - V_upper^k-1||_inf = 0.02731932236746370535, ||V_lower^k - V_lower^k-1||_inf = 0.03892615407987151666
    Local Iteration  38: ||V_upper^k - V_upper^k-1||_inf = 0.02622654947276514825, ||V_lower^k - V_lower^k-1||_inf = 0.03736910791667666376
    Local Iteration  39: ||V_upper^k - V_upper^k-1||_inf = 0.02517748749385451124, ||V_lower^k - V_lower^k-1||_inf = 0.03587434360000960054
    Local Iteration  40: ||V_upper^k - V_upper^k-1||_inf = 0.02417038799410031746, ||V_lower^k - V_lower^k-1||_inf = 0.03443936985600923317
    Local Iteration  41: ||V_upper^k - V_upper^k-1||_inf = 0.02320357247433635361, ||V_lower^k - V_lower^k-1||_inf = 0.03306179506176884497
    Local Iteration  42: ||V_upper^k - V_upper^k-1||_inf = 0.02227542957536288171, ||V_lower^k - V_lower^k-1||_inf = 0.03173932325929809672
    Local Iteration  43: ||V_upper^k - V_upper^k-1||_inf = 0.02138441239234833979, ||V_lower^k - V_lower^k-1||_inf = 0.03046975032892618174
    Local Iteration  44: ||V_upper^k - V_upper^k-1||_inf = 0.02052903589665444617, ||V_lower^k - V_lower^k-1||_inf = 0.02925096031576912559
    Local Iteration  45: ||V_upper^k - V_upper^k-1||_inf = 0.01970787446078825500, ||V_lower^k - V_lower^k-1||_inf = 0.02808092190313837833
    Local Iteration  46: ||V_upper^k - V_upper^k-1||_inf = 0.01891955948235668483, ||V_lower^k - V_lower^k-1||_inf = 0.02695768502701284541
    Local Iteration  47: ||V_upper^k - V_upper^k-1||_inf = 0.01816277710306246629, ||V_lower^k - V_lower^k-1||_inf = 0.02587937762593234270
    Local Iteration  48: ||V_upper^k - V_upper^k-1||_inf = 0.01743626601893993877, ||V_lower^k - V_lower^k-1||_inf = 0.02484420252089505898
    Local Iteration  49: ||V_upper^k - V_upper^k-1||_inf = 0.01673881537818233678, ||V_lower^k - V_lower^k-1||_inf = 0.02385043442005925496
    Local Iteration  50: ||V_upper^k - V_upper^k-1||_inf = 0.01606926276305503665, ||V_lower^k - V_lower^k-1||_inf = 0.02289641704325690030
    Local Iteration  51: ||V_upper^k - V_upper^k-1||_inf = 0.01542649225253284184, ||V_lower^k - V_lower^k-1||_inf = 0.02198056036152661041
    Local Iteration  52: ||V_upper^k - V_upper^k-1||_inf = 0.01480943256243155703, ||V_lower^k - V_lower^k-1||_inf = 0.02110133794706554877
    Local Iteration  53: ||V_upper^k - V_upper^k-1||_inf = 0.01421705525993427477, ||V_lower^k - V_lower^k-1||_inf = 0.02025728442918292571
    Local Iteration  54: ||V_upper^k - V_upper^k-1||_inf = 0.01364837304953692154, ||V_lower^k - V_lower^k-1||_inf = 0.01944699305201559592
    Local Iteration  55: ||V_upper^k - V_upper^k-1||_inf = 0.01310243812755540471, ||V_lower^k - V_lower^k-1||_inf = 0.01866911332993496930
    Local Iteration  56: ||V_upper^k - V_upper^k-1||_inf = 0.01257834060245321961, ||V_lower^k - V_lower^k-1||_inf = 0.01792234879673758330
    Local Iteration  57: ||V_upper^k - V_upper^k-1||_inf = 0.01207520697835506862, ||V_lower^k - V_lower^k-1||_inf = 0.01720545484486807331
    Local Iteration  58: ||V_upper^k - V_upper^k-1||_inf = 0.01159219869922090140, ||V_lower^k - V_lower^k-1||_inf = 0.01651723665107335259
    Local Iteration  59: ||V_upper^k - V_upper^k-1||_inf = 0.01112851075125204092, ||V_lower^k - V_lower^k-1||_inf = 0.01585654718503042016
    Local Iteration  60: ||V_upper^k - V_upper^k-1||_inf = 0.00137530478679248613, ||V_lower^k - V_lower^k-1||_inf = 0.01522228529762920113
    Local Iteration  61: ||V_upper^k - V_upper^k-1||_inf = 0.00000000000000000000, ||V_lower^k - V_lower^k-1||_inf = 0.01461339388572402420
    Local Iteration  62: ||V_upper^k - V_upper^k-1||_inf = 0.00000000000000000000, ||V_lower^k - V_lower^k-1||_inf = 0.01402885813029505768
    Local Iteration  63: ||V_upper^k - V_upper^k-1||_inf = 0.00000000000000000000, ||V_lower^k - V_lower^k-1||_inf = 0.01236182580968939876
    Local Iteration  64: ||V_upper^k - V_upper^k-1||_inf = 0.00000000000000000000, ||V_lower^k - V_lower^k-1||_inf = 0.01138687994141782470
    Local Iteration  65: ||V_upper^k - V_upper^k-1||_inf = 0.00000000000000000000, ||V_lower^k - V_lower^k-1||_inf = 0.01093140474376111393
    Local Iteration  66: ||V_upper^k - V_upper^k-1||_inf = 0.00000000000000000000, ||V_lower^k - V_lower^k-1||_inf = 0.01049414855401066896
    Local Iteration  67: ||V_upper^k - V_upper^k-1||_inf = 0.00000000000000000000, ||V_lower^k - V_lower^k-1||_inf = 0.01007438261185024039
    Local Iteration  68: ||V_upper^k - V_upper^k-1||_inf = 0.00000000000000000000, ||V_lower^k - V_lower^k-1||_inf = 0.00967140730737622856
    Local Iteration  69: ||V_upper^k - V_upper^k-1||_inf = 0.00000000000000000000, ||V_lower^k - V_lower^k-1||_inf = 0.00685211089754067353
    Local Iteration  70: ||V_upper^k - V_upper^k-1||_inf = 0.00000000000000000000, ||V_lower^k - V_lower^k-1||_inf = 0.00657802646163904541
    Local Iteration  71: ||V_upper^k - V_upper^k-1||_inf = 0.00000000000000000000, ||V_lower^k - V_lower^k-1||_inf = 0.00631490540317348331
    Local Iteration  72: ||V_upper^k - V_upper^k-1||_inf = 0.00000000000000000000, ||V_lower^k - V_lower^k-1||_inf = 0.00298109465742787353
    Local Iteration  73: ||V_upper^k - V_upper^k-1||_inf = 0.00000000000000000000, ||V_lower^k - V_lower^k-1||_inf = 0.00286185087113075866
    Local Iteration  74: ||V_upper^k - V_upper^k-1||_inf = 0.00000000000000000000, ||V_lower^k - V_lower^k-1||_inf = 0.00274737683628552840
    Local Iteration  75: ||V_upper^k - V_upper^k-1||_inf = 0.00000000000000000000, ||V_lower^k - V_lower^k-1||_inf = 0.00263748176283410719
    Local Iteration  76: ||V_upper^k - V_upper^k-1||_inf = 0.00000000000000000000, ||V_lower^k - V_lower^k-1||_inf = 0.00253198249232074223
    Local Iteration  77: ||V_upper^k - V_upper^k-1||_inf = 0.00000000000000000000, ||V_lower^k - V_lower^k-1||_inf = 0.00243070319262791252
    Local Iteration  78: ||V_upper^k - V_upper^k-1||_inf = 0.00000000000000000000, ||V_lower^k - V_lower^k-1||_inf = 0.00098789075585227742
    Local Iteration  79: ||V_upper^k - V_upper^k-1||_inf = 0.00000000000000000000, ||V_lower^k - V_lower^k-1||_inf = 0.00094837512561818632
    Local Iteration  80: ||V_upper^k - V_upper^k-1||_inf = 0.00000000000000000000, ||V_lower^k - V_lower^k-1||_inf = 0.00091044012059345871
    Local Iteration  81: ||V_upper^k - V_upper^k-1||_inf = 0.00000000000000000000, ||V_lower^k - V_lower^k-1||_inf = 0.00087402251576972035
    Local Iteration  82: ||V_upper^k - V_upper^k-1||_inf = 0.00000000000000000000, ||V_lower^k - V_lower^k-1||_inf = 0.00083906161513893143
    Local Iteration  83: ||V_upper^k - V_upper^k-1||_inf = 0.00000000000000000000, ||V_lower^k - V_lower^k-1||_inf = 0.00000000000000000000

==================================================
 LOCAL CONVERGENCE ACHIEVED
==================================================
  ||V_upper^k - V_upper^k-1||_inf = 0.00000000000000000000e+00 < tolerance = 1e-08
  ||V_lower^k - V_lower^k-1||_inf = 0.00000000000000000000e+00 < tolerance = 1e-08
  Converged in 83 iterations
  V_lower increased from min(l_lower, r_lower); smallest step 0.000e+00
    Local VI completed in 83 iterations
    Final convergence values:
      ||V_upper^final - V_upper^prev||_inf = 0.00000000e+00
      ||V_lower^final - V_lower^prev||_inf = 0.00000000e+00
  Local VI completed in 83 iterations, time: 26.347s
    Final ||V_upper^k - V_upper^k-1||_inf = 0.00000000000000000000e+00
    Final ||V_lower^k - V_lower^k-1||_inf = 0.00000000000000000000e+00
  Saved visualization: /Users/i.k.tabbara/Documents/python directory/HSCC_2027/refactored_Implementations/results_hscc_2027_modified_init/ra_discount/double_integrator_res10_eps0.05_dmin1e-08_dmax1e-08_gamma0.96_dt0.3_tau0.3_std/value_function_phase_10_complete.png
  Phase 10 completed in 28.02s with 2524928 leaf cells

Classification after phase 10:
  Safe:          1188948 cells ( 47.1%),   71.3% of state space
  Unsafe:         125544 cells (  5.0%),   16.8% of state space
  Unclassified:  1210436 cells ( 47.9%),   11.8% of state space

======================================================================
REFINEMENT PHASE 11
======================================================================
Boundary cells: 1210436
  Refinable (>eta_min=0.017678): 1210436
  Below threshold: 0
  Cumulative refined: 2514928
  Refinable cell size statistics:
    Max:    0.075000
    Mean:   0.075000
    Min:    0.075000
    Median: 0.075000
  Refining 1210436 cells...
    Refined: 1210436 parent cells
    Created: 2420872 child cells
    Total cells: 3735364
    Refinement time: 0.172s
    Cumulative refined: 3725364
  Rebuilding spatial index...
  Building spatial index for 3735364 cells...
   Spatial index built in 1.19s
    Spatial index rebuilt in 1.187s
  Initializing 2420872 new cells...
  Initializing 2420872 new cells in parallel...
   Initialized in 0.01s (346908524.8 cells/s)
    Initialization completed in 0.007s
  Starting local value iteration...
  Reinitializing ALL 3735364 cells (V_lower = min(l, r), V_upper = l)
   Reinitialized 3735364 cells in 0.02s (223933744.6 cells/s)
  Local VI: updating all 3735364 cells
    Conservative mode: False
    Convergence tolerance: 1e-08
    Max iterations: 20000
    Updating successor cache for 2420872 updated cells...
    Updating successor cache for 2420872 new cells (HYBRID)...
      Affected cells: 3126622
   Trajectories + spatial queries computed in 21.64s (1300531.8 tasks/s)
    Breakdown: 9.2% ODE, 90.8% queries
     Cache updated in 23.78s (1183543.5 tasks/s)
    Local Iteration   1: ||V_upper^k - V_upper^k-1||_inf = 3.93799602617861266296, ||V_lower^k - V_lower^k-1||_inf = 4.84471998602963793701
    Local Iteration   2: ||V_upper^k - V_upper^k-1||_inf = 3.77207197250227554974, ||V_lower^k - V_lower^k-1||_inf = 4.63069781522302381660
    Local Iteration   3: ||V_upper^k - V_upper^k-1||_inf = 3.52426908095487245731, ||V_lower^k - V_lower^k-1||_inf = 4.37606487013876765957
    Local Iteration   4: ||V_upper^k - V_upper^k-1||_inf = 0.10545953061076840385, ||V_lower^k - V_lower^k-1||_inf = 4.11588140793731049882
    Local Iteration   5: ||V_upper^k - V_upper^k-1||_inf = 0.10091547553428936723, ||V_lower^k - V_lower^k-1||_inf = 3.64329089555566554282
    Local Iteration   6: ||V_upper^k - V_upper^k-1||_inf = 0.09687885651291772149, ||V_lower^k - V_lower^k-1||_inf = 1.88227733029836441503
    Local Iteration   7: ||V_upper^k - V_upper^k-1||_inf = 0.09300370225240106592, ||V_lower^k - V_lower^k-1||_inf = 1.80698623708642980290
    Local Iteration   8: ||V_upper^k - V_upper^k-1||_inf = 0.08928355416230493447, ||V_lower^k - V_lower^k-1||_inf = 1.73470678760297269960
    Local Iteration   9: ||V_upper^k - V_upper^k-1||_inf = 0.08571221199581291472, ||V_lower^k - V_lower^k-1||_inf = 0.20855252189184003697
    Local Iteration  10: ||V_upper^k - V_upper^k-1||_inf = 0.08228372351598034484, ||V_lower^k - V_lower^k-1||_inf = 0.16139092527391918352
    Local Iteration  11: ||V_upper^k - V_upper^k-1||_inf = 0.07899237457534113993, ||V_lower^k - V_lower^k-1||_inf = 0.15493528826296237844
    Local Iteration  12: ||V_upper^k - V_upper^k-1||_inf = 0.07583267959232742328, ||V_lower^k - V_lower^k-1||_inf = 0.14873787673244387442
    Local Iteration  13: ||V_upper^k - V_upper^k-1||_inf = 0.07279937240863443293, ||V_lower^k - V_lower^k-1||_inf = 0.14278836166314612388
    Local Iteration  14: ||V_upper^k - V_upper^k-1||_inf = 0.06988739751228889574, ||V_lower^k - V_lower^k-1||_inf = 0.13707682719662023230
    Local Iteration  15: ||V_upper^k - V_upper^k-1||_inf = 0.06709190161179745537, ||V_lower^k - V_lower^k-1||_inf = 0.13159375410875540080
    Local Iteration  16: ||V_upper^k - V_upper^k-1||_inf = 0.06440822554732550387, ||V_lower^k - V_lower^k-1||_inf = 0.12633000394440518921
    Local Iteration  17: ||V_upper^k - V_upper^k-1||_inf = 0.06183189652543252812, ||V_lower^k - V_lower^k-1||_inf = 0.12127680378662897276
    Local Iteration  18: ||V_upper^k - V_upper^k-1||_inf = 0.05935862066441521812, ||V_lower^k - V_lower^k-1||_inf = 0.11642573163516378720
    Local Iteration  19: ||V_upper^k - V_upper^k-1||_inf = 0.05698427583783871597, ||V_lower^k - V_lower^k-1||_inf = 0.11176870236975722239
    Local Iteration  20: ||V_upper^k - V_upper^k-1||_inf = 0.05470490480432510516, ||V_lower^k - V_lower^k-1||_inf = 0.10729795427496693905
    Local Iteration  21: ||V_upper^k - V_upper^k-1||_inf = 0.05251670861215207431, ||V_lower^k - V_lower^k-1||_inf = 0.10300603610396827370
    Local Iteration  22: ||V_upper^k - V_upper^k-1||_inf = 0.05041604026766588476, ||V_lower^k - V_lower^k-1||_inf = 0.09888579465980953942
    Local Iteration  23: ||V_upper^k - V_upper^k-1||_inf = 0.04839939865695930266, ||V_lower^k - V_lower^k-1||_inf = 0.09144612370485985520
    Local Iteration  24: ||V_upper^k - V_upper^k-1||_inf = 0.04646342271068104601, ||V_lower^k - V_lower^k-1||_inf = 0.07382178727515603667
    Local Iteration  25: ||V_upper^k - V_upper^k-1||_inf = 0.04460488580225363542, ||V_lower^k - V_lower^k-1||_inf = 0.06514280054646025275
    Local Iteration  26: ||V_upper^k - V_upper^k-1||_inf = 0.04282069037016356106, ||V_lower^k - V_lower^k-1||_inf = 0.06253708852460183876
    Local Iteration  27: ||V_upper^k - V_upper^k-1||_inf = 0.04110786275535704970, ||V_lower^k - V_lower^k-1||_inf = 0.06003560498361777686
    Local Iteration  28: ||V_upper^k - V_upper^k-1||_inf = 0.03946354824514275439, ||V_lower^k - V_lower^k-1||_inf = 0.05763418078427305635
    Local Iteration  29: ||V_upper^k - V_upper^k-1||_inf = 0.03788500631533697760, ||V_lower^k - V_lower^k-1||_inf = 0.05532881355290214520
    Local Iteration  30: ||V_upper^k - V_upper^k-1||_inf = 0.03636960606272354735, ||V_lower^k - V_lower^k-1||_inf = 0.05180156326809673417
    Local Iteration  31: ||V_upper^k - V_upper^k-1||_inf = 0.03491482182021454772, ||V_lower^k - V_lower^k-1||_inf = 0.04972950073737283927
    Local Iteration  32: ||V_upper^k - V_upper^k-1||_inf = 0.03351822894740597025, ||V_lower^k - V_lower^k-1||_inf = 0.04774032070787792570
    Local Iteration  33: ||V_upper^k - V_upper^k-1||_inf = 0.03217749978950978917, ||V_lower^k - V_lower^k-1||_inf = 0.04583070787956278203
    Local Iteration  34: ||V_upper^k - V_upper^k-1||_inf = 0.03089039979792940205, ||V_lower^k - V_lower^k-1||_inf = 0.04399747956438024299
    Local Iteration  35: ||V_upper^k - V_upper^k-1||_inf = 0.02965478380601216379, ||V_lower^k - V_lower^k-1||_inf = 0.04223758038180502883
    Local Iteration  36: ||V_upper^k - V_upper^k-1||_inf = 0.02846859245377175718, ||V_lower^k - V_lower^k-1||_inf = 0.04054807716653283101
    Local Iteration  37: ||V_upper^k - V_upper^k-1||_inf = 0.02732984875562083360, ||V_lower^k - V_lower^k-1||_inf = 0.03892615407987151666
    Local Iteration  38: ||V_upper^k - V_upper^k-1||_inf = 0.02623665480539605355, ||V_lower^k - V_lower^k-1||_inf = 0.03736910791667666376
    Local Iteration  39: ||V_upper^k - V_upper^k-1||_inf = 0.02518718861318014479, ||V_lower^k - V_lower^k-1||_inf = 0.03587434360000960054
    Local Iteration  40: ||V_upper^k - V_upper^k-1||_inf = 0.02417970106865297009, ||V_lower^k - V_lower^k-1||_inf = 0.03443936985600923317
    Local Iteration  41: ||V_upper^k - V_upper^k-1||_inf = 0.02321251302590687793, ||V_lower^k - V_lower^k-1||_inf = 0.03306179506176884497
    Local Iteration  42: ||V_upper^k - V_upper^k-1||_inf = 0.02228401250487055396, ||V_lower^k - V_lower^k-1||_inf = 0.03173932325929809672
    Local Iteration  43: ||V_upper^k - V_upper^k-1||_inf = 0.02139265200467577177, ||V_lower^k - V_lower^k-1||_inf = 0.03046975032892618174
    Local Iteration  44: ||V_upper^k - V_upper^k-1||_inf = 0.02053694592448873646, ||V_lower^k - V_lower^k-1||_inf = 0.02925096031576912559
    Local Iteration  45: ||V_upper^k - V_upper^k-1||_inf = 0.01971546808750918034, ||V_lower^k - V_lower^k-1||_inf = 0.02808092190313837833
    Local Iteration  46: ||V_upper^k - V_upper^k-1||_inf = 0.01892684936400879092, ||V_lower^k - V_lower^k-1||_inf = 0.02695768502701284541
    Local Iteration  47: ||V_upper^k - V_upper^k-1||_inf = 0.01816977538944841708, ||V_lower^k - V_lower^k-1||_inf = 0.02587937762593234270
    Local Iteration  48: ||V_upper^k - V_upper^k-1||_inf = 0.01744298437387048484, ||V_lower^k - V_lower^k-1||_inf = 0.02484420252089505898
    Local Iteration  49: ||V_upper^k - V_upper^k-1||_inf = 0.01674526499891570985, ||V_lower^k - V_lower^k-1||_inf = 0.02385043442005925496
    Local Iteration  50: ||V_upper^k - V_upper^k-1||_inf = 0.01607545439895907702, ||V_lower^k - V_lower^k-1||_inf = 0.02289641704325690030
    Local Iteration  51: ||V_upper^k - V_upper^k-1||_inf = 0.01543243622300066731, ||V_lower^k - V_lower^k-1||_inf = 0.02198056036152661041
    Local Iteration  52: ||V_upper^k - V_upper^k-1||_inf = 0.01481513877408069391, ||V_lower^k - V_lower^k-1||_inf = 0.02110133794706554877
    Local Iteration  53: ||V_upper^k - V_upper^k-1||_inf = 0.01422253322311745061, ||V_lower^k - V_lower^k-1||_inf = 0.02025728442918292571
    Local Iteration  54: ||V_upper^k - V_upper^k-1||_inf = 0.01365363189419271928, ||V_lower^k - V_lower^k-1||_inf = 0.01944699305201559592
    Local Iteration  55: ||V_upper^k - V_upper^k-1||_inf = 0.01310748661842503493, ||V_lower^k - V_lower^k-1||_inf = 0.01866911332993496930
    Local Iteration  56: ||V_upper^k - V_upper^k-1||_inf = 0.01258318715368800245, ||V_lower^k - V_lower^k-1||_inf = 0.01792234879673758330
    Local Iteration  57: ||V_upper^k - V_upper^k-1||_inf = 0.01207985966754049345, ||V_lower^k - V_lower^k-1||_inf = 0.01720545484486807331
    Local Iteration  58: ||V_upper^k - V_upper^k-1||_inf = 0.01159666528083891368, ||V_lower^k - V_lower^k-1||_inf = 0.01651723665107335259
    Local Iteration  59: ||V_upper^k - V_upper^k-1||_inf = 0.01113279866960531495, ||V_lower^k - V_lower^k-1||_inf = 0.01585654718503042016
    Local Iteration  60: ||V_upper^k - V_upper^k-1||_inf = 0.00147821482727156228, ||V_lower^k - V_lower^k-1||_inf = 0.01522228529762920113
    Local Iteration  61: ||V_upper^k - V_upper^k-1||_inf = 0.00000000000000000000, ||V_lower^k - V_lower^k-1||_inf = 0.01461339388572402420
    Local Iteration  62: ||V_upper^k - V_upper^k-1||_inf = 0.00000000000000000000, ||V_lower^k - V_lower^k-1||_inf = 0.01402885813029505768
    Local Iteration  63: ||V_upper^k - V_upper^k-1||_inf = 0.00000000000000000000, ||V_lower^k - V_lower^k-1||_inf = 0.01236182580968939876
    Local Iteration  64: ||V_upper^k - V_upper^k-1||_inf = 0.00000000000000000000, ||V_lower^k - V_lower^k-1||_inf = 0.01138687994141782470
    Local Iteration  65: ||V_upper^k - V_upper^k-1||_inf = 0.00000000000000000000, ||V_lower^k - V_lower^k-1||_inf = 0.01093140474376111393
    Local Iteration  66: ||V_upper^k - V_upper^k-1||_inf = 0.00000000000000000000, ||V_lower^k - V_lower^k-1||_inf = 0.01049414855401066896
    Local Iteration  67: ||V_upper^k - V_upper^k-1||_inf = 0.00000000000000000000, ||V_lower^k - V_lower^k-1||_inf = 0.01007438261185024039
    Local Iteration  68: ||V_upper^k - V_upper^k-1||_inf = 0.00000000000000000000, ||V_lower^k - V_lower^k-1||_inf = 0.00967140730737622856
    Local Iteration  69: ||V_upper^k - V_upper^k-1||_inf = 0.00000000000000000000, ||V_lower^k - V_lower^k-1||_inf = 0.00685211089754067353
    Local Iteration  70: ||V_upper^k - V_upper^k-1||_inf = 0.00000000000000000000, ||V_lower^k - V_lower^k-1||_inf = 0.00657802646163904541
    Local Iteration  71: ||V_upper^k - V_upper^k-1||_inf = 0.00000000000000000000, ||V_lower^k - V_lower^k-1||_inf = 0.00631490540317348331
    Local Iteration  72: ||V_upper^k - V_upper^k-1||_inf = 0.00000000000000000000, ||V_lower^k - V_lower^k-1||_inf = 0.00361202383694887545
    Local Iteration  73: ||V_upper^k - V_upper^k-1||_inf = 0.00000000000000000000, ||V_lower^k - V_lower^k-1||_inf = 0.00346754288347092023
    Local Iteration  74: ||V_upper^k - V_upper^k-1||_inf = 0.00000000000000000000, ||V_lower^k - V_lower^k-1||_inf = 0.00332884116813208326
    Local Iteration  75: ||V_upper^k - V_upper^k-1||_inf = 0.00000000000000000000, ||V_lower^k - V_lower^k-1||_inf = 0.00319568752140679969
    Local Iteration  76: ||V_upper^k - V_upper^k-1||_inf = 0.00000000000000000000, ||V_lower^k - V_lower^k-1||_inf = 0.00306786002055052694
    Local Iteration  77: ||V_upper^k - V_upper^k-1||_inf = 0.00000000000000000000, ||V_lower^k - V_lower^k-1||_inf = 0.00294514561972850607
    Local Iteration  78: ||V_upper^k - V_upper^k-1||_inf = 0.00000000000000000000, ||V_lower^k - V_lower^k-1||_inf = 0.00098789075585227720
    Local Iteration  79: ||V_upper^k - V_upper^k-1||_inf = 0.00000000000000000000, ||V_lower^k - V_lower^k-1||_inf = 0.00094837512561818599
    Local Iteration  80: ||V_upper^k - V_upper^k-1||_inf = 0.00000000000000000000, ||V_lower^k - V_lower^k-1||_inf = 0.00091044012059345850
    Local Iteration  81: ||V_upper^k - V_upper^k-1||_inf = 0.00000000000000000000, ||V_lower^k - V_lower^k-1||_inf = 0.00087402251576972024
    Local Iteration  82: ||V_upper^k - V_upper^k-1||_inf = 0.00000000000000000000, ||V_lower^k - V_lower^k-1||_inf = 0.00083906161513893132
    Local Iteration  83: ||V_upper^k - V_upper^k-1||_inf = 0.00000000000000000000, ||V_lower^k - V_lower^k-1||_inf = 0.00000000000000000000

==================================================
 LOCAL CONVERGENCE ACHIEVED
==================================================
  ||V_upper^k - V_upper^k-1||_inf = 0.00000000000000000000e+00 < tolerance = 1e-08
  ||V_lower^k - V_lower^k-1||_inf = 0.00000000000000000000e+00 < tolerance = 1e-08
  Converged in 83 iterations
  V_lower increased from min(l_lower, r_lower); smallest step 0.000e+00
    Local VI completed in 83 iterations
    Final convergence values:
      ||V_upper^final - V_upper^prev||_inf = 0.00000000e+00
      ||V_lower^final - V_lower^prev||_inf = 0.00000000e+00
  Local VI completed in 83 iterations, time: 120.639s
    Final ||V_upper^k - V_upper^k-1||_inf = 0.00000000000000000000e+00
    Final ||V_lower^k - V_lower^k-1||_inf = 0.00000000000000000000e+00
  Saved visualization: /Users/i.k.tabbara/Documents/python directory/HSCC_2027/refactored_Implementations/results_hscc_2027_modified_init/ra_discount/double_integrator_res10_eps0.05_dmin1e-08_dmax1e-08_gamma0.96_dt0.3_tau0.3_std/value_function_phase_11_complete.png
  Phase 11 completed in 122.95s with 3735364 leaf cells

Classification after phase 11:
  Safe:          1293594 cells ( 34.6%),   71.9% of state space
  Unsafe:         180264 cells (  4.8%),   17.1% of state space
  Unclassified:  2261506 cells ( 60.5%),   11.0% of state space

======================================================================
REFINEMENT PHASE 12
======================================================================
Boundary cells: 2261506
  Refinable (>eta_min=0.017678): 2261506
  Below threshold: 0
  Cumulative refined: 3725364
  Refinable cell size statistics:
    Max:    0.075000
    Mean:   0.075000
    Min:    0.075000
    Median: 0.075000
  Refining 2261506 cells...
    Refined: 2261506 parent cells
    Created: 4523012 child cells
    Total cells: 5996870
    Refinement time: 1.098s
    Cumulative refined: 5986870
  Rebuilding spatial index...
  Building spatial index for 5996870 cells...
   Spatial index built in 2.98s
    Spatial index rebuilt in 2.976s
  Initializing 4523012 new cells...
  Initializing 4523012 new cells in parallel...
   Initialized in 0.02s (229656688.3 cells/s)
    Initialization completed in 0.020s
  Starting local value iteration...
  Reinitializing ALL 5996870 cells (V_lower = min(l, r), V_upper = l)
   Reinitialized 5996870 cells in 0.15s (40925164.1 cells/s)
  Local VI: updating all 5996870 cells
    Conservative mode: False
    Convergence tolerance: 1e-08
    Max iterations: 20000
    Updating successor cache for 4523012 updated cells...
    Updating successor cache for 4523012 new cells (HYBRID)...
      Affected cells: 5332834
   Trajectories + spatial queries computed in 35.63s (1347175.2 tasks/s)
    Breakdown: 10.4% ODE, 89.6% queries
     Cache updated in 43.93s (1092633.5 tasks/s)
    Local Iteration   1: ||V_upper^k - V_upper^k-1||_inf = 3.93799602617861266296, ||V_lower^k - V_lower^k-1||_inf = 4.84471998602963793701
    Local Iteration   2: ||V_upper^k - V_upper^k-1||_inf = 3.77207197250227554974, ||V_lower^k - V_lower^k-1||_inf = 4.62230673474714492954
    Local Iteration   3: ||V_upper^k - V_upper^k-1||_inf = 3.54677290559868740871, ||V_lower^k - V_lower^k-1||_inf = 4.37606487013876765957
    Local Iteration   4: ||V_upper^k - V_upper^k-1||_inf = 0.10507979879432394199, ||V_lower^k - V_lower^k-1||_inf = 4.10138702191301351974
    Local Iteration   5: ||V_upper^k - V_upper^k-1||_inf = 0.10087660684255084220, ||V_lower^k - V_lower^k-1||_inf = 3.64301272329562308983
    Local Iteration   6: ||V_upper^k - V_upper^k-1||_inf = 0.09684154256884891510, ||V_lower^k - V_lower^k-1||_inf = 1.88227733029836441503
    Local Iteration   7: ||V_upper^k - V_upper^k-1||_inf = 0.09296788086609497626, ||V_lower^k - V_lower^k-1||_inf = 1.80698623708642980290
    Local Iteration   8: ||V_upper^k - V_upper^k-1||_inf = 0.08924916563145135484, ||V_lower^k - V_lower^k-1||_inf = 1.71273733200247457731
    Local Iteration   9: ||V_upper^k - V_upper^k-1||_inf = 0.08567919900619314078, ||V_lower^k - V_lower^k-1||_inf = 0.20855252189184003697
    Local Iteration  10: ||V_upper^k - V_upper^k-1||_inf = 0.08225203104594536185, ||V_lower^k - V_lower^k-1||_inf = 0.16139092527391918352
    Local Iteration  11: ||V_upper^k - V_upper^k-1||_inf = 0.07896194980410764508, ||V_lower^k - V_lower^k-1||_inf = 0.15493528826296237844
    Local Iteration  12: ||V_upper^k - V_upper^k-1||_inf = 0.07580347181194335704, ||V_lower^k - V_lower^k-1||_inf = 0.14873787673244387442
    Local Iteration  13: ||V_upper^k - V_upper^k-1||_inf = 0.07277133293946547177, ||V_lower^k - V_lower^k-1||_inf = 0.14278836166314612388
    Local Iteration  14: ||V_upper^k - V_upper^k-1||_inf = 0.06986047962188690619, ||V_lower^k - V_lower^k-1||_inf = 0.13707682719662023230
    Local Iteration  15: ||V_upper^k - V_upper^k-1||_inf = 0.06706606043701146547, ||V_lower^k - V_lower^k-1||_inf = 0.13159375410875540080
    Local Iteration  16: ||V_upper^k - V_upper^k-1||_inf = 0.06438341801953106902, ||V_lower^k - V_lower^k-1||_inf = 0.12633000394440518921
    Local Iteration  17: ||V_upper^k - V_upper^k-1||_inf = 0.06180808129874981738, ||V_lower^k - V_lower^k-1||_inf = 0.12127680378662897276
    Local Iteration  18: ||V_upper^k - V_upper^k-1||_inf = 0.05933575804679969146, ||V_lower^k - V_lower^k-1||_inf = 0.11642573163516378720
    Local Iteration  19: ||V_upper^k - V_upper^k-1||_inf = 0.05696232772492781926, ||V_lower^k - V_lower^k-1||_inf = 0.11176870236975722239
    Local Iteration  20: ||V_upper^k - V_upper^k-1||_inf = 0.05468383461593062655, ||V_lower^k - V_lower^k-1||_inf = 0.10729795427496693905
    Local Iteration  21: ||V_upper^k - V_upper^k-1||_inf = 0.05249648123129335708, ||V_lower^k - V_lower^k-1||_inf = 0.10300603610396827370
    Local Iteration  22: ||V_upper^k - V_upper^k-1||_inf = 0.05039662198204175603, ||V_lower^k - V_lower^k-1||_inf = 0.09888579465980953942
    Local Iteration  23: ||V_upper^k - V_upper^k-1||_inf = 0.04838075710276013019, ||V_lower^k - V_lower^k-1||_inf = 0.09144612370485985520
    Local Iteration  24: ||V_upper^k - V_upper^k-1||_inf = 0.04644552681864966281, ||V_lower^k - V_lower^k-1||_inf = 0.07382178727515603667
    Local Iteration  25: ||V_upper^k - V_upper^k-1||_inf = 0.04458770574590364966, ||V_lower^k - V_lower^k-1||_inf = 0.06514280054646025275
    Local Iteration  26: ||V_upper^k - V_upper^k-1||_inf = 0.04280419751606756584, ||V_lower^k - V_lower^k-1||_inf = 0.06253708852460183876
    Local Iteration  27: ||V_upper^k - V_upper^k-1||_inf = 0.04109202961542479660, ||V_lower^k - V_lower^k-1||_inf = 0.06003560498361777686
    Local Iteration  28: ||V_upper^k - V_upper^k-1||_inf = 0.03944834843080780029, ||V_lower^k - V_lower^k-1||_inf = 0.05763418078427305635
    Local Iteration  29: ||V_upper^k - V_upper^k-1||_inf = 0.03787041449357553269, ||V_lower^k - V_lower^k-1||_inf = 0.05532881355290214520
    Local Iteration  30: ||V_upper^k - V_upper^k-1||_inf = 0.03635559791383247141, ||V_lower^k - V_lower^k-1||_inf = 0.05311566101078606106
    Local Iteration  31: ||V_upper^k - V_upper^k-1||_inf = 0.03490137399727910594, ||V_lower^k - V_lower^k-1||_inf = 0.05099103457035461529
    Local Iteration  32: ||V_upper^k - V_upper^k-1||_inf = 0.03350531903738795947, ||V_lower^k - V_lower^k-1||_inf = 0.04895139318754042346
    Local Iteration  33: ||V_upper^k - V_upper^k-1||_inf = 0.03216510627589241889, ||V_lower^k - V_lower^k-1||_inf = 0.04699333746003880874
    Local Iteration  34: ||V_upper^k - V_upper^k-1||_inf = 0.03087850202485675766, ||V_lower^k - V_lower^k-1||_inf = 0.04511360396163725806
    Local Iteration  35: ||V_upper^k - V_upper^k-1||_inf = 0.02964336194386252288, ||V_lower^k - V_lower^k-1||_inf = 0.04330905980317176218
    Local Iteration  36: ||V_upper^k - V_upper^k-1||_inf = 0.02845762746610802640, ||V_lower^k - V_lower^k-1||_inf = 0.04157669741104488836
    Local Iteration  37: ||V_upper^k - V_upper^k-1||_inf = 0.02731932236746370535, ||V_lower^k - V_lower^k-1||_inf = 0.03991362951460308839
    Local Iteration  38: ||V_upper^k - V_upper^k-1||_inf = 0.02622654947276514825, ||V_lower^k - V_lower^k-1||_inf = 0.03831708433401896652
    Local Iteration  39: ||V_upper^k - V_upper^k-1||_inf = 0.02517748749385451124, ||V_lower^k - V_lower^k-1||_inf = 0.03678440096065820064
    Local Iteration  40: ||V_upper^k - V_upper^k-1||_inf = 0.02417038799410031746, ||V_lower^k - V_lower^k-1||_inf = 0.03531302492223187262
    Local Iteration  41: ||V_upper^k - V_upper^k-1||_inf = 0.02320357247433635361, ||V_lower^k - V_lower^k-1||_inf = 0.03390050392534259271
    Local Iteration  42: ||V_upper^k - V_upper^k-1||_inf = 0.02227542957536288171, ||V_lower^k - V_lower^k-1||_inf = 0.03254448376832889261
    Local Iteration  43: ||V_upper^k - V_upper^k-1||_inf = 0.02138441239234833979, ||V_lower^k - V_lower^k-1||_inf = 0.03124270441759573885
    Local Iteration  44: ||V_upper^k - V_upper^k-1||_inf = 0.02052903589665444617, ||V_lower^k - V_lower^k-1||_inf = 0.02999299624089190458
    Local Iteration  45: ||V_upper^k - V_upper^k-1||_inf = 0.01970787446078825500, ||V_lower^k - V_lower^k-1||_inf = 0.02879327639125623534
    Local Iteration  46: ||V_upper^k - V_upper^k-1||_inf = 0.01891955948235668483, ||V_lower^k - V_lower^k-1||_inf = 0.02764154533560597704
    Local Iteration  47: ||V_upper^k - V_upper^k-1||_inf = 0.01816277710306246629, ||V_lower^k - V_lower^k-1||_inf = 0.02653588352218173158
    Local Iteration  48: ||V_upper^k - V_upper^k-1||_inf = 0.01743626601893993877, ||V_lower^k - V_lower^k-1||_inf = 0.02547444818129445537
    Local Iteration  49: ||V_upper^k - V_upper^k-1||_inf = 0.01673881537818233678, ||V_lower^k - V_lower^k-1||_inf = 0.02445547025404266883
    Local Iteration  50: ||V_upper^k - V_upper^k-1||_inf = 0.01606926276305503665, ||V_lower^k - V_lower^k-1||_inf = 0.02347725144388095736
    Local Iteration  51: ||V_upper^k - V_upper^k-1||_inf = 0.01542649225253284184, ||V_lower^k - V_lower^k-1||_inf = 0.02253816138612571573
    Local Iteration  52: ||V_upper^k - V_upper^k-1||_inf = 0.01480943256243155703, ||V_lower^k - V_lower^k-1||_inf = 0.02163663493068068017
    Local Iteration  53: ||V_upper^k - V_upper^k-1||_inf = 0.01421705525993427477, ||V_lower^k - V_lower^k-1||_inf = 0.02077116953345344713
    Local Iteration  54: ||V_upper^k - V_upper^k-1||_inf = 0.01364837304953692154, ||V_lower^k - V_lower^k-1||_inf = 0.01994032275211531091
    Local Iteration  55: ||V_upper^k - V_upper^k-1||_inf = 0.01310243812755540471, ||V_lower^k - V_lower^k-1||_inf = 0.01914270984203069598
    Local Iteration  56: ||V_upper^k - V_upper^k-1||_inf = 0.01257834060245321961, ||V_lower^k - V_lower^k-1||_inf = 0.01837700144834946564
    Local Iteration  57: ||V_upper^k - V_upper^k-1||_inf = 0.01207520697835506862, ||V_lower^k - V_lower^k-1||_inf = 0.01764192139041548604
    Local Iteration  58: ||V_upper^k - V_upper^k-1||_inf = 0.01159219869922090140, ||V_lower^k - V_lower^k-1||_inf = 0.01693624453479886452
    Local Iteration  59: ||V_upper^k - V_upper^k-1||_inf = 0.01112851075125204092, ||V_lower^k - V_lower^k-1||_inf = 0.01625879475340691327
    Local Iteration  60: ||V_upper^k - V_upper^k-1||_inf = 0.00137530478679248613, ||V_lower^k - V_lower^k-1||_inf = 0.01560844296327063355
    Local Iteration  61: ||V_upper^k - V_upper^k-1||_inf = 0.00000000000000000000, ||V_lower^k - V_lower^k-1||_inf = 0.01498410524473980932
    Local Iteration  62: ||V_upper^k - V_upper^k-1||_inf = 0.00000000000000000000, ||V_lower^k - V_lower^k-1||_inf = 0.01438474103495021236
    Local Iteration  63: ||V_upper^k - V_upper^k-1||_inf = 0.00000000000000000000, ||V_lower^k - V_lower^k-1||_inf = 0.01380935139355220567
    Local Iteration  64: ||V_upper^k - V_upper^k-1||_inf = 0.00000000000000000000, ||V_lower^k - V_lower^k-1||_inf = 0.01325697733781011634
    Local Iteration  65: ||V_upper^k - V_upper^k-1||_inf = 0.00000000000000000000, ||V_lower^k - V_lower^k-1||_inf = 0.01272669824429771557
    Local Iteration  66: ||V_upper^k - V_upper^k-1||_inf = 0.00000000000000000000, ||V_lower^k - V_lower^k-1||_inf = 0.01221763031452580486
    Local Iteration  67: ||V_upper^k - V_upper^k-1||_inf = 0.00000000000000000000, ||V_lower^k - V_lower^k-1||_inf = 0.00668077324691147140
    Local Iteration  68: ||V_upper^k - V_upper^k-1||_inf = 0.00000000000000000000, ||V_lower^k - V_lower^k-1||_inf = 0.00641354231703501407
    Local Iteration  69: ||V_upper^k - V_upper^k-1||_inf = 0.00000000000000000000, ||V_lower^k - V_lower^k-1||_inf = 0.00615700062435361149
    Local Iteration  70: ||V_upper^k - V_upper^k-1||_inf = 0.00000000000000000000, ||V_lower^k - V_lower^k-1||_inf = 0.00244094198961380265
    Local Iteration  71: ||V_upper^k - V_upper^k-1||_inf = 0.00000000000000000000, ||V_lower^k - V_lower^k-1||_inf = 0.00234330431002925058
    Local Iteration  72: ||V_upper^k - V_upper^k-1||_inf = 0.00000000000000000000, ||V_lower^k - V_lower^k-1||_inf = 0.00224957213762808040
    Local Iteration  73: ||V_upper^k - V_upper^k-1||_inf = 0.00000000000000000000, ||V_lower^k - V_lower^k-1||_inf = 0.00215958925212295701
    Local Iteration  74: ||V_upper^k - V_upper^k-1||_inf = 0.00000000000000000000, ||V_lower^k - V_lower^k-1||_inf = 0.00207320568203803873
    Local Iteration  75: ||V_upper^k - V_upper^k-1||_inf = 0.00000000000000000000, ||V_lower^k - V_lower^k-1||_inf = 0.00199027745475651710
    Local Iteration  76: ||V_upper^k - V_upper^k-1||_inf = 0.00000000000000000000, ||V_lower^k - V_lower^k-1||_inf = 0.00150117161215719531
    Local Iteration  77: ||V_upper^k - V_upper^k-1||_inf = 0.00000000000000000000, ||V_lower^k - V_lower^k-1||_inf = 0.00096835516548320207
    Local Iteration  78: ||V_upper^k - V_upper^k-1||_inf = 0.00000000000000000000, ||V_lower^k - V_lower^k-1||_inf = 0.00092962095886387386
    Local Iteration  79: ||V_upper^k - V_upper^k-1||_inf = 0.00000000000000000000, ||V_lower^k - V_lower^k-1||_inf = 0.00089243612050931892
    Local Iteration  80: ||V_upper^k - V_upper^k-1||_inf = 0.00000000000000000000, ||V_lower^k - V_lower^k-1||_inf = 0.00085673867568894610
    Local Iteration  81: ||V_upper^k - V_upper^k-1||_inf = 0.00000000000000000000, ||V_lower^k - V_lower^k-1||_inf = 0.00082246912866138834
    Local Iteration  82: ||V_upper^k - V_upper^k-1||_inf = 0.00000000000000000000, ||V_lower^k - V_lower^k-1||_inf = 0.00004636591385483468
    Local Iteration  83: ||V_upper^k - V_upper^k-1||_inf = 0.00000000000000000000, ||V_lower^k - V_lower^k-1||_inf = 0.00000000000000000000

==================================================
 LOCAL CONVERGENCE ACHIEVED
==================================================
  ||V_upper^k - V_upper^k-1||_inf = 0.00000000000000000000e+00 < tolerance = 1e-08
  ||V_lower^k - V_lower^k-1||_inf = 0.00000000000000000000e+00 < tolerance = 1e-08
  Converged in 83 iterations
  V_lower increased from min(l_lower, r_lower); smallest step 0.000e+00
    Local VI completed in 83 iterations
    Final convergence values:
      ||V_upper^final - V_upper^prev||_inf = 0.00000000e+00
      ||V_lower^final - V_lower^prev||_inf = 0.00000000e+00
  Local VI completed in 83 iterations, time: 271.856s
    Final ||V_upper^k - V_upper^k-1||_inf = 0.00000000000000000000e+00
    Final ||V_lower^k - V_lower^k-1||_inf = 0.00000000000000000000e+00
  Saved visualization: /Users/i.k.tabbara/Documents/python directory/HSCC_2027/refactored_Implementations/results_hscc_2027_modified_init/ra_discount/double_integrator_res10_eps0.05_dmin1e-08_dmax1e-08_gamma0.96_dt0.3_tau0.3_std/value_function_phase_12_complete.png
  Phase 12 completed in 277.12s with 5996870 leaf cells

Classification after phase 12:
  Safe:          2321804 cells ( 38.7%),   74.4% of state space
  Unsafe:         658676 cells ( 11.0%),   18.3% of state space
  Unclassified:  3016390 cells ( 50.3%),    7.4% of state space

======================================================================
REFINEMENT PHASE 13
======================================================================
Boundary cells: 3016390
  Refinable (>eta_min=0.017678): 3016390
  Below threshold: 0
  Cumulative refined: 5986870
  Refinable cell size statistics:
    Max:    0.050000
    Mean:   0.050000
    Min:    0.050000
    Median: 0.050000
  Refining 3016390 cells...
    Refined: 3016390 parent cells
    Created: 6032780 child cells
    Total cells: 9013260
    Refinement time: 0.124s
    Cumulative refined: 9003260
  Rebuilding spatial index...
  Building spatial index for 9013260 cells...
   Spatial index built in 5.52s
    Spatial index rebuilt in 5.519s
  Initializing 6032780 new cells...
  Initializing 6032780 new cells in parallel...
   Initialized in 0.02s (340726746.4 cells/s)
    Initialization completed in 0.018s
  Starting local value iteration...
  Reinitializing ALL 9013260 cells (V_lower = min(l, r), V_upper = l)
   Reinitialized 9013260 cells in 0.03s (260649817.4 cells/s)
  Local VI: updating all 9013260 cells
    Conservative mode: False
    Convergence tolerance: 1e-08
    Max iterations: 20000
    Updating successor cache for 6032780 updated cells...
    Updating successor cache for 6032780 new cells (HYBRID)...
      Affected cells: 7783432
   Trajectories + spatial queries computed in 54.56s (1283928.0 tasks/s)
    Breakdown: 11.0% ODE, 89.0% queries
     Cache updated in 82.59s (848220.4 tasks/s)
    Local Iteration   1: ||V_upper^k - V_upper^k-1||_inf = 3.93799602617861266296, ||V_lower^k - V_lower^k-1||_inf = 4.84471998602963793701
    Local Iteration   2: ||V_upper^k - V_upper^k-1||_inf = 3.77207197250227554974, ||V_lower^k - V_lower^k-1||_inf = 4.62230673474714492954
    Local Iteration   3: ||V_upper^k - V_upper^k-1||_inf = 3.60472000745491616414, ||V_lower^k - V_lower^k-1||_inf = 4.37606487013876765957
    Local Iteration   4: ||V_upper^k - V_upper^k-1||_inf = 3.32352900458319666654, ||V_lower^k - V_lower^k-1||_inf = 4.10138702191301351974
    Local Iteration   5: ||V_upper^k - V_upper^k-1||_inf = 0.10087660684255084220, ||V_lower^k - V_lower^k-1||_inf = 3.64301272329562308983
    Local Iteration   6: ||V_upper^k - V_upper^k-1||_inf = 0.09684154256884891510, ||V_lower^k - V_lower^k-1||_inf = 1.88227733029836441503
    Local Iteration   7: ||V_upper^k - V_upper^k-1||_inf = 0.09296788086609497626, ||V_lower^k - V_lower^k-1||_inf = 1.80698623708642980290
    Local Iteration   8: ||V_upper^k - V_upper^k-1||_inf = 0.08924916563145135484, ||V_lower^k - V_lower^k-1||_inf = 1.71273733200247457731
    Local Iteration   9: ||V_upper^k - V_upper^k-1||_inf = 0.08567919900619314078, ||V_lower^k - V_lower^k-1||_inf = 0.17015252189184004727
    Local Iteration  10: ||V_upper^k - V_upper^k-1||_inf = 0.08225203104594536185, ||V_lower^k - V_lower^k-1||_inf = 0.16139092527391918352
    Local Iteration  11: ||V_upper^k - V_upper^k-1||_inf = 0.07896194980410764508, ||V_lower^k - V_lower^k-1||_inf = 0.15493528826296237844
    Local Iteration  12: ||V_upper^k - V_upper^k-1||_inf = 0.07580347181194335704, ||V_lower^k - V_lower^k-1||_inf = 0.14873787673244387442
    Local Iteration  13: ||V_upper^k - V_upper^k-1||_inf = 0.07277133293946547177, ||V_lower^k - V_lower^k-1||_inf = 0.14278836166314612388
    Local Iteration  14: ||V_upper^k - V_upper^k-1||_inf = 0.06986047962188690619, ||V_lower^k - V_lower^k-1||_inf = 0.13707682719662023230
    Local Iteration  15: ||V_upper^k - V_upper^k-1||_inf = 0.06706606043701146547, ||V_lower^k - V_lower^k-1||_inf = 0.13159375410875540080
    Local Iteration  16: ||V_upper^k - V_upper^k-1||_inf = 0.06438341801953106902, ||V_lower^k - V_lower^k-1||_inf = 0.12633000394440518921
    Local Iteration  17: ||V_upper^k - V_upper^k-1||_inf = 0.06180808129874981738, ||V_lower^k - V_lower^k-1||_inf = 0.12127680378662897276
    Local Iteration  18: ||V_upper^k - V_upper^k-1||_inf = 0.05933575804679969146, ||V_lower^k - V_lower^k-1||_inf = 0.11642573163516378720
    Local Iteration  19: ||V_upper^k - V_upper^k-1||_inf = 0.05696232772492781926, ||V_lower^k - V_lower^k-1||_inf = 0.11176870236975722239
    Local Iteration  20: ||V_upper^k - V_upper^k-1||_inf = 0.05468383461593062655, ||V_lower^k - V_lower^k-1||_inf = 0.10729795427496693905
    Local Iteration  21: ||V_upper^k - V_upper^k-1||_inf = 0.05249648123129335708, ||V_lower^k - V_lower^k-1||_inf = 0.10300603610396827370
    Local Iteration  22: ||V_upper^k - V_upper^k-1||_inf = 0.05039662198204175603, ||V_lower^k - V_lower^k-1||_inf = 0.09888579465980953942
    Local Iteration  23: ||V_upper^k - V_upper^k-1||_inf = 0.04838075710276013019, ||V_lower^k - V_lower^k-1||_inf = 0.09144612370485985520
    Local Iteration  24: ||V_upper^k - V_upper^k-1||_inf = 0.04644552681864966281, ||V_lower^k - V_lower^k-1||_inf = 0.07382178727515603667
    Local Iteration  25: ||V_upper^k - V_upper^k-1||_inf = 0.04458770574590364966, ||V_lower^k - V_lower^k-1||_inf = 0.06514280054646025275
    Local Iteration  26: ||V_upper^k - V_upper^k-1||_inf = 0.04280419751606756584, ||V_lower^k - V_lower^k-1||_inf = 0.06253708852460183876
    Local Iteration  27: ||V_upper^k - V_upper^k-1||_inf = 0.04109202961542479660, ||V_lower^k - V_lower^k-1||_inf = 0.06003560498361777686
    Local Iteration  28: ||V_upper^k - V_upper^k-1||_inf = 0.03944834843080780029, ||V_lower^k - V_lower^k-1||_inf = 0.05763418078427305635
    Local Iteration  29: ||V_upper^k - V_upper^k-1||_inf = 0.03787041449357553269, ||V_lower^k - V_lower^k-1||_inf = 0.05532881355290214520
    Local Iteration  30: ||V_upper^k - V_upper^k-1||_inf = 0.03635559791383247141, ||V_lower^k - V_lower^k-1||_inf = 0.05311566101078606106
    Local Iteration  31: ||V_upper^k - V_upper^k-1||_inf = 0.03490137399727910594, ||V_lower^k - V_lower^k-1||_inf = 0.05099103457035461529
    Local Iteration  32: ||V_upper^k - V_upper^k-1||_inf = 0.03350531903738795947, ||V_lower^k - V_lower^k-1||_inf = 0.04895139318754042346
    Local Iteration  33: ||V_upper^k - V_upper^k-1||_inf = 0.03216510627589241889, ||V_lower^k - V_lower^k-1||_inf = 0.04699333746003880874
    Local Iteration  34: ||V_upper^k - V_upper^k-1||_inf = 0.03087850202485675766, ||V_lower^k - V_lower^k-1||_inf = 0.04511360396163725806
    Local Iteration  35: ||V_upper^k - V_upper^k-1||_inf = 0.02964336194386252288, ||V_lower^k - V_lower^k-1||_inf = 0.04330905980317176218
    Local Iteration  36: ||V_upper^k - V_upper^k-1||_inf = 0.02845762746610802640, ||V_lower^k - V_lower^k-1||_inf = 0.04157669741104488836
    Local Iteration  37: ||V_upper^k - V_upper^k-1||_inf = 0.02731932236746370535, ||V_lower^k - V_lower^k-1||_inf = 0.03991362951460308839
    Local Iteration  38: ||V_upper^k - V_upper^k-1||_inf = 0.02622654947276514825, ||V_lower^k - V_lower^k-1||_inf = 0.03831708433401896652
    Local Iteration  39: ||V_upper^k - V_upper^k-1||_inf = 0.02517748749385451124, ||V_lower^k - V_lower^k-1||_inf = 0.03678440096065820064
    Local Iteration  40: ||V_upper^k - V_upper^k-1||_inf = 0.02417038799410031746, ||V_lower^k - V_lower^k-1||_inf = 0.03531302492223187262
    Local Iteration  41: ||V_upper^k - V_upper^k-1||_inf = 0.02320357247433635361, ||V_lower^k - V_lower^k-1||_inf = 0.03390050392534259271
    Local Iteration  42: ||V_upper^k - V_upper^k-1||_inf = 0.02227542957536288171, ||V_lower^k - V_lower^k-1||_inf = 0.03254448376832889261
    Local Iteration  43: ||V_upper^k - V_upper^k-1||_inf = 0.02138441239234833979, ||V_lower^k - V_lower^k-1||_inf = 0.03124270441759573885
    Local Iteration  44: ||V_upper^k - V_upper^k-1||_inf = 0.02052903589665444617, ||V_lower^k - V_lower^k-1||_inf = 0.02999299624089190458
    Local Iteration  45: ||V_upper^k - V_upper^k-1||_inf = 0.01970787446078825500, ||V_lower^k - V_lower^k-1||_inf = 0.02879327639125623534
    Local Iteration  46: ||V_upper^k - V_upper^k-1||_inf = 0.01891955948235668483, ||V_lower^k - V_lower^k-1||_inf = 0.02764154533560597704
    Local Iteration  47: ||V_upper^k - V_upper^k-1||_inf = 0.01816277710306246629, ||V_lower^k - V_lower^k-1||_inf = 0.02653588352218173158
    Local Iteration  48: ||V_upper^k - V_upper^k-1||_inf = 0.01743626601893993877, ||V_lower^k - V_lower^k-1||_inf = 0.02547444818129445537
    Local Iteration  49: ||V_upper^k - V_upper^k-1||_inf = 0.01673881537818233678, ||V_lower^k - V_lower^k-1||_inf = 0.02445547025404266883
    Local Iteration  50: ||V_upper^k - V_upper^k-1||_inf = 0.01606926276305503665, ||V_lower^k - V_lower^k-1||_inf = 0.02347725144388095736
    Local Iteration  51: ||V_upper^k - V_upper^k-1||_inf = 0.01542649225253284184, ||V_lower^k - V_lower^k-1||_inf = 0.02253816138612571573
    Local Iteration  52: ||V_upper^k - V_upper^k-1||_inf = 0.01480943256243155703, ||V_lower^k - V_lower^k-1||_inf = 0.02163663493068068017
    Local Iteration  53: ||V_upper^k - V_upper^k-1||_inf = 0.01421705525993427477, ||V_lower^k - V_lower^k-1||_inf = 0.02077116953345344713
    Local Iteration  54: ||V_upper^k - V_upper^k-1||_inf = 0.01364837304953692154, ||V_lower^k - V_lower^k-1||_inf = 0.01994032275211531091
    Local Iteration  55: ||V_upper^k - V_upper^k-1||_inf = 0.01310243812755540471, ||V_lower^k - V_lower^k-1||_inf = 0.01914270984203069598
    Local Iteration  56: ||V_upper^k - V_upper^k-1||_inf = 0.01257834060245321961, ||V_lower^k - V_lower^k-1||_inf = 0.01837700144834946564
    Local Iteration  57: ||V_upper^k - V_upper^k-1||_inf = 0.01207520697835506862, ||V_lower^k - V_lower^k-1||_inf = 0.01764192139041548604
    Local Iteration  58: ||V_upper^k - V_upper^k-1||_inf = 0.01159219869922090140, ||V_lower^k - V_lower^k-1||_inf = 0.01693624453479886452
    Local Iteration  59: ||V_upper^k - V_upper^k-1||_inf = 0.01112851075125204092, ||V_lower^k - V_lower^k-1||_inf = 0.01625879475340691327
    Local Iteration  60: ||V_upper^k - V_upper^k-1||_inf = 0.01068337032120197927, ||V_lower^k - V_lower^k-1||_inf = 0.01560844296327063355
    Local Iteration  61: ||V_upper^k - V_upper^k-1||_inf = 0.00132029259532073784, ||V_lower^k - V_lower^k-1||_inf = 0.01498410524473980932
    Local Iteration  62: ||V_upper^k - V_upper^k-1||_inf = 0.00000000000000000000, ||V_lower^k - V_lower^k-1||_inf = 0.01438474103495021236
    Local Iteration  63: ||V_upper^k - V_upper^k-1||_inf = 0.00000000000000000000, ||V_lower^k - V_lower^k-1||_inf = 0.01380935139355220567
    Local Iteration  64: ||V_upper^k - V_upper^k-1||_inf = 0.00000000000000000000, ||V_lower^k - V_lower^k-1||_inf = 0.01325697733781011634
    Local Iteration  65: ||V_upper^k - V_upper^k-1||_inf = 0.00000000000000000000, ||V_lower^k - V_lower^k-1||_inf = 0.01272669824429771557
    Local Iteration  66: ||V_upper^k - V_upper^k-1||_inf = 0.00000000000000000000, ||V_lower^k - V_lower^k-1||_inf = 0.01221763031452580486
    Local Iteration  67: ||V_upper^k - V_upper^k-1||_inf = 0.00000000000000000000, ||V_lower^k - V_lower^k-1||_inf = 0.00668077324691147140
    Local Iteration  68: ||V_upper^k - V_upper^k-1||_inf = 0.00000000000000000000, ||V_lower^k - V_lower^k-1||_inf = 0.00641354231703501407
    Local Iteration  69: ||V_upper^k - V_upper^k-1||_inf = 0.00000000000000000000, ||V_lower^k - V_lower^k-1||_inf = 0.00615700062435361149
    Local Iteration  70: ||V_upper^k - V_upper^k-1||_inf = 0.00000000000000000000, ||V_lower^k - V_lower^k-1||_inf = 0.00244094198961380352
    Local Iteration  71: ||V_upper^k - V_upper^k-1||_inf = 0.00000000000000000000, ||V_lower^k - V_lower^k-1||_inf = 0.00234330431002925145
    Local Iteration  72: ||V_upper^k - V_upper^k-1||_inf = 0.00000000000000000000, ||V_lower^k - V_lower^k-1||_inf = 0.00224957213762808127
    Local Iteration  73: ||V_upper^k - V_upper^k-1||_inf = 0.00000000000000000000, ||V_lower^k - V_lower^k-1||_inf = 0.00215958925212295788
    Local Iteration  74: ||V_upper^k - V_upper^k-1||_inf = 0.00000000000000000000, ||V_lower^k - V_lower^k-1||_inf = 0.00207320568203803960
    Local Iteration  75: ||V_upper^k - V_upper^k-1||_inf = 0.00000000000000000000, ||V_lower^k - V_lower^k-1||_inf = 0.00199027745475651796
    Local Iteration  76: ||V_upper^k - V_upper^k-1||_inf = 0.00000000000000000000, ||V_lower^k - V_lower^k-1||_inf = 0.00150117161215719531
    Local Iteration  77: ||V_upper^k - V_upper^k-1||_inf = 0.00000000000000000000, ||V_lower^k - V_lower^k-1||_inf = 0.00096835516548320207
    Local Iteration  78: ||V_upper^k - V_upper^k-1||_inf = 0.00000000000000000000, ||V_lower^k - V_lower^k-1||_inf = 0.00092962095886387386
    Local Iteration  79: ||V_upper^k - V_upper^k-1||_inf = 0.00000000000000000000, ||V_lower^k - V_lower^k-1||_inf = 0.00089243612050931892
    Local Iteration  80: ||V_upper^k - V_upper^k-1||_inf = 0.00000000000000000000, ||V_lower^k - V_lower^k-1||_inf = 0.00085673867568894610
    Local Iteration  81: ||V_upper^k - V_upper^k-1||_inf = 0.00000000000000000000, ||V_lower^k - V_lower^k-1||_inf = 0.00082246912866138834
    Local Iteration  82: ||V_upper^k - V_upper^k-1||_inf = 0.00000000000000000000, ||V_lower^k - V_lower^k-1||_inf = 0.00004636591385483468
    Local Iteration  83: ||V_upper^k - V_upper^k-1||_inf = 0.00000000000000000000, ||V_lower^k - V_lower^k-1||_inf = 0.00000000000000000000

==================================================
 LOCAL CONVERGENCE ACHIEVED
==================================================
  ||V_upper^k - V_upper^k-1||_inf = 0.00000000000000000000e+00 < tolerance = 1e-08
  ||V_lower^k - V_lower^k-1||_inf = 0.00000000000000000000e+00 < tolerance = 1e-08
  Converged in 83 iterations
  V_lower increased from min(l_lower, r_lower); smallest step 0.000e+00
    Local VI completed in 83 iterations
    Final convergence values:
      ||V_upper^final - V_upper^prev||_inf = 0.00000000e+00
      ||V_lower^final - V_lower^prev||_inf = 0.00000000e+00
  Local VI completed in 83 iterations, time: 472.186s
    Final ||V_upper^k - V_upper^k-1||_inf = 0.00000000000000000000e+00
    Final ||V_lower^k - V_lower^k-1||_inf = 0.00000000000000000000e+00
  Saved visualization: /Users/i.k.tabbara/Documents/python directory/HSCC_2027/refactored_Implementations/results_hscc_2027_modified_init/ra_discount/double_integrator_res10_eps0.05_dmin1e-08_dmax1e-08_gamma0.96_dt0.3_tau0.3_std/value_function_phase_13_complete.png
  Phase 13 completed in 479.25s with 9013260 leaf cells

Classification after phase 13:
  Safe:          2531382 cells ( 28.1%),   74.6% of state space
  Unsafe:         724322 cells (  8.0%),   18.4% of state space
  Unclassified:  5757556 cells ( 63.9%),    7.0% of state space

======================================================================
REFINEMENT PHASE 14
======================================================================
Boundary cells: 5757556
  Refinable (>eta_min=0.017678): 5757556
  Below threshold: 0
  Cumulative refined: 9003260
  Refinable cell size statistics:
    Max:    0.050000
    Mean:   0.050000
    Min:    0.050000
    Median: 0.050000
  Refining 5757556 cells...
    Refined: 5757556 parent cells
    Created: 11515112 child cells
    Total cells: 14770816
    Refinement time: 3.048s
    Cumulative refined: 14760816
  Rebuilding spatial index...
  Building spatial index for 14770816 cells...
   Spatial index built in 9.52s
    Spatial index rebuilt in 9.517s
  Initializing 11515112 new cells...
  Initializing 11515112 new cells in parallel...
   Initialized in 0.11s (103723239.9 cells/s)
    Initialization completed in 0.111s
  Starting local value iteration...
  Reinitializing ALL 14770816 cells (V_lower = min(l, r), V_upper = l)
   Reinitialized 14770816 cells in 0.22s (66663968.4 cells/s)
  Local VI: updating all 14770816 cells
    Conservative mode: False
    Convergence tolerance: 1e-08
    Max iterations: 20000
    Updating successor cache for 11515112 updated cells...
    Updating successor cache for 11515112 new cells (HYBRID)...
      Affected cells: 13468700
   Trajectories + spatial queries computed in 110.76s (1094458.1 tasks/s)
    Breakdown: 16.5% ODE, 83.5% queries
     Cache updated in 178.50s (679088.7 tasks/s)
    Local Iteration   1: ||V_upper^k - V_upper^k-1||_inf = 3.93799602617861266296, ||V_lower^k - V_lower^k-1||_inf = 4.84471998602963793701
    Local Iteration   2: ||V_upper^k - V_upper^k-1||_inf = 3.77207197250227554974, ||V_lower^k - V_lower^k-1||_inf = 4.62230673474714492954
    Local Iteration   3: ||V_upper^k - V_upper^k-1||_inf = 3.60472000745491616414, ||V_lower^k - V_lower^k-1||_inf = 4.37606487013876765957
    Local Iteration   4: ||V_upper^k - V_upper^k-1||_inf = 3.32352900458319666654, ||V_lower^k - V_lower^k-1||_inf = 4.08502349894527672092
    Local Iteration   5: ||V_upper^k - V_upper^k-1||_inf = 0.10087660684255084220, ||V_lower^k - V_lower^k-1||_inf = 3.64301272329562308983
    Local Iteration   6: ||V_upper^k - V_upper^k-1||_inf = 0.09684154256884891510, ||V_lower^k - V_lower^k-1||_inf = 1.88227733029836441503
    Local Iteration   7: ||V_upper^k - V_upper^k-1||_inf = 0.09296788086609497626, ||V_lower^k - V_lower^k-1||_inf = 1.80698623708642980290
    Local Iteration   8: ||V_upper^k - V_upper^k-1||_inf = 0.08924916563145135484, ||V_lower^k - V_lower^k-1||_inf = 0.17724221030400000298
    Local Iteration   9: ||V_upper^k - V_upper^k-1||_inf = 0.08567919900619314078, ||V_lower^k - V_lower^k-1||_inf = 0.17015252189184004727
    Local Iteration  10: ||V_upper^k - V_upper^k-1||_inf = 0.08225203104594536185, ||V_lower^k - V_lower^k-1||_inf = 0.16139092527391918352
    Local Iteration  11: ||V_upper^k - V_upper^k-1||_inf = 0.07896194980410764508, ||V_lower^k - V_lower^k-1||_inf = 0.15493528826296237844
    Local Iteration  12: ||V_upper^k - V_upper^k-1||_inf = 0.07580347181194335704, ||V_lower^k - V_lower^k-1||_inf = 0.14873787673244387442
    Local Iteration  13: ||V_upper^k - V_upper^k-1||_inf = 0.07277133293946547177, ||V_lower^k - V_lower^k-1||_inf = 0.14278836166314612388
    Local Iteration  14: ||V_upper^k - V_upper^k-1||_inf = 0.06986047962188690619, ||V_lower^k - V_lower^k-1||_inf = 0.13707682719662023230
    Local Iteration  15: ||V_upper^k - V_upper^k-1||_inf = 0.06706606043701146547, ||V_lower^k - V_lower^k-1||_inf = 0.13159375410875540080
    Local Iteration  16: ||V_upper^k - V_upper^k-1||_inf = 0.06438341801953106902, ||V_lower^k - V_lower^k-1||_inf = 0.12633000394440518921
    Local Iteration  17: ||V_upper^k - V_upper^k-1||_inf = 0.06180808129874981738, ||V_lower^k - V_lower^k-1||_inf = 0.12127680378662897276
    Local Iteration  18: ||V_upper^k - V_upper^k-1||_inf = 0.05933575804679969146, ||V_lower^k - V_lower^k-1||_inf = 0.11642573163516378720
    Local Iteration  19: ||V_upper^k - V_upper^k-1||_inf = 0.05696232772492781926, ||V_lower^k - V_lower^k-1||_inf = 0.11176870236975722239
    Local Iteration  20: ||V_upper^k - V_upper^k-1||_inf = 0.05468383461593062655, ||V_lower^k - V_lower^k-1||_inf = 0.10729795427496693905
    Local Iteration  21: ||V_upper^k - V_upper^k-1||_inf = 0.05249648123129335708, ||V_lower^k - V_lower^k-1||_inf = 0.10300603610396827370
    Local Iteration  22: ||V_upper^k - V_upper^k-1||_inf = 0.05039662198204175603, ||V_lower^k - V_lower^k-1||_inf = 0.09888579465980953942
    Local Iteration  23: ||V_upper^k - V_upper^k-1||_inf = 0.04838075710276013019, ||V_lower^k - V_lower^k-1||_inf = 0.09144612370485985520
    Local Iteration  24: ||V_upper^k - V_upper^k-1||_inf = 0.04644552681864966281, ||V_lower^k - V_lower^k-1||_inf = 0.08778827875666544989
    Local Iteration  25: ||V_upper^k - V_upper^k-1||_inf = 0.04458770574590364966, ||V_lower^k - V_lower^k-1||_inf = 0.08169563575367783104
    Local Iteration  26: ||V_upper^k - V_upper^k-1||_inf = 0.04280419751606756584, ||V_lower^k - V_lower^k-1||_inf = 0.07842781032353068893
    Local Iteration  27: ||V_upper^k - V_upper^k-1||_inf = 0.04109202961542479660, ||V_lower^k - V_lower^k-1||_inf = 0.07529069791058951022
    Local Iteration  28: ||V_upper^k - V_upper^k-1||_inf = 0.03944834843080780029, ||V_lower^k - V_lower^k-1||_inf = 0.07227906999416594536
    Local Iteration  29: ||V_upper^k - V_upper^k-1||_inf = 0.03787041449357553269, ||V_lower^k - V_lower^k-1||_inf = 0.06938790719439935639
    Local Iteration  30: ||V_upper^k - V_upper^k-1||_inf = 0.03635559791383247141, ||V_lower^k - V_lower^k-1||_inf = 0.06661239090662338103
    Local Iteration  31: ||V_upper^k - V_upper^k-1||_inf = 0.03490137399727910594, ||V_lower^k - V_lower^k-1||_inf = 0.06394789527035846244
    Local Iteration  32: ||V_upper^k - V_upper^k-1||_inf = 0.03350531903738795947, ||V_lower^k - V_lower^k-1||_inf = 0.06138997945954410840
    Local Iteration  33: ||V_upper^k - V_upper^k-1||_inf = 0.03216510627589241889, ||V_lower^k - V_lower^k-1||_inf = 0.05893438028116232408
    Local Iteration  34: ||V_upper^k - V_upper^k-1||_inf = 0.03087850202485675766, ||V_lower^k - V_lower^k-1||_inf = 0.05657700506991583667
    Local Iteration  35: ||V_upper^k - V_upper^k-1||_inf = 0.02964336194386252288, ||V_lower^k - V_lower^k-1||_inf = 0.05431392486711919543
    Local Iteration  36: ||V_upper^k - V_upper^k-1||_inf = 0.02845762746610802640, ||V_lower^k - V_lower^k-1||_inf = 0.05214136787243442428
    Local Iteration  37: ||V_upper^k - V_upper^k-1||_inf = 0.02731932236746370535, ||V_lower^k - V_lower^k-1||_inf = 0.05005571315753704065
    Local Iteration  38: ||V_upper^k - V_upper^k-1||_inf = 0.02622654947276514825, ||V_lower^k - V_lower^k-1||_inf = 0.04805348463123557123
    Local Iteration  39: ||V_upper^k - V_upper^k-1||_inf = 0.02517748749385451124, ||V_lower^k - V_lower^k-1||_inf = 0.04613134524598613839
    Local Iteration  40: ||V_upper^k - V_upper^k-1||_inf = 0.02417038799410031746, ||V_lower^k - V_lower^k-1||_inf = 0.04428609143614670174
    Local Iteration  41: ||V_upper^k - V_upper^k-1||_inf = 0.02320357247433635361, ||V_lower^k - V_lower^k-1||_inf = 0.04251464777870081480
    Local Iteration  42: ||V_upper^k - V_upper^k-1||_inf = 0.02227542957536288171, ||V_lower^k - V_lower^k-1||_inf = 0.04081406186755279220
    Local Iteration  43: ||V_upper^k - V_upper^k-1||_inf = 0.02138441239234833979, ||V_lower^k - V_lower^k-1||_inf = 0.03918149939285067718
    Local Iteration  44: ||V_upper^k - V_upper^k-1||_inf = 0.02052903589665444617, ||V_lower^k - V_lower^k-1||_inf = 0.03761423941713665231
    Local Iteration  45: ||V_upper^k - V_upper^k-1||_inf = 0.01970787446078825500, ||V_lower^k - V_lower^k-1||_inf = 0.03610966984045119177
    Local Iteration  46: ||V_upper^k - V_upper^k-1||_inf = 0.01891955948235668483, ||V_lower^k - V_lower^k-1||_inf = 0.03466528304683313966
    Local Iteration  47: ||V_upper^k - V_upper^k-1||_inf = 0.01816277710306246629, ||V_lower^k - V_lower^k-1||_inf = 0.03327867172495982406
    Local Iteration  48: ||V_upper^k - V_upper^k-1||_inf = 0.01743626601893993877, ||V_lower^k - V_lower^k-1||_inf = 0.03194752485596144553
    Local Iteration  49: ||V_upper^k - V_upper^k-1||_inf = 0.01673881537818233678, ||V_lower^k - V_lower^k-1||_inf = 0.03066962386172299160
    Local Iteration  50: ||V_upper^k - V_upper^k-1||_inf = 0.01606926276305503665, ||V_lower^k - V_lower^k-1||_inf = 0.02944283890725407637
    Local Iteration  51: ||V_upper^k - V_upper^k-1||_inf = 0.01542649225253284184, ||V_lower^k - V_lower^k-1||_inf = 0.02826512535096391276
    Local Iteration  52: ||V_upper^k - V_upper^k-1||_inf = 0.01480943256243155703, ||V_lower^k - V_lower^k-1||_inf = 0.02713452033692535792
    Local Iteration  53: ||V_upper^k - V_upper^k-1||_inf = 0.01421705525993427477, ||V_lower^k - V_lower^k-1||_inf = 0.02604913952344833916
    Local Iteration  54: ||V_upper^k - V_upper^k-1||_inf = 0.01364837304953692154, ||V_lower^k - V_lower^k-1||_inf = 0.02500717394251039671
    Local Iteration  55: ||V_upper^k - V_upper^k-1||_inf = 0.01310243812755540471, ||V_lower^k - V_lower^k-1||_inf = 0.02400688698480997474
    Local Iteration  56: ||V_upper^k - V_upper^k-1||_inf = 0.01257834060245321961, ||V_lower^k - V_lower^k-1||_inf = 0.02304661150541757741
    Local Iteration  57: ||V_upper^k - V_upper^k-1||_inf = 0.01207520697835506862, ||V_lower^k - V_lower^k-1||_inf = 0.02212474704520087099
    Local Iteration  58: ||V_upper^k - V_upper^k-1||_inf = 0.01159219869922090140, ||V_lower^k - V_lower^k-1||_inf = 0.02123975716339283892
    Local Iteration  59: ||V_upper^k - V_upper^k-1||_inf = 0.01112851075125204092, ||V_lower^k - V_lower^k-1||_inf = 0.02039016687685712981
    Local Iteration  60: ||V_upper^k - V_upper^k-1||_inf = 0.01068337032120197927, ||V_lower^k - V_lower^k-1||_inf = 0.01397233277462361228
    Local Iteration  61: ||V_upper^k - V_upper^k-1||_inf = 0.00132029259532073784, ||V_lower^k - V_lower^k-1||_inf = 0.01283363208777355685
    Local Iteration  62: ||V_upper^k - V_upper^k-1||_inf = 0.00000000000000000000, ||V_lower^k - V_lower^k-1||_inf = 0.01232028680426261111
    Local Iteration  63: ||V_upper^k - V_upper^k-1||_inf = 0.00000000000000000000, ||V_lower^k - V_lower^k-1||_inf = 0.01182747533209210777
    Local Iteration  64: ||V_upper^k - V_upper^k-1||_inf = 0.00000000000000000000, ||V_lower^k - V_lower^k-1||_inf = 0.01135437631880842346
    Local Iteration  65: ||V_upper^k - V_upper^k-1||_inf = 0.00000000000000000000, ||V_lower^k - V_lower^k-1||_inf = 0.01090020126605608861
    Local Iteration  66: ||V_upper^k - V_upper^k-1||_inf = 0.00000000000000000000, ||V_lower^k - V_lower^k-1||_inf = 0.00622920840705072643
    Local Iteration  67: ||V_upper^k - V_upper^k-1||_inf = 0.00000000000000000000, ||V_lower^k - V_lower^k-1||_inf = 0.00598004007076869890
    Local Iteration  68: ||V_upper^k - V_upper^k-1||_inf = 0.00000000000000000000, ||V_lower^k - V_lower^k-1||_inf = 0.00574083846793795038
    Local Iteration  69: ||V_upper^k - V_upper^k-1||_inf = 0.00000000000000000000, ||V_lower^k - V_lower^k-1||_inf = 0.00322035623543762443
    Local Iteration  70: ||V_upper^k - V_upper^k-1||_inf = 0.00000000000000000000, ||V_lower^k - V_lower^k-1||_inf = 0.00309154198602011945
    Local Iteration  71: ||V_upper^k - V_upper^k-1||_inf = 0.00000000000000000000, ||V_lower^k - V_lower^k-1||_inf = 0.00296788030657931488
    Local Iteration  72: ||V_upper^k - V_upper^k-1||_inf = 0.00000000000000000000, ||V_lower^k - V_lower^k-1||_inf = 0.00284916509431614243
    Local Iteration  73: ||V_upper^k - V_upper^k-1||_inf = 0.00000000000000000000, ||V_lower^k - V_lower^k-1||_inf = 0.00273519849054349633
    Local Iteration  74: ||V_upper^k - V_upper^k-1||_inf = 0.00000000000000000000, ||V_lower^k - V_lower^k-1||_inf = 0.00262579055092175637
    Local Iteration  75: ||V_upper^k - V_upper^k-1||_inf = 0.00000000000000000000, ||V_lower^k - V_lower^k-1||_inf = 0.00133231439962508674
    Local Iteration  76: ||V_upper^k - V_upper^k-1||_inf = 0.00000000000000000000, ||V_lower^k - V_lower^k-1||_inf = 0.00081501053344645326
    Local Iteration  77: ||V_upper^k - V_upper^k-1||_inf = 0.00000000000000000000, ||V_lower^k - V_lower^k-1||_inf = 0.00078241011210859507
    Local Iteration  78: ||V_upper^k - V_upper^k-1||_inf = 0.00000000000000000000, ||V_lower^k - V_lower^k-1||_inf = 0.00075111370762425116
    Local Iteration  79: ||V_upper^k - V_upper^k-1||_inf = 0.00000000000000000000, ||V_lower^k - V_lower^k-1||_inf = 0.00072106915931928115
    Local Iteration  80: ||V_upper^k - V_upper^k-1||_inf = 0.00000000000000000000, ||V_lower^k - V_lower^k-1||_inf = 0.00069222639294650985
    Local Iteration  81: ||V_upper^k - V_upper^k-1||_inf = 0.00000000000000000000, ||V_lower^k - V_lower^k-1||_inf = 0.00012326511047042071
    Local Iteration  82: ||V_upper^k - V_upper^k-1||_inf = 0.00000000000000000000, ||V_lower^k - V_lower^k-1||_inf = 0.00004636591385483468
    Local Iteration  83: ||V_upper^k - V_upper^k-1||_inf = 0.00000000000000000000, ||V_lower^k - V_lower^k-1||_inf = 0.00000000000000000000

==================================================
 LOCAL CONVERGENCE ACHIEVED
==================================================
  ||V_upper^k - V_upper^k-1||_inf = 0.00000000000000000000e+00 < tolerance = 1e-08
  ||V_lower^k - V_lower^k-1||_inf = 0.00000000000000000000e+00 < tolerance = 1e-08
  Converged in 83 iterations
  V_lower increased from min(l_lower, r_lower); smallest step 0.000e+00
    Local VI completed in 83 iterations
    Final convergence values:
      ||V_upper^final - V_upper^prev||_inf = 0.00000000e+00
      ||V_lower^final - V_lower^prev||_inf = 0.00000000e+00
  Local VI completed in 83 iterations, time: 1587.515s
    Final ||V_upper^k - V_upper^k-1||_inf = 0.00000000000000000000e+00
    Final ||V_lower^k - V_lower^k-1||_inf = 0.00000000000000000000e+00
  Saved visualization: /Users/i.k.tabbara/Documents/python directory/HSCC_2027/refactored_Implementations/results_hscc_2027_modified_init/ra_discount/double_integrator_res10_eps0.05_dmin1e-08_dmax1e-08_gamma0.96_dt0.3_tau0.3_std/value_function_phase_14_complete.png
  Phase 14 completed in 1602.32s with 14770816 leaf cells

Classification after phase 14:
  Safe:          3993174 cells ( 27.0%),   75.5% of state space
  Unsafe:        1517210 cells ( 10.3%),   18.8% of state space
  Unclassified:  9260432 cells ( 62.7%),    5.7% of state space

======================================================================
ADAPTIVE REFINEMENT COMPLETE
======================================================================
Refinement Summary:
  Phases completed: 14
  Parent cells refined: 14760816
  Child cells created: 29521632
  Final cells: 14770816
Final Boundary State:
  Boundary cells: 9260432
  Still refinable: 9260432
  Below threshold: 0

Final Cell Classification:
  Safe:          3993174 cells ( 27.0%),   75.5% of state space
  Unsafe:        1517210 cells ( 10.3%),   18.8% of state space
  Unclassified:  9260432 cells ( 62.7%),    5.7% of state space

 All results saved to: /Users/i.k.tabbara/Documents/python directory/HSCC_2027/refactored_Implementations/results_hscc_2027_modified_init/ra_discount/double_integrator_res10_eps0.05_dmin1e-08_dmax1e-08_gamma0.96_dt0.3_tau0.3_std/
ALGORITHM 2 COMPLETE
Total time: 2567.34 seconds

======================================================================
TIMING BREAKDOWN (RA_discount)
======================================================================
  grid construction      :      0.002 s
  spatial index builds   :     21.413 s
  cell initialization    :      0.612 s
  ODE integration        :     32.438 s  (326037510 solves)
  successor set queries  :    215.950 s
  value iteration        :   2165.981 s  (1818 sweeps)
  cell splitting         :      4.636 s
  plotting / output      :     13.722 s
  checkpoint writes      :      0.000 s
  ------------------------------------------------
  TOTAL                  :   2651.035 s
  final leaf cells       :   14770816
TOTAL WALL TIME: 2651.04 seconds
# run finished 2026-10-04T21:06:26
