
######################################################################
# run started 2026-10-04T13:32:09
# command: ./build/dhj --mode ra_discount --dynamics evasion --dt 0.3 --tau 0.3 --initial-resolution 30 --epsilon 0.05 --delta-min 1e-8 --delta-max 1e-8 --gamma 0.96 --refinements 12 --vi-iterations 1000033 --checkpoint-every 0 --keep-checkpoints 0 --plot-dpi 300 --workers 12 --results-root /Users/i.k.tabbara/Documents/python directory/HSCC_2027/refactored_Implementations/results_hscc_2027_newbellmans_12workers
# cwd: /Users/i.k.tabbara/Documents/python directory/HSCC_2027/refactored_Implementations/cpp
######################################################################
DISCRETE HJ REACH-AVOID SOLVER (C++)
Mode: ra_discount (RA_discount.py semantics)
Algorithm: 2, Workers: 12
Output directory: /Users/i.k.tabbara/Documents/python directory/HSCC_2027/refactored_Implementations/results_hscc_2027_newbellmans_12workers/ra_discount/evasion_res30_eps0.05_dmin1e-08_dmax1e-08_gamma0.96_dt0.3_tau0.3_cons
Conservative mode: True
Dynamics: evasion (3-D)
  Time discretization: 1 steps of dt=0.3 s over tau=0.3 s
======================================================================
ALGORITHM 2/3: Adaptive Refinement
======================================================================
Environment: evasion
Initializing grid with resolution 30^3...
  Building spatial index for 27000 cells...
   Spatial index built in 0.01s

Gronwall Reachability Initialized:
  Lipschitz constant L = 2
  Checkpoint interval dt = 0.3
  Control horizon tau = 0.3
  Number of checkpoints = 1
  Checkpoint times: ['0.300']
  Growth factors: ['1.822119']
Initialized with gamma=0.96, L_f=2, L_l=1.41421,  L_r=1.41421
Contraction factor: gamma*L_f = 1.9200
Using 12 parallel workers

======================================================================
ADAPTIVE REFINEMENT CONFIGURATION
======================================================================
  Error tolerance eps: 0.05
  Minimum cell size eta_min: 0.017678
  Maximum refinements: 12
  VI iterations per refinement: 1000033
  Conservative mode: True
  delta_max: 1e-08

======================================================================
PHASE 0: INITIAL VALUE ITERATION
======================================================================
Grid: 27000 cells
  Precomputing successor sets...

Precomputing successor sets with HYBRID approach...
  Step 1: Computing 135000 trajectories in parallel...
   Trajectories + spatial queries computed in 0.05s (2793024.0 tasks/s)
    Breakdown: 67.7% ODE, 32.3% queries

Starting OPTIMIZED PARALLEL value iteration (max 1000033 iterations)...
Conservative mode: True
Conservative tolerance delta_max: 1e-08
Conservative margin will be: eps_cons = (gamma * delta_actual) / (1 - gamma)
Number of cells: 27000
Iteration   1: ||V_upper^k - V_upper^k-1||_inf = 4.20931542882058806754, ||V_lower^k - V_lower^k-1||_inf = 3.91312323294336383839, delta^k = -3.91312323294336383839
Iteration   2: ||V_upper^k - V_upper^k-1||_inf = 4.03201864917040264658, ||V_lower^k - V_lower^k-1||_inf = 3.35191468862995911593, delta^k = -3.35191468862995911593
Iteration   3: ||V_upper^k - V_upper^k-1||_inf = 3.86167004175394179555, ||V_lower^k - V_lower^k-1||_inf = 2.76711794267457111829, delta^k = -2.76711794267457111829
Iteration   4: ||V_upper^k - V_upper^k-1||_inf = 3.69879376260296188761, ||V_lower^k - V_lower^k-1||_inf = 2.36399143958816226885, delta^k = -2.36399143958816226885
Iteration   5: ||V_upper^k - V_upper^k-1||_inf = 3.54397155353224402319, ||V_lower^k - V_lower^k-1||_inf = 1.96530564045220756952, delta^k = -1.96530564045220756952
Iteration   6: ||V_upper^k - V_upper^k-1||_inf = 3.40221269139095383593, ||V_lower^k - V_lower^k-1||_inf = 1.72544246195289563417, delta^k = -1.72544246195289563417
Iteration   7: ||V_upper^k - V_upper^k-1||_inf = 3.26612418373531587790, ||V_lower^k - V_lower^k-1||_inf = 1.39230804757226467316, delta^k = -1.39230804757226467316
Iteration   8: ||V_upper^k - V_upper^k-1||_inf = 3.13547921638590310067, ||V_lower^k - V_lower^k-1||_inf = 1.02403030835471864357, delta^k = -1.02403030835471864357
Iteration   9: ||V_upper^k - V_upper^k-1||_inf = 3.01006004773046687006, ||V_lower^k - V_lower^k-1||_inf = 0.73703393045071896594, delta^k = -0.73703393045071896594
Iteration  10: ||V_upper^k - V_upper^k-1||_inf = 2.88965764582124773341, ||V_lower^k - V_lower^k-1||_inf = 0.48256335110485892859, delta^k = -0.48256335110485892859
Iteration  11: ||V_upper^k - V_upper^k-1||_inf = 2.77407133998839761091, ||V_lower^k - V_lower^k-1||_inf = 0.32259125119768639056, delta^k = -0.32259125119768639056
Iteration  12: ||V_upper^k - V_upper^k-1||_inf = 2.66310848638886188411, ||V_lower^k - V_lower^k-1||_inf = 0.18439457325690261635, delta^k = -0.18439457325690261635
Iteration  13: ||V_upper^k - V_upper^k-1||_inf = 2.55658414693330726664, ||V_lower^k - V_lower^k-1||_inf = 0.17701879032662648505, delta^k = -0.17701879032662648505
Iteration  14: ||V_upper^k - V_upper^k-1||_inf = 2.45432078105597506479, ||V_lower^k - V_lower^k-1||_inf = 0.14818907204444992098, delta^k = -0.14818907204444992098
Iteration  15: ||V_upper^k - V_upper^k-1||_inf = 0.07339206824314792321, ||V_lower^k - V_lower^k-1||_inf = 0.13281939502426715061, delta^k = -0.13281939502426715061
Iteration  16: ||V_upper^k - V_upper^k-1||_inf = 0.07045638551342192635, ||V_lower^k - V_lower^k-1||_inf = 0.12750661922329642461, delta^k = -0.12750661922329642461
Iteration  17: ||V_upper^k - V_upper^k-1||_inf = 0.06763813009288521805, ||V_lower^k - V_lower^k-1||_inf = 0.08421013440875085854, delta^k = -0.08421013440875085854
Iteration  18: ||V_upper^k - V_upper^k-1||_inf = 0.06493260488916963169, ||V_lower^k - V_lower^k-1||_inf = 0.06577465339810811829, delta^k = -0.06577465339810811829
Iteration  19: ||V_upper^k - V_upper^k-1||_inf = 0.06233530069360293524, ||V_lower^k - V_lower^k-1||_inf = 0.06314366726218378911, delta^k = -0.06314366726218378911
Iteration  20: ||V_upper^k - V_upper^k-1||_inf = 0.05984188866585871125, ||V_lower^k - V_lower^k-1||_inf = 0.01771013713472285867, delta^k = -0.01771013713472285867
Iteration  21: ||V_upper^k - V_upper^k-1||_inf = 0.05744821311922443385, ||V_lower^k - V_lower^k-1||_inf = 0.00000000000000033307, delta^k = -0.00000000000000033307
Iteration  22: ||V_upper^k - V_upper^k-1||_inf = 0.05515028459445536768, ||V_lower^k - V_lower^k-1||_inf = 0.00000000000000000000, delta^k = 0.00000000000000000000
Iteration  23: ||V_upper^k - V_upper^k-1||_inf = 0.05294427321067729508, ||V_lower^k - V_lower^k-1||_inf = 0.00000000000000000000, delta^k = 0.00000000000000000000
Iteration  24: ||V_upper^k - V_upper^k-1||_inf = 0.05082650228225005229, ||V_lower^k - V_lower^k-1||_inf = 0.00000000000000000000, delta^k = 0.00000000000000000000
Iteration  25: ||V_upper^k - V_upper^k-1||_inf = 0.04879344219096015678, ||V_lower^k - V_lower^k-1||_inf = 0.00000000000000000000, delta^k = 0.00000000000000000000
Iteration  26: ||V_upper^k - V_upper^k-1||_inf = 0.04684170450332181268, ||V_lower^k - V_lower^k-1||_inf = 0.00000000000000000000, delta^k = 0.00000000000000000000
Iteration  27: ||V_upper^k - V_upper^k-1||_inf = 0.04496803632318879806, ||V_lower^k - V_lower^k-1||_inf = 0.00000000000000000000, delta^k = 0.00000000000000000000
Iteration  28: ||V_upper^k - V_upper^k-1||_inf = 0.04316931487026121061, ||V_lower^k - V_lower^k-1||_inf = 0.00000000000000000000, delta^k = 0.00000000000000000000
Iteration  29: ||V_upper^k - V_upper^k-1||_inf = 0.04144254227545085545, ||V_lower^k - V_lower^k-1||_inf = 0.00000000000000000000, delta^k = 0.00000000000000000000
Iteration  30: ||V_upper^k - V_upper^k-1||_inf = 0.03978484058443287896, ||V_lower^k - V_lower^k-1||_inf = 0.00000000000000000000, delta^k = 0.00000000000000000000
Iteration  31: ||V_upper^k - V_upper^k-1||_inf = 0.03819344696105553272, ||V_lower^k - V_lower^k-1||_inf = 0.00000000000000000000, delta^k = 0.00000000000000000000
Iteration  32: ||V_upper^k - V_upper^k-1||_inf = 0.03666570908261324035, ||V_lower^k - V_lower^k-1||_inf = 0.00000000000000000000, delta^k = 0.00000000000000000000
Iteration  33: ||V_upper^k - V_upper^k-1||_inf = 0.03519908071930877291, ||V_lower^k - V_lower^k-1||_inf = 0.00000000000000000000, delta^k = 0.00000000000000000000
Iteration  34: ||V_upper^k - V_upper^k-1||_inf = 0.03379111749053642644, ||V_lower^k - V_lower^k-1||_inf = 0.00000000000000000000, delta^k = 0.00000000000000000000
Iteration  35: ||V_upper^k - V_upper^k-1||_inf = 0.03243947279091496938, ||V_lower^k - V_lower^k-1||_inf = 0.00000000000000000000, delta^k = 0.00000000000000000000
Iteration  36: ||V_upper^k - V_upper^k-1||_inf = 0.03114189387927834840, ||V_lower^k - V_lower^k-1||_inf = 0.00000000000000000000, delta^k = 0.00000000000000000000
Iteration  37: ||V_upper^k - V_upper^k-1||_inf = 0.02989621812410725443, ||V_lower^k - V_lower^k-1||_inf = 0.00000000000000000000, delta^k = 0.00000000000000000000
Iteration  38: ||V_upper^k - V_upper^k-1||_inf = 0.02870036939914288876, ||V_lower^k - V_lower^k-1||_inf = 0.00000000000000000000, delta^k = 0.00000000000000000000
Iteration  39: ||V_upper^k - V_upper^k-1||_inf = 0.02755235462317717765, ||V_lower^k - V_lower^k-1||_inf = 0.00000000000000000000, delta^k = 0.00000000000000000000
Iteration  40: ||V_upper^k - V_upper^k-1||_inf = 0.02645026043825016160, ||V_lower^k - V_lower^k-1||_inf = 0.00000000000000000000, delta^k = 0.00000000000000000000
Iteration  41: ||V_upper^k - V_upper^k-1||_inf = 0.02539225002072009740, ||V_lower^k - V_lower^k-1||_inf = 0.00000000000000000000, delta^k = 0.00000000000000000000
Iteration  42: ||V_upper^k - V_upper^k-1||_inf = 0.02437656001989130239, ||V_lower^k - V_lower^k-1||_inf = 0.00000000000000000000, delta^k = 0.00000000000000000000
Iteration  43: ||V_upper^k - V_upper^k-1||_inf = 0.02340149761909571247, ||V_lower^k - V_lower^k-1||_inf = 0.00000000000000000000, delta^k = 0.00000000000000000000
Iteration  44: ||V_upper^k - V_upper^k-1||_inf = 0.02246543771433184844, ||V_lower^k - V_lower^k-1||_inf = 0.00000000000000000000, delta^k = 0.00000000000000000000
Iteration  45: ||V_upper^k - V_upper^k-1||_inf = 0.02156682020575850789, ||V_lower^k - V_lower^k-1||_inf = 0.00000000000000000000, delta^k = 0.00000000000000000000
Iteration  46: ||V_upper^k - V_upper^k-1||_inf = 0.02070414739752823863, ||V_lower^k - V_lower^k-1||_inf = 0.00000000000000000000, delta^k = 0.00000000000000000000
Iteration  47: ||V_upper^k - V_upper^k-1||_inf = 0.01987598150162706023, ||V_lower^k - V_lower^k-1||_inf = 0.00000000000000000000, delta^k = 0.00000000000000000000
Iteration  48: ||V_upper^k - V_upper^k-1||_inf = 0.01908094224156198226, ||V_lower^k - V_lower^k-1||_inf = 0.00000000000000000000, delta^k = 0.00000000000000000000
Iteration  49: ||V_upper^k - V_upper^k-1||_inf = 0.01831770455189951630, ||V_lower^k - V_lower^k-1||_inf = 0.00000000000000000000, delta^k = 0.00000000000000000000
Iteration  50: ||V_upper^k - V_upper^k-1||_inf = 0.01758499636982352454, ||V_lower^k - V_lower^k-1||_inf = 0.00000000000000000000, delta^k = 0.00000000000000000000
Iteration  51: ||V_upper^k - V_upper^k-1||_inf = 0.01688159651503057246, ||V_lower^k - V_lower^k-1||_inf = 0.00000000000000000000, delta^k = 0.00000000000000000000
Iteration  52: ||V_upper^k - V_upper^k-1||_inf = 0.01620633265442938953, ||V_lower^k - V_lower^k-1||_inf = 0.00000000000000000000, delta^k = 0.00000000000000000000
Iteration  53: ||V_upper^k - V_upper^k-1||_inf = 0.01555807934825220729, ||V_lower^k - V_lower^k-1||_inf = 0.00000000000000000000, delta^k = 0.00000000000000000000
Iteration  54: ||V_upper^k - V_upper^k-1||_inf = 0.01493575617432213454, ||V_lower^k - V_lower^k-1||_inf = 0.00000000000000000000, delta^k = 0.00000000000000000000
Iteration  55: ||V_upper^k - V_upper^k-1||_inf = 0.01433832592734923805, ||V_lower^k - V_lower^k-1||_inf = 0.00000000000000000000, delta^k = 0.00000000000000000000
Iteration  56: ||V_upper^k - V_upper^k-1||_inf = 0.01376479289025522856, ||V_lower^k - V_lower^k-1||_inf = 0.00000000000000000000, delta^k = 0.00000000000000000000
Iteration  57: ||V_upper^k - V_upper^k-1||_inf = 0.01321420117464505717, ||V_lower^k - V_lower^k-1||_inf = 0.00000000000000000000, delta^k = 0.00000000000000000000
Iteration  58: ||V_upper^k - V_upper^k-1||_inf = 0.01268563312765924600, ||V_lower^k - V_lower^k-1||_inf = 0.00000000000000000000, delta^k = 0.00000000000000000000
Iteration  59: ||V_upper^k - V_upper^k-1||_inf = 0.01217820780255285396, ||V_lower^k - V_lower^k-1||_inf = 0.00000000000000000000, delta^k = 0.00000000000000000000
Iteration  60: ||V_upper^k - V_upper^k-1||_inf = 0.01169107949045072870, ||V_lower^k - V_lower^k-1||_inf = 0.00000000000000000000, delta^k = 0.00000000000000000000
Iteration  61: ||V_upper^k - V_upper^k-1||_inf = 0.01122343631083272397, ||V_lower^k - V_lower^k-1||_inf = 0.00000000000000000000, delta^k = 0.00000000000000000000
Iteration  62: ||V_upper^k - V_upper^k-1||_inf = 0.01077449885839942834, ||V_lower^k - V_lower^k-1||_inf = 0.00000000000000000000, delta^k = 0.00000000000000000000
Iteration  63: ||V_upper^k - V_upper^k-1||_inf = 0.01034351890406343122, ||V_lower^k - V_lower^k-1||_inf = 0.00000000000000000000, delta^k = 0.00000000000000000000
Iteration  64: ||V_upper^k - V_upper^k-1||_inf = 0.00992977814790091395, ||V_lower^k - V_lower^k-1||_inf = 0.00000000000000000000, delta^k = 0.00000000000000000000
Iteration  65: ||V_upper^k - V_upper^k-1||_inf = 0.00953258702198486740, ||V_lower^k - V_lower^k-1||_inf = 0.00000000000000000000, delta^k = 0.00000000000000000000
Iteration  66: ||V_upper^k - V_upper^k-1||_inf = 0.00915128354110547604, ||V_lower^k - V_lower^k-1||_inf = 0.00000000000000000000, delta^k = 0.00000000000000000000
Iteration  67: ||V_upper^k - V_upper^k-1||_inf = 0.00878523219946125700, ||V_lower^k - V_lower^k-1||_inf = 0.00000000000000000000, delta^k = 0.00000000000000000000
Iteration  68: ||V_upper^k - V_upper^k-1||_inf = 0.00840969449383838219, ||V_lower^k - V_lower^k-1||_inf = 0.00000000000000000000, delta^k = 0.00000000000000000000
Iteration  69: ||V_upper^k - V_upper^k-1||_inf = 0.00807330671408484912, ||V_lower^k - V_lower^k-1||_inf = 0.00000000000000000000, delta^k = 0.00000000000000000000
Iteration  70: ||V_upper^k - V_upper^k-1||_inf = 0.00775037444552145738, ||V_lower^k - V_lower^k-1||_inf = 0.00000000000000000000, delta^k = 0.00000000000000000000
Iteration  71: ||V_upper^k - V_upper^k-1||_inf = 0.00744035946770060796, ||V_lower^k - V_lower^k-1||_inf = 0.00000000000000000000, delta^k = 0.00000000000000000000
Iteration  72: ||V_upper^k - V_upper^k-1||_inf = 0.00714274508899256921, ||V_lower^k - V_lower^k-1||_inf = 0.00000000000000000000, delta^k = 0.00000000000000000000
Iteration  73: ||V_upper^k - V_upper^k-1||_inf = 0.00685703528543285534, ||V_lower^k - V_lower^k-1||_inf = 0.00000000000000000000, delta^k = 0.00000000000000000000
Iteration  74: ||V_upper^k - V_upper^k-1||_inf = 0.00658275387401555112, ||V_lower^k - V_lower^k-1||_inf = 0.00000000000000000000, delta^k = 0.00000000000000000000
Iteration  75: ||V_upper^k - V_upper^k-1||_inf = 0.00631944371905493463, ||V_lower^k - V_lower^k-1||_inf = 0.00000000000000000000, delta^k = 0.00000000000000000000
Iteration  76: ||V_upper^k - V_upper^k-1||_inf = 0.00606666597029273391, ||V_lower^k - V_lower^k-1||_inf = 0.00000000000000000000, delta^k = 0.00000000000000000000
Iteration  77: ||V_upper^k - V_upper^k-1||_inf = 0.00582399933148103344, ||V_lower^k - V_lower^k-1||_inf = 0.00000000000000000000, delta^k = 0.00000000000000000000
Iteration  78: ||V_upper^k - V_upper^k-1||_inf = 0.00559103935822177767, ||V_lower^k - V_lower^k-1||_inf = 0.00000000000000000000, delta^k = 0.00000000000000000000
Iteration  79: ||V_upper^k - V_upper^k-1||_inf = 0.00536739778389291877, ||V_lower^k - V_lower^k-1||_inf = 0.00000000000000000000, delta^k = 0.00000000000000000000
Iteration  80: ||V_upper^k - V_upper^k-1||_inf = 0.00515270187253719092, ||V_lower^k - V_lower^k-1||_inf = 0.00000000000000000000, delta^k = 0.00000000000000000000
Iteration  81: ||V_upper^k - V_upper^k-1||_inf = 0.00494659379763570661, ||V_lower^k - V_lower^k-1||_inf = 0.00000000000000000000, delta^k = 0.00000000000000000000
Iteration  82: ||V_upper^k - V_upper^k-1||_inf = 0.00474873004573027335, ||V_lower^k - V_lower^k-1||_inf = 0.00000000000000000000, delta^k = 0.00000000000000000000
Iteration  83: ||V_upper^k - V_upper^k-1||_inf = 0.00455878084390107241, ||V_lower^k - V_lower^k-1||_inf = 0.00000000000000000000, delta^k = 0.00000000000000000000
Iteration  84: ||V_upper^k - V_upper^k-1||_inf = 0.00437642961014501897, ||V_lower^k - V_lower^k-1||_inf = 0.00000000000000000000, delta^k = 0.00000000000000000000
Iteration  85: ||V_upper^k - V_upper^k-1||_inf = 0.00420137242573921654, ||V_lower^k - V_lower^k-1||_inf = 0.00000000000000000000, delta^k = 0.00000000000000000000
Iteration  86: ||V_upper^k - V_upper^k-1||_inf = 0.00403331752870965399, ||V_lower^k - V_lower^k-1||_inf = 0.00000000000000000000, delta^k = 0.00000000000000000000
Iteration  87: ||V_upper^k - V_upper^k-1||_inf = 0.00387198482756126450, ||V_lower^k - V_lower^k-1||_inf = 0.00000000000000000000, delta^k = 0.00000000000000000000
Iteration  88: ||V_upper^k - V_upper^k-1||_inf = 0.00371710543445881447, ||V_lower^k - V_lower^k-1||_inf = 0.00000000000000000000, delta^k = 0.00000000000000000000
Iteration  89: ||V_upper^k - V_upper^k-1||_inf = 0.00356842121708046689, ||V_lower^k - V_lower^k-1||_inf = 0.00000000000000000000, delta^k = 0.00000000000000000000
Iteration  90: ||V_upper^k - V_upper^k-1||_inf = 0.00342568436839724155, ||V_lower^k - V_lower^k-1||_inf = 0.00000000000000000000, delta^k = 0.00000000000000000000
Iteration  91: ||V_upper^k - V_upper^k-1||_inf = 0.00328865699366136244, ||V_lower^k - V_lower^k-1||_inf = 0.00000000000000000000, delta^k = 0.00000000000000000000
Iteration  92: ||V_upper^k - V_upper^k-1||_inf = 0.00315711071391490405, ||V_lower^k - V_lower^k-1||_inf = 0.00000000000000000000, delta^k = 0.00000000000000000000
Iteration  93: ||V_upper^k - V_upper^k-1||_inf = 0.00303082628535830678, ||V_lower^k - V_lower^k-1||_inf = 0.00000000000000000000, delta^k = 0.00000000000000000000
Iteration  94: ||V_upper^k - V_upper^k-1||_inf = 0.00290959323394397729, ||V_lower^k - V_lower^k-1||_inf = 0.00000000000000000000, delta^k = 0.00000000000000000000
Iteration  95: ||V_upper^k - V_upper^k-1||_inf = 0.00279320950458621098, ||V_lower^k - V_lower^k-1||_inf = 0.00000000000000000000, delta^k = 0.00000000000000000000
Iteration  96: ||V_upper^k - V_upper^k-1||_inf = 0.00268148112440276531, ||V_lower^k - V_lower^k-1||_inf = 0.00000000000000000000, delta^k = 0.00000000000000000000
Iteration  97: ||V_upper^k - V_upper^k-1||_inf = 0.00257422187942665109, ||V_lower^k - V_lower^k-1||_inf = 0.00000000000000000000, delta^k = 0.00000000000000000000
Iteration  98: ||V_upper^k - V_upper^k-1||_inf = 0.00247125300424958644, ||V_lower^k - V_lower^k-1||_inf = 0.00000000000000000000, delta^k = 0.00000000000000000000
Iteration  99: ||V_upper^k - V_upper^k-1||_inf = 0.00237240288407960381, ||V_lower^k - V_lower^k-1||_inf = 0.00000000000000000000, delta^k = 0.00000000000000000000
Iteration 100: ||V_upper^k - V_upper^k-1||_inf = 0.00227750676871642244, ||V_lower^k - V_lower^k-1||_inf = 0.00000000000000000000, delta^k = 0.00000000000000000000
Iteration 101: ||V_upper^k - V_upper^k-1||_inf = 0.00218640649796776609, ||V_lower^k - V_lower^k-1||_inf = 0.00000000000000000000, delta^k = 0.00000000000000000000
Iteration 102: ||V_upper^k - V_upper^k-1||_inf = 0.00209895023804905489, ||V_lower^k - V_lower^k-1||_inf = 0.00000000000000000000, delta^k = 0.00000000000000000000
Iteration 103: ||V_upper^k - V_upper^k-1||_inf = 0.00201499222852709325, ||V_lower^k - V_lower^k-1||_inf = 0.00000000000000000000, delta^k = 0.00000000000000000000
Iteration 104: ||V_upper^k - V_upper^k-1||_inf = 0.00193439253938600814, ||V_lower^k - V_lower^k-1||_inf = 0.00000000000000000000, delta^k = 0.00000000000000000000
Iteration 105: ||V_upper^k - V_upper^k-1||_inf = 0.00185701683781056698, ||V_lower^k - V_lower^k-1||_inf = 0.00000000000000000000, delta^k = 0.00000000000000000000
Iteration 106: ||V_upper^k - V_upper^k-1||_inf = 0.00178273616429814458, ||V_lower^k - V_lower^k-1||_inf = 0.00000000000000000000, delta^k = 0.00000000000000000000
Iteration 107: ||V_upper^k - V_upper^k-1||_inf = 0.00171142671772622074, ||V_lower^k - V_lower^k-1||_inf = 0.00000000000000000000, delta^k = 0.00000000000000000000
Iteration 108: ||V_upper^k - V_upper^k-1||_inf = 0.00164296964901716747, ||V_lower^k - V_lower^k-1||_inf = 0.00000000000000000000, delta^k = 0.00000000000000000000
Iteration 109: ||V_upper^k - V_upper^k-1||_inf = 0.00157725086305648271, ||V_lower^k - V_lower^k-1||_inf = 0.00000000000000000000, delta^k = 0.00000000000000000000
Iteration 110: ||V_upper^k - V_upper^k-1||_inf = 0.00151416082853422090, ||V_lower^k - V_lower^k-1||_inf = 0.00000000000000000000, delta^k = 0.00000000000000000000
Iteration 111: ||V_upper^k - V_upper^k-1||_inf = 0.00145359439539285290, ||V_lower^k - V_lower^k-1||_inf = 0.00000000000000000000, delta^k = 0.00000000000000000000
Iteration 112: ||V_upper^k - V_upper^k-1||_inf = 0.00139545061957713906, ||V_lower^k - V_lower^k-1||_inf = 0.00000000000000000000, delta^k = 0.00000000000000000000
Iteration 113: ||V_upper^k - V_upper^k-1||_inf = 0.00133963259479405461, ||V_lower^k - V_lower^k-1||_inf = 0.00000000000000000000, delta^k = 0.00000000000000000000
Iteration 114: ||V_upper^k - V_upper^k-1||_inf = 0.00128604729100229020, ||V_lower^k - V_lower^k-1||_inf = 0.00000000000000000000, delta^k = 0.00000000000000000000
Iteration 115: ||V_upper^k - V_upper^k-1||_inf = 0.00123460539936219929, ||V_lower^k - V_lower^k-1||_inf = 0.00000000000000000000, delta^k = 0.00000000000000000000
Iteration 116: ||V_upper^k - V_upper^k-1||_inf = 0.00118522118338771146, ||V_lower^k - V_lower^k-1||_inf = 0.00000000000000000000, delta^k = 0.00000000000000000000
Iteration 117: ||V_upper^k - V_upper^k-1||_inf = 0.00113781233605220189, ||V_lower^k - V_lower^k-1||_inf = 0.00000000000000000000, delta^k = 0.00000000000000000000
Iteration 118: ||V_upper^k - V_upper^k-1||_inf = 0.00109229984261011506, ||V_lower^k - V_lower^k-1||_inf = 0.00000000000000000000, delta^k = 0.00000000000000000000
Iteration 119: ||V_upper^k - V_upper^k-1||_inf = 0.00104860784890570963, ||V_lower^k - V_lower^k-1||_inf = 0.00000000000000000000, delta^k = 0.00000000000000000000
Iteration 120: ||V_upper^k - V_upper^k-1||_inf = 0.00100666353494948194, ||V_lower^k - V_lower^k-1||_inf = 0.00000000000000000000, delta^k = 0.00000000000000000000
Iteration 121: ||V_upper^k - V_upper^k-1||_inf = 0.00096639699355150280, ||V_lower^k - V_lower^k-1||_inf = 0.00000000000000000000, delta^k = 0.00000000000000000000
Iteration 122: ||V_upper^k - V_upper^k-1||_inf = 0.00092774111380944380, ||V_lower^k - V_lower^k-1||_inf = 0.00000000000000000000, delta^k = 0.00000000000000000000
Iteration 123: ||V_upper^k - V_upper^k-1||_inf = 0.00089063146925706660, ||V_lower^k - V_lower^k-1||_inf = 0.00000000000000000000, delta^k = 0.00000000000000000000
Iteration 124: ||V_upper^k - V_upper^k-1||_inf = 0.00085500621048678269, ||V_lower^k - V_lower^k-1||_inf = 0.00000000000000000000, delta^k = 0.00000000000000000000
Iteration 125: ||V_upper^k - V_upper^k-1||_inf = 0.00082080596206731207, ||V_lower^k - V_lower^k-1||_inf = 0.00000000000000000000, delta^k = 0.00000000000000000000
Iteration 126: ||V_upper^k - V_upper^k-1||_inf = 0.00078797372358462014, ||V_lower^k - V_lower^k-1||_inf = 0.00000000000000000000, delta^k = 0.00000000000000000000
Iteration 127: ||V_upper^k - V_upper^k-1||_inf = 0.00075645477464123326, ||V_lower^k - V_lower^k-1||_inf = 0.00000000000000000000, delta^k = 0.00000000000000000000
Iteration 128: ||V_upper^k - V_upper^k-1||_inf = 0.00072619658365558407, ||V_lower^k - V_lower^k-1||_inf = 0.00000000000000000000, delta^k = 0.00000000000000000000
Iteration 129: ||V_upper^k - V_upper^k-1||_inf = 0.00069714872030936237, ||V_lower^k - V_lower^k-1||_inf = 0.00000000000000000000, delta^k = 0.00000000000000000000
Iteration 130: ||V_upper^k - V_upper^k-1||_inf = 0.00066926277149698468, ||V_lower^k - V_lower^k-1||_inf = 0.00000000000000000000, delta^k = 0.00000000000000000000
Iteration 131: ||V_upper^k - V_upper^k-1||_inf = 0.00064249226063710710, ||V_lower^k - V_lower^k-1||_inf = 0.00000000000000000000, delta^k = 0.00000000000000000000
Iteration 132: ||V_upper^k - V_upper^k-1||_inf = 0.00061679257021162240, ||V_lower^k - V_lower^k-1||_inf = 0.00000000000000000000, delta^k = 0.00000000000000000000
Iteration 133: ||V_upper^k - V_upper^k-1||_inf = 0.00059212086740315778, ||V_lower^k - V_lower^k-1||_inf = 0.00000000000000000000, delta^k = 0.00000000000000000000
Iteration 134: ||V_upper^k - V_upper^k-1||_inf = 0.00056843603270703182, ||V_lower^k - V_lower^k-1||_inf = 0.00000000000000000000, delta^k = 0.00000000000000000000
Iteration 135: ||V_upper^k - V_upper^k-1||_inf = 0.00054569859139875013, ||V_lower^k - V_lower^k-1||_inf = 0.00000000000000000000, delta^k = 0.00000000000000000000
Iteration 136: ||V_upper^k - V_upper^k-1||_inf = 0.00052387064774279957, ||V_lower^k - V_lower^k-1||_inf = 0.00000000000000000000, delta^k = 0.00000000000000000000
Iteration 137: ||V_upper^k - V_upper^k-1||_inf = 0.00050291582183308731, ||V_lower^k - V_lower^k-1||_inf = 0.00000000000000000000, delta^k = 0.00000000000000000000
Iteration 138: ||V_upper^k - V_upper^k-1||_inf = 0.00048279918895976527, ||V_lower^k - V_lower^k-1||_inf = 0.00000000000000000000, delta^k = 0.00000000000000000000
Iteration 139: ||V_upper^k - V_upper^k-1||_inf = 0.00046348722140137320, ||V_lower^k - V_lower^k-1||_inf = 0.00000000000000000000, delta^k = 0.00000000000000000000
Iteration 140: ||V_upper^k - V_upper^k-1||_inf = 0.00044494773254531890, ||V_lower^k - V_lower^k-1||_inf = 0.00000000000000000000, delta^k = 0.00000000000000000000
Iteration 141: ||V_upper^k - V_upper^k-1||_inf = 0.00042714982324350628, ||V_lower^k - V_lower^k-1||_inf = 0.00000000000000000000, delta^k = 0.00000000000000000000
Iteration 142: ||V_upper^k - V_upper^k-1||_inf = 0.00041006383031376610, ||V_lower^k - V_lower^k-1||_inf = 0.00000000000000000000, delta^k = 0.00000000000000000000
Iteration 143: ||V_upper^k - V_upper^k-1||_inf = 0.00039366127710121525, ||V_lower^k - V_lower^k-1||_inf = 0.00000000000000000000, delta^k = 0.00000000000000000000
Iteration 144: ||V_upper^k - V_upper^k-1||_inf = 0.00037791482601716615, ||V_lower^k - V_lower^k-1||_inf = 0.00000000000000000000, delta^k = 0.00000000000000000000
Iteration 145: ||V_upper^k - V_upper^k-1||_inf = 0.00036279823297647937, ||V_lower^k - V_lower^k-1||_inf = 0.00000000000000000000, delta^k = 0.00000000000000000000
Iteration 146: ||V_upper^k - V_upper^k-1||_inf = 0.00034828630365742012, ||V_lower^k - V_lower^k-1||_inf = 0.00000000000000000000, delta^k = 0.00000000000000000000
Iteration 147: ||V_upper^k - V_upper^k-1||_inf = 0.00033435485151112401, ||V_lower^k - V_lower^k-1||_inf = 0.00000000000000000000, delta^k = 0.00000000000000000000
Iteration 148: ||V_upper^k - V_upper^k-1||_inf = 0.00032098065745067919, ||V_lower^k - V_lower^k-1||_inf = 0.00000000000000000000, delta^k = 0.00000000000000000000
Iteration 149: ||V_upper^k - V_upper^k-1||_inf = 0.00030814143115265227, ||V_lower^k - V_lower^k-1||_inf = 0.00000000000000000000, delta^k = 0.00000000000000000000
Iteration 150: ||V_upper^k - V_upper^k-1||_inf = 0.00029581577390654611, ||V_lower^k - V_lower^k-1||_inf = 0.00000000000000000000, delta^k = 0.00000000000000000000
Iteration 151: ||V_upper^k - V_upper^k-1||_inf = 0.00028398314295028423, ||V_lower^k - V_lower^k-1||_inf = 0.00000000000000000000, delta^k = 0.00000000000000000000
Iteration 152: ||V_upper^k - V_upper^k-1||_inf = 0.00027262381723227279, ||V_lower^k - V_lower^k-1||_inf = 0.00000000000000000000, delta^k = 0.00000000000000000000
Iteration 153: ||V_upper^k - V_upper^k-1||_inf = 0.00026171886454298167, ||V_lower^k - V_lower^k-1||_inf = 0.00000000000000000000, delta^k = 0.00000000000000000000
Iteration 154: ||V_upper^k - V_upper^k-1||_inf = 0.00025125010996126206, ||V_lower^k - V_lower^k-1||_inf = 0.00000000000000000000, delta^k = 0.00000000000000000000
Iteration 155: ||V_upper^k - V_upper^k-1||_inf = 0.00024120010556281154, ||V_lower^k - V_lower^k-1||_inf = 0.00000000000000000000, delta^k = 0.00000000000000000000
Iteration 156: ||V_upper^k - V_upper^k-1||_inf = 0.00023155210134029932, ||V_lower^k - V_lower^k-1||_inf = 0.00000000000000000000, delta^k = 0.00000000000000000000
Iteration 157: ||V_upper^k - V_upper^k-1||_inf = 0.00022229001728668769, ||V_lower^k - V_lower^k-1||_inf = 0.00000000000000000000, delta^k = 0.00000000000000000000
Iteration 158: ||V_upper^k - V_upper^k-1||_inf = 0.00021339841659522019, ||V_lower^k - V_lower^k-1||_inf = 0.00000000000000000000, delta^k = 0.00000000000000000000
Iteration 159: ||V_upper^k - V_upper^k-1||_inf = 0.00020486247993141068, ||V_lower^k - V_lower^k-1||_inf = 0.00000000000000000000, delta^k = 0.00000000000000000000
Iteration 160: ||V_upper^k - V_upper^k-1||_inf = 0.00019666798073415467, ||V_lower^k - V_lower^k-1||_inf = 0.00000000000000000000, delta^k = 0.00000000000000000000
Iteration 161: ||V_upper^k - V_upper^k-1||_inf = 0.00018880126150478804, ||V_lower^k - V_lower^k-1||_inf = 0.00000000000000000000, delta^k = 0.00000000000000000000
Iteration 162: ||V_upper^k - V_upper^k-1||_inf = 0.00018124921104459724, ||V_lower^k - V_lower^k-1||_inf = 0.00000000000000000000, delta^k = 0.00000000000000000000
Iteration 163: ||V_upper^k - V_upper^k-1||_inf = 0.00017399924260281304, ||V_lower^k - V_lower^k-1||_inf = 0.00000000000000000000, delta^k = 0.00000000000000000000
Iteration 164: ||V_upper^k - V_upper^k-1||_inf = 0.00016703927289870007, ||V_lower^k - V_lower^k-1||_inf = 0.00000000000000000000, delta^k = 0.00000000000000000000
Iteration 165: ||V_upper^k - V_upper^k-1||_inf = 0.00016035770198275260, ||V_lower^k - V_lower^k-1||_inf = 0.00000000000000000000, delta^k = 0.00000000000000000000
Iteration 166: ||V_upper^k - V_upper^k-1||_inf = 0.00015394339390344255, ||V_lower^k - V_lower^k-1||_inf = 0.00000000000000000000, delta^k = 0.00000000000000000000
Iteration 167: ||V_upper^k - V_upper^k-1||_inf = 0.00014778565814730455, ||V_lower^k - V_lower^k-1||_inf = 0.00000000000000000000, delta^k = 0.00000000000000000000
Iteration 168: ||V_upper^k - V_upper^k-1||_inf = 0.00014187423182141249, ||V_lower^k - V_lower^k-1||_inf = 0.00000000000000000000, delta^k = 0.00000000000000000000
Iteration 169: ||V_upper^k - V_upper^k-1||_inf = 0.00013619926254855586, ||V_lower^k - V_lower^k-1||_inf = 0.00000000000000000000, delta^k = 0.00000000000000000000
Iteration 170: ||V_upper^k - V_upper^k-1||_inf = 0.00013075129204661359, ||V_lower^k - V_lower^k-1||_inf = 0.00000000000000000000, delta^k = 0.00000000000000000000
Iteration 171: ||V_upper^k - V_upper^k-1||_inf = 0.00012552124036474934, ||V_lower^k - V_lower^k-1||_inf = 0.00000000000000000000, delta^k = 0.00000000000000000000
Iteration 172: ||V_upper^k - V_upper^k-1||_inf = 0.00012050039075015917, ||V_lower^k - V_lower^k-1||_inf = 0.00000000000000000000, delta^k = 0.00000000000000000000
Iteration 173: ||V_upper^k - V_upper^k-1||_inf = 0.00011568037512015277, ||V_lower^k - V_lower^k-1||_inf = 0.00000000000000000000, delta^k = 0.00000000000000000000
Iteration 174: ||V_upper^k - V_upper^k-1||_inf = 0.00011105316011534661, ||V_lower^k - V_lower^k-1||_inf = 0.00000000000000000000, delta^k = 0.00000000000000000000
Iteration 175: ||V_upper^k - V_upper^k-1||_inf = 0.00010661103371073294, ||V_lower^k - V_lower^k-1||_inf = 0.00000000000000000000, delta^k = 0.00000000000000000000
Iteration 176: ||V_upper^k - V_upper^k-1||_inf = 0.00010234659236230343, ||V_lower^k - V_lower^k-1||_inf = 0.00000000000000000000, delta^k = 0.00000000000000000000
Iteration 177: ||V_upper^k - V_upper^k-1||_inf = 0.00009825272866781148, ||V_lower^k - V_lower^k-1||_inf = 0.00000000000000000000, delta^k = 0.00000000000000000000
Iteration 178: ||V_upper^k - V_upper^k-1||_inf = 0.00009432261952109890, ||V_lower^k - V_lower^k-1||_inf = 0.00000000000000000000, delta^k = 0.00000000000000000000
Iteration 179: ||V_upper^k - V_upper^k-1||_inf = 0.00009054971474025493, ||V_lower^k - V_lower^k-1||_inf = 0.00000000000000000000, delta^k = 0.00000000000000000000
Iteration 180: ||V_upper^k - V_upper^k-1||_inf = 0.00008692772615064492, ||V_lower^k - V_lower^k-1||_inf = 0.00000000000000000000, delta^k = 0.00000000000000000000
Iteration 181: ||V_upper^k - V_upper^k-1||_inf = 0.00008345061710461881, ||V_lower^k - V_lower^k-1||_inf = 0.00000000000000000000, delta^k = 0.00000000000000000000
Iteration 182: ||V_upper^k - V_upper^k-1||_inf = 0.00008011259242043413, ||V_lower^k - V_lower^k-1||_inf = 0.00000000000000000000, delta^k = 0.00000000000000000000
Iteration 183: ||V_upper^k - V_upper^k-1||_inf = 0.00007690808872361688, ||V_lower^k - V_lower^k-1||_inf = 0.00000000000000000000, delta^k = 0.00000000000000000000
Iteration 184: ||V_upper^k - V_upper^k-1||_inf = 0.00007383176517467222, ||V_lower^k - V_lower^k-1||_inf = 0.00000000000000000000, delta^k = 0.00000000000000000000
Iteration 185: ||V_upper^k - V_upper^k-1||_inf = 0.00007087849456768533, ||V_lower^k - V_lower^k-1||_inf = 0.00000000000000000000, delta^k = 0.00000000000000000000
Iteration 186: ||V_upper^k - V_upper^k-1||_inf = 0.00006804335478497793, ||V_lower^k - V_lower^k-1||_inf = 0.00000000000000000000, delta^k = 0.00000000000000000000
Iteration 187: ||V_upper^k - V_upper^k-1||_inf = 0.00006532162059357883, ||V_lower^k - V_lower^k-1||_inf = 0.00000000000000000000, delta^k = 0.00000000000000000000
Iteration 188: ||V_upper^k - V_upper^k-1||_inf = 0.00006270875576983568, ||V_lower^k - V_lower^k-1||_inf = 0.00000000000000000000, delta^k = 0.00000000000000000000
Iteration 189: ||V_upper^k - V_upper^k-1||_inf = 0.00006020040553904207, ||V_lower^k - V_lower^k-1||_inf = 0.00000000000000000000, delta^k = 0.00000000000000000000
Iteration 190: ||V_upper^k - V_upper^k-1||_inf = 0.00005779238931748047, ||V_lower^k - V_lower^k-1||_inf = 0.00000000000000000000, delta^k = 0.00000000000000000000
Iteration 191: ||V_upper^k - V_upper^k-1||_inf = 0.00005548069374478135, ||V_lower^k - V_lower^k-1||_inf = 0.00000000000000000000, delta^k = 0.00000000000000000000
Iteration 192: ||V_upper^k - V_upper^k-1||_inf = 0.00005326146599498997, ||V_lower^k - V_lower^k-1||_inf = 0.00000000000000000000, delta^k = 0.00000000000000000000
Iteration 193: ||V_upper^k - V_upper^k-1||_inf = 0.00005113100735519029, ||V_lower^k - V_lower^k-1||_inf = 0.00000000000000000000, delta^k = 0.00000000000000000000
Iteration 194: ||V_upper^k - V_upper^k-1||_inf = 0.00004908576706098280, ||V_lower^k - V_lower^k-1||_inf = 0.00000000000000000000, delta^k = 0.00000000000000000000
Iteration 195: ||V_upper^k - V_upper^k-1||_inf = 0.00004712233637854343, ||V_lower^k - V_lower^k-1||_inf = 0.00000000000000000000, delta^k = 0.00000000000000000000
Iteration 196: ||V_upper^k - V_upper^k-1||_inf = 0.00004523744292340179, ||V_lower^k - V_lower^k-1||_inf = 0.00000000000000000000, delta^k = 0.00000000000000000000
Iteration 197: ||V_upper^k - V_upper^k-1||_inf = 0.00004342794520646558, ||V_lower^k - V_lower^k-1||_inf = 0.00000000000000000000, delta^k = 0.00000000000000000000
Iteration 198: ||V_upper^k - V_upper^k-1||_inf = 0.00004169082739820707, ||V_lower^k - V_lower^k-1||_inf = 0.00000000000000000000, delta^k = 0.00000000000000000000
Iteration 199: ||V_upper^k - V_upper^k-1||_inf = 0.00004002319430227873, ||V_lower^k - V_lower^k-1||_inf = 0.00000000000000000000, delta^k = 0.00000000000000000000
Iteration 200: ||V_upper^k - V_upper^k-1||_inf = 0.00003842226653018755, ||V_lower^k - V_lower^k-1||_inf = 0.00000000000000000000, delta^k = 0.00000000000000000000
Iteration 201: ||V_upper^k - V_upper^k-1||_inf = 0.00003688537586898010, ||V_lower^k - V_lower^k-1||_inf = 0.00000000000000000000, delta^k = 0.00000000000000000000
Iteration 202: ||V_upper^k - V_upper^k-1||_inf = 0.00003540996083422092, ||V_lower^k - V_lower^k-1||_inf = 0.00000000000000000000, delta^k = 0.00000000000000000000
Iteration 203: ||V_upper^k - V_upper^k-1||_inf = 0.00003399356240085208, ||V_lower^k - V_lower^k-1||_inf = 0.00000000000000000000, delta^k = 0.00000000000000000000
Iteration 204: ||V_upper^k - V_upper^k-1||_inf = 0.00003263381990481799, ||V_lower^k - V_lower^k-1||_inf = 0.00000000000000000000, delta^k = 0.00000000000000000000
Iteration 205: ||V_upper^k - V_upper^k-1||_inf = 0.00003132846710862528, ||V_lower^k - V_lower^k-1||_inf = 0.00000000000000000000, delta^k = 0.00000000000000000000
Iteration 206: ||V_upper^k - V_upper^k-1||_inf = 0.00003007532842428024, ||V_lower^k - V_lower^k-1||_inf = 0.00000000000000000000, delta^k = 0.00000000000000000000
Iteration 207: ||V_upper^k - V_upper^k-1||_inf = 0.00002887231528730905, ||V_lower^k - V_lower^k-1||_inf = 0.00000000000000000000, delta^k = 0.00000000000000000000
Iteration 208: ||V_upper^k - V_upper^k-1||_inf = 0.00002771742267581668, ||V_lower^k - V_lower^k-1||_inf = 0.00000000000000000000, delta^k = 0.00000000000000000000
Iteration 209: ||V_upper^k - V_upper^k-1||_inf = 0.00002660872576878395, ||V_lower^k - V_lower^k-1||_inf = 0.00000000000000000000, delta^k = 0.00000000000000000000
Iteration 210: ||V_upper^k - V_upper^k-1||_inf = 0.00002554437673803265, ||V_lower^k - V_lower^k-1||_inf = 0.00000000000000000000, delta^k = 0.00000000000000000000
Iteration 211: ||V_upper^k - V_upper^k-1||_inf = 0.00002452260166851137, ||V_lower^k - V_lower^k-1||_inf = 0.00000000000000000000, delta^k = 0.00000000000000000000
Iteration 212: ||V_upper^k - V_upper^k-1||_inf = 0.00002354169760177092, ||V_lower^k - V_lower^k-1||_inf = 0.00000000000000000000, delta^k = 0.00000000000000000000
Iteration 213: ||V_upper^k - V_upper^k-1||_inf = 0.00002260002969770004, ||V_lower^k - V_lower^k-1||_inf = 0.00000000000000000000, delta^k = 0.00000000000000000000
Iteration 214: ||V_upper^k - V_upper^k-1||_inf = 0.00002169602850979205, ||V_lower^k - V_lower^k-1||_inf = 0.00000000000000000000, delta^k = 0.00000000000000000000
Iteration 215: ||V_upper^k - V_upper^k-1||_inf = 0.00002082818736940035, ||V_lower^k - V_lower^k-1||_inf = 0.00000000000000000000, delta^k = 0.00000000000000000000
Iteration 216: ||V_upper^k - V_upper^k-1||_inf = 0.00001999505987462433, ||V_lower^k - V_lower^k-1||_inf = 0.00000000000000000000, delta^k = 0.00000000000000000000
Iteration 217: ||V_upper^k - V_upper^k-1||_inf = 0.00001919525747963934, ||V_lower^k - V_lower^k-1||_inf = 0.00000000000000000000, delta^k = 0.00000000000000000000
Iteration 218: ||V_upper^k - V_upper^k-1||_inf = 0.00001842744718045380, ||V_lower^k - V_lower^k-1||_inf = 0.00000000000000000000, delta^k = 0.00000000000000000000
Iteration 219: ||V_upper^k - V_upper^k-1||_inf = 0.00001769034929323561, ||V_lower^k - V_lower^k-1||_inf = 0.00000000000000000000, delta^k = 0.00000000000000000000
Iteration 220: ||V_upper^k - V_upper^k-1||_inf = 0.00001698273532150623, ||V_lower^k - V_lower^k-1||_inf = 0.00000000000000000000, delta^k = 0.00000000000000000000
Iteration 221: ||V_upper^k - V_upper^k-1||_inf = 0.00001630342590864598, ||V_lower^k - V_lower^k-1||_inf = 0.00000000000000000000, delta^k = 0.00000000000000000000
Iteration 222: ||V_upper^k - V_upper^k-1||_inf = 0.00001565128887230009, ||V_lower^k - V_lower^k-1||_inf = 0.00000000000000000000, delta^k = 0.00000000000000000000
Iteration 223: ||V_upper^k - V_upper^k-1||_inf = 0.00001502523731740813, ||V_lower^k - V_lower^k-1||_inf = 0.00000000000000000000, delta^k = 0.00000000000000000000
Iteration 224: ||V_upper^k - V_upper^k-1||_inf = 0.00001442422782471181, ||V_lower^k - V_lower^k-1||_inf = 0.00000000000000000000, delta^k = 0.00000000000000000000
Iteration 225: ||V_upper^k - V_upper^k-1||_inf = 0.00001384725871172331, ||V_lower^k - V_lower^k-1||_inf = 0.00000000000000000000, delta^k = 0.00000000000000000000
Iteration 226: ||V_upper^k - V_upper^k-1||_inf = 0.00001329336836325439, ||V_lower^k - V_lower^k-1||_inf = 0.00000000000000000000, delta^k = 0.00000000000000000000
Iteration 227: ||V_upper^k - V_upper^k-1||_inf = 0.00001276163362872422, ||V_lower^k - V_lower^k-1||_inf = 0.00000000000000000000, delta^k = 0.00000000000000000000
Iteration 228: ||V_upper^k - V_upper^k-1||_inf = 0.00001225116828357524, ||V_lower^k - V_lower^k-1||_inf = 0.00000000000000000000, delta^k = 0.00000000000000000000
Iteration 229: ||V_upper^k - V_upper^k-1||_inf = 0.00001176112155223225, ||V_lower^k - V_lower^k-1||_inf = 0.00000000000000000000, delta^k = 0.00000000000000000000
Iteration 230: ||V_upper^k - V_upper^k-1||_inf = 0.00001129067669014295, ||V_lower^k - V_lower^k-1||_inf = 0.00000000000000000000, delta^k = 0.00000000000000000000
Iteration 231: ||V_upper^k - V_upper^k-1||_inf = 0.00001083904962253721, ||V_lower^k - V_lower^k-1||_inf = 0.00000000000000000000, delta^k = 0.00000000000000000000
Iteration 232: ||V_upper^k - V_upper^k-1||_inf = 0.00001040548763763574, ||V_lower^k - V_lower^k-1||_inf = 0.00000000000000000000, delta^k = 0.00000000000000000000
Iteration 233: ||V_upper^k - V_upper^k-1||_inf = 0.00000998926813213031, ||V_lower^k - V_lower^k-1||_inf = 0.00000000000000000000, delta^k = 0.00000000000000000000
Iteration 234: ||V_upper^k - V_upper^k-1||_inf = 0.00000958969740684509, ||V_lower^k - V_lower^k-1||_inf = 0.00000000000000000000, delta^k = 0.00000000000000000000
Iteration 235: ||V_upper^k - V_upper^k-1||_inf = 0.00000920610951057129, ||V_lower^k - V_lower^k-1||_inf = 0.00000000000000000000, delta^k = 0.00000000000000000000
Iteration 236: ||V_upper^k - V_upper^k-1||_inf = 0.00000883786513014844, ||V_lower^k - V_lower^k-1||_inf = 0.00000000000000000000, delta^k = 0.00000000000000000000
Iteration 237: ||V_upper^k - V_upper^k-1||_inf = 0.00000848435052494250, ||V_lower^k - V_lower^k-1||_inf = 0.00000000000000000000, delta^k = 0.00000000000000000000
Iteration 238: ||V_upper^k - V_upper^k-1||_inf = 0.00000814497650394478, ||V_lower^k - V_lower^k-1||_inf = 0.00000000000000000000, delta^k = 0.00000000000000000000
Iteration 239: ||V_upper^k - V_upper^k-1||_inf = 0.00000781917744378701, ||V_lower^k - V_lower^k-1||_inf = 0.00000000000000000000, delta^k = 0.00000000000000000000
Iteration 240: ||V_upper^k - V_upper^k-1||_inf = 0.00000750641034603553, ||V_lower^k - V_lower^k-1||_inf = 0.00000000000000000000, delta^k = 0.00000000000000000000
Iteration 241: ||V_upper^k - V_upper^k-1||_inf = 0.00000720615393219411, ||V_lower^k - V_lower^k-1||_inf = 0.00000000000000000000, delta^k = 0.00000000000000000000
Iteration 242: ||V_upper^k - V_upper^k-1||_inf = 0.00000691790777490633, ||V_lower^k - V_lower^k-1||_inf = 0.00000000000000000000, delta^k = 0.00000000000000000000
Iteration 243: ||V_upper^k - V_upper^k-1||_inf = 0.00000664119146391007, ||V_lower^k - V_lower^k-1||_inf = 0.00000000000000000000, delta^k = 0.00000000000000000000
Iteration 244: ||V_upper^k - V_upper^k-1||_inf = 0.00000637554380535367, ||V_lower^k - V_lower^k-1||_inf = 0.00000000000000000000, delta^k = 0.00000000000000000000
Iteration 245: ||V_upper^k - V_upper^k-1||_inf = 0.00000612052205313954, ||V_lower^k - V_lower^k-1||_inf = 0.00000000000000000000, delta^k = 0.00000000000000000000
Iteration 246: ||V_upper^k - V_upper^k-1||_inf = 0.00000587570117101396, ||V_lower^k - V_lower^k-1||_inf = 0.00000000000000000000, delta^k = 0.00000000000000000000
Iteration 247: ||V_upper^k - V_upper^k-1||_inf = 0.00000564067312417338, ||V_lower^k - V_lower^k-1||_inf = 0.00000000000000000000, delta^k = 0.00000000000000000000
Iteration 248: ||V_upper^k - V_upper^k-1||_inf = 0.00000541504619920645, ||V_lower^k - V_lower^k-1||_inf = 0.00000000000000000000, delta^k = 0.00000000000000000000
Iteration 249: ||V_upper^k - V_upper^k-1||_inf = 0.00000519844435123819, ||V_lower^k - V_lower^k-1||_inf = 0.00000000000000000000, delta^k = 0.00000000000000000000
Iteration 250: ||V_upper^k - V_upper^k-1||_inf = 0.00000499050657718866, ||V_lower^k - V_lower^k-1||_inf = 0.00000000000000000000, delta^k = 0.00000000000000000000
Iteration 251: ||V_upper^k - V_upper^k-1||_inf = 0.00000479088631410112, ||V_lower^k - V_lower^k-1||_inf = 0.00000000000000000000, delta^k = 0.00000000000000000000
Iteration 252: ||V_upper^k - V_upper^k-1||_inf = 0.00000459925086153708, ||V_lower^k - V_lower^k-1||_inf = 0.00000000000000000000, delta^k = 0.00000000000000000000
Iteration 253: ||V_upper^k - V_upper^k-1||_inf = 0.00000441528082707559, ||V_lower^k - V_lower^k-1||_inf = 0.00000000000000000000, delta^k = 0.00000000000000000000
Iteration 254: ||V_upper^k - V_upper^k-1||_inf = 0.00000423866959399257, ||V_lower^k - V_lower^k-1||_inf = 0.00000000000000000000, delta^k = 0.00000000000000000000
Iteration 255: ||V_upper^k - V_upper^k-1||_inf = 0.00000406912281023287, ||V_lower^k - V_lower^k-1||_inf = 0.00000000000000000000, delta^k = 0.00000000000000000000
Iteration 256: ||V_upper^k - V_upper^k-1||_inf = 0.00000390635789782355, ||V_lower^k - V_lower^k-1||_inf = 0.00000000000000000000, delta^k = 0.00000000000000000000
Iteration 257: ||V_upper^k - V_upper^k-1||_inf = 0.00000375010358191061, ||V_lower^k - V_lower^k-1||_inf = 0.00000000000000000000, delta^k = 0.00000000000000000000
Iteration 258: ||V_upper^k - V_upper^k-1||_inf = 0.00000360009943863419, ||V_lower^k - V_lower^k-1||_inf = 0.00000000000000000000, delta^k = 0.00000000000000000000
Iteration 259: ||V_upper^k - V_upper^k-1||_inf = 0.00000345609546108882, ||V_lower^k - V_lower^k-1||_inf = 0.00000000000000000000, delta^k = 0.00000000000000000000
Iteration 260: ||V_upper^k - V_upper^k-1||_inf = 0.00000331785164264526, ||V_lower^k - V_lower^k-1||_inf = 0.00000000000000000000, delta^k = 0.00000000000000000000
Iteration 261: ||V_upper^k - V_upper^k-1||_inf = 0.00000318513757693946, ||V_lower^k - V_lower^k-1||_inf = 0.00000000000000000000, delta^k = 0.00000000000000000000
Iteration 262: ||V_upper^k - V_upper^k-1||_inf = 0.00000305773207386188, ||V_lower^k - V_lower^k-1||_inf = 0.00000000000000000000, delta^k = 0.00000000000000000000
Iteration 263: ||V_upper^k - V_upper^k-1||_inf = 0.00000293542279090740, ||V_lower^k - V_lower^k-1||_inf = 0.00000000000000000000, delta^k = 0.00000000000000000000
Iteration 264: ||V_upper^k - V_upper^k-1||_inf = 0.00000281800587927111, ||V_lower^k - V_lower^k-1||_inf = 0.00000000000000000000, delta^k = 0.00000000000000000000
Iteration 265: ||V_upper^k - V_upper^k-1||_inf = 0.00000270528564410026, ||V_lower^k - V_lower^k-1||_inf = 0.00000000000000000000, delta^k = 0.00000000000000000000
Iteration 266: ||V_upper^k - V_upper^k-1||_inf = 0.00000259707421833625, ||V_lower^k - V_lower^k-1||_inf = 0.00000000000000000000, delta^k = 0.00000000000000000000
Iteration 267: ||V_upper^k - V_upper^k-1||_inf = 0.00000249319124960280, ||V_lower^k - V_lower^k-1||_inf = 0.00000000000000000000, delta^k = 0.00000000000000000000
Iteration 268: ||V_upper^k - V_upper^k-1||_inf = 0.00000239346359961869, ||V_lower^k - V_lower^k-1||_inf = 0.00000000000000000000, delta^k = 0.00000000000000000000
Iteration 269: ||V_upper^k - V_upper^k-1||_inf = 0.00000229772505563394, ||V_lower^k - V_lower^k-1||_inf = 0.00000000000000000000, delta^k = 0.00000000000000000000
Iteration 270: ||V_upper^k - V_upper^k-1||_inf = 0.00000220581605340858, ||V_lower^k - V_lower^k-1||_inf = 0.00000000000000000000, delta^k = 0.00000000000000000000
Iteration 271: ||V_upper^k - V_upper^k-1||_inf = 0.00000211758341127224, ||V_lower^k - V_lower^k-1||_inf = 0.00000000000000000000, delta^k = 0.00000000000000000000
Iteration 272: ||V_upper^k - V_upper^k-1||_inf = 0.00000203288007482135, ||V_lower^k - V_lower^k-1||_inf = 0.00000000000000000000, delta^k = 0.00000000000000000000
Iteration 273: ||V_upper^k - V_upper^k-1||_inf = 0.00000195156487182849, ||V_lower^k - V_lower^k-1||_inf = 0.00000000000000000000, delta^k = 0.00000000000000000000
Iteration 274: ||V_upper^k - V_upper^k-1||_inf = 0.00000187350227695535, ||V_lower^k - V_lower^k-1||_inf = 0.00000000000000000000, delta^k = 0.00000000000000000000
Iteration 275: ||V_upper^k - V_upper^k-1||_inf = 0.00000179856218587714, ||V_lower^k - V_lower^k-1||_inf = 0.00000000000000000000, delta^k = 0.00000000000000000000
Iteration 276: ||V_upper^k - V_upper^k-1||_inf = 0.00000172661969844205, ||V_lower^k - V_lower^k-1||_inf = 0.00000000000000000000, delta^k = 0.00000000000000000000
Iteration 277: ||V_upper^k - V_upper^k-1||_inf = 0.00000165755491050438, ||V_lower^k - V_lower^k-1||_inf = 0.00000000000000000000, delta^k = 0.00000000000000000000
Iteration 278: ||V_upper^k - V_upper^k-1||_inf = 0.00000159125271408420, ||V_lower^k - V_lower^k-1||_inf = 0.00000000000000000000, delta^k = 0.00000000000000000000
Iteration 279: ||V_upper^k - V_upper^k-1||_inf = 0.00000152760260552083, ||V_lower^k - V_lower^k-1||_inf = 0.00000000000000000000, delta^k = 0.00000000000000000000
Iteration 280: ||V_upper^k - V_upper^k-1||_inf = 0.00000146649850130000, ||V_lower^k - V_lower^k-1||_inf = 0.00000000000000000000, delta^k = 0.00000000000000000000
Iteration 281: ||V_upper^k - V_upper^k-1||_inf = 0.00000140783856124800, ||V_lower^k - V_lower^k-1||_inf = 0.00000000000000000000, delta^k = 0.00000000000000000000
Iteration 282: ||V_upper^k - V_upper^k-1||_inf = 0.00000135152501879808, ||V_lower^k - V_lower^k-1||_inf = 0.00000000000000000000, delta^k = 0.00000000000000000000
Iteration 283: ||V_upper^k - V_upper^k-1||_inf = 0.00000129746401804615, ||V_lower^k - V_lower^k-1||_inf = 0.00000000000000000000, delta^k = 0.00000000000000000000
Iteration 284: ||V_upper^k - V_upper^k-1||_inf = 0.00000124556545732431, ||V_lower^k - V_lower^k-1||_inf = 0.00000000000000000000, delta^k = 0.00000000000000000000
Iteration 285: ||V_upper^k - V_upper^k-1||_inf = 0.00000119574283903134, ||V_lower^k - V_lower^k-1||_inf = 0.00000000000000000000, delta^k = 0.00000000000000000000
Iteration 286: ||V_upper^k - V_upper^k-1||_inf = 0.00000114791312547008, ||V_lower^k - V_lower^k-1||_inf = 0.00000000000000000000, delta^k = 0.00000000000000000000
Iteration 287: ||V_upper^k - V_upper^k-1||_inf = 0.00000110199660045128, ||V_lower^k - V_lower^k-1||_inf = 0.00000000000000000000, delta^k = 0.00000000000000000000
Iteration 288: ||V_upper^k - V_upper^k-1||_inf = 0.00000105791673643323, ||V_lower^k - V_lower^k-1||_inf = 0.00000000000000000000, delta^k = 0.00000000000000000000
Iteration 289: ||V_upper^k - V_upper^k-1||_inf = 0.00000101560006697590, ||V_lower^k - V_lower^k-1||_inf = 0.00000000000000000000, delta^k = 0.00000000000000000000
Iteration 290: ||V_upper^k - V_upper^k-1||_inf = 0.00000097497606429686, ||V_lower^k - V_lower^k-1||_inf = 0.00000000000000000000, delta^k = 0.00000000000000000000
Iteration 291: ||V_upper^k - V_upper^k-1||_inf = 0.00000093597702172499, ||V_lower^k - V_lower^k-1||_inf = 0.00000000000000000000, delta^k = 0.00000000000000000000
Iteration 292: ||V_upper^k - V_upper^k-1||_inf = 0.00000089853794085599, ||V_lower^k - V_lower^k-1||_inf = 0.00000000000000000000, delta^k = 0.00000000000000000000
Iteration 293: ||V_upper^k - V_upper^k-1||_inf = 0.00000086259642322175, ||V_lower^k - V_lower^k-1||_inf = 0.00000000000000000000, delta^k = 0.00000000000000000000
Iteration 294: ||V_upper^k - V_upper^k-1||_inf = 0.00000082809256629288, ||V_lower^k - V_lower^k-1||_inf = 0.00000000000000000000, delta^k = 0.00000000000000000000
Iteration 295: ||V_upper^k - V_upper^k-1||_inf = 0.00000079496886364116, ||V_lower^k - V_lower^k-1||_inf = 0.00000000000000000000, delta^k = 0.00000000000000000000
Iteration 296: ||V_upper^k - V_upper^k-1||_inf = 0.00000076317010909552, ||V_lower^k - V_lower^k-1||_inf = 0.00000000000000000000, delta^k = 0.00000000000000000000
Iteration 297: ||V_upper^k - V_upper^k-1||_inf = 0.00000073264330473170, ||V_lower^k - V_lower^k-1||_inf = 0.00000000000000000000, delta^k = 0.00000000000000000000
Iteration 298: ||V_upper^k - V_upper^k-1||_inf = 0.00000070333757254243, ||V_lower^k - V_lower^k-1||_inf = 0.00000000000000000000, delta^k = 0.00000000000000000000
Iteration 299: ||V_upper^k - V_upper^k-1||_inf = 0.00000067520406964073, ||V_lower^k - V_lower^k-1||_inf = 0.00000000000000000000, delta^k = 0.00000000000000000000
Iteration 300: ||V_upper^k - V_upper^k-1||_inf = 0.00000064819590685510, ||V_lower^k - V_lower^k-1||_inf = 0.00000000000000000000, delta^k = 0.00000000000000000000
Iteration 301: ||V_upper^k - V_upper^k-1||_inf = 0.00000062226807058090, ||V_lower^k - V_lower^k-1||_inf = 0.00000000000000000000, delta^k = 0.00000000000000000000
Iteration 302: ||V_upper^k - V_upper^k-1||_inf = 0.00000059737734775766, ||V_lower^k - V_lower^k-1||_inf = 0.00000000000000000000, delta^k = 0.00000000000000000000
Iteration 303: ||V_upper^k - V_upper^k-1||_inf = 0.00000057348225384736, ||V_lower^k - V_lower^k-1||_inf = 0.00000000000000000000, delta^k = 0.00000000000000000000
Iteration 304: ||V_upper^k - V_upper^k-1||_inf = 0.00000055054296369346, ||V_lower^k - V_lower^k-1||_inf = 0.00000000000000000000, delta^k = 0.00000000000000000000
Iteration 305: ||V_upper^k - V_upper^k-1||_inf = 0.00000052852124514572, ||V_lower^k - V_lower^k-1||_inf = 0.00000000000000000000, delta^k = 0.00000000000000000000
Iteration 306: ||V_upper^k - V_upper^k-1||_inf = 0.00000050738039533989, ||V_lower^k - V_lower^k-1||_inf = 0.00000000000000000000, delta^k = 0.00000000000000000000
Iteration 307: ||V_upper^k - V_upper^k-1||_inf = 0.00000048708517952630, ||V_lower^k - V_lower^k-1||_inf = 0.00000000000000000000, delta^k = 0.00000000000000000000
Iteration 308: ||V_upper^k - V_upper^k-1||_inf = 0.00000046760177234525, ||V_lower^k - V_lower^k-1||_inf = 0.00000000000000000000, delta^k = 0.00000000000000000000
Iteration 309: ||V_upper^k - V_upper^k-1||_inf = 0.00000044889770145144, ||V_lower^k - V_lower^k-1||_inf = 0.00000000000000000000, delta^k = 0.00000000000000000000
Iteration 310: ||V_upper^k - V_upper^k-1||_inf = 0.00000043094179339338, ||V_lower^k - V_lower^k-1||_inf = 0.00000000000000000000, delta^k = 0.00000000000000000000
Iteration 311: ||V_upper^k - V_upper^k-1||_inf = 0.00000041370412165764, ||V_lower^k - V_lower^k-1||_inf = 0.00000000000000000000, delta^k = 0.00000000000000000000
Iteration 312: ||V_upper^k - V_upper^k-1||_inf = 0.00000039715595679134, ||V_lower^k - V_lower^k-1||_inf = 0.00000000000000000000, delta^k = 0.00000000000000000000
Iteration 313: ||V_upper^k - V_upper^k-1||_inf = 0.00000038126971851968, ||V_lower^k - V_lower^k-1||_inf = 0.00000000000000000000, delta^k = 0.00000000000000000000
Iteration 314: ||V_upper^k - V_upper^k-1||_inf = 0.00000036601892977890, ||V_lower^k - V_lower^k-1||_inf = 0.00000000000000000000, delta^k = 0.00000000000000000000
Iteration 315: ||V_upper^k - V_upper^k-1||_inf = 0.00000035137817258774, ||V_lower^k - V_lower^k-1||_inf = 0.00000000000000000000, delta^k = 0.00000000000000000000
Iteration 316: ||V_upper^k - V_upper^k-1||_inf = 0.00000033732304568423, ||V_lower^k - V_lower^k-1||_inf = 0.00000000000000000000, delta^k = 0.00000000000000000000
Iteration 317: ||V_upper^k - V_upper^k-1||_inf = 0.00000032383012385686, ||V_lower^k - V_lower^k-1||_inf = 0.00000000000000000000, delta^k = 0.00000000000000000000
Iteration 318: ||V_upper^k - V_upper^k-1||_inf = 0.00000031087691890259, ||V_lower^k - V_lower^k-1||_inf = 0.00000000000000000000, delta^k = 0.00000000000000000000
Iteration 319: ||V_upper^k - V_upper^k-1||_inf = 0.00000029844184214648, ||V_lower^k - V_lower^k-1||_inf = 0.00000000000000000000, delta^k = 0.00000000000000000000
Iteration 320: ||V_upper^k - V_upper^k-1||_inf = 0.00000028650416846062, ||V_lower^k - V_lower^k-1||_inf = 0.00000000000000000000, delta^k = 0.00000000000000000000
Iteration 321: ||V_upper^k - V_upper^k-1||_inf = 0.00000027504400172220, ||V_lower^k - V_lower^k-1||_inf = 0.00000000000000000000, delta^k = 0.00000000000000000000
Iteration 322: ||V_upper^k - V_upper^k-1||_inf = 0.00000026404224165331, ||V_lower^k - V_lower^k-1||_inf = 0.00000000000000000000, delta^k = 0.00000000000000000000
Iteration 323: ||V_upper^k - V_upper^k-1||_inf = 0.00000025348055198718, ||V_lower^k - V_lower^k-1||_inf = 0.00000000000000000000, delta^k = 0.00000000000000000000
Iteration 324: ||V_upper^k - V_upper^k-1||_inf = 0.00000024334132990769, ||V_lower^k - V_lower^k-1||_inf = 0.00000000000000000000, delta^k = 0.00000000000000000000
Iteration 325: ||V_upper^k - V_upper^k-1||_inf = 0.00000023360767671138, ||V_lower^k - V_lower^k-1||_inf = 0.00000000000000000000, delta^k = 0.00000000000000000000
Iteration 326: ||V_upper^k - V_upper^k-1||_inf = 0.00000022426336964293, ||V_lower^k - V_lower^k-1||_inf = 0.00000000000000000000, delta^k = 0.00000000000000000000
Iteration 327: ||V_upper^k - V_upper^k-1||_inf = 0.00000021529283485721, ||V_lower^k - V_lower^k-1||_inf = 0.00000000000000000000, delta^k = 0.00000000000000000000
Iteration 328: ||V_upper^k - V_upper^k-1||_inf = 0.00000020668112146292, ||V_lower^k - V_lower^k-1||_inf = 0.00000000000000000000, delta^k = 0.00000000000000000000
Iteration 329: ||V_upper^k - V_upper^k-1||_inf = 0.00000019841387660441, ||V_lower^k - V_lower^k-1||_inf = 0.00000000000000000000, delta^k = 0.00000000000000000000
Iteration 330: ||V_upper^k - V_upper^k-1||_inf = 0.00000019047732154023, ||V_lower^k - V_lower^k-1||_inf = 0.00000000000000000000, delta^k = 0.00000000000000000000
Iteration 331: ||V_upper^k - V_upper^k-1||_inf = 0.00000018285822867862, ||V_lower^k - V_lower^k-1||_inf = 0.00000000000000000000, delta^k = 0.00000000000000000000
Iteration 332: ||V_upper^k - V_upper^k-1||_inf = 0.00000017554389953148, ||V_lower^k - V_lower^k-1||_inf = 0.00000000000000000000, delta^k = 0.00000000000000000000
Iteration 333: ||V_upper^k - V_upper^k-1||_inf = 0.00000016852214355022, ||V_lower^k - V_lower^k-1||_inf = 0.00000000000000000000, delta^k = 0.00000000000000000000
Iteration 334: ||V_upper^k - V_upper^k-1||_inf = 0.00000016178125780821, ||V_lower^k - V_lower^k-1||_inf = 0.00000000000000000000, delta^k = 0.00000000000000000000
Iteration 335: ||V_upper^k - V_upper^k-1||_inf = 0.00000015531000749588, ||V_lower^k - V_lower^k-1||_inf = 0.00000000000000000000, delta^k = 0.00000000000000000000
Iteration 336: ||V_upper^k - V_upper^k-1||_inf = 0.00000014909760719604, ||V_lower^k - V_lower^k-1||_inf = 0.00000000000000000000, delta^k = 0.00000000000000000000
Iteration 337: ||V_upper^k - V_upper^k-1||_inf = 0.00000014313370290820, ||V_lower^k - V_lower^k-1||_inf = 0.00000000000000000000, delta^k = 0.00000000000000000000
Iteration 338: ||V_upper^k - V_upper^k-1||_inf = 0.00000013740835479187, ||V_lower^k - V_lower^k-1||_inf = 0.00000000000000000000, delta^k = 0.00000000000000000000
Iteration 339: ||V_upper^k - V_upper^k-1||_inf = 0.00000013191202060020, ||V_lower^k - V_lower^k-1||_inf = 0.00000000000000000000, delta^k = 0.00000000000000000000
Iteration 340: ||V_upper^k - V_upper^k-1||_inf = 0.00000012663553977619, ||V_lower^k - V_lower^k-1||_inf = 0.00000000000000000000, delta^k = 0.00000000000000000000
Iteration 341: ||V_upper^k - V_upper^k-1||_inf = 0.00000012157011818514, ||V_lower^k - V_lower^k-1||_inf = 0.00000000000000000000, delta^k = 0.00000000000000000000
Iteration 342: ||V_upper^k - V_upper^k-1||_inf = 0.00000011670731345774, ||V_lower^k - V_lower^k-1||_inf = 0.00000000000000000000, delta^k = 0.00000000000000000000
Iteration 343: ||V_upper^k - V_upper^k-1||_inf = 0.00000011203902091943, ||V_lower^k - V_lower^k-1||_inf = 0.00000000000000000000, delta^k = 0.00000000000000000000
Iteration 344: ||V_upper^k - V_upper^k-1||_inf = 0.00000010755746008265, ||V_lower^k - V_lower^k-1||_inf = 0.00000000000000000000, delta^k = 0.00000000000000000000
Iteration 345: ||V_upper^k - V_upper^k-1||_inf = 0.00000010325516167935, ||V_lower^k - V_lower^k-1||_inf = 0.00000000000000000000, delta^k = 0.00000000000000000000
Iteration 346: ||V_upper^k - V_upper^k-1||_inf = 0.00000009912495521217, ||V_lower^k - V_lower^k-1||_inf = 0.00000000000000000000, delta^k = 0.00000000000000000000
Iteration 347: ||V_upper^k - V_upper^k-1||_inf = 0.00000009515995700368, ||V_lower^k - V_lower^k-1||_inf = 0.00000000000000000000, delta^k = 0.00000000000000000000
Iteration 348: ||V_upper^k - V_upper^k-1||_inf = 0.00000009135355872354, ||V_lower^k - V_lower^k-1||_inf = 0.00000000000000000000, delta^k = 0.00000000000000000000
Iteration 349: ||V_upper^k - V_upper^k-1||_inf = 0.00000008769941637460, ||V_lower^k - V_lower^k-1||_inf = 0.00000000000000000000, delta^k = 0.00000000000000000000
Iteration 350: ||V_upper^k - V_upper^k-1||_inf = 0.00000008419143971961, ||V_lower^k - V_lower^k-1||_inf = 0.00000000000000000000, delta^k = 0.00000000000000000000
Iteration 351: ||V_upper^k - V_upper^k-1||_inf = 0.00000008082378213083, ||V_lower^k - V_lower^k-1||_inf = 0.00000000000000000000, delta^k = 0.00000000000000000000
Iteration 352: ||V_upper^k - V_upper^k-1||_inf = 0.00000007759083084559, ||V_lower^k - V_lower^k-1||_inf = 0.00000000000000000000, delta^k = 0.00000000000000000000
Iteration 353: ||V_upper^k - V_upper^k-1||_inf = 0.00000007448719761177, ||V_lower^k - V_lower^k-1||_inf = 0.00000000000000000000, delta^k = 0.00000000000000000000
Iteration 354: ||V_upper^k - V_upper^k-1||_inf = 0.00000007150770970730, ||V_lower^k - V_lower^k-1||_inf = 0.00000000000000000000, delta^k = 0.00000000000000000000
Iteration 355: ||V_upper^k - V_upper^k-1||_inf = 0.00000006864740131901, ||V_lower^k - V_lower^k-1||_inf = 0.00000000000000000000, delta^k = 0.00000000000000000000
Iteration 356: ||V_upper^k - V_upper^k-1||_inf = 0.00000006590150526625, ||V_lower^k - V_lower^k-1||_inf = 0.00000000000000000000, delta^k = 0.00000000000000000000
Iteration 357: ||V_upper^k - V_upper^k-1||_inf = 0.00000006326544505560, ||V_lower^k - V_lower^k-1||_inf = 0.00000000000000000000, delta^k = 0.00000000000000000000
Iteration 358: ||V_upper^k - V_upper^k-1||_inf = 0.00000006073482725337, ||V_lower^k - V_lower^k-1||_inf = 0.00000000000000000000, delta^k = 0.00000000000000000000
Iteration 359: ||V_upper^k - V_upper^k-1||_inf = 0.00000005830543416324, ||V_lower^k - V_lower^k-1||_inf = 0.00000000000000000000, delta^k = 0.00000000000000000000
Iteration 360: ||V_upper^k - V_upper^k-1||_inf = 0.00000005597321679671, ||V_lower^k - V_lower^k-1||_inf = 0.00000000000000000000, delta^k = 0.00000000000000000000
Iteration 361: ||V_upper^k - V_upper^k-1||_inf = 0.00000005373428812484, ||V_lower^k - V_lower^k-1||_inf = 0.00000000000000000000, delta^k = 0.00000000000000000000
Iteration 362: ||V_upper^k - V_upper^k-1||_inf = 0.00000005158491659985, ||V_lower^k - V_lower^k-1||_inf = 0.00000000000000000000, delta^k = 0.00000000000000000000
Iteration 363: ||V_upper^k - V_upper^k-1||_inf = 0.00000004952151993585, ||V_lower^k - V_lower^k-1||_inf = 0.00000000000000000000, delta^k = 0.00000000000000000000
Iteration 364: ||V_upper^k - V_upper^k-1||_inf = 0.00000004754065913842, ||V_lower^k - V_lower^k-1||_inf = 0.00000000000000000000, delta^k = 0.00000000000000000000
Iteration 365: ||V_upper^k - V_upper^k-1||_inf = 0.00000004563903277288, ||V_lower^k - V_lower^k-1||_inf = 0.00000000000000000000, delta^k = 0.00000000000000000000
Iteration 366: ||V_upper^k - V_upper^k-1||_inf = 0.00000004381347146197, ||V_lower^k - V_lower^k-1||_inf = 0.00000000000000000000, delta^k = 0.00000000000000000000
Iteration 367: ||V_upper^k - V_upper^k-1||_inf = 0.00000004206093260349, ||V_lower^k - V_lower^k-1||_inf = 0.00000000000000000000, delta^k = 0.00000000000000000000
Iteration 368: ||V_upper^k - V_upper^k-1||_inf = 0.00000004037849529935, ||V_lower^k - V_lower^k-1||_inf = 0.00000000000000000000, delta^k = 0.00000000000000000000
Iteration 369: ||V_upper^k - V_upper^k-1||_inf = 0.00000003876335548738, ||V_lower^k - V_lower^k-1||_inf = 0.00000000000000000000, delta^k = 0.00000000000000000000
Iteration 370: ||V_upper^k - V_upper^k-1||_inf = 0.00000003721282126788, ||V_lower^k - V_lower^k-1||_inf = 0.00000000000000000000, delta^k = 0.00000000000000000000
Iteration 371: ||V_upper^k - V_upper^k-1||_inf = 0.00000003572430841716, ||V_lower^k - V_lower^k-1||_inf = 0.00000000000000000000, delta^k = 0.00000000000000000000
Iteration 372: ||V_upper^k - V_upper^k-1||_inf = 0.00000003429533608048, ||V_lower^k - V_lower^k-1||_inf = 0.00000000000000000000, delta^k = 0.00000000000000000000
Iteration 373: ||V_upper^k - V_upper^k-1||_inf = 0.00000003292352263726, ||V_lower^k - V_lower^k-1||_inf = 0.00000000000000000000, delta^k = 0.00000000000000000000
Iteration 374: ||V_upper^k - V_upper^k-1||_inf = 0.00000003160658173177, ||V_lower^k - V_lower^k-1||_inf = 0.00000000000000000000, delta^k = 0.00000000000000000000
Iteration 375: ||V_upper^k - V_upper^k-1||_inf = 0.00000003034231846250, ||V_lower^k - V_lower^k-1||_inf = 0.00000000000000000000, delta^k = 0.00000000000000000000
Iteration 376: ||V_upper^k - V_upper^k-1||_inf = 0.00000002912862572400, ||V_lower^k - V_lower^k-1||_inf = 0.00000000000000000000, delta^k = 0.00000000000000000000
Iteration 377: ||V_upper^k - V_upper^k-1||_inf = 0.00000002796348069504, ||V_lower^k - V_lower^k-1||_inf = 0.00000000000000000000, delta^k = 0.00000000000000000000
Iteration 378: ||V_upper^k - V_upper^k-1||_inf = 0.00000002684494146724, ||V_lower^k - V_lower^k-1||_inf = 0.00000000000000000000, delta^k = 0.00000000000000000000
Iteration 379: ||V_upper^k - V_upper^k-1||_inf = 0.00000002577114380855, ||V_lower^k - V_lower^k-1||_inf = 0.00000000000000000000, delta^k = 0.00000000000000000000
Iteration 380: ||V_upper^k - V_upper^k-1||_inf = 0.00000002474029805621, ||V_lower^k - V_lower^k-1||_inf = 0.00000000000000000000, delta^k = 0.00000000000000000000
Iteration 381: ||V_upper^k - V_upper^k-1||_inf = 0.00000002375068613396, ||V_lower^k - V_lower^k-1||_inf = 0.00000000000000000000, delta^k = 0.00000000000000000000
Iteration 382: ||V_upper^k - V_upper^k-1||_inf = 0.00000002280065868860, ||V_lower^k - V_lower^k-1||_inf = 0.00000000000000000000, delta^k = 0.00000000000000000000
Iteration 383: ||V_upper^k - V_upper^k-1||_inf = 0.00000002188863234105, ||V_lower^k - V_lower^k-1||_inf = 0.00000000000000000000, delta^k = 0.00000000000000000000
Iteration 384: ||V_upper^k - V_upper^k-1||_inf = 0.00000002101308704741, ||V_lower^k - V_lower^k-1||_inf = 0.00000000000000000000, delta^k = 0.00000000000000000000
Iteration 385: ||V_upper^k - V_upper^k-1||_inf = 0.00000002017256356552, ||V_lower^k - V_lower^k-1||_inf = 0.00000000000000000000, delta^k = 0.00000000000000000000
Iteration 386: ||V_upper^k - V_upper^k-1||_inf = 0.00000001936566102290, ||V_lower^k - V_lower^k-1||_inf = 0.00000000000000000000, delta^k = 0.00000000000000000000
Iteration 387: ||V_upper^k - V_upper^k-1||_inf = 0.00000001859103458198, ||V_lower^k - V_lower^k-1||_inf = 0.00000000000000000000, delta^k = 0.00000000000000000000
Iteration 388: ||V_upper^k - V_upper^k-1||_inf = 0.00000001784739319870, ||V_lower^k - V_lower^k-1||_inf = 0.00000000000000000000, delta^k = 0.00000000000000000000
Iteration 389: ||V_upper^k - V_upper^k-1||_inf = 0.00000001713349747075, ||V_lower^k - V_lower^k-1||_inf = 0.00000000000000000000, delta^k = 0.00000000000000000000
Iteration 390: ||V_upper^k - V_upper^k-1||_inf = 0.00000001644815757192, ||V_lower^k - V_lower^k-1||_inf = 0.00000000000000000000, delta^k = 0.00000000000000000000
Iteration 391: ||V_upper^k - V_upper^k-1||_inf = 0.00000001579023126905, ||V_lower^k - V_lower^k-1||_inf = 0.00000000000000000000, delta^k = 0.00000000000000000000
Iteration 392: ||V_upper^k - V_upper^k-1||_inf = 0.00000001515862201828, ||V_lower^k - V_lower^k-1||_inf = 0.00000000000000000000, delta^k = 0.00000000000000000000
Iteration 393: ||V_upper^k - V_upper^k-1||_inf = 0.00000001455227713755, ||V_lower^k - V_lower^k-1||_inf = 0.00000000000000000000, delta^k = 0.00000000000000000000
Iteration 394: ||V_upper^k - V_upper^k-1||_inf = 0.00000001397018605205, ||V_lower^k - V_lower^k-1||_inf = 0.00000000000000000000, delta^k = 0.00000000000000000000
Iteration 395: ||V_upper^k - V_upper^k-1||_inf = 0.00000001341137860997, ||V_lower^k - V_lower^k-1||_inf = 0.00000000000000000000, delta^k = 0.00000000000000000000
Iteration 396: ||V_upper^k - V_upper^k-1||_inf = 0.00000001287492346557, ||V_lower^k - V_lower^k-1||_inf = 0.00000000000000000000, delta^k = 0.00000000000000000000
Iteration 397: ||V_upper^k - V_upper^k-1||_inf = 0.00000001235992652695, ||V_lower^k - V_lower^k-1||_inf = 0.00000000000000000000, delta^k = 0.00000000000000000000
Iteration 398: ||V_upper^k - V_upper^k-1||_inf = 0.00000001186552946587, ||V_lower^k - V_lower^k-1||_inf = 0.00000000000000000000, delta^k = 0.00000000000000000000
Iteration 399: ||V_upper^k - V_upper^k-1||_inf = 0.00000001139090828723, ||V_lower^k - V_lower^k-1||_inf = 0.00000000000000000000, delta^k = 0.00000000000000000000
Iteration 400: ||V_upper^k - V_upper^k-1||_inf = 0.00000001093527195574, ||V_lower^k - V_lower^k-1||_inf = 0.00000000000000000000, delta^k = 0.00000000000000000000
Iteration 401: ||V_upper^k - V_upper^k-1||_inf = 0.00000001049786107751, ||V_lower^k - V_lower^k-1||_inf = 0.00000000000000000000, delta^k = 0.00000000000000000000
Iteration 402: ||V_upper^k - V_upper^k-1||_inf = 0.00000001007794663441, ||V_lower^k - V_lower^k-1||_inf = 0.00000000000000000000, delta^k = 0.00000000000000000000
Iteration 403: ||V_upper^k - V_upper^k-1||_inf = 0.00000000967482876904, ||V_lower^k - V_lower^k-1||_inf = 0.00000000000000000000, delta^k = 0.00000000000000000000

============================================================
 CONSERVATIVE STOPPING CONDITION MET (Algorithm 3)
============================================================
  delta^k = 0.0000000000e+00 >= -delta_max
  ||V_upper^k - V_upper^k-1||_inf = 9.6748287690e-09 < 1e-08
  eps_cons = (0.96 * 0.0000000000e+00) / 0.04 = 0.0000000000e+00
  Correcting V_lower for 27000 cells: V_lower <- V_lower - eps_cons - eps_machine
   Conservative correction applied successfully
  Machine epsilon eps_machine = 2.220e-16

Value iteration completed in 403 iterations
total time for running value_iteration the first time (phase 0) on the initial grid including grid initialization, setting up cpu parallelism, successor set computation and value iteration is 0.682437 seconds
Initial VI completed in 403 iterations
Final convergence: ||V_upper||_inf = 9.67482877e-09, ||V_lower||_inf = 0.00000000e+00
Saved initial visualization: /Users/i.k.tabbara/Documents/python directory/HSCC_2027/refactored_Implementations/results_hscc_2027_newbellmans_12workers/ra_discount/evasion_res30_eps0.05_dmin1e-08_dmax1e-08_gamma0.96_dt0.3_tau0.3_cons/value_function_phase_0_complete.png

Classification after phase 0:
  Safe:              256 cells (  0.9%),    0.9% of state space
  Unsafe:           2394 cells (  8.9%),    8.9% of state space
  Unclassified:    24350 cells ( 90.2%),   90.2% of state space

======================================================================
INITIAL QUEUE STATE
======================================================================
Total boundary cells: 24350
  Refinable (>eta_min=0.017678): 24350
  Below threshold: 0

======================================================================
REFINEMENT PHASE 1
======================================================================
Boundary cells: 24350
  Refinable (>eta_min=0.017678): 24350
  Below threshold: 0
  Cumulative refined: 0
  Refinable cell size statistics:
    Max:    0.209440
    Mean:   0.209440
    Min:    0.209440
    Median: 0.209440
  Refining 24350 cells...
    Refined: 24350 parent cells
    Created: 48700 child cells
    Total cells: 51350
    Refinement time: 0.001s
    Cumulative refined: 24350
  Rebuilding spatial index...
  Building spatial index for 51350 cells...
   Spatial index built in 0.01s
    Spatial index rebuilt in 0.009s
  Initializing 48700 new cells...
  Initializing 48700 new cells in parallel...
   Initialized in 0.00s (284379562.0 cells/s)
    Initialization completed in 0.000s
  Starting local value iteration...
  Reinitializing ALL 51350 cells (V = l)
   Reinitialized 51350 cells in 0.00s (428960470.5 cells/s)
  Local VI: updating all 51350 cells
    Conservative mode: True
    delta_max: 1e-08
    Max iterations: 1000033
    Updating successor cache for 48700 updated cells...
    Updating successor cache for 48700 new cells (HYBRID)...
      Affected cells: 50018
   Trajectories + spatial queries computed in 0.10s (2396110.1 tasks/s)
    Breakdown: 61.4% ODE, 38.6% queries
     Cache updated in 0.11s (2292052.0 tasks/s)
    Local Iteration   1: ||V_upper^k - V_upper^k-1||_inf = 4.20931542882058806754, ||V_lower^k - V_lower^k-1||_inf = 3.91979797464466583889, delta^k = -3.91979797464466583889
    Local Iteration   2: ||V_upper^k - V_upper^k-1||_inf = 4.03201864917040264658, ||V_lower^k - V_lower^k-1||_inf = 3.49147705168324495872, delta^k = -3.49147705168324495872
    Local Iteration   3: ||V_upper^k - V_upper^k-1||_inf = 3.86167004175394179555, ||V_lower^k - V_lower^k-1||_inf = 2.84179432294710565543, delta^k = -2.84179432294710565543
    Local Iteration   4: ||V_upper^k - V_upper^k-1||_inf = 3.69879376260296188761, ||V_lower^k - V_lower^k-1||_inf = 2.36989682386200595232, delta^k = -2.36989682386200595232
    Local Iteration   5: ||V_upper^k - V_upper^k-1||_inf = 3.54397155353224402319, ||V_lower^k - V_lower^k-1||_inf = 2.01132773679075871343, delta^k = -2.01132773679075871343
    Local Iteration   6: ||V_upper^k - V_upper^k-1||_inf = 3.40221269139095383593, ||V_lower^k - V_lower^k-1||_inf = 1.72920289628724965780, delta^k = -1.72920289628724965780
    Local Iteration   7: ||V_upper^k - V_upper^k-1||_inf = 3.26612418373531587790, ||V_lower^k - V_lower^k-1||_inf = 1.47982135471117381975, delta^k = -1.47982135471117381975
    Local Iteration   8: ||V_upper^k - V_upper^k-1||_inf = 3.13547921638590310067, ||V_lower^k - V_lower^k-1||_inf = 1.19497510119939875928, delta^k = -1.19497510119939875928
    Local Iteration   9: ||V_upper^k - V_upper^k-1||_inf = 3.01006004773046687006, ||V_lower^k - V_lower^k-1||_inf = 0.82496611575711298325, delta^k = -0.82496611575711298325
    Local Iteration  10: ||V_upper^k - V_upper^k-1||_inf = 2.88965764582124773341, ||V_lower^k - V_lower^k-1||_inf = 0.63475740651302081652, delta^k = -0.63475740651302081652
    Local Iteration  11: ||V_upper^k - V_upper^k-1||_inf = 2.77407133998839761091, ||V_lower^k - V_lower^k-1||_inf = 0.38946145026609091389, delta^k = -0.38946145026609091389
    Local Iteration  12: ||V_upper^k - V_upper^k-1||_inf = 2.66310848638886188411, ||V_lower^k - V_lower^k-1||_inf = 0.26752193446937178045, delta^k = -0.26752193446937178045
    Local Iteration  13: ||V_upper^k - V_upper^k-1||_inf = 2.55658414693330726664, ||V_lower^k - V_lower^k-1||_inf = 0.23004638071927185905, delta^k = -0.23004638071927185905
    Local Iteration  14: ||V_upper^k - V_upper^k-1||_inf = 2.45432078105597506479, ||V_lower^k - V_lower^k-1||_inf = 0.14226150916267205071, delta^k = -0.14226150916267205071
    Local Iteration  15: ||V_upper^k - V_upper^k-1||_inf = 2.35614794981373609772, ||V_lower^k - V_lower^k-1||_inf = 0.12384604489423955975, delta^k = -0.12384604489423955975
    Local Iteration  16: ||V_upper^k - V_upper^k-1||_inf = 0.07045638551342192635, ||V_lower^k - V_lower^k-1||_inf = 0.08056938085790121828, delta^k = -0.08056938085790121828
    Local Iteration  17: ||V_upper^k - V_upper^k-1||_inf = 0.06763813009288521805, ||V_lower^k - V_lower^k-1||_inf = 0.07414655678403586636, delta^k = -0.07414655678403586636
    Local Iteration  18: ||V_upper^k - V_upper^k-1||_inf = 0.06493260488916963169, ||V_lower^k - V_lower^k-1||_inf = 0.04083342131293665744, delta^k = -0.04083342131293665744
    Local Iteration  19: ||V_upper^k - V_upper^k-1||_inf = 0.06233530069360293524, ||V_lower^k - V_lower^k-1||_inf = 0.03920008446041917116, delta^k = -0.03920008446041917116
    Local Iteration  20: ||V_upper^k - V_upper^k-1||_inf = 0.05984188866585871125, ||V_lower^k - V_lower^k-1||_inf = 0.00000000000000000000, delta^k = 0.00000000000000000000
    Local Iteration  21: ||V_upper^k - V_upper^k-1||_inf = 0.05744821311922443385, ||V_lower^k - V_lower^k-1||_inf = 0.00000000000000000000, delta^k = 0.00000000000000000000
    Local Iteration  22: ||V_upper^k - V_upper^k-1||_inf = 0.05515028459445536768, ||V_lower^k - V_lower^k-1||_inf = 0.00000000000000000000, delta^k = 0.00000000000000000000
    Local Iteration  23: ||V_upper^k - V_upper^k-1||_inf = 0.05294427321067729508, ||V_lower^k - V_lower^k-1||_inf = 0.00000000000000000000, delta^k = 0.00000000000000000000
    Local Iteration  24: ||V_upper^k - V_upper^k-1||_inf = 0.05082650228225005229, ||V_lower^k - V_lower^k-1||_inf = 0.00000000000000000000, delta^k = 0.00000000000000000000
    Local Iteration  25: ||V_upper^k - V_upper^k-1||_inf = 0.04879344219096015678, ||V_lower^k - V_lower^k-1||_inf = 0.00000000000000000000, delta^k = 0.00000000000000000000
    Local Iteration  26: ||V_upper^k - V_upper^k-1||_inf = 0.04684170450332181268, ||V_lower^k - V_lower^k-1||_inf = 0.00000000000000000000, delta^k = 0.00000000000000000000
    Local Iteration  27: ||V_upper^k - V_upper^k-1||_inf = 0.04496803632318879806, ||V_lower^k - V_lower^k-1||_inf = 0.00000000000000000000, delta^k = 0.00000000000000000000
    Local Iteration  28: ||V_upper^k - V_upper^k-1||_inf = 0.04316931487026121061, ||V_lower^k - V_lower^k-1||_inf = 0.00000000000000000000, delta^k = 0.00000000000000000000
    Local Iteration  29: ||V_upper^k - V_upper^k-1||_inf = 0.04144254227545085545, ||V_lower^k - V_lower^k-1||_inf = 0.00000000000000000000, delta^k = 0.00000000000000000000
    Local Iteration  30: ||V_upper^k - V_upper^k-1||_inf = 0.03978484058443287896, ||V_lower^k - V_lower^k-1||_inf = 0.00000000000000000000, delta^k = 0.00000000000000000000
    Local Iteration  31: ||V_upper^k - V_upper^k-1||_inf = 0.03819344696105553272, ||V_lower^k - V_lower^k-1||_inf = 0.00000000000000000000, delta^k = 0.00000000000000000000
    Local Iteration  32: ||V_upper^k - V_upper^k-1||_inf = 0.03666570908261324035, ||V_lower^k - V_lower^k-1||_inf = 0.00000000000000000000, delta^k = 0.00000000000000000000
    Local Iteration  33: ||V_upper^k - V_upper^k-1||_inf = 0.03519908071930877291, ||V_lower^k - V_lower^k-1||_inf = 0.00000000000000000000, delta^k = 0.00000000000000000000
    Local Iteration  34: ||V_upper^k - V_upper^k-1||_inf = 0.03379111749053642644, ||V_lower^k - V_lower^k-1||_inf = 0.00000000000000000000, delta^k = 0.00000000000000000000
    Local Iteration  35: ||V_upper^k - V_upper^k-1||_inf = 0.03243947279091496938, ||V_lower^k - V_lower^k-1||_inf = 0.00000000000000000000, delta^k = 0.00000000000000000000
    Local Iteration  36: ||V_upper^k - V_upper^k-1||_inf = 0.03114189387927834840, ||V_lower^k - V_lower^k-1||_inf = 0.00000000000000000000, delta^k = 0.00000000000000000000
    Local Iteration  37: ||V_upper^k - V_upper^k-1||_inf = 0.02989621812410725443, ||V_lower^k - V_lower^k-1||_inf = 0.00000000000000000000, delta^k = 0.00000000000000000000
    Local Iteration  38: ||V_upper^k - V_upper^k-1||_inf = 0.02870036939914288876, ||V_lower^k - V_lower^k-1||_inf = 0.00000000000000000000, delta^k = 0.00000000000000000000
    Local Iteration  39: ||V_upper^k - V_upper^k-1||_inf = 0.02755235462317717765, ||V_lower^k - V_lower^k-1||_inf = 0.00000000000000000000, delta^k = 0.00000000000000000000
    Local Iteration  40: ||V_upper^k - V_upper^k-1||_inf = 0.02645026043825016160, ||V_lower^k - V_lower^k-1||_inf = 0.00000000000000000000, delta^k = 0.00000000000000000000
    Local Iteration  41: ||V_upper^k - V_upper^k-1||_inf = 0.02539225002072009740, ||V_lower^k - V_lower^k-1||_inf = 0.00000000000000000000, delta^k = 0.00000000000000000000
    Local Iteration  42: ||V_upper^k - V_upper^k-1||_inf = 0.02437656001989130239, ||V_lower^k - V_lower^k-1||_inf = 0.00000000000000000000, delta^k = 0.00000000000000000000
    Local Iteration  43: ||V_upper^k - V_upper^k-1||_inf = 0.02340149761909571247, ||V_lower^k - V_lower^k-1||_inf = 0.00000000000000000000, delta^k = 0.00000000000000000000
    Local Iteration  44: ||V_upper^k - V_upper^k-1||_inf = 0.02246543771433184844, ||V_lower^k - V_lower^k-1||_inf = 0.00000000000000000000, delta^k = 0.00000000000000000000
    Local Iteration  45: ||V_upper^k - V_upper^k-1||_inf = 0.02156682020575850789, ||V_lower^k - V_lower^k-1||_inf = 0.00000000000000000000, delta^k = 0.00000000000000000000
    Local Iteration  46: ||V_upper^k - V_upper^k-1||_inf = 0.02070414739752823863, ||V_lower^k - V_lower^k-1||_inf = 0.00000000000000000000, delta^k = 0.00000000000000000000
    Local Iteration  47: ||V_upper^k - V_upper^k-1||_inf = 0.01987598150162706023, ||V_lower^k - V_lower^k-1||_inf = 0.00000000000000000000, delta^k = 0.00000000000000000000
    Local Iteration  48: ||V_upper^k - V_upper^k-1||_inf = 0.01908094224156198226, ||V_lower^k - V_lower^k-1||_inf = 0.00000000000000000000, delta^k = 0.00000000000000000000
    Local Iteration  49: ||V_upper^k - V_upper^k-1||_inf = 0.01831770455189951630, ||V_lower^k - V_lower^k-1||_inf = 0.00000000000000000000, delta^k = 0.00000000000000000000
    Local Iteration  50: ||V_upper^k - V_upper^k-1||_inf = 0.01758499636982352454, ||V_lower^k - V_lower^k-1||_inf = 0.00000000000000000000, delta^k = 0.00000000000000000000
    Local Iteration  51: ||V_upper^k - V_upper^k-1||_inf = 0.01688159651503057246, ||V_lower^k - V_lower^k-1||_inf = 0.00000000000000000000, delta^k = 0.00000000000000000000
    Local Iteration  52: ||V_upper^k - V_upper^k-1||_inf = 0.01620633265442938953, ||V_lower^k - V_lower^k-1||_inf = 0.00000000000000000000, delta^k = 0.00000000000000000000
    Local Iteration  53: ||V_upper^k - V_upper^k-1||_inf = 0.01555807934825220729, ||V_lower^k - V_lower^k-1||_inf = 0.00000000000000000000, delta^k = 0.00000000000000000000
    Local Iteration  54: ||V_upper^k - V_upper^k-1||_inf = 0.01493575617432213454, ||V_lower^k - V_lower^k-1||_inf = 0.00000000000000000000, delta^k = 0.00000000000000000000
    Local Iteration  55: ||V_upper^k - V_upper^k-1||_inf = 0.01433832592734923805, ||V_lower^k - V_lower^k-1||_inf = 0.00000000000000000000, delta^k = 0.00000000000000000000
    Local Iteration  56: ||V_upper^k - V_upper^k-1||_inf = 0.01376479289025522856, ||V_lower^k - V_lower^k-1||_inf = 0.00000000000000000000, delta^k = 0.00000000000000000000
    Local Iteration  57: ||V_upper^k - V_upper^k-1||_inf = 0.01321420117464505717, ||V_lower^k - V_lower^k-1||_inf = 0.00000000000000000000, delta^k = 0.00000000000000000000
    Local Iteration  58: ||V_upper^k - V_upper^k-1||_inf = 0.01268563312765924600, ||V_lower^k - V_lower^k-1||_inf = 0.00000000000000000000, delta^k = 0.00000000000000000000
    Local Iteration  59: ||V_upper^k - V_upper^k-1||_inf = 0.01217820780255285396, ||V_lower^k - V_lower^k-1||_inf = 0.00000000000000000000, delta^k = 0.00000000000000000000
    Local Iteration  60: ||V_upper^k - V_upper^k-1||_inf = 0.01169107949045072870, ||V_lower^k - V_lower^k-1||_inf = 0.00000000000000000000, delta^k = 0.00000000000000000000
    Local Iteration  61: ||V_upper^k - V_upper^k-1||_inf = 0.01122343631083272397, ||V_lower^k - V_lower^k-1||_inf = 0.00000000000000000000, delta^k = 0.00000000000000000000
    Local Iteration  62: ||V_upper^k - V_upper^k-1||_inf = 0.01077449885839942834, ||V_lower^k - V_lower^k-1||_inf = 0.00000000000000000000, delta^k = 0.00000000000000000000
    Local Iteration  63: ||V_upper^k - V_upper^k-1||_inf = 0.01034351890406343122, ||V_lower^k - V_lower^k-1||_inf = 0.00000000000000000000, delta^k = 0.00000000000000000000
    Local Iteration  64: ||V_upper^k - V_upper^k-1||_inf = 0.00992977814790091395, ||V_lower^k - V_lower^k-1||_inf = 0.00000000000000000000, delta^k = 0.00000000000000000000
    Local Iteration  65: ||V_upper^k - V_upper^k-1||_inf = 0.00953258702198486740, ||V_lower^k - V_lower^k-1||_inf = 0.00000000000000000000, delta^k = 0.00000000000000000000
    Local Iteration  66: ||V_upper^k - V_upper^k-1||_inf = 0.00915128354110547604, ||V_lower^k - V_lower^k-1||_inf = 0.00000000000000000000, delta^k = 0.00000000000000000000
    Local Iteration  67: ||V_upper^k - V_upper^k-1||_inf = 0.00878523219946125700, ||V_lower^k - V_lower^k-1||_inf = 0.00000000000000000000, delta^k = 0.00000000000000000000
    Local Iteration  68: ||V_upper^k - V_upper^k-1||_inf = 0.00843382291148278562, ||V_lower^k - V_lower^k-1||_inf = 0.00000000000000000000, delta^k = 0.00000000000000000000
    Local Iteration  69: ||V_upper^k - V_upper^k-1||_inf = 0.00809646999502347531, ||V_lower^k - V_lower^k-1||_inf = 0.00000000000000000000, delta^k = 0.00000000000000000000
    Local Iteration  70: ||V_upper^k - V_upper^k-1||_inf = 0.00777261119522254518, ||V_lower^k - V_lower^k-1||_inf = 0.00000000000000000000, delta^k = 0.00000000000000000000
    Local Iteration  71: ||V_upper^k - V_upper^k-1||_inf = 0.00746170674741364337, ||V_lower^k - V_lower^k-1||_inf = 0.00000000000000000000, delta^k = 0.00000000000000000000
    Local Iteration  72: ||V_upper^k - V_upper^k-1||_inf = 0.00716323847751709764, ||V_lower^k - V_lower^k-1||_inf = 0.00000000000000000000, delta^k = 0.00000000000000000000
    Local Iteration  73: ||V_upper^k - V_upper^k-1||_inf = 0.00687670893841640929, ||V_lower^k - V_lower^k-1||_inf = 0.00000000000000000000, delta^k = 0.00000000000000000000
    Local Iteration  74: ||V_upper^k - V_upper^k-1||_inf = 0.00660164058087975292, ||V_lower^k - V_lower^k-1||_inf = 0.00000000000000000000, delta^k = 0.00000000000000000000
    Local Iteration  75: ||V_upper^k - V_upper^k-1||_inf = 0.00633757495764455947, ||V_lower^k - V_lower^k-1||_inf = 0.00000000000000000000, delta^k = 0.00000000000000000000
    Local Iteration  76: ||V_upper^k - V_upper^k-1||_inf = 0.00608407195933879930, ||V_lower^k - V_lower^k-1||_inf = 0.00000000000000000000, delta^k = 0.00000000000000000000
    Local Iteration  77: ||V_upper^k - V_upper^k-1||_inf = 0.00584070908096523400, ||V_lower^k - V_lower^k-1||_inf = 0.00000000000000000000, delta^k = 0.00000000000000000000
    Local Iteration  78: ||V_upper^k - V_upper^k-1||_inf = 0.00560708071772661465, ||V_lower^k - V_lower^k-1||_inf = 0.00000000000000000000, delta^k = 0.00000000000000000000
    Local Iteration  79: ||V_upper^k - V_upper^k-1||_inf = 0.00538279748901757116, ||V_lower^k - V_lower^k-1||_inf = 0.00000000000000000000, delta^k = 0.00000000000000000000
    Local Iteration  80: ||V_upper^k - V_upper^k-1||_inf = 0.00516748558945685776, ||V_lower^k - V_lower^k-1||_inf = 0.00000000000000000000, delta^k = 0.00000000000000000000
    Local Iteration  81: ||V_upper^k - V_upper^k-1||_inf = 0.00496078616587858345, ||V_lower^k - V_lower^k-1||_inf = 0.00000000000000000000, delta^k = 0.00000000000000000000
    Local Iteration  82: ||V_upper^k - V_upper^k-1||_inf = 0.00476235471924343901, ||V_lower^k - V_lower^k-1||_inf = 0.00000000000000000000, delta^k = 0.00000000000000000000
    Local Iteration  83: ||V_upper^k - V_upper^k-1||_inf = 0.00457186053047370367, ||V_lower^k - V_lower^k-1||_inf = 0.00000000000000000000, delta^k = 0.00000000000000000000
    Local Iteration  84: ||V_upper^k - V_upper^k-1||_inf = 0.00438898610925475552, ||V_lower^k - V_lower^k-1||_inf = 0.00000000000000000000, delta^k = 0.00000000000000000000
    Local Iteration  85: ||V_upper^k - V_upper^k-1||_inf = 0.00421342666488455642, ||V_lower^k - V_lower^k-1||_inf = 0.00000000000000000000, delta^k = 0.00000000000000000000
    Local Iteration  86: ||V_upper^k - V_upper^k-1||_inf = 0.00404488959828917805, ||V_lower^k - V_lower^k-1||_inf = 0.00000000000000000000, delta^k = 0.00000000000000000000
    Local Iteration  87: ||V_upper^k - V_upper^k-1||_inf = 0.00388309401435761592, ||V_lower^k - V_lower^k-1||_inf = 0.00000000000000000000, delta^k = 0.00000000000000000000
    Local Iteration  88: ||V_upper^k - V_upper^k-1||_inf = 0.00372777025378330518, ||V_lower^k - V_lower^k-1||_inf = 0.00000000000000000000, delta^k = 0.00000000000000000000
    Local Iteration  89: ||V_upper^k - V_upper^k-1||_inf = 0.00357865944363197630, ||V_lower^k - V_lower^k-1||_inf = 0.00000000000000000000, delta^k = 0.00000000000000000000
    Local Iteration  90: ||V_upper^k - V_upper^k-1||_inf = 0.00343551306588670002, ||V_lower^k - V_lower^k-1||_inf = 0.00000000000000000000, delta^k = 0.00000000000000000000
    Local Iteration  91: ||V_upper^k - V_upper^k-1||_inf = 0.00329809254325122425, ||V_lower^k - V_lower^k-1||_inf = 0.00000000000000000000, delta^k = 0.00000000000000000000
    Local Iteration  92: ||V_upper^k - V_upper^k-1||_inf = 0.00316616884152118305, ||V_lower^k - V_lower^k-1||_inf = 0.00000000000000000000, delta^k = 0.00000000000000000000
    Local Iteration  93: ||V_upper^k - V_upper^k-1||_inf = 0.00303952208786033296, ||V_lower^k - V_lower^k-1||_inf = 0.00000000000000000000, delta^k = 0.00000000000000000000
    Local Iteration  94: ||V_upper^k - V_upper^k-1||_inf = 0.00291794120434592241, ||V_lower^k - V_lower^k-1||_inf = 0.00000000000000000000, delta^k = 0.00000000000000000000
    Local Iteration  95: ||V_upper^k - V_upper^k-1||_inf = 0.00280122355617208607, ||V_lower^k - V_lower^k-1||_inf = 0.00000000000000000000, delta^k = 0.00000000000000000000
    Local Iteration  96: ||V_upper^k - V_upper^k-1||_inf = 0.00268917461392519097, ||V_lower^k - V_lower^k-1||_inf = 0.00000000000000000000, delta^k = 0.00000000000000000000
    Local Iteration  97: ||V_upper^k - V_upper^k-1||_inf = 0.00258160762936818916, ||V_lower^k - V_lower^k-1||_inf = 0.00000000000000000000, delta^k = 0.00000000000000000000
    Local Iteration  98: ||V_upper^k - V_upper^k-1||_inf = 0.00247834332419346465, ||V_lower^k - V_lower^k-1||_inf = 0.00000000000000000000, delta^k = 0.00000000000000000000
    Local Iteration  99: ||V_upper^k - V_upper^k-1||_inf = 0.00237920959122572134, ||V_lower^k - V_lower^k-1||_inf = 0.00000000000000000000, delta^k = 0.00000000000000000000
    Local Iteration 100: ||V_upper^k - V_upper^k-1||_inf = 0.00228404120757669249, ||V_lower^k - V_lower^k-1||_inf = 0.00000000000000000000, delta^k = 0.00000000000000000000
    Local Iteration 101: ||V_upper^k - V_upper^k-1||_inf = 0.00219267955927362340, ||V_lower^k - V_lower^k-1||_inf = 0.00000000000000000000, delta^k = 0.00000000000000000000
    Local Iteration 102: ||V_upper^k - V_upper^k-1||_inf = 0.00210497237690267930, ||V_lower^k - V_lower^k-1||_inf = 0.00000000000000000000, delta^k = 0.00000000000000000000
    Local Iteration 103: ||V_upper^k - V_upper^k-1||_inf = 0.00202077348182657518, ||V_lower^k - V_lower^k-1||_inf = 0.00000000000000000000, delta^k = 0.00000000000000000000
    Local Iteration 104: ||V_upper^k - V_upper^k-1||_inf = 0.00193994254255350912, ||V_lower^k - V_lower^k-1||_inf = 0.00000000000000000000, delta^k = 0.00000000000000000000
    Local Iteration 105: ||V_upper^k - V_upper^k-1||_inf = 0.00186234484085136959, ||V_lower^k - V_lower^k-1||_inf = 0.00000000000000000000, delta^k = 0.00000000000000000000
    Local Iteration 106: ||V_upper^k - V_upper^k-1||_inf = 0.00178785104721731342, ||V_lower^k - V_lower^k-1||_inf = 0.00000000000000000000, delta^k = 0.00000000000000000000
    Local Iteration 107: ||V_upper^k - V_upper^k-1||_inf = 0.00171633700532862477, ||V_lower^k - V_lower^k-1||_inf = 0.00000000000000000000, delta^k = 0.00000000000000000000
    Local Iteration 108: ||V_upper^k - V_upper^k-1||_inf = 0.00164768352511547589, ||V_lower^k - V_lower^k-1||_inf = 0.00000000000000000000, delta^k = 0.00000000000000000000
    Local Iteration 109: ||V_upper^k - V_upper^k-1||_inf = 0.00158177618411085852, ||V_lower^k - V_lower^k-1||_inf = 0.00000000000000000000, delta^k = 0.00000000000000000000
    Local Iteration 110: ||V_upper^k - V_upper^k-1||_inf = 0.00151850513674642307, ||V_lower^k - V_lower^k-1||_inf = 0.00000000000000000000, delta^k = 0.00000000000000000000
    Local Iteration 111: ||V_upper^k - V_upper^k-1||_inf = 0.00145776493127657003, ||V_lower^k - V_lower^k-1||_inf = 0.00000000000000000000, delta^k = 0.00000000000000000000
    Local Iteration 112: ||V_upper^k - V_upper^k-1||_inf = 0.00139945433402550307, ||V_lower^k - V_lower^k-1||_inf = 0.00000000000000000000, delta^k = 0.00000000000000000000
    Local Iteration 113: ||V_upper^k - V_upper^k-1||_inf = 0.00134347616066448489, ||V_lower^k - V_lower^k-1||_inf = 0.00000000000000000000, delta^k = 0.00000000000000000000
    Local Iteration 114: ||V_upper^k - V_upper^k-1||_inf = 0.00128973711423790646, ||V_lower^k - V_lower^k-1||_inf = 0.00000000000000000000, delta^k = 0.00000000000000000000
    Local Iteration 115: ||V_upper^k - V_upper^k-1||_inf = 0.00123814762966838882, ||V_lower^k - V_lower^k-1||_inf = 0.00000000000000000000, delta^k = 0.00000000000000000000
    Local Iteration 116: ||V_upper^k - V_upper^k-1||_inf = 0.00118862172448165257, ||V_lower^k - V_lower^k-1||_inf = 0.00000000000000000000, delta^k = 0.00000000000000000000
    Local Iteration 117: ||V_upper^k - V_upper^k-1||_inf = 0.00114107685550238550, ||V_lower^k - V_lower^k-1||_inf = 0.00000000000000000000, delta^k = 0.00000000000000000000
    Local Iteration 118: ||V_upper^k - V_upper^k-1||_inf = 0.00109543378128229216, ||V_lower^k - V_lower^k-1||_inf = 0.00000000000000000000, delta^k = 0.00000000000000000000
    Local Iteration 119: ||V_upper^k - V_upper^k-1||_inf = 0.00105161643003099867, ||V_lower^k - V_lower^k-1||_inf = 0.00000000000000000000, delta^k = 0.00000000000000000000
    Local Iteration 120: ||V_upper^k - V_upper^k-1||_inf = 0.00100955177282975941, ||V_lower^k - V_lower^k-1||_inf = 0.00000000000000000000, delta^k = 0.00000000000000000000
    Local Iteration 121: ||V_upper^k - V_upper^k-1||_inf = 0.00096916970191656890, ||V_lower^k - V_lower^k-1||_inf = 0.00000000000000000000, delta^k = 0.00000000000000000000
    Local Iteration 122: ||V_upper^k - V_upper^k-1||_inf = 0.00093040291383990684, ||V_lower^k - V_lower^k-1||_inf = 0.00000000000000000000, delta^k = 0.00000000000000000000
    Local Iteration 123: ||V_upper^k - V_upper^k-1||_inf = 0.00089318679728631056, ||V_lower^k - V_lower^k-1||_inf = 0.00000000000000000000, delta^k = 0.00000000000000000000
    Local Iteration 124: ||V_upper^k - V_upper^k-1||_inf = 0.00085745932539485828, ||V_lower^k - V_lower^k-1||_inf = 0.00000000000000000000, delta^k = 0.00000000000000000000
    Local Iteration 125: ||V_upper^k - V_upper^k-1||_inf = 0.00082316095237906436, ||V_lower^k - V_lower^k-1||_inf = 0.00000000000000000000, delta^k = 0.00000000000000000000
    Local Iteration 126: ||V_upper^k - V_upper^k-1||_inf = 0.00079023451428390096, ||V_lower^k - V_lower^k-1||_inf = 0.00000000000000000000, delta^k = 0.00000000000000000000
    Local Iteration 127: ||V_upper^k - V_upper^k-1||_inf = 0.00075862513371254339, ||V_lower^k - V_lower^k-1||_inf = 0.00000000000000000000, delta^k = 0.00000000000000000000
    Local Iteration 128: ||V_upper^k - V_upper^k-1||_inf = 0.00072828012836404291, ||V_lower^k - V_lower^k-1||_inf = 0.00000000000000000000, delta^k = 0.00000000000000000000
    Local Iteration 129: ||V_upper^k - V_upper^k-1||_inf = 0.00069914892322948258, ||V_lower^k - V_lower^k-1||_inf = 0.00000000000000000000, delta^k = 0.00000000000000000000
    Local Iteration 130: ||V_upper^k - V_upper^k-1||_inf = 0.00067118296630030300, ||V_lower^k - V_lower^k-1||_inf = 0.00000000000000000000, delta^k = 0.00000000000000000000
    Local Iteration 131: ||V_upper^k - V_upper^k-1||_inf = 0.00064433564764829025, ||V_lower^k - V_lower^k-1||_inf = 0.00000000000000000000, delta^k = 0.00000000000000000000
    Local Iteration 132: ||V_upper^k - V_upper^k-1||_inf = 0.00061856222174235843, ||V_lower^k - V_lower^k-1||_inf = 0.00000000000000000000, delta^k = 0.00000000000000000000
    Local Iteration 133: ||V_upper^k - V_upper^k-1||_inf = 0.00059381973287266424, ||V_lower^k - V_lower^k-1||_inf = 0.00000000000000000000, delta^k = 0.00000000000000000000
    Local Iteration 134: ||V_upper^k - V_upper^k-1||_inf = 0.00057006694355775725, ||V_lower^k - V_lower^k-1||_inf = 0.00000000000000000000, delta^k = 0.00000000000000000000
    Local Iteration 135: ||V_upper^k - V_upper^k-1||_inf = 0.00054726426581544647, ||V_lower^k - V_lower^k-1||_inf = 0.00000000000000000000, delta^k = 0.00000000000000000000
    Local Iteration 136: ||V_upper^k - V_upper^k-1||_inf = 0.00052537369518282882, ||V_lower^k - V_lower^k-1||_inf = 0.00000000000000000000, delta^k = 0.00000000000000000000
    Local Iteration 137: ||V_upper^k - V_upper^k-1||_inf = 0.00050435874737551553, ||V_lower^k - V_lower^k-1||_inf = 0.00000000000000000000, delta^k = 0.00000000000000000000
    Local Iteration 138: ||V_upper^k - V_upper^k-1||_inf = 0.00048418439748049505, ||V_lower^k - V_lower^k-1||_inf = 0.00000000000000000000, delta^k = 0.00000000000000000000
    Local Iteration 139: ||V_upper^k - V_upper^k-1||_inf = 0.00046481702158127601, ||V_lower^k - V_lower^k-1||_inf = 0.00000000000000000000, delta^k = 0.00000000000000000000
    Local Iteration 140: ||V_upper^k - V_upper^k-1||_inf = 0.00044622434071802525, ||V_lower^k - V_lower^k-1||_inf = 0.00000000000000000000, delta^k = 0.00000000000000000000
    Local Iteration 141: ||V_upper^k - V_upper^k-1||_inf = 0.00042837536708930334, ||V_lower^k - V_lower^k-1||_inf = 0.00000000000000000000, delta^k = 0.00000000000000000000
    Local Iteration 142: ||V_upper^k - V_upper^k-1||_inf = 0.00041124035240573155, ||V_lower^k - V_lower^k-1||_inf = 0.00000000000000000000, delta^k = 0.00000000000000000000
    Local Iteration 143: ||V_upper^k - V_upper^k-1||_inf = 0.00039479073830950284, ||V_lower^k - V_lower^k-1||_inf = 0.00000000000000000000, delta^k = 0.00000000000000000000
    Local Iteration 144: ||V_upper^k - V_upper^k-1||_inf = 0.00037899910877712238, ||V_lower^k - V_lower^k-1||_inf = 0.00000000000000000000, delta^k = 0.00000000000000000000
    Local Iteration 145: ||V_upper^k - V_upper^k-1||_inf = 0.00036383914442603658, ||V_lower^k - V_lower^k-1||_inf = 0.00000000000000000000, delta^k = 0.00000000000000000000
    Local Iteration 146: ||V_upper^k - V_upper^k-1||_inf = 0.00034928557864899630, ||V_lower^k - V_lower^k-1||_inf = 0.00000000000000000000, delta^k = 0.00000000000000000000
    Local Iteration 147: ||V_upper^k - V_upper^k-1||_inf = 0.00033531415550303555, ||V_lower^k - V_lower^k-1||_inf = 0.00000000000000000000, delta^k = 0.00000000000000000000
    Local Iteration 148: ||V_upper^k - V_upper^k-1||_inf = 0.00032190158928291444, ||V_lower^k - V_lower^k-1||_inf = 0.00000000000000000000, delta^k = 0.00000000000000000000
    Local Iteration 149: ||V_upper^k - V_upper^k-1||_inf = 0.00030902552571159762, ||V_lower^k - V_lower^k-1||_inf = 0.00000000000000000000, delta^k = 0.00000000000000000000
    Local Iteration 150: ||V_upper^k - V_upper^k-1||_inf = 0.00029666450468313413, ||V_lower^k - V_lower^k-1||_inf = 0.00000000000000000000, delta^k = 0.00000000000000000000
    Local Iteration 151: ||V_upper^k - V_upper^k-1||_inf = 0.00028479792449580873, ||V_lower^k - V_lower^k-1||_inf = 0.00000000000000000000, delta^k = 0.00000000000000000000
    Local Iteration 152: ||V_upper^k - V_upper^k-1||_inf = 0.00027340600751597603, ||V_lower^k - V_lower^k-1||_inf = 0.00000000000000000000, delta^k = 0.00000000000000000000
    Local Iteration 153: ||V_upper^k - V_upper^k-1||_inf = 0.00026246976721533682, ||V_lower^k - V_lower^k-1||_inf = 0.00000000000000000000, delta^k = 0.00000000000000000000
    Local Iteration 154: ||V_upper^k - V_upper^k-1||_inf = 0.00025197097652672387, ||V_lower^k - V_lower^k-1||_inf = 0.00000000000000000000, delta^k = 0.00000000000000000000
    Local Iteration 155: ||V_upper^k - V_upper^k-1||_inf = 0.00024189213746565481, ||V_lower^k - V_lower^k-1||_inf = 0.00000000000000000000, delta^k = 0.00000000000000000000
    Local Iteration 156: ||V_upper^k - V_upper^k-1||_inf = 0.00023221645196702841, ||V_lower^k - V_lower^k-1||_inf = 0.00000000000000000000, delta^k = 0.00000000000000000000
    Local Iteration 157: ||V_upper^k - V_upper^k-1||_inf = 0.00022292779388834692, ||V_lower^k - V_lower^k-1||_inf = 0.00000000000000000000, delta^k = 0.00000000000000000000
    Local Iteration 158: ||V_upper^k - V_upper^k-1||_inf = 0.00021401068213281350, ||V_lower^k - V_lower^k-1||_inf = 0.00000000000000000000, delta^k = 0.00000000000000000000
    Local Iteration 159: ||V_upper^k - V_upper^k-1||_inf = 0.00020545025484750099, ||V_lower^k - V_lower^k-1||_inf = 0.00000000000000000000, delta^k = 0.00000000000000000000
    Local Iteration 160: ||V_upper^k - V_upper^k-1||_inf = 0.00019723224465360064, ||V_lower^k - V_lower^k-1||_inf = 0.00000000000000000000, delta^k = 0.00000000000000000000
    Local Iteration 161: ||V_upper^k - V_upper^k-1||_inf = 0.00018934295486745713, ||V_lower^k - V_lower^k-1||_inf = 0.00000000000000000000, delta^k = 0.00000000000000000000
    Local Iteration 162: ||V_upper^k - V_upper^k-1||_inf = 0.00018176923667275868, ||V_lower^k - V_lower^k-1||_inf = 0.00000000000000000000, delta^k = 0.00000000000000000000
    Local Iteration 163: ||V_upper^k - V_upper^k-1||_inf = 0.00017449846720584816, ||V_lower^k - V_lower^k-1||_inf = 0.00000000000000000000, delta^k = 0.00000000000000000000
    Local Iteration 164: ||V_upper^k - V_upper^k-1||_inf = 0.00016751852851761440, ||V_lower^k - V_lower^k-1||_inf = 0.00000000000000000000, delta^k = 0.00000000000000000000
    Local Iteration 165: ||V_upper^k - V_upper^k-1||_inf = 0.00016081778737690950, ||V_lower^k - V_lower^k-1||_inf = 0.00000000000000000000, delta^k = 0.00000000000000000000
    Local Iteration 166: ||V_upper^k - V_upper^k-1||_inf = 0.00015438507588183331, ||V_lower^k - V_lower^k-1||_inf = 0.00000000000000000000, delta^k = 0.00000000000000000000
    Local Iteration 167: ||V_upper^k - V_upper^k-1||_inf = 0.00014820967284655999, ||V_lower^k - V_lower^k-1||_inf = 0.00000000000000000000, delta^k = 0.00000000000000000000
    Local Iteration 168: ||V_upper^k - V_upper^k-1||_inf = 0.00014228128593269740, ||V_lower^k - V_lower^k-1||_inf = 0.00000000000000000000, delta^k = 0.00000000000000000000
    Local Iteration 169: ||V_upper^k - V_upper^k-1||_inf = 0.00013659003449538942, ||V_lower^k - V_lower^k-1||_inf = 0.00000000000000000000, delta^k = 0.00000000000000000000
    Local Iteration 170: ||V_upper^k - V_upper^k-1||_inf = 0.00013112643311557386, ||V_lower^k - V_lower^k-1||_inf = 0.00000000000000000000, delta^k = 0.00000000000000000000
    Local Iteration 171: ||V_upper^k - V_upper^k-1||_inf = 0.00012588137579095087, ||V_lower^k - V_lower^k-1||_inf = 0.00000000000000000000, delta^k = 0.00000000000000000000
    Local Iteration 172: ||V_upper^k - V_upper^k-1||_inf = 0.00012084612075931311, ||V_lower^k - V_lower^k-1||_inf = 0.00000000000000000000, delta^k = 0.00000000000000000000
    Local Iteration 173: ||V_upper^k - V_upper^k-1||_inf = 0.00011601227592894026, ||V_lower^k - V_lower^k-1||_inf = 0.00000000000000000000, delta^k = 0.00000000000000000000
    Local Iteration 174: ||V_upper^k - V_upper^k-1||_inf = 0.00011137178489178294, ||V_lower^k - V_lower^k-1||_inf = 0.00000000000000000000, delta^k = 0.00000000000000000000
    Local Iteration 175: ||V_upper^k - V_upper^k-1||_inf = 0.00010691691349611152, ||V_lower^k - V_lower^k-1||_inf = 0.00000000000000000000, delta^k = 0.00000000000000000000
    Local Iteration 176: ||V_upper^k - V_upper^k-1||_inf = 0.00010264023695626687, ||V_lower^k - V_lower^k-1||_inf = 0.00000000000000000000, delta^k = 0.00000000000000000000
    Local Iteration 177: ||V_upper^k - V_upper^k-1||_inf = 0.00009853462747801654, ||V_lower^k - V_lower^k-1||_inf = 0.00000000000000000000, delta^k = 0.00000000000000000000
    Local Iteration 178: ||V_upper^k - V_upper^k-1||_inf = 0.00009459324237889562, ||V_lower^k - V_lower^k-1||_inf = 0.00000000000000000000, delta^k = 0.00000000000000000000
    Local Iteration 179: ||V_upper^k - V_upper^k-1||_inf = 0.00009080951268373993, ||V_lower^k - V_lower^k-1||_inf = 0.00000000000000000000, delta^k = 0.00000000000000000000
    Local Iteration 180: ||V_upper^k - V_upper^k-1||_inf = 0.00008717713217639041, ||V_lower^k - V_lower^k-1||_inf = 0.00000000000000000000, delta^k = 0.00000000000000000000
    Local Iteration 181: ||V_upper^k - V_upper^k-1||_inf = 0.00008369004688933484, ||V_lower^k - V_lower^k-1||_inf = 0.00000000000000000000, delta^k = 0.00000000000000000000
    Local Iteration 182: ||V_upper^k - V_upper^k-1||_inf = 0.00008034244501376126, ||V_lower^k - V_lower^k-1||_inf = 0.00000000000000000000, delta^k = 0.00000000000000000000
    Local Iteration 183: ||V_upper^k - V_upper^k-1||_inf = 0.00007712874721321089, ||V_lower^k - V_lower^k-1||_inf = 0.00000000000000000000, delta^k = 0.00000000000000000000
    Local Iteration 184: ||V_upper^k - V_upper^k-1||_inf = 0.00007404359732468232, ||V_lower^k - V_lower^k-1||_inf = 0.00000000000000000000, delta^k = 0.00000000000000000000
    Local Iteration 185: ||V_upper^k - V_upper^k-1||_inf = 0.00007108185343169507, ||V_lower^k - V_lower^k-1||_inf = 0.00000000000000000000, delta^k = 0.00000000000000000000
    Local Iteration 186: ||V_upper^k - V_upper^k-1||_inf = 0.00006823857929442729, ||V_lower^k - V_lower^k-1||_inf = 0.00000000000000000000, delta^k = 0.00000000000000000000
    Local Iteration 187: ||V_upper^k - V_upper^k-1||_inf = 0.00006550903612265028, ||V_lower^k - V_lower^k-1||_inf = 0.00000000000000000000, delta^k = 0.00000000000000000000
    Local Iteration 188: ||V_upper^k - V_upper^k-1||_inf = 0.00006288867467774410, ||V_lower^k - V_lower^k-1||_inf = 0.00000000000000000000, delta^k = 0.00000000000000000000
    Local Iteration 189: ||V_upper^k - V_upper^k-1||_inf = 0.00006037312769063439, ||V_lower^k - V_lower^k-1||_inf = 0.00000000000000000000, delta^k = 0.00000000000000000000
    Local Iteration 190: ||V_upper^k - V_upper^k-1||_inf = 0.00005795820258300906, ||V_lower^k - V_lower^k-1||_inf = 0.00000000000000000000, delta^k = 0.00000000000000000000
    Local Iteration 191: ||V_upper^k - V_upper^k-1||_inf = 0.00005563987447968865, ||V_lower^k - V_lower^k-1||_inf = 0.00000000000000000000, delta^k = 0.00000000000000000000
    Local Iteration 192: ||V_upper^k - V_upper^k-1||_inf = 0.00005341427950050119, ||V_lower^k - V_lower^k-1||_inf = 0.00000000000000000000, delta^k = 0.00000000000000000000
    Local Iteration 193: ||V_upper^k - V_upper^k-1||_inf = 0.00005127770832048101, ||V_lower^k - V_lower^k-1||_inf = 0.00000000000000000000, delta^k = 0.00000000000000000000
    Local Iteration 194: ||V_upper^k - V_upper^k-1||_inf = 0.00004922659998766185, ||V_lower^k - V_lower^k-1||_inf = 0.00000000000000000000, delta^k = 0.00000000000000000000
    Local Iteration 195: ||V_upper^k - V_upper^k-1||_inf = 0.00004725753598815532, ||V_lower^k - V_lower^k-1||_inf = 0.00000000000000000000, delta^k = 0.00000000000000000000
    Local Iteration 196: ||V_upper^k - V_upper^k-1||_inf = 0.00004536723454862915, ||V_lower^k - V_lower^k-1||_inf = 0.00000000000000000000, delta^k = 0.00000000000000000000
    Local Iteration 197: ||V_upper^k - V_upper^k-1||_inf = 0.00004355254516668402, ||V_lower^k - V_lower^k-1||_inf = 0.00000000000000000000, delta^k = 0.00000000000000000000
    Local Iteration 198: ||V_upper^k - V_upper^k-1||_inf = 0.00004181044336001665, ||V_lower^k - V_lower^k-1||_inf = 0.00000000000000000000, delta^k = 0.00000000000000000000
    Local Iteration 199: ||V_upper^k - V_upper^k-1||_inf = 0.00004013802562561589, ||V_lower^k - V_lower^k-1||_inf = 0.00000000000000000000, delta^k = 0.00000000000000000000
    Local Iteration 200: ||V_upper^k - V_upper^k-1||_inf = 0.00003853250460059132, ||V_lower^k - V_lower^k-1||_inf = 0.00000000000000000000, delta^k = 0.00000000000000000000
    Local Iteration 201: ||V_upper^k - V_upper^k-1||_inf = 0.00003699120441656766, ||V_lower^k - V_lower^k-1||_inf = 0.00000000000000000000, delta^k = 0.00000000000000000000
    Local Iteration 202: ||V_upper^k - V_upper^k-1||_inf = 0.00003551155623990495, ||V_lower^k - V_lower^k-1||_inf = 0.00000000000000000000, delta^k = 0.00000000000000000000
    Local Iteration 203: ||V_upper^k - V_upper^k-1||_inf = 0.00003409109399030868, ||V_lower^k - V_lower^k-1||_inf = 0.00000000000000000000, delta^k = 0.00000000000000000000
    Local Iteration 204: ||V_upper^k - V_upper^k-1||_inf = 0.00003272745023069634, ||V_lower^k - V_lower^k-1||_inf = 0.00000000000000000000, delta^k = 0.00000000000000000000
    Local Iteration 205: ||V_upper^k - V_upper^k-1||_inf = 0.00003141835222146853, ||V_lower^k - V_lower^k-1||_inf = 0.00000000000000000000, delta^k = 0.00000000000000000000
    Local Iteration 206: ||V_upper^k - V_upper^k-1||_inf = 0.00003016161813260978, ||V_lower^k - V_lower^k-1||_inf = 0.00000000000000000000, delta^k = 0.00000000000000000000
    Local Iteration 207: ||V_upper^k - V_upper^k-1||_inf = 0.00002895515340730541, ||V_lower^k - V_lower^k-1||_inf = 0.00000000000000000000, delta^k = 0.00000000000000000000
    Local Iteration 208: ||V_upper^k - V_upper^k-1||_inf = 0.00002779694727101322, ||V_lower^k - V_lower^k-1||_inf = 0.00000000000000000000, delta^k = 0.00000000000000000000
    Local Iteration 209: ||V_upper^k - V_upper^k-1||_inf = 0.00002668506938017265, ||V_lower^k - V_lower^k-1||_inf = 0.00000000000000000000, delta^k = 0.00000000000000000000
    Local Iteration 210: ||V_upper^k - V_upper^k-1||_inf = 0.00002561766660496569, ||V_lower^k - V_lower^k-1||_inf = 0.00000000000000000000, delta^k = 0.00000000000000000000
    Local Iteration 211: ||V_upper^k - V_upper^k-1||_inf = 0.00002459295994076711, ||V_lower^k - V_lower^k-1||_inf = 0.00000000000000000000, delta^k = 0.00000000000000000000
    Local Iteration 212: ||V_upper^k - V_upper^k-1||_inf = 0.00002360924154313647, ||V_lower^k - V_lower^k-1||_inf = 0.00000000000000000000, delta^k = 0.00000000000000000000
    Local Iteration 213: ||V_upper^k - V_upper^k-1||_inf = 0.00002266487188141097, ||V_lower^k - V_lower^k-1||_inf = 0.00000000000000000000, delta^k = 0.00000000000000000000
    Local Iteration 214: ||V_upper^k - V_upper^k-1||_inf = 0.00002175827700615454, ||V_lower^k - V_lower^k-1||_inf = 0.00000000000000000000, delta^k = 0.00000000000000000000
    Local Iteration 215: ||V_upper^k - V_upper^k-1||_inf = 0.00002088794592590838, ||V_lower^k - V_lower^k-1||_inf = 0.00000000000000000000, delta^k = 0.00000000000000000000
    Local Iteration 216: ||V_upper^k - V_upper^k-1||_inf = 0.00002005242808887203, ||V_lower^k - V_lower^k-1||_inf = 0.00000000000000000000, delta^k = 0.00000000000000000000
    Local Iteration 217: ||V_upper^k - V_upper^k-1||_inf = 0.00001925033096531712, ||V_lower^k - V_lower^k-1||_inf = 0.00000000000000000000, delta^k = 0.00000000000000000000
    Local Iteration 218: ||V_upper^k - V_upper^k-1||_inf = 0.00001848031772670446, ||V_lower^k - V_lower^k-1||_inf = 0.00000000000000000000, delta^k = 0.00000000000000000000
    Local Iteration 219: ||V_upper^k - V_upper^k-1||_inf = 0.00001774110501763623, ||V_lower^k - V_lower^k-1||_inf = 0.00000000000000000000, delta^k = 0.00000000000000000000
    Local Iteration 220: ||V_upper^k - V_upper^k-1||_inf = 0.00001703146081693082, ||V_lower^k - V_lower^k-1||_inf = 0.00000000000000000000, delta^k = 0.00000000000000000000
    Local Iteration 221: ||V_upper^k - V_upper^k-1||_inf = 0.00001635020238425355, ||V_lower^k - V_lower^k-1||_inf = 0.00000000000000000000, delta^k = 0.00000000000000000000
    Local Iteration 222: ||V_upper^k - V_upper^k-1||_inf = 0.00001569619428888342, ||V_lower^k - V_lower^k-1||_inf = 0.00000000000000000000, delta^k = 0.00000000000000000000
    Local Iteration 223: ||V_upper^k - V_upper^k-1||_inf = 0.00001506834651732810, ||V_lower^k - V_lower^k-1||_inf = 0.00000000000000000000, delta^k = 0.00000000000000000000
    Local Iteration 224: ||V_upper^k - V_upper^k-1||_inf = 0.00001446561265663497, ||V_lower^k - V_lower^k-1||_inf = 0.00000000000000000000, delta^k = 0.00000000000000000000
    Local Iteration 225: ||V_upper^k - V_upper^k-1||_inf = 0.00001388698815036959, ||V_lower^k - V_lower^k-1||_inf = 0.00000000000000000000, delta^k = 0.00000000000000000000
    Local Iteration 226: ||V_upper^k - V_upper^k-1||_inf = 0.00001333150862435476, ||V_lower^k - V_lower^k-1||_inf = 0.00000000000000000000, delta^k = 0.00000000000000000000
    Local Iteration 227: ||V_upper^k - V_upper^k-1||_inf = 0.00001279824827938057, ||V_lower^k - V_lower^k-1||_inf = 0.00000000000000000000, delta^k = 0.00000000000000000000
    Local Iteration 228: ||V_upper^k - V_upper^k-1||_inf = 0.00001228631834820535, ||V_lower^k - V_lower^k-1||_inf = 0.00000000000000000000, delta^k = 0.00000000000000000000
    Local Iteration 229: ||V_upper^k - V_upper^k-1||_inf = 0.00001179486561427717, ||V_lower^k - V_lower^k-1||_inf = 0.00000000000000000000, delta^k = 0.00000000000000000000
    Local Iteration 230: ||V_upper^k - V_upper^k-1||_inf = 0.00001132307098970607, ||V_lower^k - V_lower^k-1||_inf = 0.00000000000000000000, delta^k = 0.00000000000000000000
    Local Iteration 231: ||V_upper^k - V_upper^k-1||_inf = 0.00001087014815011783, ||V_lower^k - V_lower^k-1||_inf = 0.00000000000000000000, delta^k = 0.00000000000000000000
    Local Iteration 232: ||V_upper^k - V_upper^k-1||_inf = 0.00001043534222411313, ||V_lower^k - V_lower^k-1||_inf = 0.00000000000000000000, delta^k = 0.00000000000000000000
    Local Iteration 233: ||V_upper^k - V_upper^k-1||_inf = 0.00001001792853514859, ||V_lower^k - V_lower^k-1||_inf = 0.00000000000000000000, delta^k = 0.00000000000000000000
    Local Iteration 234: ||V_upper^k - V_upper^k-1||_inf = 0.00000961721139374264, ||V_lower^k - V_lower^k-1||_inf = 0.00000000000000000000, delta^k = 0.00000000000000000000
    Local Iteration 235: ||V_upper^k - V_upper^k-1||_inf = 0.00000923252293799293, ||V_lower^k - V_lower^k-1||_inf = 0.00000000000000000000, delta^k = 0.00000000000000000000
    Local Iteration 236: ||V_upper^k - V_upper^k-1||_inf = 0.00000886322202047323, ||V_lower^k - V_lower^k-1||_inf = 0.00000000000000000000, delta^k = 0.00000000000000000000
    Local Iteration 237: ||V_upper^k - V_upper^k-1||_inf = 0.00000850869313965430, ||V_lower^k - V_lower^k-1||_inf = 0.00000000000000000000, delta^k = 0.00000000000000000000
    Local Iteration 238: ||V_upper^k - V_upper^k-1||_inf = 0.00000816834541406811, ||V_lower^k - V_lower^k-1||_inf = 0.00000000000000000000, delta^k = 0.00000000000000000000
    Local Iteration 239: ||V_upper^k - V_upper^k-1||_inf = 0.00000784161159750538, ||V_lower^k - V_lower^k-1||_inf = 0.00000000000000000000, delta^k = 0.00000000000000000000
    Local Iteration 240: ||V_upper^k - V_upper^k-1||_inf = 0.00000752794713360517, ||V_lower^k - V_lower^k-1||_inf = 0.00000000000000000000, delta^k = 0.00000000000000000000
    Local Iteration 241: ||V_upper^k - V_upper^k-1||_inf = 0.00000722682924826098, ||V_lower^k - V_lower^k-1||_inf = 0.00000000000000000000, delta^k = 0.00000000000000000000
    Local Iteration 242: ||V_upper^k - V_upper^k-1||_inf = 0.00000693775607833052, ||V_lower^k - V_lower^k-1||_inf = 0.00000000000000000000, delta^k = 0.00000000000000000000
    Local Iteration 243: ||V_upper^k - V_upper^k-1||_inf = 0.00000666024583519730, ||V_lower^k - V_lower^k-1||_inf = 0.00000000000000000000, delta^k = 0.00000000000000000000
    Local Iteration 244: ||V_upper^k - V_upper^k-1||_inf = 0.00000639383600178941, ||V_lower^k - V_lower^k-1||_inf = 0.00000000000000000000, delta^k = 0.00000000000000000000
    Local Iteration 245: ||V_upper^k - V_upper^k-1||_inf = 0.00000613808256171784, ||V_lower^k - V_lower^k-1||_inf = 0.00000000000000000000, delta^k = 0.00000000000000000000
    Local Iteration 246: ||V_upper^k - V_upper^k-1||_inf = 0.00000589255925924912, ||V_lower^k - V_lower^k-1||_inf = 0.00000000000000000000, delta^k = 0.00000000000000000000
    Local Iteration 247: ||V_upper^k - V_upper^k-1||_inf = 0.00000565685688887918, ||V_lower^k - V_lower^k-1||_inf = 0.00000000000000000000, delta^k = 0.00000000000000000000
    Local Iteration 248: ||V_upper^k - V_upper^k-1||_inf = 0.00000543058261332399, ||V_lower^k - V_lower^k-1||_inf = 0.00000000000000000000, delta^k = 0.00000000000000000000
    Local Iteration 249: ||V_upper^k - V_upper^k-1||_inf = 0.00000521335930879103, ||V_lower^k - V_lower^k-1||_inf = 0.00000000000000000000, delta^k = 0.00000000000000000000
    Local Iteration 250: ||V_upper^k - V_upper^k-1||_inf = 0.00000500482493643940, ||V_lower^k - V_lower^k-1||_inf = 0.00000000000000000000, delta^k = 0.00000000000000000000
    Local Iteration 251: ||V_upper^k - V_upper^k-1||_inf = 0.00000480463193898182, ||V_lower^k - V_lower^k-1||_inf = 0.00000000000000000000, delta^k = 0.00000000000000000000
    Local Iteration 252: ||V_upper^k - V_upper^k-1||_inf = 0.00000461244666142255, ||V_lower^k - V_lower^k-1||_inf = 0.00000000000000000000, delta^k = 0.00000000000000000000
    Local Iteration 253: ||V_upper^k - V_upper^k-1||_inf = 0.00000442794879496564, ||V_lower^k - V_lower^k-1||_inf = 0.00000000000000000000, delta^k = 0.00000000000000000000
    Local Iteration 254: ||V_upper^k - V_upper^k-1||_inf = 0.00000425083084316702, ||V_lower^k - V_lower^k-1||_inf = 0.00000000000000000000, delta^k = 0.00000000000000000000
    Local Iteration 255: ||V_upper^k - V_upper^k-1||_inf = 0.00000408079760944034, ||V_lower^k - V_lower^k-1||_inf = 0.00000000000000000000, delta^k = 0.00000000000000000000
    Local Iteration 256: ||V_upper^k - V_upper^k-1||_inf = 0.00000391756570506272, ||V_lower^k - V_lower^k-1||_inf = 0.00000000000000000000, delta^k = 0.00000000000000000000
    Local Iteration 257: ||V_upper^k - V_upper^k-1||_inf = 0.00000376086307686022, ||V_lower^k - V_lower^k-1||_inf = 0.00000000000000000000, delta^k = 0.00000000000000000000
    Local Iteration 258: ||V_upper^k - V_upper^k-1||_inf = 0.00000361042855378580, ||V_lower^k - V_lower^k-1||_inf = 0.00000000000000000000, delta^k = 0.00000000000000000000
    Local Iteration 259: ||V_upper^k - V_upper^k-1||_inf = 0.00000346601141163437, ||V_lower^k - V_lower^k-1||_inf = 0.00000000000000000000, delta^k = 0.00000000000000000000
    Local Iteration 260: ||V_upper^k - V_upper^k-1||_inf = 0.00000332737095516900, ||V_lower^k - V_lower^k-1||_inf = 0.00000000000000000000, delta^k = 0.00000000000000000000
    Local Iteration 261: ||V_upper^k - V_upper^k-1||_inf = 0.00000319427611696223, ||V_lower^k - V_lower^k-1||_inf = 0.00000000000000000000, delta^k = 0.00000000000000000000
    Local Iteration 262: ||V_upper^k - V_upper^k-1||_inf = 0.00000306650507228375, ||V_lower^k - V_lower^k-1||_inf = 0.00000000000000000000, delta^k = 0.00000000000000000000
    Local Iteration 263: ||V_upper^k - V_upper^k-1||_inf = 0.00000294384486939240, ||V_lower^k - V_lower^k-1||_inf = 0.00000000000000000000, delta^k = 0.00000000000000000000
    Local Iteration 264: ||V_upper^k - V_upper^k-1||_inf = 0.00000282609107461670, ||V_lower^k - V_lower^k-1||_inf = 0.00000000000000000000, delta^k = 0.00000000000000000000
    Local Iteration 265: ||V_upper^k - V_upper^k-1||_inf = 0.00000271304743163204, ||V_lower^k - V_lower^k-1||_inf = 0.00000000000000000000, delta^k = 0.00000000000000000000
    Local Iteration 266: ||V_upper^k - V_upper^k-1||_inf = 0.00000260452553436675, ||V_lower^k - V_lower^k-1||_inf = 0.00000000000000000000, delta^k = 0.00000000000000000000
    Local Iteration 267: ||V_upper^k - V_upper^k-1||_inf = 0.00000250034451299208, ||V_lower^k - V_lower^k-1||_inf = 0.00000000000000000000, delta^k = 0.00000000000000000000
    Local Iteration 268: ||V_upper^k - V_upper^k-1||_inf = 0.00000240033073247240, ||V_lower^k - V_lower^k-1||_inf = 0.00000000000000000000, delta^k = 0.00000000000000000000
    Local Iteration 269: ||V_upper^k - V_upper^k-1||_inf = 0.00000230431750317350, ||V_lower^k - V_lower^k-1||_inf = 0.00000000000000000000, delta^k = 0.00000000000000000000
    Local Iteration 270: ||V_upper^k - V_upper^k-1||_inf = 0.00000221214480304657, ||V_lower^k - V_lower^k-1||_inf = 0.00000000000000000000, delta^k = 0.00000000000000000000
    Local Iteration 271: ||V_upper^k - V_upper^k-1||_inf = 0.00000212365901092470, ||V_lower^k - V_lower^k-1||_inf = 0.00000000000000000000, delta^k = 0.00000000000000000000
    Local Iteration 272: ||V_upper^k - V_upper^k-1||_inf = 0.00000203871265048771, ||V_lower^k - V_lower^k-1||_inf = 0.00000000000000000000, delta^k = 0.00000000000000000000
    Local Iteration 273: ||V_upper^k - V_upper^k-1||_inf = 0.00000195716414446820, ||V_lower^k - V_lower^k-1||_inf = 0.00000000000000000000, delta^k = 0.00000000000000000000
    Local Iteration 274: ||V_upper^k - V_upper^k-1||_inf = 0.00000187887757868948, ||V_lower^k - V_lower^k-1||_inf = 0.00000000000000000000, delta^k = 0.00000000000000000000
    Local Iteration 275: ||V_upper^k - V_upper^k-1||_inf = 0.00000180372247554190, ||V_lower^k - V_lower^k-1||_inf = 0.00000000000000000000, delta^k = 0.00000000000000000000
    Local Iteration 276: ||V_upper^k - V_upper^k-1||_inf = 0.00000173157357652022, ||V_lower^k - V_lower^k-1||_inf = 0.00000000000000000000, delta^k = 0.00000000000000000000
    Local Iteration 277: ||V_upper^k - V_upper^k-1||_inf = 0.00000166231063345941, ||V_lower^k - V_lower^k-1||_inf = 0.00000000000000000000, delta^k = 0.00000000000000000000
    Local Iteration 278: ||V_upper^k - V_upper^k-1||_inf = 0.00000159581820812104, ||V_lower^k - V_lower^k-1||_inf = 0.00000000000000000000, delta^k = 0.00000000000000000000
    Local Iteration 279: ||V_upper^k - V_upper^k-1||_inf = 0.00000153198547979619, ||V_lower^k - V_lower^k-1||_inf = 0.00000000000000000000, delta^k = 0.00000000000000000000
    Local Iteration 280: ||V_upper^k - V_upper^k-1||_inf = 0.00000147070606060435, ||V_lower^k - V_lower^k-1||_inf = 0.00000000000000000000, delta^k = 0.00000000000000000000
    Local Iteration 281: ||V_upper^k - V_upper^k-1||_inf = 0.00000141187781818018, ||V_lower^k - V_lower^k-1||_inf = 0.00000000000000000000, delta^k = 0.00000000000000000000
    Local Iteration 282: ||V_upper^k - V_upper^k-1||_inf = 0.00000135540270545296, ||V_lower^k - V_lower^k-1||_inf = 0.00000000000000000000, delta^k = 0.00000000000000000000
    Local Iteration 283: ||V_upper^k - V_upper^k-1||_inf = 0.00000130118659723485, ||V_lower^k - V_lower^k-1||_inf = 0.00000000000000000000, delta^k = 0.00000000000000000000
    Local Iteration 284: ||V_upper^k - V_upper^k-1||_inf = 0.00000124913913334545, ||V_lower^k - V_lower^k-1||_inf = 0.00000000000000000000, delta^k = 0.00000000000000000000
    Local Iteration 285: ||V_upper^k - V_upper^k-1||_inf = 0.00000119917356801163, ||V_lower^k - V_lower^k-1||_inf = 0.00000000000000000000, delta^k = 0.00000000000000000000
    Local Iteration 286: ||V_upper^k - V_upper^k-1||_inf = 0.00000115120662529117, ||V_lower^k - V_lower^k-1||_inf = 0.00000000000000000000, delta^k = 0.00000000000000000000
    Local Iteration 287: ||V_upper^k - V_upper^k-1||_inf = 0.00000110515836027952, ||V_lower^k - V_lower^k-1||_inf = 0.00000000000000000000, delta^k = 0.00000000000000000000
    Local Iteration 288: ||V_upper^k - V_upper^k-1||_inf = 0.00000106095202586834, ||V_lower^k - V_lower^k-1||_inf = 0.00000000000000000000, delta^k = 0.00000000000000000000
    Local Iteration 289: ||V_upper^k - V_upper^k-1||_inf = 0.00000101851394483361, ||V_lower^k - V_lower^k-1||_inf = 0.00000000000000000000, delta^k = 0.00000000000000000000
    Local Iteration 290: ||V_upper^k - V_upper^k-1||_inf = 0.00000097777338704026, ||V_lower^k - V_lower^k-1||_inf = 0.00000000000000000000, delta^k = 0.00000000000000000000
    Local Iteration 291: ||V_upper^k - V_upper^k-1||_inf = 0.00000093866245155865, ||V_lower^k - V_lower^k-1||_inf = 0.00000000000000000000, delta^k = 0.00000000000000000000
    Local Iteration 292: ||V_upper^k - V_upper^k-1||_inf = 0.00000090111595349631, ||V_lower^k - V_lower^k-1||_inf = 0.00000000000000000000, delta^k = 0.00000000000000000000
    Local Iteration 293: ||V_upper^k - V_upper^k-1||_inf = 0.00000086507131535645, ||V_lower^k - V_lower^k-1||_inf = 0.00000000000000000000, delta^k = 0.00000000000000000000
    Local Iteration 294: ||V_upper^k - V_upper^k-1||_inf = 0.00000083046846274220, ||V_lower^k - V_lower^k-1||_inf = 0.00000000000000000000, delta^k = 0.00000000000000000000
    Local Iteration 295: ||V_upper^k - V_upper^k-1||_inf = 0.00000079724972423251, ||V_lower^k - V_lower^k-1||_inf = 0.00000000000000000000, delta^k = 0.00000000000000000000
    Local Iteration 296: ||V_upper^k - V_upper^k-1||_inf = 0.00000076535973526321, ||V_lower^k - V_lower^k-1||_inf = 0.00000000000000000000, delta^k = 0.00000000000000000000
    Local Iteration 297: ||V_upper^k - V_upper^k-1||_inf = 0.00000073474534585268, ||V_lower^k - V_lower^k-1||_inf = 0.00000000000000000000, delta^k = 0.00000000000000000000
    Local Iteration 298: ||V_upper^k - V_upper^k-1||_inf = 0.00000070535553201857, ||V_lower^k - V_lower^k-1||_inf = 0.00000000000000000000, delta^k = 0.00000000000000000000
    Local Iteration 299: ||V_upper^k - V_upper^k-1||_inf = 0.00000067714131073783, ||V_lower^k - V_lower^k-1||_inf = 0.00000000000000000000, delta^k = 0.00000000000000000000
    Local Iteration 300: ||V_upper^k - V_upper^k-1||_inf = 0.00000065005565830832, ||V_lower^k - V_lower^k-1||_inf = 0.00000000000000000000, delta^k = 0.00000000000000000000
    Local Iteration 301: ||V_upper^k - V_upper^k-1||_inf = 0.00000062405343197598, ||V_lower^k - V_lower^k-1||_inf = 0.00000000000000000000, delta^k = 0.00000000000000000000
    Local Iteration 302: ||V_upper^k - V_upper^k-1||_inf = 0.00000059909129469694, ||V_lower^k - V_lower^k-1||_inf = 0.00000000000000000000, delta^k = 0.00000000000000000000
    Local Iteration 303: ||V_upper^k - V_upper^k-1||_inf = 0.00000057512764290907, ||V_lower^k - V_lower^k-1||_inf = 0.00000000000000000000, delta^k = 0.00000000000000000000
    Local Iteration 304: ||V_upper^k - V_upper^k-1||_inf = 0.00000055212253719270, ||V_lower^k - V_lower^k-1||_inf = 0.00000000000000000000, delta^k = 0.00000000000000000000
    Local Iteration 305: ||V_upper^k - V_upper^k-1||_inf = 0.00000053003763570500, ||V_lower^k - V_lower^k-1||_inf = 0.00000000000000000000, delta^k = 0.00000000000000000000
    Local Iteration 306: ||V_upper^k - V_upper^k-1||_inf = 0.00000050883613027680, ||V_lower^k - V_lower^k-1||_inf = 0.00000000000000000000, delta^k = 0.00000000000000000000
    Local Iteration 307: ||V_upper^k - V_upper^k-1||_inf = 0.00000048848268506572, ||V_lower^k - V_lower^k-1||_inf = 0.00000000000000000000, delta^k = 0.00000000000000000000
    Local Iteration 308: ||V_upper^k - V_upper^k-1||_inf = 0.00000046894337766309, ||V_lower^k - V_lower^k-1||_inf = 0.00000000000000000000, delta^k = 0.00000000000000000000
    Local Iteration 309: ||V_upper^k - V_upper^k-1||_inf = 0.00000045018564255657, ||V_lower^k - V_lower^k-1||_inf = 0.00000000000000000000, delta^k = 0.00000000000000000000
    Local Iteration 310: ||V_upper^k - V_upper^k-1||_inf = 0.00000043217821685431, ||V_lower^k - V_lower^k-1||_inf = 0.00000000000000000000, delta^k = 0.00000000000000000000
    Local Iteration 311: ||V_upper^k - V_upper^k-1||_inf = 0.00000041489108818014, ||V_lower^k - V_lower^k-1||_inf = 0.00000000000000000000, delta^k = 0.00000000000000000000
    Local Iteration 312: ||V_upper^k - V_upper^k-1||_inf = 0.00000039829544465293, ||V_lower^k - V_lower^k-1||_inf = 0.00000000000000000000, delta^k = 0.00000000000000000000
    Local Iteration 313: ||V_upper^k - V_upper^k-1||_inf = 0.00000038236362686681, ||V_lower^k - V_lower^k-1||_inf = 0.00000000000000000000, delta^k = 0.00000000000000000000
    Local Iteration 314: ||V_upper^k - V_upper^k-1||_inf = 0.00000036706908179214, ||V_lower^k - V_lower^k-1||_inf = 0.00000000000000000000, delta^k = 0.00000000000000000000
    Local Iteration 315: ||V_upper^k - V_upper^k-1||_inf = 0.00000035238631852046, ||V_lower^k - V_lower^k-1||_inf = 0.00000000000000000000, delta^k = 0.00000000000000000000
    Local Iteration 316: ||V_upper^k - V_upper^k-1||_inf = 0.00000033829086577964, ||V_lower^k - V_lower^k-1||_inf = 0.00000000000000000000, delta^k = 0.00000000000000000000
    Local Iteration 317: ||V_upper^k - V_upper^k-1||_inf = 0.00000032475923114845, ||V_lower^k - V_lower^k-1||_inf = 0.00000000000000000000, delta^k = 0.00000000000000000000
    Local Iteration 318: ||V_upper^k - V_upper^k-1||_inf = 0.00000031176886190251, ||V_lower^k - V_lower^k-1||_inf = 0.00000000000000000000, delta^k = 0.00000000000000000000
    Local Iteration 319: ||V_upper^k - V_upper^k-1||_inf = 0.00000029929810742641, ||V_lower^k - V_lower^k-1||_inf = 0.00000000000000000000, delta^k = 0.00000000000000000000
    Local Iteration 320: ||V_upper^k - V_upper^k-1||_inf = 0.00000028732618312936, ||V_lower^k - V_lower^k-1||_inf = 0.00000000000000000000, delta^k = 0.00000000000000000000
    Local Iteration 321: ||V_upper^k - V_upper^k-1||_inf = 0.00000027583313580418, ||V_lower^k - V_lower^k-1||_inf = 0.00000000000000000000, delta^k = 0.00000000000000000000
    Local Iteration 322: ||V_upper^k - V_upper^k-1||_inf = 0.00000026479981037201, ||V_lower^k - V_lower^k-1||_inf = 0.00000000000000000000, delta^k = 0.00000000000000000000
    Local Iteration 323: ||V_upper^k - V_upper^k-1||_inf = 0.00000025420781795713, ||V_lower^k - V_lower^k-1||_inf = 0.00000000000000000000, delta^k = 0.00000000000000000000
    Local Iteration 324: ||V_upper^k - V_upper^k-1||_inf = 0.00000024403950523885, ||V_lower^k - V_lower^k-1||_inf = 0.00000000000000000000, delta^k = 0.00000000000000000000
    Local Iteration 325: ||V_upper^k - V_upper^k-1||_inf = 0.00000023427792502929, ||V_lower^k - V_lower^k-1||_inf = 0.00000000000000000000, delta^k = 0.00000000000000000000
    Local Iteration 326: ||V_upper^k - V_upper^k-1||_inf = 0.00000022490680802812, ||V_lower^k - V_lower^k-1||_inf = 0.00000000000000000000, delta^k = 0.00000000000000000000
    Local Iteration 327: ||V_upper^k - V_upper^k-1||_inf = 0.00000021591053570700, ||V_lower^k - V_lower^k-1||_inf = 0.00000000000000000000, delta^k = 0.00000000000000000000
    Local Iteration 328: ||V_upper^k - V_upper^k-1||_inf = 0.00000020727411427872, ||V_lower^k - V_lower^k-1||_inf = 0.00000000000000000000, delta^k = 0.00000000000000000000
    Local Iteration 329: ||V_upper^k - V_upper^k-1||_inf = 0.00000019898314970757, ||V_lower^k - V_lower^k-1||_inf = 0.00000000000000000000, delta^k = 0.00000000000000000000
    Local Iteration 330: ||V_upper^k - V_upper^k-1||_inf = 0.00000019102382371927, ||V_lower^k - V_lower^k-1||_inf = 0.00000000000000000000, delta^k = 0.00000000000000000000
    Local Iteration 331: ||V_upper^k - V_upper^k-1||_inf = 0.00000018338287077050, ||V_lower^k - V_lower^k-1||_inf = 0.00000000000000000000, delta^k = 0.00000000000000000000
    Local Iteration 332: ||V_upper^k - V_upper^k-1||_inf = 0.00000017604755593968, ||V_lower^k - V_lower^k-1||_inf = 0.00000000000000000000, delta^k = 0.00000000000000000000
    Local Iteration 333: ||V_upper^k - V_upper^k-1||_inf = 0.00000016900565370209, ||V_lower^k - V_lower^k-1||_inf = 0.00000000000000000000, delta^k = 0.00000000000000000000
    Local Iteration 334: ||V_upper^k - V_upper^k-1||_inf = 0.00000016224542755401, ||V_lower^k - V_lower^k-1||_inf = 0.00000000000000000000, delta^k = 0.00000000000000000000
    Local Iteration 335: ||V_upper^k - V_upper^k-1||_inf = 0.00000015575561045185, ||V_lower^k - V_lower^k-1||_inf = 0.00000000000000000000, delta^k = 0.00000000000000000000
    Local Iteration 336: ||V_upper^k - V_upper^k-1||_inf = 0.00000014952538603377, ||V_lower^k - V_lower^k-1||_inf = 0.00000000000000000000, delta^k = 0.00000000000000000000
    Local Iteration 337: ||V_upper^k - V_upper^k-1||_inf = 0.00000014354437059242, ||V_lower^k - V_lower^k-1||_inf = 0.00000000000000000000, delta^k = 0.00000000000000000000
    Local Iteration 338: ||V_upper^k - V_upper^k-1||_inf = 0.00000013780259576872, ||V_lower^k - V_lower^k-1||_inf = 0.00000000000000000000, delta^k = 0.00000000000000000000
    Local Iteration 339: ||V_upper^k - V_upper^k-1||_inf = 0.00000013229049193797, ||V_lower^k - V_lower^k-1||_inf = 0.00000000000000000000, delta^k = 0.00000000000000000000
    Local Iteration 340: ||V_upper^k - V_upper^k-1||_inf = 0.00000012699887226046, ||V_lower^k - V_lower^k-1||_inf = 0.00000000000000000000, delta^k = 0.00000000000000000000
    Local Iteration 341: ||V_upper^k - V_upper^k-1||_inf = 0.00000012191891737004, ||V_lower^k - V_lower^k-1||_inf = 0.00000000000000000000, delta^k = 0.00000000000000000000
    Local Iteration 342: ||V_upper^k - V_upper^k-1||_inf = 0.00000011704216067524, ||V_lower^k - V_lower^k-1||_inf = 0.00000000000000000000, delta^k = 0.00000000000000000000
    Local Iteration 343: ||V_upper^k - V_upper^k-1||_inf = 0.00000011236047424823, ||V_lower^k - V_lower^k-1||_inf = 0.00000000000000000000, delta^k = 0.00000000000000000000
    Local Iteration 344: ||V_upper^k - V_upper^k-1||_inf = 0.00000010786605527830, ||V_lower^k - V_lower^k-1||_inf = 0.00000000000000000000, delta^k = 0.00000000000000000000
    Local Iteration 345: ||V_upper^k - V_upper^k-1||_inf = 0.00000010355141306717, ||V_lower^k - V_lower^k-1||_inf = 0.00000000000000000000, delta^k = 0.00000000000000000000
    Local Iteration 346: ||V_upper^k - V_upper^k-1||_inf = 0.00000009940935654448, ||V_lower^k - V_lower^k-1||_inf = 0.00000000000000000000, delta^k = 0.00000000000000000000
    Local Iteration 347: ||V_upper^k - V_upper^k-1||_inf = 0.00000009543298228270, ||V_lower^k - V_lower^k-1||_inf = 0.00000000000000000000, delta^k = 0.00000000000000000000
    Local Iteration 348: ||V_upper^k - V_upper^k-1||_inf = 0.00000009161566299139, ||V_lower^k - V_lower^k-1||_inf = 0.00000000000000000000, delta^k = 0.00000000000000000000
    Local Iteration 349: ||V_upper^k - V_upper^k-1||_inf = 0.00000008795103647174, ||V_lower^k - V_lower^k-1||_inf = 0.00000000000000000000, delta^k = 0.00000000000000000000
    Local Iteration 350: ||V_upper^k - V_upper^k-1||_inf = 0.00000008443299501287, ||V_lower^k - V_lower^k-1||_inf = 0.00000000000000000000, delta^k = 0.00000000000000000000
    Local Iteration 351: ||V_upper^k - V_upper^k-1||_inf = 0.00000008105567521235, ||V_lower^k - V_lower^k-1||_inf = 0.00000000000000000000, delta^k = 0.00000000000000000000
    Local Iteration 352: ||V_upper^k - V_upper^k-1||_inf = 0.00000007781344820386, ||V_lower^k - V_lower^k-1||_inf = 0.00000000000000000000, delta^k = 0.00000000000000000000
    Local Iteration 353: ||V_upper^k - V_upper^k-1||_inf = 0.00000007470091027570, ||V_lower^k - V_lower^k-1||_inf = 0.00000000000000000000, delta^k = 0.00000000000000000000
    Local Iteration 354: ||V_upper^k - V_upper^k-1||_inf = 0.00000007171287386468, ||V_lower^k - V_lower^k-1||_inf = 0.00000000000000000000, delta^k = 0.00000000000000000000
    Local Iteration 355: ||V_upper^k - V_upper^k-1||_inf = 0.00000006884435891009, ||V_lower^k - V_lower^k-1||_inf = 0.00000000000000000000, delta^k = 0.00000000000000000000
    Local Iteration 356: ||V_upper^k - V_upper^k-1||_inf = 0.00000006609058455368, ||V_lower^k - V_lower^k-1||_inf = 0.00000000000000000000, delta^k = 0.00000000000000000000
    Local Iteration 357: ||V_upper^k - V_upper^k-1||_inf = 0.00000006344696117154, ||V_lower^k - V_lower^k-1||_inf = 0.00000000000000000000, delta^k = 0.00000000000000000000
    Local Iteration 358: ||V_upper^k - V_upper^k-1||_inf = 0.00000006090908272468, ||V_lower^k - V_lower^k-1||_inf = 0.00000000000000000000, delta^k = 0.00000000000000000000
    Local Iteration 359: ||V_upper^k - V_upper^k-1||_inf = 0.00000005847271941569, ||V_lower^k - V_lower^k-1||_inf = 0.00000000000000000000, delta^k = 0.00000000000000000000
    Local Iteration 360: ||V_upper^k - V_upper^k-1||_inf = 0.00000005613381063906, ||V_lower^k - V_lower^k-1||_inf = 0.00000000000000000000, delta^k = 0.00000000000000000000
    Local Iteration 361: ||V_upper^k - V_upper^k-1||_inf = 0.00000005388845821350, ||V_lower^k - V_lower^k-1||_inf = 0.00000000000000000000, delta^k = 0.00000000000000000000
    Local Iteration 362: ||V_upper^k - V_upper^k-1||_inf = 0.00000005173291988496, ||V_lower^k - V_lower^k-1||_inf = 0.00000000000000000000, delta^k = 0.00000000000000000000
    Local Iteration 363: ||V_upper^k - V_upper^k-1||_inf = 0.00000004966360308956, ||V_lower^k - V_lower^k-1||_inf = 0.00000000000000000000, delta^k = 0.00000000000000000000
    Local Iteration 364: ||V_upper^k - V_upper^k-1||_inf = 0.00000004767705896598, ||V_lower^k - V_lower^k-1||_inf = 0.00000000000000000000, delta^k = 0.00000000000000000000
    Local Iteration 365: ||V_upper^k - V_upper^k-1||_inf = 0.00000004576997660734, ||V_lower^k - V_lower^k-1||_inf = 0.00000000000000000000, delta^k = 0.00000000000000000000
    Local Iteration 366: ||V_upper^k - V_upper^k-1||_inf = 0.00000004393917754305, ||V_lower^k - V_lower^k-1||_inf = 0.00000000000000000000, delta^k = 0.00000000000000000000
    Local Iteration 367: ||V_upper^k - V_upper^k-1||_inf = 0.00000004218161044132, ||V_lower^k - V_lower^k-1||_inf = 0.00000000000000000000, delta^k = 0.00000000000000000000
    Local Iteration 368: ||V_upper^k - V_upper^k-1||_inf = 0.00000004049434602367, ||V_lower^k - V_lower^k-1||_inf = 0.00000000000000000000, delta^k = 0.00000000000000000000
    Local Iteration 369: ||V_upper^k - V_upper^k-1||_inf = 0.00000003887457218272, ||V_lower^k - V_lower^k-1||_inf = 0.00000000000000000000, delta^k = 0.00000000000000000000
    Local Iteration 370: ||V_upper^k - V_upper^k-1||_inf = 0.00000003731958929541, ||V_lower^k - V_lower^k-1||_inf = 0.00000000000000000000, delta^k = 0.00000000000000000000
    Local Iteration 371: ||V_upper^k - V_upper^k-1||_inf = 0.00000003582680572360, ||V_lower^k - V_lower^k-1||_inf = 0.00000000000000000000, delta^k = 0.00000000000000000000
    Local Iteration 372: ||V_upper^k - V_upper^k-1||_inf = 0.00000003439373349465, ||V_lower^k - V_lower^k-1||_inf = 0.00000000000000000000, delta^k = 0.00000000000000000000
    Local Iteration 373: ||V_upper^k - V_upper^k-1||_inf = 0.00000003301798415487, ||V_lower^k - V_lower^k-1||_inf = 0.00000000000000000000, delta^k = 0.00000000000000000000
    Local Iteration 374: ||V_upper^k - V_upper^k-1||_inf = 0.00000003169726478867, ||V_lower^k - V_lower^k-1||_inf = 0.00000000000000000000, delta^k = 0.00000000000000000000
    Local Iteration 375: ||V_upper^k - V_upper^k-1||_inf = 0.00000003042937419713, ||V_lower^k - V_lower^k-1||_inf = 0.00000000000000000000, delta^k = 0.00000000000000000000
    Local Iteration 376: ||V_upper^k - V_upper^k-1||_inf = 0.00000002921219922924, ||V_lower^k - V_lower^k-1||_inf = 0.00000000000000000000, delta^k = 0.00000000000000000000
    Local Iteration 377: ||V_upper^k - V_upper^k-1||_inf = 0.00000002804371126007, ||V_lower^k - V_lower^k-1||_inf = 0.00000000000000000000, delta^k = 0.00000000000000000000
    Local Iteration 378: ||V_upper^k - V_upper^k-1||_inf = 0.00000002692196280967, ||V_lower^k - V_lower^k-1||_inf = 0.00000000000000000000, delta^k = 0.00000000000000000000
    Local Iteration 379: ||V_upper^k - V_upper^k-1||_inf = 0.00000002584508429728, ||V_lower^k - V_lower^k-1||_inf = 0.00000000000000000000, delta^k = 0.00000000000000000000
    Local Iteration 380: ||V_upper^k - V_upper^k-1||_inf = 0.00000002481128092539, ||V_lower^k - V_lower^k-1||_inf = 0.00000000000000000000, delta^k = 0.00000000000000000000
    Local Iteration 381: ||V_upper^k - V_upper^k-1||_inf = 0.00000002381882968838, ||V_lower^k - V_lower^k-1||_inf = 0.00000000000000000000, delta^k = 0.00000000000000000000
    Local Iteration 382: ||V_upper^k - V_upper^k-1||_inf = 0.00000002286607650084, ||V_lower^k - V_lower^k-1||_inf = 0.00000000000000000000, delta^k = 0.00000000000000000000
    Local Iteration 383: ||V_upper^k - V_upper^k-1||_inf = 0.00000002195143344081, ||V_lower^k - V_lower^k-1||_inf = 0.00000000000000000000, delta^k = 0.00000000000000000000
    Local Iteration 384: ||V_upper^k - V_upper^k-1||_inf = 0.00000002107337610317, ||V_lower^k - V_lower^k-1||_inf = 0.00000000000000000000, delta^k = 0.00000000000000000000
    Local Iteration 385: ||V_upper^k - V_upper^k-1||_inf = 0.00000002023044105905, ||V_lower^k - V_lower^k-1||_inf = 0.00000000000000000000, delta^k = 0.00000000000000000000
    Local Iteration 386: ||V_upper^k - V_upper^k-1||_inf = 0.00000001942122341669, ||V_lower^k - V_lower^k-1||_inf = 0.00000000000000000000, delta^k = 0.00000000000000000000
    Local Iteration 387: ||V_upper^k - V_upper^k-1||_inf = 0.00000001864437448002, ||V_lower^k - V_lower^k-1||_inf = 0.00000000000000000000, delta^k = 0.00000000000000000000
    Local Iteration 388: ||V_upper^k - V_upper^k-1||_inf = 0.00000001789859950082, ||V_lower^k - V_lower^k-1||_inf = 0.00000000000000000000, delta^k = 0.00000000000000000000
    Local Iteration 389: ||V_upper^k - V_upper^k-1||_inf = 0.00000001718265552078, ||V_lower^k - V_lower^k-1||_inf = 0.00000000000000000000, delta^k = 0.00000000000000000000
    Local Iteration 390: ||V_upper^k - V_upper^k-1||_inf = 0.00000001649534929995, ||V_lower^k - V_lower^k-1||_inf = 0.00000000000000000000, delta^k = 0.00000000000000000000
    Local Iteration 391: ||V_upper^k - V_upper^k-1||_inf = 0.00000001583553532796, ||V_lower^k - V_lower^k-1||_inf = 0.00000000000000000000, delta^k = 0.00000000000000000000
    Local Iteration 392: ||V_upper^k - V_upper^k-1||_inf = 0.00000001520211391484, ||V_lower^k - V_lower^k-1||_inf = 0.00000000000000000000, delta^k = 0.00000000000000000000
    Local Iteration 393: ||V_upper^k - V_upper^k-1||_inf = 0.00000001459402935824, ||V_lower^k - V_lower^k-1||_inf = 0.00000000000000000000, delta^k = 0.00000000000000000000
    Local Iteration 394: ||V_upper^k - V_upper^k-1||_inf = 0.00000001401026818391, ||V_lower^k - V_lower^k-1||_inf = 0.00000000000000000000, delta^k = 0.00000000000000000000
    Local Iteration 395: ||V_upper^k - V_upper^k-1||_inf = 0.00000001344985745656, ||V_lower^k - V_lower^k-1||_inf = 0.00000000000000000000, delta^k = 0.00000000000000000000
    Local Iteration 396: ||V_upper^k - V_upper^k-1||_inf = 0.00000001291186315829, ||V_lower^k - V_lower^k-1||_inf = 0.00000000000000000000, delta^k = 0.00000000000000000000
    Local Iteration 397: ||V_upper^k - V_upper^k-1||_inf = 0.00000001239538863196, ||V_lower^k - V_lower^k-1||_inf = 0.00000000000000000000, delta^k = 0.00000000000000000000
    Local Iteration 398: ||V_upper^k - V_upper^k-1||_inf = 0.00000001189957308668, ||V_lower^k - V_lower^k-1||_inf = 0.00000000000000000000, delta^k = 0.00000000000000000000
    Local Iteration 399: ||V_upper^k - V_upper^k-1||_inf = 0.00000001142359016322, ||V_lower^k - V_lower^k-1||_inf = 0.00000000000000000000, delta^k = 0.00000000000000000000
    Local Iteration 400: ||V_upper^k - V_upper^k-1||_inf = 0.00000001096664655669, ||V_lower^k - V_lower^k-1||_inf = 0.00000000000000000000, delta^k = 0.00000000000000000000
    Local Iteration 401: ||V_upper^k - V_upper^k-1||_inf = 0.00000001052798069442, ||V_lower^k - V_lower^k-1||_inf = 0.00000000000000000000, delta^k = 0.00000000000000000000
    Local Iteration 402: ||V_upper^k - V_upper^k-1||_inf = 0.00000001010686146664, ||V_lower^k - V_lower^k-1||_inf = 0.00000000000000000000, delta^k = 0.00000000000000000000
    Local Iteration 403: ||V_upper^k - V_upper^k-1||_inf = 0.00000000970258700798, ||V_lower^k - V_lower^k-1||_inf = 0.00000000000000000000, delta^k = 0.00000000000000000000

============================================================
 CONSERVATIVE STOPPING CONDITION MET (Algorithm 3)
============================================================
  delta^k = 0.0000000000e+00 >= -delta_max
  ||V_upper^k - V_upper^k-1||_inf = 9.7025870080e-09 < 1e-08
  eps_cons = (0.96 * 0.0000000000e+00) / 0.04 = 0.0000000000e+00
  Correcting V_lower for 51350 cells: V_lower <- V_lower - eps_cons - eps_machine
   Conservative correction applied successfully
  Machine epsilon eps_machine = 2.220e-16
    Local VI completed in 403 iterations
    Final convergence values:
      ||V_upper^final - V_upper^prev||_inf = 9.70258701e-09
      ||V_lower^final - V_lower^prev||_inf = 0.00000000e+00
  Local VI completed in 403 iterations, time: 0.466s
    Final ||V_upper^k - V_upper^k-1||_inf = 9.70258700797833730009e-09
    Final ||V_lower^k - V_lower^k-1||_inf = 0.00000000000000000000e+00
  Saved visualization: /Users/i.k.tabbara/Documents/python directory/HSCC_2027/refactored_Implementations/results_hscc_2027_newbellmans_12workers/ra_discount/evasion_res30_eps0.05_dmin1e-08_dmax1e-08_gamma0.96_dt0.3_tau0.3_cons/value_function_phase_1_complete.png
  Phase 1 completed in 0.99s with 51350 leaf cells

Classification after phase 1:
  Safe:              300 cells (  0.6%),    1.0% of state space
  Unsafe:           2588 cells (  5.0%),    9.2% of state space
  Unclassified:    48462 cells ( 94.4%),   89.7% of state space

======================================================================
REFINEMENT PHASE 2
======================================================================
Boundary cells: 48462
  Refinable (>eta_min=0.017678): 48462
  Below threshold: 0
  Cumulative refined: 24350
  Refinable cell size statistics:
    Max:    0.200000
    Mean:   0.200000
    Min:    0.200000
    Median: 0.200000
  Refining 48462 cells...
    Refined: 48462 parent cells
    Created: 96924 child cells
    Total cells: 99812
    Refinement time: 0.003s
    Cumulative refined: 72812
  Rebuilding spatial index...
  Building spatial index for 99812 cells...
   Spatial index built in 0.02s
    Spatial index rebuilt in 0.018s
  Initializing 96924 new cells...
  Initializing 96924 new cells in parallel...
   Initialized in 0.00s (371890647.5 cells/s)
    Initialization completed in 0.000s
  Starting local value iteration...
  Reinitializing ALL 99812 cells (V = l)
   Reinitialized 99812 cells in 0.00s (522690853.5 cells/s)
  Local VI: updating all 99812 cells
    Conservative mode: True
    delta_max: 1e-08
    Max iterations: 1000033
    Updating successor cache for 96924 updated cells...
    Updating successor cache for 96924 new cells (HYBRID)...
      Affected cells: 98286
   Trajectories + spatial queries computed in 0.21s (2300636.3 tasks/s)
    Breakdown: 54.4% ODE, 45.6% queries
     Cache updated in 0.23s (2171504.8 tasks/s)
    Local Iteration   1: ||V_upper^k - V_upper^k-1||_inf = 4.20931542882058806754, ||V_lower^k - V_lower^k-1||_inf = 3.95530440213730161148, delta^k = -3.95530440213730161148
    Local Iteration   2: ||V_upper^k - V_upper^k-1||_inf = 4.03201864917040264658, ||V_lower^k - V_lower^k-1||_inf = 3.45769452611335648129, delta^k = -3.45769452611335648129
    Local Iteration   3: ||V_upper^k - V_upper^k-1||_inf = 3.86167004175394179555, ||V_lower^k - V_lower^k-1||_inf = 2.87163745922045965386, delta^k = -2.87163745922045965386
    Local Iteration   4: ||V_upper^k - V_upper^k-1||_inf = 3.69879376260296188761, ||V_lower^k - V_lower^k-1||_inf = 2.34385554135681273280, delta^k = -2.34385554135681273280
    Local Iteration   5: ||V_upper^k - V_upper^k-1||_inf = 3.54397155353224402319, ||V_lower^k - V_lower^k-1||_inf = 2.00340112710610629421, delta^k = -2.00340112710610629421
    Local Iteration   6: ||V_upper^k - V_upper^k-1||_inf = 3.40221269139095383593, ||V_lower^k - V_lower^k-1||_inf = 1.71781176726127493559, delta^k = -1.71781176726127493559
    Local Iteration   7: ||V_upper^k - V_upper^k-1||_inf = 3.26612418373531587790, ||V_lower^k - V_lower^k-1||_inf = 1.49160229937788813004, delta^k = -1.49160229937788813004
    Local Iteration   8: ||V_upper^k - V_upper^k-1||_inf = 3.13547921638590310067, ||V_lower^k - V_lower^k-1||_inf = 1.09707026687198450077, delta^k = -1.09707026687198450077
    Local Iteration   9: ||V_upper^k - V_upper^k-1||_inf = 3.01006004773046687006, ||V_lower^k - V_lower^k-1||_inf = 0.84745385136729733944, delta^k = -0.84745385136729733944
    Local Iteration  10: ||V_upper^k - V_upper^k-1||_inf = 2.88965764582124773341, ||V_lower^k - V_lower^k-1||_inf = 0.47032634812166068672, delta^k = -0.47032634812166068672
    Local Iteration  11: ||V_upper^k - V_upper^k-1||_inf = 2.77407133998839761091, ||V_lower^k - V_lower^k-1||_inf = 0.30631468748850504413, delta^k = -0.30631468748850504413
    Local Iteration  12: ||V_upper^k - V_upper^k-1||_inf = 2.66310848638886188411, ||V_lower^k - V_lower^k-1||_inf = 0.25728465944659106857, delta^k = -0.25728465944659106857
    Local Iteration  13: ||V_upper^k - V_upper^k-1||_inf = 2.55658414693330726664, ||V_lower^k - V_lower^k-1||_inf = 0.24699327306872742582, delta^k = -0.24699327306872742582
    Local Iteration  14: ||V_upper^k - V_upper^k-1||_inf = 2.45432078105597506479, ||V_lower^k - V_lower^k-1||_inf = 0.15112061863295389585, delta^k = -0.15112061863295389585
    Local Iteration  15: ||V_upper^k - V_upper^k-1||_inf = 2.35614794981373609772, ||V_lower^k - V_lower^k-1||_inf = 0.10582423692607118015, delta^k = -0.10582423692607118015
    Local Iteration  16: ||V_upper^k - V_upper^k-1||_inf = 2.26190203182118665381, ||V_lower^k - V_lower^k-1||_inf = 0.09016493279527959537, delta^k = -0.09016493279527959537
    Local Iteration  17: ||V_upper^k - V_upper^k-1||_inf = 0.06823829383724011599, ||V_lower^k - V_lower^k-1||_inf = 0.05494070340313705891, delta^k = -0.05494070340313705891
    Local Iteration  18: ||V_upper^k - V_upper^k-1||_inf = 0.06550876208375044918, ||V_lower^k - V_lower^k-1||_inf = 0.03573099066936907819, delta^k = -0.03573099066936907819
    Local Iteration  19: ||V_upper^k - V_upper^k-1||_inf = 0.06288841160040048450, ||V_lower^k - V_lower^k-1||_inf = 0.00000000000000000000, delta^k = 0.00000000000000000000
    Local Iteration  20: ||V_upper^k - V_upper^k-1||_inf = 0.06037287513638434078, ||V_lower^k - V_lower^k-1||_inf = 0.00000000000000000000, delta^k = 0.00000000000000000000
    Local Iteration  21: ||V_upper^k - V_upper^k-1||_inf = 0.05795796013092902044, ||V_lower^k - V_lower^k-1||_inf = 0.00000000000000000000, delta^k = 0.00000000000000000000
    Local Iteration  22: ||V_upper^k - V_upper^k-1||_inf = 0.05563964172569191291, ||V_lower^k - V_lower^k-1||_inf = 0.00000000000000000000, delta^k = 0.00000000000000000000
    Local Iteration  23: ||V_upper^k - V_upper^k-1||_inf = 0.05341405605666427192, ||V_lower^k - V_lower^k-1||_inf = 0.00000000000000000000, delta^k = 0.00000000000000000000
    Local Iteration  24: ||V_upper^k - V_upper^k-1||_inf = 0.05127749381439761223, ||V_lower^k - V_lower^k-1||_inf = 0.00000000000000000000, delta^k = 0.00000000000000000000
    Local Iteration  25: ||V_upper^k - V_upper^k-1||_inf = 0.04922639406182183208, ||V_lower^k - V_lower^k-1||_inf = 0.00000000000000000000, delta^k = 0.00000000000000000000
    Local Iteration  26: ||V_upper^k - V_upper^k-1||_inf = 0.04725733829934886110, ||V_lower^k - V_lower^k-1||_inf = 0.00000000000000000000, delta^k = 0.00000000000000000000
    Local Iteration  27: ||V_upper^k - V_upper^k-1||_inf = 0.04536704476737485336, ||V_lower^k - V_lower^k-1||_inf = 0.00000000000000000000, delta^k = 0.00000000000000000000
    Local Iteration  28: ||V_upper^k - V_upper^k-1||_inf = 0.04355236297667985923, ||V_lower^k - V_lower^k-1||_inf = 0.00000000000000000000, delta^k = 0.00000000000000000000
    Local Iteration  29: ||V_upper^k - V_upper^k-1||_inf = 0.04181026845761270927, ||V_lower^k - V_lower^k-1||_inf = 0.00000000000000000000, delta^k = 0.00000000000000000000
    Local Iteration  30: ||V_upper^k - V_upper^k-1||_inf = 0.04013785771930822310, ||V_lower^k - V_lower^k-1||_inf = 0.00000000000000000000, delta^k = 0.00000000000000000000
    Local Iteration  31: ||V_upper^k - V_upper^k-1||_inf = 0.03853234341053590750, ||V_lower^k - V_lower^k-1||_inf = 0.00000000000000000000, delta^k = 0.00000000000000000000
    Local Iteration  32: ||V_upper^k - V_upper^k-1||_inf = 0.03699104967411448452, ||V_lower^k - V_lower^k-1||_inf = 0.00000000000000000000, delta^k = 0.00000000000000000000
    Local Iteration  33: ||V_upper^k - V_upper^k-1||_inf = 0.03551140768714988738, ||V_lower^k - V_lower^k-1||_inf = 0.00000000000000000000, delta^k = 0.00000000000000000000
    Local Iteration  34: ||V_upper^k - V_upper^k-1||_inf = 0.03409095137966389188, ||V_lower^k - V_lower^k-1||_inf = 0.00000000000000000000, delta^k = 0.00000000000000000000
    Local Iteration  35: ||V_upper^k - V_upper^k-1||_inf = 0.03272731332447731400, ||V_lower^k - V_lower^k-1||_inf = 0.00000000000000000000, delta^k = 0.00000000000000000000
    Local Iteration  36: ||V_upper^k - V_upper^k-1||_inf = 0.03141822079149825253, ||V_lower^k - V_lower^k-1||_inf = 0.00000000000000000000, delta^k = 0.00000000000000000000
    Local Iteration  37: ||V_upper^k - V_upper^k-1||_inf = 0.03016149195983830467, ||V_lower^k - V_lower^k-1||_inf = 0.00000000000000000000, delta^k = 0.00000000000000000000
    Local Iteration  38: ||V_upper^k - V_upper^k-1||_inf = 0.02895503228144480357, ||V_lower^k - V_lower^k-1||_inf = 0.00000000000000000000, delta^k = 0.00000000000000000000
    Local Iteration  39: ||V_upper^k - V_upper^k-1||_inf = 0.02779683099018692705, ||V_lower^k - V_lower^k-1||_inf = 0.00000000000000000000, delta^k = 0.00000000000000000000
    Local Iteration  40: ||V_upper^k - V_upper^k-1||_inf = 0.02668495775057944108, ||V_lower^k - V_lower^k-1||_inf = 0.00000000000000000000, delta^k = 0.00000000000000000000
    Local Iteration  41: ||V_upper^k - V_upper^k-1||_inf = 0.02561755944055632561, ||V_lower^k - V_lower^k-1||_inf = 0.00000000000000000000, delta^k = 0.00000000000000000000
    Local Iteration  42: ||V_upper^k - V_upper^k-1||_inf = 0.02459285706293401486, ||V_lower^k - V_lower^k-1||_inf = 0.00000000000000000000, delta^k = 0.00000000000000000000
    Local Iteration  43: ||V_upper^k - V_upper^k-1||_inf = 0.02360914278041670311, ||V_lower^k - V_lower^k-1||_inf = 0.00000000000000000000, delta^k = 0.00000000000000000000
    Local Iteration  44: ||V_upper^k - V_upper^k-1||_inf = 0.02266477706920000390, ||V_lower^k - V_lower^k-1||_inf = 0.00000000000000000000, delta^k = 0.00000000000000000000
    Local Iteration  45: ||V_upper^k - V_upper^k-1||_inf = 0.02175818598643197710, ||V_lower^k - V_lower^k-1||_inf = 0.00000000000000000000, delta^k = 0.00000000000000000000
    Local Iteration  46: ||V_upper^k - V_upper^k-1||_inf = 0.02088785854697472466, ||V_lower^k - V_lower^k-1||_inf = 0.00000000000000000000, delta^k = 0.00000000000000000000
    Local Iteration  47: ||V_upper^k - V_upper^k-1||_inf = 0.02005234420509577342, ||V_lower^k - V_lower^k-1||_inf = 0.00000000000000000000, delta^k = 0.00000000000000000000
    Local Iteration  48: ||V_upper^k - V_upper^k-1||_inf = 0.01925025043689193582, ||V_lower^k - V_lower^k-1||_inf = 0.00000000000000000000, delta^k = 0.00000000000000000000
    Local Iteration  49: ||V_upper^k - V_upper^k-1||_inf = 0.01848024041941626061, ||V_lower^k - V_lower^k-1||_inf = 0.00000000000000000000, delta^k = 0.00000000000000000000
    Local Iteration  50: ||V_upper^k - V_upper^k-1||_inf = 0.01774103080263961241, ||V_lower^k - V_lower^k-1||_inf = 0.00000000000000000000, delta^k = 0.00000000000000000000
    Local Iteration  51: ||V_upper^k - V_upper^k-1||_inf = 0.01703138957053401681, ||V_lower^k - V_lower^k-1||_inf = 0.00000000000000000000, delta^k = 0.00000000000000000000
    Local Iteration  52: ||V_upper^k - V_upper^k-1||_inf = 0.01635013398771262283, ||V_lower^k - V_lower^k-1||_inf = 0.00000000000000000000, delta^k = 0.00000000000000000000
    Local Iteration  53: ||V_upper^k - V_upper^k-1||_inf = 0.01569612862820413124, ||V_lower^k - V_lower^k-1||_inf = 0.00000000000000000000, delta^k = 0.00000000000000000000
    Local Iteration  54: ||V_upper^k - V_upper^k-1||_inf = 0.01506828348307598375, ||V_lower^k - V_lower^k-1||_inf = 0.00000000000000000000, delta^k = 0.00000000000000000000
    Local Iteration  55: ||V_upper^k - V_upper^k-1||_inf = 0.01446555214375294662, ||V_lower^k - V_lower^k-1||_inf = 0.00000000000000000000, delta^k = 0.00000000000000000000
    Local Iteration  56: ||V_upper^k - V_upper^k-1||_inf = 0.01388693005800284430, ||V_lower^k - V_lower^k-1||_inf = 0.00000000000000000000, delta^k = 0.00000000000000000000
    Local Iteration  57: ||V_upper^k - V_upper^k-1||_inf = 0.01333145285568271277, ||V_lower^k - V_lower^k-1||_inf = 0.00000000000000000000, delta^k = 0.00000000000000000000
    Local Iteration  58: ||V_upper^k - V_upper^k-1||_inf = 0.01279819474145538205, ||V_lower^k - V_lower^k-1||_inf = 0.00000000000000000000, delta^k = 0.00000000000000000000
    Local Iteration  59: ||V_upper^k - V_upper^k-1||_inf = 0.01228626695179718675, ||V_lower^k - V_lower^k-1||_inf = 0.00000000000000000000, delta^k = 0.00000000000000000000
    Local Iteration  60: ||V_upper^k - V_upper^k-1||_inf = 0.01179481627372530594, ||V_lower^k - V_lower^k-1||_inf = 0.00000000000000000000, delta^k = 0.00000000000000000000
    Local Iteration  61: ||V_upper^k - V_upper^k-1||_inf = 0.01132302362277626262, ||V_lower^k - V_lower^k-1||_inf = 0.00000000000000000000, delta^k = 0.00000000000000000000
    Local Iteration  62: ||V_upper^k - V_upper^k-1||_inf = 0.01087010267786520101, ||V_lower^k - V_lower^k-1||_inf = 0.00000000000000000000, delta^k = 0.00000000000000000000
    Local Iteration  63: ||V_upper^k - V_upper^k-1||_inf = 0.01043529857075059519, ||V_lower^k - V_lower^k-1||_inf = 0.00000000000000000000, delta^k = 0.00000000000000000000
    Local Iteration  64: ||V_upper^k - V_upper^k-1||_inf = 0.01001788662792058027, ||V_lower^k - V_lower^k-1||_inf = 0.00000000000000000000, delta^k = 0.00000000000000000000
    Local Iteration  65: ||V_upper^k - V_upper^k-1||_inf = 0.00961717116280377815, ||V_lower^k - V_lower^k-1||_inf = 0.00000000000000000000, delta^k = 0.00000000000000000000
    Local Iteration  66: ||V_upper^k - V_upper^k-1||_inf = 0.00923248431629161703, ||V_lower^k - V_lower^k-1||_inf = 0.00000000000000000000, delta^k = 0.00000000000000000000
    Local Iteration  67: ||V_upper^k - V_upper^k-1||_inf = 0.00886318494363994014, ||V_lower^k - V_lower^k-1||_inf = 0.00000000000000000000, delta^k = 0.00000000000000000000
    Local Iteration  68: ||V_upper^k - V_upper^k-1||_inf = 0.00695390300176851328, ||V_lower^k - V_lower^k-1||_inf = 0.00000000000000000000, delta^k = 0.00000000000000000000
    Local Iteration  69: ||V_upper^k - V_upper^k-1||_inf = 0.00000000000000000000, ||V_lower^k - V_lower^k-1||_inf = 0.00000000000000000000, delta^k = 0.00000000000000000000

============================================================
 CONSERVATIVE STOPPING CONDITION MET (Algorithm 3)
============================================================
  delta^k = 0.0000000000e+00 >= -delta_max
  ||V_upper^k - V_upper^k-1||_inf = 0.0000000000e+00 < 1e-08
  eps_cons = (0.96 * 0.0000000000e+00) / 0.04 = 0.0000000000e+00
  Correcting V_lower for 99812 cells: V_lower <- V_lower - eps_cons - eps_machine
   Conservative correction applied successfully
  Machine epsilon eps_machine = 2.220e-16
    Local VI completed in 69 iterations
    Final convergence values:
      ||V_upper^final - V_upper^prev||_inf = 0.00000000e+00
      ||V_lower^final - V_lower^prev||_inf = 0.00000000e+00
  Local VI completed in 69 iterations, time: 0.435s
    Final ||V_upper^k - V_upper^k-1||_inf = 0.00000000000000000000e+00
    Final ||V_lower^k - V_lower^k-1||_inf = 0.00000000000000000000e+00
  Saved visualization: /Users/i.k.tabbara/Documents/python directory/HSCC_2027/refactored_Implementations/results_hscc_2027_newbellmans_12workers/ra_discount/evasion_res30_eps0.05_dmin1e-08_dmax1e-08_gamma0.96_dt0.3_tau0.3_cons/value_function_phase_2_complete.png
  Phase 2 completed in 0.98s with 99812 leaf cells

Classification after phase 2:
  Safe:              716 cells (  0.7%),    1.4% of state space
  Unsafe:           3560 cells (  3.6%),   10.1% of state space
  Unclassified:    95536 cells ( 95.7%),   88.5% of state space

======================================================================
REFINEMENT PHASE 3
======================================================================
Boundary cells: 95536
  Refinable (>eta_min=0.017678): 95536
  Below threshold: 0
  Cumulative refined: 72812
  Refinable cell size statistics:
    Max:    0.200000
    Mean:   0.200000
    Min:    0.200000
    Median: 0.200000
  Refining 95536 cells...
    Refined: 95536 parent cells
    Created: 191072 child cells
    Total cells: 195348
    Refinement time: 0.006s
    Cumulative refined: 168348
  Rebuilding spatial index...
  Building spatial index for 195348 cells...
   Spatial index built in 0.04s
    Spatial index rebuilt in 0.038s
  Initializing 191072 new cells...
  Initializing 191072 new cells in parallel...
   Initialized in 0.00s (422725663.7 cells/s)
    Initialization completed in 0.000s
  Starting local value iteration...
  Reinitializing ALL 195348 cells (V = l)
   Reinitialized 195348 cells in 0.00s (454429776.1 cells/s)
  Local VI: updating all 195348 cells
    Conservative mode: True
    delta_max: 1e-08
    Max iterations: 1000033
    Updating successor cache for 191072 updated cells...
    Updating successor cache for 191072 new cells (HYBRID)...
      Affected cells: 193306
   Trajectories + spatial queries computed in 0.33s (2906359.3 tasks/s)
    Breakdown: 65.9% ODE, 34.1% queries
     Cache updated in 0.36s (2651568.9 tasks/s)
    Local Iteration   1: ||V_upper^k - V_upper^k-1||_inf = 4.20931542882058806754, ||V_lower^k - V_lower^k-1||_inf = 4.05788196003132384249, delta^k = -4.05788196003132384249
    Local Iteration   2: ||V_upper^k - V_upper^k-1||_inf = 4.03773893565113883852, ||V_lower^k - V_lower^k-1||_inf = 3.75980217964225360561, delta^k = -3.75980217964225360561
    Local Iteration   3: ||V_upper^k - V_upper^k-1||_inf = 3.87622937822509339156, ||V_lower^k - V_lower^k-1||_inf = 3.28420183515711183730, delta^k = -3.28420183515711183730
    Local Iteration   4: ||V_upper^k - V_upper^k-1||_inf = 3.72118020309608921181, ||V_lower^k - V_lower^k-1||_inf = 2.96455142863041221091, delta^k = -2.96455142863041221091
    Local Iteration   5: ||V_upper^k - V_upper^k-1||_inf = 3.57233299497224576768, ||V_lower^k - V_lower^k-1||_inf = 2.66644848367836573289, delta^k = -2.66644848367836573289
    Local Iteration   6: ||V_upper^k - V_upper^k-1||_inf = 3.42943967517335579487, ||V_lower^k - V_lower^k-1||_inf = 2.40489830196433507226, delta^k = -2.40489830196433507226
    Local Iteration   7: ||V_upper^k - V_upper^k-1||_inf = 3.29226208816642174071, ||V_lower^k - V_lower^k-1||_inf = 2.24066207539823158967, delta^k = -2.24066207539823158967
    Local Iteration   8: ||V_upper^k - V_upper^k-1||_inf = 3.16057160463976494214, ||V_lower^k - V_lower^k-1||_inf = 2.05625375069797433625, delta^k = -2.05625375069797433625
    Local Iteration   9: ||V_upper^k - V_upper^k-1||_inf = 3.03414874045417448656, ||V_lower^k - V_lower^k-1||_inf = 1.91298372807499106329, delta^k = -1.91298372807499106329
    Local Iteration  10: ||V_upper^k - V_upper^k-1||_inf = 2.91278279083600732946, ||V_lower^k - V_lower^k-1||_inf = 1.77217041726200807972, delta^k = -1.77217041726200807972
    Local Iteration  11: ||V_upper^k - V_upper^k-1||_inf = 2.79627147920256646785, ||V_lower^k - V_lower^k-1||_inf = 1.62243090902053443969, delta^k = -1.62243090902053443969
    Local Iteration  12: ||V_upper^k - V_upper^k-1||_inf = 2.68442062003446402230, ||V_lower^k - V_lower^k-1||_inf = 1.51705384511210095155, delta^k = -1.51705384511210095155
    Local Iteration  13: ||V_upper^k - V_upper^k-1||_inf = 2.56736427318868187797, ||V_lower^k - V_lower^k-1||_inf = 1.38102157122058022409, delta^k = -1.38102157122058022409
    Local Iteration  14: ||V_upper^k - V_upper^k-1||_inf = 2.46466970226113435416, ||V_lower^k - V_lower^k-1||_inf = 1.27304869298815814815, delta^k = -1.27304869298815814815
    Local Iteration  15: ||V_upper^k - V_upper^k-1||_inf = 2.36608291417068894447, ||V_lower^k - V_lower^k-1||_inf = 1.17595488113584378809, delta^k = -1.17595488113584378809
    Local Iteration  16: ||V_upper^k - V_upper^k-1||_inf = 2.27143959760386149327, ||V_lower^k - V_lower^k-1||_inf = 1.10397694660332001959, delta^k = -1.10397694660332001959
    Local Iteration  17: ||V_upper^k - V_upper^k-1||_inf = 2.18058201369970694472, ||V_lower^k - V_lower^k-1||_inf = 0.97165118383033899363, delta^k = -0.97165118383033899363
    Local Iteration  18: ||V_upper^k - V_upper^k-1||_inf = 2.09335873315171827613, ||V_lower^k - V_lower^k-1||_inf = 0.91753756960215637761, delta^k = -0.91753756960215637761
    Local Iteration  19: ||V_upper^k - V_upper^k-1||_inf = 2.00962438382564956285, ||V_lower^k - V_lower^k-1||_inf = 0.81402783659996091892, delta^k = -0.81402783659996091892
    Local Iteration  20: ||V_upper^k - V_upper^k-1||_inf = 1.92923940847262365139, ||V_lower^k - V_lower^k-1||_inf = 0.51016107474555072443, delta^k = -0.51016107474555072443
    Local Iteration  21: ||V_upper^k - V_upper^k-1||_inf = 1.85206983213371834118, ||V_lower^k - V_lower^k-1||_inf = 0.37469481336956361739, delta^k = -0.37469481336956361739
    Local Iteration  22: ||V_upper^k - V_upper^k-1||_inf = 1.77798703884836961642, ||V_lower^k - V_lower^k-1||_inf = 0.35754465782634214932, delta^k = -0.35754465782634214932
    Local Iteration  23: ||V_upper^k - V_upper^k-1||_inf = 1.70686755729443495611, ||V_lower^k - V_lower^k-1||_inf = 0.34106017712099134798, delta^k = -0.34106017712099134798
    Local Iteration  24: ||V_upper^k - V_upper^k-1||_inf = 1.63859285500265738911, ||V_lower^k - V_lower^k-1||_inf = 0.32741777003615168962, delta^k = -0.32741777003615168962
    Local Iteration  25: ||V_upper^k - V_upper^k-1||_inf = 1.57304914080255109354, ||V_lower^k - V_lower^k-1||_inf = 0.31432105923470565756, delta^k = -0.31432105923470565756
    Local Iteration  26: ||V_upper^k - V_upper^k-1||_inf = 1.51012717517044903204, ||V_lower^k - V_lower^k-1||_inf = 0.30174821686531744236, delta^k = -0.30174821686531744236
    Local Iteration  27: ||V_upper^k - V_upper^k-1||_inf = 1.44972208816363101747, ||V_lower^k - V_lower^k-1||_inf = 0.28967828819070468027, delta^k = -0.28967828819070468027
    Local Iteration  28: ||V_upper^k - V_upper^k-1||_inf = 0.04312497568059292519, ||V_lower^k - V_lower^k-1||_inf = 0.24704571803243385864, delta^k = -0.24704571803243385864
    Local Iteration  29: ||V_upper^k - V_upper^k-1||_inf = 0.04139997665336936361, ||V_lower^k - V_lower^k-1||_inf = 0.22611196568660710260, delta^k = -0.22611196568660710260
    Local Iteration  30: ||V_upper^k - V_upper^k-1||_inf = 0.03974397758723458018, ||V_lower^k - V_lower^k-1||_inf = 0.21706748705914280517, delta^k = -0.21706748705914280517
    Local Iteration  31: ||V_upper^k - V_upper^k-1||_inf = 0.03815421848374511704, ||V_lower^k - V_lower^k-1||_inf = 0.20838478757677708630, delta^k = -0.20838478757677708630
    Local Iteration  32: ||V_upper^k - V_upper^k-1||_inf = 0.03662804974439537453, ||V_lower^k - V_lower^k-1||_inf = 0.20004939607370600396, delta^k = -0.20004939607370600396
    Local Iteration  33: ||V_upper^k - V_upper^k-1||_inf = 0.03516292775461948850, ||V_lower^k - V_lower^k-1||_inf = 0.18903788530539783475, delta^k = -0.18903788530539783475
    Local Iteration  34: ||V_upper^k - V_upper^k-1||_inf = 0.03375641064443479777, ||V_lower^k - V_lower^k-1||_inf = 0.18147636989318194356, delta^k = -0.18147636989318194356
    Local Iteration  35: ||V_upper^k - V_upper^k-1||_inf = 0.03240615421865733481, ||V_lower^k - V_lower^k-1||_inf = 0.17421731509745463917, delta^k = -0.17421731509745463917
    Local Iteration  36: ||V_upper^k - V_upper^k-1||_inf = 0.03110990804991109471, ||V_lower^k - V_lower^k-1||_inf = 0.16724862249355643140, delta^k = -0.16724862249355643140
    Local Iteration  37: ||V_upper^k - V_upper^k-1||_inf = 0.02986551172791462871, ||V_lower^k - V_lower^k-1||_inf = 0.16055867759381420301, delta^k = -0.16055867759381420301
    Local Iteration  38: ||V_upper^k - V_upper^k-1||_inf = 0.02867089125879807021, ||V_lower^k - V_lower^k-1||_inf = 0.15162204713385341037, delta^k = -0.15162204713385341037
    Local Iteration  39: ||V_upper^k - V_upper^k-1||_inf = 0.02752405560844606303, ||V_lower^k - V_lower^k-1||_inf = 0.12400314622158031819, delta^k = -0.12400314622158031819
    Local Iteration  40: ||V_upper^k - V_upper^k-1||_inf = 0.02642309338410830932, ||V_lower^k - V_lower^k-1||_inf = 0.11694937388615059271, delta^k = -0.11694937388615059271
    Local Iteration  41: ||V_upper^k - V_upper^k-1||_inf = 0.02536616964874394142, ||V_lower^k - V_lower^k-1||_inf = 0.10673030918437036163, delta^k = -0.10673030918437036163
    Local Iteration  42: ||V_upper^k - V_upper^k-1||_inf = 0.02435152286279418377, ||V_lower^k - V_lower^k-1||_inf = 0.10246109681699554217, delta^k = -0.10246109681699554217
    Local Iteration  43: ||V_upper^k - V_upper^k-1||_inf = 0.02337746194828238533, ||V_lower^k - V_lower^k-1||_inf = 0.09836265294431573158, delta^k = -0.09836265294431573158
    Local Iteration  44: ||V_upper^k - V_upper^k-1||_inf = 0.02244236347035111212, ||V_lower^k - V_lower^k-1||_inf = 0.09442814682654310232, delta^k = -0.09442814682654310232
    Local Iteration  45: ||V_upper^k - V_upper^k-1||_inf = 0.02154466893153705875, ||V_lower^k - V_lower^k-1||_inf = 0.09065102095348137601, delta^k = -0.09065102095348137601
    Local Iteration  46: ||V_upper^k - V_upper^k-1||_inf = 0.02068288217427560749, ||V_lower^k - V_lower^k-1||_inf = 0.08702498011534212652, delta^k = -0.08702498011534212652
    Local Iteration  47: ||V_upper^k - V_upper^k-1||_inf = 0.01985556688730455432, ||V_lower^k - V_lower^k-1||_inf = 0.08354398091072842703, delta^k = -0.08354398091072842703
    Local Iteration  48: ||V_upper^k - V_upper^k-1||_inf = 0.01906134421181238103, ||V_lower^k - V_lower^k-1||_inf = 0.08020222167429927329, delta^k = -0.08020222167429927329
    Local Iteration  49: ||V_upper^k - V_upper^k-1||_inf = 0.01829889044333987691, ||V_lower^k - V_lower^k-1||_inf = 0.07699413280732730902, delta^k = -0.07699413280732730902
    Local Iteration  50: ||V_upper^k - V_upper^k-1||_inf = 0.01756693482560628405, ||V_lower^k - V_lower^k-1||_inf = 0.07022095254174309797, delta^k = -0.07022095254174309797
    Local Iteration  51: ||V_upper^k - V_upper^k-1||_inf = 0.01686425743258201937, ||V_lower^k - V_lower^k-1||_inf = 0.06741211444007337572, delta^k = -0.06741211444007337572
    Local Iteration  52: ||V_upper^k - V_upper^k-1||_inf = 0.01618968713527874081, ||V_lower^k - V_lower^k-1||_inf = 0.06471562986247043903, delta^k = -0.06471562986247043903
    Local Iteration  53: ||V_upper^k - V_upper^k-1||_inf = 0.01554209964986758008, ||V_lower^k - V_lower^k-1||_inf = 0.05863533421026476122, delta^k = -0.05863533421026476122
    Local Iteration  54: ||V_upper^k - V_upper^k-1||_inf = 0.01492041566387292129, ||V_lower^k - V_lower^k-1||_inf = 0.05330190887905489339, delta^k = -0.05330190887905489339
    Local Iteration  55: ||V_upper^k - V_upper^k-1||_inf = 0.01432359903731800221, ||V_lower^k - V_lower^k-1||_inf = 0.04312101149024846758, delta^k = -0.04312101149024846758
    Local Iteration  56: ||V_upper^k - V_upper^k-1||_inf = 0.01375065507582523550, ||V_lower^k - V_lower^k-1||_inf = 0.04139617103063853581, delta^k = -0.04139617103063853581
    Local Iteration  57: ||V_upper^k - V_upper^k-1||_inf = 0.01320062887279221941, ||V_lower^k - V_lower^k-1||_inf = 0.01438012556596235392, delta^k = -0.01438012556596235392
    Local Iteration  58: ||V_upper^k - V_upper^k-1||_inf = 0.01267260371788053730, ||V_lower^k - V_lower^k-1||_inf = 0.00000000000000000000, delta^k = 0.00000000000000000000
    Local Iteration  59: ||V_upper^k - V_upper^k-1||_inf = 0.01216569956916535578, ||V_lower^k - V_lower^k-1||_inf = 0.00000000000000000000, delta^k = 0.00000000000000000000
    Local Iteration  60: ||V_upper^k - V_upper^k-1||_inf = 0.01167907158639874821, ||V_lower^k - V_lower^k-1||_inf = 0.00000000000000000000, delta^k = 0.00000000000000000000
    Local Iteration  61: ||V_upper^k - V_upper^k-1||_inf = 0.01121190872294275387, ||V_lower^k - V_lower^k-1||_inf = 0.00000000000000000000, delta^k = 0.00000000000000000000
    Local Iteration  62: ||V_upper^k - V_upper^k-1||_inf = 0.01076343237402505038, ||V_lower^k - V_lower^k-1||_inf = 0.00000000000000000000, delta^k = 0.00000000000000000000
    Local Iteration  63: ||V_upper^k - V_upper^k-1||_inf = 0.01033289507906406945, ||V_lower^k - V_lower^k-1||_inf = 0.00000000000000000000, delta^k = 0.00000000000000000000
    Local Iteration  64: ||V_upper^k - V_upper^k-1||_inf = 0.00991957927590150779, ||V_lower^k - V_lower^k-1||_inf = 0.00000000000000000000, delta^k = 0.00000000000000000000
    Local Iteration  65: ||V_upper^k - V_upper^k-1||_inf = 0.00952279610486542194, ||V_lower^k - V_lower^k-1||_inf = 0.00000000000000000000, delta^k = 0.00000000000000000000
    Local Iteration  66: ||V_upper^k - V_upper^k-1||_inf = 0.00914188426067080728, ||V_lower^k - V_lower^k-1||_inf = 0.00000000000000000000, delta^k = 0.00000000000000000000
    Local Iteration  67: ||V_upper^k - V_upper^k-1||_inf = 0.00877620889024399720, ||V_lower^k - V_lower^k-1||_inf = 0.00000000000000000000, delta^k = 0.00000000000000000000
    Local Iteration  68: ||V_upper^k - V_upper^k-1||_inf = 0.00842516053463421288, ||V_lower^k - V_lower^k-1||_inf = 0.00000000000000000000, delta^k = 0.00000000000000000000
    Local Iteration  69: ||V_upper^k - V_upper^k-1||_inf = 0.00808815411324884104, ||V_lower^k - V_lower^k-1||_inf = 0.00000000000000000000, delta^k = 0.00000000000000000000
    Local Iteration  70: ||V_upper^k - V_upper^k-1||_inf = 0.00776462794871890516, ||V_lower^k - V_lower^k-1||_inf = 0.00000000000000000000, delta^k = 0.00000000000000000000
    Local Iteration  71: ||V_upper^k - V_upper^k-1||_inf = 0.00745404283077014118, ||V_lower^k - V_lower^k-1||_inf = 0.00000000000000000000, delta^k = 0.00000000000000000000
    Local Iteration  72: ||V_upper^k - V_upper^k-1||_inf = 0.00715588111753934220, ||V_lower^k - V_lower^k-1||_inf = 0.00000000000000000000, delta^k = 0.00000000000000000000
    Local Iteration  73: ||V_upper^k - V_upper^k-1||_inf = 0.00686964587283775407, ||V_lower^k - V_lower^k-1||_inf = 0.00000000000000000000, delta^k = 0.00000000000000000000
    Local Iteration  74: ||V_upper^k - V_upper^k-1||_inf = 0.00659486003792425501, ||V_lower^k - V_lower^k-1||_inf = 0.00000000000000000000, delta^k = 0.00000000000000000000
    Local Iteration  75: ||V_upper^k - V_upper^k-1||_inf = 0.00633106563640728481, ||V_lower^k - V_lower^k-1||_inf = 0.00000000000000000000, delta^k = 0.00000000000000000000
    Local Iteration  76: ||V_upper^k - V_upper^k-1||_inf = 0.00607782301095100008, ||V_lower^k - V_lower^k-1||_inf = 0.00000000000000000000, delta^k = 0.00000000000000000000
    Local Iteration  77: ||V_upper^k - V_upper^k-1||_inf = 0.00583471009051295120, ||V_lower^k - V_lower^k-1||_inf = 0.00000000000000000000, delta^k = 0.00000000000000000000
    Local Iteration  78: ||V_upper^k - V_upper^k-1||_inf = 0.00560132168689242427, ||V_lower^k - V_lower^k-1||_inf = 0.00000000000000000000, delta^k = 0.00000000000000000000
    Local Iteration  79: ||V_upper^k - V_upper^k-1||_inf = 0.00537726881941674728, ||V_lower^k - V_lower^k-1||_inf = 0.00000000000000000000, delta^k = 0.00000000000000000000
    Local Iteration  80: ||V_upper^k - V_upper^k-1||_inf = 0.00516217806664007184, ||V_lower^k - V_lower^k-1||_inf = 0.00000000000000000000, delta^k = 0.00000000000000000000
    Local Iteration  81: ||V_upper^k - V_upper^k-1||_inf = 0.00495569094397446674, ||V_lower^k - V_lower^k-1||_inf = 0.00000000000000000000, delta^k = 0.00000000000000000000
    Local Iteration  82: ||V_upper^k - V_upper^k-1||_inf = 0.00475746330621548696, ||V_lower^k - V_lower^k-1||_inf = 0.00000000000000000000, delta^k = 0.00000000000000000000
    Local Iteration  83: ||V_upper^k - V_upper^k-1||_inf = 0.00456716477396686138, ||V_lower^k - V_lower^k-1||_inf = 0.00000000000000000000, delta^k = 0.00000000000000000000
    Local Iteration  84: ||V_upper^k - V_upper^k-1||_inf = 0.00438447818300818914, ||V_lower^k - V_lower^k-1||_inf = 0.00000000000000000000, delta^k = 0.00000000000000000000
    Local Iteration  85: ||V_upper^k - V_upper^k-1||_inf = 0.00420909905568786491, ||V_lower^k - V_lower^k-1||_inf = 0.00000000000000000000, delta^k = 0.00000000000000000000
    Local Iteration  86: ||V_upper^k - V_upper^k-1||_inf = 0.00404073509346035420, ||V_lower^k - V_lower^k-1||_inf = 0.00000000000000000000, delta^k = 0.00000000000000000000
    Local Iteration  87: ||V_upper^k - V_upper^k-1||_inf = 0.00387910568972194003, ||V_lower^k - V_lower^k-1||_inf = 0.00000000000000000000, delta^k = 0.00000000000000000000
    Local Iteration  88: ||V_upper^k - V_upper^k-1||_inf = 0.00372394146213306243, ||V_lower^k - V_lower^k-1||_inf = 0.00000000000000000000, delta^k = 0.00000000000000000000
    Local Iteration  89: ||V_upper^k - V_upper^k-1||_inf = 0.00357498380364773549, ||V_lower^k - V_lower^k-1||_inf = 0.00000000000000000000, delta^k = 0.00000000000000000000
    Local Iteration  90: ||V_upper^k - V_upper^k-1||_inf = 0.00343198445150182108, ||V_lower^k - V_lower^k-1||_inf = 0.00000000000000000000, delta^k = 0.00000000000000000000
    Local Iteration  91: ||V_upper^k - V_upper^k-1||_inf = 0.00329470507344174768, ||V_lower^k - V_lower^k-1||_inf = 0.00000000000000000000, delta^k = 0.00000000000000000000
    Local Iteration  92: ||V_upper^k - V_upper^k-1||_inf = 0.00316291687050408721, ||V_lower^k - V_lower^k-1||_inf = 0.00000000000000000000, delta^k = 0.00000000000000000000
    Local Iteration  93: ||V_upper^k - V_upper^k-1||_inf = 0.00303640019568392205, ||V_lower^k - V_lower^k-1||_inf = 0.00000000000000000000, delta^k = 0.00000000000000000000
    Local Iteration  94: ||V_upper^k - V_upper^k-1||_inf = 0.00291494418785656628, ||V_lower^k - V_lower^k-1||_inf = 0.00000000000000000000, delta^k = 0.00000000000000000000
    Local Iteration  95: ||V_upper^k - V_upper^k-1||_inf = 0.00279834642034229586, ||V_lower^k - V_lower^k-1||_inf = 0.00000000000000000000, delta^k = 0.00000000000000000000
    Local Iteration  96: ||V_upper^k - V_upper^k-1||_inf = 0.00268641256352861180, ||V_lower^k - V_lower^k-1||_inf = 0.00000000000000000000, delta^k = 0.00000000000000000000
    Local Iteration  97: ||V_upper^k - V_upper^k-1||_inf = 0.00257895606098745844, ||V_lower^k - V_lower^k-1||_inf = 0.00000000000000000000, delta^k = 0.00000000000000000000
    Local Iteration  98: ||V_upper^k - V_upper^k-1||_inf = 0.00247579781854796038, ||V_lower^k - V_lower^k-1||_inf = 0.00000000000000000000, delta^k = 0.00000000000000000000
    Local Iteration  99: ||V_upper^k - V_upper^k-1||_inf = 0.00237676590580604419, ||V_lower^k - V_lower^k-1||_inf = 0.00000000000000000000, delta^k = 0.00000000000000000000
    Local Iteration 100: ||V_upper^k - V_upper^k-1||_inf = 0.00228169526957380103, ||V_lower^k - V_lower^k-1||_inf = 0.00000000000000000000, delta^k = 0.00000000000000000000
    Local Iteration 101: ||V_upper^k - V_upper^k-1||_inf = 0.00219042745879084733, ||V_lower^k - V_lower^k-1||_inf = 0.00000000000000000000, delta^k = 0.00000000000000000000
    Local Iteration 102: ||V_upper^k - V_upper^k-1||_inf = 0.00210281036043921676, ||V_lower^k - V_lower^k-1||_inf = 0.00000000000000000000, delta^k = 0.00000000000000000000
    Local Iteration 103: ||V_upper^k - V_upper^k-1||_inf = 0.00201869794602164976, ||V_lower^k - V_lower^k-1||_inf = 0.00000000000000000000, delta^k = 0.00000000000000000000
    Local Iteration 104: ||V_upper^k - V_upper^k-1||_inf = 0.00193795002818077794, ||V_lower^k - V_lower^k-1||_inf = 0.00000000000000000000, delta^k = 0.00000000000000000000
    Local Iteration 105: ||V_upper^k - V_upper^k-1||_inf = 0.00186043202705354904, ||V_lower^k - V_lower^k-1||_inf = 0.00000000000000000000, delta^k = 0.00000000000000000000
    Local Iteration 106: ||V_upper^k - V_upper^k-1||_inf = 0.00178601474597140514, ||V_lower^k - V_lower^k-1||_inf = 0.00000000000000000000, delta^k = 0.00000000000000000000
    Local Iteration 107: ||V_upper^k - V_upper^k-1||_inf = 0.00171457415613255476, ||V_lower^k - V_lower^k-1||_inf = 0.00000000000000000000, delta^k = 0.00000000000000000000
    Local Iteration 108: ||V_upper^k - V_upper^k-1||_inf = 0.00164599118988725118, ||V_lower^k - V_lower^k-1||_inf = 0.00000000000000000000, delta^k = 0.00000000000000000000
    Local Iteration 109: ||V_upper^k - V_upper^k-1||_inf = 0.00158015154229176197, ||V_lower^k - V_lower^k-1||_inf = 0.00000000000000000000, delta^k = 0.00000000000000000000
    Local Iteration 110: ||V_upper^k - V_upper^k-1||_inf = 0.00151694548060008622, ||V_lower^k - V_lower^k-1||_inf = 0.00000000000000000000, delta^k = 0.00000000000000000000
    Local Iteration 111: ||V_upper^k - V_upper^k-1||_inf = 0.00145626766137608304, ||V_lower^k - V_lower^k-1||_inf = 0.00000000000000000000, delta^k = 0.00000000000000000000
    Local Iteration 112: ||V_upper^k - V_upper^k-1||_inf = 0.00139801695492104000, ||V_lower^k - V_lower^k-1||_inf = 0.00000000000000000000, delta^k = 0.00000000000000000000
    Local Iteration 113: ||V_upper^k - V_upper^k-1||_inf = 0.00134209627672420007, ||V_lower^k - V_lower^k-1||_inf = 0.00000000000000000000, delta^k = 0.00000000000000000000
    Local Iteration 114: ||V_upper^k - V_upper^k-1||_inf = 0.00128841242565523248, ||V_lower^k - V_lower^k-1||_inf = 0.00000000000000000000, delta^k = 0.00000000000000000000
    Local Iteration 115: ||V_upper^k - V_upper^k-1||_inf = 0.00123687592862902276, ||V_lower^k - V_lower^k-1||_inf = 0.00000000000000000000, delta^k = 0.00000000000000000000
    Local Iteration 116: ||V_upper^k - V_upper^k-1||_inf = 0.00118740089148386060, ||V_lower^k - V_lower^k-1||_inf = 0.00000000000000000000, delta^k = 0.00000000000000000000
    Local Iteration 117: ||V_upper^k - V_upper^k-1||_inf = 0.00113990485582450563, ||V_lower^k - V_lower^k-1||_inf = 0.00000000000000000000, delta^k = 0.00000000000000000000
    Local Iteration 118: ||V_upper^k - V_upper^k-1||_inf = 0.00109430866159152679, ||V_lower^k - V_lower^k-1||_inf = 0.00000000000000000000, delta^k = 0.00000000000000000000
    Local Iteration 119: ||V_upper^k - V_upper^k-1||_inf = 0.00105053631512786599, ||V_lower^k - V_lower^k-1||_inf = 0.00000000000000000000, delta^k = 0.00000000000000000000
    Local Iteration 120: ||V_upper^k - V_upper^k-1||_inf = 0.00100851486252274969, ||V_lower^k - V_lower^k-1||_inf = 0.00000000000000000000, delta^k = 0.00000000000000000000
    Local Iteration 121: ||V_upper^k - V_upper^k-1||_inf = 0.00096817426802183956, ||V_lower^k - V_lower^k-1||_inf = 0.00000000000000000000, delta^k = 0.00000000000000000000
    Local Iteration 122: ||V_upper^k - V_upper^k-1||_inf = 0.00092944729730096848, ||V_lower^k - V_lower^k-1||_inf = 0.00000000000000000000, delta^k = 0.00000000000000000000
    Local Iteration 123: ||V_upper^k - V_upper^k-1||_inf = 0.00089226940540892974, ||V_lower^k - V_lower^k-1||_inf = 0.00000000000000000000, delta^k = 0.00000000000000000000
    Local Iteration 124: ||V_upper^k - V_upper^k-1||_inf = 0.00085657862919257324, ||V_lower^k - V_lower^k-1||_inf = 0.00000000000000000000, delta^k = 0.00000000000000000000
    Local Iteration 125: ||V_upper^k - V_upper^k-1||_inf = 0.00082231548402486934, ||V_lower^k - V_lower^k-1||_inf = 0.00000000000000000000, delta^k = 0.00000000000000000000
    Local Iteration 126: ||V_upper^k - V_upper^k-1||_inf = 0.00078942286466387318, ||V_lower^k - V_lower^k-1||_inf = 0.00000000000000000000, delta^k = 0.00000000000000000000
    Local Iteration 127: ||V_upper^k - V_upper^k-1||_inf = 0.00075784595007731895, ||V_lower^k - V_lower^k-1||_inf = 0.00000000000000000000, delta^k = 0.00000000000000000000
    Local Iteration 128: ||V_upper^k - V_upper^k-1||_inf = 0.00072753211207422785, ||V_lower^k - V_lower^k-1||_inf = 0.00000000000000000000, delta^k = 0.00000000000000000000
    Local Iteration 129: ||V_upper^k - V_upper^k-1||_inf = 0.00069843082759125583, ||V_lower^k - V_lower^k-1||_inf = 0.00000000000000000000, delta^k = 0.00000000000000000000
    Local Iteration 130: ||V_upper^k - V_upper^k-1||_inf = 0.00067049359448760615, ||V_lower^k - V_lower^k-1||_inf = 0.00000000000000000000, delta^k = 0.00000000000000000000
    Local Iteration 131: ||V_upper^k - V_upper^k-1||_inf = 0.00064367385070810204, ||V_lower^k - V_lower^k-1||_inf = 0.00000000000000000000, delta^k = 0.00000000000000000000
    Local Iteration 132: ||V_upper^k - V_upper^k-1||_inf = 0.00061792689667977858, ||V_lower^k - V_lower^k-1||_inf = 0.00000000000000000000, delta^k = 0.00000000000000000000
    Local Iteration 133: ||V_upper^k - V_upper^k-1||_inf = 0.00059320982081258709, ||V_lower^k - V_lower^k-1||_inf = 0.00000000000000000000, delta^k = 0.00000000000000000000
    Local Iteration 134: ||V_upper^k - V_upper^k-1||_inf = 0.00056948142798008382, ||V_lower^k - V_lower^k-1||_inf = 0.00000000000000000000, delta^k = 0.00000000000000000000
    Local Iteration 135: ||V_upper^k - V_upper^k-1||_inf = 0.00054670217086088060, ||V_lower^k - V_lower^k-1||_inf = 0.00000000000000000000, delta^k = 0.00000000000000000000
    Local Iteration 136: ||V_upper^k - V_upper^k-1||_inf = 0.00052483408402644559, ||V_lower^k - V_lower^k-1||_inf = 0.00000000000000000000, delta^k = 0.00000000000000000000
    Local Iteration 137: ||V_upper^k - V_upper^k-1||_inf = 0.00050384072066538693, ||V_lower^k - V_lower^k-1||_inf = 0.00000000000000000000, delta^k = 0.00000000000000000000
    Local Iteration 138: ||V_upper^k - V_upper^k-1||_inf = 0.00048368709183877097, ||V_lower^k - V_lower^k-1||_inf = 0.00000000000000000000, delta^k = 0.00000000000000000000
    Local Iteration 139: ||V_upper^k - V_upper^k-1||_inf = 0.00046433960816522069, ||V_lower^k - V_lower^k-1||_inf = 0.00000000000000000000, delta^k = 0.00000000000000000000
    Local Iteration 140: ||V_upper^k - V_upper^k-1||_inf = 0.00044576602383861186, ||V_lower^k - V_lower^k-1||_inf = 0.00000000000000000000, delta^k = 0.00000000000000000000
    Local Iteration 141: ||V_upper^k - V_upper^k-1||_inf = 0.00042793538288506822, ||V_lower^k - V_lower^k-1||_inf = 0.00000000000000000000, delta^k = 0.00000000000000000000
    Local Iteration 142: ||V_upper^k - V_upper^k-1||_inf = 0.00041081796756966410, ||V_lower^k - V_lower^k-1||_inf = 0.00000000000000000000, delta^k = 0.00000000000000000000
    Local Iteration 143: ||V_upper^k - V_upper^k-1||_inf = 0.00039438524886687906, ||V_lower^k - V_lower^k-1||_inf = 0.00000000000000000000, delta^k = 0.00000000000000000000
    Local Iteration 144: ||V_upper^k - V_upper^k-1||_inf = 0.00037860983891220383, ||V_lower^k - V_lower^k-1||_inf = 0.00000000000000000000, delta^k = 0.00000000000000000000
    Local Iteration 145: ||V_upper^k - V_upper^k-1||_inf = 0.00036346544535571443, ||V_lower^k - V_lower^k-1||_inf = 0.00000000000000000000, delta^k = 0.00000000000000000000
    Local Iteration 146: ||V_upper^k - V_upper^k-1||_inf = 0.00034892682754148613, ||V_lower^k - V_lower^k-1||_inf = 0.00000000000000000000, delta^k = 0.00000000000000000000
    Local Iteration 147: ||V_upper^k - V_upper^k-1||_inf = 0.00033496975443982752, ||V_lower^k - V_lower^k-1||_inf = 0.00000000000000000000, delta^k = 0.00000000000000000000
    Local Iteration 148: ||V_upper^k - V_upper^k-1||_inf = 0.00032157096426223362, ||V_lower^k - V_lower^k-1||_inf = 0.00000000000000000000, delta^k = 0.00000000000000000000
    Local Iteration 149: ||V_upper^k - V_upper^k-1||_inf = 0.00030870812569174476, ||V_lower^k - V_lower^k-1||_inf = 0.00000000000000000000, delta^k = 0.00000000000000000000
    Local Iteration 150: ||V_upper^k - V_upper^k-1||_inf = 0.00029635980066407448, ||V_lower^k - V_lower^k-1||_inf = 0.00000000000000000000, delta^k = 0.00000000000000000000
    Local Iteration 151: ||V_upper^k - V_upper^k-1||_inf = 0.00028450540863751185, ||V_lower^k - V_lower^k-1||_inf = 0.00000000000000000000, delta^k = 0.00000000000000000000
    Local Iteration 152: ||V_upper^k - V_upper^k-1||_inf = 0.00027312519229201124, ||V_lower^k - V_lower^k-1||_inf = 0.00000000000000000000, delta^k = 0.00000000000000000000
    Local Iteration 153: ||V_upper^k - V_upper^k-1||_inf = 0.00026220018460033044, ||V_lower^k - V_lower^k-1||_inf = 0.00000000000000000000, delta^k = 0.00000000000000000000
    Local Iteration 154: ||V_upper^k - V_upper^k-1||_inf = 0.00025171217721631743, ||V_lower^k - V_lower^k-1||_inf = 0.00000000000000000000, delta^k = 0.00000000000000000000
    Local Iteration 155: ||V_upper^k - V_upper^k-1||_inf = 0.00024164369012766480, ||V_lower^k - V_lower^k-1||_inf = 0.00000000000000000000, delta^k = 0.00000000000000000000
    Local Iteration 156: ||V_upper^k - V_upper^k-1||_inf = 0.00023197794252255780, ||V_lower^k - V_lower^k-1||_inf = 0.00000000000000000000, delta^k = 0.00000000000000000000
    Local Iteration 157: ||V_upper^k - V_upper^k-1||_inf = 0.00022269882482165576, ||V_lower^k - V_lower^k-1||_inf = 0.00000000000000000000, delta^k = 0.00000000000000000000
    Local Iteration 158: ||V_upper^k - V_upper^k-1||_inf = 0.00021379087182878988, ||V_lower^k - V_lower^k-1||_inf = 0.00000000000000000000, delta^k = 0.00000000000000000000
    Local Iteration 159: ||V_upper^k - V_upper^k-1||_inf = 0.00020523923695563769, ||V_lower^k - V_lower^k-1||_inf = 0.00000000000000000000, delta^k = 0.00000000000000000000
    Local Iteration 160: ||V_upper^k - V_upper^k-1||_inf = 0.00019702966747741236, ||V_lower^k - V_lower^k-1||_inf = 0.00000000000000000000, delta^k = 0.00000000000000000000
    Local Iteration 161: ||V_upper^k - V_upper^k-1||_inf = 0.00018914848077831569, ||V_lower^k - V_lower^k-1||_inf = 0.00000000000000000000, delta^k = 0.00000000000000000000
    Local Iteration 162: ||V_upper^k - V_upper^k-1||_inf = 0.00018158254154718341, ||V_lower^k - V_lower^k-1||_inf = 0.00000000000000000000, delta^k = 0.00000000000000000000
    Local Iteration 163: ||V_upper^k - V_upper^k-1||_inf = 0.00017431923988529569, ||V_lower^k - V_lower^k-1||_inf = 0.00000000000000000000, delta^k = 0.00000000000000000000
    Local Iteration 164: ||V_upper^k - V_upper^k-1||_inf = 0.00016734647028988393, ||V_lower^k - V_lower^k-1||_inf = 0.00000000000000000000, delta^k = 0.00000000000000000000
    Local Iteration 165: ||V_upper^k - V_upper^k-1||_inf = 0.00016065261147828885, ||V_lower^k - V_lower^k-1||_inf = 0.00000000000000000000, delta^k = 0.00000000000000000000
    Local Iteration 166: ||V_upper^k - V_upper^k-1||_inf = 0.00015422650701915706, ||V_lower^k - V_lower^k-1||_inf = 0.00000000000000000000, delta^k = 0.00000000000000000000
    Local Iteration 167: ||V_upper^k - V_upper^k-1||_inf = 0.00014805744673839112, ||V_lower^k - V_lower^k-1||_inf = 0.00000000000000000000, delta^k = 0.00000000000000000000
    Local Iteration 168: ||V_upper^k - V_upper^k-1||_inf = 0.00014213514886885544, ||V_lower^k - V_lower^k-1||_inf = 0.00000000000000000000, delta^k = 0.00000000000000000000
    Local Iteration 169: ||V_upper^k - V_upper^k-1||_inf = 0.00013644974291410119, ||V_lower^k - V_lower^k-1||_inf = 0.00000000000000000000, delta^k = 0.00000000000000000000
    Local Iteration 170: ||V_upper^k - V_upper^k-1||_inf = 0.00013099175319753690, ||V_lower^k - V_lower^k-1||_inf = 0.00000000000000000000, delta^k = 0.00000000000000000000
    Local Iteration 171: ||V_upper^k - V_upper^k-1||_inf = 0.00012575208306963561, ||V_lower^k - V_lower^k-1||_inf = 0.00000000000000000000, delta^k = 0.00000000000000000000
    Local Iteration 172: ||V_upper^k - V_upper^k-1||_inf = 0.00012072199974685026, ||V_lower^k - V_lower^k-1||_inf = 0.00000000000000000000, delta^k = 0.00000000000000000000
    Local Iteration 173: ||V_upper^k - V_upper^k-1||_inf = 0.00011589311975697620, ||V_lower^k - V_lower^k-1||_inf = 0.00000000000000000000, delta^k = 0.00000000000000000000
    Local Iteration 174: ||V_upper^k - V_upper^k-1||_inf = 0.00011125739496669696, ||V_lower^k - V_lower^k-1||_inf = 0.00000000000000000000, delta^k = 0.00000000000000000000
    Local Iteration 175: ||V_upper^k - V_upper^k-1||_inf = 0.00010680709916802925, ||V_lower^k - V_lower^k-1||_inf = 0.00000000000000000000, delta^k = 0.00000000000000000000
    Local Iteration 176: ||V_upper^k - V_upper^k-1||_inf = 0.00010253481520130798, ||V_lower^k - V_lower^k-1||_inf = 0.00000000000000000000, delta^k = 0.00000000000000000000
    Local Iteration 177: ||V_upper^k - V_upper^k-1||_inf = 0.00009843342259325573, ||V_lower^k - V_lower^k-1||_inf = 0.00000000000000000000, delta^k = 0.00000000000000000000
    Local Iteration 178: ||V_upper^k - V_upper^k-1||_inf = 0.00009449608568952526, ||V_lower^k - V_lower^k-1||_inf = 0.00000000000000000000, delta^k = 0.00000000000000000000
    Local Iteration 179: ||V_upper^k - V_upper^k-1||_inf = 0.00009071624226194425, ||V_lower^k - V_lower^k-1||_inf = 0.00000000000000000000, delta^k = 0.00000000000000000000
    Local Iteration 180: ||V_upper^k - V_upper^k-1||_inf = 0.00008708759257146674, ||V_lower^k - V_lower^k-1||_inf = 0.00000000000000000000, delta^k = 0.00000000000000000000
    Local Iteration 181: ||V_upper^k - V_upper^k-1||_inf = 0.00008360408886860793, ||V_lower^k - V_lower^k-1||_inf = 0.00000000000000000000, delta^k = 0.00000000000000000000
    Local Iteration 182: ||V_upper^k - V_upper^k-1||_inf = 0.00008025992531386357, ||V_lower^k - V_lower^k-1||_inf = 0.00000000000000000000, delta^k = 0.00000000000000000000
    Local Iteration 183: ||V_upper^k - V_upper^k-1||_inf = 0.00007704952830130899, ||V_lower^k - V_lower^k-1||_inf = 0.00000000000000000000, delta^k = 0.00000000000000000000
    Local Iteration 184: ||V_upper^k - V_upper^k-1||_inf = 0.00007396754716925661, ||V_lower^k - V_lower^k-1||_inf = 0.00000000000000000000, delta^k = 0.00000000000000000000
    Local Iteration 185: ||V_upper^k - V_upper^k-1||_inf = 0.00007100884528248638, ||V_lower^k - V_lower^k-1||_inf = 0.00000000000000000000, delta^k = 0.00000000000000000000
    Local Iteration 186: ||V_upper^k - V_upper^k-1||_inf = 0.00006816849147118706, ||V_lower^k - V_lower^k-1||_inf = 0.00000000000000000000, delta^k = 0.00000000000000000000
    Local Iteration 187: ||V_upper^k - V_upper^k-1||_inf = 0.00006544175181233945, ||V_lower^k - V_lower^k-1||_inf = 0.00000000000000000000, delta^k = 0.00000000000000000000
    Local Iteration 188: ||V_upper^k - V_upper^k-1||_inf = 0.00006282408173984596, ||V_lower^k - V_lower^k-1||_inf = 0.00000000000000000000, delta^k = 0.00000000000000000000
    Local Iteration 189: ||V_upper^k - V_upper^k-1||_inf = 0.00006031111847025201, ||V_lower^k - V_lower^k-1||_inf = 0.00000000000000000000, delta^k = 0.00000000000000000000
    Local Iteration 190: ||V_upper^k - V_upper^k-1||_inf = 0.00005789867373144197, ||V_lower^k - V_lower^k-1||_inf = 0.00000000000000000000, delta^k = 0.00000000000000000000
    Local Iteration 191: ||V_upper^k - V_upper^k-1||_inf = 0.00005558272678218433, ||V_lower^k - V_lower^k-1||_inf = 0.00000000000000000000, delta^k = 0.00000000000000000000
    Local Iteration 192: ||V_upper^k - V_upper^k-1||_inf = 0.00005335941771089691, ||V_lower^k - V_lower^k-1||_inf = 0.00000000000000000000, delta^k = 0.00000000000000000000
    Local Iteration 193: ||V_upper^k - V_upper^k-1||_inf = 0.00005122504100246099, ||V_lower^k - V_lower^k-1||_inf = 0.00000000000000000000, delta^k = 0.00000000000000000000
    Local Iteration 194: ||V_upper^k - V_upper^k-1||_inf = 0.00004917603936236271, ||V_lower^k - V_lower^k-1||_inf = 0.00000000000000000000, delta^k = 0.00000000000000000000
    Local Iteration 195: ||V_upper^k - V_upper^k-1||_inf = 0.00004720899778786814, ||V_lower^k - V_lower^k-1||_inf = 0.00000000000000000000, delta^k = 0.00000000000000000000
    Local Iteration 196: ||V_upper^k - V_upper^k-1||_inf = 0.00004532063787635347, ||V_lower^k - V_lower^k-1||_inf = 0.00000000000000000000, delta^k = 0.00000000000000000000
    Local Iteration 197: ||V_upper^k - V_upper^k-1||_inf = 0.00004350781236129924, ||V_lower^k - V_lower^k-1||_inf = 0.00000000000000000000, delta^k = 0.00000000000000000000
    Local Iteration 198: ||V_upper^k - V_upper^k-1||_inf = 0.00004176749986684720, ||V_lower^k - V_lower^k-1||_inf = 0.00000000000000000000, delta^k = 0.00000000000000000000
    Local Iteration 199: ||V_upper^k - V_upper^k-1||_inf = 0.00004009679987217337, ||V_lower^k - V_lower^k-1||_inf = 0.00000000000000000000, delta^k = 0.00000000000000000000
    Local Iteration 200: ||V_upper^k - V_upper^k-1||_inf = 0.00003849292787728640, ||V_lower^k - V_lower^k-1||_inf = 0.00000000000000000000, delta^k = 0.00000000000000000000
    Local Iteration 201: ||V_upper^k - V_upper^k-1||_inf = 0.00003695321076219497, ||V_lower^k - V_lower^k-1||_inf = 0.00000000000000000000, delta^k = 0.00000000000000000000
    Local Iteration 202: ||V_upper^k - V_upper^k-1||_inf = 0.00003547508233170719, ||V_lower^k - V_lower^k-1||_inf = 0.00000000000000000000, delta^k = 0.00000000000000000000
    Local Iteration 203: ||V_upper^k - V_upper^k-1||_inf = 0.00003405607903843885, ||V_lower^k - V_lower^k-1||_inf = 0.00000000000000000000, delta^k = 0.00000000000000000000
    Local Iteration 204: ||V_upper^k - V_upper^k-1||_inf = 0.00003269383587690131, ||V_lower^k - V_lower^k-1||_inf = 0.00000000000000000000, delta^k = 0.00000000000000000000
    Local Iteration 205: ||V_upper^k - V_upper^k-1||_inf = 0.00003138608244182529, ||V_lower^k - V_lower^k-1||_inf = 0.00000000000000000000, delta^k = 0.00000000000000000000
    Local Iteration 206: ||V_upper^k - V_upper^k-1||_inf = 0.00003013063914415227, ||V_lower^k - V_lower^k-1||_inf = 0.00000000000000000000, delta^k = 0.00000000000000000000
    Local Iteration 207: ||V_upper^k - V_upper^k-1||_inf = 0.00002892541357838623, ||V_lower^k - V_lower^k-1||_inf = 0.00000000000000000000, delta^k = 0.00000000000000000000
    Local Iteration 208: ||V_upper^k - V_upper^k-1||_inf = 0.00002776839703525077, ||V_lower^k - V_lower^k-1||_inf = 0.00000000000000000000, delta^k = 0.00000000000000000000
    Local Iteration 209: ||V_upper^k - V_upper^k-1||_inf = 0.00002665766115384069, ||V_lower^k - V_lower^k-1||_inf = 0.00000000000000000000, delta^k = 0.00000000000000000000
    Local Iteration 210: ||V_upper^k - V_upper^k-1||_inf = 0.00002559135470768710, ||V_lower^k - V_lower^k-1||_inf = 0.00000000000000000000, delta^k = 0.00000000000000000000
    Local Iteration 211: ||V_upper^k - V_upper^k-1||_inf = 0.00002456770051937956, ||V_lower^k - V_lower^k-1||_inf = 0.00000000000000000000, delta^k = 0.00000000000000000000
    Local Iteration 212: ||V_upper^k - V_upper^k-1||_inf = 0.00002358499249860446, ||V_lower^k - V_lower^k-1||_inf = 0.00000000000000000000, delta^k = 0.00000000000000000000
    Local Iteration 213: ||V_upper^k - V_upper^k-1||_inf = 0.00002264159279866021, ||V_lower^k - V_lower^k-1||_inf = 0.00000000000000000000, delta^k = 0.00000000000000000000
    Local Iteration 214: ||V_upper^k - V_upper^k-1||_inf = 0.00002173592908671386, ||V_lower^k - V_lower^k-1||_inf = 0.00000000000000000000, delta^k = 0.00000000000000000000
    Local Iteration 215: ||V_upper^k - V_upper^k-1||_inf = 0.00002086649192324522, ||V_lower^k - V_lower^k-1||_inf = 0.00000000000000000000, delta^k = 0.00000000000000000000
    Local Iteration 216: ||V_upper^k - V_upper^k-1||_inf = 0.00002003183224631543, ||V_lower^k - V_lower^k-1||_inf = 0.00000000000000000000, delta^k = 0.00000000000000000000
    Local Iteration 217: ||V_upper^k - V_upper^k-1||_inf = 0.00001923055895646284, ||V_lower^k - V_lower^k-1||_inf = 0.00000000000000000000, delta^k = 0.00000000000000000000
    Local Iteration 218: ||V_upper^k - V_upper^k-1||_inf = 0.00001846133659820433, ||V_lower^k - V_lower^k-1||_inf = 0.00000000000000000000, delta^k = 0.00000000000000000000
    Local Iteration 219: ||V_upper^k - V_upper^k-1||_inf = 0.00001772288313427612, ||V_lower^k - V_lower^k-1||_inf = 0.00000000000000000000, delta^k = 0.00000000000000000000
    Local Iteration 220: ||V_upper^k - V_upper^k-1||_inf = 0.00001701396780890509, ||V_lower^k - V_lower^k-1||_inf = 0.00000000000000000000, delta^k = 0.00000000000000000000
    Local Iteration 221: ||V_upper^k - V_upper^k-1||_inf = 0.00001633340909654889, ||V_lower^k - V_lower^k-1||_inf = 0.00000000000000000000, delta^k = 0.00000000000000000000
    Local Iteration 222: ||V_upper^k - V_upper^k-1||_inf = 0.00001568007273268696, ||V_lower^k - V_lower^k-1||_inf = 0.00000000000000000000, delta^k = 0.00000000000000000000
    Local Iteration 223: ||V_upper^k - V_upper^k-1||_inf = 0.00001505286982337944, ||V_lower^k - V_lower^k-1||_inf = 0.00000000000000000000, delta^k = 0.00000000000000000000
    Local Iteration 224: ||V_upper^k - V_upper^k-1||_inf = 0.00001445075503044431, ||V_lower^k - V_lower^k-1||_inf = 0.00000000000000000000, delta^k = 0.00000000000000000000
    Local Iteration 225: ||V_upper^k - V_upper^k-1||_inf = 0.00001387272482922648, ||V_lower^k - V_lower^k-1||_inf = 0.00000000000000000000, delta^k = 0.00000000000000000000
    Local Iteration 226: ||V_upper^k - V_upper^k-1||_inf = 0.00001331781583605745, ||V_lower^k - V_lower^k-1||_inf = 0.00000000000000000000, delta^k = 0.00000000000000000000
    Local Iteration 227: ||V_upper^k - V_upper^k-1||_inf = 0.00001278510320261515, ||V_lower^k - V_lower^k-1||_inf = 0.00000000000000000000, delta^k = 0.00000000000000000000
    Local Iteration 228: ||V_upper^k - V_upper^k-1||_inf = 0.00001227369907451056, ||V_lower^k - V_lower^k-1||_inf = 0.00000000000000000000, delta^k = 0.00000000000000000000
    Local Iteration 229: ||V_upper^k - V_upper^k-1||_inf = 0.00001178275111153013, ||V_lower^k - V_lower^k-1||_inf = 0.00000000000000000000, delta^k = 0.00000000000000000000
    Local Iteration 230: ||V_upper^k - V_upper^k-1||_inf = 0.00001131144106706890, ||V_lower^k - V_lower^k-1||_inf = 0.00000000000000000000, delta^k = 0.00000000000000000000
    Local Iteration 231: ||V_upper^k - V_upper^k-1||_inf = 0.00001085898342438618, ||V_lower^k - V_lower^k-1||_inf = 0.00000000000000000000, delta^k = 0.00000000000000000000
    Local Iteration 232: ||V_upper^k - V_upper^k-1||_inf = 0.00001042462408741069, ||V_lower^k - V_lower^k-1||_inf = 0.00000000000000000000, delta^k = 0.00000000000000000000
    Local Iteration 233: ||V_upper^k - V_upper^k-1||_inf = 0.00001000763912391427, ||V_lower^k - V_lower^k-1||_inf = 0.00000000000000000000, delta^k = 0.00000000000000000000
    Local Iteration 234: ||V_upper^k - V_upper^k-1||_inf = 0.00000960733355895771, ||V_lower^k - V_lower^k-1||_inf = 0.00000000000000000000, delta^k = 0.00000000000000000000
    Local Iteration 235: ||V_upper^k - V_upper^k-1||_inf = 0.00000922304021659941, ||V_lower^k - V_lower^k-1||_inf = 0.00000000000000000000, delta^k = 0.00000000000000000000
    Local Iteration 236: ||V_upper^k - V_upper^k-1||_inf = 0.00000885411860793544, ||V_lower^k - V_lower^k-1||_inf = 0.00000000000000000000, delta^k = 0.00000000000000000000
    Local Iteration 237: ||V_upper^k - V_upper^k-1||_inf = 0.00000849995386361800, ||V_lower^k - V_lower^k-1||_inf = 0.00000000000000000000, delta^k = 0.00000000000000000000
    Local Iteration 238: ||V_upper^k - V_upper^k-1||_inf = 0.00000815995570907328, ||V_lower^k - V_lower^k-1||_inf = 0.00000000000000000000, delta^k = 0.00000000000000000000
    Local Iteration 239: ||V_upper^k - V_upper^k-1||_inf = 0.00000783355748071036, ||V_lower^k - V_lower^k-1||_inf = 0.00000000000000000000, delta^k = 0.00000000000000000000
    Local Iteration 240: ||V_upper^k - V_upper^k-1||_inf = 0.00000752021518148194, ||V_lower^k - V_lower^k-1||_inf = 0.00000000000000000000, delta^k = 0.00000000000000000000
    Local Iteration 241: ||V_upper^k - V_upper^k-1||_inf = 0.00000721940657422265, ||V_lower^k - V_lower^k-1||_inf = 0.00000000000000000000, delta^k = 0.00000000000000000000
    Local Iteration 242: ||V_upper^k - V_upper^k-1||_inf = 0.00000693063031125376, ||V_lower^k - V_lower^k-1||_inf = 0.00000000000000000000, delta^k = 0.00000000000000000000
    Local Iteration 243: ||V_upper^k - V_upper^k-1||_inf = 0.00000665340509880362, ||V_lower^k - V_lower^k-1||_inf = 0.00000000000000000000, delta^k = 0.00000000000000000000
    Local Iteration 244: ||V_upper^k - V_upper^k-1||_inf = 0.00000638726889485146, ||V_lower^k - V_lower^k-1||_inf = 0.00000000000000000000, delta^k = 0.00000000000000000000
    Local Iteration 245: ||V_upper^k - V_upper^k-1||_inf = 0.00000613177813905741, ||V_lower^k - V_lower^k-1||_inf = 0.00000000000000000000, delta^k = 0.00000000000000000000
    Local Iteration 246: ||V_upper^k - V_upper^k-1||_inf = 0.00000588650701349510, ||V_lower^k - V_lower^k-1||_inf = 0.00000000000000000000, delta^k = 0.00000000000000000000
    Local Iteration 247: ||V_upper^k - V_upper^k-1||_inf = 0.00000565104673295531, ||V_lower^k - V_lower^k-1||_inf = 0.00000000000000000000, delta^k = 0.00000000000000000000
    Local Iteration 248: ||V_upper^k - V_upper^k-1||_inf = 0.00000542500486363709, ||V_lower^k - V_lower^k-1||_inf = 0.00000000000000000000, delta^k = 0.00000000000000000000
    Local Iteration 249: ||V_upper^k - V_upper^k-1||_inf = 0.00000520800466909162, ||V_lower^k - V_lower^k-1||_inf = 0.00000000000000000000, delta^k = 0.00000000000000000000
    Local Iteration 250: ||V_upper^k - V_upper^k-1||_inf = 0.00000499968448232794, ||V_lower^k - V_lower^k-1||_inf = 0.00000000000000000000, delta^k = 0.00000000000000000000
    Local Iteration 251: ||V_upper^k - V_upper^k-1||_inf = 0.00000479969710303482, ||V_lower^k - V_lower^k-1||_inf = 0.00000000000000000000, delta^k = 0.00000000000000000000
    Local Iteration 252: ||V_upper^k - V_upper^k-1||_inf = 0.00000460770921891343, ||V_lower^k - V_lower^k-1||_inf = 0.00000000000000000000, delta^k = 0.00000000000000000000
    Local Iteration 253: ||V_upper^k - V_upper^k-1||_inf = 0.00000442340085015690, ||V_lower^k - V_lower^k-1||_inf = 0.00000000000000000000, delta^k = 0.00000000000000000000
    Local Iteration 254: ||V_upper^k - V_upper^k-1||_inf = 0.00000424646481615062, ||V_lower^k - V_lower^k-1||_inf = 0.00000000000000000000, delta^k = 0.00000000000000000000
    Local Iteration 255: ||V_upper^k - V_upper^k-1||_inf = 0.00000407660622350459, ||V_lower^k - V_lower^k-1||_inf = 0.00000000000000000000, delta^k = 0.00000000000000000000
    Local Iteration 256: ||V_upper^k - V_upper^k-1||_inf = 0.00000391354197456440, ||V_lower^k - V_lower^k-1||_inf = 0.00000000000000000000, delta^k = 0.00000000000000000000
    Local Iteration 257: ||V_upper^k - V_upper^k-1||_inf = 0.00000375700029558184, ||V_lower^k - V_lower^k-1||_inf = 0.00000000000000000000, delta^k = 0.00000000000000000000
    Local Iteration 258: ||V_upper^k - V_upper^k-1||_inf = 0.00000360672028375856, ||V_lower^k - V_lower^k-1||_inf = 0.00000000000000000000, delta^k = 0.00000000000000000000
    Local Iteration 259: ||V_upper^k - V_upper^k-1||_inf = 0.00000346245147240822, ||V_lower^k - V_lower^k-1||_inf = 0.00000000000000000000, delta^k = 0.00000000000000000000
    Local Iteration 260: ||V_upper^k - V_upper^k-1||_inf = 0.00000332395341351189, ||V_lower^k - V_lower^k-1||_inf = 0.00000000000000000000, delta^k = 0.00000000000000000000
    Local Iteration 261: ||V_upper^k - V_upper^k-1||_inf = 0.00000319099527697141, ||V_lower^k - V_lower^k-1||_inf = 0.00000000000000000000, delta^k = 0.00000000000000000000
    Local Iteration 262: ||V_upper^k - V_upper^k-1||_inf = 0.00000306335546589255, ||V_lower^k - V_lower^k-1||_inf = 0.00000000000000000000, delta^k = 0.00000000000000000000
    Local Iteration 263: ||V_upper^k - V_upper^k-1||_inf = 0.00000294082124725685, ||V_lower^k - V_lower^k-1||_inf = 0.00000000000000000000, delta^k = 0.00000000000000000000
    Local Iteration 264: ||V_upper^k - V_upper^k-1||_inf = 0.00000282318839736658, ||V_lower^k - V_lower^k-1||_inf = 0.00000000000000000000, delta^k = 0.00000000000000000000
    Local Iteration 265: ||V_upper^k - V_upper^k-1||_inf = 0.00000271026086147192, ||V_lower^k - V_lower^k-1||_inf = 0.00000000000000000000, delta^k = 0.00000000000000000000
    Local Iteration 266: ||V_upper^k - V_upper^k-1||_inf = 0.00000260185042701304, ||V_lower^k - V_lower^k-1||_inf = 0.00000000000000000000, delta^k = 0.00000000000000000000
    Local Iteration 267: ||V_upper^k - V_upper^k-1||_inf = 0.00000249777640993252, ||V_lower^k - V_lower^k-1||_inf = 0.00000000000000000000, delta^k = 0.00000000000000000000
    Local Iteration 268: ||V_upper^k - V_upper^k-1||_inf = 0.00000239786535353522, ||V_lower^k - V_lower^k-1||_inf = 0.00000000000000000000, delta^k = 0.00000000000000000000
    Local Iteration 269: ||V_upper^k - V_upper^k-1||_inf = 0.00000230195073939381, ||V_lower^k - V_lower^k-1||_inf = 0.00000000000000000000, delta^k = 0.00000000000000000000
    Local Iteration 270: ||V_upper^k - V_upper^k-1||_inf = 0.00000220987270981806, ||V_lower^k - V_lower^k-1||_inf = 0.00000000000000000000, delta^k = 0.00000000000000000000
    Local Iteration 271: ||V_upper^k - V_upper^k-1||_inf = 0.00000212147780142533, ||V_lower^k - V_lower^k-1||_inf = 0.00000000000000000000, delta^k = 0.00000000000000000000
    Local Iteration 272: ||V_upper^k - V_upper^k-1||_inf = 0.00000203661868936832, ||V_lower^k - V_lower^k-1||_inf = 0.00000000000000000000, delta^k = 0.00000000000000000000
    Local Iteration 273: ||V_upper^k - V_upper^k-1||_inf = 0.00000195515394179359, ||V_lower^k - V_lower^k-1||_inf = 0.00000000000000000000, delta^k = 0.00000000000000000000
    Local Iteration 274: ||V_upper^k - V_upper^k-1||_inf = 0.00000187694778412184, ||V_lower^k - V_lower^k-1||_inf = 0.00000000000000000000, delta^k = 0.00000000000000000000
    Local Iteration 275: ||V_upper^k - V_upper^k-1||_inf = 0.00000180186987275697, ||V_lower^k - V_lower^k-1||_inf = 0.00000000000000000000, delta^k = 0.00000000000000000000
    Local Iteration 276: ||V_upper^k - V_upper^k-1||_inf = 0.00000172979507784669, ||V_lower^k - V_lower^k-1||_inf = 0.00000000000000000000, delta^k = 0.00000000000000000000
    Local Iteration 277: ||V_upper^k - V_upper^k-1||_inf = 0.00000166060327473282, ||V_lower^k - V_lower^k-1||_inf = 0.00000000000000000000, delta^k = 0.00000000000000000000
    Local Iteration 278: ||V_upper^k - V_upper^k-1||_inf = 0.00000159417914374351, ||V_lower^k - V_lower^k-1||_inf = 0.00000000000000000000, delta^k = 0.00000000000000000000
    Local Iteration 279: ||V_upper^k - V_upper^k-1||_inf = 0.00000153041197799377, ||V_lower^k - V_lower^k-1||_inf = 0.00000000000000000000, delta^k = 0.00000000000000000000
    Local Iteration 280: ||V_upper^k - V_upper^k-1||_inf = 0.00000146919549887402, ||V_lower^k - V_lower^k-1||_inf = 0.00000000000000000000, delta^k = 0.00000000000000000000
    Local Iteration 281: ||V_upper^k - V_upper^k-1||_inf = 0.00000141042767891906, ||V_lower^k - V_lower^k-1||_inf = 0.00000000000000000000, delta^k = 0.00000000000000000000
    Local Iteration 282: ||V_upper^k - V_upper^k-1||_inf = 0.00000135401057176230, ||V_lower^k - V_lower^k-1||_inf = 0.00000000000000000000, delta^k = 0.00000000000000000000
    Local Iteration 283: ||V_upper^k - V_upper^k-1||_inf = 0.00000129985014889180, ||V_lower^k - V_lower^k-1||_inf = 0.00000000000000000000, delta^k = 0.00000000000000000000
    Local Iteration 284: ||V_upper^k - V_upper^k-1||_inf = 0.00000124785614293613, ||V_lower^k - V_lower^k-1||_inf = 0.00000000000000000000, delta^k = 0.00000000000000000000
    Local Iteration 285: ||V_upper^k - V_upper^k-1||_inf = 0.00000119794189721869, ||V_lower^k - V_lower^k-1||_inf = 0.00000000000000000000, delta^k = 0.00000000000000000000
    Local Iteration 286: ||V_upper^k - V_upper^k-1||_inf = 0.00000115002422132994, ||V_lower^k - V_lower^k-1||_inf = 0.00000000000000000000, delta^k = 0.00000000000000000000
    Local Iteration 287: ||V_upper^k - V_upper^k-1||_inf = 0.00000110402325247674, ||V_lower^k - V_lower^k-1||_inf = 0.00000000000000000000, delta^k = 0.00000000000000000000
    Local Iteration 288: ||V_upper^k - V_upper^k-1||_inf = 0.00000105986232237767, ||V_lower^k - V_lower^k-1||_inf = 0.00000000000000000000, delta^k = 0.00000000000000000000
    Local Iteration 289: ||V_upper^k - V_upper^k-1||_inf = 0.00000101746782948256, ||V_lower^k - V_lower^k-1||_inf = 0.00000000000000000000, delta^k = 0.00000000000000000000
    Local Iteration 290: ||V_upper^k - V_upper^k-1||_inf = 0.00000097676911630326, ||V_lower^k - V_lower^k-1||_inf = 0.00000000000000000000, delta^k = 0.00000000000000000000
    Local Iteration 291: ||V_upper^k - V_upper^k-1||_inf = 0.00000093769835165113, ||V_lower^k - V_lower^k-1||_inf = 0.00000000000000000000, delta^k = 0.00000000000000000000
    Local Iteration 292: ||V_upper^k - V_upper^k-1||_inf = 0.00000090019041758509, ||V_lower^k - V_lower^k-1||_inf = 0.00000000000000000000, delta^k = 0.00000000000000000000
    Local Iteration 293: ||V_upper^k - V_upper^k-1||_inf = 0.00000086418280088168, ||V_lower^k - V_lower^k-1||_inf = 0.00000000000000000000, delta^k = 0.00000000000000000000
    Local Iteration 294: ||V_upper^k - V_upper^k-1||_inf = 0.00000082961548884641, ||V_lower^k - V_lower^k-1||_inf = 0.00000000000000000000, delta^k = 0.00000000000000000000
    Local Iteration 295: ||V_upper^k - V_upper^k-1||_inf = 0.00000079643086929256, ||V_lower^k - V_lower^k-1||_inf = 0.00000000000000000000, delta^k = 0.00000000000000000000
    Local Iteration 296: ||V_upper^k - V_upper^k-1||_inf = 0.00000076457363452086, ||V_lower^k - V_lower^k-1||_inf = 0.00000000000000000000, delta^k = 0.00000000000000000000
    Local Iteration 297: ||V_upper^k - V_upper^k-1||_inf = 0.00000073399068914002, ||V_lower^k - V_lower^k-1||_inf = 0.00000000000000000000, delta^k = 0.00000000000000000000
    Local Iteration 298: ||V_upper^k - V_upper^k-1||_inf = 0.00000070463106157442, ||V_lower^k - V_lower^k-1||_inf = 0.00000000000000000000, delta^k = 0.00000000000000000000
    Local Iteration 299: ||V_upper^k - V_upper^k-1||_inf = 0.00000067644581911144, ||V_lower^k - V_lower^k-1||_inf = 0.00000000000000000000, delta^k = 0.00000000000000000000
    Local Iteration 300: ||V_upper^k - V_upper^k-1||_inf = 0.00000064938798634699, ||V_lower^k - V_lower^k-1||_inf = 0.00000000000000000000, delta^k = 0.00000000000000000000
    Local Iteration 301: ||V_upper^k - V_upper^k-1||_inf = 0.00000062341246689311, ||V_lower^k - V_lower^k-1||_inf = 0.00000000000000000000, delta^k = 0.00000000000000000000
    Local Iteration 302: ||V_upper^k - V_upper^k-1||_inf = 0.00000059847596821738, ||V_lower^k - V_lower^k-1||_inf = 0.00000000000000000000, delta^k = 0.00000000000000000000
    Local Iteration 303: ||V_upper^k - V_upper^k-1||_inf = 0.00000057453692948869, ||V_lower^k - V_lower^k-1||_inf = 0.00000000000000000000, delta^k = 0.00000000000000000000
    Local Iteration 304: ||V_upper^k - V_upper^k-1||_inf = 0.00000055155545230914, ||V_lower^k - V_lower^k-1||_inf = 0.00000000000000000000, delta^k = 0.00000000000000000000
    Local Iteration 305: ||V_upper^k - V_upper^k-1||_inf = 0.00000052949323421677, ||V_lower^k - V_lower^k-1||_inf = 0.00000000000000000000, delta^k = 0.00000000000000000000
    Local Iteration 306: ||V_upper^k - V_upper^k-1||_inf = 0.00000050831350484810, ||V_lower^k - V_lower^k-1||_inf = 0.00000000000000000000, delta^k = 0.00000000000000000000
    Local Iteration 307: ||V_upper^k - V_upper^k-1||_inf = 0.00000048798096465418, ||V_lower^k - V_lower^k-1||_inf = 0.00000000000000000000, delta^k = 0.00000000000000000000
    Local Iteration 308: ||V_upper^k - V_upper^k-1||_inf = 0.00000046846172606801, ||V_lower^k - V_lower^k-1||_inf = 0.00000000000000000000, delta^k = 0.00000000000000000000
    Local Iteration 309: ||V_upper^k - V_upper^k-1||_inf = 0.00000044972325702529, ||V_lower^k - V_lower^k-1||_inf = 0.00000000000000000000, delta^k = 0.00000000000000000000
    Local Iteration 310: ||V_upper^k - V_upper^k-1||_inf = 0.00000043173432674428, ||V_lower^k - V_lower^k-1||_inf = 0.00000000000000000000, delta^k = 0.00000000000000000000
    Local Iteration 311: ||V_upper^k - V_upper^k-1||_inf = 0.00000041446495367451, ||V_lower^k - V_lower^k-1||_inf = 0.00000000000000000000, delta^k = 0.00000000000000000000
    Local Iteration 312: ||V_upper^k - V_upper^k-1||_inf = 0.00000039788635552753, ||V_lower^k - V_lower^k-1||_inf = 0.00000000000000000000, delta^k = 0.00000000000000000000
    Local Iteration 313: ||V_upper^k - V_upper^k-1||_inf = 0.00000038197090130643, ||V_lower^k - V_lower^k-1||_inf = 0.00000000000000000000, delta^k = 0.00000000000000000000
    Local Iteration 314: ||V_upper^k - V_upper^k-1||_inf = 0.00000036669206525417, ||V_lower^k - V_lower^k-1||_inf = 0.00000000000000000000, delta^k = 0.00000000000000000000
    Local Iteration 315: ||V_upper^k - V_upper^k-1||_inf = 0.00000035202438264400, ||V_lower^k - V_lower^k-1||_inf = 0.00000000000000000000, delta^k = 0.00000000000000000000
    Local Iteration 316: ||V_upper^k - V_upper^k-1||_inf = 0.00000033794340733824, ||V_lower^k - V_lower^k-1||_inf = 0.00000000000000000000, delta^k = 0.00000000000000000000
    Local Iteration 317: ||V_upper^k - V_upper^k-1||_inf = 0.00000032442567104471, ||V_lower^k - V_lower^k-1||_inf = 0.00000000000000000000, delta^k = 0.00000000000000000000
    Local Iteration 318: ||V_upper^k - V_upper^k-1||_inf = 0.00000031144864420293, ||V_lower^k - V_lower^k-1||_inf = 0.00000000000000000000, delta^k = 0.00000000000000000000
    Local Iteration 319: ||V_upper^k - V_upper^k-1||_inf = 0.00000029899069843481, ||V_lower^k - V_lower^k-1||_inf = 0.00000000000000000000, delta^k = 0.00000000000000000000
    Local Iteration 320: ||V_upper^k - V_upper^k-1||_inf = 0.00000028703107049742, ||V_lower^k - V_lower^k-1||_inf = 0.00000000000000000000, delta^k = 0.00000000000000000000
    Local Iteration 321: ||V_upper^k - V_upper^k-1||_inf = 0.00000027554982767752, ||V_lower^k - V_lower^k-1||_inf = 0.00000000000000000000, delta^k = 0.00000000000000000000
    Local Iteration 322: ||V_upper^k - V_upper^k-1||_inf = 0.00000026452783457042, ||V_lower^k - V_lower^k-1||_inf = 0.00000000000000000000, delta^k = 0.00000000000000000000
    Local Iteration 323: ||V_upper^k - V_upper^k-1||_inf = 0.00000025394672118760, ||V_lower^k - V_lower^k-1||_inf = 0.00000000000000000000, delta^k = 0.00000000000000000000
    Local Iteration 324: ||V_upper^k - V_upper^k-1||_inf = 0.00000024378885234010, ||V_lower^k - V_lower^k-1||_inf = 0.00000000000000000000, delta^k = 0.00000000000000000000
    Local Iteration 325: ||V_upper^k - V_upper^k-1||_inf = 0.00000023403729824649, ||V_lower^k - V_lower^k-1||_inf = 0.00000000000000000000, delta^k = 0.00000000000000000000
    Local Iteration 326: ||V_upper^k - V_upper^k-1||_inf = 0.00000022467580631663, ||V_lower^k - V_lower^k-1||_inf = 0.00000000000000000000, delta^k = 0.00000000000000000000
    Local Iteration 327: ||V_upper^k - V_upper^k-1||_inf = 0.00000021568877406397, ||V_lower^k - V_lower^k-1||_inf = 0.00000000000000000000, delta^k = 0.00000000000000000000
    Local Iteration 328: ||V_upper^k - V_upper^k-1||_inf = 0.00000020706122310141, ||V_lower^k - V_lower^k-1||_inf = 0.00000000000000000000, delta^k = 0.00000000000000000000
    Local Iteration 329: ||V_upper^k - V_upper^k-1||_inf = 0.00000019877877417735, ||V_lower^k - V_lower^k-1||_inf = 0.00000000000000000000, delta^k = 0.00000000000000000000
    Local Iteration 330: ||V_upper^k - V_upper^k-1||_inf = 0.00000019082762321026, ||V_lower^k - V_lower^k-1||_inf = 0.00000000000000000000, delta^k = 0.00000000000000000000
    Local Iteration 331: ||V_upper^k - V_upper^k-1||_inf = 0.00000018319451828185, ||V_lower^k - V_lower^k-1||_inf = 0.00000000000000000000, delta^k = 0.00000000000000000000
    Local Iteration 332: ||V_upper^k - V_upper^k-1||_inf = 0.00000017586673755058, ||V_lower^k - V_lower^k-1||_inf = 0.00000000000000000000, delta^k = 0.00000000000000000000
    Local Iteration 333: ||V_upper^k - V_upper^k-1||_inf = 0.00000016883206804855, ||V_lower^k - V_lower^k-1||_inf = 0.00000000000000000000, delta^k = 0.00000000000000000000
    Local Iteration 334: ||V_upper^k - V_upper^k-1||_inf = 0.00000016207878532661, ||V_lower^k - V_lower^k-1||_inf = 0.00000000000000000000, delta^k = 0.00000000000000000000
    Local Iteration 335: ||V_upper^k - V_upper^k-1||_inf = 0.00000015559563391355, ||V_lower^k - V_lower^k-1||_inf = 0.00000000000000000000, delta^k = 0.00000000000000000000
    Local Iteration 336: ||V_upper^k - V_upper^k-1||_inf = 0.00000014937180855700, ||V_lower^k - V_lower^k-1||_inf = 0.00000000000000000000, delta^k = 0.00000000000000000000
    Local Iteration 337: ||V_upper^k - V_upper^k-1||_inf = 0.00000014339693621472, ||V_lower^k - V_lower^k-1||_inf = 0.00000000000000000000, delta^k = 0.00000000000000000000
    Local Iteration 338: ||V_upper^k - V_upper^k-1||_inf = 0.00000013766105876613, ||V_lower^k - V_lower^k-1||_inf = 0.00000000000000000000, delta^k = 0.00000000000000000000
    Local Iteration 339: ||V_upper^k - V_upper^k-1||_inf = 0.00000013215461641549, ||V_lower^k - V_lower^k-1||_inf = 0.00000000000000000000, delta^k = 0.00000000000000000000
    Local Iteration 340: ||V_upper^k - V_upper^k-1||_inf = 0.00000012686843175887, ||V_lower^k - V_lower^k-1||_inf = 0.00000000000000000000, delta^k = 0.00000000000000000000
    Local Iteration 341: ||V_upper^k - V_upper^k-1||_inf = 0.00000012179369448851, ||V_lower^k - V_lower^k-1||_inf = 0.00000000000000000000, delta^k = 0.00000000000000000000
    Local Iteration 342: ||V_upper^k - V_upper^k-1||_inf = 0.00000011692194670897, ||V_lower^k - V_lower^k-1||_inf = 0.00000000000000000000, delta^k = 0.00000000000000000000
    Local Iteration 343: ||V_upper^k - V_upper^k-1||_inf = 0.00000011224506884061, ||V_lower^k - V_lower^k-1||_inf = 0.00000000000000000000, delta^k = 0.00000000000000000000
    Local Iteration 344: ||V_upper^k - V_upper^k-1||_inf = 0.00000010775526608699, ||V_lower^k - V_lower^k-1||_inf = 0.00000000000000000000, delta^k = 0.00000000000000000000
    Local Iteration 345: ||V_upper^k - V_upper^k-1||_inf = 0.00000010344505544351, ||V_lower^k - V_lower^k-1||_inf = 0.00000000000000000000, delta^k = 0.00000000000000000000
    Local Iteration 346: ||V_upper^k - V_upper^k-1||_inf = 0.00000009930725322577, ||V_lower^k - V_lower^k-1||_inf = 0.00000000000000000000, delta^k = 0.00000000000000000000
    Local Iteration 347: ||V_upper^k - V_upper^k-1||_inf = 0.00000009533496309674, ||V_lower^k - V_lower^k-1||_inf = 0.00000000000000000000, delta^k = 0.00000000000000000000
    Local Iteration 348: ||V_upper^k - V_upper^k-1||_inf = 0.00000009152156457287, ||V_lower^k - V_lower^k-1||_inf = 0.00000000000000000000, delta^k = 0.00000000000000000000
    Local Iteration 349: ||V_upper^k - V_upper^k-1||_inf = 0.00000008786070198996, ||V_lower^k - V_lower^k-1||_inf = 0.00000000000000000000, delta^k = 0.00000000000000000000
    Local Iteration 350: ||V_upper^k - V_upper^k-1||_inf = 0.00000008434627391036, ||V_lower^k - V_lower^k-1||_inf = 0.00000000000000000000, delta^k = 0.00000000000000000000
    Local Iteration 351: ||V_upper^k - V_upper^k-1||_inf = 0.00000008097242295394, ||V_lower^k - V_lower^k-1||_inf = 0.00000000000000000000, delta^k = 0.00000000000000000000
    Local Iteration 352: ||V_upper^k - V_upper^k-1||_inf = 0.00000007773352603578, ||V_lower^k - V_lower^k-1||_inf = 0.00000000000000000000, delta^k = 0.00000000000000000000
    Local Iteration 353: ||V_upper^k - V_upper^k-1||_inf = 0.00000007462418499435, ||V_lower^k - V_lower^k-1||_inf = 0.00000000000000000000, delta^k = 0.00000000000000000000
    Local Iteration 354: ||V_upper^k - V_upper^k-1||_inf = 0.00000007163921759458, ||V_lower^k - V_lower^k-1||_inf = 0.00000000000000000000, delta^k = 0.00000000000000000000
    Local Iteration 355: ||V_upper^k - V_upper^k-1||_inf = 0.00000006877364889080, ||V_lower^k - V_lower^k-1||_inf = 0.00000000000000000000, delta^k = 0.00000000000000000000
    Local Iteration 356: ||V_upper^k - V_upper^k-1||_inf = 0.00000006602270293516, ||V_lower^k - V_lower^k-1||_inf = 0.00000000000000000000, delta^k = 0.00000000000000000000
    Local Iteration 357: ||V_upper^k - V_upper^k-1||_inf = 0.00000006338179481776, ||V_lower^k - V_lower^k-1||_inf = 0.00000000000000000000, delta^k = 0.00000000000000000000
    Local Iteration 358: ||V_upper^k - V_upper^k-1||_inf = 0.00000006084652302505, ||V_lower^k - V_lower^k-1||_inf = 0.00000000000000000000, delta^k = 0.00000000000000000000
    Local Iteration 359: ||V_upper^k - V_upper^k-1||_inf = 0.00000005841266210405, ||V_lower^k - V_lower^k-1||_inf = 0.00000000000000000000, delta^k = 0.00000000000000000000
    Local Iteration 360: ||V_upper^k - V_upper^k-1||_inf = 0.00000005607615561988, ||V_lower^k - V_lower^k-1||_inf = 0.00000000000000000000, delta^k = 0.00000000000000000000
    Local Iteration 361: ||V_upper^k - V_upper^k-1||_inf = 0.00000005383310939509, ||V_lower^k - V_lower^k-1||_inf = 0.00000000000000000000, delta^k = 0.00000000000000000000
    Local Iteration 362: ||V_upper^k - V_upper^k-1||_inf = 0.00000005167978501928, ||V_lower^k - V_lower^k-1||_inf = 0.00000000000000000000, delta^k = 0.00000000000000000000
    Local Iteration 363: ||V_upper^k - V_upper^k-1||_inf = 0.00000004961259361851, ||V_lower^k - V_lower^k-1||_inf = 0.00000000000000000000, delta^k = 0.00000000000000000000
    Local Iteration 364: ||V_upper^k - V_upper^k-1||_inf = 0.00000004762808987377, ||V_lower^k - V_lower^k-1||_inf = 0.00000000000000000000, delta^k = 0.00000000000000000000
    Local Iteration 365: ||V_upper^k - V_upper^k-1||_inf = 0.00000004572296627882, ||V_lower^k - V_lower^k-1||_inf = 0.00000000000000000000, delta^k = 0.00000000000000000000
    Local Iteration 366: ||V_upper^k - V_upper^k-1||_inf = 0.00000004389404762767, ||V_lower^k - V_lower^k-1||_inf = 0.00000000000000000000, delta^k = 0.00000000000000000000
    Local Iteration 367: ||V_upper^k - V_upper^k-1||_inf = 0.00000004213828572256, ||V_lower^k - V_lower^k-1||_inf = 0.00000000000000000000, delta^k = 0.00000000000000000000
    Local Iteration 368: ||V_upper^k - V_upper^k-1||_inf = 0.00000004045275429366, ||V_lower^k - V_lower^k-1||_inf = 0.00000000000000000000, delta^k = 0.00000000000000000000
    Local Iteration 369: ||V_upper^k - V_upper^k-1||_inf = 0.00000003883464412191, ||V_lower^k - V_lower^k-1||_inf = 0.00000000000000000000, delta^k = 0.00000000000000000000
    Local Iteration 370: ||V_upper^k - V_upper^k-1||_inf = 0.00000003728125835704, ||V_lower^k - V_lower^k-1||_inf = 0.00000000000000000000, delta^k = 0.00000000000000000000
    Local Iteration 371: ||V_upper^k - V_upper^k-1||_inf = 0.00000003579000802276, ||V_lower^k - V_lower^k-1||_inf = 0.00000000000000000000, delta^k = 0.00000000000000000000
    Local Iteration 372: ||V_upper^k - V_upper^k-1||_inf = 0.00000003435840770185, ||V_lower^k - V_lower^k-1||_inf = 0.00000000000000000000, delta^k = 0.00000000000000000000
    Local Iteration 373: ||V_upper^k - V_upper^k-1||_inf = 0.00000003298407139377, ||V_lower^k - V_lower^k-1||_inf = 0.00000000000000000000, delta^k = 0.00000000000000000000
    Local Iteration 374: ||V_upper^k - V_upper^k-1||_inf = 0.00000003166470853802, ||V_lower^k - V_lower^k-1||_inf = 0.00000000000000000000, delta^k = 0.00000000000000000000
    Local Iteration 375: ||V_upper^k - V_upper^k-1||_inf = 0.00000003039812019650, ||V_lower^k - V_lower^k-1||_inf = 0.00000000000000000000, delta^k = 0.00000000000000000000
    Local Iteration 376: ||V_upper^k - V_upper^k-1||_inf = 0.00000002918219538864, ||V_lower^k - V_lower^k-1||_inf = 0.00000000000000000000, delta^k = 0.00000000000000000000
    Local Iteration 377: ||V_upper^k - V_upper^k-1||_inf = 0.00000002801490757309, ||V_lower^k - V_lower^k-1||_inf = 0.00000000000000000000, delta^k = 0.00000000000000000000
    Local Iteration 378: ||V_upper^k - V_upper^k-1||_inf = 0.00000002689431127017, ||V_lower^k - V_lower^k-1||_inf = 0.00000000000000000000, delta^k = 0.00000000000000000000
    Local Iteration 379: ||V_upper^k - V_upper^k-1||_inf = 0.00000002581853881936, ||V_lower^k - V_lower^k-1||_inf = 0.00000000000000000000, delta^k = 0.00000000000000000000
    Local Iteration 380: ||V_upper^k - V_upper^k-1||_inf = 0.00000002478579726659, ||V_lower^k - V_lower^k-1||_inf = 0.00000000000000000000, delta^k = 0.00000000000000000000
    Local Iteration 381: ||V_upper^k - V_upper^k-1||_inf = 0.00000002379436537593, ||V_lower^k - V_lower^k-1||_inf = 0.00000000000000000000, delta^k = 0.00000000000000000000
    Local Iteration 382: ||V_upper^k - V_upper^k-1||_inf = 0.00000002284259076089, ||V_lower^k - V_lower^k-1||_inf = 0.00000000000000000000, delta^k = 0.00000000000000000000
    Local Iteration 383: ||V_upper^k - V_upper^k-1||_inf = 0.00000002192888713045, ||V_lower^k - V_lower^k-1||_inf = 0.00000000000000000000, delta^k = 0.00000000000000000000
    Local Iteration 384: ||V_upper^k - V_upper^k-1||_inf = 0.00000002105173164523, ||V_lower^k - V_lower^k-1||_inf = 0.00000000000000000000, delta^k = 0.00000000000000000000
    Local Iteration 385: ||V_upper^k - V_upper^k-1||_inf = 0.00000002020966237943, ||V_lower^k - V_lower^k-1||_inf = 0.00000000000000000000, delta^k = 0.00000000000000000000
    Local Iteration 386: ||V_upper^k - V_upper^k-1||_inf = 0.00000001940127588425, ||V_lower^k - V_lower^k-1||_inf = 0.00000000000000000000, delta^k = 0.00000000000000000000
    Local Iteration 387: ||V_upper^k - V_upper^k-1||_inf = 0.00000001862522484888, ||V_lower^k - V_lower^k-1||_inf = 0.00000000000000000000, delta^k = 0.00000000000000000000
    Local Iteration 388: ||V_upper^k - V_upper^k-1||_inf = 0.00000001788021585492, ||V_lower^k - V_lower^k-1||_inf = 0.00000000000000000000, delta^k = 0.00000000000000000000
    Local Iteration 389: ||V_upper^k - V_upper^k-1||_inf = 0.00000001716500722073, ||V_lower^k - V_lower^k-1||_inf = 0.00000000000000000000, delta^k = 0.00000000000000000000
    Local Iteration 390: ||V_upper^k - V_upper^k-1||_inf = 0.00000001647840693190, ||V_lower^k - V_lower^k-1||_inf = 0.00000000000000000000, delta^k = 0.00000000000000000000
    Local Iteration 391: ||V_upper^k - V_upper^k-1||_inf = 0.00000001581927065462, ||V_lower^k - V_lower^k-1||_inf = 0.00000000000000000000, delta^k = 0.00000000000000000000
    Local Iteration 392: ||V_upper^k - V_upper^k-1||_inf = 0.00000001518649982844, ||V_lower^k - V_lower^k-1||_inf = 0.00000000000000000000, delta^k = 0.00000000000000000000
    Local Iteration 393: ||V_upper^k - V_upper^k-1||_inf = 0.00000001457903983530, ||V_lower^k - V_lower^k-1||_inf = 0.00000000000000000000, delta^k = 0.00000000000000000000
    Local Iteration 394: ||V_upper^k - V_upper^k-1||_inf = 0.00000001399587824189, ||V_lower^k - V_lower^k-1||_inf = 0.00000000000000000000, delta^k = 0.00000000000000000000
    Local Iteration 395: ||V_upper^k - V_upper^k-1||_inf = 0.00000001343604311221, ||V_lower^k - V_lower^k-1||_inf = 0.00000000000000000000, delta^k = 0.00000000000000000000
    Local Iteration 396: ||V_upper^k - V_upper^k-1||_inf = 0.00000001289860138772, ||V_lower^k - V_lower^k-1||_inf = 0.00000000000000000000, delta^k = 0.00000000000000000000
    Local Iteration 397: ||V_upper^k - V_upper^k-1||_inf = 0.00000001238265733221, ||V_lower^k - V_lower^k-1||_inf = 0.00000000000000000000, delta^k = 0.00000000000000000000
    Local Iteration 398: ||V_upper^k - V_upper^k-1||_inf = 0.00000001188735103893, ||V_lower^k - V_lower^k-1||_inf = 0.00000000000000000000, delta^k = 0.00000000000000000000
    Local Iteration 399: ||V_upper^k - V_upper^k-1||_inf = 0.00000001141185699737, ||V_lower^k - V_lower^k-1||_inf = 0.00000000000000000000, delta^k = 0.00000000000000000000
    Local Iteration 400: ||V_upper^k - V_upper^k-1||_inf = 0.00000001095538271747, ||V_lower^k - V_lower^k-1||_inf = 0.00000000000000000000, delta^k = 0.00000000000000000000
    Local Iteration 401: ||V_upper^k - V_upper^k-1||_inf = 0.00000001051716740877, ||V_lower^k - V_lower^k-1||_inf = 0.00000000000000000000, delta^k = 0.00000000000000000000
    Local Iteration 402: ||V_upper^k - V_upper^k-1||_inf = 0.00000001009648071242, ||V_lower^k - V_lower^k-1||_inf = 0.00000000000000000000, delta^k = 0.00000000000000000000
    Local Iteration 403: ||V_upper^k - V_upper^k-1||_inf = 0.00000000969262148393, ||V_lower^k - V_lower^k-1||_inf = 0.00000000000000000000, delta^k = 0.00000000000000000000

============================================================
 CONSERVATIVE STOPPING CONDITION MET (Algorithm 3)
============================================================
  delta^k = 0.0000000000e+00 >= -delta_max
  ||V_upper^k - V_upper^k-1||_inf = 9.6926214839e-09 < 1e-08
  eps_cons = (0.96 * 0.0000000000e+00) / 0.04 = 0.0000000000e+00
  Correcting V_lower for 195348 cells: V_lower <- V_lower - eps_cons - eps_machine
   Conservative correction applied successfully
  Machine epsilon eps_machine = 2.220e-16
    Local VI completed in 403 iterations
    Final convergence values:
      ||V_upper^final - V_upper^prev||_inf = 9.69262148e-09
      ||V_lower^final - V_lower^prev||_inf = 0.00000000e+00
  Local VI completed in 403 iterations, time: 1.292s
    Final ||V_upper^k - V_upper^k-1||_inf = 9.69262148392700351170e-09
    Final ||V_lower^k - V_lower^k-1||_inf = 0.00000000000000000000e+00
  Saved visualization: /Users/i.k.tabbara/Documents/python directory/HSCC_2027/refactored_Implementations/results_hscc_2027_newbellmans_12workers/ra_discount/evasion_res30_eps0.05_dmin1e-08_dmax1e-08_gamma0.96_dt0.3_tau0.3_cons/value_function_phase_3_complete.png
  Phase 3 completed in 1.93s with 195348 leaf cells

Classification after phase 3:
  Safe:             6556 cells (  3.4%),    4.1% of state space
  Unsafe:          26272 cells ( 13.4%),   20.6% of state space
  Unclassified:   162520 cells ( 83.2%),   75.2% of state space

======================================================================
REFINEMENT PHASE 4
======================================================================
Boundary cells: 162520
  Refinable (>eta_min=0.017678): 162520
  Below threshold: 0
  Cumulative refined: 168348
  Refinable cell size statistics:
    Max:    0.104720
    Mean:   0.104720
    Min:    0.104720
    Median: 0.104720
  Refining 162520 cells...
    Refined: 162520 parent cells
    Created: 325040 child cells
    Total cells: 357868
    Refinement time: 0.012s
    Cumulative refined: 330868
  Rebuilding spatial index...
  Building spatial index for 357868 cells...
   Spatial index built in 0.08s
    Spatial index rebuilt in 0.085s
  Initializing 325040 new cells...
  Initializing 325040 new cells in parallel...
   Initialized in 0.00s (329696969.7 cells/s)
    Initialization completed in 0.001s
  Starting local value iteration...
  Reinitializing ALL 357868 cells (V = l)
   Reinitialized 357868 cells in 0.00s (395416340.3 cells/s)
  Local VI: updating all 357868 cells
    Conservative mode: True
    delta_max: 1e-08
    Max iterations: 1000033
    Updating successor cache for 325040 updated cells...
    Updating successor cache for 325040 new cells (HYBRID)...
      Affected cells: 334562
   Trajectories + spatial queries computed in 0.84s (1987584.4 tasks/s)
    Breakdown: 57.2% ODE, 42.8% queries
     Cache updated in 0.90s (1863136.5 tasks/s)
    Local Iteration   1: ||V_upper^k - V_upper^k-1||_inf = 4.20931542882058806754, ||V_lower^k - V_lower^k-1||_inf = 4.06121933088197550887, delta^k = -4.06121933088197550887
    Local Iteration   2: ||V_upper^k - V_upper^k-1||_inf = 4.03773893565113883852, ||V_lower^k - V_lower^k-1||_inf = 3.76300605565887913428, delta^k = -3.76300605565887913428
    Local Iteration   3: ||V_upper^k - V_upper^k-1||_inf = 3.87622937822509339156, ||V_lower^k - V_lower^k-1||_inf = 3.34874224863995539891, delta^k = -3.34874224863995539891
    Local Iteration   4: ||V_upper^k - V_upper^k-1||_inf = 3.72118020309608921181, ||V_lower^k - V_lower^k-1||_inf = 2.95727312404116737810, delta^k = -2.95727312404116737810
    Local Iteration   5: ||V_upper^k - V_upper^k-1||_inf = 3.57233299497224576768, ||V_lower^k - V_lower^k-1||_inf = 2.65094807550641498040, delta^k = -2.65094807550641498040
    Local Iteration   6: ||V_upper^k - V_upper^k-1||_inf = 3.42943967517335579487, ||V_lower^k - V_lower^k-1||_inf = 2.40761950303772254145, delta^k = -2.40761950303772254145
    Local Iteration   7: ||V_upper^k - V_upper^k-1||_inf = 3.29226208816642174071, ||V_lower^k - V_lower^k-1||_inf = 2.21749530726277255255, delta^k = -2.21749530726277255255
    Local Iteration   8: ||V_upper^k - V_upper^k-1||_inf = 3.16057160463976494214, ||V_lower^k - V_lower^k-1||_inf = 2.05876160960720833160, delta^k = -2.05876160960720833160
    Local Iteration   9: ||V_upper^k - V_upper^k-1||_inf = 3.03414874045417448656, ||V_lower^k - V_lower^k-1||_inf = 1.95094543611819037920, delta^k = -1.95094543611819037920
    Local Iteration  10: ||V_upper^k - V_upper^k-1||_inf = 2.91278279083600732946, ||V_lower^k - V_lower^k-1||_inf = 1.79221146226402350266, delta^k = -1.79221146226402350266
    Local Iteration  11: ||V_upper^k - V_upper^k-1||_inf = 2.79627147920256646785, ||V_lower^k - V_lower^k-1||_inf = 1.57981210478564593203, delta^k = -1.57981210478564593203
    Local Iteration  12: ||V_upper^k - V_upper^k-1||_inf = 2.68442062003446402230, ||V_lower^k - V_lower^k-1||_inf = 1.46443504827549819680, delta^k = -1.46443504827549819680
    Local Iteration  13: ||V_upper^k - V_upper^k-1||_inf = 2.56736427318868187797, ||V_lower^k - V_lower^k-1||_inf = 1.34339548141110221025, delta^k = -1.34339548141110221025
    Local Iteration  14: ||V_upper^k - V_upper^k-1||_inf = 2.46466970226113435416, ||V_lower^k - V_lower^k-1||_inf = 1.25865964182152922923, delta^k = -1.25865964182152922923
    Local Iteration  15: ||V_upper^k - V_upper^k-1||_inf = 2.36608291417068894447, ||V_lower^k - V_lower^k-1||_inf = 1.15448335541740410015, delta^k = -1.15448335541740410015
    Local Iteration  16: ||V_upper^k - V_upper^k-1||_inf = 2.27143959760386149327, ||V_lower^k - V_lower^k-1||_inf = 1.05159281933340653659, delta^k = -1.05159281933340653659
    Local Iteration  17: ||V_upper^k - V_upper^k-1||_inf = 2.18058201369970694472, ||V_lower^k - V_lower^k-1||_inf = 0.92711549645921886853, delta^k = -0.92711549645921886853
    Local Iteration  18: ||V_upper^k - V_upper^k-1||_inf = 2.09335873315171827613, ||V_lower^k - V_lower^k-1||_inf = 0.80710741467452029596, delta^k = -0.80710741467452029596
    Local Iteration  19: ||V_upper^k - V_upper^k-1||_inf = 2.00962438382564956285, ||V_lower^k - V_lower^k-1||_inf = 0.67188826041200222505, delta^k = -0.67188826041200222505
    Local Iteration  20: ||V_upper^k - V_upper^k-1||_inf = 1.92923940847262365139, ||V_lower^k - V_lower^k-1||_inf = 0.41782884794788044402, delta^k = -0.41782884794788044402
    Local Iteration  21: ||V_upper^k - V_upper^k-1||_inf = 1.85206983213371834118, ||V_lower^k - V_lower^k-1||_inf = 0.30482791716564028306, delta^k = -0.30482791716564028306
    Local Iteration  22: ||V_upper^k - V_upper^k-1||_inf = 1.77798703884836961642, ||V_lower^k - V_lower^k-1||_inf = 0.29263480047901468950, delta^k = -0.29263480047901468950
    Local Iteration  23: ||V_upper^k - V_upper^k-1||_inf = 1.70686755729443495611, ||V_lower^k - V_lower^k-1||_inf = 0.28092940845985403531, delta^k = -0.28092940845985403531
    Local Iteration  24: ||V_upper^k - V_upper^k-1||_inf = 1.63859285500265738911, ||V_lower^k - V_lower^k-1||_inf = 0.26969223212145992941, delta^k = -0.26969223212145992941
    Local Iteration  25: ||V_upper^k - V_upper^k-1||_inf = 1.57304914080255109354, ||V_lower^k - V_lower^k-1||_inf = 0.25742172697294485317, delta^k = -0.25742172697294485317
    Local Iteration  26: ||V_upper^k - V_upper^k-1||_inf = 1.51012717517044903204, ||V_lower^k - V_lower^k-1||_inf = 0.24712485789402707792, delta^k = -0.24712485789402707792
    Local Iteration  27: ||V_upper^k - V_upper^k-1||_inf = 1.44972208816363101747, ||V_lower^k - V_lower^k-1||_inf = 0.23498943094520180486, delta^k = -0.23498943094520180486
    Local Iteration  28: ||V_upper^k - V_upper^k-1||_inf = 1.39173320463708583006, ||V_lower^k - V_lower^k-1||_inf = 0.22558985370739373377, delta^k = -0.22558985370739373377
    Local Iteration  29: ||V_upper^k - V_upper^k-1||_inf = 1.33606387645160218369, ||V_lower^k - V_lower^k-1||_inf = 0.21656625955909797332, delta^k = -0.21656625955909797332
    Local Iteration  30: ||V_upper^k - V_upper^k-1||_inf = 0.03974397758723458018, ||V_lower^k - V_lower^k-1||_inf = 0.20790360917673403329, delta^k = -0.20790360917673403329
    Local Iteration  31: ||V_upper^k - V_upper^k-1||_inf = 0.03815421848374511704, ||V_lower^k - V_lower^k-1||_inf = 0.17823202194511372776, delta^k = -0.17823202194511372776
    Local Iteration  32: ||V_upper^k - V_upper^k-1||_inf = 0.03662804974439537453, ||V_lower^k - V_lower^k-1||_inf = 0.15575518538931781842, delta^k = -0.15575518538931781842
    Local Iteration  33: ||V_upper^k - V_upper^k-1||_inf = 0.03516292775461948850, ||V_lower^k - V_lower^k-1||_inf = 0.14952497797374511568, delta^k = -0.14952497797374511568
    Local Iteration  34: ||V_upper^k - V_upper^k-1||_inf = 0.03375641064443479777, ||V_lower^k - V_lower^k-1||_inf = 0.14354397885479530661, delta^k = -0.14354397885479530661
    Local Iteration  35: ||V_upper^k - V_upper^k-1||_inf = 0.03240615421865733481, ||V_lower^k - V_lower^k-1||_inf = 0.12953830819317158074, delta^k = -0.12953830819317158074
    Local Iteration  36: ||V_upper^k - V_upper^k-1||_inf = 0.03110990804991109471, ||V_lower^k - V_lower^k-1||_inf = 0.12435677586544471862, delta^k = -0.12435677586544471862
    Local Iteration  37: ||V_upper^k - V_upper^k-1||_inf = 0.02986551172791462871, ||V_lower^k - V_lower^k-1||_inf = 0.11938250483082692155, delta^k = -0.11938250483082692155
    Local Iteration  38: ||V_upper^k - V_upper^k-1||_inf = 0.02867089125879807021, ||V_lower^k - V_lower^k-1||_inf = 0.11460720463759382914, delta^k = -0.11460720463759382914
    Local Iteration  39: ||V_upper^k - V_upper^k-1||_inf = 0.02752405560844606303, ||V_lower^k - V_lower^k-1||_inf = 0.11002291645209005821, delta^k = -0.11002291645209005821
    Local Iteration  40: ||V_upper^k - V_upper^k-1||_inf = 0.02642309338410830932, ||V_lower^k - V_lower^k-1||_inf = 0.10562199979400645200, delta^k = -0.10562199979400645200
    Local Iteration  41: ||V_upper^k - V_upper^k-1||_inf = 0.02536616964874394142, ||V_lower^k - V_lower^k-1||_inf = 0.10139711980224619392, delta^k = -0.10139711980224619392
    Local Iteration  42: ||V_upper^k - V_upper^k-1||_inf = 0.02435152286279418377, ||V_lower^k - V_lower^k-1||_inf = 0.09734123501015633229, delta^k = -0.09734123501015633229
    Local Iteration  43: ||V_upper^k - V_upper^k-1||_inf = 0.02337746194828238533, ||V_lower^k - V_lower^k-1||_inf = 0.09344758560975006956, delta^k = -0.09344758560975006956
    Local Iteration  44: ||V_upper^k - V_upper^k-1||_inf = 0.02244236347035111212, ||V_lower^k - V_lower^k-1||_inf = 0.08970968218536007344, delta^k = -0.08970968218536007344
    Local Iteration  45: ||V_upper^k - V_upper^k-1||_inf = 0.02154466893153705875, ||V_lower^k - V_lower^k-1||_inf = 0.08612129489794566328, delta^k = -0.08612129489794566328
    Local Iteration  46: ||V_upper^k - V_upper^k-1||_inf = 0.02068288217427560749, ||V_lower^k - V_lower^k-1||_inf = 0.08267644310202783287, delta^k = -0.08267644310202783287
    Local Iteration  47: ||V_upper^k - V_upper^k-1||_inf = 0.01985556688730455432, ||V_lower^k - V_lower^k-1||_inf = 0.07055920337147804366, delta^k = -0.07055920337147804366
    Local Iteration  48: ||V_upper^k - V_upper^k-1||_inf = 0.01906134421181238103, ||V_lower^k - V_lower^k-1||_inf = 0.05351846319591994916, delta^k = -0.05351846319591994916
    Local Iteration  49: ||V_upper^k - V_upper^k-1||_inf = 0.01829889044333987691, ||V_lower^k - V_lower^k-1||_inf = 0.05137772466808313010, delta^k = -0.05137772466808313010
    Local Iteration  50: ||V_upper^k - V_upper^k-1||_inf = 0.01756693482560628405, ||V_lower^k - V_lower^k-1||_inf = 0.04653153483659919210, delta^k = -0.04653153483659919210
    Local Iteration  51: ||V_upper^k - V_upper^k-1||_inf = 0.01686425743258201937, ||V_lower^k - V_lower^k-1||_inf = 0.04179800863158000812, delta^k = -0.04179800863158000812
    Local Iteration  52: ||V_upper^k - V_upper^k-1||_inf = 0.01618968713527874081, ||V_lower^k - V_lower^k-1||_inf = 0.04012608828631680780, delta^k = -0.04012608828631680780
    Local Iteration  53: ||V_upper^k - V_upper^k-1||_inf = 0.01554209964986758008, ||V_lower^k - V_lower^k-1||_inf = 0.03035590895111842102, delta^k = -0.03035590895111842102
    Local Iteration  54: ||V_upper^k - V_upper^k-1||_inf = 0.01492041566387292129, ||V_lower^k - V_lower^k-1||_inf = 0.02334403587057827523, delta^k = -0.02334403587057827523
    Local Iteration  55: ||V_upper^k - V_upper^k-1||_inf = 0.01432359903731800221, ||V_lower^k - V_lower^k-1||_inf = 0.01548679669960965899, delta^k = -0.01548679669960965899
    Local Iteration  56: ||V_upper^k - V_upper^k-1||_inf = 0.01375065507582523550, ||V_lower^k - V_lower^k-1||_inf = 0.01356982657128399938, delta^k = -0.01356982657128399938
    Local Iteration  57: ||V_upper^k - V_upper^k-1||_inf = 0.01320062887279221941, ||V_lower^k - V_lower^k-1||_inf = 0.00000000000000000000, delta^k = 0.00000000000000000000
    Local Iteration  58: ||V_upper^k - V_upper^k-1||_inf = 0.01267260371788053730, ||V_lower^k - V_lower^k-1||_inf = 0.00000000000000000000, delta^k = 0.00000000000000000000
    Local Iteration  59: ||V_upper^k - V_upper^k-1||_inf = 0.01216569956916535578, ||V_lower^k - V_lower^k-1||_inf = 0.00000000000000000000, delta^k = 0.00000000000000000000
    Local Iteration  60: ||V_upper^k - V_upper^k-1||_inf = 0.01167907158639874821, ||V_lower^k - V_lower^k-1||_inf = 0.00000000000000000000, delta^k = 0.00000000000000000000
    Local Iteration  61: ||V_upper^k - V_upper^k-1||_inf = 0.01121190872294275387, ||V_lower^k - V_lower^k-1||_inf = 0.00000000000000000000, delta^k = 0.00000000000000000000
    Local Iteration  62: ||V_upper^k - V_upper^k-1||_inf = 0.01076343237402505038, ||V_lower^k - V_lower^k-1||_inf = 0.00000000000000000000, delta^k = 0.00000000000000000000
    Local Iteration  63: ||V_upper^k - V_upper^k-1||_inf = 0.01033289507906406945, ||V_lower^k - V_lower^k-1||_inf = 0.00000000000000000000, delta^k = 0.00000000000000000000
    Local Iteration  64: ||V_upper^k - V_upper^k-1||_inf = 0.00991957927590150779, ||V_lower^k - V_lower^k-1||_inf = 0.00000000000000000000, delta^k = 0.00000000000000000000
    Local Iteration  65: ||V_upper^k - V_upper^k-1||_inf = 0.00952279610486542194, ||V_lower^k - V_lower^k-1||_inf = 0.00000000000000000000, delta^k = 0.00000000000000000000
    Local Iteration  66: ||V_upper^k - V_upper^k-1||_inf = 0.00914188426067080728, ||V_lower^k - V_lower^k-1||_inf = 0.00000000000000000000, delta^k = 0.00000000000000000000
    Local Iteration  67: ||V_upper^k - V_upper^k-1||_inf = 0.00877620889024399720, ||V_lower^k - V_lower^k-1||_inf = 0.00000000000000000000, delta^k = 0.00000000000000000000
    Local Iteration  68: ||V_upper^k - V_upper^k-1||_inf = 0.00842516053463421288, ||V_lower^k - V_lower^k-1||_inf = 0.00000000000000000000, delta^k = 0.00000000000000000000
    Local Iteration  69: ||V_upper^k - V_upper^k-1||_inf = 0.00808815411324884104, ||V_lower^k - V_lower^k-1||_inf = 0.00000000000000000000, delta^k = 0.00000000000000000000
    Local Iteration  70: ||V_upper^k - V_upper^k-1||_inf = 0.00776462794871890516, ||V_lower^k - V_lower^k-1||_inf = 0.00000000000000000000, delta^k = 0.00000000000000000000
    Local Iteration  71: ||V_upper^k - V_upper^k-1||_inf = 0.00745404283077014118, ||V_lower^k - V_lower^k-1||_inf = 0.00000000000000000000, delta^k = 0.00000000000000000000
    Local Iteration  72: ||V_upper^k - V_upper^k-1||_inf = 0.00715588111753934220, ||V_lower^k - V_lower^k-1||_inf = 0.00000000000000000000, delta^k = 0.00000000000000000000
    Local Iteration  73: ||V_upper^k - V_upper^k-1||_inf = 0.00686964587283775407, ||V_lower^k - V_lower^k-1||_inf = 0.00000000000000000000, delta^k = 0.00000000000000000000
    Local Iteration  74: ||V_upper^k - V_upper^k-1||_inf = 0.00659486003792425501, ||V_lower^k - V_lower^k-1||_inf = 0.00000000000000000000, delta^k = 0.00000000000000000000
    Local Iteration  75: ||V_upper^k - V_upper^k-1||_inf = 0.00633106563640728481, ||V_lower^k - V_lower^k-1||_inf = 0.00000000000000000000, delta^k = 0.00000000000000000000
    Local Iteration  76: ||V_upper^k - V_upper^k-1||_inf = 0.00607782301095100008, ||V_lower^k - V_lower^k-1||_inf = 0.00000000000000000000, delta^k = 0.00000000000000000000
    Local Iteration  77: ||V_upper^k - V_upper^k-1||_inf = 0.00583471009051295120, ||V_lower^k - V_lower^k-1||_inf = 0.00000000000000000000, delta^k = 0.00000000000000000000
    Local Iteration  78: ||V_upper^k - V_upper^k-1||_inf = 0.00560132168689242427, ||V_lower^k - V_lower^k-1||_inf = 0.00000000000000000000, delta^k = 0.00000000000000000000
    Local Iteration  79: ||V_upper^k - V_upper^k-1||_inf = 0.00537726881941674728, ||V_lower^k - V_lower^k-1||_inf = 0.00000000000000000000, delta^k = 0.00000000000000000000
    Local Iteration  80: ||V_upper^k - V_upper^k-1||_inf = 0.00516217806664007184, ||V_lower^k - V_lower^k-1||_inf = 0.00000000000000000000, delta^k = 0.00000000000000000000
    Local Iteration  81: ||V_upper^k - V_upper^k-1||_inf = 0.00495569094397446674, ||V_lower^k - V_lower^k-1||_inf = 0.00000000000000000000, delta^k = 0.00000000000000000000
    Local Iteration  82: ||V_upper^k - V_upper^k-1||_inf = 0.00475746330621548696, ||V_lower^k - V_lower^k-1||_inf = 0.00000000000000000000, delta^k = 0.00000000000000000000
    Local Iteration  83: ||V_upper^k - V_upper^k-1||_inf = 0.00456716477396686138, ||V_lower^k - V_lower^k-1||_inf = 0.00000000000000000000, delta^k = 0.00000000000000000000
    Local Iteration  84: ||V_upper^k - V_upper^k-1||_inf = 0.00438447818300818914, ||V_lower^k - V_lower^k-1||_inf = 0.00000000000000000000, delta^k = 0.00000000000000000000
    Local Iteration  85: ||V_upper^k - V_upper^k-1||_inf = 0.00420909905568786491, ||V_lower^k - V_lower^k-1||_inf = 0.00000000000000000000, delta^k = 0.00000000000000000000
    Local Iteration  86: ||V_upper^k - V_upper^k-1||_inf = 0.00404073509346035420, ||V_lower^k - V_lower^k-1||_inf = 0.00000000000000000000, delta^k = 0.00000000000000000000
    Local Iteration  87: ||V_upper^k - V_upper^k-1||_inf = 0.00387910568972194003, ||V_lower^k - V_lower^k-1||_inf = 0.00000000000000000000, delta^k = 0.00000000000000000000
    Local Iteration  88: ||V_upper^k - V_upper^k-1||_inf = 0.00372394146213306243, ||V_lower^k - V_lower^k-1||_inf = 0.00000000000000000000, delta^k = 0.00000000000000000000
    Local Iteration  89: ||V_upper^k - V_upper^k-1||_inf = 0.00357498380364773549, ||V_lower^k - V_lower^k-1||_inf = 0.00000000000000000000, delta^k = 0.00000000000000000000
    Local Iteration  90: ||V_upper^k - V_upper^k-1||_inf = 0.00343198445150182108, ||V_lower^k - V_lower^k-1||_inf = 0.00000000000000000000, delta^k = 0.00000000000000000000
    Local Iteration  91: ||V_upper^k - V_upper^k-1||_inf = 0.00329470507344174768, ||V_lower^k - V_lower^k-1||_inf = 0.00000000000000000000, delta^k = 0.00000000000000000000
    Local Iteration  92: ||V_upper^k - V_upper^k-1||_inf = 0.00316291687050408721, ||V_lower^k - V_lower^k-1||_inf = 0.00000000000000000000, delta^k = 0.00000000000000000000
    Local Iteration  93: ||V_upper^k - V_upper^k-1||_inf = 0.00303640019568392205, ||V_lower^k - V_lower^k-1||_inf = 0.00000000000000000000, delta^k = 0.00000000000000000000
    Local Iteration  94: ||V_upper^k - V_upper^k-1||_inf = 0.00291494418785656628, ||V_lower^k - V_lower^k-1||_inf = 0.00000000000000000000, delta^k = 0.00000000000000000000
    Local Iteration  95: ||V_upper^k - V_upper^k-1||_inf = 0.00279834642034229586, ||V_lower^k - V_lower^k-1||_inf = 0.00000000000000000000, delta^k = 0.00000000000000000000
    Local Iteration  96: ||V_upper^k - V_upper^k-1||_inf = 0.00268641256352861180, ||V_lower^k - V_lower^k-1||_inf = 0.00000000000000000000, delta^k = 0.00000000000000000000
    Local Iteration  97: ||V_upper^k - V_upper^k-1||_inf = 0.00257895606098745844, ||V_lower^k - V_lower^k-1||_inf = 0.00000000000000000000, delta^k = 0.00000000000000000000
    Local Iteration  98: ||V_upper^k - V_upper^k-1||_inf = 0.00247579781854796038, ||V_lower^k - V_lower^k-1||_inf = 0.00000000000000000000, delta^k = 0.00000000000000000000
    Local Iteration  99: ||V_upper^k - V_upper^k-1||_inf = 0.00237676590580604419, ||V_lower^k - V_lower^k-1||_inf = 0.00000000000000000000, delta^k = 0.00000000000000000000
    Local Iteration 100: ||V_upper^k - V_upper^k-1||_inf = 0.00228169526957380103, ||V_lower^k - V_lower^k-1||_inf = 0.00000000000000000000, delta^k = 0.00000000000000000000
    Local Iteration 101: ||V_upper^k - V_upper^k-1||_inf = 0.00219042745879084733, ||V_lower^k - V_lower^k-1||_inf = 0.00000000000000000000, delta^k = 0.00000000000000000000
    Local Iteration 102: ||V_upper^k - V_upper^k-1||_inf = 0.00210281036043921676, ||V_lower^k - V_lower^k-1||_inf = 0.00000000000000000000, delta^k = 0.00000000000000000000
    Local Iteration 103: ||V_upper^k - V_upper^k-1||_inf = 0.00201869794602164976, ||V_lower^k - V_lower^k-1||_inf = 0.00000000000000000000, delta^k = 0.00000000000000000000
    Local Iteration 104: ||V_upper^k - V_upper^k-1||_inf = 0.00193795002818077794, ||V_lower^k - V_lower^k-1||_inf = 0.00000000000000000000, delta^k = 0.00000000000000000000
    Local Iteration 105: ||V_upper^k - V_upper^k-1||_inf = 0.00186043202705354904, ||V_lower^k - V_lower^k-1||_inf = 0.00000000000000000000, delta^k = 0.00000000000000000000
    Local Iteration 106: ||V_upper^k - V_upper^k-1||_inf = 0.00178601474597140514, ||V_lower^k - V_lower^k-1||_inf = 0.00000000000000000000, delta^k = 0.00000000000000000000
    Local Iteration 107: ||V_upper^k - V_upper^k-1||_inf = 0.00171457415613255476, ||V_lower^k - V_lower^k-1||_inf = 0.00000000000000000000, delta^k = 0.00000000000000000000
    Local Iteration 108: ||V_upper^k - V_upper^k-1||_inf = 0.00164599118988725118, ||V_lower^k - V_lower^k-1||_inf = 0.00000000000000000000, delta^k = 0.00000000000000000000
    Local Iteration 109: ||V_upper^k - V_upper^k-1||_inf = 0.00158015154229176197, ||V_lower^k - V_lower^k-1||_inf = 0.00000000000000000000, delta^k = 0.00000000000000000000
    Local Iteration 110: ||V_upper^k - V_upper^k-1||_inf = 0.00151694548060008622, ||V_lower^k - V_lower^k-1||_inf = 0.00000000000000000000, delta^k = 0.00000000000000000000
    Local Iteration 111: ||V_upper^k - V_upper^k-1||_inf = 0.00145626766137608304, ||V_lower^k - V_lower^k-1||_inf = 0.00000000000000000000, delta^k = 0.00000000000000000000
    Local Iteration 112: ||V_upper^k - V_upper^k-1||_inf = 0.00139801695492104000, ||V_lower^k - V_lower^k-1||_inf = 0.00000000000000000000, delta^k = 0.00000000000000000000
    Local Iteration 113: ||V_upper^k - V_upper^k-1||_inf = 0.00134209627672420007, ||V_lower^k - V_lower^k-1||_inf = 0.00000000000000000000, delta^k = 0.00000000000000000000
    Local Iteration 114: ||V_upper^k - V_upper^k-1||_inf = 0.00128841242565523248, ||V_lower^k - V_lower^k-1||_inf = 0.00000000000000000000, delta^k = 0.00000000000000000000
    Local Iteration 115: ||V_upper^k - V_upper^k-1||_inf = 0.00123687592862902276, ||V_lower^k - V_lower^k-1||_inf = 0.00000000000000000000, delta^k = 0.00000000000000000000
    Local Iteration 116: ||V_upper^k - V_upper^k-1||_inf = 0.00118740089148386060, ||V_lower^k - V_lower^k-1||_inf = 0.00000000000000000000, delta^k = 0.00000000000000000000
    Local Iteration 117: ||V_upper^k - V_upper^k-1||_inf = 0.00113990485582450563, ||V_lower^k - V_lower^k-1||_inf = 0.00000000000000000000, delta^k = 0.00000000000000000000
    Local Iteration 118: ||V_upper^k - V_upper^k-1||_inf = 0.00109430866159152679, ||V_lower^k - V_lower^k-1||_inf = 0.00000000000000000000, delta^k = 0.00000000000000000000
    Local Iteration 119: ||V_upper^k - V_upper^k-1||_inf = 0.00105053631512786599, ||V_lower^k - V_lower^k-1||_inf = 0.00000000000000000000, delta^k = 0.00000000000000000000
    Local Iteration 120: ||V_upper^k - V_upper^k-1||_inf = 0.00100851486252274969, ||V_lower^k - V_lower^k-1||_inf = 0.00000000000000000000, delta^k = 0.00000000000000000000
    Local Iteration 121: ||V_upper^k - V_upper^k-1||_inf = 0.00096817426802183956, ||V_lower^k - V_lower^k-1||_inf = 0.00000000000000000000, delta^k = 0.00000000000000000000
    Local Iteration 122: ||V_upper^k - V_upper^k-1||_inf = 0.00092944729730096848, ||V_lower^k - V_lower^k-1||_inf = 0.00000000000000000000, delta^k = 0.00000000000000000000
    Local Iteration 123: ||V_upper^k - V_upper^k-1||_inf = 0.00089226940540892974, ||V_lower^k - V_lower^k-1||_inf = 0.00000000000000000000, delta^k = 0.00000000000000000000
    Local Iteration 124: ||V_upper^k - V_upper^k-1||_inf = 0.00085657862919257324, ||V_lower^k - V_lower^k-1||_inf = 0.00000000000000000000, delta^k = 0.00000000000000000000
    Local Iteration 125: ||V_upper^k - V_upper^k-1||_inf = 0.00082231548402486934, ||V_lower^k - V_lower^k-1||_inf = 0.00000000000000000000, delta^k = 0.00000000000000000000
    Local Iteration 126: ||V_upper^k - V_upper^k-1||_inf = 0.00078942286466387318, ||V_lower^k - V_lower^k-1||_inf = 0.00000000000000000000, delta^k = 0.00000000000000000000
    Local Iteration 127: ||V_upper^k - V_upper^k-1||_inf = 0.00075784595007731895, ||V_lower^k - V_lower^k-1||_inf = 0.00000000000000000000, delta^k = 0.00000000000000000000
    Local Iteration 128: ||V_upper^k - V_upper^k-1||_inf = 0.00072753211207422785, ||V_lower^k - V_lower^k-1||_inf = 0.00000000000000000000, delta^k = 0.00000000000000000000
    Local Iteration 129: ||V_upper^k - V_upper^k-1||_inf = 0.00069843082759125583, ||V_lower^k - V_lower^k-1||_inf = 0.00000000000000000000, delta^k = 0.00000000000000000000
    Local Iteration 130: ||V_upper^k - V_upper^k-1||_inf = 0.00067049359448760615, ||V_lower^k - V_lower^k-1||_inf = 0.00000000000000000000, delta^k = 0.00000000000000000000
    Local Iteration 131: ||V_upper^k - V_upper^k-1||_inf = 0.00064367385070810204, ||V_lower^k - V_lower^k-1||_inf = 0.00000000000000000000, delta^k = 0.00000000000000000000
    Local Iteration 132: ||V_upper^k - V_upper^k-1||_inf = 0.00061792689667977858, ||V_lower^k - V_lower^k-1||_inf = 0.00000000000000000000, delta^k = 0.00000000000000000000
    Local Iteration 133: ||V_upper^k - V_upper^k-1||_inf = 0.00059320982081258709, ||V_lower^k - V_lower^k-1||_inf = 0.00000000000000000000, delta^k = 0.00000000000000000000
    Local Iteration 134: ||V_upper^k - V_upper^k-1||_inf = 0.00056948142798008382, ||V_lower^k - V_lower^k-1||_inf = 0.00000000000000000000, delta^k = 0.00000000000000000000
    Local Iteration 135: ||V_upper^k - V_upper^k-1||_inf = 0.00054670217086088060, ||V_lower^k - V_lower^k-1||_inf = 0.00000000000000000000, delta^k = 0.00000000000000000000
    Local Iteration 136: ||V_upper^k - V_upper^k-1||_inf = 0.00052483408402644559, ||V_lower^k - V_lower^k-1||_inf = 0.00000000000000000000, delta^k = 0.00000000000000000000
    Local Iteration 137: ||V_upper^k - V_upper^k-1||_inf = 0.00050384072066538693, ||V_lower^k - V_lower^k-1||_inf = 0.00000000000000000000, delta^k = 0.00000000000000000000
    Local Iteration 138: ||V_upper^k - V_upper^k-1||_inf = 0.00048368709183877097, ||V_lower^k - V_lower^k-1||_inf = 0.00000000000000000000, delta^k = 0.00000000000000000000
    Local Iteration 139: ||V_upper^k - V_upper^k-1||_inf = 0.00046433960816522069, ||V_lower^k - V_lower^k-1||_inf = 0.00000000000000000000, delta^k = 0.00000000000000000000
    Local Iteration 140: ||V_upper^k - V_upper^k-1||_inf = 0.00044576602383861186, ||V_lower^k - V_lower^k-1||_inf = 0.00000000000000000000, delta^k = 0.00000000000000000000
    Local Iteration 141: ||V_upper^k - V_upper^k-1||_inf = 0.00042793538288506822, ||V_lower^k - V_lower^k-1||_inf = 0.00000000000000000000, delta^k = 0.00000000000000000000
    Local Iteration 142: ||V_upper^k - V_upper^k-1||_inf = 0.00041081796756966410, ||V_lower^k - V_lower^k-1||_inf = 0.00000000000000000000, delta^k = 0.00000000000000000000
    Local Iteration 143: ||V_upper^k - V_upper^k-1||_inf = 0.00039438524886687906, ||V_lower^k - V_lower^k-1||_inf = 0.00000000000000000000, delta^k = 0.00000000000000000000
    Local Iteration 144: ||V_upper^k - V_upper^k-1||_inf = 0.00037860983891220383, ||V_lower^k - V_lower^k-1||_inf = 0.00000000000000000000, delta^k = 0.00000000000000000000
    Local Iteration 145: ||V_upper^k - V_upper^k-1||_inf = 0.00036346544535571443, ||V_lower^k - V_lower^k-1||_inf = 0.00000000000000000000, delta^k = 0.00000000000000000000
    Local Iteration 146: ||V_upper^k - V_upper^k-1||_inf = 0.00034892682754148613, ||V_lower^k - V_lower^k-1||_inf = 0.00000000000000000000, delta^k = 0.00000000000000000000
    Local Iteration 147: ||V_upper^k - V_upper^k-1||_inf = 0.00033496975443982752, ||V_lower^k - V_lower^k-1||_inf = 0.00000000000000000000, delta^k = 0.00000000000000000000
    Local Iteration 148: ||V_upper^k - V_upper^k-1||_inf = 0.00032157096426223362, ||V_lower^k - V_lower^k-1||_inf = 0.00000000000000000000, delta^k = 0.00000000000000000000
    Local Iteration 149: ||V_upper^k - V_upper^k-1||_inf = 0.00030870812569174476, ||V_lower^k - V_lower^k-1||_inf = 0.00000000000000000000, delta^k = 0.00000000000000000000
    Local Iteration 150: ||V_upper^k - V_upper^k-1||_inf = 0.00029635980066407448, ||V_lower^k - V_lower^k-1||_inf = 0.00000000000000000000, delta^k = 0.00000000000000000000
    Local Iteration 151: ||V_upper^k - V_upper^k-1||_inf = 0.00028450540863751185, ||V_lower^k - V_lower^k-1||_inf = 0.00000000000000000000, delta^k = 0.00000000000000000000
    Local Iteration 152: ||V_upper^k - V_upper^k-1||_inf = 0.00027312519229201124, ||V_lower^k - V_lower^k-1||_inf = 0.00000000000000000000, delta^k = 0.00000000000000000000
    Local Iteration 153: ||V_upper^k - V_upper^k-1||_inf = 0.00026220018460033044, ||V_lower^k - V_lower^k-1||_inf = 0.00000000000000000000, delta^k = 0.00000000000000000000
    Local Iteration 154: ||V_upper^k - V_upper^k-1||_inf = 0.00025171217721631743, ||V_lower^k - V_lower^k-1||_inf = 0.00000000000000000000, delta^k = 0.00000000000000000000
    Local Iteration 155: ||V_upper^k - V_upper^k-1||_inf = 0.00024164369012766480, ||V_lower^k - V_lower^k-1||_inf = 0.00000000000000000000, delta^k = 0.00000000000000000000
    Local Iteration 156: ||V_upper^k - V_upper^k-1||_inf = 0.00023197794252255780, ||V_lower^k - V_lower^k-1||_inf = 0.00000000000000000000, delta^k = 0.00000000000000000000
    Local Iteration 157: ||V_upper^k - V_upper^k-1||_inf = 0.00022269882482165576, ||V_lower^k - V_lower^k-1||_inf = 0.00000000000000000000, delta^k = 0.00000000000000000000
    Local Iteration 158: ||V_upper^k - V_upper^k-1||_inf = 0.00021379087182878988, ||V_lower^k - V_lower^k-1||_inf = 0.00000000000000000000, delta^k = 0.00000000000000000000
    Local Iteration 159: ||V_upper^k - V_upper^k-1||_inf = 0.00020523923695563769, ||V_lower^k - V_lower^k-1||_inf = 0.00000000000000000000, delta^k = 0.00000000000000000000
    Local Iteration 160: ||V_upper^k - V_upper^k-1||_inf = 0.00019702966747741236, ||V_lower^k - V_lower^k-1||_inf = 0.00000000000000000000, delta^k = 0.00000000000000000000
    Local Iteration 161: ||V_upper^k - V_upper^k-1||_inf = 0.00018914848077831569, ||V_lower^k - V_lower^k-1||_inf = 0.00000000000000000000, delta^k = 0.00000000000000000000
    Local Iteration 162: ||V_upper^k - V_upper^k-1||_inf = 0.00018158254154718341, ||V_lower^k - V_lower^k-1||_inf = 0.00000000000000000000, delta^k = 0.00000000000000000000
    Local Iteration 163: ||V_upper^k - V_upper^k-1||_inf = 0.00017431923988529569, ||V_lower^k - V_lower^k-1||_inf = 0.00000000000000000000, delta^k = 0.00000000000000000000
    Local Iteration 164: ||V_upper^k - V_upper^k-1||_inf = 0.00016734647028988393, ||V_lower^k - V_lower^k-1||_inf = 0.00000000000000000000, delta^k = 0.00000000000000000000
    Local Iteration 165: ||V_upper^k - V_upper^k-1||_inf = 0.00016065261147828885, ||V_lower^k - V_lower^k-1||_inf = 0.00000000000000000000, delta^k = 0.00000000000000000000
    Local Iteration 166: ||V_upper^k - V_upper^k-1||_inf = 0.00015422650701915706, ||V_lower^k - V_lower^k-1||_inf = 0.00000000000000000000, delta^k = 0.00000000000000000000
    Local Iteration 167: ||V_upper^k - V_upper^k-1||_inf = 0.00014805744673839112, ||V_lower^k - V_lower^k-1||_inf = 0.00000000000000000000, delta^k = 0.00000000000000000000
    Local Iteration 168: ||V_upper^k - V_upper^k-1||_inf = 0.00014213514886885544, ||V_lower^k - V_lower^k-1||_inf = 0.00000000000000000000, delta^k = 0.00000000000000000000
    Local Iteration 169: ||V_upper^k - V_upper^k-1||_inf = 0.00013644974291410119, ||V_lower^k - V_lower^k-1||_inf = 0.00000000000000000000, delta^k = 0.00000000000000000000
    Local Iteration 170: ||V_upper^k - V_upper^k-1||_inf = 0.00013099175319753690, ||V_lower^k - V_lower^k-1||_inf = 0.00000000000000000000, delta^k = 0.00000000000000000000
    Local Iteration 171: ||V_upper^k - V_upper^k-1||_inf = 0.00012575208306963561, ||V_lower^k - V_lower^k-1||_inf = 0.00000000000000000000, delta^k = 0.00000000000000000000
    Local Iteration 172: ||V_upper^k - V_upper^k-1||_inf = 0.00012072199974685026, ||V_lower^k - V_lower^k-1||_inf = 0.00000000000000000000, delta^k = 0.00000000000000000000
    Local Iteration 173: ||V_upper^k - V_upper^k-1||_inf = 0.00011589311975697620, ||V_lower^k - V_lower^k-1||_inf = 0.00000000000000000000, delta^k = 0.00000000000000000000
    Local Iteration 174: ||V_upper^k - V_upper^k-1||_inf = 0.00011125739496669696, ||V_lower^k - V_lower^k-1||_inf = 0.00000000000000000000, delta^k = 0.00000000000000000000
    Local Iteration 175: ||V_upper^k - V_upper^k-1||_inf = 0.00010680709916802925, ||V_lower^k - V_lower^k-1||_inf = 0.00000000000000000000, delta^k = 0.00000000000000000000
    Local Iteration 176: ||V_upper^k - V_upper^k-1||_inf = 0.00010253481520130798, ||V_lower^k - V_lower^k-1||_inf = 0.00000000000000000000, delta^k = 0.00000000000000000000
    Local Iteration 177: ||V_upper^k - V_upper^k-1||_inf = 0.00009843342259325573, ||V_lower^k - V_lower^k-1||_inf = 0.00000000000000000000, delta^k = 0.00000000000000000000
    Local Iteration 178: ||V_upper^k - V_upper^k-1||_inf = 0.00009449608568952526, ||V_lower^k - V_lower^k-1||_inf = 0.00000000000000000000, delta^k = 0.00000000000000000000
    Local Iteration 179: ||V_upper^k - V_upper^k-1||_inf = 0.00009071624226194425, ||V_lower^k - V_lower^k-1||_inf = 0.00000000000000000000, delta^k = 0.00000000000000000000
    Local Iteration 180: ||V_upper^k - V_upper^k-1||_inf = 0.00008708759257146674, ||V_lower^k - V_lower^k-1||_inf = 0.00000000000000000000, delta^k = 0.00000000000000000000
    Local Iteration 181: ||V_upper^k - V_upper^k-1||_inf = 0.00008360408886860793, ||V_lower^k - V_lower^k-1||_inf = 0.00000000000000000000, delta^k = 0.00000000000000000000
    Local Iteration 182: ||V_upper^k - V_upper^k-1||_inf = 0.00008025992531386357, ||V_lower^k - V_lower^k-1||_inf = 0.00000000000000000000, delta^k = 0.00000000000000000000
    Local Iteration 183: ||V_upper^k - V_upper^k-1||_inf = 0.00007704952830130899, ||V_lower^k - V_lower^k-1||_inf = 0.00000000000000000000, delta^k = 0.00000000000000000000
    Local Iteration 184: ||V_upper^k - V_upper^k-1||_inf = 0.00007396754716925661, ||V_lower^k - V_lower^k-1||_inf = 0.00000000000000000000, delta^k = 0.00000000000000000000
    Local Iteration 185: ||V_upper^k - V_upper^k-1||_inf = 0.00007100884528248638, ||V_lower^k - V_lower^k-1||_inf = 0.00000000000000000000, delta^k = 0.00000000000000000000
    Local Iteration 186: ||V_upper^k - V_upper^k-1||_inf = 0.00006816849147118706, ||V_lower^k - V_lower^k-1||_inf = 0.00000000000000000000, delta^k = 0.00000000000000000000
    Local Iteration 187: ||V_upper^k - V_upper^k-1||_inf = 0.00006544175181233945, ||V_lower^k - V_lower^k-1||_inf = 0.00000000000000000000, delta^k = 0.00000000000000000000
    Local Iteration 188: ||V_upper^k - V_upper^k-1||_inf = 0.00006282408173984596, ||V_lower^k - V_lower^k-1||_inf = 0.00000000000000000000, delta^k = 0.00000000000000000000
    Local Iteration 189: ||V_upper^k - V_upper^k-1||_inf = 0.00006031111847025201, ||V_lower^k - V_lower^k-1||_inf = 0.00000000000000000000, delta^k = 0.00000000000000000000
    Local Iteration 190: ||V_upper^k - V_upper^k-1||_inf = 0.00005789867373144197, ||V_lower^k - V_lower^k-1||_inf = 0.00000000000000000000, delta^k = 0.00000000000000000000
    Local Iteration 191: ||V_upper^k - V_upper^k-1||_inf = 0.00005558272678218433, ||V_lower^k - V_lower^k-1||_inf = 0.00000000000000000000, delta^k = 0.00000000000000000000
    Local Iteration 192: ||V_upper^k - V_upper^k-1||_inf = 0.00005335941771089691, ||V_lower^k - V_lower^k-1||_inf = 0.00000000000000000000, delta^k = 0.00000000000000000000
    Local Iteration 193: ||V_upper^k - V_upper^k-1||_inf = 0.00005122504100246099, ||V_lower^k - V_lower^k-1||_inf = 0.00000000000000000000, delta^k = 0.00000000000000000000
    Local Iteration 194: ||V_upper^k - V_upper^k-1||_inf = 0.00004917603936236271, ||V_lower^k - V_lower^k-1||_inf = 0.00000000000000000000, delta^k = 0.00000000000000000000
    Local Iteration 195: ||V_upper^k - V_upper^k-1||_inf = 0.00004720899778786814, ||V_lower^k - V_lower^k-1||_inf = 0.00000000000000000000, delta^k = 0.00000000000000000000
    Local Iteration 196: ||V_upper^k - V_upper^k-1||_inf = 0.00004532063787635347, ||V_lower^k - V_lower^k-1||_inf = 0.00000000000000000000, delta^k = 0.00000000000000000000
    Local Iteration 197: ||V_upper^k - V_upper^k-1||_inf = 0.00004350781236129924, ||V_lower^k - V_lower^k-1||_inf = 0.00000000000000000000, delta^k = 0.00000000000000000000
    Local Iteration 198: ||V_upper^k - V_upper^k-1||_inf = 0.00004176749986684720, ||V_lower^k - V_lower^k-1||_inf = 0.00000000000000000000, delta^k = 0.00000000000000000000
    Local Iteration 199: ||V_upper^k - V_upper^k-1||_inf = 0.00004009679987217337, ||V_lower^k - V_lower^k-1||_inf = 0.00000000000000000000, delta^k = 0.00000000000000000000
    Local Iteration 200: ||V_upper^k - V_upper^k-1||_inf = 0.00003849292787728640, ||V_lower^k - V_lower^k-1||_inf = 0.00000000000000000000, delta^k = 0.00000000000000000000
    Local Iteration 201: ||V_upper^k - V_upper^k-1||_inf = 0.00003695321076219497, ||V_lower^k - V_lower^k-1||_inf = 0.00000000000000000000, delta^k = 0.00000000000000000000
    Local Iteration 202: ||V_upper^k - V_upper^k-1||_inf = 0.00003547508233170719, ||V_lower^k - V_lower^k-1||_inf = 0.00000000000000000000, delta^k = 0.00000000000000000000
    Local Iteration 203: ||V_upper^k - V_upper^k-1||_inf = 0.00003405607903843885, ||V_lower^k - V_lower^k-1||_inf = 0.00000000000000000000, delta^k = 0.00000000000000000000
    Local Iteration 204: ||V_upper^k - V_upper^k-1||_inf = 0.00003269383587690131, ||V_lower^k - V_lower^k-1||_inf = 0.00000000000000000000, delta^k = 0.00000000000000000000
    Local Iteration 205: ||V_upper^k - V_upper^k-1||_inf = 0.00003138608244182529, ||V_lower^k - V_lower^k-1||_inf = 0.00000000000000000000, delta^k = 0.00000000000000000000
    Local Iteration 206: ||V_upper^k - V_upper^k-1||_inf = 0.00003013063914415227, ||V_lower^k - V_lower^k-1||_inf = 0.00000000000000000000, delta^k = 0.00000000000000000000
    Local Iteration 207: ||V_upper^k - V_upper^k-1||_inf = 0.00002892541357838623, ||V_lower^k - V_lower^k-1||_inf = 0.00000000000000000000, delta^k = 0.00000000000000000000
    Local Iteration 208: ||V_upper^k - V_upper^k-1||_inf = 0.00002776839703525077, ||V_lower^k - V_lower^k-1||_inf = 0.00000000000000000000, delta^k = 0.00000000000000000000
    Local Iteration 209: ||V_upper^k - V_upper^k-1||_inf = 0.00002665766115384069, ||V_lower^k - V_lower^k-1||_inf = 0.00000000000000000000, delta^k = 0.00000000000000000000
    Local Iteration 210: ||V_upper^k - V_upper^k-1||_inf = 0.00002559135470768710, ||V_lower^k - V_lower^k-1||_inf = 0.00000000000000000000, delta^k = 0.00000000000000000000
    Local Iteration 211: ||V_upper^k - V_upper^k-1||_inf = 0.00002456770051937956, ||V_lower^k - V_lower^k-1||_inf = 0.00000000000000000000, delta^k = 0.00000000000000000000
    Local Iteration 212: ||V_upper^k - V_upper^k-1||_inf = 0.00002358499249860446, ||V_lower^k - V_lower^k-1||_inf = 0.00000000000000000000, delta^k = 0.00000000000000000000
    Local Iteration 213: ||V_upper^k - V_upper^k-1||_inf = 0.00002264159279866021, ||V_lower^k - V_lower^k-1||_inf = 0.00000000000000000000, delta^k = 0.00000000000000000000
    Local Iteration 214: ||V_upper^k - V_upper^k-1||_inf = 0.00002173592908671386, ||V_lower^k - V_lower^k-1||_inf = 0.00000000000000000000, delta^k = 0.00000000000000000000
    Local Iteration 215: ||V_upper^k - V_upper^k-1||_inf = 0.00002086649192324522, ||V_lower^k - V_lower^k-1||_inf = 0.00000000000000000000, delta^k = 0.00000000000000000000
    Local Iteration 216: ||V_upper^k - V_upper^k-1||_inf = 0.00002003183224631543, ||V_lower^k - V_lower^k-1||_inf = 0.00000000000000000000, delta^k = 0.00000000000000000000
    Local Iteration 217: ||V_upper^k - V_upper^k-1||_inf = 0.00001923055895646284, ||V_lower^k - V_lower^k-1||_inf = 0.00000000000000000000, delta^k = 0.00000000000000000000
    Local Iteration 218: ||V_upper^k - V_upper^k-1||_inf = 0.00001846133659820433, ||V_lower^k - V_lower^k-1||_inf = 0.00000000000000000000, delta^k = 0.00000000000000000000
    Local Iteration 219: ||V_upper^k - V_upper^k-1||_inf = 0.00001772288313427612, ||V_lower^k - V_lower^k-1||_inf = 0.00000000000000000000, delta^k = 0.00000000000000000000
    Local Iteration 220: ||V_upper^k - V_upper^k-1||_inf = 0.00001701396780890509, ||V_lower^k - V_lower^k-1||_inf = 0.00000000000000000000, delta^k = 0.00000000000000000000
    Local Iteration 221: ||V_upper^k - V_upper^k-1||_inf = 0.00001633340909654889, ||V_lower^k - V_lower^k-1||_inf = 0.00000000000000000000, delta^k = 0.00000000000000000000
    Local Iteration 222: ||V_upper^k - V_upper^k-1||_inf = 0.00001568007273268696, ||V_lower^k - V_lower^k-1||_inf = 0.00000000000000000000, delta^k = 0.00000000000000000000
    Local Iteration 223: ||V_upper^k - V_upper^k-1||_inf = 0.00001505286982337944, ||V_lower^k - V_lower^k-1||_inf = 0.00000000000000000000, delta^k = 0.00000000000000000000
    Local Iteration 224: ||V_upper^k - V_upper^k-1||_inf = 0.00001445075503044431, ||V_lower^k - V_lower^k-1||_inf = 0.00000000000000000000, delta^k = 0.00000000000000000000
    Local Iteration 225: ||V_upper^k - V_upper^k-1||_inf = 0.00001387272482922648, ||V_lower^k - V_lower^k-1||_inf = 0.00000000000000000000, delta^k = 0.00000000000000000000
    Local Iteration 226: ||V_upper^k - V_upper^k-1||_inf = 0.00001331781583605745, ||V_lower^k - V_lower^k-1||_inf = 0.00000000000000000000, delta^k = 0.00000000000000000000
    Local Iteration 227: ||V_upper^k - V_upper^k-1||_inf = 0.00001278510320261515, ||V_lower^k - V_lower^k-1||_inf = 0.00000000000000000000, delta^k = 0.00000000000000000000
    Local Iteration 228: ||V_upper^k - V_upper^k-1||_inf = 0.00001227369907451056, ||V_lower^k - V_lower^k-1||_inf = 0.00000000000000000000, delta^k = 0.00000000000000000000
    Local Iteration 229: ||V_upper^k - V_upper^k-1||_inf = 0.00001178275111153013, ||V_lower^k - V_lower^k-1||_inf = 0.00000000000000000000, delta^k = 0.00000000000000000000
    Local Iteration 230: ||V_upper^k - V_upper^k-1||_inf = 0.00001131144106706890, ||V_lower^k - V_lower^k-1||_inf = 0.00000000000000000000, delta^k = 0.00000000000000000000
    Local Iteration 231: ||V_upper^k - V_upper^k-1||_inf = 0.00001085898342438618, ||V_lower^k - V_lower^k-1||_inf = 0.00000000000000000000, delta^k = 0.00000000000000000000
    Local Iteration 232: ||V_upper^k - V_upper^k-1||_inf = 0.00001042462408741069, ||V_lower^k - V_lower^k-1||_inf = 0.00000000000000000000, delta^k = 0.00000000000000000000
    Local Iteration 233: ||V_upper^k - V_upper^k-1||_inf = 0.00001000763912391427, ||V_lower^k - V_lower^k-1||_inf = 0.00000000000000000000, delta^k = 0.00000000000000000000
    Local Iteration 234: ||V_upper^k - V_upper^k-1||_inf = 0.00000960733355895771, ||V_lower^k - V_lower^k-1||_inf = 0.00000000000000000000, delta^k = 0.00000000000000000000
    Local Iteration 235: ||V_upper^k - V_upper^k-1||_inf = 0.00000922304021659941, ||V_lower^k - V_lower^k-1||_inf = 0.00000000000000000000, delta^k = 0.00000000000000000000
    Local Iteration 236: ||V_upper^k - V_upper^k-1||_inf = 0.00000885411860793544, ||V_lower^k - V_lower^k-1||_inf = 0.00000000000000000000, delta^k = 0.00000000000000000000
    Local Iteration 237: ||V_upper^k - V_upper^k-1||_inf = 0.00000849995386361800, ||V_lower^k - V_lower^k-1||_inf = 0.00000000000000000000, delta^k = 0.00000000000000000000
    Local Iteration 238: ||V_upper^k - V_upper^k-1||_inf = 0.00000815995570907328, ||V_lower^k - V_lower^k-1||_inf = 0.00000000000000000000, delta^k = 0.00000000000000000000
    Local Iteration 239: ||V_upper^k - V_upper^k-1||_inf = 0.00000783355748071036, ||V_lower^k - V_lower^k-1||_inf = 0.00000000000000000000, delta^k = 0.00000000000000000000
    Local Iteration 240: ||V_upper^k - V_upper^k-1||_inf = 0.00000752021518148194, ||V_lower^k - V_lower^k-1||_inf = 0.00000000000000000000, delta^k = 0.00000000000000000000
    Local Iteration 241: ||V_upper^k - V_upper^k-1||_inf = 0.00000721940657422265, ||V_lower^k - V_lower^k-1||_inf = 0.00000000000000000000, delta^k = 0.00000000000000000000
    Local Iteration 242: ||V_upper^k - V_upper^k-1||_inf = 0.00000693063031125376, ||V_lower^k - V_lower^k-1||_inf = 0.00000000000000000000, delta^k = 0.00000000000000000000
    Local Iteration 243: ||V_upper^k - V_upper^k-1||_inf = 0.00000665340509880362, ||V_lower^k - V_lower^k-1||_inf = 0.00000000000000000000, delta^k = 0.00000000000000000000
    Local Iteration 244: ||V_upper^k - V_upper^k-1||_inf = 0.00000638726889485146, ||V_lower^k - V_lower^k-1||_inf = 0.00000000000000000000, delta^k = 0.00000000000000000000
    Local Iteration 245: ||V_upper^k - V_upper^k-1||_inf = 0.00000613177813905741, ||V_lower^k - V_lower^k-1||_inf = 0.00000000000000000000, delta^k = 0.00000000000000000000
    Local Iteration 246: ||V_upper^k - V_upper^k-1||_inf = 0.00000588650701349510, ||V_lower^k - V_lower^k-1||_inf = 0.00000000000000000000, delta^k = 0.00000000000000000000
    Local Iteration 247: ||V_upper^k - V_upper^k-1||_inf = 0.00000565104673295531, ||V_lower^k - V_lower^k-1||_inf = 0.00000000000000000000, delta^k = 0.00000000000000000000
    Local Iteration 248: ||V_upper^k - V_upper^k-1||_inf = 0.00000542500486363709, ||V_lower^k - V_lower^k-1||_inf = 0.00000000000000000000, delta^k = 0.00000000000000000000
    Local Iteration 249: ||V_upper^k - V_upper^k-1||_inf = 0.00000520800466909162, ||V_lower^k - V_lower^k-1||_inf = 0.00000000000000000000, delta^k = 0.00000000000000000000
    Local Iteration 250: ||V_upper^k - V_upper^k-1||_inf = 0.00000499968448232794, ||V_lower^k - V_lower^k-1||_inf = 0.00000000000000000000, delta^k = 0.00000000000000000000
    Local Iteration 251: ||V_upper^k - V_upper^k-1||_inf = 0.00000479969710303482, ||V_lower^k - V_lower^k-1||_inf = 0.00000000000000000000, delta^k = 0.00000000000000000000
    Local Iteration 252: ||V_upper^k - V_upper^k-1||_inf = 0.00000460770921891343, ||V_lower^k - V_lower^k-1||_inf = 0.00000000000000000000, delta^k = 0.00000000000000000000
    Local Iteration 253: ||V_upper^k - V_upper^k-1||_inf = 0.00000442340085015690, ||V_lower^k - V_lower^k-1||_inf = 0.00000000000000000000, delta^k = 0.00000000000000000000
    Local Iteration 254: ||V_upper^k - V_upper^k-1||_inf = 0.00000424646481615062, ||V_lower^k - V_lower^k-1||_inf = 0.00000000000000000000, delta^k = 0.00000000000000000000
    Local Iteration 255: ||V_upper^k - V_upper^k-1||_inf = 0.00000407660622350459, ||V_lower^k - V_lower^k-1||_inf = 0.00000000000000000000, delta^k = 0.00000000000000000000
    Local Iteration 256: ||V_upper^k - V_upper^k-1||_inf = 0.00000391354197456440, ||V_lower^k - V_lower^k-1||_inf = 0.00000000000000000000, delta^k = 0.00000000000000000000
    Local Iteration 257: ||V_upper^k - V_upper^k-1||_inf = 0.00000375700029558184, ||V_lower^k - V_lower^k-1||_inf = 0.00000000000000000000, delta^k = 0.00000000000000000000
    Local Iteration 258: ||V_upper^k - V_upper^k-1||_inf = 0.00000360672028375856, ||V_lower^k - V_lower^k-1||_inf = 0.00000000000000000000, delta^k = 0.00000000000000000000
    Local Iteration 259: ||V_upper^k - V_upper^k-1||_inf = 0.00000346245147240822, ||V_lower^k - V_lower^k-1||_inf = 0.00000000000000000000, delta^k = 0.00000000000000000000
    Local Iteration 260: ||V_upper^k - V_upper^k-1||_inf = 0.00000332395341351189, ||V_lower^k - V_lower^k-1||_inf = 0.00000000000000000000, delta^k = 0.00000000000000000000
    Local Iteration 261: ||V_upper^k - V_upper^k-1||_inf = 0.00000319099527697141, ||V_lower^k - V_lower^k-1||_inf = 0.00000000000000000000, delta^k = 0.00000000000000000000
    Local Iteration 262: ||V_upper^k - V_upper^k-1||_inf = 0.00000306335546589255, ||V_lower^k - V_lower^k-1||_inf = 0.00000000000000000000, delta^k = 0.00000000000000000000
    Local Iteration 263: ||V_upper^k - V_upper^k-1||_inf = 0.00000294082124725685, ||V_lower^k - V_lower^k-1||_inf = 0.00000000000000000000, delta^k = 0.00000000000000000000
    Local Iteration 264: ||V_upper^k - V_upper^k-1||_inf = 0.00000282318839736658, ||V_lower^k - V_lower^k-1||_inf = 0.00000000000000000000, delta^k = 0.00000000000000000000
    Local Iteration 265: ||V_upper^k - V_upper^k-1||_inf = 0.00000271026086147192, ||V_lower^k - V_lower^k-1||_inf = 0.00000000000000000000, delta^k = 0.00000000000000000000
    Local Iteration 266: ||V_upper^k - V_upper^k-1||_inf = 0.00000260185042701304, ||V_lower^k - V_lower^k-1||_inf = 0.00000000000000000000, delta^k = 0.00000000000000000000
    Local Iteration 267: ||V_upper^k - V_upper^k-1||_inf = 0.00000249777640993252, ||V_lower^k - V_lower^k-1||_inf = 0.00000000000000000000, delta^k = 0.00000000000000000000
    Local Iteration 268: ||V_upper^k - V_upper^k-1||_inf = 0.00000239786535353522, ||V_lower^k - V_lower^k-1||_inf = 0.00000000000000000000, delta^k = 0.00000000000000000000
    Local Iteration 269: ||V_upper^k - V_upper^k-1||_inf = 0.00000230195073939381, ||V_lower^k - V_lower^k-1||_inf = 0.00000000000000000000, delta^k = 0.00000000000000000000
    Local Iteration 270: ||V_upper^k - V_upper^k-1||_inf = 0.00000220987270981806, ||V_lower^k - V_lower^k-1||_inf = 0.00000000000000000000, delta^k = 0.00000000000000000000
    Local Iteration 271: ||V_upper^k - V_upper^k-1||_inf = 0.00000212147780142533, ||V_lower^k - V_lower^k-1||_inf = 0.00000000000000000000, delta^k = 0.00000000000000000000
    Local Iteration 272: ||V_upper^k - V_upper^k-1||_inf = 0.00000203661868936832, ||V_lower^k - V_lower^k-1||_inf = 0.00000000000000000000, delta^k = 0.00000000000000000000
    Local Iteration 273: ||V_upper^k - V_upper^k-1||_inf = 0.00000195515394179359, ||V_lower^k - V_lower^k-1||_inf = 0.00000000000000000000, delta^k = 0.00000000000000000000
    Local Iteration 274: ||V_upper^k - V_upper^k-1||_inf = 0.00000187694778412184, ||V_lower^k - V_lower^k-1||_inf = 0.00000000000000000000, delta^k = 0.00000000000000000000
    Local Iteration 275: ||V_upper^k - V_upper^k-1||_inf = 0.00000180186987275697, ||V_lower^k - V_lower^k-1||_inf = 0.00000000000000000000, delta^k = 0.00000000000000000000
    Local Iteration 276: ||V_upper^k - V_upper^k-1||_inf = 0.00000172979507784669, ||V_lower^k - V_lower^k-1||_inf = 0.00000000000000000000, delta^k = 0.00000000000000000000
    Local Iteration 277: ||V_upper^k - V_upper^k-1||_inf = 0.00000166060327473282, ||V_lower^k - V_lower^k-1||_inf = 0.00000000000000000000, delta^k = 0.00000000000000000000
    Local Iteration 278: ||V_upper^k - V_upper^k-1||_inf = 0.00000159417914374351, ||V_lower^k - V_lower^k-1||_inf = 0.00000000000000000000, delta^k = 0.00000000000000000000
    Local Iteration 279: ||V_upper^k - V_upper^k-1||_inf = 0.00000153041197799377, ||V_lower^k - V_lower^k-1||_inf = 0.00000000000000000000, delta^k = 0.00000000000000000000
    Local Iteration 280: ||V_upper^k - V_upper^k-1||_inf = 0.00000146919549887402, ||V_lower^k - V_lower^k-1||_inf = 0.00000000000000000000, delta^k = 0.00000000000000000000
    Local Iteration 281: ||V_upper^k - V_upper^k-1||_inf = 0.00000141042767891906, ||V_lower^k - V_lower^k-1||_inf = 0.00000000000000000000, delta^k = 0.00000000000000000000
    Local Iteration 282: ||V_upper^k - V_upper^k-1||_inf = 0.00000135401057176230, ||V_lower^k - V_lower^k-1||_inf = 0.00000000000000000000, delta^k = 0.00000000000000000000
    Local Iteration 283: ||V_upper^k - V_upper^k-1||_inf = 0.00000129985014889180, ||V_lower^k - V_lower^k-1||_inf = 0.00000000000000000000, delta^k = 0.00000000000000000000
    Local Iteration 284: ||V_upper^k - V_upper^k-1||_inf = 0.00000124785614293613, ||V_lower^k - V_lower^k-1||_inf = 0.00000000000000000000, delta^k = 0.00000000000000000000
    Local Iteration 285: ||V_upper^k - V_upper^k-1||_inf = 0.00000119794189721869, ||V_lower^k - V_lower^k-1||_inf = 0.00000000000000000000, delta^k = 0.00000000000000000000
    Local Iteration 286: ||V_upper^k - V_upper^k-1||_inf = 0.00000115002422132994, ||V_lower^k - V_lower^k-1||_inf = 0.00000000000000000000, delta^k = 0.00000000000000000000
    Local Iteration 287: ||V_upper^k - V_upper^k-1||_inf = 0.00000110402325247674, ||V_lower^k - V_lower^k-1||_inf = 0.00000000000000000000, delta^k = 0.00000000000000000000
    Local Iteration 288: ||V_upper^k - V_upper^k-1||_inf = 0.00000105986232237767, ||V_lower^k - V_lower^k-1||_inf = 0.00000000000000000000, delta^k = 0.00000000000000000000
    Local Iteration 289: ||V_upper^k - V_upper^k-1||_inf = 0.00000101746782948256, ||V_lower^k - V_lower^k-1||_inf = 0.00000000000000000000, delta^k = 0.00000000000000000000
    Local Iteration 290: ||V_upper^k - V_upper^k-1||_inf = 0.00000097676911630326, ||V_lower^k - V_lower^k-1||_inf = 0.00000000000000000000, delta^k = 0.00000000000000000000
    Local Iteration 291: ||V_upper^k - V_upper^k-1||_inf = 0.00000093769835165113, ||V_lower^k - V_lower^k-1||_inf = 0.00000000000000000000, delta^k = 0.00000000000000000000
    Local Iteration 292: ||V_upper^k - V_upper^k-1||_inf = 0.00000090019041758509, ||V_lower^k - V_lower^k-1||_inf = 0.00000000000000000000, delta^k = 0.00000000000000000000
    Local Iteration 293: ||V_upper^k - V_upper^k-1||_inf = 0.00000086418280088168, ||V_lower^k - V_lower^k-1||_inf = 0.00000000000000000000, delta^k = 0.00000000000000000000
    Local Iteration 294: ||V_upper^k - V_upper^k-1||_inf = 0.00000082961548884641, ||V_lower^k - V_lower^k-1||_inf = 0.00000000000000000000, delta^k = 0.00000000000000000000
    Local Iteration 295: ||V_upper^k - V_upper^k-1||_inf = 0.00000079643086929256, ||V_lower^k - V_lower^k-1||_inf = 0.00000000000000000000, delta^k = 0.00000000000000000000
    Local Iteration 296: ||V_upper^k - V_upper^k-1||_inf = 0.00000076457363452086, ||V_lower^k - V_lower^k-1||_inf = 0.00000000000000000000, delta^k = 0.00000000000000000000
    Local Iteration 297: ||V_upper^k - V_upper^k-1||_inf = 0.00000073399068914002, ||V_lower^k - V_lower^k-1||_inf = 0.00000000000000000000, delta^k = 0.00000000000000000000
    Local Iteration 298: ||V_upper^k - V_upper^k-1||_inf = 0.00000070463106157442, ||V_lower^k - V_lower^k-1||_inf = 0.00000000000000000000, delta^k = 0.00000000000000000000
    Local Iteration 299: ||V_upper^k - V_upper^k-1||_inf = 0.00000067644581911144, ||V_lower^k - V_lower^k-1||_inf = 0.00000000000000000000, delta^k = 0.00000000000000000000
    Local Iteration 300: ||V_upper^k - V_upper^k-1||_inf = 0.00000064938798634699, ||V_lower^k - V_lower^k-1||_inf = 0.00000000000000000000, delta^k = 0.00000000000000000000
    Local Iteration 301: ||V_upper^k - V_upper^k-1||_inf = 0.00000062341246689311, ||V_lower^k - V_lower^k-1||_inf = 0.00000000000000000000, delta^k = 0.00000000000000000000
    Local Iteration 302: ||V_upper^k - V_upper^k-1||_inf = 0.00000059847596821738, ||V_lower^k - V_lower^k-1||_inf = 0.00000000000000000000, delta^k = 0.00000000000000000000
    Local Iteration 303: ||V_upper^k - V_upper^k-1||_inf = 0.00000057453692948869, ||V_lower^k - V_lower^k-1||_inf = 0.00000000000000000000, delta^k = 0.00000000000000000000
    Local Iteration 304: ||V_upper^k - V_upper^k-1||_inf = 0.00000055155545230914, ||V_lower^k - V_lower^k-1||_inf = 0.00000000000000000000, delta^k = 0.00000000000000000000
    Local Iteration 305: ||V_upper^k - V_upper^k-1||_inf = 0.00000052949323421677, ||V_lower^k - V_lower^k-1||_inf = 0.00000000000000000000, delta^k = 0.00000000000000000000
    Local Iteration 306: ||V_upper^k - V_upper^k-1||_inf = 0.00000050831350484810, ||V_lower^k - V_lower^k-1||_inf = 0.00000000000000000000, delta^k = 0.00000000000000000000
    Local Iteration 307: ||V_upper^k - V_upper^k-1||_inf = 0.00000048798096465418, ||V_lower^k - V_lower^k-1||_inf = 0.00000000000000000000, delta^k = 0.00000000000000000000
    Local Iteration 308: ||V_upper^k - V_upper^k-1||_inf = 0.00000046846172606801, ||V_lower^k - V_lower^k-1||_inf = 0.00000000000000000000, delta^k = 0.00000000000000000000
    Local Iteration 309: ||V_upper^k - V_upper^k-1||_inf = 0.00000044972325702529, ||V_lower^k - V_lower^k-1||_inf = 0.00000000000000000000, delta^k = 0.00000000000000000000
    Local Iteration 310: ||V_upper^k - V_upper^k-1||_inf = 0.00000043173432674428, ||V_lower^k - V_lower^k-1||_inf = 0.00000000000000000000, delta^k = 0.00000000000000000000
    Local Iteration 311: ||V_upper^k - V_upper^k-1||_inf = 0.00000041446495367451, ||V_lower^k - V_lower^k-1||_inf = 0.00000000000000000000, delta^k = 0.00000000000000000000
    Local Iteration 312: ||V_upper^k - V_upper^k-1||_inf = 0.00000039788635552753, ||V_lower^k - V_lower^k-1||_inf = 0.00000000000000000000, delta^k = 0.00000000000000000000
    Local Iteration 313: ||V_upper^k - V_upper^k-1||_inf = 0.00000038197090130643, ||V_lower^k - V_lower^k-1||_inf = 0.00000000000000000000, delta^k = 0.00000000000000000000
    Local Iteration 314: ||V_upper^k - V_upper^k-1||_inf = 0.00000036669206525417, ||V_lower^k - V_lower^k-1||_inf = 0.00000000000000000000, delta^k = 0.00000000000000000000
    Local Iteration 315: ||V_upper^k - V_upper^k-1||_inf = 0.00000035202438264400, ||V_lower^k - V_lower^k-1||_inf = 0.00000000000000000000, delta^k = 0.00000000000000000000
    Local Iteration 316: ||V_upper^k - V_upper^k-1||_inf = 0.00000033794340733824, ||V_lower^k - V_lower^k-1||_inf = 0.00000000000000000000, delta^k = 0.00000000000000000000
    Local Iteration 317: ||V_upper^k - V_upper^k-1||_inf = 0.00000032442567104471, ||V_lower^k - V_lower^k-1||_inf = 0.00000000000000000000, delta^k = 0.00000000000000000000
    Local Iteration 318: ||V_upper^k - V_upper^k-1||_inf = 0.00000031144864420293, ||V_lower^k - V_lower^k-1||_inf = 0.00000000000000000000, delta^k = 0.00000000000000000000
    Local Iteration 319: ||V_upper^k - V_upper^k-1||_inf = 0.00000029899069843481, ||V_lower^k - V_lower^k-1||_inf = 0.00000000000000000000, delta^k = 0.00000000000000000000
    Local Iteration 320: ||V_upper^k - V_upper^k-1||_inf = 0.00000028703107049742, ||V_lower^k - V_lower^k-1||_inf = 0.00000000000000000000, delta^k = 0.00000000000000000000
    Local Iteration 321: ||V_upper^k - V_upper^k-1||_inf = 0.00000027554982767752, ||V_lower^k - V_lower^k-1||_inf = 0.00000000000000000000, delta^k = 0.00000000000000000000
    Local Iteration 322: ||V_upper^k - V_upper^k-1||_inf = 0.00000026452783457042, ||V_lower^k - V_lower^k-1||_inf = 0.00000000000000000000, delta^k = 0.00000000000000000000
    Local Iteration 323: ||V_upper^k - V_upper^k-1||_inf = 0.00000025394672118760, ||V_lower^k - V_lower^k-1||_inf = 0.00000000000000000000, delta^k = 0.00000000000000000000
    Local Iteration 324: ||V_upper^k - V_upper^k-1||_inf = 0.00000024378885234010, ||V_lower^k - V_lower^k-1||_inf = 0.00000000000000000000, delta^k = 0.00000000000000000000
    Local Iteration 325: ||V_upper^k - V_upper^k-1||_inf = 0.00000023403729824649, ||V_lower^k - V_lower^k-1||_inf = 0.00000000000000000000, delta^k = 0.00000000000000000000
    Local Iteration 326: ||V_upper^k - V_upper^k-1||_inf = 0.00000022467580631663, ||V_lower^k - V_lower^k-1||_inf = 0.00000000000000000000, delta^k = 0.00000000000000000000
    Local Iteration 327: ||V_upper^k - V_upper^k-1||_inf = 0.00000021568877406397, ||V_lower^k - V_lower^k-1||_inf = 0.00000000000000000000, delta^k = 0.00000000000000000000
    Local Iteration 328: ||V_upper^k - V_upper^k-1||_inf = 0.00000020706122310141, ||V_lower^k - V_lower^k-1||_inf = 0.00000000000000000000, delta^k = 0.00000000000000000000
    Local Iteration 329: ||V_upper^k - V_upper^k-1||_inf = 0.00000019877877417735, ||V_lower^k - V_lower^k-1||_inf = 0.00000000000000000000, delta^k = 0.00000000000000000000
    Local Iteration 330: ||V_upper^k - V_upper^k-1||_inf = 0.00000019082762321026, ||V_lower^k - V_lower^k-1||_inf = 0.00000000000000000000, delta^k = 0.00000000000000000000
    Local Iteration 331: ||V_upper^k - V_upper^k-1||_inf = 0.00000018319451828185, ||V_lower^k - V_lower^k-1||_inf = 0.00000000000000000000, delta^k = 0.00000000000000000000
    Local Iteration 332: ||V_upper^k - V_upper^k-1||_inf = 0.00000017586673755058, ||V_lower^k - V_lower^k-1||_inf = 0.00000000000000000000, delta^k = 0.00000000000000000000
    Local Iteration 333: ||V_upper^k - V_upper^k-1||_inf = 0.00000016883206804855, ||V_lower^k - V_lower^k-1||_inf = 0.00000000000000000000, delta^k = 0.00000000000000000000
    Local Iteration 334: ||V_upper^k - V_upper^k-1||_inf = 0.00000016207878532661, ||V_lower^k - V_lower^k-1||_inf = 0.00000000000000000000, delta^k = 0.00000000000000000000
    Local Iteration 335: ||V_upper^k - V_upper^k-1||_inf = 0.00000015559563391355, ||V_lower^k - V_lower^k-1||_inf = 0.00000000000000000000, delta^k = 0.00000000000000000000
    Local Iteration 336: ||V_upper^k - V_upper^k-1||_inf = 0.00000014937180855700, ||V_lower^k - V_lower^k-1||_inf = 0.00000000000000000000, delta^k = 0.00000000000000000000
    Local Iteration 337: ||V_upper^k - V_upper^k-1||_inf = 0.00000014339693621472, ||V_lower^k - V_lower^k-1||_inf = 0.00000000000000000000, delta^k = 0.00000000000000000000
    Local Iteration 338: ||V_upper^k - V_upper^k-1||_inf = 0.00000013766105876613, ||V_lower^k - V_lower^k-1||_inf = 0.00000000000000000000, delta^k = 0.00000000000000000000
    Local Iteration 339: ||V_upper^k - V_upper^k-1||_inf = 0.00000013215461641549, ||V_lower^k - V_lower^k-1||_inf = 0.00000000000000000000, delta^k = 0.00000000000000000000
    Local Iteration 340: ||V_upper^k - V_upper^k-1||_inf = 0.00000012686843175887, ||V_lower^k - V_lower^k-1||_inf = 0.00000000000000000000, delta^k = 0.00000000000000000000
    Local Iteration 341: ||V_upper^k - V_upper^k-1||_inf = 0.00000012179369448851, ||V_lower^k - V_lower^k-1||_inf = 0.00000000000000000000, delta^k = 0.00000000000000000000
    Local Iteration 342: ||V_upper^k - V_upper^k-1||_inf = 0.00000011692194670897, ||V_lower^k - V_lower^k-1||_inf = 0.00000000000000000000, delta^k = 0.00000000000000000000
    Local Iteration 343: ||V_upper^k - V_upper^k-1||_inf = 0.00000011224506884061, ||V_lower^k - V_lower^k-1||_inf = 0.00000000000000000000, delta^k = 0.00000000000000000000
    Local Iteration 344: ||V_upper^k - V_upper^k-1||_inf = 0.00000010775526608699, ||V_lower^k - V_lower^k-1||_inf = 0.00000000000000000000, delta^k = 0.00000000000000000000
    Local Iteration 345: ||V_upper^k - V_upper^k-1||_inf = 0.00000010344505544351, ||V_lower^k - V_lower^k-1||_inf = 0.00000000000000000000, delta^k = 0.00000000000000000000
    Local Iteration 346: ||V_upper^k - V_upper^k-1||_inf = 0.00000009930725322577, ||V_lower^k - V_lower^k-1||_inf = 0.00000000000000000000, delta^k = 0.00000000000000000000
    Local Iteration 347: ||V_upper^k - V_upper^k-1||_inf = 0.00000009533496309674, ||V_lower^k - V_lower^k-1||_inf = 0.00000000000000000000, delta^k = 0.00000000000000000000
    Local Iteration 348: ||V_upper^k - V_upper^k-1||_inf = 0.00000009152156457287, ||V_lower^k - V_lower^k-1||_inf = 0.00000000000000000000, delta^k = 0.00000000000000000000
    Local Iteration 349: ||V_upper^k - V_upper^k-1||_inf = 0.00000008786070198996, ||V_lower^k - V_lower^k-1||_inf = 0.00000000000000000000, delta^k = 0.00000000000000000000
    Local Iteration 350: ||V_upper^k - V_upper^k-1||_inf = 0.00000008434627391036, ||V_lower^k - V_lower^k-1||_inf = 0.00000000000000000000, delta^k = 0.00000000000000000000
    Local Iteration 351: ||V_upper^k - V_upper^k-1||_inf = 0.00000008097242295394, ||V_lower^k - V_lower^k-1||_inf = 0.00000000000000000000, delta^k = 0.00000000000000000000
    Local Iteration 352: ||V_upper^k - V_upper^k-1||_inf = 0.00000007773352603578, ||V_lower^k - V_lower^k-1||_inf = 0.00000000000000000000, delta^k = 0.00000000000000000000
    Local Iteration 353: ||V_upper^k - V_upper^k-1||_inf = 0.00000007462418499435, ||V_lower^k - V_lower^k-1||_inf = 0.00000000000000000000, delta^k = 0.00000000000000000000
    Local Iteration 354: ||V_upper^k - V_upper^k-1||_inf = 0.00000007163921759458, ||V_lower^k - V_lower^k-1||_inf = 0.00000000000000000000, delta^k = 0.00000000000000000000
    Local Iteration 355: ||V_upper^k - V_upper^k-1||_inf = 0.00000006877364889080, ||V_lower^k - V_lower^k-1||_inf = 0.00000000000000000000, delta^k = 0.00000000000000000000
    Local Iteration 356: ||V_upper^k - V_upper^k-1||_inf = 0.00000006602270293516, ||V_lower^k - V_lower^k-1||_inf = 0.00000000000000000000, delta^k = 0.00000000000000000000
    Local Iteration 357: ||V_upper^k - V_upper^k-1||_inf = 0.00000006338179481776, ||V_lower^k - V_lower^k-1||_inf = 0.00000000000000000000, delta^k = 0.00000000000000000000
    Local Iteration 358: ||V_upper^k - V_upper^k-1||_inf = 0.00000006084652302505, ||V_lower^k - V_lower^k-1||_inf = 0.00000000000000000000, delta^k = 0.00000000000000000000
    Local Iteration 359: ||V_upper^k - V_upper^k-1||_inf = 0.00000005841266210405, ||V_lower^k - V_lower^k-1||_inf = 0.00000000000000000000, delta^k = 0.00000000000000000000
    Local Iteration 360: ||V_upper^k - V_upper^k-1||_inf = 0.00000005607615561988, ||V_lower^k - V_lower^k-1||_inf = 0.00000000000000000000, delta^k = 0.00000000000000000000
    Local Iteration 361: ||V_upper^k - V_upper^k-1||_inf = 0.00000005383310939509, ||V_lower^k - V_lower^k-1||_inf = 0.00000000000000000000, delta^k = 0.00000000000000000000
    Local Iteration 362: ||V_upper^k - V_upper^k-1||_inf = 0.00000005167978501928, ||V_lower^k - V_lower^k-1||_inf = 0.00000000000000000000, delta^k = 0.00000000000000000000
    Local Iteration 363: ||V_upper^k - V_upper^k-1||_inf = 0.00000004961259361851, ||V_lower^k - V_lower^k-1||_inf = 0.00000000000000000000, delta^k = 0.00000000000000000000
    Local Iteration 364: ||V_upper^k - V_upper^k-1||_inf = 0.00000004762808987377, ||V_lower^k - V_lower^k-1||_inf = 0.00000000000000000000, delta^k = 0.00000000000000000000
    Local Iteration 365: ||V_upper^k - V_upper^k-1||_inf = 0.00000004572296627882, ||V_lower^k - V_lower^k-1||_inf = 0.00000000000000000000, delta^k = 0.00000000000000000000
    Local Iteration 366: ||V_upper^k - V_upper^k-1||_inf = 0.00000004389404762767, ||V_lower^k - V_lower^k-1||_inf = 0.00000000000000000000, delta^k = 0.00000000000000000000
    Local Iteration 367: ||V_upper^k - V_upper^k-1||_inf = 0.00000004213828572256, ||V_lower^k - V_lower^k-1||_inf = 0.00000000000000000000, delta^k = 0.00000000000000000000
    Local Iteration 368: ||V_upper^k - V_upper^k-1||_inf = 0.00000004045275429366, ||V_lower^k - V_lower^k-1||_inf = 0.00000000000000000000, delta^k = 0.00000000000000000000
    Local Iteration 369: ||V_upper^k - V_upper^k-1||_inf = 0.00000003883464412191, ||V_lower^k - V_lower^k-1||_inf = 0.00000000000000000000, delta^k = 0.00000000000000000000
    Local Iteration 370: ||V_upper^k - V_upper^k-1||_inf = 0.00000003728125835704, ||V_lower^k - V_lower^k-1||_inf = 0.00000000000000000000, delta^k = 0.00000000000000000000
    Local Iteration 371: ||V_upper^k - V_upper^k-1||_inf = 0.00000003579000802276, ||V_lower^k - V_lower^k-1||_inf = 0.00000000000000000000, delta^k = 0.00000000000000000000
    Local Iteration 372: ||V_upper^k - V_upper^k-1||_inf = 0.00000003435840770185, ||V_lower^k - V_lower^k-1||_inf = 0.00000000000000000000, delta^k = 0.00000000000000000000
    Local Iteration 373: ||V_upper^k - V_upper^k-1||_inf = 0.00000003298407139377, ||V_lower^k - V_lower^k-1||_inf = 0.00000000000000000000, delta^k = 0.00000000000000000000
    Local Iteration 374: ||V_upper^k - V_upper^k-1||_inf = 0.00000003166470853802, ||V_lower^k - V_lower^k-1||_inf = 0.00000000000000000000, delta^k = 0.00000000000000000000
    Local Iteration 375: ||V_upper^k - V_upper^k-1||_inf = 0.00000003039812019650, ||V_lower^k - V_lower^k-1||_inf = 0.00000000000000000000, delta^k = 0.00000000000000000000
    Local Iteration 376: ||V_upper^k - V_upper^k-1||_inf = 0.00000002918219538864, ||V_lower^k - V_lower^k-1||_inf = 0.00000000000000000000, delta^k = 0.00000000000000000000
    Local Iteration 377: ||V_upper^k - V_upper^k-1||_inf = 0.00000002801490757309, ||V_lower^k - V_lower^k-1||_inf = 0.00000000000000000000, delta^k = 0.00000000000000000000
    Local Iteration 378: ||V_upper^k - V_upper^k-1||_inf = 0.00000002689431127017, ||V_lower^k - V_lower^k-1||_inf = 0.00000000000000000000, delta^k = 0.00000000000000000000
    Local Iteration 379: ||V_upper^k - V_upper^k-1||_inf = 0.00000002581853881936, ||V_lower^k - V_lower^k-1||_inf = 0.00000000000000000000, delta^k = 0.00000000000000000000
    Local Iteration 380: ||V_upper^k - V_upper^k-1||_inf = 0.00000002478579726659, ||V_lower^k - V_lower^k-1||_inf = 0.00000000000000000000, delta^k = 0.00000000000000000000
    Local Iteration 381: ||V_upper^k - V_upper^k-1||_inf = 0.00000002379436537593, ||V_lower^k - V_lower^k-1||_inf = 0.00000000000000000000, delta^k = 0.00000000000000000000
    Local Iteration 382: ||V_upper^k - V_upper^k-1||_inf = 0.00000002284259076089, ||V_lower^k - V_lower^k-1||_inf = 0.00000000000000000000, delta^k = 0.00000000000000000000
    Local Iteration 383: ||V_upper^k - V_upper^k-1||_inf = 0.00000002192888713045, ||V_lower^k - V_lower^k-1||_inf = 0.00000000000000000000, delta^k = 0.00000000000000000000
    Local Iteration 384: ||V_upper^k - V_upper^k-1||_inf = 0.00000002105173164523, ||V_lower^k - V_lower^k-1||_inf = 0.00000000000000000000, delta^k = 0.00000000000000000000
    Local Iteration 385: ||V_upper^k - V_upper^k-1||_inf = 0.00000002020966237943, ||V_lower^k - V_lower^k-1||_inf = 0.00000000000000000000, delta^k = 0.00000000000000000000
    Local Iteration 386: ||V_upper^k - V_upper^k-1||_inf = 0.00000001940127588425, ||V_lower^k - V_lower^k-1||_inf = 0.00000000000000000000, delta^k = 0.00000000000000000000
    Local Iteration 387: ||V_upper^k - V_upper^k-1||_inf = 0.00000001862522484888, ||V_lower^k - V_lower^k-1||_inf = 0.00000000000000000000, delta^k = 0.00000000000000000000
    Local Iteration 388: ||V_upper^k - V_upper^k-1||_inf = 0.00000001788021585492, ||V_lower^k - V_lower^k-1||_inf = 0.00000000000000000000, delta^k = 0.00000000000000000000
    Local Iteration 389: ||V_upper^k - V_upper^k-1||_inf = 0.00000001716500722073, ||V_lower^k - V_lower^k-1||_inf = 0.00000000000000000000, delta^k = 0.00000000000000000000
    Local Iteration 390: ||V_upper^k - V_upper^k-1||_inf = 0.00000001647840693190, ||V_lower^k - V_lower^k-1||_inf = 0.00000000000000000000, delta^k = 0.00000000000000000000
    Local Iteration 391: ||V_upper^k - V_upper^k-1||_inf = 0.00000001581927065462, ||V_lower^k - V_lower^k-1||_inf = 0.00000000000000000000, delta^k = 0.00000000000000000000
    Local Iteration 392: ||V_upper^k - V_upper^k-1||_inf = 0.00000001518649982844, ||V_lower^k - V_lower^k-1||_inf = 0.00000000000000000000, delta^k = 0.00000000000000000000
    Local Iteration 393: ||V_upper^k - V_upper^k-1||_inf = 0.00000001457903983530, ||V_lower^k - V_lower^k-1||_inf = 0.00000000000000000000, delta^k = 0.00000000000000000000
    Local Iteration 394: ||V_upper^k - V_upper^k-1||_inf = 0.00000001399587824189, ||V_lower^k - V_lower^k-1||_inf = 0.00000000000000000000, delta^k = 0.00000000000000000000
    Local Iteration 395: ||V_upper^k - V_upper^k-1||_inf = 0.00000001343604311221, ||V_lower^k - V_lower^k-1||_inf = 0.00000000000000000000, delta^k = 0.00000000000000000000
    Local Iteration 396: ||V_upper^k - V_upper^k-1||_inf = 0.00000001289860138772, ||V_lower^k - V_lower^k-1||_inf = 0.00000000000000000000, delta^k = 0.00000000000000000000
    Local Iteration 397: ||V_upper^k - V_upper^k-1||_inf = 0.00000001238265733221, ||V_lower^k - V_lower^k-1||_inf = 0.00000000000000000000, delta^k = 0.00000000000000000000
    Local Iteration 398: ||V_upper^k - V_upper^k-1||_inf = 0.00000001188735103893, ||V_lower^k - V_lower^k-1||_inf = 0.00000000000000000000, delta^k = 0.00000000000000000000
    Local Iteration 399: ||V_upper^k - V_upper^k-1||_inf = 0.00000001141185699737, ||V_lower^k - V_lower^k-1||_inf = 0.00000000000000000000, delta^k = 0.00000000000000000000
    Local Iteration 400: ||V_upper^k - V_upper^k-1||_inf = 0.00000001095538271747, ||V_lower^k - V_lower^k-1||_inf = 0.00000000000000000000, delta^k = 0.00000000000000000000
    Local Iteration 401: ||V_upper^k - V_upper^k-1||_inf = 0.00000001051716740877, ||V_lower^k - V_lower^k-1||_inf = 0.00000000000000000000, delta^k = 0.00000000000000000000
    Local Iteration 402: ||V_upper^k - V_upper^k-1||_inf = 0.00000001009648071242, ||V_lower^k - V_lower^k-1||_inf = 0.00000000000000000000, delta^k = 0.00000000000000000000
    Local Iteration 403: ||V_upper^k - V_upper^k-1||_inf = 0.00000000969262148393, ||V_lower^k - V_lower^k-1||_inf = 0.00000000000000000000, delta^k = 0.00000000000000000000

============================================================
 CONSERVATIVE STOPPING CONDITION MET (Algorithm 3)
============================================================
  delta^k = 0.0000000000e+00 >= -delta_max
  ||V_upper^k - V_upper^k-1||_inf = 9.6926214839e-09 < 1e-08
  eps_cons = (0.96 * 0.0000000000e+00) / 0.04 = 0.0000000000e+00
  Correcting V_lower for 357868 cells: V_lower <- V_lower - eps_cons - eps_machine
   Conservative correction applied successfully
  Machine epsilon eps_machine = 2.220e-16
    Local VI completed in 403 iterations
    Final convergence values:
      ||V_upper^final - V_upper^prev||_inf = 9.69262148e-09
      ||V_lower^final - V_lower^prev||_inf = 0.00000000e+00
  Local VI completed in 403 iterations, time: 3.411s
    Final ||V_upper^k - V_upper^k-1||_inf = 9.69262148392700351170e-09
    Final ||V_lower^k - V_lower^k-1||_inf = 0.00000000000000000000e+00
  Saved visualization: /Users/i.k.tabbara/Documents/python directory/HSCC_2027/refactored_Implementations/results_hscc_2027_newbellmans_12workers/ra_discount/evasion_res30_eps0.05_dmin1e-08_dmax1e-08_gamma0.96_dt0.3_tau0.3_cons/value_function_phase_4_complete.png
  Phase 4 completed in 4.04s with 357868 leaf cells

Classification after phase 4:
  Safe:             7580 cells (  2.1%),    4.4% of state space
  Unsafe:          30378 cells (  8.5%),   21.6% of state space
  Unclassified:   319910 cells ( 89.4%),   74.1% of state space

======================================================================
REFINEMENT PHASE 5
======================================================================
Boundary cells: 319910
  Refinable (>eta_min=0.017678): 319910
  Below threshold: 0
  Cumulative refined: 330868
  Refinable cell size statistics:
    Max:    0.100000
    Mean:   0.100000
    Min:    0.100000
    Median: 0.100000
  Refining 319910 cells...
    Refined: 319910 parent cells
    Created: 639820 child cells
    Total cells: 677778
    Refinement time: 0.022s
    Cumulative refined: 650778
  Rebuilding spatial index...
  Building spatial index for 677778 cells...
   Spatial index built in 0.16s
    Spatial index rebuilt in 0.156s
  Initializing 639820 new cells...
  Initializing 639820 new cells in parallel...
   Initialized in 0.00s (423569818.0 cells/s)
    Initialization completed in 0.002s
  Starting local value iteration...
  Reinitializing ALL 677778 cells (V = l)
   Reinitialized 677778 cells in 0.00s (416251149.2 cells/s)
  Local VI: updating all 677778 cells
    Conservative mode: True
    delta_max: 1e-08
    Max iterations: 1000033
    Updating successor cache for 639820 updated cells...
    Updating successor cache for 639820 new cells (HYBRID)...
      Affected cells: 650342
   Trajectories + spatial queries computed in 1.56s (2089235.8 tasks/s)
    Breakdown: 50.9% ODE, 49.1% queries
     Cache updated in 1.66s (1958969.4 tasks/s)
    Local Iteration   1: ||V_upper^k - V_upper^k-1||_inf = 4.22035565114441180157, ||V_lower^k - V_lower^k-1||_inf = 4.07893429490710257568, delta^k = -4.07893429490710257568
    Local Iteration   2: ||V_upper^k - V_upper^k-1||_inf = 4.03773893565113883852, ||V_lower^k - V_lower^k-1||_inf = 3.75980217964225360561, delta^k = -3.75980217964225360561
    Local Iteration   3: ||V_upper^k - V_upper^k-1||_inf = 3.87622937822509339156, ||V_lower^k - V_lower^k-1||_inf = 3.33556483518011681610, delta^k = -3.33556483518011681610
    Local Iteration   4: ||V_upper^k - V_upper^k-1||_inf = 3.72118020309608921181, ||V_lower^k - V_lower^k-1||_inf = 2.94997863832779216864, delta^k = -2.94997863832779216864
    Local Iteration   5: ||V_upper^k - V_upper^k-1||_inf = 3.57233299497224576768, ||V_lower^k - V_lower^k-1||_inf = 2.62561852460143763111, delta^k = -2.62561852460143763111
    Local Iteration   6: ||V_upper^k - V_upper^k-1||_inf = 3.42943967517335579487, ||V_lower^k - V_lower^k-1||_inf = 2.38128074166642278442, delta^k = -2.38128074166642278442
    Local Iteration   7: ||V_upper^k - V_upper^k-1||_inf = 3.29226208816642174071, ||V_lower^k - V_lower^k-1||_inf = 2.23248736097310240822, delta^k = -2.23248736097310240822
    Local Iteration   8: ||V_upper^k - V_upper^k-1||_inf = 3.16057160463976494214, ||V_lower^k - V_lower^k-1||_inf = 2.05191288147256356567, delta^k = -2.05191288147256356567
    Local Iteration   9: ||V_upper^k - V_upper^k-1||_inf = 3.03414874045417448656, ||V_lower^k - V_lower^k-1||_inf = 1.92106329381928508937, delta^k = -1.92106329381928508937
    Local Iteration  10: ||V_upper^k - V_upper^k-1||_inf = 2.91278279083600732946, ||V_lower^k - V_lower^k-1||_inf = 1.76913424308745037550, delta^k = -1.76913424308745037550
    Local Iteration  11: ||V_upper^k - V_upper^k-1||_inf = 2.79627147920256646785, ||V_lower^k - V_lower^k-1||_inf = 1.61196359277015766054, delta^k = -1.61196359277015766054
    Local Iteration  12: ||V_upper^k - V_upper^k-1||_inf = 2.68442062003446402230, ||V_lower^k - V_lower^k-1||_inf = 1.46833883917615493075, delta^k = -1.46833883917615493075
    Local Iteration  13: ||V_upper^k - V_upper^k-1||_inf = 2.56736427318868187797, ||V_lower^k - V_lower^k-1||_inf = 1.33647867183953339421, delta^k = -1.33647867183953339421
    Local Iteration  14: ||V_upper^k - V_upper^k-1||_inf = 2.46466970226113435416, ||V_lower^k - V_lower^k-1||_inf = 1.21725661290834774597, delta^k = -1.21725661290834774597
    Local Iteration  15: ||V_upper^k - V_upper^k-1||_inf = 2.36608291417068894447, ||V_lower^k - V_lower^k-1||_inf = 1.13063005234676561273, delta^k = -1.13063005234676561273
    Local Iteration  16: ||V_upper^k - V_upper^k-1||_inf = 2.27143959760386149327, ||V_lower^k - V_lower^k-1||_inf = 0.98385347531184574876, delta^k = -0.98385347531184574876
    Local Iteration  17: ||V_upper^k - V_upper^k-1||_inf = 2.18058201369970694472, ||V_lower^k - V_lower^k-1||_inf = 0.86646743885987875800, delta^k = -0.86646743885987875800
    Local Iteration  18: ||V_upper^k - V_upper^k-1||_inf = 2.09335873315171827613, ||V_lower^k - V_lower^k-1||_inf = 0.70696967484644646085, delta^k = -0.70696967484644646085
    Local Iteration  19: ||V_upper^k - V_upper^k-1||_inf = 2.00962438382564956285, ||V_lower^k - V_lower^k-1||_inf = 0.55453049447320479359, delta^k = -0.55453049447320479359
    Local Iteration  20: ||V_upper^k - V_upper^k-1||_inf = 1.92923940847262365139, ||V_lower^k - V_lower^k-1||_inf = 0.43168350289547940957, delta^k = -0.43168350289547940957
    Local Iteration  21: ||V_upper^k - V_upper^k-1||_inf = 1.85206983213371834118, ||V_lower^k - V_lower^k-1||_inf = 0.36525868395192545579, delta^k = -0.36525868395192545579
    Local Iteration  22: ||V_upper^k - V_upper^k-1||_inf = 1.77798703884836961642, ||V_lower^k - V_lower^k-1||_inf = 0.34609413798896138115, delta^k = -0.34609413798896138115
    Local Iteration  23: ||V_upper^k - V_upper^k-1||_inf = 1.70686755729443495611, ||V_lower^k - V_lower^k-1||_inf = 0.31445511684748217451, delta^k = -0.31445511684748217451
    Local Iteration  24: ||V_upper^k - V_upper^k-1||_inf = 1.63859285500265738911, ||V_lower^k - V_lower^k-1||_inf = 0.30187691217358286755, delta^k = -0.30187691217358286755
    Local Iteration  25: ||V_upper^k - V_upper^k-1||_inf = 1.57304914080255109354, ||V_lower^k - V_lower^k-1||_inf = 0.26435254227753868239, delta^k = -0.26435254227753868239
    Local Iteration  26: ||V_upper^k - V_upper^k-1||_inf = 1.51012717517044903204, ||V_lower^k - V_lower^k-1||_inf = 0.25377844058643711511, delta^k = -0.25377844058643711511
    Local Iteration  27: ||V_upper^k - V_upper^k-1||_inf = 1.44972208816363101747, ||V_lower^k - V_lower^k-1||_inf = 0.23006555647436421896, delta^k = -0.23006555647436421896
    Local Iteration  28: ||V_upper^k - V_upper^k-1||_inf = 1.39173320463708583006, ||V_lower^k - V_lower^k-1||_inf = 0.21708727726071525010, delta^k = -0.21708727726071525010
    Local Iteration  29: ||V_upper^k - V_upper^k-1||_inf = 1.33606387645160218369, ||V_lower^k - V_lower^k-1||_inf = 0.20840378617028659791, delta^k = -0.20840378617028659791
    Local Iteration  30: ||V_upper^k - V_upper^k-1||_inf = 1.28262132139353801641, ||V_lower^k - V_lower^k-1||_inf = 0.20006763472347513511, delta^k = -0.20006763472347513511
    Local Iteration  31: ||V_upper^k - V_upper^k-1||_inf = 1.23131646853779663786, ||V_lower^k - V_lower^k-1||_inf = 0.18672476558980549699, delta^k = -0.18672476558980549699
    Local Iteration  32: ||V_upper^k - V_upper^k-1||_inf = 0.03679028842518561326, ||V_lower^k - V_lower^k-1||_inf = 0.16389365909937164689, delta^k = -0.16389365909937164689
    Local Iteration  33: ||V_upper^k - V_upper^k-1||_inf = 0.03531867688817824646, ||V_lower^k - V_lower^k-1||_inf = 0.15733791273539676769, delta^k = -0.15733791273539676769
    Local Iteration  34: ||V_upper^k - V_upper^k-1||_inf = 0.03390592981265105887, ||V_lower^k - V_lower^k-1||_inf = 0.13454464498394802519, delta^k = -0.13454464498394802519
    Local Iteration  35: ||V_upper^k - V_upper^k-1||_inf = 0.03254969262014506537, ||V_lower^k - V_lower^k-1||_inf = 0.12804670093281927956, delta^k = -0.12804670093281927956
    Local Iteration  36: ||V_upper^k - V_upper^k-1||_inf = 0.03124770491533923611, ||V_lower^k - V_lower^k-1||_inf = 0.12292483289550651393, delta^k = -0.12292483289550651393
    Local Iteration  37: ||V_upper^k - V_upper^k-1||_inf = 0.02999779671872571107, ||V_lower^k - V_lower^k-1||_inf = 0.11800783957968624671, delta^k = -0.11800783957968624671
    Local Iteration  38: ||V_upper^k - V_upper^k-1||_inf = 0.02879788484997669595, ||V_lower^k - V_lower^k-1||_inf = 0.11328752599649878630, delta^k = -0.11328752599649878630
    Local Iteration  39: ||V_upper^k - V_upper^k-1||_inf = 0.02764596945597752597, ||V_lower^k - V_lower^k-1||_inf = 0.10875602495663881653, delta^k = -0.10875602495663881653
    Local Iteration  40: ||V_upper^k - V_upper^k-1||_inf = 0.02654013067773852708, ||V_lower^k - V_lower^k-1||_inf = 0.10440578395837327164, delta^k = -0.10440578395837327164
    Local Iteration  41: ||V_upper^k - V_upper^k-1||_inf = 0.02547852545062889718, ||V_lower^k - V_lower^k-1||_inf = 0.10022955260003833799, delta^k = -0.10022955260003833799
    Local Iteration  42: ||V_upper^k - V_upper^k-1||_inf = 0.02445938443260375905, ||V_lower^k - V_lower^k-1||_inf = 0.09622037049603680836, delta^k = -0.09622037049603680836
    Local Iteration  43: ||V_upper^k - V_upper^k-1||_inf = 0.02348100905529959537, ||V_lower^k - V_lower^k-1||_inf = 0.09237155567619534380, delta^k = -0.09237155567619534380
    Local Iteration  44: ||V_upper^k - V_upper^k-1||_inf = 0.02254176869308766040, ||V_lower^k - V_lower^k-1||_inf = 0.08631113609236712447, delta^k = -0.08631113609236712447
    Local Iteration  45: ||V_upper^k - V_upper^k-1||_inf = 0.02164009794536414510, ||V_lower^k - V_lower^k-1||_inf = 0.07863458480985377475, delta^k = -0.07863458480985377475
    Local Iteration  46: ||V_upper^k - V_upper^k-1||_inf = 0.02077449402754955043, ||V_lower^k - V_lower^k-1||_inf = 0.06667843528891205518, delta^k = -0.06667843528891205518
    Local Iteration  47: ||V_upper^k - V_upper^k-1||_inf = 0.01994351426644758174, ||V_lower^k - V_lower^k-1||_inf = 0.04890858222299210301, delta^k = -0.04890858222299210301
    Local Iteration  48: ||V_upper^k - V_upper^k-1||_inf = 0.01914577369578968069, ||V_lower^k - V_lower^k-1||_inf = 0.04643071930577664930, delta^k = -0.04643071930577664930
    Local Iteration  49: ||V_upper^k - V_upper^k-1||_inf = 0.01837994274795806682, ||V_lower^k - V_lower^k-1||_inf = 0.04457349053354558999, delta^k = -0.04457349053354558999
    Local Iteration  50: ||V_upper^k - V_upper^k-1||_inf = 0.01764474503803975525, ||V_lower^k - V_lower^k-1||_inf = 0.04279055091220376750, delta^k = -0.04279055091220376750
    Local Iteration  51: ||V_upper^k - V_upper^k-1||_inf = 0.01693895523651817170, ||V_lower^k - V_lower^k-1||_inf = 0.03993836300602593425, delta^k = -0.03993836300602593425
    Local Iteration  52: ||V_upper^k - V_upper^k-1||_inf = 0.01626139702705747814, ||V_lower^k - V_lower^k-1||_inf = 0.03633868406272566798, delta^k = -0.03633868406272566798
    Local Iteration  53: ||V_upper^k - V_upper^k-1||_inf = 0.01561094114597516569, ||V_lower^k - V_lower^k-1||_inf = 0.03274942899840570243, delta^k = -0.03274942899840570243
    Local Iteration  54: ||V_upper^k - V_upper^k-1||_inf = 0.01498650350013613908, ||V_lower^k - V_lower^k-1||_inf = 0.01499042733641674230, delta^k = -0.01499042733641674230
    Local Iteration  55: ||V_upper^k - V_upper^k-1||_inf = 0.01438704336013069129, ||V_lower^k - V_lower^k-1||_inf = 0.00289779636695022824, delta^k = -0.00289779636695022824
    Local Iteration  56: ||V_upper^k - V_upper^k-1||_inf = 0.01381156162572544366, ||V_lower^k - V_lower^k-1||_inf = 0.00000000000000000000, delta^k = 0.00000000000000000000
    Local Iteration  57: ||V_upper^k - V_upper^k-1||_inf = 0.01325909916069645256, ||V_lower^k - V_lower^k-1||_inf = 0.00000000000000000000, delta^k = 0.00000000000000000000
    Local Iteration  58: ||V_upper^k - V_upper^k-1||_inf = 0.01272873519426859223, ||V_lower^k - V_lower^k-1||_inf = 0.00000000000000000000, delta^k = 0.00000000000000000000
    Local Iteration  59: ||V_upper^k - V_upper^k-1||_inf = 0.01221958578649784410, ||V_lower^k - V_lower^k-1||_inf = 0.00000000000000000000, delta^k = 0.00000000000000000000
    Local Iteration  60: ||V_upper^k - V_upper^k-1||_inf = 0.01173080235503792812, ||V_lower^k - V_lower^k-1||_inf = 0.00000000000000000000, delta^k = 0.00000000000000000000
    Local Iteration  61: ||V_upper^k - V_upper^k-1||_inf = 0.01126157026083640655, ||V_lower^k - V_lower^k-1||_inf = 0.00000000000000000000, delta^k = 0.00000000000000000000
    Local Iteration  62: ||V_upper^k - V_upper^k-1||_inf = 0.01081110745040297916, ||V_lower^k - V_lower^k-1||_inf = 0.00000000000000000000, delta^k = 0.00000000000000000000
    Local Iteration  63: ||V_upper^k - V_upper^k-1||_inf = 0.01037866315238683557, ||V_lower^k - V_lower^k-1||_inf = 0.00000000000000000000, delta^k = 0.00000000000000000000
    Local Iteration  64: ||V_upper^k - V_upper^k-1||_inf = 0.00996351662629135770, ||V_lower^k - V_lower^k-1||_inf = 0.00000000000000000000, delta^k = 0.00000000000000000000
    Local Iteration  65: ||V_upper^k - V_upper^k-1||_inf = 0.00956497596123970228, ||V_lower^k - V_lower^k-1||_inf = 0.00000000000000000000, delta^k = 0.00000000000000000000
    Local Iteration  66: ||V_upper^k - V_upper^k-1||_inf = 0.00918237692279011419, ||V_lower^k - V_lower^k-1||_inf = 0.00000000000000000000, delta^k = 0.00000000000000000000
    Local Iteration  67: ||V_upper^k - V_upper^k-1||_inf = 0.00881508184587850852, ||V_lower^k - V_lower^k-1||_inf = 0.00000000000000000000, delta^k = 0.00000000000000000000
    Local Iteration  68: ||V_upper^k - V_upper^k-1||_inf = 0.00846247857204338039, ||V_lower^k - V_lower^k-1||_inf = 0.00000000000000000000, delta^k = 0.00000000000000000000
    Local Iteration  69: ||V_upper^k - V_upper^k-1||_inf = 0.00812397942916165405, ||V_lower^k - V_lower^k-1||_inf = 0.00000000000000000000, delta^k = 0.00000000000000000000
    Local Iteration  70: ||V_upper^k - V_upper^k-1||_inf = 0.00779902025199516458, ||V_lower^k - V_lower^k-1||_inf = 0.00000000000000000000, delta^k = 0.00000000000000000000
    Local Iteration  71: ||V_upper^k - V_upper^k-1||_inf = 0.00745404283077014118, ||V_lower^k - V_lower^k-1||_inf = 0.00000000000000000000, delta^k = 0.00000000000000000000
    Local Iteration  72: ||V_upper^k - V_upper^k-1||_inf = 0.00715588111753934220, ||V_lower^k - V_lower^k-1||_inf = 0.00000000000000000000, delta^k = 0.00000000000000000000
    Local Iteration  73: ||V_upper^k - V_upper^k-1||_inf = 0.00686964587283775407, ||V_lower^k - V_lower^k-1||_inf = 0.00000000000000000000, delta^k = 0.00000000000000000000
    Local Iteration  74: ||V_upper^k - V_upper^k-1||_inf = 0.00659486003792425501, ||V_lower^k - V_lower^k-1||_inf = 0.00000000000000000000, delta^k = 0.00000000000000000000
    Local Iteration  75: ||V_upper^k - V_upper^k-1||_inf = 0.00633106563640728481, ||V_lower^k - V_lower^k-1||_inf = 0.00000000000000000000, delta^k = 0.00000000000000000000
    Local Iteration  76: ||V_upper^k - V_upper^k-1||_inf = 0.00607782301095100008, ||V_lower^k - V_lower^k-1||_inf = 0.00000000000000000000, delta^k = 0.00000000000000000000
    Local Iteration  77: ||V_upper^k - V_upper^k-1||_inf = 0.00583471009051295120, ||V_lower^k - V_lower^k-1||_inf = 0.00000000000000000000, delta^k = 0.00000000000000000000
    Local Iteration  78: ||V_upper^k - V_upper^k-1||_inf = 0.00560132168689242427, ||V_lower^k - V_lower^k-1||_inf = 0.00000000000000000000, delta^k = 0.00000000000000000000
    Local Iteration  79: ||V_upper^k - V_upper^k-1||_inf = 0.00537726881941674728, ||V_lower^k - V_lower^k-1||_inf = 0.00000000000000000000, delta^k = 0.00000000000000000000
    Local Iteration  80: ||V_upper^k - V_upper^k-1||_inf = 0.00516217806664007184, ||V_lower^k - V_lower^k-1||_inf = 0.00000000000000000000, delta^k = 0.00000000000000000000
    Local Iteration  81: ||V_upper^k - V_upper^k-1||_inf = 0.00495569094397446674, ||V_lower^k - V_lower^k-1||_inf = 0.00000000000000000000, delta^k = 0.00000000000000000000
    Local Iteration  82: ||V_upper^k - V_upper^k-1||_inf = 0.00475746330621548696, ||V_lower^k - V_lower^k-1||_inf = 0.00000000000000000000, delta^k = 0.00000000000000000000
    Local Iteration  83: ||V_upper^k - V_upper^k-1||_inf = 0.00456716477396686138, ||V_lower^k - V_lower^k-1||_inf = 0.00000000000000000000, delta^k = 0.00000000000000000000
    Local Iteration  84: ||V_upper^k - V_upper^k-1||_inf = 0.00438447818300818914, ||V_lower^k - V_lower^k-1||_inf = 0.00000000000000000000, delta^k = 0.00000000000000000000
    Local Iteration  85: ||V_upper^k - V_upper^k-1||_inf = 0.00420909905568786491, ||V_lower^k - V_lower^k-1||_inf = 0.00000000000000000000, delta^k = 0.00000000000000000000
    Local Iteration  86: ||V_upper^k - V_upper^k-1||_inf = 0.00404073509346035420, ||V_lower^k - V_lower^k-1||_inf = 0.00000000000000000000, delta^k = 0.00000000000000000000
    Local Iteration  87: ||V_upper^k - V_upper^k-1||_inf = 0.00387910568972194003, ||V_lower^k - V_lower^k-1||_inf = 0.00000000000000000000, delta^k = 0.00000000000000000000
    Local Iteration  88: ||V_upper^k - V_upper^k-1||_inf = 0.00372394146213306243, ||V_lower^k - V_lower^k-1||_inf = 0.00000000000000000000, delta^k = 0.00000000000000000000
    Local Iteration  89: ||V_upper^k - V_upper^k-1||_inf = 0.00357498380364773549, ||V_lower^k - V_lower^k-1||_inf = 0.00000000000000000000, delta^k = 0.00000000000000000000
    Local Iteration  90: ||V_upper^k - V_upper^k-1||_inf = 0.00343198445150182108, ||V_lower^k - V_lower^k-1||_inf = 0.00000000000000000000, delta^k = 0.00000000000000000000
    Local Iteration  91: ||V_upper^k - V_upper^k-1||_inf = 0.00329470507344174768, ||V_lower^k - V_lower^k-1||_inf = 0.00000000000000000000, delta^k = 0.00000000000000000000
    Local Iteration  92: ||V_upper^k - V_upper^k-1||_inf = 0.00316291687050408721, ||V_lower^k - V_lower^k-1||_inf = 0.00000000000000000000, delta^k = 0.00000000000000000000
    Local Iteration  93: ||V_upper^k - V_upper^k-1||_inf = 0.00303640019568392205, ||V_lower^k - V_lower^k-1||_inf = 0.00000000000000000000, delta^k = 0.00000000000000000000
    Local Iteration  94: ||V_upper^k - V_upper^k-1||_inf = 0.00291494418785656628, ||V_lower^k - V_lower^k-1||_inf = 0.00000000000000000000, delta^k = 0.00000000000000000000
    Local Iteration  95: ||V_upper^k - V_upper^k-1||_inf = 0.00279834642034229586, ||V_lower^k - V_lower^k-1||_inf = 0.00000000000000000000, delta^k = 0.00000000000000000000
    Local Iteration  96: ||V_upper^k - V_upper^k-1||_inf = 0.00268641256352861180, ||V_lower^k - V_lower^k-1||_inf = 0.00000000000000000000, delta^k = 0.00000000000000000000
    Local Iteration  97: ||V_upper^k - V_upper^k-1||_inf = 0.00257895606098745844, ||V_lower^k - V_lower^k-1||_inf = 0.00000000000000000000, delta^k = 0.00000000000000000000
    Local Iteration  98: ||V_upper^k - V_upper^k-1||_inf = 0.00247579781854796038, ||V_lower^k - V_lower^k-1||_inf = 0.00000000000000000000, delta^k = 0.00000000000000000000
    Local Iteration  99: ||V_upper^k - V_upper^k-1||_inf = 0.00237676590580604419, ||V_lower^k - V_lower^k-1||_inf = 0.00000000000000000000, delta^k = 0.00000000000000000000
    Local Iteration 100: ||V_upper^k - V_upper^k-1||_inf = 0.00228169526957380103, ||V_lower^k - V_lower^k-1||_inf = 0.00000000000000000000, delta^k = 0.00000000000000000000
    Local Iteration 101: ||V_upper^k - V_upper^k-1||_inf = 0.00219042745879084733, ||V_lower^k - V_lower^k-1||_inf = 0.00000000000000000000, delta^k = 0.00000000000000000000
    Local Iteration 102: ||V_upper^k - V_upper^k-1||_inf = 0.00210281036043921676, ||V_lower^k - V_lower^k-1||_inf = 0.00000000000000000000, delta^k = 0.00000000000000000000
    Local Iteration 103: ||V_upper^k - V_upper^k-1||_inf = 0.00201869794602164976, ||V_lower^k - V_lower^k-1||_inf = 0.00000000000000000000, delta^k = 0.00000000000000000000
    Local Iteration 104: ||V_upper^k - V_upper^k-1||_inf = 0.00193795002818077794, ||V_lower^k - V_lower^k-1||_inf = 0.00000000000000000000, delta^k = 0.00000000000000000000
    Local Iteration 105: ||V_upper^k - V_upper^k-1||_inf = 0.00186043202705354904, ||V_lower^k - V_lower^k-1||_inf = 0.00000000000000000000, delta^k = 0.00000000000000000000
    Local Iteration 106: ||V_upper^k - V_upper^k-1||_inf = 0.00178601474597140514, ||V_lower^k - V_lower^k-1||_inf = 0.00000000000000000000, delta^k = 0.00000000000000000000
    Local Iteration 107: ||V_upper^k - V_upper^k-1||_inf = 0.00171457415613255476, ||V_lower^k - V_lower^k-1||_inf = 0.00000000000000000000, delta^k = 0.00000000000000000000
    Local Iteration 108: ||V_upper^k - V_upper^k-1||_inf = 0.00164599118988725118, ||V_lower^k - V_lower^k-1||_inf = 0.00000000000000000000, delta^k = 0.00000000000000000000
    Local Iteration 109: ||V_upper^k - V_upper^k-1||_inf = 0.00158015154229176197, ||V_lower^k - V_lower^k-1||_inf = 0.00000000000000000000, delta^k = 0.00000000000000000000
    Local Iteration 110: ||V_upper^k - V_upper^k-1||_inf = 0.00151694548060008622, ||V_lower^k - V_lower^k-1||_inf = 0.00000000000000000000, delta^k = 0.00000000000000000000
    Local Iteration 111: ||V_upper^k - V_upper^k-1||_inf = 0.00145626766137608304, ||V_lower^k - V_lower^k-1||_inf = 0.00000000000000000000, delta^k = 0.00000000000000000000
    Local Iteration 112: ||V_upper^k - V_upper^k-1||_inf = 0.00139801695492104000, ||V_lower^k - V_lower^k-1||_inf = 0.00000000000000000000, delta^k = 0.00000000000000000000
    Local Iteration 113: ||V_upper^k - V_upper^k-1||_inf = 0.00134209627672420007, ||V_lower^k - V_lower^k-1||_inf = 0.00000000000000000000, delta^k = 0.00000000000000000000
    Local Iteration 114: ||V_upper^k - V_upper^k-1||_inf = 0.00128841242565523248, ||V_lower^k - V_lower^k-1||_inf = 0.00000000000000000000, delta^k = 0.00000000000000000000
    Local Iteration 115: ||V_upper^k - V_upper^k-1||_inf = 0.00123687592862902276, ||V_lower^k - V_lower^k-1||_inf = 0.00000000000000000000, delta^k = 0.00000000000000000000
    Local Iteration 116: ||V_upper^k - V_upper^k-1||_inf = 0.00118740089148386060, ||V_lower^k - V_lower^k-1||_inf = 0.00000000000000000000, delta^k = 0.00000000000000000000
    Local Iteration 117: ||V_upper^k - V_upper^k-1||_inf = 0.00113990485582450563, ||V_lower^k - V_lower^k-1||_inf = 0.00000000000000000000, delta^k = 0.00000000000000000000
    Local Iteration 118: ||V_upper^k - V_upper^k-1||_inf = 0.00109430866159152679, ||V_lower^k - V_lower^k-1||_inf = 0.00000000000000000000, delta^k = 0.00000000000000000000
    Local Iteration 119: ||V_upper^k - V_upper^k-1||_inf = 0.00105053631512786599, ||V_lower^k - V_lower^k-1||_inf = 0.00000000000000000000, delta^k = 0.00000000000000000000
    Local Iteration 120: ||V_upper^k - V_upper^k-1||_inf = 0.00100851486252274969, ||V_lower^k - V_lower^k-1||_inf = 0.00000000000000000000, delta^k = 0.00000000000000000000
    Local Iteration 121: ||V_upper^k - V_upper^k-1||_inf = 0.00096817426802183956, ||V_lower^k - V_lower^k-1||_inf = 0.00000000000000000000, delta^k = 0.00000000000000000000
    Local Iteration 122: ||V_upper^k - V_upper^k-1||_inf = 0.00092944729730096848, ||V_lower^k - V_lower^k-1||_inf = 0.00000000000000000000, delta^k = 0.00000000000000000000
    Local Iteration 123: ||V_upper^k - V_upper^k-1||_inf = 0.00089226940540892974, ||V_lower^k - V_lower^k-1||_inf = 0.00000000000000000000, delta^k = 0.00000000000000000000
    Local Iteration 124: ||V_upper^k - V_upper^k-1||_inf = 0.00085657862919257324, ||V_lower^k - V_lower^k-1||_inf = 0.00000000000000000000, delta^k = 0.00000000000000000000
    Local Iteration 125: ||V_upper^k - V_upper^k-1||_inf = 0.00082231548402486934, ||V_lower^k - V_lower^k-1||_inf = 0.00000000000000000000, delta^k = 0.00000000000000000000
    Local Iteration 126: ||V_upper^k - V_upper^k-1||_inf = 0.00078942286466387318, ||V_lower^k - V_lower^k-1||_inf = 0.00000000000000000000, delta^k = 0.00000000000000000000
    Local Iteration 127: ||V_upper^k - V_upper^k-1||_inf = 0.00075784595007731895, ||V_lower^k - V_lower^k-1||_inf = 0.00000000000000000000, delta^k = 0.00000000000000000000
    Local Iteration 128: ||V_upper^k - V_upper^k-1||_inf = 0.00072753211207422785, ||V_lower^k - V_lower^k-1||_inf = 0.00000000000000000000, delta^k = 0.00000000000000000000
    Local Iteration 129: ||V_upper^k - V_upper^k-1||_inf = 0.00069843082759125583, ||V_lower^k - V_lower^k-1||_inf = 0.00000000000000000000, delta^k = 0.00000000000000000000
    Local Iteration 130: ||V_upper^k - V_upper^k-1||_inf = 0.00067049359448760615, ||V_lower^k - V_lower^k-1||_inf = 0.00000000000000000000, delta^k = 0.00000000000000000000
    Local Iteration 131: ||V_upper^k - V_upper^k-1||_inf = 0.00064367385070810204, ||V_lower^k - V_lower^k-1||_inf = 0.00000000000000000000, delta^k = 0.00000000000000000000
    Local Iteration 132: ||V_upper^k - V_upper^k-1||_inf = 0.00061792689667977858, ||V_lower^k - V_lower^k-1||_inf = 0.00000000000000000000, delta^k = 0.00000000000000000000
    Local Iteration 133: ||V_upper^k - V_upper^k-1||_inf = 0.00059320982081258709, ||V_lower^k - V_lower^k-1||_inf = 0.00000000000000000000, delta^k = 0.00000000000000000000
    Local Iteration 134: ||V_upper^k - V_upper^k-1||_inf = 0.00056948142798008382, ||V_lower^k - V_lower^k-1||_inf = 0.00000000000000000000, delta^k = 0.00000000000000000000
    Local Iteration 135: ||V_upper^k - V_upper^k-1||_inf = 0.00054670217086088060, ||V_lower^k - V_lower^k-1||_inf = 0.00000000000000000000, delta^k = 0.00000000000000000000
    Local Iteration 136: ||V_upper^k - V_upper^k-1||_inf = 0.00052483408402644559, ||V_lower^k - V_lower^k-1||_inf = 0.00000000000000000000, delta^k = 0.00000000000000000000
    Local Iteration 137: ||V_upper^k - V_upper^k-1||_inf = 0.00050384072066538693, ||V_lower^k - V_lower^k-1||_inf = 0.00000000000000000000, delta^k = 0.00000000000000000000
    Local Iteration 138: ||V_upper^k - V_upper^k-1||_inf = 0.00048368709183877097, ||V_lower^k - V_lower^k-1||_inf = 0.00000000000000000000, delta^k = 0.00000000000000000000
    Local Iteration 139: ||V_upper^k - V_upper^k-1||_inf = 0.00046433960816522069, ||V_lower^k - V_lower^k-1||_inf = 0.00000000000000000000, delta^k = 0.00000000000000000000
    Local Iteration 140: ||V_upper^k - V_upper^k-1||_inf = 0.00044576602383861186, ||V_lower^k - V_lower^k-1||_inf = 0.00000000000000000000, delta^k = 0.00000000000000000000
    Local Iteration 141: ||V_upper^k - V_upper^k-1||_inf = 0.00042793538288506822, ||V_lower^k - V_lower^k-1||_inf = 0.00000000000000000000, delta^k = 0.00000000000000000000
    Local Iteration 142: ||V_upper^k - V_upper^k-1||_inf = 0.00041081796756966410, ||V_lower^k - V_lower^k-1||_inf = 0.00000000000000000000, delta^k = 0.00000000000000000000
    Local Iteration 143: ||V_upper^k - V_upper^k-1||_inf = 0.00039438524886687906, ||V_lower^k - V_lower^k-1||_inf = 0.00000000000000000000, delta^k = 0.00000000000000000000
    Local Iteration 144: ||V_upper^k - V_upper^k-1||_inf = 0.00037860983891220383, ||V_lower^k - V_lower^k-1||_inf = 0.00000000000000000000, delta^k = 0.00000000000000000000
    Local Iteration 145: ||V_upper^k - V_upper^k-1||_inf = 0.00036346544535571443, ||V_lower^k - V_lower^k-1||_inf = 0.00000000000000000000, delta^k = 0.00000000000000000000
    Local Iteration 146: ||V_upper^k - V_upper^k-1||_inf = 0.00034892682754148613, ||V_lower^k - V_lower^k-1||_inf = 0.00000000000000000000, delta^k = 0.00000000000000000000
    Local Iteration 147: ||V_upper^k - V_upper^k-1||_inf = 0.00033496975443982752, ||V_lower^k - V_lower^k-1||_inf = 0.00000000000000000000, delta^k = 0.00000000000000000000
    Local Iteration 148: ||V_upper^k - V_upper^k-1||_inf = 0.00032157096426223362, ||V_lower^k - V_lower^k-1||_inf = 0.00000000000000000000, delta^k = 0.00000000000000000000
    Local Iteration 149: ||V_upper^k - V_upper^k-1||_inf = 0.00030870812569174476, ||V_lower^k - V_lower^k-1||_inf = 0.00000000000000000000, delta^k = 0.00000000000000000000
    Local Iteration 150: ||V_upper^k - V_upper^k-1||_inf = 0.00029635980066407448, ||V_lower^k - V_lower^k-1||_inf = 0.00000000000000000000, delta^k = 0.00000000000000000000
    Local Iteration 151: ||V_upper^k - V_upper^k-1||_inf = 0.00028450540863751185, ||V_lower^k - V_lower^k-1||_inf = 0.00000000000000000000, delta^k = 0.00000000000000000000
    Local Iteration 152: ||V_upper^k - V_upper^k-1||_inf = 0.00027312519229201124, ||V_lower^k - V_lower^k-1||_inf = 0.00000000000000000000, delta^k = 0.00000000000000000000
    Local Iteration 153: ||V_upper^k - V_upper^k-1||_inf = 0.00026220018460033044, ||V_lower^k - V_lower^k-1||_inf = 0.00000000000000000000, delta^k = 0.00000000000000000000
    Local Iteration 154: ||V_upper^k - V_upper^k-1||_inf = 0.00025171217721631743, ||V_lower^k - V_lower^k-1||_inf = 0.00000000000000000000, delta^k = 0.00000000000000000000
    Local Iteration 155: ||V_upper^k - V_upper^k-1||_inf = 0.00024164369012766480, ||V_lower^k - V_lower^k-1||_inf = 0.00000000000000000000, delta^k = 0.00000000000000000000
    Local Iteration 156: ||V_upper^k - V_upper^k-1||_inf = 0.00023197794252255780, ||V_lower^k - V_lower^k-1||_inf = 0.00000000000000000000, delta^k = 0.00000000000000000000
    Local Iteration 157: ||V_upper^k - V_upper^k-1||_inf = 0.00022269882482165576, ||V_lower^k - V_lower^k-1||_inf = 0.00000000000000000000, delta^k = 0.00000000000000000000
    Local Iteration 158: ||V_upper^k - V_upper^k-1||_inf = 0.00021379087182878988, ||V_lower^k - V_lower^k-1||_inf = 0.00000000000000000000, delta^k = 0.00000000000000000000
    Local Iteration 159: ||V_upper^k - V_upper^k-1||_inf = 0.00020523923695563769, ||V_lower^k - V_lower^k-1||_inf = 0.00000000000000000000, delta^k = 0.00000000000000000000
    Local Iteration 160: ||V_upper^k - V_upper^k-1||_inf = 0.00019702966747741236, ||V_lower^k - V_lower^k-1||_inf = 0.00000000000000000000, delta^k = 0.00000000000000000000
    Local Iteration 161: ||V_upper^k - V_upper^k-1||_inf = 0.00018914848077831569, ||V_lower^k - V_lower^k-1||_inf = 0.00000000000000000000, delta^k = 0.00000000000000000000
    Local Iteration 162: ||V_upper^k - V_upper^k-1||_inf = 0.00018158254154718341, ||V_lower^k - V_lower^k-1||_inf = 0.00000000000000000000, delta^k = 0.00000000000000000000
    Local Iteration 163: ||V_upper^k - V_upper^k-1||_inf = 0.00017431923988529569, ||V_lower^k - V_lower^k-1||_inf = 0.00000000000000000000, delta^k = 0.00000000000000000000
    Local Iteration 164: ||V_upper^k - V_upper^k-1||_inf = 0.00016734647028988393, ||V_lower^k - V_lower^k-1||_inf = 0.00000000000000000000, delta^k = 0.00000000000000000000
    Local Iteration 165: ||V_upper^k - V_upper^k-1||_inf = 0.00016065261147828885, ||V_lower^k - V_lower^k-1||_inf = 0.00000000000000000000, delta^k = 0.00000000000000000000
    Local Iteration 166: ||V_upper^k - V_upper^k-1||_inf = 0.00015422650701915706, ||V_lower^k - V_lower^k-1||_inf = 0.00000000000000000000, delta^k = 0.00000000000000000000
    Local Iteration 167: ||V_upper^k - V_upper^k-1||_inf = 0.00014805744673839112, ||V_lower^k - V_lower^k-1||_inf = 0.00000000000000000000, delta^k = 0.00000000000000000000
    Local Iteration 168: ||V_upper^k - V_upper^k-1||_inf = 0.00014213514886885544, ||V_lower^k - V_lower^k-1||_inf = 0.00000000000000000000, delta^k = 0.00000000000000000000
    Local Iteration 169: ||V_upper^k - V_upper^k-1||_inf = 0.00013644974291410119, ||V_lower^k - V_lower^k-1||_inf = 0.00000000000000000000, delta^k = 0.00000000000000000000
    Local Iteration 170: ||V_upper^k - V_upper^k-1||_inf = 0.00013099175319753690, ||V_lower^k - V_lower^k-1||_inf = 0.00000000000000000000, delta^k = 0.00000000000000000000
    Local Iteration 171: ||V_upper^k - V_upper^k-1||_inf = 0.00012575208306963561, ||V_lower^k - V_lower^k-1||_inf = 0.00000000000000000000, delta^k = 0.00000000000000000000
    Local Iteration 172: ||V_upper^k - V_upper^k-1||_inf = 0.00012072199974685026, ||V_lower^k - V_lower^k-1||_inf = 0.00000000000000000000, delta^k = 0.00000000000000000000
    Local Iteration 173: ||V_upper^k - V_upper^k-1||_inf = 0.00011589311975697620, ||V_lower^k - V_lower^k-1||_inf = 0.00000000000000000000, delta^k = 0.00000000000000000000
    Local Iteration 174: ||V_upper^k - V_upper^k-1||_inf = 0.00011125739496669696, ||V_lower^k - V_lower^k-1||_inf = 0.00000000000000000000, delta^k = 0.00000000000000000000
    Local Iteration 175: ||V_upper^k - V_upper^k-1||_inf = 0.00010680709916802925, ||V_lower^k - V_lower^k-1||_inf = 0.00000000000000000000, delta^k = 0.00000000000000000000
    Local Iteration 176: ||V_upper^k - V_upper^k-1||_inf = 0.00010253481520130798, ||V_lower^k - V_lower^k-1||_inf = 0.00000000000000000000, delta^k = 0.00000000000000000000
    Local Iteration 177: ||V_upper^k - V_upper^k-1||_inf = 0.00009843342259325573, ||V_lower^k - V_lower^k-1||_inf = 0.00000000000000000000, delta^k = 0.00000000000000000000
    Local Iteration 178: ||V_upper^k - V_upper^k-1||_inf = 0.00009449608568952526, ||V_lower^k - V_lower^k-1||_inf = 0.00000000000000000000, delta^k = 0.00000000000000000000
    Local Iteration 179: ||V_upper^k - V_upper^k-1||_inf = 0.00009071624226194425, ||V_lower^k - V_lower^k-1||_inf = 0.00000000000000000000, delta^k = 0.00000000000000000000
    Local Iteration 180: ||V_upper^k - V_upper^k-1||_inf = 0.00008708759257146674, ||V_lower^k - V_lower^k-1||_inf = 0.00000000000000000000, delta^k = 0.00000000000000000000
    Local Iteration 181: ||V_upper^k - V_upper^k-1||_inf = 0.00008360408886860793, ||V_lower^k - V_lower^k-1||_inf = 0.00000000000000000000, delta^k = 0.00000000000000000000
    Local Iteration 182: ||V_upper^k - V_upper^k-1||_inf = 0.00008025992531386357, ||V_lower^k - V_lower^k-1||_inf = 0.00000000000000000000, delta^k = 0.00000000000000000000
    Local Iteration 183: ||V_upper^k - V_upper^k-1||_inf = 0.00007704952830130899, ||V_lower^k - V_lower^k-1||_inf = 0.00000000000000000000, delta^k = 0.00000000000000000000
    Local Iteration 184: ||V_upper^k - V_upper^k-1||_inf = 0.00007396754716925661, ||V_lower^k - V_lower^k-1||_inf = 0.00000000000000000000, delta^k = 0.00000000000000000000
    Local Iteration 185: ||V_upper^k - V_upper^k-1||_inf = 0.00007100884528248638, ||V_lower^k - V_lower^k-1||_inf = 0.00000000000000000000, delta^k = 0.00000000000000000000
    Local Iteration 186: ||V_upper^k - V_upper^k-1||_inf = 0.00006816849147118706, ||V_lower^k - V_lower^k-1||_inf = 0.00000000000000000000, delta^k = 0.00000000000000000000
    Local Iteration 187: ||V_upper^k - V_upper^k-1||_inf = 0.00006544175181233945, ||V_lower^k - V_lower^k-1||_inf = 0.00000000000000000000, delta^k = 0.00000000000000000000
    Local Iteration 188: ||V_upper^k - V_upper^k-1||_inf = 0.00006282408173984596, ||V_lower^k - V_lower^k-1||_inf = 0.00000000000000000000, delta^k = 0.00000000000000000000
    Local Iteration 189: ||V_upper^k - V_upper^k-1||_inf = 0.00006031111847025201, ||V_lower^k - V_lower^k-1||_inf = 0.00000000000000000000, delta^k = 0.00000000000000000000
    Local Iteration 190: ||V_upper^k - V_upper^k-1||_inf = 0.00005789867373144197, ||V_lower^k - V_lower^k-1||_inf = 0.00000000000000000000, delta^k = 0.00000000000000000000
    Local Iteration 191: ||V_upper^k - V_upper^k-1||_inf = 0.00005558272678218433, ||V_lower^k - V_lower^k-1||_inf = 0.00000000000000000000, delta^k = 0.00000000000000000000
    Local Iteration 192: ||V_upper^k - V_upper^k-1||_inf = 0.00005335941771089691, ||V_lower^k - V_lower^k-1||_inf = 0.00000000000000000000, delta^k = 0.00000000000000000000
    Local Iteration 193: ||V_upper^k - V_upper^k-1||_inf = 0.00005122504100246099, ||V_lower^k - V_lower^k-1||_inf = 0.00000000000000000000, delta^k = 0.00000000000000000000
    Local Iteration 194: ||V_upper^k - V_upper^k-1||_inf = 0.00004917603936236271, ||V_lower^k - V_lower^k-1||_inf = 0.00000000000000000000, delta^k = 0.00000000000000000000
    Local Iteration 195: ||V_upper^k - V_upper^k-1||_inf = 0.00004720899778786814, ||V_lower^k - V_lower^k-1||_inf = 0.00000000000000000000, delta^k = 0.00000000000000000000
    Local Iteration 196: ||V_upper^k - V_upper^k-1||_inf = 0.00004532063787635347, ||V_lower^k - V_lower^k-1||_inf = 0.00000000000000000000, delta^k = 0.00000000000000000000
    Local Iteration 197: ||V_upper^k - V_upper^k-1||_inf = 0.00004350781236129924, ||V_lower^k - V_lower^k-1||_inf = 0.00000000000000000000, delta^k = 0.00000000000000000000
    Local Iteration 198: ||V_upper^k - V_upper^k-1||_inf = 0.00004176749986684720, ||V_lower^k - V_lower^k-1||_inf = 0.00000000000000000000, delta^k = 0.00000000000000000000
    Local Iteration 199: ||V_upper^k - V_upper^k-1||_inf = 0.00004009679987217337, ||V_lower^k - V_lower^k-1||_inf = 0.00000000000000000000, delta^k = 0.00000000000000000000
    Local Iteration 200: ||V_upper^k - V_upper^k-1||_inf = 0.00003849292787728640, ||V_lower^k - V_lower^k-1||_inf = 0.00000000000000000000, delta^k = 0.00000000000000000000
    Local Iteration 201: ||V_upper^k - V_upper^k-1||_inf = 0.00003695321076219497, ||V_lower^k - V_lower^k-1||_inf = 0.00000000000000000000, delta^k = 0.00000000000000000000
    Local Iteration 202: ||V_upper^k - V_upper^k-1||_inf = 0.00003547508233170719, ||V_lower^k - V_lower^k-1||_inf = 0.00000000000000000000, delta^k = 0.00000000000000000000
    Local Iteration 203: ||V_upper^k - V_upper^k-1||_inf = 0.00003405607903843885, ||V_lower^k - V_lower^k-1||_inf = 0.00000000000000000000, delta^k = 0.00000000000000000000
    Local Iteration 204: ||V_upper^k - V_upper^k-1||_inf = 0.00003269383587690131, ||V_lower^k - V_lower^k-1||_inf = 0.00000000000000000000, delta^k = 0.00000000000000000000
    Local Iteration 205: ||V_upper^k - V_upper^k-1||_inf = 0.00003138608244182529, ||V_lower^k - V_lower^k-1||_inf = 0.00000000000000000000, delta^k = 0.00000000000000000000
    Local Iteration 206: ||V_upper^k - V_upper^k-1||_inf = 0.00003013063914415227, ||V_lower^k - V_lower^k-1||_inf = 0.00000000000000000000, delta^k = 0.00000000000000000000
    Local Iteration 207: ||V_upper^k - V_upper^k-1||_inf = 0.00002892541357838623, ||V_lower^k - V_lower^k-1||_inf = 0.00000000000000000000, delta^k = 0.00000000000000000000
    Local Iteration 208: ||V_upper^k - V_upper^k-1||_inf = 0.00002776839703525077, ||V_lower^k - V_lower^k-1||_inf = 0.00000000000000000000, delta^k = 0.00000000000000000000
    Local Iteration 209: ||V_upper^k - V_upper^k-1||_inf = 0.00002665766115384069, ||V_lower^k - V_lower^k-1||_inf = 0.00000000000000000000, delta^k = 0.00000000000000000000
    Local Iteration 210: ||V_upper^k - V_upper^k-1||_inf = 0.00002559135470768710, ||V_lower^k - V_lower^k-1||_inf = 0.00000000000000000000, delta^k = 0.00000000000000000000
    Local Iteration 211: ||V_upper^k - V_upper^k-1||_inf = 0.00002456770051937956, ||V_lower^k - V_lower^k-1||_inf = 0.00000000000000000000, delta^k = 0.00000000000000000000
    Local Iteration 212: ||V_upper^k - V_upper^k-1||_inf = 0.00002358499249860446, ||V_lower^k - V_lower^k-1||_inf = 0.00000000000000000000, delta^k = 0.00000000000000000000
    Local Iteration 213: ||V_upper^k - V_upper^k-1||_inf = 0.00002264159279866021, ||V_lower^k - V_lower^k-1||_inf = 0.00000000000000000000, delta^k = 0.00000000000000000000
    Local Iteration 214: ||V_upper^k - V_upper^k-1||_inf = 0.00002173592908671386, ||V_lower^k - V_lower^k-1||_inf = 0.00000000000000000000, delta^k = 0.00000000000000000000
    Local Iteration 215: ||V_upper^k - V_upper^k-1||_inf = 0.00002086649192324522, ||V_lower^k - V_lower^k-1||_inf = 0.00000000000000000000, delta^k = 0.00000000000000000000
    Local Iteration 216: ||V_upper^k - V_upper^k-1||_inf = 0.00002003183224631543, ||V_lower^k - V_lower^k-1||_inf = 0.00000000000000000000, delta^k = 0.00000000000000000000
    Local Iteration 217: ||V_upper^k - V_upper^k-1||_inf = 0.00001923055895646284, ||V_lower^k - V_lower^k-1||_inf = 0.00000000000000000000, delta^k = 0.00000000000000000000
    Local Iteration 218: ||V_upper^k - V_upper^k-1||_inf = 0.00001846133659820433, ||V_lower^k - V_lower^k-1||_inf = 0.00000000000000000000, delta^k = 0.00000000000000000000
    Local Iteration 219: ||V_upper^k - V_upper^k-1||_inf = 0.00001772288313427612, ||V_lower^k - V_lower^k-1||_inf = 0.00000000000000000000, delta^k = 0.00000000000000000000
    Local Iteration 220: ||V_upper^k - V_upper^k-1||_inf = 0.00001701396780890509, ||V_lower^k - V_lower^k-1||_inf = 0.00000000000000000000, delta^k = 0.00000000000000000000
    Local Iteration 221: ||V_upper^k - V_upper^k-1||_inf = 0.00001633340909654889, ||V_lower^k - V_lower^k-1||_inf = 0.00000000000000000000, delta^k = 0.00000000000000000000
    Local Iteration 222: ||V_upper^k - V_upper^k-1||_inf = 0.00001568007273268696, ||V_lower^k - V_lower^k-1||_inf = 0.00000000000000000000, delta^k = 0.00000000000000000000
    Local Iteration 223: ||V_upper^k - V_upper^k-1||_inf = 0.00001505286982337944, ||V_lower^k - V_lower^k-1||_inf = 0.00000000000000000000, delta^k = 0.00000000000000000000
    Local Iteration 224: ||V_upper^k - V_upper^k-1||_inf = 0.00001445075503044431, ||V_lower^k - V_lower^k-1||_inf = 0.00000000000000000000, delta^k = 0.00000000000000000000
    Local Iteration 225: ||V_upper^k - V_upper^k-1||_inf = 0.00001387272482922648, ||V_lower^k - V_lower^k-1||_inf = 0.00000000000000000000, delta^k = 0.00000000000000000000
    Local Iteration 226: ||V_upper^k - V_upper^k-1||_inf = 0.00001331781583605745, ||V_lower^k - V_lower^k-1||_inf = 0.00000000000000000000, delta^k = 0.00000000000000000000
    Local Iteration 227: ||V_upper^k - V_upper^k-1||_inf = 0.00001278510320261515, ||V_lower^k - V_lower^k-1||_inf = 0.00000000000000000000, delta^k = 0.00000000000000000000
    Local Iteration 228: ||V_upper^k - V_upper^k-1||_inf = 0.00001227369907451056, ||V_lower^k - V_lower^k-1||_inf = 0.00000000000000000000, delta^k = 0.00000000000000000000
    Local Iteration 229: ||V_upper^k - V_upper^k-1||_inf = 0.00001178275111153013, ||V_lower^k - V_lower^k-1||_inf = 0.00000000000000000000, delta^k = 0.00000000000000000000
    Local Iteration 230: ||V_upper^k - V_upper^k-1||_inf = 0.00001131144106706890, ||V_lower^k - V_lower^k-1||_inf = 0.00000000000000000000, delta^k = 0.00000000000000000000
    Local Iteration 231: ||V_upper^k - V_upper^k-1||_inf = 0.00001085898342438618, ||V_lower^k - V_lower^k-1||_inf = 0.00000000000000000000, delta^k = 0.00000000000000000000
    Local Iteration 232: ||V_upper^k - V_upper^k-1||_inf = 0.00001042462408741069, ||V_lower^k - V_lower^k-1||_inf = 0.00000000000000000000, delta^k = 0.00000000000000000000
    Local Iteration 233: ||V_upper^k - V_upper^k-1||_inf = 0.00001000763912391427, ||V_lower^k - V_lower^k-1||_inf = 0.00000000000000000000, delta^k = 0.00000000000000000000
    Local Iteration 234: ||V_upper^k - V_upper^k-1||_inf = 0.00000960733355895771, ||V_lower^k - V_lower^k-1||_inf = 0.00000000000000000000, delta^k = 0.00000000000000000000
    Local Iteration 235: ||V_upper^k - V_upper^k-1||_inf = 0.00000922304021659941, ||V_lower^k - V_lower^k-1||_inf = 0.00000000000000000000, delta^k = 0.00000000000000000000
    Local Iteration 236: ||V_upper^k - V_upper^k-1||_inf = 0.00000885411860793544, ||V_lower^k - V_lower^k-1||_inf = 0.00000000000000000000, delta^k = 0.00000000000000000000
    Local Iteration 237: ||V_upper^k - V_upper^k-1||_inf = 0.00000849995386361800, ||V_lower^k - V_lower^k-1||_inf = 0.00000000000000000000, delta^k = 0.00000000000000000000
    Local Iteration 238: ||V_upper^k - V_upper^k-1||_inf = 0.00000815995570907328, ||V_lower^k - V_lower^k-1||_inf = 0.00000000000000000000, delta^k = 0.00000000000000000000
    Local Iteration 239: ||V_upper^k - V_upper^k-1||_inf = 0.00000783355748071036, ||V_lower^k - V_lower^k-1||_inf = 0.00000000000000000000, delta^k = 0.00000000000000000000
    Local Iteration 240: ||V_upper^k - V_upper^k-1||_inf = 0.00000752021518148194, ||V_lower^k - V_lower^k-1||_inf = 0.00000000000000000000, delta^k = 0.00000000000000000000
    Local Iteration 241: ||V_upper^k - V_upper^k-1||_inf = 0.00000721940657422265, ||V_lower^k - V_lower^k-1||_inf = 0.00000000000000000000, delta^k = 0.00000000000000000000
    Local Iteration 242: ||V_upper^k - V_upper^k-1||_inf = 0.00000693063031125376, ||V_lower^k - V_lower^k-1||_inf = 0.00000000000000000000, delta^k = 0.00000000000000000000
    Local Iteration 243: ||V_upper^k - V_upper^k-1||_inf = 0.00000665340509880362, ||V_lower^k - V_lower^k-1||_inf = 0.00000000000000000000, delta^k = 0.00000000000000000000
    Local Iteration 244: ||V_upper^k - V_upper^k-1||_inf = 0.00000638726889485146, ||V_lower^k - V_lower^k-1||_inf = 0.00000000000000000000, delta^k = 0.00000000000000000000
    Local Iteration 245: ||V_upper^k - V_upper^k-1||_inf = 0.00000613177813905741, ||V_lower^k - V_lower^k-1||_inf = 0.00000000000000000000, delta^k = 0.00000000000000000000
    Local Iteration 246: ||V_upper^k - V_upper^k-1||_inf = 0.00000588650701349510, ||V_lower^k - V_lower^k-1||_inf = 0.00000000000000000000, delta^k = 0.00000000000000000000
    Local Iteration 247: ||V_upper^k - V_upper^k-1||_inf = 0.00000565104673295531, ||V_lower^k - V_lower^k-1||_inf = 0.00000000000000000000, delta^k = 0.00000000000000000000
    Local Iteration 248: ||V_upper^k - V_upper^k-1||_inf = 0.00000542500486363709, ||V_lower^k - V_lower^k-1||_inf = 0.00000000000000000000, delta^k = 0.00000000000000000000
    Local Iteration 249: ||V_upper^k - V_upper^k-1||_inf = 0.00000520800466909162, ||V_lower^k - V_lower^k-1||_inf = 0.00000000000000000000, delta^k = 0.00000000000000000000
    Local Iteration 250: ||V_upper^k - V_upper^k-1||_inf = 0.00000499968448232794, ||V_lower^k - V_lower^k-1||_inf = 0.00000000000000000000, delta^k = 0.00000000000000000000
    Local Iteration 251: ||V_upper^k - V_upper^k-1||_inf = 0.00000479969710303482, ||V_lower^k - V_lower^k-1||_inf = 0.00000000000000000000, delta^k = 0.00000000000000000000
    Local Iteration 252: ||V_upper^k - V_upper^k-1||_inf = 0.00000460770921891343, ||V_lower^k - V_lower^k-1||_inf = 0.00000000000000000000, delta^k = 0.00000000000000000000
    Local Iteration 253: ||V_upper^k - V_upper^k-1||_inf = 0.00000442340085015690, ||V_lower^k - V_lower^k-1||_inf = 0.00000000000000000000, delta^k = 0.00000000000000000000
    Local Iteration 254: ||V_upper^k - V_upper^k-1||_inf = 0.00000424646481615062, ||V_lower^k - V_lower^k-1||_inf = 0.00000000000000000000, delta^k = 0.00000000000000000000
    Local Iteration 255: ||V_upper^k - V_upper^k-1||_inf = 0.00000407660622350459, ||V_lower^k - V_lower^k-1||_inf = 0.00000000000000000000, delta^k = 0.00000000000000000000
    Local Iteration 256: ||V_upper^k - V_upper^k-1||_inf = 0.00000391354197456440, ||V_lower^k - V_lower^k-1||_inf = 0.00000000000000000000, delta^k = 0.00000000000000000000
    Local Iteration 257: ||V_upper^k - V_upper^k-1||_inf = 0.00000375700029558184, ||V_lower^k - V_lower^k-1||_inf = 0.00000000000000000000, delta^k = 0.00000000000000000000
    Local Iteration 258: ||V_upper^k - V_upper^k-1||_inf = 0.00000360672028375856, ||V_lower^k - V_lower^k-1||_inf = 0.00000000000000000000, delta^k = 0.00000000000000000000
    Local Iteration 259: ||V_upper^k - V_upper^k-1||_inf = 0.00000346245147240822, ||V_lower^k - V_lower^k-1||_inf = 0.00000000000000000000, delta^k = 0.00000000000000000000
    Local Iteration 260: ||V_upper^k - V_upper^k-1||_inf = 0.00000332395341351189, ||V_lower^k - V_lower^k-1||_inf = 0.00000000000000000000, delta^k = 0.00000000000000000000
    Local Iteration 261: ||V_upper^k - V_upper^k-1||_inf = 0.00000319099527697141, ||V_lower^k - V_lower^k-1||_inf = 0.00000000000000000000, delta^k = 0.00000000000000000000
    Local Iteration 262: ||V_upper^k - V_upper^k-1||_inf = 0.00000306335546589255, ||V_lower^k - V_lower^k-1||_inf = 0.00000000000000000000, delta^k = 0.00000000000000000000
    Local Iteration 263: ||V_upper^k - V_upper^k-1||_inf = 0.00000294082124725685, ||V_lower^k - V_lower^k-1||_inf = 0.00000000000000000000, delta^k = 0.00000000000000000000
    Local Iteration 264: ||V_upper^k - V_upper^k-1||_inf = 0.00000282318839736658, ||V_lower^k - V_lower^k-1||_inf = 0.00000000000000000000, delta^k = 0.00000000000000000000
    Local Iteration 265: ||V_upper^k - V_upper^k-1||_inf = 0.00000271026086147192, ||V_lower^k - V_lower^k-1||_inf = 0.00000000000000000000, delta^k = 0.00000000000000000000
    Local Iteration 266: ||V_upper^k - V_upper^k-1||_inf = 0.00000260185042701304, ||V_lower^k - V_lower^k-1||_inf = 0.00000000000000000000, delta^k = 0.00000000000000000000
    Local Iteration 267: ||V_upper^k - V_upper^k-1||_inf = 0.00000249777640993252, ||V_lower^k - V_lower^k-1||_inf = 0.00000000000000000000, delta^k = 0.00000000000000000000
    Local Iteration 268: ||V_upper^k - V_upper^k-1||_inf = 0.00000239786535353522, ||V_lower^k - V_lower^k-1||_inf = 0.00000000000000000000, delta^k = 0.00000000000000000000
    Local Iteration 269: ||V_upper^k - V_upper^k-1||_inf = 0.00000230195073939381, ||V_lower^k - V_lower^k-1||_inf = 0.00000000000000000000, delta^k = 0.00000000000000000000
    Local Iteration 270: ||V_upper^k - V_upper^k-1||_inf = 0.00000220987270981806, ||V_lower^k - V_lower^k-1||_inf = 0.00000000000000000000, delta^k = 0.00000000000000000000
    Local Iteration 271: ||V_upper^k - V_upper^k-1||_inf = 0.00000212147780142533, ||V_lower^k - V_lower^k-1||_inf = 0.00000000000000000000, delta^k = 0.00000000000000000000
    Local Iteration 272: ||V_upper^k - V_upper^k-1||_inf = 0.00000203661868936832, ||V_lower^k - V_lower^k-1||_inf = 0.00000000000000000000, delta^k = 0.00000000000000000000
    Local Iteration 273: ||V_upper^k - V_upper^k-1||_inf = 0.00000195515394179359, ||V_lower^k - V_lower^k-1||_inf = 0.00000000000000000000, delta^k = 0.00000000000000000000
    Local Iteration 274: ||V_upper^k - V_upper^k-1||_inf = 0.00000187694778412184, ||V_lower^k - V_lower^k-1||_inf = 0.00000000000000000000, delta^k = 0.00000000000000000000
    Local Iteration 275: ||V_upper^k - V_upper^k-1||_inf = 0.00000180186987275697, ||V_lower^k - V_lower^k-1||_inf = 0.00000000000000000000, delta^k = 0.00000000000000000000
    Local Iteration 276: ||V_upper^k - V_upper^k-1||_inf = 0.00000172979507784669, ||V_lower^k - V_lower^k-1||_inf = 0.00000000000000000000, delta^k = 0.00000000000000000000
    Local Iteration 277: ||V_upper^k - V_upper^k-1||_inf = 0.00000166060327473282, ||V_lower^k - V_lower^k-1||_inf = 0.00000000000000000000, delta^k = 0.00000000000000000000
    Local Iteration 278: ||V_upper^k - V_upper^k-1||_inf = 0.00000159417914374351, ||V_lower^k - V_lower^k-1||_inf = 0.00000000000000000000, delta^k = 0.00000000000000000000
    Local Iteration 279: ||V_upper^k - V_upper^k-1||_inf = 0.00000153041197799377, ||V_lower^k - V_lower^k-1||_inf = 0.00000000000000000000, delta^k = 0.00000000000000000000
    Local Iteration 280: ||V_upper^k - V_upper^k-1||_inf = 0.00000146919549887402, ||V_lower^k - V_lower^k-1||_inf = 0.00000000000000000000, delta^k = 0.00000000000000000000
    Local Iteration 281: ||V_upper^k - V_upper^k-1||_inf = 0.00000141042767891906, ||V_lower^k - V_lower^k-1||_inf = 0.00000000000000000000, delta^k = 0.00000000000000000000
    Local Iteration 282: ||V_upper^k - V_upper^k-1||_inf = 0.00000135401057176230, ||V_lower^k - V_lower^k-1||_inf = 0.00000000000000000000, delta^k = 0.00000000000000000000
    Local Iteration 283: ||V_upper^k - V_upper^k-1||_inf = 0.00000129985014889180, ||V_lower^k - V_lower^k-1||_inf = 0.00000000000000000000, delta^k = 0.00000000000000000000
    Local Iteration 284: ||V_upper^k - V_upper^k-1||_inf = 0.00000124785614293613, ||V_lower^k - V_lower^k-1||_inf = 0.00000000000000000000, delta^k = 0.00000000000000000000
    Local Iteration 285: ||V_upper^k - V_upper^k-1||_inf = 0.00000119794189721869, ||V_lower^k - V_lower^k-1||_inf = 0.00000000000000000000, delta^k = 0.00000000000000000000
    Local Iteration 286: ||V_upper^k - V_upper^k-1||_inf = 0.00000115002422132994, ||V_lower^k - V_lower^k-1||_inf = 0.00000000000000000000, delta^k = 0.00000000000000000000
    Local Iteration 287: ||V_upper^k - V_upper^k-1||_inf = 0.00000110402325247674, ||V_lower^k - V_lower^k-1||_inf = 0.00000000000000000000, delta^k = 0.00000000000000000000
    Local Iteration 288: ||V_upper^k - V_upper^k-1||_inf = 0.00000105986232237767, ||V_lower^k - V_lower^k-1||_inf = 0.00000000000000000000, delta^k = 0.00000000000000000000
    Local Iteration 289: ||V_upper^k - V_upper^k-1||_inf = 0.00000101746782948256, ||V_lower^k - V_lower^k-1||_inf = 0.00000000000000000000, delta^k = 0.00000000000000000000
    Local Iteration 290: ||V_upper^k - V_upper^k-1||_inf = 0.00000097676911630326, ||V_lower^k - V_lower^k-1||_inf = 0.00000000000000000000, delta^k = 0.00000000000000000000
    Local Iteration 291: ||V_upper^k - V_upper^k-1||_inf = 0.00000093769835165113, ||V_lower^k - V_lower^k-1||_inf = 0.00000000000000000000, delta^k = 0.00000000000000000000
    Local Iteration 292: ||V_upper^k - V_upper^k-1||_inf = 0.00000090019041758509, ||V_lower^k - V_lower^k-1||_inf = 0.00000000000000000000, delta^k = 0.00000000000000000000
    Local Iteration 293: ||V_upper^k - V_upper^k-1||_inf = 0.00000086418280088168, ||V_lower^k - V_lower^k-1||_inf = 0.00000000000000000000, delta^k = 0.00000000000000000000
    Local Iteration 294: ||V_upper^k - V_upper^k-1||_inf = 0.00000082961548884641, ||V_lower^k - V_lower^k-1||_inf = 0.00000000000000000000, delta^k = 0.00000000000000000000
    Local Iteration 295: ||V_upper^k - V_upper^k-1||_inf = 0.00000079643086929256, ||V_lower^k - V_lower^k-1||_inf = 0.00000000000000000000, delta^k = 0.00000000000000000000
    Local Iteration 296: ||V_upper^k - V_upper^k-1||_inf = 0.00000076457363452086, ||V_lower^k - V_lower^k-1||_inf = 0.00000000000000000000, delta^k = 0.00000000000000000000
    Local Iteration 297: ||V_upper^k - V_upper^k-1||_inf = 0.00000073399068914002, ||V_lower^k - V_lower^k-1||_inf = 0.00000000000000000000, delta^k = 0.00000000000000000000
    Local Iteration 298: ||V_upper^k - V_upper^k-1||_inf = 0.00000070463106157442, ||V_lower^k - V_lower^k-1||_inf = 0.00000000000000000000, delta^k = 0.00000000000000000000
    Local Iteration 299: ||V_upper^k - V_upper^k-1||_inf = 0.00000067644581911144, ||V_lower^k - V_lower^k-1||_inf = 0.00000000000000000000, delta^k = 0.00000000000000000000
    Local Iteration 300: ||V_upper^k - V_upper^k-1||_inf = 0.00000064938798634699, ||V_lower^k - V_lower^k-1||_inf = 0.00000000000000000000, delta^k = 0.00000000000000000000
    Local Iteration 301: ||V_upper^k - V_upper^k-1||_inf = 0.00000062341246689311, ||V_lower^k - V_lower^k-1||_inf = 0.00000000000000000000, delta^k = 0.00000000000000000000
    Local Iteration 302: ||V_upper^k - V_upper^k-1||_inf = 0.00000059847596821738, ||V_lower^k - V_lower^k-1||_inf = 0.00000000000000000000, delta^k = 0.00000000000000000000
    Local Iteration 303: ||V_upper^k - V_upper^k-1||_inf = 0.00000057453692948869, ||V_lower^k - V_lower^k-1||_inf = 0.00000000000000000000, delta^k = 0.00000000000000000000
    Local Iteration 304: ||V_upper^k - V_upper^k-1||_inf = 0.00000055155545230914, ||V_lower^k - V_lower^k-1||_inf = 0.00000000000000000000, delta^k = 0.00000000000000000000
    Local Iteration 305: ||V_upper^k - V_upper^k-1||_inf = 0.00000052949323421677, ||V_lower^k - V_lower^k-1||_inf = 0.00000000000000000000, delta^k = 0.00000000000000000000
    Local Iteration 306: ||V_upper^k - V_upper^k-1||_inf = 0.00000050831350484810, ||V_lower^k - V_lower^k-1||_inf = 0.00000000000000000000, delta^k = 0.00000000000000000000
    Local Iteration 307: ||V_upper^k - V_upper^k-1||_inf = 0.00000048798096465418, ||V_lower^k - V_lower^k-1||_inf = 0.00000000000000000000, delta^k = 0.00000000000000000000
    Local Iteration 308: ||V_upper^k - V_upper^k-1||_inf = 0.00000046846172606801, ||V_lower^k - V_lower^k-1||_inf = 0.00000000000000000000, delta^k = 0.00000000000000000000
    Local Iteration 309: ||V_upper^k - V_upper^k-1||_inf = 0.00000044972325702529, ||V_lower^k - V_lower^k-1||_inf = 0.00000000000000000000, delta^k = 0.00000000000000000000
    Local Iteration 310: ||V_upper^k - V_upper^k-1||_inf = 0.00000043173432674428, ||V_lower^k - V_lower^k-1||_inf = 0.00000000000000000000, delta^k = 0.00000000000000000000
    Local Iteration 311: ||V_upper^k - V_upper^k-1||_inf = 0.00000041446495367451, ||V_lower^k - V_lower^k-1||_inf = 0.00000000000000000000, delta^k = 0.00000000000000000000
    Local Iteration 312: ||V_upper^k - V_upper^k-1||_inf = 0.00000039788635552753, ||V_lower^k - V_lower^k-1||_inf = 0.00000000000000000000, delta^k = 0.00000000000000000000
    Local Iteration 313: ||V_upper^k - V_upper^k-1||_inf = 0.00000038197090130643, ||V_lower^k - V_lower^k-1||_inf = 0.00000000000000000000, delta^k = 0.00000000000000000000
    Local Iteration 314: ||V_upper^k - V_upper^k-1||_inf = 0.00000036669206525417, ||V_lower^k - V_lower^k-1||_inf = 0.00000000000000000000, delta^k = 0.00000000000000000000
    Local Iteration 315: ||V_upper^k - V_upper^k-1||_inf = 0.00000035202438264400, ||V_lower^k - V_lower^k-1||_inf = 0.00000000000000000000, delta^k = 0.00000000000000000000
    Local Iteration 316: ||V_upper^k - V_upper^k-1||_inf = 0.00000033794340733824, ||V_lower^k - V_lower^k-1||_inf = 0.00000000000000000000, delta^k = 0.00000000000000000000
    Local Iteration 317: ||V_upper^k - V_upper^k-1||_inf = 0.00000032442567104471, ||V_lower^k - V_lower^k-1||_inf = 0.00000000000000000000, delta^k = 0.00000000000000000000
    Local Iteration 318: ||V_upper^k - V_upper^k-1||_inf = 0.00000031144864420293, ||V_lower^k - V_lower^k-1||_inf = 0.00000000000000000000, delta^k = 0.00000000000000000000
    Local Iteration 319: ||V_upper^k - V_upper^k-1||_inf = 0.00000029899069843481, ||V_lower^k - V_lower^k-1||_inf = 0.00000000000000000000, delta^k = 0.00000000000000000000
    Local Iteration 320: ||V_upper^k - V_upper^k-1||_inf = 0.00000028703107049742, ||V_lower^k - V_lower^k-1||_inf = 0.00000000000000000000, delta^k = 0.00000000000000000000
    Local Iteration 321: ||V_upper^k - V_upper^k-1||_inf = 0.00000027554982767752, ||V_lower^k - V_lower^k-1||_inf = 0.00000000000000000000, delta^k = 0.00000000000000000000
    Local Iteration 322: ||V_upper^k - V_upper^k-1||_inf = 0.00000026452783457042, ||V_lower^k - V_lower^k-1||_inf = 0.00000000000000000000, delta^k = 0.00000000000000000000
    Local Iteration 323: ||V_upper^k - V_upper^k-1||_inf = 0.00000025394672118760, ||V_lower^k - V_lower^k-1||_inf = 0.00000000000000000000, delta^k = 0.00000000000000000000
    Local Iteration 324: ||V_upper^k - V_upper^k-1||_inf = 0.00000024378885234010, ||V_lower^k - V_lower^k-1||_inf = 0.00000000000000000000, delta^k = 0.00000000000000000000
    Local Iteration 325: ||V_upper^k - V_upper^k-1||_inf = 0.00000023403729824649, ||V_lower^k - V_lower^k-1||_inf = 0.00000000000000000000, delta^k = 0.00000000000000000000
    Local Iteration 326: ||V_upper^k - V_upper^k-1||_inf = 0.00000022467580631663, ||V_lower^k - V_lower^k-1||_inf = 0.00000000000000000000, delta^k = 0.00000000000000000000
    Local Iteration 327: ||V_upper^k - V_upper^k-1||_inf = 0.00000021568877406397, ||V_lower^k - V_lower^k-1||_inf = 0.00000000000000000000, delta^k = 0.00000000000000000000
    Local Iteration 328: ||V_upper^k - V_upper^k-1||_inf = 0.00000020706122310141, ||V_lower^k - V_lower^k-1||_inf = 0.00000000000000000000, delta^k = 0.00000000000000000000
    Local Iteration 329: ||V_upper^k - V_upper^k-1||_inf = 0.00000019877877417735, ||V_lower^k - V_lower^k-1||_inf = 0.00000000000000000000, delta^k = 0.00000000000000000000
    Local Iteration 330: ||V_upper^k - V_upper^k-1||_inf = 0.00000019082762321026, ||V_lower^k - V_lower^k-1||_inf = 0.00000000000000000000, delta^k = 0.00000000000000000000
    Local Iteration 331: ||V_upper^k - V_upper^k-1||_inf = 0.00000018319451828185, ||V_lower^k - V_lower^k-1||_inf = 0.00000000000000000000, delta^k = 0.00000000000000000000
    Local Iteration 332: ||V_upper^k - V_upper^k-1||_inf = 0.00000017586673755058, ||V_lower^k - V_lower^k-1||_inf = 0.00000000000000000000, delta^k = 0.00000000000000000000
    Local Iteration 333: ||V_upper^k - V_upper^k-1||_inf = 0.00000016883206804855, ||V_lower^k - V_lower^k-1||_inf = 0.00000000000000000000, delta^k = 0.00000000000000000000
    Local Iteration 334: ||V_upper^k - V_upper^k-1||_inf = 0.00000016207878532661, ||V_lower^k - V_lower^k-1||_inf = 0.00000000000000000000, delta^k = 0.00000000000000000000
    Local Iteration 335: ||V_upper^k - V_upper^k-1||_inf = 0.00000015559563391355, ||V_lower^k - V_lower^k-1||_inf = 0.00000000000000000000, delta^k = 0.00000000000000000000
    Local Iteration 336: ||V_upper^k - V_upper^k-1||_inf = 0.00000014937180855700, ||V_lower^k - V_lower^k-1||_inf = 0.00000000000000000000, delta^k = 0.00000000000000000000
    Local Iteration 337: ||V_upper^k - V_upper^k-1||_inf = 0.00000014339693621472, ||V_lower^k - V_lower^k-1||_inf = 0.00000000000000000000, delta^k = 0.00000000000000000000
    Local Iteration 338: ||V_upper^k - V_upper^k-1||_inf = 0.00000013766105876613, ||V_lower^k - V_lower^k-1||_inf = 0.00000000000000000000, delta^k = 0.00000000000000000000
    Local Iteration 339: ||V_upper^k - V_upper^k-1||_inf = 0.00000013215461641549, ||V_lower^k - V_lower^k-1||_inf = 0.00000000000000000000, delta^k = 0.00000000000000000000
    Local Iteration 340: ||V_upper^k - V_upper^k-1||_inf = 0.00000012686843175887, ||V_lower^k - V_lower^k-1||_inf = 0.00000000000000000000, delta^k = 0.00000000000000000000
    Local Iteration 341: ||V_upper^k - V_upper^k-1||_inf = 0.00000012179369448851, ||V_lower^k - V_lower^k-1||_inf = 0.00000000000000000000, delta^k = 0.00000000000000000000
    Local Iteration 342: ||V_upper^k - V_upper^k-1||_inf = 0.00000011692194670897, ||V_lower^k - V_lower^k-1||_inf = 0.00000000000000000000, delta^k = 0.00000000000000000000
    Local Iteration 343: ||V_upper^k - V_upper^k-1||_inf = 0.00000011224506884061, ||V_lower^k - V_lower^k-1||_inf = 0.00000000000000000000, delta^k = 0.00000000000000000000
    Local Iteration 344: ||V_upper^k - V_upper^k-1||_inf = 0.00000010775526608699, ||V_lower^k - V_lower^k-1||_inf = 0.00000000000000000000, delta^k = 0.00000000000000000000
    Local Iteration 345: ||V_upper^k - V_upper^k-1||_inf = 0.00000010344505544351, ||V_lower^k - V_lower^k-1||_inf = 0.00000000000000000000, delta^k = 0.00000000000000000000
    Local Iteration 346: ||V_upper^k - V_upper^k-1||_inf = 0.00000009930725322577, ||V_lower^k - V_lower^k-1||_inf = 0.00000000000000000000, delta^k = 0.00000000000000000000
    Local Iteration 347: ||V_upper^k - V_upper^k-1||_inf = 0.00000009533496309674, ||V_lower^k - V_lower^k-1||_inf = 0.00000000000000000000, delta^k = 0.00000000000000000000
    Local Iteration 348: ||V_upper^k - V_upper^k-1||_inf = 0.00000009152156457287, ||V_lower^k - V_lower^k-1||_inf = 0.00000000000000000000, delta^k = 0.00000000000000000000
    Local Iteration 349: ||V_upper^k - V_upper^k-1||_inf = 0.00000008786070198996, ||V_lower^k - V_lower^k-1||_inf = 0.00000000000000000000, delta^k = 0.00000000000000000000
    Local Iteration 350: ||V_upper^k - V_upper^k-1||_inf = 0.00000008434627391036, ||V_lower^k - V_lower^k-1||_inf = 0.00000000000000000000, delta^k = 0.00000000000000000000
    Local Iteration 351: ||V_upper^k - V_upper^k-1||_inf = 0.00000008097242295394, ||V_lower^k - V_lower^k-1||_inf = 0.00000000000000000000, delta^k = 0.00000000000000000000
    Local Iteration 352: ||V_upper^k - V_upper^k-1||_inf = 0.00000007773352603578, ||V_lower^k - V_lower^k-1||_inf = 0.00000000000000000000, delta^k = 0.00000000000000000000
    Local Iteration 353: ||V_upper^k - V_upper^k-1||_inf = 0.00000007462418499435, ||V_lower^k - V_lower^k-1||_inf = 0.00000000000000000000, delta^k = 0.00000000000000000000
    Local Iteration 354: ||V_upper^k - V_upper^k-1||_inf = 0.00000007163921759458, ||V_lower^k - V_lower^k-1||_inf = 0.00000000000000000000, delta^k = 0.00000000000000000000
    Local Iteration 355: ||V_upper^k - V_upper^k-1||_inf = 0.00000006877364889080, ||V_lower^k - V_lower^k-1||_inf = 0.00000000000000000000, delta^k = 0.00000000000000000000
    Local Iteration 356: ||V_upper^k - V_upper^k-1||_inf = 0.00000006602270293516, ||V_lower^k - V_lower^k-1||_inf = 0.00000000000000000000, delta^k = 0.00000000000000000000
    Local Iteration 357: ||V_upper^k - V_upper^k-1||_inf = 0.00000006338179481776, ||V_lower^k - V_lower^k-1||_inf = 0.00000000000000000000, delta^k = 0.00000000000000000000
    Local Iteration 358: ||V_upper^k - V_upper^k-1||_inf = 0.00000006084652302505, ||V_lower^k - V_lower^k-1||_inf = 0.00000000000000000000, delta^k = 0.00000000000000000000
    Local Iteration 359: ||V_upper^k - V_upper^k-1||_inf = 0.00000005841266210405, ||V_lower^k - V_lower^k-1||_inf = 0.00000000000000000000, delta^k = 0.00000000000000000000
    Local Iteration 360: ||V_upper^k - V_upper^k-1||_inf = 0.00000005607615561988, ||V_lower^k - V_lower^k-1||_inf = 0.00000000000000000000, delta^k = 0.00000000000000000000
    Local Iteration 361: ||V_upper^k - V_upper^k-1||_inf = 0.00000005383310939509, ||V_lower^k - V_lower^k-1||_inf = 0.00000000000000000000, delta^k = 0.00000000000000000000
    Local Iteration 362: ||V_upper^k - V_upper^k-1||_inf = 0.00000005167978501928, ||V_lower^k - V_lower^k-1||_inf = 0.00000000000000000000, delta^k = 0.00000000000000000000
    Local Iteration 363: ||V_upper^k - V_upper^k-1||_inf = 0.00000004961259361851, ||V_lower^k - V_lower^k-1||_inf = 0.00000000000000000000, delta^k = 0.00000000000000000000
    Local Iteration 364: ||V_upper^k - V_upper^k-1||_inf = 0.00000004762808987377, ||V_lower^k - V_lower^k-1||_inf = 0.00000000000000000000, delta^k = 0.00000000000000000000
    Local Iteration 365: ||V_upper^k - V_upper^k-1||_inf = 0.00000004572296627882, ||V_lower^k - V_lower^k-1||_inf = 0.00000000000000000000, delta^k = 0.00000000000000000000
    Local Iteration 366: ||V_upper^k - V_upper^k-1||_inf = 0.00000004389404762767, ||V_lower^k - V_lower^k-1||_inf = 0.00000000000000000000, delta^k = 0.00000000000000000000
    Local Iteration 367: ||V_upper^k - V_upper^k-1||_inf = 0.00000004213828572256, ||V_lower^k - V_lower^k-1||_inf = 0.00000000000000000000, delta^k = 0.00000000000000000000
    Local Iteration 368: ||V_upper^k - V_upper^k-1||_inf = 0.00000004045275429366, ||V_lower^k - V_lower^k-1||_inf = 0.00000000000000000000, delta^k = 0.00000000000000000000
    Local Iteration 369: ||V_upper^k - V_upper^k-1||_inf = 0.00000003883464412191, ||V_lower^k - V_lower^k-1||_inf = 0.00000000000000000000, delta^k = 0.00000000000000000000
    Local Iteration 370: ||V_upper^k - V_upper^k-1||_inf = 0.00000003728125835704, ||V_lower^k - V_lower^k-1||_inf = 0.00000000000000000000, delta^k = 0.00000000000000000000
    Local Iteration 371: ||V_upper^k - V_upper^k-1||_inf = 0.00000003579000802276, ||V_lower^k - V_lower^k-1||_inf = 0.00000000000000000000, delta^k = 0.00000000000000000000
    Local Iteration 372: ||V_upper^k - V_upper^k-1||_inf = 0.00000003435840770185, ||V_lower^k - V_lower^k-1||_inf = 0.00000000000000000000, delta^k = 0.00000000000000000000
    Local Iteration 373: ||V_upper^k - V_upper^k-1||_inf = 0.00000003298407139377, ||V_lower^k - V_lower^k-1||_inf = 0.00000000000000000000, delta^k = 0.00000000000000000000
    Local Iteration 374: ||V_upper^k - V_upper^k-1||_inf = 0.00000003166470853802, ||V_lower^k - V_lower^k-1||_inf = 0.00000000000000000000, delta^k = 0.00000000000000000000
    Local Iteration 375: ||V_upper^k - V_upper^k-1||_inf = 0.00000003039812019650, ||V_lower^k - V_lower^k-1||_inf = 0.00000000000000000000, delta^k = 0.00000000000000000000
    Local Iteration 376: ||V_upper^k - V_upper^k-1||_inf = 0.00000002918219538864, ||V_lower^k - V_lower^k-1||_inf = 0.00000000000000000000, delta^k = 0.00000000000000000000
    Local Iteration 377: ||V_upper^k - V_upper^k-1||_inf = 0.00000002801490757309, ||V_lower^k - V_lower^k-1||_inf = 0.00000000000000000000, delta^k = 0.00000000000000000000
    Local Iteration 378: ||V_upper^k - V_upper^k-1||_inf = 0.00000002689431127017, ||V_lower^k - V_lower^k-1||_inf = 0.00000000000000000000, delta^k = 0.00000000000000000000
    Local Iteration 379: ||V_upper^k - V_upper^k-1||_inf = 0.00000002581853881936, ||V_lower^k - V_lower^k-1||_inf = 0.00000000000000000000, delta^k = 0.00000000000000000000
    Local Iteration 380: ||V_upper^k - V_upper^k-1||_inf = 0.00000002478579726659, ||V_lower^k - V_lower^k-1||_inf = 0.00000000000000000000, delta^k = 0.00000000000000000000
    Local Iteration 381: ||V_upper^k - V_upper^k-1||_inf = 0.00000002379436537593, ||V_lower^k - V_lower^k-1||_inf = 0.00000000000000000000, delta^k = 0.00000000000000000000
    Local Iteration 382: ||V_upper^k - V_upper^k-1||_inf = 0.00000002284259076089, ||V_lower^k - V_lower^k-1||_inf = 0.00000000000000000000, delta^k = 0.00000000000000000000
    Local Iteration 383: ||V_upper^k - V_upper^k-1||_inf = 0.00000002192888713045, ||V_lower^k - V_lower^k-1||_inf = 0.00000000000000000000, delta^k = 0.00000000000000000000
    Local Iteration 384: ||V_upper^k - V_upper^k-1||_inf = 0.00000002105173164523, ||V_lower^k - V_lower^k-1||_inf = 0.00000000000000000000, delta^k = 0.00000000000000000000
    Local Iteration 385: ||V_upper^k - V_upper^k-1||_inf = 0.00000002020966237943, ||V_lower^k - V_lower^k-1||_inf = 0.00000000000000000000, delta^k = 0.00000000000000000000
    Local Iteration 386: ||V_upper^k - V_upper^k-1||_inf = 0.00000001940127588425, ||V_lower^k - V_lower^k-1||_inf = 0.00000000000000000000, delta^k = 0.00000000000000000000
    Local Iteration 387: ||V_upper^k - V_upper^k-1||_inf = 0.00000001862522484888, ||V_lower^k - V_lower^k-1||_inf = 0.00000000000000000000, delta^k = 0.00000000000000000000
    Local Iteration 388: ||V_upper^k - V_upper^k-1||_inf = 0.00000001788021585492, ||V_lower^k - V_lower^k-1||_inf = 0.00000000000000000000, delta^k = 0.00000000000000000000
    Local Iteration 389: ||V_upper^k - V_upper^k-1||_inf = 0.00000001716500722073, ||V_lower^k - V_lower^k-1||_inf = 0.00000000000000000000, delta^k = 0.00000000000000000000
    Local Iteration 390: ||V_upper^k - V_upper^k-1||_inf = 0.00000001647840693190, ||V_lower^k - V_lower^k-1||_inf = 0.00000000000000000000, delta^k = 0.00000000000000000000
    Local Iteration 391: ||V_upper^k - V_upper^k-1||_inf = 0.00000001581927065462, ||V_lower^k - V_lower^k-1||_inf = 0.00000000000000000000, delta^k = 0.00000000000000000000
    Local Iteration 392: ||V_upper^k - V_upper^k-1||_inf = 0.00000001518649982844, ||V_lower^k - V_lower^k-1||_inf = 0.00000000000000000000, delta^k = 0.00000000000000000000
    Local Iteration 393: ||V_upper^k - V_upper^k-1||_inf = 0.00000001457903983530, ||V_lower^k - V_lower^k-1||_inf = 0.00000000000000000000, delta^k = 0.00000000000000000000
    Local Iteration 394: ||V_upper^k - V_upper^k-1||_inf = 0.00000001399587824189, ||V_lower^k - V_lower^k-1||_inf = 0.00000000000000000000, delta^k = 0.00000000000000000000
    Local Iteration 395: ||V_upper^k - V_upper^k-1||_inf = 0.00000001343604311221, ||V_lower^k - V_lower^k-1||_inf = 0.00000000000000000000, delta^k = 0.00000000000000000000
    Local Iteration 396: ||V_upper^k - V_upper^k-1||_inf = 0.00000001289860138772, ||V_lower^k - V_lower^k-1||_inf = 0.00000000000000000000, delta^k = 0.00000000000000000000
    Local Iteration 397: ||V_upper^k - V_upper^k-1||_inf = 0.00000001238265733221, ||V_lower^k - V_lower^k-1||_inf = 0.00000000000000000000, delta^k = 0.00000000000000000000
    Local Iteration 398: ||V_upper^k - V_upper^k-1||_inf = 0.00000001188735103893, ||V_lower^k - V_lower^k-1||_inf = 0.00000000000000000000, delta^k = 0.00000000000000000000
    Local Iteration 399: ||V_upper^k - V_upper^k-1||_inf = 0.00000001141185699737, ||V_lower^k - V_lower^k-1||_inf = 0.00000000000000000000, delta^k = 0.00000000000000000000
    Local Iteration 400: ||V_upper^k - V_upper^k-1||_inf = 0.00000001095538271747, ||V_lower^k - V_lower^k-1||_inf = 0.00000000000000000000, delta^k = 0.00000000000000000000
    Local Iteration 401: ||V_upper^k - V_upper^k-1||_inf = 0.00000001051716740877, ||V_lower^k - V_lower^k-1||_inf = 0.00000000000000000000, delta^k = 0.00000000000000000000
    Local Iteration 402: ||V_upper^k - V_upper^k-1||_inf = 0.00000001009648071242, ||V_lower^k - V_lower^k-1||_inf = 0.00000000000000000000, delta^k = 0.00000000000000000000
    Local Iteration 403: ||V_upper^k - V_upper^k-1||_inf = 0.00000000969262148393, ||V_lower^k - V_lower^k-1||_inf = 0.00000000000000000000, delta^k = 0.00000000000000000000

============================================================
 CONSERVATIVE STOPPING CONDITION MET (Algorithm 3)
============================================================
  delta^k = 0.0000000000e+00 >= -delta_max
  ||V_upper^k - V_upper^k-1||_inf = 9.6926214839e-09 < 1e-08
  eps_cons = (0.96 * 0.0000000000e+00) / 0.04 = 0.0000000000e+00
  Correcting V_lower for 677778 cells: V_lower <- V_lower - eps_cons - eps_machine
   Conservative correction applied successfully
  Machine epsilon eps_machine = 2.220e-16
    Local VI completed in 403 iterations
    Final convergence values:
      ||V_upper^final - V_upper^prev||_inf = 9.69262148e-09
      ||V_lower^final - V_lower^prev||_inf = 0.00000000e+00
  Local VI completed in 403 iterations, time: 9.299s
    Final ||V_upper^k - V_upper^k-1||_inf = 9.69262148392700351170e-09
    Final ||V_lower^k - V_lower^k-1||_inf = 0.00000000000000000000e+00
  Saved visualization: /Users/i.k.tabbara/Documents/python directory/HSCC_2027/refactored_Implementations/results_hscc_2027_newbellmans_12workers/ra_discount/evasion_res30_eps0.05_dmin1e-08_dmax1e-08_gamma0.96_dt0.3_tau0.3_cons/value_function_phase_5_complete.png
  Phase 5 completed in 10.01s with 677778 leaf cells

Classification after phase 5:
  Safe:            12874 cells (  1.9%),    5.0% of state space
  Unsafe:          34188 cells (  5.0%),   22.0% of state space
  Unclassified:   630716 cells ( 93.1%),   73.0% of state space

======================================================================
REFINEMENT PHASE 6
======================================================================
Boundary cells: 630716
  Refinable (>eta_min=0.017678): 630716
  Below threshold: 0
  Cumulative refined: 650778
  Refinable cell size statistics:
    Max:    0.100000
    Mean:   0.100000
    Min:    0.100000
    Median: 0.100000
  Refining 630716 cells...
    Refined: 630716 parent cells
    Created: 1261432 child cells
    Total cells: 1308494
    Refinement time: 0.049s
    Cumulative refined: 1281494
  Rebuilding spatial index...
  Building spatial index for 1308494 cells...
   Spatial index built in 0.32s
    Spatial index rebuilt in 0.321s
  Initializing 1261432 new cells...
  Initializing 1261432 new cells in parallel...
   Initialized in 0.00s (410433078.2 cells/s)
    Initialization completed in 0.003s
  Starting local value iteration...
  Reinitializing ALL 1308494 cells (V = l)
   Reinitialized 1308494 cells in 0.00s (423729340.5 cells/s)
  Local VI: updating all 1308494 cells
    Conservative mode: True
    delta_max: 1e-08
    Max iterations: 1000033
    Updating successor cache for 1261432 updated cells...
    Updating successor cache for 1261432 new cells (HYBRID)...
      Affected cells: 1278164
   Trajectories + spatial queries computed in 2.52s (2533180.1 tasks/s)
    Breakdown: 60.4% ODE, 39.6% queries
     Cache updated in 2.74s (2329193.6 tasks/s)
    Local Iteration   1: ||V_upper^k - V_upper^k-1||_inf = 4.22035565114441180157, ||V_lower^k - V_lower^k-1||_inf = 4.13026132357530517680, delta^k = -4.13026132357530517680
    Local Iteration   2: ||V_upper^k - V_upper^k-1||_inf = 4.03773893565113883852, ||V_lower^k - V_lower^k-1||_inf = 3.86337378937817810254, delta^k = -3.86337378937817810254
    Local Iteration   3: ||V_upper^k - V_upper^k-1||_inf = 3.87622937822509339156, ||V_lower^k - V_lower^k-1||_inf = 3.54578099199039176170, delta^k = -3.54578099199039176170
    Local Iteration   4: ||V_upper^k - V_upper^k-1||_inf = 3.72118020309608921181, ||V_lower^k - V_lower^k-1||_inf = 3.27941381175742963094, delta^k = -3.27941381175742963094
    Local Iteration   5: ||V_upper^k - V_upper^k-1||_inf = 3.57233299497224576768, ||V_lower^k - V_lower^k-1||_inf = 3.02814330853416135980, delta^k = -3.02814330853416135980
    Local Iteration   6: ||V_upper^k - V_upper^k-1||_inf = 3.42943967517335579487, ||V_lower^k - V_lower^k-1||_inf = 2.82011866700020519261, delta^k = -2.82011866700020519261
    Local Iteration   7: ||V_upper^k - V_upper^k-1||_inf = 3.29226208816642174071, ||V_lower^k - V_lower^k-1||_inf = 2.62643302654272314811, delta^k = -2.62643302654272314811
    Local Iteration   8: ||V_upper^k - V_upper^k-1||_inf = 3.16057160463976494214, ||V_lower^k - V_lower^k-1||_inf = 2.47999459530273735908, delta^k = -2.47999459530273735908
    Local Iteration   9: ||V_upper^k - V_upper^k-1||_inf = 3.03414874045417448656, ||V_lower^k - V_lower^k-1||_inf = 2.34041037134004437092, delta^k = -2.34041037134004437092
    Local Iteration  10: ||V_upper^k - V_upper^k-1||_inf = 2.91278279083600732946, ||V_lower^k - V_lower^k-1||_inf = 2.22847631565803361298, delta^k = -2.22847631565803361298
    Local Iteration  11: ||V_upper^k - V_upper^k-1||_inf = 2.79627147920256646785, ||V_lower^k - V_lower^k-1||_inf = 2.12922505508940407282, delta^k = -2.12922505508940407282
    Local Iteration  12: ||V_upper^k - V_upper^k-1||_inf = 2.68442062003446402230, ||V_lower^k - V_lower^k-1||_inf = 2.01958746444253689489, delta^k = -2.01958746444253689489
    Local Iteration  13: ||V_upper^k - V_upper^k-1||_inf = 2.57704379523308535482, ||V_lower^k - V_lower^k-1||_inf = 1.90303878301054973932, delta^k = -1.90303878301054973932
    Local Iteration  14: ||V_upper^k - V_upper^k-1||_inf = 2.47396204342376169194, ||V_lower^k - V_lower^k-1||_inf = 1.81591111902911284126, delta^k = -1.81591111902911284126
    Local Iteration  15: ||V_upper^k - V_upper^k-1||_inf = 2.37500356168681125979, ||V_lower^k - V_lower^k-1||_inf = 1.70095381067003792452, delta^k = -1.70095381067003792452
    Local Iteration  16: ||V_upper^k - V_upper^k-1||_inf = 2.28000341921933857847, ||V_lower^k - V_lower^k-1||_inf = 1.51680358882369903384, delta^k = -1.51680358882369903384
    Local Iteration  17: ||V_upper^k - V_upper^k-1||_inf = 2.18880328245056521297, ||V_lower^k - V_lower^k-1||_inf = 1.40877373071876621502, delta^k = -1.40877373071876621502
    Local Iteration  18: ||V_upper^k - V_upper^k-1||_inf = 2.10125115115254246234, ||V_lower^k - V_lower^k-1||_inf = 1.35242278149001537990, delta^k = -1.35242278149001537990
    Local Iteration  19: ||V_upper^k - V_upper^k-1||_inf = 2.01640079801076677057, ||V_lower^k - V_lower^k-1||_inf = 1.28360219241621753561, delta^k = -1.28360219241621753561
    Local Iteration  20: ||V_upper^k - V_upper^k-1||_inf = 1.92923940847262365139, ||V_lower^k - V_lower^k-1||_inf = 1.23225810471956886971, delta^k = -1.23225810471956886971
    Local Iteration  21: ||V_upper^k - V_upper^k-1||_inf = 1.85206983213371834118, ||V_lower^k - V_lower^k-1||_inf = 1.18296778053078588400, delta^k = -1.18296778053078588400
    Local Iteration  22: ||V_upper^k - V_upper^k-1||_inf = 1.77798703884836961642, ||V_lower^k - V_lower^k-1||_inf = 1.13564906930955444864, delta^k = -1.13564906930955444864
    Local Iteration  23: ||V_upper^k - V_upper^k-1||_inf = 1.70686755729443495611, ||V_lower^k - V_lower^k-1||_inf = 1.09022310653717235951, delta^k = -1.09022310653717235951
    Local Iteration  24: ||V_upper^k - V_upper^k-1||_inf = 1.63859285500265738911, ||V_lower^k - V_lower^k-1||_inf = 0.93354284655124464276, delta^k = -0.93354284655124464276
    Local Iteration  25: ||V_upper^k - V_upper^k-1||_inf = 1.57304914080255109354, ||V_lower^k - V_lower^k-1||_inf = 0.84080647961517862576, delta^k = -0.84080647961517862576
    Local Iteration  26: ||V_upper^k - V_upper^k-1||_inf = 1.51012717517044903204, ||V_lower^k - V_lower^k-1||_inf = 0.80717422043057152070, delta^k = -0.80717422043057152070
    Local Iteration  27: ||V_upper^k - V_upper^k-1||_inf = 1.44972208816363101747, ||V_lower^k - V_lower^k-1||_inf = 0.62350524167657317420, delta^k = -0.62350524167657317420
    Local Iteration  28: ||V_upper^k - V_upper^k-1||_inf = 1.39173320463708583006, ||V_lower^k - V_lower^k-1||_inf = 0.59856503200951016730, delta^k = -0.59856503200951016730
    Local Iteration  29: ||V_upper^k - V_upper^k-1||_inf = 1.33606387645160218369, ||V_lower^k - V_lower^k-1||_inf = 0.55871590811388338604, delta^k = -0.55871590811388338604
    Local Iteration  30: ||V_upper^k - V_upper^k-1||_inf = 1.28262132139353801641, ||V_lower^k - V_lower^k-1||_inf = 0.53062476514691248042, delta^k = -0.53062476514691248042
    Local Iteration  31: ||V_upper^k - V_upper^k-1||_inf = 1.23131646853779663786, ||V_lower^k - V_lower^k-1||_inf = 0.50776117406527221387, delta^k = -0.50776117406527221387
    Local Iteration  32: ||V_upper^k - V_upper^k-1||_inf = 1.18206380979628455918, ||V_lower^k - V_lower^k-1||_inf = 0.48745072710266135196, delta^k = -0.48745072710266135196
    Local Iteration  33: ||V_upper^k - V_upper^k-1||_inf = 1.13478125740443314129, ||V_lower^k - V_lower^k-1||_inf = 0.46499585402495829944, delta^k = -0.46499585402495829944
    Local Iteration  34: ||V_upper^k - V_upper^k-1||_inf = 1.08939000710825584228, ||V_lower^k - V_lower^k-1||_inf = 0.44639601986395993638, delta^k = -0.44639601986395993638
    Local Iteration  35: ||V_upper^k - V_upper^k-1||_inf = 1.04581440682392567965, ||V_lower^k - V_lower^k-1||_inf = 0.42854017906940156113, delta^k = -0.42854017906940156113
    Local Iteration  36: ||V_upper^k - V_upper^k-1||_inf = 1.00398183055096867911, ||V_lower^k - V_lower^k-1||_inf = 0.41139857190662543207, delta^k = -0.41139857190662543207
    Local Iteration  37: ||V_upper^k - V_upper^k-1||_inf = 0.96382255732892985201, ||V_lower^k - V_lower^k-1||_inf = 0.39494262903036042589, delta^k = -0.39494262903036042589
    Local Iteration  38: ||V_upper^k - V_upper^k-1||_inf = 0.92526965503577252026, ||V_lower^k - V_lower^k-1||_inf = 0.37914492386914599997, delta^k = -0.37914492386914599997
    Local Iteration  39: ||V_upper^k - V_upper^k-1||_inf = 0.88825886883434157504, ||V_lower^k - V_lower^k-1||_inf = 0.36397912691438016886, delta^k = -0.36397912691438016886
    Local Iteration  40: ||V_upper^k - V_upper^k-1||_inf = 0.85272851408096794756, ||V_lower^k - V_lower^k-1||_inf = 0.34941996183780493768, delta^k = -0.34941996183780493768
    Local Iteration  41: ||V_upper^k - V_upper^k-1||_inf = 0.81861937351772917637, ||V_lower^k - V_lower^k-1||_inf = 0.33544316336429269576, delta^k = -0.33544316336429269576
    Local Iteration  42: ||V_upper^k - V_upper^k-1||_inf = 0.78587459857701991162, ||V_lower^k - V_lower^k-1||_inf = 0.32202543682972095684, delta^k = -0.32202543682972095684
    Local Iteration  43: ||V_upper^k - V_upper^k-1||_inf = 0.75443961463393915956, ||V_lower^k - V_lower^k-1||_inf = 0.30914441935653214077, delta^k = -0.30914441935653214077
    Local Iteration  44: ||V_upper^k - V_upper^k-1||_inf = 0.02244236347035111212, ||V_lower^k - V_lower^k-1||_inf = 0.29677864258227082406, delta^k = -0.29677864258227082406
    Local Iteration  45: ||V_upper^k - V_upper^k-1||_inf = 0.02154466893153705875, ||V_lower^k - V_lower^k-1||_inf = 0.28490749687897998221, delta^k = -0.28490749687897998221
    Local Iteration  46: ||V_upper^k - V_upper^k-1||_inf = 0.02068288217427560749, ||V_lower^k - V_lower^k-1||_inf = 0.27351119700382081623, delta^k = -0.27351119700382081623
    Local Iteration  47: ||V_upper^k - V_upper^k-1||_inf = 0.01985556688730455432, ||V_lower^k - V_lower^k-1||_inf = 0.26257074912366795694, delta^k = -0.26257074912366795694
    Local Iteration  48: ||V_upper^k - V_upper^k-1||_inf = 0.01906134421181238103, ||V_lower^k - V_lower^k-1||_inf = 0.25206791915872123200, delta^k = -0.25206791915872123200
    Local Iteration  49: ||V_upper^k - V_upper^k-1||_inf = 0.01829889044333987691, ||V_lower^k - V_lower^k-1||_inf = 0.24198520239237236717, delta^k = -0.24198520239237236717
    Local Iteration  50: ||V_upper^k - V_upper^k-1||_inf = 0.01756693482560628405, ||V_lower^k - V_lower^k-1||_inf = 0.23230579429667747027, delta^k = -0.23230579429667747027
    Local Iteration  51: ||V_upper^k - V_upper^k-1||_inf = 0.01686425743258201937, ||V_lower^k - V_lower^k-1||_inf = 0.22301356252481036035, delta^k = -0.22301356252481036035
    Local Iteration  52: ||V_upper^k - V_upper^k-1||_inf = 0.01618968713527874081, ||V_lower^k - V_lower^k-1||_inf = 0.21409302002381794261, delta^k = -0.21409302002381794261
    Local Iteration  53: ||V_upper^k - V_upper^k-1||_inf = 0.01554209964986758008, ||V_lower^k - V_lower^k-1||_inf = 0.20380015137430901317, delta^k = -0.20380015137430901317
    Local Iteration  54: ||V_upper^k - V_upper^k-1||_inf = 0.01492041566387292129, ||V_lower^k - V_lower^k-1||_inf = 0.19564814531933666375, delta^k = -0.19564814531933666375
    Local Iteration  55: ||V_upper^k - V_upper^k-1||_inf = 0.01432359903731800221, ||V_lower^k - V_lower^k-1||_inf = 0.18782221950656319276, delta^k = -0.18782221950656319276
    Local Iteration  56: ||V_upper^k - V_upper^k-1||_inf = 0.01375065507582523550, ||V_lower^k - V_lower^k-1||_inf = 0.18030933072630064840, delta^k = -0.18030933072630064840
    Local Iteration  57: ||V_upper^k - V_upper^k-1||_inf = 0.01320062887279221941, ||V_lower^k - V_lower^k-1||_inf = 0.17309695749724862690, delta^k = -0.17309695749724862690
    Local Iteration  58: ||V_upper^k - V_upper^k-1||_inf = 0.01267260371788053730, ||V_lower^k - V_lower^k-1||_inf = 0.16617307919735865851, delta^k = -0.16617307919735865851
    Local Iteration  59: ||V_upper^k - V_upper^k-1||_inf = 0.01216569956916535578, ||V_lower^k - V_lower^k-1||_inf = 0.15952615602946429441, delta^k = -0.15952615602946429441
    Local Iteration  60: ||V_upper^k - V_upper^k-1||_inf = 0.01167907158639874821, ||V_lower^k - V_lower^k-1||_inf = 0.15314510978828571597, delta^k = -0.15314510978828571597
    Local Iteration  61: ||V_upper^k - V_upper^k-1||_inf = 0.01121190872294275387, ||V_lower^k - V_lower^k-1||_inf = 0.14701930539675428511, delta^k = -0.14701930539675428511
    Local Iteration  62: ||V_upper^k - V_upper^k-1||_inf = 0.01076343237402505038, ||V_lower^k - V_lower^k-1||_inf = 0.14113853318088412370, delta^k = -0.14113853318088412370
    Local Iteration  63: ||V_upper^k - V_upper^k-1||_inf = 0.01033289507906406945, ||V_lower^k - V_lower^k-1||_inf = 0.12664993416393566239, delta^k = -0.12664993416393566239
    Local Iteration  64: ||V_upper^k - V_upper^k-1||_inf = 0.00991957927590150779, ||V_lower^k - V_lower^k-1||_inf = 0.09702862531685893521, delta^k = -0.09702862531685893521
    Local Iteration  65: ||V_upper^k - V_upper^k-1||_inf = 0.00952279610486542194, ||V_lower^k - V_lower^k-1||_inf = 0.08776762293912643287, delta^k = -0.08776762293912643287
    Local Iteration  66: ||V_upper^k - V_upper^k-1||_inf = 0.00914188426067080728, ||V_lower^k - V_lower^k-1||_inf = 0.08425691802156137777, delta^k = -0.08425691802156137777
    Local Iteration  67: ||V_upper^k - V_upper^k-1||_inf = 0.00877620889024399720, ||V_lower^k - V_lower^k-1||_inf = 0.08088664130069890545, delta^k = -0.08088664130069890545
    Local Iteration  68: ||V_upper^k - V_upper^k-1||_inf = 0.00842516053463421288, ||V_lower^k - V_lower^k-1||_inf = 0.07765117564867095312, delta^k = -0.07765117564867095312
    Local Iteration  69: ||V_upper^k - V_upper^k-1||_inf = 0.00808815411324884104, ||V_lower^k - V_lower^k-1||_inf = 0.07454512862272411056, delta^k = -0.07454512862272411056
    Local Iteration  70: ||V_upper^k - V_upper^k-1||_inf = 0.00776462794871890516, ||V_lower^k - V_lower^k-1||_inf = 0.07156332347781514669, delta^k = -0.07156332347781514669
    Local Iteration  71: ||V_upper^k - V_upper^k-1||_inf = 0.00745404283077014118, ||V_lower^k - V_lower^k-1||_inf = 0.06870079053870253860, delta^k = -0.06870079053870253860
    Local Iteration  72: ||V_upper^k - V_upper^k-1||_inf = 0.00715588111753934220, ||V_lower^k - V_lower^k-1||_inf = 0.06595275891715443595, delta^k = -0.06595275891715443595
    Local Iteration  73: ||V_upper^k - V_upper^k-1||_inf = 0.00686964587283775407, ||V_lower^k - V_lower^k-1||_inf = 0.06331464856046825629, delta^k = -0.06331464856046825629
    Local Iteration  74: ||V_upper^k - V_upper^k-1||_inf = 0.00659486003792425501, ||V_lower^k - V_lower^k-1||_inf = 0.06078206261804951216, delta^k = -0.06078206261804951216
    Local Iteration  75: ||V_upper^k - V_upper^k-1||_inf = 0.00633106563640728481, ||V_lower^k - V_lower^k-1||_inf = 0.05835078011332753278, delta^k = -0.05835078011332753278
    Local Iteration  76: ||V_upper^k - V_upper^k-1||_inf = 0.00607782301095100008, ||V_lower^k - V_lower^k-1||_inf = 0.05601674890879443369, delta^k = -0.05601674890879443369
    Local Iteration  77: ||V_upper^k - V_upper^k-1||_inf = 0.00583471009051295120, ||V_lower^k - V_lower^k-1||_inf = 0.00042542407292263905, delta^k = -0.00042542407292263905
    Local Iteration  78: ||V_upper^k - V_upper^k-1||_inf = 0.00560132168689242427, ||V_lower^k - V_lower^k-1||_inf = 0.00040840711000573321, delta^k = -0.00040840711000573321
    Local Iteration  79: ||V_upper^k - V_upper^k-1||_inf = 0.00537726881941674728, ||V_lower^k - V_lower^k-1||_inf = 0.00039207082560550367, delta^k = -0.00039207082560550367
    Local Iteration  80: ||V_upper^k - V_upper^k-1||_inf = 0.00516217806664007184, ||V_lower^k - V_lower^k-1||_inf = 0.00037638799258128339, delta^k = -0.00037638799258128339
    Local Iteration  81: ||V_upper^k - V_upper^k-1||_inf = 0.00495569094397446674, ||V_lower^k - V_lower^k-1||_inf = 0.00036133247287803254, delta^k = -0.00036133247287803254
    Local Iteration  82: ||V_upper^k - V_upper^k-1||_inf = 0.00475746330621548696, ||V_lower^k - V_lower^k-1||_inf = 0.00034687917396291137, delta^k = -0.00034687917396291137
    Local Iteration  83: ||V_upper^k - V_upper^k-1||_inf = 0.00456716477396686138, ||V_lower^k - V_lower^k-1||_inf = 0.00033300400700439492, delta^k = -0.00033300400700439492
    Local Iteration  84: ||V_upper^k - V_upper^k-1||_inf = 0.00438447818300818914, ||V_lower^k - V_lower^k-1||_inf = 0.00031968384672421881, delta^k = -0.00031968384672421881
    Local Iteration  85: ||V_upper^k - V_upper^k-1||_inf = 0.00420909905568786491, ||V_lower^k - V_lower^k-1||_inf = 0.00030689649285524975, delta^k = -0.00030689649285524975
    Local Iteration  86: ||V_upper^k - V_upper^k-1||_inf = 0.00404073509346035420, ||V_lower^k - V_lower^k-1||_inf = 0.00029462063314104024, delta^k = -0.00029462063314104024
    Local Iteration  87: ||V_upper^k - V_upper^k-1||_inf = 0.00387910568972194003, ||V_lower^k - V_lower^k-1||_inf = 0.00028283580781539829, delta^k = -0.00028283580781539829
    Local Iteration  88: ||V_upper^k - V_upper^k-1||_inf = 0.00215099499677720574, ||V_lower^k - V_lower^k-1||_inf = 0.00027152237550278225, delta^k = -0.00027152237550278225
    Local Iteration  89: ||V_upper^k - V_upper^k-1||_inf = 0.00000000000000000000, ||V_lower^k - V_lower^k-1||_inf = 0.00026066148048267072, delta^k = -0.00026066148048267072
    Local Iteration  90: ||V_upper^k - V_upper^k-1||_inf = 0.00000000000000000000, ||V_lower^k - V_lower^k-1||_inf = 0.00025023502126336403, delta^k = -0.00025023502126336403
    Local Iteration  91: ||V_upper^k - V_upper^k-1||_inf = 0.00000000000000000000, ||V_lower^k - V_lower^k-1||_inf = 0.00024022562041282978, delta^k = -0.00024022562041282978
    Local Iteration  92: ||V_upper^k - V_upper^k-1||_inf = 0.00000000000000000000, ||V_lower^k - V_lower^k-1||_inf = 0.00023061659559631652, delta^k = -0.00023061659559631652
    Local Iteration  93: ||V_upper^k - V_upper^k-1||_inf = 0.00000000000000000000, ||V_lower^k - V_lower^k-1||_inf = 0.00022139193177246348, delta^k = -0.00022139193177246348
    Local Iteration  94: ||V_upper^k - V_upper^k-1||_inf = 0.00000000000000000000, ||V_lower^k - V_lower^k-1||_inf = 0.00021253625450156494, delta^k = -0.00021253625450156494
    Local Iteration  95: ||V_upper^k - V_upper^k-1||_inf = 0.00000000000000000000, ||V_lower^k - V_lower^k-1||_inf = 0.00020403480432150227, delta^k = -0.00020403480432150227
    Local Iteration  96: ||V_upper^k - V_upper^k-1||_inf = 0.00000000000000000000, ||V_lower^k - V_lower^k-1||_inf = 0.00019587341214864253, delta^k = -0.00019587341214864253
    Local Iteration  97: ||V_upper^k - V_upper^k-1||_inf = 0.00000000000000000000, ||V_lower^k - V_lower^k-1||_inf = 0.00018803847566269648, delta^k = -0.00018803847566269648
    Local Iteration  98: ||V_upper^k - V_upper^k-1||_inf = 0.00000000000000000000, ||V_lower^k - V_lower^k-1||_inf = 0.00018051693663618910, delta^k = -0.00018051693663618910
    Local Iteration  99: ||V_upper^k - V_upper^k-1||_inf = 0.00000000000000000000, ||V_lower^k - V_lower^k-1||_inf = 0.00017329625917074116, delta^k = -0.00017329625917074116
    Local Iteration 100: ||V_upper^k - V_upper^k-1||_inf = 0.00000000000000000000, ||V_lower^k - V_lower^k-1||_inf = 0.00016636440880391217, delta^k = -0.00016636440880391217
    Local Iteration 101: ||V_upper^k - V_upper^k-1||_inf = 0.00000000000000000000, ||V_lower^k - V_lower^k-1||_inf = 0.00015970983245175516, delta^k = -0.00015970983245175516
    Local Iteration 102: ||V_upper^k - V_upper^k-1||_inf = 0.00000000000000000000, ||V_lower^k - V_lower^k-1||_inf = 0.00015332143915368487, delta^k = -0.00015332143915368487
    Local Iteration 103: ||V_upper^k - V_upper^k-1||_inf = 0.00000000000000000000, ||V_lower^k - V_lower^k-1||_inf = 0.00014718858158753760, delta^k = -0.00014718858158753760
    Local Iteration 104: ||V_upper^k - V_upper^k-1||_inf = 0.00000000000000000000, ||V_lower^k - V_lower^k-1||_inf = 0.00014130103832403615, delta^k = -0.00014130103832403615
    Local Iteration 105: ||V_upper^k - V_upper^k-1||_inf = 0.00000000000000000000, ||V_lower^k - V_lower^k-1||_inf = 0.00013564899679107453, delta^k = -0.00013564899679107453
    Local Iteration 106: ||V_upper^k - V_upper^k-1||_inf = 0.00000000000000000000, ||V_lower^k - V_lower^k-1||_inf = 0.00013022303691943155, delta^k = -0.00013022303691943155
    Local Iteration 107: ||V_upper^k - V_upper^k-1||_inf = 0.00000000000000000000, ||V_lower^k - V_lower^k-1||_inf = 0.00012501411544265425, delta^k = -0.00012501411544265425
    Local Iteration 108: ||V_upper^k - V_upper^k-1||_inf = 0.00000000000000000000, ||V_lower^k - V_lower^k-1||_inf = 0.00012001355082494813, delta^k = -0.00012001355082494813
    Local Iteration 109: ||V_upper^k - V_upper^k-1||_inf = 0.00000000000000000000, ||V_lower^k - V_lower^k-1||_inf = 0.00011521300879195054, delta^k = -0.00011521300879195054
    Local Iteration 110: ||V_upper^k - V_upper^k-1||_inf = 0.00000000000000000000, ||V_lower^k - V_lower^k-1||_inf = 0.00011060448844027243, delta^k = -0.00011060448844027243
    Local Iteration 111: ||V_upper^k - V_upper^k-1||_inf = 0.00000000000000000000, ||V_lower^k - V_lower^k-1||_inf = 0.00010618030890266125, delta^k = -0.00010618030890266125
    Local Iteration 112: ||V_upper^k - V_upper^k-1||_inf = 0.00000000000000000000, ||V_lower^k - V_lower^k-1||_inf = 0.00010193309654655484, delta^k = -0.00010193309654655484
    Local Iteration 113: ||V_upper^k - V_upper^k-1||_inf = 0.00000000000000000000, ||V_lower^k - V_lower^k-1||_inf = 0.00009785577268469270, delta^k = -0.00009785577268469270
    Local Iteration 114: ||V_upper^k - V_upper^k-1||_inf = 0.00000000000000000000, ||V_lower^k - V_lower^k-1||_inf = 0.00009394154177730504, delta^k = -0.00009394154177730504
    Local Iteration 115: ||V_upper^k - V_upper^k-1||_inf = 0.00000000000000000000, ||V_lower^k - V_lower^k-1||_inf = 0.00009018388010621292, delta^k = -0.00009018388010621292
    Local Iteration 116: ||V_upper^k - V_upper^k-1||_inf = 0.00000000000000000000, ||V_lower^k - V_lower^k-1||_inf = 0.00008657652490196444, delta^k = -0.00008657652490196444
    Local Iteration 117: ||V_upper^k - V_upper^k-1||_inf = 0.00000000000000000000, ||V_lower^k - V_lower^k-1||_inf = 0.00008311346390588560, delta^k = -0.00008311346390588560
    Local Iteration 118: ||V_upper^k - V_upper^k-1||_inf = 0.00000000000000000000, ||V_lower^k - V_lower^k-1||_inf = 0.00007978892534965033, delta^k = -0.00007978892534965033
    Local Iteration 119: ||V_upper^k - V_upper^k-1||_inf = 0.00000000000000000000, ||V_lower^k - V_lower^k-1||_inf = 0.00007659736833566435, delta^k = -0.00007659736833566435
    Local Iteration 120: ||V_upper^k - V_upper^k-1||_inf = 0.00000000000000000000, ||V_lower^k - V_lower^k-1||_inf = 0.00007353347360223770, delta^k = -0.00007353347360223770
    Local Iteration 121: ||V_upper^k - V_upper^k-1||_inf = 0.00000000000000000000, ||V_lower^k - V_lower^k-1||_inf = 0.00007059213465814831, delta^k = -0.00007059213465814831
    Local Iteration 122: ||V_upper^k - V_upper^k-1||_inf = 0.00000000000000000000, ||V_lower^k - V_lower^k-1||_inf = 0.00006776844927182239, delta^k = -0.00006776844927182239
    Local Iteration 123: ||V_upper^k - V_upper^k-1||_inf = 0.00000000000000000000, ||V_lower^k - V_lower^k-1||_inf = 0.00006505771130094944, delta^k = -0.00006505771130094944
    Local Iteration 124: ||V_upper^k - V_upper^k-1||_inf = 0.00000000000000000000, ||V_lower^k - V_lower^k-1||_inf = 0.00006245540284891145, delta^k = -0.00006245540284891145
    Local Iteration 125: ||V_upper^k - V_upper^k-1||_inf = 0.00000000000000000000, ||V_lower^k - V_lower^k-1||_inf = 0.00005995718673495500, delta^k = -0.00005995718673495500
    Local Iteration 126: ||V_upper^k - V_upper^k-1||_inf = 0.00000000000000000000, ||V_lower^k - V_lower^k-1||_inf = 0.00005755889926555664, delta^k = -0.00005755889926555664
    Local Iteration 127: ||V_upper^k - V_upper^k-1||_inf = 0.00000000000000000000, ||V_lower^k - V_lower^k-1||_inf = 0.00005525654329493449, delta^k = -0.00005525654329493449
    Local Iteration 128: ||V_upper^k - V_upper^k-1||_inf = 0.00000000000000000000, ||V_lower^k - V_lower^k-1||_inf = 0.00005304628156313712, delta^k = -0.00005304628156313712
    Local Iteration 129: ||V_upper^k - V_upper^k-1||_inf = 0.00000000000000000000, ||V_lower^k - V_lower^k-1||_inf = 0.00005092443030061170, delta^k = -0.00005092443030061170
    Local Iteration 130: ||V_upper^k - V_upper^k-1||_inf = 0.00000000000000000000, ||V_lower^k - V_lower^k-1||_inf = 0.00004888745308858711, delta^k = -0.00004888745308858711
    Local Iteration 131: ||V_upper^k - V_upper^k-1||_inf = 0.00000000000000000000, ||V_lower^k - V_lower^k-1||_inf = 0.00004693195496504373, delta^k = -0.00004693195496504373
    Local Iteration 132: ||V_upper^k - V_upper^k-1||_inf = 0.00000000000000000000, ||V_lower^k - V_lower^k-1||_inf = 0.00004505467676644182, delta^k = -0.00004505467676644182
    Local Iteration 133: ||V_upper^k - V_upper^k-1||_inf = 0.00000000000000000000, ||V_lower^k - V_lower^k-1||_inf = 0.00004325248969578427, delta^k = -0.00004325248969578427
    Local Iteration 134: ||V_upper^k - V_upper^k-1||_inf = 0.00000000000000000000, ||V_lower^k - V_lower^k-1||_inf = 0.00004152239010795289, delta^k = -0.00004152239010795289
    Local Iteration 135: ||V_upper^k - V_upper^k-1||_inf = 0.00000000000000000000, ||V_lower^k - V_lower^k-1||_inf = 0.00003986149450363474, delta^k = -0.00003986149450363474
    Local Iteration 136: ||V_upper^k - V_upper^k-1||_inf = 0.00000000000000000000, ||V_lower^k - V_lower^k-1||_inf = 0.00003826703472348931, delta^k = -0.00003826703472348931
    Local Iteration 137: ||V_upper^k - V_upper^k-1||_inf = 0.00000000000000000000, ||V_lower^k - V_lower^k-1||_inf = 0.00003673635333454976, delta^k = -0.00003673635333454976
    Local Iteration 138: ||V_upper^k - V_upper^k-1||_inf = 0.00000000000000000000, ||V_lower^k - V_lower^k-1||_inf = 0.00003526689920116779, delta^k = -0.00003526689920116779
    Local Iteration 139: ||V_upper^k - V_upper^k-1||_inf = 0.00000000000000000000, ||V_lower^k - V_lower^k-1||_inf = 0.00003385622323312108, delta^k = -0.00003385622323312108
    Local Iteration 140: ||V_upper^k - V_upper^k-1||_inf = 0.00000000000000000000, ||V_lower^k - V_lower^k-1||_inf = 0.00003250197430379627, delta^k = -0.00003250197430379627
    Local Iteration 141: ||V_upper^k - V_upper^k-1||_inf = 0.00000000000000000000, ||V_lower^k - V_lower^k-1||_inf = 0.00003120189533164434, delta^k = -0.00003120189533164434
    Local Iteration 142: ||V_upper^k - V_upper^k-1||_inf = 0.00000000000000000000, ||V_lower^k - V_lower^k-1||_inf = 0.00002995381951837860, delta^k = -0.00002995381951837860
    Local Iteration 143: ||V_upper^k - V_upper^k-1||_inf = 0.00000000000000000000, ||V_lower^k - V_lower^k-1||_inf = 0.00002875566673764349, delta^k = -0.00002875566673764349
    Local Iteration 144: ||V_upper^k - V_upper^k-1||_inf = 0.00000000000000000000, ||V_lower^k - V_lower^k-1||_inf = 0.00002760544006813774, delta^k = -0.00002760544006813774
    Local Iteration 145: ||V_upper^k - V_upper^k-1||_inf = 0.00000000000000000000, ||V_lower^k - V_lower^k-1||_inf = 0.00002650122246541215, delta^k = -0.00002650122246541215
    Local Iteration 146: ||V_upper^k - V_upper^k-1||_inf = 0.00000000000000000000, ||V_lower^k - V_lower^k-1||_inf = 0.00002544117356679566, delta^k = -0.00002544117356679566
    Local Iteration 147: ||V_upper^k - V_upper^k-1||_inf = 0.00000000000000000000, ||V_lower^k - V_lower^k-1||_inf = 0.00002442352662412385, delta^k = -0.00002442352662412385
    Local Iteration 148: ||V_upper^k - V_upper^k-1||_inf = 0.00000000000000000000, ||V_lower^k - V_lower^k-1||_inf = 0.00002344658555915888, delta^k = -0.00002344658555915888
    Local Iteration 149: ||V_upper^k - V_upper^k-1||_inf = 0.00000000000000000000, ||V_lower^k - V_lower^k-1||_inf = 0.00002250872213679261, delta^k = -0.00002250872213679261
    Local Iteration 150: ||V_upper^k - V_upper^k-1||_inf = 0.00000000000000000000, ||V_lower^k - V_lower^k-1||_inf = 0.00002160837325132091, delta^k = -0.00002160837325132091
    Local Iteration 151: ||V_upper^k - V_upper^k-1||_inf = 0.00000000000000000000, ||V_lower^k - V_lower^k-1||_inf = 0.00002074403832126798, delta^k = -0.00002074403832126798
    Local Iteration 152: ||V_upper^k - V_upper^k-1||_inf = 0.00000000000000000000, ||V_lower^k - V_lower^k-1||_inf = 0.00001991427678841733, delta^k = -0.00001991427678841733
    Local Iteration 153: ||V_upper^k - V_upper^k-1||_inf = 0.00000000000000000000, ||V_lower^k - V_lower^k-1||_inf = 0.00001911770571688063, delta^k = -0.00001911770571688063
    Local Iteration 154: ||V_upper^k - V_upper^k-1||_inf = 0.00000000000000000000, ||V_lower^k - V_lower^k-1||_inf = 0.00001835299748820539, delta^k = -0.00001835299748820539
    Local Iteration 155: ||V_upper^k - V_upper^k-1||_inf = 0.00000000000000000000, ||V_lower^k - V_lower^k-1||_inf = 0.00001761887758867719, delta^k = -0.00001761887758867719
    Local Iteration 156: ||V_upper^k - V_upper^k-1||_inf = 0.00000000000000000000, ||V_lower^k - V_lower^k-1||_inf = 0.00001691412248513009, delta^k = -0.00001691412248513009
    Local Iteration 157: ||V_upper^k - V_upper^k-1||_inf = 0.00000000000000000000, ||V_lower^k - V_lower^k-1||_inf = 0.00001623755758572488, delta^k = -0.00001623755758572488
    Local Iteration 158: ||V_upper^k - V_upper^k-1||_inf = 0.00000000000000000000, ||V_lower^k - V_lower^k-1||_inf = 0.00001558805528229591, delta^k = -0.00001558805528229591
    Local Iteration 159: ||V_upper^k - V_upper^k-1||_inf = 0.00000000000000000000, ||V_lower^k - V_lower^k-1||_inf = 0.00001496453307100407, delta^k = -0.00001496453307100407
    Local Iteration 160: ||V_upper^k - V_upper^k-1||_inf = 0.00000000000000000000, ||V_lower^k - V_lower^k-1||_inf = 0.00001436595174816391, delta^k = -0.00001436595174816391
    Local Iteration 161: ||V_upper^k - V_upper^k-1||_inf = 0.00000000000000000000, ||V_lower^k - V_lower^k-1||_inf = 0.00001379131367823733, delta^k = -0.00001379131367823733
    Local Iteration 162: ||V_upper^k - V_upper^k-1||_inf = 0.00000000000000000000, ||V_lower^k - V_lower^k-1||_inf = 0.00001323966113110783, delta^k = -0.00001323966113110783
    Local Iteration 163: ||V_upper^k - V_upper^k-1||_inf = 0.00000000000000000000, ||V_lower^k - V_lower^k-1||_inf = 0.00001271007468586354, delta^k = -0.00001271007468586354
    Local Iteration 164: ||V_upper^k - V_upper^k-1||_inf = 0.00000000000000000000, ||V_lower^k - V_lower^k-1||_inf = 0.00001220167169842896, delta^k = -0.00001220167169842896
    Local Iteration 165: ||V_upper^k - V_upper^k-1||_inf = 0.00000000000000000000, ||V_lower^k - V_lower^k-1||_inf = 0.00001171360483049184, delta^k = -0.00001171360483049184
    Local Iteration 166: ||V_upper^k - V_upper^k-1||_inf = 0.00000000000000000000, ||V_lower^k - V_lower^k-1||_inf = 0.00001124506063727217, delta^k = -0.00001124506063727217
    Local Iteration 167: ||V_upper^k - V_upper^k-1||_inf = 0.00000000000000000000, ||V_lower^k - V_lower^k-1||_inf = 0.00001079525821178124, delta^k = -0.00001079525821178124
    Local Iteration 168: ||V_upper^k - V_upper^k-1||_inf = 0.00000000000000000000, ||V_lower^k - V_lower^k-1||_inf = 0.00001036344788331002, delta^k = -0.00001036344788331002
    Local Iteration 169: ||V_upper^k - V_upper^k-1||_inf = 0.00000000000000000000, ||V_lower^k - V_lower^k-1||_inf = 0.00000994890996797762, delta^k = -0.00000994890996797762
    Local Iteration 170: ||V_upper^k - V_upper^k-1||_inf = 0.00000000000000000000, ||V_lower^k - V_lower^k-1||_inf = 0.00000955095356925851, delta^k = -0.00000955095356925851
    Local Iteration 171: ||V_upper^k - V_upper^k-1||_inf = 0.00000000000000000000, ||V_lower^k - V_lower^k-1||_inf = 0.00000916891542648816, delta^k = -0.00000916891542648816
    Local Iteration 172: ||V_upper^k - V_upper^k-1||_inf = 0.00000000000000000000, ||V_lower^k - V_lower^k-1||_inf = 0.00000880215880942864, delta^k = -0.00000880215880942864
    Local Iteration 173: ||V_upper^k - V_upper^k-1||_inf = 0.00000000000000000000, ||V_lower^k - V_lower^k-1||_inf = 0.00000845007245705150, delta^k = -0.00000845007245705150
    Local Iteration 174: ||V_upper^k - V_upper^k-1||_inf = 0.00000000000000000000, ||V_lower^k - V_lower^k-1||_inf = 0.00000811206955876942, delta^k = -0.00000811206955876942
    Local Iteration 175: ||V_upper^k - V_upper^k-1||_inf = 0.00000000000000000000, ||V_lower^k - V_lower^k-1||_inf = 0.00000778758677641864, delta^k = -0.00000778758677641864
    Local Iteration 176: ||V_upper^k - V_upper^k-1||_inf = 0.00000000000000000000, ||V_lower^k - V_lower^k-1||_inf = 0.00000747608330536190, delta^k = -0.00000747608330536190
    Local Iteration 177: ||V_upper^k - V_upper^k-1||_inf = 0.00000000000000000000, ||V_lower^k - V_lower^k-1||_inf = 0.00000717703997314743, delta^k = -0.00000717703997314743
    Local Iteration 178: ||V_upper^k - V_upper^k-1||_inf = 0.00000000000000000000, ||V_lower^k - V_lower^k-1||_inf = 0.00000688995837422153, delta^k = -0.00000688995837422153
    Local Iteration 179: ||V_upper^k - V_upper^k-1||_inf = 0.00000000000000000000, ||V_lower^k - V_lower^k-1||_inf = 0.00000661436003925267, delta^k = -0.00000661436003925267
    Local Iteration 180: ||V_upper^k - V_upper^k-1||_inf = 0.00000000000000000000, ||V_lower^k - V_lower^k-1||_inf = 0.00000634978563768257, delta^k = -0.00000634978563768257
    Local Iteration 181: ||V_upper^k - V_upper^k-1||_inf = 0.00000000000000000000, ||V_lower^k - V_lower^k-1||_inf = 0.00000609579421217526, delta^k = -0.00000609579421217526
    Local Iteration 182: ||V_upper^k - V_upper^k-1||_inf = 0.00000000000000000000, ||V_lower^k - V_lower^k-1||_inf = 0.00000585196244368825, delta^k = -0.00000585196244368825
    Local Iteration 183: ||V_upper^k - V_upper^k-1||_inf = 0.00000000000000000000, ||V_lower^k - V_lower^k-1||_inf = 0.00000561788394594072, delta^k = -0.00000561788394594072
    Local Iteration 184: ||V_upper^k - V_upper^k-1||_inf = 0.00000000000000000000, ||V_lower^k - V_lower^k-1||_inf = 0.00000539316858810308, delta^k = -0.00000539316858810308
    Local Iteration 185: ||V_upper^k - V_upper^k-1||_inf = 0.00000000000000000000, ||V_lower^k - V_lower^k-1||_inf = 0.00000517744184457897, delta^k = -0.00000517744184457897
    Local Iteration 186: ||V_upper^k - V_upper^k-1||_inf = 0.00000000000000000000, ||V_lower^k - V_lower^k-1||_inf = 0.00000497034417079581, delta^k = -0.00000497034417079581
    Local Iteration 187: ||V_upper^k - V_upper^k-1||_inf = 0.00000000000000000000, ||V_lower^k - V_lower^k-1||_inf = 0.00000477153040396398, delta^k = -0.00000477153040396398
    Local Iteration 188: ||V_upper^k - V_upper^k-1||_inf = 0.00000000000000000000, ||V_lower^k - V_lower^k-1||_inf = 0.00000458066918780542, delta^k = -0.00000458066918780542
    Local Iteration 189: ||V_upper^k - V_upper^k-1||_inf = 0.00000000000000000000, ||V_lower^k - V_lower^k-1||_inf = 0.00000439744242029320, delta^k = -0.00000439744242029320
    Local Iteration 190: ||V_upper^k - V_upper^k-1||_inf = 0.00000000000000000000, ||V_lower^k - V_lower^k-1||_inf = 0.00000422154472348148, delta^k = -0.00000422154472348148
    Local Iteration 191: ||V_upper^k - V_upper^k-1||_inf = 0.00000000000000000000, ||V_lower^k - V_lower^k-1||_inf = 0.00000405268293454222, delta^k = -0.00000405268293454222
    Local Iteration 192: ||V_upper^k - V_upper^k-1||_inf = 0.00000000000000000000, ||V_lower^k - V_lower^k-1||_inf = 0.00000389057561716052, delta^k = -0.00000389057561716052
    Local Iteration 193: ||V_upper^k - V_upper^k-1||_inf = 0.00000000000000000000, ||V_lower^k - V_lower^k-1||_inf = 0.00000373495259247410, delta^k = -0.00000373495259247410
    Local Iteration 194: ||V_upper^k - V_upper^k-1||_inf = 0.00000000000000000000, ||V_lower^k - V_lower^k-1||_inf = 0.00000358555448877514, delta^k = -0.00000358555448877514
    Local Iteration 195: ||V_upper^k - V_upper^k-1||_inf = 0.00000000000000000000, ||V_lower^k - V_lower^k-1||_inf = 0.00000344213230922414, delta^k = -0.00000344213230922414
    Local Iteration 196: ||V_upper^k - V_upper^k-1||_inf = 0.00000000000000000000, ||V_lower^k - V_lower^k-1||_inf = 0.00000330444701685517, delta^k = -0.00000330444701685517
    Local Iteration 197: ||V_upper^k - V_upper^k-1||_inf = 0.00000000000000000000, ||V_lower^k - V_lower^k-1||_inf = 0.00000317226913618095, delta^k = -0.00000317226913618095
    Local Iteration 198: ||V_upper^k - V_upper^k-1||_inf = 0.00000000000000000000, ||V_lower^k - V_lower^k-1||_inf = 0.00000304537837073372, delta^k = -0.00000304537837073372
    Local Iteration 199: ||V_upper^k - V_upper^k-1||_inf = 0.00000000000000000000, ||V_lower^k - V_lower^k-1||_inf = 0.00000292356323590438, delta^k = -0.00000292356323590438
    Local Iteration 200: ||V_upper^k - V_upper^k-1||_inf = 0.00000000000000000000, ||V_lower^k - V_lower^k-1||_inf = 0.00000280662070646820, delta^k = -0.00000280662070646820
    Local Iteration 201: ||V_upper^k - V_upper^k-1||_inf = 0.00000000000000000000, ||V_lower^k - V_lower^k-1||_inf = 0.00000269435587820947, delta^k = -0.00000269435587820947
    Local Iteration 202: ||V_upper^k - V_upper^k-1||_inf = 0.00000000000000000000, ||V_lower^k - V_lower^k-1||_inf = 0.00000258658164308109, delta^k = -0.00000258658164308109
    Local Iteration 203: ||V_upper^k - V_upper^k-1||_inf = 0.00000000000000000000, ||V_lower^k - V_lower^k-1||_inf = 0.00000248311837735785, delta^k = -0.00000248311837735785
    Local Iteration 204: ||V_upper^k - V_upper^k-1||_inf = 0.00000000000000000000, ||V_lower^k - V_lower^k-1||_inf = 0.00000238379364226354, delta^k = -0.00000238379364226354
    Local Iteration 205: ||V_upper^k - V_upper^k-1||_inf = 0.00000000000000000000, ||V_lower^k - V_lower^k-1||_inf = 0.00000228844189657299, delta^k = -0.00000228844189657299
    Local Iteration 206: ||V_upper^k - V_upper^k-1||_inf = 0.00000000000000000000, ||V_lower^k - V_lower^k-1||_inf = 0.00000219690422071007, delta^k = -0.00000219690422071007
    Local Iteration 207: ||V_upper^k - V_upper^k-1||_inf = 0.00000000000000000000, ||V_lower^k - V_lower^k-1||_inf = 0.00000210902805188167, delta^k = -0.00000210902805188167
    Local Iteration 208: ||V_upper^k - V_upper^k-1||_inf = 0.00000000000000000000, ||V_lower^k - V_lower^k-1||_inf = 0.00000202466692980640, delta^k = -0.00000202466692980640
    Local Iteration 209: ||V_upper^k - V_upper^k-1||_inf = 0.00000000000000000000, ||V_lower^k - V_lower^k-1||_inf = 0.00000194368025261414, delta^k = -0.00000194368025261414
    Local Iteration 210: ||V_upper^k - V_upper^k-1||_inf = 0.00000000000000000000, ||V_lower^k - V_lower^k-1||_inf = 0.00000186593304250958, delta^k = -0.00000186593304250958
    Local Iteration 211: ||V_upper^k - V_upper^k-1||_inf = 0.00000000000000000000, ||V_lower^k - V_lower^k-1||_inf = 0.00000179129572080920, delta^k = -0.00000179129572080920
    Local Iteration 212: ||V_upper^k - V_upper^k-1||_inf = 0.00000000000000000000, ||V_lower^k - V_lower^k-1||_inf = 0.00000171964389197683, delta^k = -0.00000171964389197683
    Local Iteration 213: ||V_upper^k - V_upper^k-1||_inf = 0.00000000000000000000, ||V_lower^k - V_lower^k-1||_inf = 0.00000165085813629776, delta^k = -0.00000165085813629776
    Local Iteration 214: ||V_upper^k - V_upper^k-1||_inf = 0.00000000000000000000, ||V_lower^k - V_lower^k-1||_inf = 0.00000158482381084584, delta^k = -0.00000158482381084584
    Local Iteration 215: ||V_upper^k - V_upper^k-1||_inf = 0.00000000000000000000, ||V_lower^k - V_lower^k-1||_inf = 0.00000152143085841201, delta^k = -0.00000152143085841201
    Local Iteration 216: ||V_upper^k - V_upper^k-1||_inf = 0.00000000000000000000, ||V_lower^k - V_lower^k-1||_inf = 0.00000146057362407553, delta^k = -0.00000146057362407553
    Local Iteration 217: ||V_upper^k - V_upper^k-1||_inf = 0.00000000000000000000, ||V_lower^k - V_lower^k-1||_inf = 0.00000140215067911251, delta^k = -0.00000140215067911251
    Local Iteration 218: ||V_upper^k - V_upper^k-1||_inf = 0.00000000000000000000, ||V_lower^k - V_lower^k-1||_inf = 0.00000134606465194801, delta^k = -0.00000134606465194801
    Local Iteration 219: ||V_upper^k - V_upper^k-1||_inf = 0.00000000000000000000, ||V_lower^k - V_lower^k-1||_inf = 0.00000129222206587009, delta^k = -0.00000129222206587009
    Local Iteration 220: ||V_upper^k - V_upper^k-1||_inf = 0.00000000000000000000, ||V_lower^k - V_lower^k-1||_inf = 0.00000124053318323529, delta^k = -0.00000124053318323529
    Local Iteration 221: ||V_upper^k - V_upper^k-1||_inf = 0.00000000000000000000, ||V_lower^k - V_lower^k-1||_inf = 0.00000119091185590587, delta^k = -0.00000119091185590587
    Local Iteration 222: ||V_upper^k - V_upper^k-1||_inf = 0.00000000000000000000, ||V_lower^k - V_lower^k-1||_inf = 0.00000114327538166964, delta^k = -0.00000114327538166964
    Local Iteration 223: ||V_upper^k - V_upper^k-1||_inf = 0.00000000000000000000, ||V_lower^k - V_lower^k-1||_inf = 0.00000109754436640286, delta^k = -0.00000109754436640286
    Local Iteration 224: ||V_upper^k - V_upper^k-1||_inf = 0.00000000000000000000, ||V_lower^k - V_lower^k-1||_inf = 0.00000105364259174674, delta^k = -0.00000105364259174674
    Local Iteration 225: ||V_upper^k - V_upper^k-1||_inf = 0.00000000000000000000, ||V_lower^k - V_lower^k-1||_inf = 0.00000101149688807687, delta^k = -0.00000101149688807687
    Local Iteration 226: ||V_upper^k - V_upper^k-1||_inf = 0.00000000000000000000, ||V_lower^k - V_lower^k-1||_inf = 0.00000097103701255380, delta^k = -0.00000097103701255380
    Local Iteration 227: ||V_upper^k - V_upper^k-1||_inf = 0.00000000000000000000, ||V_lower^k - V_lower^k-1||_inf = 0.00000093219553205164, delta^k = -0.00000093219553205164
    Local Iteration 228: ||V_upper^k - V_upper^k-1||_inf = 0.00000000000000000000, ||V_lower^k - V_lower^k-1||_inf = 0.00000089490771076958, delta^k = -0.00000089490771076958
    Local Iteration 229: ||V_upper^k - V_upper^k-1||_inf = 0.00000000000000000000, ||V_lower^k - V_lower^k-1||_inf = 0.00000085911140233879, delta^k = -0.00000085911140233879
    Local Iteration 230: ||V_upper^k - V_upper^k-1||_inf = 0.00000000000000000000, ||V_lower^k - V_lower^k-1||_inf = 0.00000082474694624524, delta^k = -0.00000082474694624524
    Local Iteration 231: ||V_upper^k - V_upper^k-1||_inf = 0.00000000000000000000, ||V_lower^k - V_lower^k-1||_inf = 0.00000079175706839543, delta^k = -0.00000079175706839543
    Local Iteration 232: ||V_upper^k - V_upper^k-1||_inf = 0.00000000000000000000, ||V_lower^k - V_lower^k-1||_inf = 0.00000076008678565961, delta^k = -0.00000076008678565961
    Local Iteration 233: ||V_upper^k - V_upper^k-1||_inf = 0.00000000000000000000, ||V_lower^k - V_lower^k-1||_inf = 0.00000072968331423323, delta^k = -0.00000072968331423323
    Local Iteration 234: ||V_upper^k - V_upper^k-1||_inf = 0.00000000000000000000, ||V_lower^k - V_lower^k-1||_inf = 0.00000070049598166390, delta^k = -0.00000070049598166390
    Local Iteration 235: ||V_upper^k - V_upper^k-1||_inf = 0.00000000000000000000, ||V_lower^k - V_lower^k-1||_inf = 0.00000067247614239735, delta^k = -0.00000067247614239735
    Local Iteration 236: ||V_upper^k - V_upper^k-1||_inf = 0.00000000000000000000, ||V_lower^k - V_lower^k-1||_inf = 0.00000064557709670145, delta^k = -0.00000064557709670145
    Local Iteration 237: ||V_upper^k - V_upper^k-1||_inf = 0.00000000000000000000, ||V_lower^k - V_lower^k-1||_inf = 0.00000061975401283339, delta^k = -0.00000061975401283339
    Local Iteration 238: ||V_upper^k - V_upper^k-1||_inf = 0.00000000000000000000, ||V_lower^k - V_lower^k-1||_inf = 0.00000059496385232006, delta^k = -0.00000059496385232006
    Local Iteration 239: ||V_upper^k - V_upper^k-1||_inf = 0.00000000000000000000, ||V_lower^k - V_lower^k-1||_inf = 0.00000057116529822726, delta^k = -0.00000057116529822726
    Local Iteration 240: ||V_upper^k - V_upper^k-1||_inf = 0.00000000000000000000, ||V_lower^k - V_lower^k-1||_inf = 0.00000054831868629816, delta^k = -0.00000054831868629816
    Local Iteration 241: ||V_upper^k - V_upper^k-1||_inf = 0.00000000000000000000, ||V_lower^k - V_lower^k-1||_inf = 0.00000052638593884624, delta^k = -0.00000052638593884624
    Local Iteration 242: ||V_upper^k - V_upper^k-1||_inf = 0.00000000000000000000, ||V_lower^k - V_lower^k-1||_inf = 0.00000050533050129239, delta^k = -0.00000050533050129239
    Local Iteration 243: ||V_upper^k - V_upper^k-1||_inf = 0.00000000000000000000, ||V_lower^k - V_lower^k-1||_inf = 0.00000048511728124069, delta^k = -0.00000048511728124069
    Local Iteration 244: ||V_upper^k - V_upper^k-1||_inf = 0.00000000000000000000, ||V_lower^k - V_lower^k-1||_inf = 0.00000046571258999107, delta^k = -0.00000046571258999107
    Local Iteration 245: ||V_upper^k - V_upper^k-1||_inf = 0.00000000000000000000, ||V_lower^k - V_lower^k-1||_inf = 0.00000044708408639142, delta^k = -0.00000044708408639142
    Local Iteration 246: ||V_upper^k - V_upper^k-1||_inf = 0.00000000000000000000, ||V_lower^k - V_lower^k-1||_inf = 0.00000042920072293577, delta^k = -0.00000042920072293577
    Local Iteration 247: ||V_upper^k - V_upper^k-1||_inf = 0.00000000000000000000, ||V_lower^k - V_lower^k-1||_inf = 0.00000041203269401834, delta^k = -0.00000041203269401834
    Local Iteration 248: ||V_upper^k - V_upper^k-1||_inf = 0.00000000000000000000, ||V_lower^k - V_lower^k-1||_inf = 0.00000039555138625760, delta^k = -0.00000039555138625760
    Local Iteration 249: ||V_upper^k - V_upper^k-1||_inf = 0.00000000000000000000, ||V_lower^k - V_lower^k-1||_inf = 0.00000037972933080730, delta^k = -0.00000037972933080730
    Local Iteration 250: ||V_upper^k - V_upper^k-1||_inf = 0.00000000000000000000, ||V_lower^k - V_lower^k-1||_inf = 0.00000036454015757501, delta^k = -0.00000036454015757501
    Local Iteration 251: ||V_upper^k - V_upper^k-1||_inf = 0.00000000000000000000, ||V_lower^k - V_lower^k-1||_inf = 0.00000034995855127201, delta^k = -0.00000034995855127201
    Local Iteration 252: ||V_upper^k - V_upper^k-1||_inf = 0.00000000000000000000, ||V_lower^k - V_lower^k-1||_inf = 0.00000033596020922113, delta^k = -0.00000033596020922113
    Local Iteration 253: ||V_upper^k - V_upper^k-1||_inf = 0.00000000000000000000, ||V_lower^k - V_lower^k-1||_inf = 0.00000032252180085228, delta^k = -0.00000032252180085228
    Local Iteration 254: ||V_upper^k - V_upper^k-1||_inf = 0.00000000000000000000, ||V_lower^k - V_lower^k-1||_inf = 0.00000030962092881819, delta^k = -0.00000030962092881819
    Local Iteration 255: ||V_upper^k - V_upper^k-1||_inf = 0.00000000000000000000, ||V_lower^k - V_lower^k-1||_inf = 0.00000029723609166546, delta^k = -0.00000029723609166546
    Local Iteration 256: ||V_upper^k - V_upper^k-1||_inf = 0.00000000000000000000, ||V_lower^k - V_lower^k-1||_inf = 0.00000028534664799884, delta^k = -0.00000028534664799884
    Local Iteration 257: ||V_upper^k - V_upper^k-1||_inf = 0.00000000000000000000, ||V_lower^k - V_lower^k-1||_inf = 0.00000027393278207889, delta^k = -0.00000027393278207889
    Local Iteration 258: ||V_upper^k - V_upper^k-1||_inf = 0.00000000000000000000, ||V_lower^k - V_lower^k-1||_inf = 0.00000026297547079573, delta^k = -0.00000026297547079573
    Local Iteration 259: ||V_upper^k - V_upper^k-1||_inf = 0.00000000000000000000, ||V_lower^k - V_lower^k-1||_inf = 0.00000025245645196390, delta^k = -0.00000025245645196390
    Local Iteration 260: ||V_upper^k - V_upper^k-1||_inf = 0.00000000000000000000, ||V_lower^k - V_lower^k-1||_inf = 0.00000024235819388535, delta^k = -0.00000024235819388535
    Local Iteration 261: ||V_upper^k - V_upper^k-1||_inf = 0.00000000000000000000, ||V_lower^k - V_lower^k-1||_inf = 0.00000023266386612993, delta^k = -0.00000023266386612993
    Local Iteration 262: ||V_upper^k - V_upper^k-1||_inf = 0.00000000000000000000, ||V_lower^k - V_lower^k-1||_inf = 0.00000022335731148474, delta^k = -0.00000022335731148474
    Local Iteration 263: ||V_upper^k - V_upper^k-1||_inf = 0.00000000000000000000, ||V_lower^k - V_lower^k-1||_inf = 0.00000021442301902535, delta^k = -0.00000021442301902535
    Local Iteration 264: ||V_upper^k - V_upper^k-1||_inf = 0.00000000000000000000, ||V_lower^k - V_lower^k-1||_inf = 0.00000020584609826433, delta^k = -0.00000020584609826433
    Local Iteration 265: ||V_upper^k - V_upper^k-1||_inf = 0.00000000000000000000, ||V_lower^k - V_lower^k-1||_inf = 0.00000019761225433376, delta^k = -0.00000019761225433376
    Local Iteration 266: ||V_upper^k - V_upper^k-1||_inf = 0.00000000000000000000, ||V_lower^k - V_lower^k-1||_inf = 0.00000018970776416041, delta^k = -0.00000018970776416041
    Local Iteration 267: ||V_upper^k - V_upper^k-1||_inf = 0.00000000000000000000, ||V_lower^k - V_lower^k-1||_inf = 0.00000018211945359399, delta^k = -0.00000018211945359399
    Local Iteration 268: ||V_upper^k - V_upper^k-1||_inf = 0.00000000000000000000, ||V_lower^k - V_lower^k-1||_inf = 0.00000017483467545023, delta^k = -0.00000017483467545023
    Local Iteration 269: ||V_upper^k - V_upper^k-1||_inf = 0.00000000000000000000, ||V_lower^k - V_lower^k-1||_inf = 0.00000016784128843222, delta^k = -0.00000016784128843222
    Local Iteration 270: ||V_upper^k - V_upper^k-1||_inf = 0.00000000000000000000, ||V_lower^k - V_lower^k-1||_inf = 0.00000016112763689494, delta^k = -0.00000016112763689494
    Local Iteration 271: ||V_upper^k - V_upper^k-1||_inf = 0.00000000000000000000, ||V_lower^k - V_lower^k-1||_inf = 0.00000015468253141914, delta^k = -0.00000015468253141914
    Local Iteration 272: ||V_upper^k - V_upper^k-1||_inf = 0.00000000000000000000, ||V_lower^k - V_lower^k-1||_inf = 0.00000014849523016237, delta^k = -0.00000014849523016237
    Local Iteration 273: ||V_upper^k - V_upper^k-1||_inf = 0.00000000000000000000, ||V_lower^k - V_lower^k-1||_inf = 0.00000014255542095588, delta^k = -0.00000014255542095588
    Local Iteration 274: ||V_upper^k - V_upper^k-1||_inf = 0.00000000000000000000, ||V_lower^k - V_lower^k-1||_inf = 0.00000013685320411764, delta^k = -0.00000013685320411764
    Local Iteration 275: ||V_upper^k - V_upper^k-1||_inf = 0.00000000000000000000, ||V_lower^k - V_lower^k-1||_inf = 0.00000013137907595294, delta^k = -0.00000013137907595294
    Local Iteration 276: ||V_upper^k - V_upper^k-1||_inf = 0.00000000000000000000, ||V_lower^k - V_lower^k-1||_inf = 0.00000012612391291482, delta^k = -0.00000012612391291482
    Local Iteration 277: ||V_upper^k - V_upper^k-1||_inf = 0.00000000000000000000, ||V_lower^k - V_lower^k-1||_inf = 0.00000012107895639823, delta^k = -0.00000012107895639823
    Local Iteration 278: ||V_upper^k - V_upper^k-1||_inf = 0.00000000000000000000, ||V_lower^k - V_lower^k-1||_inf = 0.00000011623579814230, delta^k = -0.00000011623579814230
    Local Iteration 279: ||V_upper^k - V_upper^k-1||_inf = 0.00000000000000000000, ||V_lower^k - V_lower^k-1||_inf = 0.00000011158636621661, delta^k = -0.00000011158636621661
    Local Iteration 280: ||V_upper^k - V_upper^k-1||_inf = 0.00000000000000000000, ||V_lower^k - V_lower^k-1||_inf = 0.00000010712291156794, delta^k = -0.00000010712291156794
    Local Iteration 281: ||V_upper^k - V_upper^k-1||_inf = 0.00000000000000000000, ||V_lower^k - V_lower^k-1||_inf = 0.00000010283799510522, delta^k = -0.00000010283799510522
    Local Iteration 282: ||V_upper^k - V_upper^k-1||_inf = 0.00000000000000000000, ||V_lower^k - V_lower^k-1||_inf = 0.00000009872447530101, delta^k = -0.00000009872447530101
    Local Iteration 283: ||V_upper^k - V_upper^k-1||_inf = 0.00000000000000000000, ||V_lower^k - V_lower^k-1||_inf = 0.00000009477549628897, delta^k = -0.00000009477549628897
    Local Iteration 284: ||V_upper^k - V_upper^k-1||_inf = 0.00000000000000000000, ||V_lower^k - V_lower^k-1||_inf = 0.00000009098447643742, delta^k = -0.00000009098447643742
    Local Iteration 285: ||V_upper^k - V_upper^k-1||_inf = 0.00000000000000000000, ||V_lower^k - V_lower^k-1||_inf = 0.00000008734509737992, delta^k = -0.00000008734509737992
    Local Iteration 286: ||V_upper^k - V_upper^k-1||_inf = 0.00000000000000000000, ||V_lower^k - V_lower^k-1||_inf = 0.00000008385129348472, delta^k = -0.00000008385129348472
    Local Iteration 287: ||V_upper^k - V_upper^k-1||_inf = 0.00000000000000000000, ||V_lower^k - V_lower^k-1||_inf = 0.00000008049724174533, delta^k = -0.00000008049724174533
    Local Iteration 288: ||V_upper^k - V_upper^k-1||_inf = 0.00000000000000000000, ||V_lower^k - V_lower^k-1||_inf = 0.00000007727735207552, delta^k = -0.00000007727735207552
    Local Iteration 289: ||V_upper^k - V_upper^k-1||_inf = 0.00000000000000000000, ||V_lower^k - V_lower^k-1||_inf = 0.00000007418625799250, delta^k = -0.00000007418625799250
    Local Iteration 290: ||V_upper^k - V_upper^k-1||_inf = 0.00000000000000000000, ||V_lower^k - V_lower^k-1||_inf = 0.00000007121880767280, delta^k = -0.00000007121880767280
    Local Iteration 291: ||V_upper^k - V_upper^k-1||_inf = 0.00000000000000000000, ||V_lower^k - V_lower^k-1||_inf = 0.00000006837005536589, delta^k = -0.00000006837005536589
    Local Iteration 292: ||V_upper^k - V_upper^k-1||_inf = 0.00000000000000000000, ||V_lower^k - V_lower^k-1||_inf = 0.00000006563525315125, delta^k = -0.00000006563525315125
    Local Iteration 293: ||V_upper^k - V_upper^k-1||_inf = 0.00000000000000000000, ||V_lower^k - V_lower^k-1||_inf = 0.00000006300984302520, delta^k = -0.00000006300984302520
    Local Iteration 294: ||V_upper^k - V_upper^k-1||_inf = 0.00000000000000000000, ||V_lower^k - V_lower^k-1||_inf = 0.00000006048944930419, delta^k = -0.00000006048944930419
    Local Iteration 295: ||V_upper^k - V_upper^k-1||_inf = 0.00000000000000000000, ||V_lower^k - V_lower^k-1||_inf = 0.00000005806987133203, delta^k = -0.00000005806987133203
    Local Iteration 296: ||V_upper^k - V_upper^k-1||_inf = 0.00000000000000000000, ||V_lower^k - V_lower^k-1||_inf = 0.00000005574707647874, delta^k = -0.00000005574707647874
    Local Iteration 297: ||V_upper^k - V_upper^k-1||_inf = 0.00000000000000000000, ||V_lower^k - V_lower^k-1||_inf = 0.00000005351719341959, delta^k = -0.00000005351719341959
    Local Iteration 298: ||V_upper^k - V_upper^k-1||_inf = 0.00000000000000000000, ||V_lower^k - V_lower^k-1||_inf = 0.00000005137650568281, delta^k = -0.00000005137650568281
    Local Iteration 299: ||V_upper^k - V_upper^k-1||_inf = 0.00000000000000000000, ||V_lower^k - V_lower^k-1||_inf = 0.00000004932144545550, delta^k = -0.00000004932144545550
    Local Iteration 300: ||V_upper^k - V_upper^k-1||_inf = 0.00000000000000000000, ||V_lower^k - V_lower^k-1||_inf = 0.00000004734858763728, delta^k = -0.00000004734858763728
    Local Iteration 301: ||V_upper^k - V_upper^k-1||_inf = 0.00000000000000000000, ||V_lower^k - V_lower^k-1||_inf = 0.00000004545464413179, delta^k = -0.00000004545464413179
    Local Iteration 302: ||V_upper^k - V_upper^k-1||_inf = 0.00000000000000000000, ||V_lower^k - V_lower^k-1||_inf = 0.00000004363645836652, delta^k = -0.00000004363645836652
    Local Iteration 303: ||V_upper^k - V_upper^k-1||_inf = 0.00000000000000000000, ||V_lower^k - V_lower^k-1||_inf = 0.00000004189100003186, delta^k = -0.00000004189100003186
    Local Iteration 304: ||V_upper^k - V_upper^k-1||_inf = 0.00000000000000000000, ||V_lower^k - V_lower^k-1||_inf = 0.00000004021536003058, delta^k = -0.00000004021536003058
    Local Iteration 305: ||V_upper^k - V_upper^k-1||_inf = 0.00000000000000000000, ||V_lower^k - V_lower^k-1||_inf = 0.00000003860674562936, delta^k = -0.00000003860674562936
    Local Iteration 306: ||V_upper^k - V_upper^k-1||_inf = 0.00000000000000000000, ||V_lower^k - V_lower^k-1||_inf = 0.00000003706247580418, delta^k = -0.00000003706247580418
    Local Iteration 307: ||V_upper^k - V_upper^k-1||_inf = 0.00000000000000000000, ||V_lower^k - V_lower^k-1||_inf = 0.00000003557997677202, delta^k = -0.00000003557997677202
    Local Iteration 308: ||V_upper^k - V_upper^k-1||_inf = 0.00000000000000000000, ||V_lower^k - V_lower^k-1||_inf = 0.00000003415677770114, delta^k = -0.00000003415677770114
    Local Iteration 309: ||V_upper^k - V_upper^k-1||_inf = 0.00000000000000000000, ||V_lower^k - V_lower^k-1||_inf = 0.00000003279050659309, delta^k = -0.00000003279050659309
    Local Iteration 310: ||V_upper^k - V_upper^k-1||_inf = 0.00000000000000000000, ||V_lower^k - V_lower^k-1||_inf = 0.00000003147888632937, delta^k = -0.00000003147888632937
    Local Iteration 311: ||V_upper^k - V_upper^k-1||_inf = 0.00000000000000000000, ||V_lower^k - V_lower^k-1||_inf = 0.00000003021973087619, delta^k = -0.00000003021973087619
    Local Iteration 312: ||V_upper^k - V_upper^k-1||_inf = 0.00000000000000000000, ||V_lower^k - V_lower^k-1||_inf = 0.00000002901094164114, delta^k = -0.00000002901094164114
    Local Iteration 313: ||V_upper^k - V_upper^k-1||_inf = 0.00000000000000000000, ||V_lower^k - V_lower^k-1||_inf = 0.00000002785050397550, delta^k = -0.00000002785050397550
    Local Iteration 314: ||V_upper^k - V_upper^k-1||_inf = 0.00000000000000000000, ||V_lower^k - V_lower^k-1||_inf = 0.00000002673648381648, delta^k = -0.00000002673648381648
    Local Iteration 315: ||V_upper^k - V_upper^k-1||_inf = 0.00000000000000000000, ||V_lower^k - V_lower^k-1||_inf = 0.00000002566702446382, delta^k = -0.00000002566702446382
    Local Iteration 316: ||V_upper^k - V_upper^k-1||_inf = 0.00000000000000000000, ||V_lower^k - V_lower^k-1||_inf = 0.00000002464034348527, delta^k = -0.00000002464034348527
    Local Iteration 317: ||V_upper^k - V_upper^k-1||_inf = 0.00000000000000000000, ||V_lower^k - V_lower^k-1||_inf = 0.00000002365472974586, delta^k = -0.00000002365472974586
    Local Iteration 318: ||V_upper^k - V_upper^k-1||_inf = 0.00000000000000000000, ||V_lower^k - V_lower^k-1||_inf = 0.00000002270854055602, delta^k = -0.00000002270854055602
    Local Iteration 319: ||V_upper^k - V_upper^k-1||_inf = 0.00000000000000000000, ||V_lower^k - V_lower^k-1||_inf = 0.00000002180019893378, delta^k = -0.00000002180019893378
    Local Iteration 320: ||V_upper^k - V_upper^k-1||_inf = 0.00000000000000000000, ||V_lower^k - V_lower^k-1||_inf = 0.00000002092819097643, delta^k = -0.00000002092819097643
    Local Iteration 321: ||V_upper^k - V_upper^k-1||_inf = 0.00000000000000000000, ||V_lower^k - V_lower^k-1||_inf = 0.00000002009106333737, delta^k = -0.00000002009106333737
    Local Iteration 322: ||V_upper^k - V_upper^k-1||_inf = 0.00000000000000000000, ||V_lower^k - V_lower^k-1||_inf = 0.00000001928742080388, delta^k = -0.00000001928742080388
    Local Iteration 323: ||V_upper^k - V_upper^k-1||_inf = 0.00000000000000000000, ||V_lower^k - V_lower^k-1||_inf = 0.00000001851592397172, delta^k = -0.00000001851592397172
    Local Iteration 324: ||V_upper^k - V_upper^k-1||_inf = 0.00000000000000000000, ||V_lower^k - V_lower^k-1||_inf = 0.00000001777528701285, delta^k = -0.00000001777528701285
    Local Iteration 325: ||V_upper^k - V_upper^k-1||_inf = 0.00000000000000000000, ||V_lower^k - V_lower^k-1||_inf = 0.00000001706427553234, delta^k = -0.00000001706427553234
    Local Iteration 326: ||V_upper^k - V_upper^k-1||_inf = 0.00000000000000000000, ||V_lower^k - V_lower^k-1||_inf = 0.00000001638170451105, delta^k = -0.00000001638170451105
    Local Iteration 327: ||V_upper^k - V_upper^k-1||_inf = 0.00000000000000000000, ||V_lower^k - V_lower^k-1||_inf = 0.00000001572643633060, delta^k = -0.00000001572643633060
    Local Iteration 328: ||V_upper^k - V_upper^k-1||_inf = 0.00000000000000000000, ||V_lower^k - V_lower^k-1||_inf = 0.00000001509737887738, delta^k = -0.00000001509737887738
    Local Iteration 329: ||V_upper^k - V_upper^k-1||_inf = 0.00000000000000000000, ||V_lower^k - V_lower^k-1||_inf = 0.00000001449348372228, delta^k = -0.00000001449348372228
    Local Iteration 330: ||V_upper^k - V_upper^k-1||_inf = 0.00000000000000000000, ||V_lower^k - V_lower^k-1||_inf = 0.00000001391374437339, delta^k = -0.00000001391374437339
    Local Iteration 331: ||V_upper^k - V_upper^k-1||_inf = 0.00000000000000000000, ||V_lower^k - V_lower^k-1||_inf = 0.00000001335719459846, delta^k = -0.00000001335719459846
    Local Iteration 332: ||V_upper^k - V_upper^k-1||_inf = 0.00000000000000000000, ||V_lower^k - V_lower^k-1||_inf = 0.00000001282290681452, delta^k = -0.00000001282290681452
    Local Iteration 333: ||V_upper^k - V_upper^k-1||_inf = 0.00000000000000000000, ||V_lower^k - V_lower^k-1||_inf = 0.00000001230999054194, delta^k = -0.00000001230999054194
    Local Iteration 334: ||V_upper^k - V_upper^k-1||_inf = 0.00000000000000000000, ||V_lower^k - V_lower^k-1||_inf = 0.00000001181759092026, delta^k = -0.00000001181759092026
    Local Iteration 335: ||V_upper^k - V_upper^k-1||_inf = 0.00000000000000000000, ||V_lower^k - V_lower^k-1||_inf = 0.00000001134488728345, delta^k = -0.00000001134488728345
    Local Iteration 336: ||V_upper^k - V_upper^k-1||_inf = 0.00000000000000000000, ||V_lower^k - V_lower^k-1||_inf = 0.00000001089109179211, delta^k = -0.00000001089109179211
    Local Iteration 337: ||V_upper^k - V_upper^k-1||_inf = 0.00000000000000000000, ||V_lower^k - V_lower^k-1||_inf = 0.00000001045544812043, delta^k = -0.00000001045544812043
    Local Iteration 338: ||V_upper^k - V_upper^k-1||_inf = 0.00000000000000000000, ||V_lower^k - V_lower^k-1||_inf = 0.00000001003723019561, delta^k = -0.00000001003723019561
    Local Iteration 339: ||V_upper^k - V_upper^k-1||_inf = 0.00000000000000000000, ||V_lower^k - V_lower^k-1||_inf = 0.00000000963574098779, delta^k = -0.00000000963574098779

============================================================
 CONSERVATIVE STOPPING CONDITION MET (Algorithm 3)
============================================================
  delta^k = -9.6357409878e-09 >= -delta_max
  ||V_upper^k - V_upper^k-1||_inf = 0.0000000000e+00 < 1e-08
  eps_cons = (0.96 * 9.6357409878e-09) / 0.04 = 2.3125778371e-07
  Correcting V_lower for 1308494 cells: V_lower <- V_lower - eps_cons - eps_machine
   Conservative correction applied successfully
  Machine epsilon eps_machine = 2.220e-16
    291832 cells experienced near-cancellation
    Local VI completed in 339 iterations
    Final convergence values:
      ||V_upper^final - V_upper^prev||_inf = 0.00000000e+00
      ||V_lower^final - V_lower^prev||_inf = 9.63574099e-09
  Local VI completed in 339 iterations, time: 8.657s
    Final ||V_upper^k - V_upper^k-1||_inf = 0.00000000000000000000e+00
    Final ||V_lower^k - V_lower^k-1||_inf = 9.63574098778637506210e-09
  Saved visualization: /Users/i.k.tabbara/Documents/python directory/HSCC_2027/refactored_Implementations/results_hscc_2027_newbellmans_12workers/ra_discount/evasion_res30_eps0.05_dmin1e-08_dmax1e-08_gamma0.96_dt0.3_tau0.3_cons/value_function_phase_6_complete.png
  Phase 6 completed in 9.60s with 1308494 leaf cells

Classification after phase 6:
  Safe:           283584 cells ( 21.7%),   20.6% of state space
  Unsafe:         131200 cells ( 10.0%),   27.6% of state space
  Unclassified:   893710 cells ( 68.3%),   51.7% of state space

======================================================================
REFINEMENT PHASE 7
======================================================================
Boundary cells: 893710
  Refinable (>eta_min=0.017678): 893710
  Below threshold: 0
  Cumulative refined: 1281494
  Refinable cell size statistics:
    Max:    0.052360
    Mean:   0.052360
    Min:    0.052360
    Median: 0.052360
  Refining 893710 cells...
    Refined: 893710 parent cells
    Created: 1787420 child cells
    Total cells: 2202204
    Refinement time: 0.080s
    Cumulative refined: 2175204
  Rebuilding spatial index...
  Building spatial index for 2202204 cells...
   Spatial index built in 0.53s
    Spatial index rebuilt in 0.525s
  Initializing 1787420 new cells...
  Initializing 1787420 new cells in parallel...
   Initialized in 0.00s (422712014.6 cells/s)
    Initialization completed in 0.004s
  Starting local value iteration...
  Reinitializing ALL 2202204 cells (V = l)
   Reinitialized 2202204 cells in 0.01s (383000326.1 cells/s)
  Local VI: updating all 2202204 cells
    Conservative mode: True
    delta_max: 1e-08
    Max iterations: 1000033
    Updating successor cache for 1787420 updated cells...
    Updating successor cache for 1787420 new cells (HYBRID)...
      Affected cells: 1966874
   Trajectories + spatial queries computed in 4.06s (2419339.5 tasks/s)
    Breakdown: 57.4% ODE, 42.6% queries
     Cache updated in 4.42s (2224824.1 tasks/s)
    Local Iteration   1: ||V_upper^k - V_upper^k-1||_inf = 4.22035565114441180157, ||V_lower^k - V_lower^k-1||_inf = 4.13193000900063101000, delta^k = -4.13193000900063101000
    Local Iteration   2: ||V_upper^k - V_upper^k-1||_inf = 4.03773893565113883852, ||V_lower^k - V_lower^k-1||_inf = 3.86497572738649086688, delta^k = -3.86497572738649086688
    Local Iteration   3: ||V_upper^k - V_upper^k-1||_inf = 3.87622937822509339156, ||V_lower^k - V_lower^k-1||_inf = 3.61094795294454318224, delta^k = -3.61094795294454318224
    Local Iteration   4: ||V_upper^k - V_upper^k-1||_inf = 3.72118020309608921181, ||V_lower^k - V_lower^k-1||_inf = 3.31173048697027905263, delta^k = -3.31173048697027905263
    Local Iteration   5: ||V_upper^k - V_upper^k-1||_inf = 3.57233299497224576768, ||V_lower^k - V_lower^k-1||_inf = 3.05915087173628519324, delta^k = -3.05915087173628519324
    Local Iteration   6: ||V_upper^k - V_upper^k-1||_inf = 3.42943967517335579487, ||V_lower^k - V_lower^k-1||_inf = 2.85244540414644642823, delta^k = -2.85244540414644642823
    Local Iteration   7: ||V_upper^k - V_upper^k-1||_inf = 3.29226208816642174071, ||V_lower^k - V_lower^k-1||_inf = 2.66454535892784205586, delta^k = -2.66454535892784205586
    Local Iteration   8: ||V_upper^k - V_upper^k-1||_inf = 3.16057160463976494214, ||V_lower^k - V_lower^k-1||_inf = 2.51056031108803523466, delta^k = -2.51056031108803523466
    Local Iteration   9: ||V_upper^k - V_upper^k-1||_inf = 3.03414874045417448656, ||V_lower^k - V_lower^k-1||_inf = 2.37075872989990443784, delta^k = -2.37075872989990443784
    Local Iteration  10: ||V_upper^k - V_upper^k-1||_inf = 2.91278279083600732946, ||V_lower^k - V_lower^k-1||_inf = 2.25835160136897084016, delta^k = -2.25835160136897084016
    Local Iteration  11: ||V_upper^k - V_upper^k-1||_inf = 2.79627147920256646785, ||V_lower^k - V_lower^k-1||_inf = 2.15402454999707648753, delta^k = -2.15402454999707648753
    Local Iteration  12: ||V_upper^k - V_upper^k-1||_inf = 2.68442062003446402230, ||V_lower^k - V_lower^k-1||_inf = 2.05482879317920508200, delta^k = -2.05482879317920508200
    Local Iteration  13: ||V_upper^k - V_upper^k-1||_inf = 2.57704379523308535482, ||V_lower^k - V_lower^k-1||_inf = 1.95066603402638860665, delta^k = -1.95066603402638860665
    Local Iteration  14: ||V_upper^k - V_upper^k-1||_inf = 2.47396204342376169194, ||V_lower^k - V_lower^k-1||_inf = 1.87038201610967425026, delta^k = -1.87038201610967425026
    Local Iteration  15: ||V_upper^k - V_upper^k-1||_inf = 2.37500356168681125979, ||V_lower^k - V_lower^k-1||_inf = 1.76628101906784951147, delta^k = -1.76628101906784951147
    Local Iteration  16: ||V_upper^k - V_upper^k-1||_inf = 2.28000341921933857847, ||V_lower^k - V_lower^k-1||_inf = 1.66861541009568670191, delta^k = -1.66861541009568670191
    Local Iteration  17: ||V_upper^k - V_upper^k-1||_inf = 2.18880328245056521297, ||V_lower^k - V_lower^k-1||_inf = 1.56794297519766567817, delta^k = -1.56794297519766567817
    Local Iteration  18: ||V_upper^k - V_upper^k-1||_inf = 2.10125115115254246234, ||V_lower^k - V_lower^k-1||_inf = 1.39871984068458132811, delta^k = -1.39871984068458132811
    Local Iteration  19: ||V_upper^k - V_upper^k-1||_inf = 2.01640079801076677057, ||V_lower^k - V_lower^k-1||_inf = 1.29955676967822864043, delta^k = -1.29955676967822864043
    Local Iteration  20: ||V_upper^k - V_upper^k-1||_inf = 1.93574476609033574448, ||V_lower^k - V_lower^k-1||_inf = 1.23302639953141524032, delta^k = -1.23302639953141524032
    Local Iteration  21: ||V_upper^k - V_upper^k-1||_inf = 1.85831497544672230582, ||V_lower^k - V_lower^k-1||_inf = 1.18370534355015877281, delta^k = -1.18370534355015877281
    Local Iteration  22: ||V_upper^k - V_upper^k-1||_inf = 1.78398237642885337806, ||V_lower^k - V_lower^k-1||_inf = 1.13635712980815228867, delta^k = -1.13635712980815228867
    Local Iteration  23: ||V_upper^k - V_upper^k-1||_inf = 1.70686755729443495611, ||V_lower^k - V_lower^k-1||_inf = 1.09090284461582598396, delta^k = -1.09090284461582598396
    Local Iteration  24: ||V_upper^k - V_upper^k-1||_inf = 1.63859285500265738911, ||V_lower^k - V_lower^k-1||_inf = 1.04726673083119292684, delta^k = -1.04726673083119292684
    Local Iteration  25: ||V_upper^k - V_upper^k-1||_inf = 1.57304914080255109354, ||V_lower^k - V_lower^k-1||_inf = 0.99502368366618032525, delta^k = -0.99502368366618032525
    Local Iteration  26: ||V_upper^k - V_upper^k-1||_inf = 1.51012717517044903204, ||V_lower^k - V_lower^k-1||_inf = 0.93098123999601289924, delta^k = -0.93098123999601289924
    Local Iteration  27: ||V_upper^k - V_upper^k-1||_inf = 1.44972208816363101747, ||V_lower^k - V_lower^k-1||_inf = 0.64759238888211823060, delta^k = -0.64759238888211823060
    Local Iteration  28: ||V_upper^k - V_upper^k-1||_inf = 1.39173320463708583006, ||V_lower^k - V_lower^k-1||_inf = 0.62168869332683351914, delta^k = -0.62168869332683351914
    Local Iteration  29: ||V_upper^k - V_upper^k-1||_inf = 1.33606387645160218369, ||V_lower^k - V_lower^k-1||_inf = 0.59682114559376020502, delta^k = -0.59682114559376020502
    Local Iteration  30: ||V_upper^k - V_upper^k-1||_inf = 1.28262132139353801641, ||V_lower^k - V_lower^k-1||_inf = 0.57294829977000971688, delta^k = -0.57294829977000971688
    Local Iteration  31: ||V_upper^k - V_upper^k-1||_inf = 1.23131646853779663786, ||V_lower^k - V_lower^k-1||_inf = 0.54918261426487446908, delta^k = -0.54918261426487446908
    Local Iteration  32: ||V_upper^k - V_upper^k-1||_inf = 1.18206380979628455918, ||V_lower^k - V_lower^k-1||_inf = 0.52721530969427954361, delta^k = -0.52721530969427954361
    Local Iteration  33: ||V_upper^k - V_upper^k-1||_inf = 1.13478125740443314129, ||V_lower^k - V_lower^k-1||_inf = 0.45049436376409929261, delta^k = -0.45049436376409929261
    Local Iteration  34: ||V_upper^k - V_upper^k-1||_inf = 1.08939000710825584228, ||V_lower^k - V_lower^k-1||_inf = 0.42937164114719361674, delta^k = -0.42937164114719361674
    Local Iteration  35: ||V_upper^k - V_upper^k-1||_inf = 1.04581440682392567965, ||V_lower^k - V_lower^k-1||_inf = 0.41219677550130584542, delta^k = -0.41219677550130584542
    Local Iteration  36: ||V_upper^k - V_upper^k-1||_inf = 1.00398183055096867911, ||V_lower^k - V_lower^k-1||_inf = 0.38636164383509835618, delta^k = -0.38636164383509835618
    Local Iteration  37: ||V_upper^k - V_upper^k-1||_inf = 0.96382255732892985201, ||V_lower^k - V_lower^k-1||_inf = 0.35902545867840890415, delta^k = -0.35902545867840890415
    Local Iteration  38: ||V_upper^k - V_upper^k-1||_inf = 0.92526965503577252026, ||V_lower^k - V_lower^k-1||_inf = 0.33353967637407960778, delta^k = -0.33353967637407960778
    Local Iteration  39: ||V_upper^k - V_upper^k-1||_inf = 0.88825886883434157504, ||V_lower^k - V_lower^k-1||_inf = 0.29356034890488924560, delta^k = -0.29356034890488924560
    Local Iteration  40: ||V_upper^k - V_upper^k-1||_inf = 0.85272851408096794756, ||V_lower^k - V_lower^k-1||_inf = 0.27578744545619993112, delta^k = -0.27578744545619993112
    Local Iteration  41: ||V_upper^k - V_upper^k-1||_inf = 0.81861937351772917637, ||V_lower^k - V_lower^k-1||_inf = 0.25571702335316542909, delta^k = -0.25571702335316542909
    Local Iteration  42: ||V_upper^k - V_upper^k-1||_inf = 0.78587459857701991162, ||V_lower^k - V_lower^k-1||_inf = 0.22621082416277493721, delta^k = -0.22621082416277493721
    Local Iteration  43: ||V_upper^k - V_upper^k-1||_inf = 0.75443961463393915956, ||V_lower^k - V_lower^k-1||_inf = 0.21368504478468314245, delta^k = -0.21368504478468314245
    Local Iteration  44: ||V_upper^k - V_upper^k-1||_inf = 0.02244236347035111212, ||V_lower^k - V_lower^k-1||_inf = 0.20513764299329581564, delta^k = -0.20513764299329581564
    Local Iteration  45: ||V_upper^k - V_upper^k-1||_inf = 0.02154466893153705875, ||V_lower^k - V_lower^k-1||_inf = 0.18565309726740436558, delta^k = -0.18565309726740436558
    Local Iteration  46: ||V_upper^k - V_upper^k-1||_inf = 0.02068288217427560749, ||V_lower^k - V_lower^k-1||_inf = 0.16447795529605924170, delta^k = -0.16447795529605924170
    Local Iteration  47: ||V_upper^k - V_upper^k-1||_inf = 0.01985556688730455432, ||V_lower^k - V_lower^k-1||_inf = 0.14737239008803906803, delta^k = -0.14737239008803906803
    Local Iteration  48: ||V_upper^k - V_upper^k-1||_inf = 0.01906134421181238103, ||V_lower^k - V_lower^k-1||_inf = 0.13754764814474493284, delta^k = -0.13754764814474493284
    Local Iteration  49: ||V_upper^k - V_upper^k-1||_inf = 0.01829889044333987691, ||V_lower^k - V_lower^k-1||_inf = 0.12073137503913350388, delta^k = -0.12073137503913350388
    Local Iteration  50: ||V_upper^k - V_upper^k-1||_inf = 0.01756693482560628405, ||V_lower^k - V_lower^k-1||_inf = 0.11590212003756816816, delta^k = -0.11590212003756816816
    Local Iteration  51: ||V_upper^k - V_upper^k-1||_inf = 0.01686425743258201937, ||V_lower^k - V_lower^k-1||_inf = 0.11043004063164035822, delta^k = -0.11043004063164035822
    Local Iteration  52: ||V_upper^k - V_upper^k-1||_inf = 0.01618968713527874081, ||V_lower^k - V_lower^k-1||_inf = 0.10601283900637474555, delta^k = -0.10601283900637474555
    Local Iteration  53: ||V_upper^k - V_upper^k-1||_inf = 0.01554209964986758008, ||V_lower^k - V_lower^k-1||_inf = 0.08362294822894206225, delta^k = -0.08362294822894206225
    Local Iteration  54: ||V_upper^k - V_upper^k-1||_inf = 0.01492041566387292129, ||V_lower^k - V_lower^k-1||_inf = 0.06285423420814378881, delta^k = -0.06285423420814378881
    Local Iteration  55: ||V_upper^k - V_upper^k-1||_inf = 0.01432359903731800221, ||V_lower^k - V_lower^k-1||_inf = 0.06034006483981803337, delta^k = -0.06034006483981803337
    Local Iteration  56: ||V_upper^k - V_upper^k-1||_inf = 0.01375065507582523550, ||V_lower^k - V_lower^k-1||_inf = 0.05792646224622530898, delta^k = -0.05792646224622530898
    Local Iteration  57: ||V_upper^k - V_upper^k-1||_inf = 0.01320062887279221941, ||V_lower^k - V_lower^k-1||_inf = 0.04439724066587754508, delta^k = -0.04439724066587754508
    Local Iteration  58: ||V_upper^k - V_upper^k-1||_inf = 0.01267260371788053730, ||V_lower^k - V_lower^k-1||_inf = 0.03577360216995416342, delta^k = -0.03577360216995416342
    Local Iteration  59: ||V_upper^k - V_upper^k-1||_inf = 0.01216569956916535578, ||V_lower^k - V_lower^k-1||_inf = 0.03248114700149151018, delta^k = -0.03248114700149151018
    Local Iteration  60: ||V_upper^k - V_upper^k-1||_inf = 0.01167907158639874821, ||V_lower^k - V_lower^k-1||_inf = 0.03118190112143184867, delta^k = -0.03118190112143184867
    Local Iteration  61: ||V_upper^k - V_upper^k-1||_inf = 0.01121190872294275387, ||V_lower^k - V_lower^k-1||_inf = 0.02993462507657457944, delta^k = -0.02993462507657457944
    Local Iteration  62: ||V_upper^k - V_upper^k-1||_inf = 0.01076343237402505038, ||V_lower^k - V_lower^k-1||_inf = 0.02764110457155590644, delta^k = -0.02764110457155590644
    Local Iteration  63: ||V_upper^k - V_upper^k-1||_inf = 0.01033289507906406945, ||V_lower^k - V_lower^k-1||_inf = 0.02653546038869367130, delta^k = -0.02653546038869367130
    Local Iteration  64: ||V_upper^k - V_upper^k-1||_inf = 0.00991957927590150779, ||V_lower^k - V_lower^k-1||_inf = 0.02547404197314592084, delta^k = -0.02547404197314592084
    Local Iteration  65: ||V_upper^k - V_upper^k-1||_inf = 0.00952279610486542194, ||V_lower^k - V_lower^k-1||_inf = 0.02445508029422008289, delta^k = -0.02445508029422008289
    Local Iteration  66: ||V_upper^k - V_upper^k-1||_inf = 0.00914188426067080728, ||V_lower^k - V_lower^k-1||_inf = 0.02171010464378665683, delta^k = -0.02171010464378665683
    Local Iteration  67: ||V_upper^k - V_upper^k-1||_inf = 0.00877620889024399720, ||V_lower^k - V_lower^k-1||_inf = 0.02084170045803519083, delta^k = -0.02084170045803519083
    Local Iteration  68: ||V_upper^k - V_upper^k-1||_inf = 0.00842516053463421288, ||V_lower^k - V_lower^k-1||_inf = 0.01948634613204322519, delta^k = -0.01948634613204322519
    Local Iteration  69: ||V_upper^k - V_upper^k-1||_inf = 0.00808815411324884104, ||V_lower^k - V_lower^k-1||_inf = 0.01870689228676149576, delta^k = -0.01870689228676149576
    Local Iteration  70: ||V_upper^k - V_upper^k-1||_inf = 0.00776462794871890516, ||V_lower^k - V_lower^k-1||_inf = 0.01795861659529103538, delta^k = -0.01795861659529103538
    Local Iteration  71: ||V_upper^k - V_upper^k-1||_inf = 0.00745404283077014118, ||V_lower^k - V_lower^k-1||_inf = 0.01724027193147939507, delta^k = -0.01724027193147939507
    Local Iteration  72: ||V_upper^k - V_upper^k-1||_inf = 0.00715588111753934220, ||V_lower^k - V_lower^k-1||_inf = 0.01655066105422021636, delta^k = -0.01655066105422021636
    Local Iteration  73: ||V_upper^k - V_upper^k-1||_inf = 0.00686964587283775407, ||V_lower^k - V_lower^k-1||_inf = 0.01462446893708166037, delta^k = -0.01462446893708166037
    Local Iteration  74: ||V_upper^k - V_upper^k-1||_inf = 0.00659486003792425501, ||V_lower^k - V_lower^k-1||_inf = 0.01332076708219948405, delta^k = -0.01332076708219948405
    Local Iteration  75: ||V_upper^k - V_upper^k-1||_inf = 0.00633106563640728481, ||V_lower^k - V_lower^k-1||_inf = 0.01278793639891150427, delta^k = -0.01278793639891150427
    Local Iteration  76: ||V_upper^k - V_upper^k-1||_inf = 0.00607782301095100008, ||V_lower^k - V_lower^k-1||_inf = 0.01216957722626377941, delta^k = -0.01216957722626377941
    Local Iteration  77: ||V_upper^k - V_upper^k-1||_inf = 0.00583471009051295120, ||V_lower^k - V_lower^k-1||_inf = 0.01093286253924143428, delta^k = -0.01093286253924143428
    Local Iteration  78: ||V_upper^k - V_upper^k-1||_inf = 0.00560132168689242427, ||V_lower^k - V_lower^k-1||_inf = 0.00856860414856286043, delta^k = -0.00856860414856286043
    Local Iteration  79: ||V_upper^k - V_upper^k-1||_inf = 0.00537726881941674728, ||V_lower^k - V_lower^k-1||_inf = 0.00774663410373849920, delta^k = -0.00774663410373849920
    Local Iteration  80: ||V_upper^k - V_upper^k-1||_inf = 0.00516217806664007184, ||V_lower^k - V_lower^k-1||_inf = 0.00039207082560550367, delta^k = -0.00039207082560550367
    Local Iteration  81: ||V_upper^k - V_upper^k-1||_inf = 0.00495569094397446674, ||V_lower^k - V_lower^k-1||_inf = 0.00037638799258128339, delta^k = -0.00037638799258128339
    Local Iteration  82: ||V_upper^k - V_upper^k-1||_inf = 0.00475746330621548696, ||V_lower^k - V_lower^k-1||_inf = 0.00036133247287803254, delta^k = -0.00036133247287803254
    Local Iteration  83: ||V_upper^k - V_upper^k-1||_inf = 0.00456716477396686138, ||V_lower^k - V_lower^k-1||_inf = 0.00034687917396291137, delta^k = -0.00034687917396291137
    Local Iteration  84: ||V_upper^k - V_upper^k-1||_inf = 0.00438447818300818914, ||V_lower^k - V_lower^k-1||_inf = 0.00033300400700439492, delta^k = -0.00033300400700439492
    Local Iteration  85: ||V_upper^k - V_upper^k-1||_inf = 0.00420909905568786491, ||V_lower^k - V_lower^k-1||_inf = 0.00031968384672421881, delta^k = -0.00031968384672421881
    Local Iteration  86: ||V_upper^k - V_upper^k-1||_inf = 0.00404073509346035420, ||V_lower^k - V_lower^k-1||_inf = 0.00030689649285524975, delta^k = -0.00030689649285524975
    Local Iteration  87: ||V_upper^k - V_upper^k-1||_inf = 0.00387910568972194003, ||V_lower^k - V_lower^k-1||_inf = 0.00029462063314104024, delta^k = -0.00029462063314104024
    Local Iteration  88: ||V_upper^k - V_upper^k-1||_inf = 0.00215099499677720574, ||V_lower^k - V_lower^k-1||_inf = 0.00028283580781539829, delta^k = -0.00028283580781539829
    Local Iteration  89: ||V_upper^k - V_upper^k-1||_inf = 0.00000000000000000000, ||V_lower^k - V_lower^k-1||_inf = 0.00027152237550278225, delta^k = -0.00027152237550278225
    Local Iteration  90: ||V_upper^k - V_upper^k-1||_inf = 0.00000000000000000000, ||V_lower^k - V_lower^k-1||_inf = 0.00026066148048267072, delta^k = -0.00026066148048267072
    Local Iteration  91: ||V_upper^k - V_upper^k-1||_inf = 0.00000000000000000000, ||V_lower^k - V_lower^k-1||_inf = 0.00025023502126336403, delta^k = -0.00025023502126336403
    Local Iteration  92: ||V_upper^k - V_upper^k-1||_inf = 0.00000000000000000000, ||V_lower^k - V_lower^k-1||_inf = 0.00024022562041282978, delta^k = -0.00024022562041282978
    Local Iteration  93: ||V_upper^k - V_upper^k-1||_inf = 0.00000000000000000000, ||V_lower^k - V_lower^k-1||_inf = 0.00023061659559631652, delta^k = -0.00023061659559631652
    Local Iteration  94: ||V_upper^k - V_upper^k-1||_inf = 0.00000000000000000000, ||V_lower^k - V_lower^k-1||_inf = 0.00022139193177246348, delta^k = -0.00022139193177246348
    Local Iteration  95: ||V_upper^k - V_upper^k-1||_inf = 0.00000000000000000000, ||V_lower^k - V_lower^k-1||_inf = 0.00021253625450156494, delta^k = -0.00021253625450156494
    Local Iteration  96: ||V_upper^k - V_upper^k-1||_inf = 0.00000000000000000000, ||V_lower^k - V_lower^k-1||_inf = 0.00020403480432150227, delta^k = -0.00020403480432150227
    Local Iteration  97: ||V_upper^k - V_upper^k-1||_inf = 0.00000000000000000000, ||V_lower^k - V_lower^k-1||_inf = 0.00019587341214864253, delta^k = -0.00019587341214864253
    Local Iteration  98: ||V_upper^k - V_upper^k-1||_inf = 0.00000000000000000000, ||V_lower^k - V_lower^k-1||_inf = 0.00018803847566269648, delta^k = -0.00018803847566269648
    Local Iteration  99: ||V_upper^k - V_upper^k-1||_inf = 0.00000000000000000000, ||V_lower^k - V_lower^k-1||_inf = 0.00018051693663618910, delta^k = -0.00018051693663618910
    Local Iteration 100: ||V_upper^k - V_upper^k-1||_inf = 0.00000000000000000000, ||V_lower^k - V_lower^k-1||_inf = 0.00017329625917074116, delta^k = -0.00017329625917074116
    Local Iteration 101: ||V_upper^k - V_upper^k-1||_inf = 0.00000000000000000000, ||V_lower^k - V_lower^k-1||_inf = 0.00016636440880391217, delta^k = -0.00016636440880391217
    Local Iteration 102: ||V_upper^k - V_upper^k-1||_inf = 0.00000000000000000000, ||V_lower^k - V_lower^k-1||_inf = 0.00015970983245175516, delta^k = -0.00015970983245175516
    Local Iteration 103: ||V_upper^k - V_upper^k-1||_inf = 0.00000000000000000000, ||V_lower^k - V_lower^k-1||_inf = 0.00015332143915368487, delta^k = -0.00015332143915368487
    Local Iteration 104: ||V_upper^k - V_upper^k-1||_inf = 0.00000000000000000000, ||V_lower^k - V_lower^k-1||_inf = 0.00014718858158753760, delta^k = -0.00014718858158753760
    Local Iteration 105: ||V_upper^k - V_upper^k-1||_inf = 0.00000000000000000000, ||V_lower^k - V_lower^k-1||_inf = 0.00014130103832403615, delta^k = -0.00014130103832403615
    Local Iteration 106: ||V_upper^k - V_upper^k-1||_inf = 0.00000000000000000000, ||V_lower^k - V_lower^k-1||_inf = 0.00013564899679107453, delta^k = -0.00013564899679107453
    Local Iteration 107: ||V_upper^k - V_upper^k-1||_inf = 0.00000000000000000000, ||V_lower^k - V_lower^k-1||_inf = 0.00013022303691943155, delta^k = -0.00013022303691943155
    Local Iteration 108: ||V_upper^k - V_upper^k-1||_inf = 0.00000000000000000000, ||V_lower^k - V_lower^k-1||_inf = 0.00012501411544265425, delta^k = -0.00012501411544265425
    Local Iteration 109: ||V_upper^k - V_upper^k-1||_inf = 0.00000000000000000000, ||V_lower^k - V_lower^k-1||_inf = 0.00012001355082494813, delta^k = -0.00012001355082494813
    Local Iteration 110: ||V_upper^k - V_upper^k-1||_inf = 0.00000000000000000000, ||V_lower^k - V_lower^k-1||_inf = 0.00011521300879195054, delta^k = -0.00011521300879195054
    Local Iteration 111: ||V_upper^k - V_upper^k-1||_inf = 0.00000000000000000000, ||V_lower^k - V_lower^k-1||_inf = 0.00011060448844027243, delta^k = -0.00011060448844027243
    Local Iteration 112: ||V_upper^k - V_upper^k-1||_inf = 0.00000000000000000000, ||V_lower^k - V_lower^k-1||_inf = 0.00010618030890266125, delta^k = -0.00010618030890266125
    Local Iteration 113: ||V_upper^k - V_upper^k-1||_inf = 0.00000000000000000000, ||V_lower^k - V_lower^k-1||_inf = 0.00010193309654655484, delta^k = -0.00010193309654655484
    Local Iteration 114: ||V_upper^k - V_upper^k-1||_inf = 0.00000000000000000000, ||V_lower^k - V_lower^k-1||_inf = 0.00009785577268469270, delta^k = -0.00009785577268469270
    Local Iteration 115: ||V_upper^k - V_upper^k-1||_inf = 0.00000000000000000000, ||V_lower^k - V_lower^k-1||_inf = 0.00009394154177730504, delta^k = -0.00009394154177730504
    Local Iteration 116: ||V_upper^k - V_upper^k-1||_inf = 0.00000000000000000000, ||V_lower^k - V_lower^k-1||_inf = 0.00009018388010621292, delta^k = -0.00009018388010621292
    Local Iteration 117: ||V_upper^k - V_upper^k-1||_inf = 0.00000000000000000000, ||V_lower^k - V_lower^k-1||_inf = 0.00008657652490196444, delta^k = -0.00008657652490196444
    Local Iteration 118: ||V_upper^k - V_upper^k-1||_inf = 0.00000000000000000000, ||V_lower^k - V_lower^k-1||_inf = 0.00008311346390588560, delta^k = -0.00008311346390588560
    Local Iteration 119: ||V_upper^k - V_upper^k-1||_inf = 0.00000000000000000000, ||V_lower^k - V_lower^k-1||_inf = 0.00007978892534965033, delta^k = -0.00007978892534965033
    Local Iteration 120: ||V_upper^k - V_upper^k-1||_inf = 0.00000000000000000000, ||V_lower^k - V_lower^k-1||_inf = 0.00007659736833566435, delta^k = -0.00007659736833566435
    Local Iteration 121: ||V_upper^k - V_upper^k-1||_inf = 0.00000000000000000000, ||V_lower^k - V_lower^k-1||_inf = 0.00007353347360223770, delta^k = -0.00007353347360223770
    Local Iteration 122: ||V_upper^k - V_upper^k-1||_inf = 0.00000000000000000000, ||V_lower^k - V_lower^k-1||_inf = 0.00007059213465814831, delta^k = -0.00007059213465814831
    Local Iteration 123: ||V_upper^k - V_upper^k-1||_inf = 0.00000000000000000000, ||V_lower^k - V_lower^k-1||_inf = 0.00006776844927182239, delta^k = -0.00006776844927182239
    Local Iteration 124: ||V_upper^k - V_upper^k-1||_inf = 0.00000000000000000000, ||V_lower^k - V_lower^k-1||_inf = 0.00006505771130094944, delta^k = -0.00006505771130094944
    Local Iteration 125: ||V_upper^k - V_upper^k-1||_inf = 0.00000000000000000000, ||V_lower^k - V_lower^k-1||_inf = 0.00006245540284891145, delta^k = -0.00006245540284891145
    Local Iteration 126: ||V_upper^k - V_upper^k-1||_inf = 0.00000000000000000000, ||V_lower^k - V_lower^k-1||_inf = 0.00005995718673495500, delta^k = -0.00005995718673495500
    Local Iteration 127: ||V_upper^k - V_upper^k-1||_inf = 0.00000000000000000000, ||V_lower^k - V_lower^k-1||_inf = 0.00005755889926555664, delta^k = -0.00005755889926555664
    Local Iteration 128: ||V_upper^k - V_upper^k-1||_inf = 0.00000000000000000000, ||V_lower^k - V_lower^k-1||_inf = 0.00005525654329493449, delta^k = -0.00005525654329493449
    Local Iteration 129: ||V_upper^k - V_upper^k-1||_inf = 0.00000000000000000000, ||V_lower^k - V_lower^k-1||_inf = 0.00005304628156313712, delta^k = -0.00005304628156313712
    Local Iteration 130: ||V_upper^k - V_upper^k-1||_inf = 0.00000000000000000000, ||V_lower^k - V_lower^k-1||_inf = 0.00005092443030061170, delta^k = -0.00005092443030061170
    Local Iteration 131: ||V_upper^k - V_upper^k-1||_inf = 0.00000000000000000000, ||V_lower^k - V_lower^k-1||_inf = 0.00004888745308858711, delta^k = -0.00004888745308858711
    Local Iteration 132: ||V_upper^k - V_upper^k-1||_inf = 0.00000000000000000000, ||V_lower^k - V_lower^k-1||_inf = 0.00004693195496504373, delta^k = -0.00004693195496504373
    Local Iteration 133: ||V_upper^k - V_upper^k-1||_inf = 0.00000000000000000000, ||V_lower^k - V_lower^k-1||_inf = 0.00004505467676644182, delta^k = -0.00004505467676644182
    Local Iteration 134: ||V_upper^k - V_upper^k-1||_inf = 0.00000000000000000000, ||V_lower^k - V_lower^k-1||_inf = 0.00004325248969578427, delta^k = -0.00004325248969578427
    Local Iteration 135: ||V_upper^k - V_upper^k-1||_inf = 0.00000000000000000000, ||V_lower^k - V_lower^k-1||_inf = 0.00004152239010795289, delta^k = -0.00004152239010795289
    Local Iteration 136: ||V_upper^k - V_upper^k-1||_inf = 0.00000000000000000000, ||V_lower^k - V_lower^k-1||_inf = 0.00003986149450363474, delta^k = -0.00003986149450363474
    Local Iteration 137: ||V_upper^k - V_upper^k-1||_inf = 0.00000000000000000000, ||V_lower^k - V_lower^k-1||_inf = 0.00003826703472348931, delta^k = -0.00003826703472348931
    Local Iteration 138: ||V_upper^k - V_upper^k-1||_inf = 0.00000000000000000000, ||V_lower^k - V_lower^k-1||_inf = 0.00003673635333454976, delta^k = -0.00003673635333454976
    Local Iteration 139: ||V_upper^k - V_upper^k-1||_inf = 0.00000000000000000000, ||V_lower^k - V_lower^k-1||_inf = 0.00003526689920116779, delta^k = -0.00003526689920116779
    Local Iteration 140: ||V_upper^k - V_upper^k-1||_inf = 0.00000000000000000000, ||V_lower^k - V_lower^k-1||_inf = 0.00003385622323312108, delta^k = -0.00003385622323312108
    Local Iteration 141: ||V_upper^k - V_upper^k-1||_inf = 0.00000000000000000000, ||V_lower^k - V_lower^k-1||_inf = 0.00003250197430379627, delta^k = -0.00003250197430379627
    Local Iteration 142: ||V_upper^k - V_upper^k-1||_inf = 0.00000000000000000000, ||V_lower^k - V_lower^k-1||_inf = 0.00003120189533164434, delta^k = -0.00003120189533164434
    Local Iteration 143: ||V_upper^k - V_upper^k-1||_inf = 0.00000000000000000000, ||V_lower^k - V_lower^k-1||_inf = 0.00002995381951837860, delta^k = -0.00002995381951837860
    Local Iteration 144: ||V_upper^k - V_upper^k-1||_inf = 0.00000000000000000000, ||V_lower^k - V_lower^k-1||_inf = 0.00002875566673764349, delta^k = -0.00002875566673764349
    Local Iteration 145: ||V_upper^k - V_upper^k-1||_inf = 0.00000000000000000000, ||V_lower^k - V_lower^k-1||_inf = 0.00002760544006813774, delta^k = -0.00002760544006813774
    Local Iteration 146: ||V_upper^k - V_upper^k-1||_inf = 0.00000000000000000000, ||V_lower^k - V_lower^k-1||_inf = 0.00002650122246541215, delta^k = -0.00002650122246541215
    Local Iteration 147: ||V_upper^k - V_upper^k-1||_inf = 0.00000000000000000000, ||V_lower^k - V_lower^k-1||_inf = 0.00002544117356679566, delta^k = -0.00002544117356679566
    Local Iteration 148: ||V_upper^k - V_upper^k-1||_inf = 0.00000000000000000000, ||V_lower^k - V_lower^k-1||_inf = 0.00002442352662412385, delta^k = -0.00002442352662412385
    Local Iteration 149: ||V_upper^k - V_upper^k-1||_inf = 0.00000000000000000000, ||V_lower^k - V_lower^k-1||_inf = 0.00002344658555915888, delta^k = -0.00002344658555915888
    Local Iteration 150: ||V_upper^k - V_upper^k-1||_inf = 0.00000000000000000000, ||V_lower^k - V_lower^k-1||_inf = 0.00002250872213679261, delta^k = -0.00002250872213679261
    Local Iteration 151: ||V_upper^k - V_upper^k-1||_inf = 0.00000000000000000000, ||V_lower^k - V_lower^k-1||_inf = 0.00002160837325132091, delta^k = -0.00002160837325132091
    Local Iteration 152: ||V_upper^k - V_upper^k-1||_inf = 0.00000000000000000000, ||V_lower^k - V_lower^k-1||_inf = 0.00002074403832126798, delta^k = -0.00002074403832126798
    Local Iteration 153: ||V_upper^k - V_upper^k-1||_inf = 0.00000000000000000000, ||V_lower^k - V_lower^k-1||_inf = 0.00001991427678841733, delta^k = -0.00001991427678841733
    Local Iteration 154: ||V_upper^k - V_upper^k-1||_inf = 0.00000000000000000000, ||V_lower^k - V_lower^k-1||_inf = 0.00001911770571688063, delta^k = -0.00001911770571688063
    Local Iteration 155: ||V_upper^k - V_upper^k-1||_inf = 0.00000000000000000000, ||V_lower^k - V_lower^k-1||_inf = 0.00001835299748820539, delta^k = -0.00001835299748820539
    Local Iteration 156: ||V_upper^k - V_upper^k-1||_inf = 0.00000000000000000000, ||V_lower^k - V_lower^k-1||_inf = 0.00001761887758867719, delta^k = -0.00001761887758867719
    Local Iteration 157: ||V_upper^k - V_upper^k-1||_inf = 0.00000000000000000000, ||V_lower^k - V_lower^k-1||_inf = 0.00001691412248513009, delta^k = -0.00001691412248513009
    Local Iteration 158: ||V_upper^k - V_upper^k-1||_inf = 0.00000000000000000000, ||V_lower^k - V_lower^k-1||_inf = 0.00001623755758572488, delta^k = -0.00001623755758572488
    Local Iteration 159: ||V_upper^k - V_upper^k-1||_inf = 0.00000000000000000000, ||V_lower^k - V_lower^k-1||_inf = 0.00001558805528229591, delta^k = -0.00001558805528229591
    Local Iteration 160: ||V_upper^k - V_upper^k-1||_inf = 0.00000000000000000000, ||V_lower^k - V_lower^k-1||_inf = 0.00001496453307100407, delta^k = -0.00001496453307100407
    Local Iteration 161: ||V_upper^k - V_upper^k-1||_inf = 0.00000000000000000000, ||V_lower^k - V_lower^k-1||_inf = 0.00001436595174816391, delta^k = -0.00001436595174816391
    Local Iteration 162: ||V_upper^k - V_upper^k-1||_inf = 0.00000000000000000000, ||V_lower^k - V_lower^k-1||_inf = 0.00001379131367823733, delta^k = -0.00001379131367823733
    Local Iteration 163: ||V_upper^k - V_upper^k-1||_inf = 0.00000000000000000000, ||V_lower^k - V_lower^k-1||_inf = 0.00001323966113110783, delta^k = -0.00001323966113110783
    Local Iteration 164: ||V_upper^k - V_upper^k-1||_inf = 0.00000000000000000000, ||V_lower^k - V_lower^k-1||_inf = 0.00001271007468586354, delta^k = -0.00001271007468586354
    Local Iteration 165: ||V_upper^k - V_upper^k-1||_inf = 0.00000000000000000000, ||V_lower^k - V_lower^k-1||_inf = 0.00001220167169842896, delta^k = -0.00001220167169842896
    Local Iteration 166: ||V_upper^k - V_upper^k-1||_inf = 0.00000000000000000000, ||V_lower^k - V_lower^k-1||_inf = 0.00001171360483049184, delta^k = -0.00001171360483049184
    Local Iteration 167: ||V_upper^k - V_upper^k-1||_inf = 0.00000000000000000000, ||V_lower^k - V_lower^k-1||_inf = 0.00001124506063727217, delta^k = -0.00001124506063727217
    Local Iteration 168: ||V_upper^k - V_upper^k-1||_inf = 0.00000000000000000000, ||V_lower^k - V_lower^k-1||_inf = 0.00001079525821178124, delta^k = -0.00001079525821178124
    Local Iteration 169: ||V_upper^k - V_upper^k-1||_inf = 0.00000000000000000000, ||V_lower^k - V_lower^k-1||_inf = 0.00001036344788331002, delta^k = -0.00001036344788331002
    Local Iteration 170: ||V_upper^k - V_upper^k-1||_inf = 0.00000000000000000000, ||V_lower^k - V_lower^k-1||_inf = 0.00000994890996797762, delta^k = -0.00000994890996797762
    Local Iteration 171: ||V_upper^k - V_upper^k-1||_inf = 0.00000000000000000000, ||V_lower^k - V_lower^k-1||_inf = 0.00000955095356925851, delta^k = -0.00000955095356925851
    Local Iteration 172: ||V_upper^k - V_upper^k-1||_inf = 0.00000000000000000000, ||V_lower^k - V_lower^k-1||_inf = 0.00000916891542648816, delta^k = -0.00000916891542648816
    Local Iteration 173: ||V_upper^k - V_upper^k-1||_inf = 0.00000000000000000000, ||V_lower^k - V_lower^k-1||_inf = 0.00000880215880942864, delta^k = -0.00000880215880942864
    Local Iteration 174: ||V_upper^k - V_upper^k-1||_inf = 0.00000000000000000000, ||V_lower^k - V_lower^k-1||_inf = 0.00000845007245705150, delta^k = -0.00000845007245705150
    Local Iteration 175: ||V_upper^k - V_upper^k-1||_inf = 0.00000000000000000000, ||V_lower^k - V_lower^k-1||_inf = 0.00000811206955876942, delta^k = -0.00000811206955876942
    Local Iteration 176: ||V_upper^k - V_upper^k-1||_inf = 0.00000000000000000000, ||V_lower^k - V_lower^k-1||_inf = 0.00000778758677641864, delta^k = -0.00000778758677641864
    Local Iteration 177: ||V_upper^k - V_upper^k-1||_inf = 0.00000000000000000000, ||V_lower^k - V_lower^k-1||_inf = 0.00000747608330536190, delta^k = -0.00000747608330536190
    Local Iteration 178: ||V_upper^k - V_upper^k-1||_inf = 0.00000000000000000000, ||V_lower^k - V_lower^k-1||_inf = 0.00000717703997314743, delta^k = -0.00000717703997314743
    Local Iteration 179: ||V_upper^k - V_upper^k-1||_inf = 0.00000000000000000000, ||V_lower^k - V_lower^k-1||_inf = 0.00000688995837422153, delta^k = -0.00000688995837422153
    Local Iteration 180: ||V_upper^k - V_upper^k-1||_inf = 0.00000000000000000000, ||V_lower^k - V_lower^k-1||_inf = 0.00000661436003925267, delta^k = -0.00000661436003925267
    Local Iteration 181: ||V_upper^k - V_upper^k-1||_inf = 0.00000000000000000000, ||V_lower^k - V_lower^k-1||_inf = 0.00000634978563768257, delta^k = -0.00000634978563768257
    Local Iteration 182: ||V_upper^k - V_upper^k-1||_inf = 0.00000000000000000000, ||V_lower^k - V_lower^k-1||_inf = 0.00000609579421217526, delta^k = -0.00000609579421217526
    Local Iteration 183: ||V_upper^k - V_upper^k-1||_inf = 0.00000000000000000000, ||V_lower^k - V_lower^k-1||_inf = 0.00000585196244368825, delta^k = -0.00000585196244368825
    Local Iteration 184: ||V_upper^k - V_upper^k-1||_inf = 0.00000000000000000000, ||V_lower^k - V_lower^k-1||_inf = 0.00000561788394594072, delta^k = -0.00000561788394594072
    Local Iteration 185: ||V_upper^k - V_upper^k-1||_inf = 0.00000000000000000000, ||V_lower^k - V_lower^k-1||_inf = 0.00000539316858810308, delta^k = -0.00000539316858810308
    Local Iteration 186: ||V_upper^k - V_upper^k-1||_inf = 0.00000000000000000000, ||V_lower^k - V_lower^k-1||_inf = 0.00000517744184457897, delta^k = -0.00000517744184457897
    Local Iteration 187: ||V_upper^k - V_upper^k-1||_inf = 0.00000000000000000000, ||V_lower^k - V_lower^k-1||_inf = 0.00000497034417079581, delta^k = -0.00000497034417079581
    Local Iteration 188: ||V_upper^k - V_upper^k-1||_inf = 0.00000000000000000000, ||V_lower^k - V_lower^k-1||_inf = 0.00000477153040396398, delta^k = -0.00000477153040396398
    Local Iteration 189: ||V_upper^k - V_upper^k-1||_inf = 0.00000000000000000000, ||V_lower^k - V_lower^k-1||_inf = 0.00000458066918780542, delta^k = -0.00000458066918780542
    Local Iteration 190: ||V_upper^k - V_upper^k-1||_inf = 0.00000000000000000000, ||V_lower^k - V_lower^k-1||_inf = 0.00000439744242029320, delta^k = -0.00000439744242029320
    Local Iteration 191: ||V_upper^k - V_upper^k-1||_inf = 0.00000000000000000000, ||V_lower^k - V_lower^k-1||_inf = 0.00000422154472348148, delta^k = -0.00000422154472348148
    Local Iteration 192: ||V_upper^k - V_upper^k-1||_inf = 0.00000000000000000000, ||V_lower^k - V_lower^k-1||_inf = 0.00000405268293454222, delta^k = -0.00000405268293454222
    Local Iteration 193: ||V_upper^k - V_upper^k-1||_inf = 0.00000000000000000000, ||V_lower^k - V_lower^k-1||_inf = 0.00000389057561716052, delta^k = -0.00000389057561716052
    Local Iteration 194: ||V_upper^k - V_upper^k-1||_inf = 0.00000000000000000000, ||V_lower^k - V_lower^k-1||_inf = 0.00000373495259247410, delta^k = -0.00000373495259247410
    Local Iteration 195: ||V_upper^k - V_upper^k-1||_inf = 0.00000000000000000000, ||V_lower^k - V_lower^k-1||_inf = 0.00000358555448877514, delta^k = -0.00000358555448877514
    Local Iteration 196: ||V_upper^k - V_upper^k-1||_inf = 0.00000000000000000000, ||V_lower^k - V_lower^k-1||_inf = 0.00000344213230922414, delta^k = -0.00000344213230922414
    Local Iteration 197: ||V_upper^k - V_upper^k-1||_inf = 0.00000000000000000000, ||V_lower^k - V_lower^k-1||_inf = 0.00000330444701685517, delta^k = -0.00000330444701685517
    Local Iteration 198: ||V_upper^k - V_upper^k-1||_inf = 0.00000000000000000000, ||V_lower^k - V_lower^k-1||_inf = 0.00000317226913618095, delta^k = -0.00000317226913618095
    Local Iteration 199: ||V_upper^k - V_upper^k-1||_inf = 0.00000000000000000000, ||V_lower^k - V_lower^k-1||_inf = 0.00000304537837073372, delta^k = -0.00000304537837073372
    Local Iteration 200: ||V_upper^k - V_upper^k-1||_inf = 0.00000000000000000000, ||V_lower^k - V_lower^k-1||_inf = 0.00000292356323590438, delta^k = -0.00000292356323590438
    Local Iteration 201: ||V_upper^k - V_upper^k-1||_inf = 0.00000000000000000000, ||V_lower^k - V_lower^k-1||_inf = 0.00000280662070646820, delta^k = -0.00000280662070646820
    Local Iteration 202: ||V_upper^k - V_upper^k-1||_inf = 0.00000000000000000000, ||V_lower^k - V_lower^k-1||_inf = 0.00000269435587820947, delta^k = -0.00000269435587820947
    Local Iteration 203: ||V_upper^k - V_upper^k-1||_inf = 0.00000000000000000000, ||V_lower^k - V_lower^k-1||_inf = 0.00000258658164308109, delta^k = -0.00000258658164308109
    Local Iteration 204: ||V_upper^k - V_upper^k-1||_inf = 0.00000000000000000000, ||V_lower^k - V_lower^k-1||_inf = 0.00000248311837735785, delta^k = -0.00000248311837735785
    Local Iteration 205: ||V_upper^k - V_upper^k-1||_inf = 0.00000000000000000000, ||V_lower^k - V_lower^k-1||_inf = 0.00000238379364226354, delta^k = -0.00000238379364226354
    Local Iteration 206: ||V_upper^k - V_upper^k-1||_inf = 0.00000000000000000000, ||V_lower^k - V_lower^k-1||_inf = 0.00000228844189657299, delta^k = -0.00000228844189657299
    Local Iteration 207: ||V_upper^k - V_upper^k-1||_inf = 0.00000000000000000000, ||V_lower^k - V_lower^k-1||_inf = 0.00000219690422071007, delta^k = -0.00000219690422071007
    Local Iteration 208: ||V_upper^k - V_upper^k-1||_inf = 0.00000000000000000000, ||V_lower^k - V_lower^k-1||_inf = 0.00000210902805188167, delta^k = -0.00000210902805188167
    Local Iteration 209: ||V_upper^k - V_upper^k-1||_inf = 0.00000000000000000000, ||V_lower^k - V_lower^k-1||_inf = 0.00000202466692980640, delta^k = -0.00000202466692980640
    Local Iteration 210: ||V_upper^k - V_upper^k-1||_inf = 0.00000000000000000000, ||V_lower^k - V_lower^k-1||_inf = 0.00000194368025261414, delta^k = -0.00000194368025261414
    Local Iteration 211: ||V_upper^k - V_upper^k-1||_inf = 0.00000000000000000000, ||V_lower^k - V_lower^k-1||_inf = 0.00000186593304250958, delta^k = -0.00000186593304250958
    Local Iteration 212: ||V_upper^k - V_upper^k-1||_inf = 0.00000000000000000000, ||V_lower^k - V_lower^k-1||_inf = 0.00000179129572080920, delta^k = -0.00000179129572080920
    Local Iteration 213: ||V_upper^k - V_upper^k-1||_inf = 0.00000000000000000000, ||V_lower^k - V_lower^k-1||_inf = 0.00000171964389197683, delta^k = -0.00000171964389197683
    Local Iteration 214: ||V_upper^k - V_upper^k-1||_inf = 0.00000000000000000000, ||V_lower^k - V_lower^k-1||_inf = 0.00000165085813629776, delta^k = -0.00000165085813629776
    Local Iteration 215: ||V_upper^k - V_upper^k-1||_inf = 0.00000000000000000000, ||V_lower^k - V_lower^k-1||_inf = 0.00000158482381084584, delta^k = -0.00000158482381084584
    Local Iteration 216: ||V_upper^k - V_upper^k-1||_inf = 0.00000000000000000000, ||V_lower^k - V_lower^k-1||_inf = 0.00000152143085841201, delta^k = -0.00000152143085841201
    Local Iteration 217: ||V_upper^k - V_upper^k-1||_inf = 0.00000000000000000000, ||V_lower^k - V_lower^k-1||_inf = 0.00000146057362407553, delta^k = -0.00000146057362407553
    Local Iteration 218: ||V_upper^k - V_upper^k-1||_inf = 0.00000000000000000000, ||V_lower^k - V_lower^k-1||_inf = 0.00000140215067911251, delta^k = -0.00000140215067911251
    Local Iteration 219: ||V_upper^k - V_upper^k-1||_inf = 0.00000000000000000000, ||V_lower^k - V_lower^k-1||_inf = 0.00000134606465194801, delta^k = -0.00000134606465194801
    Local Iteration 220: ||V_upper^k - V_upper^k-1||_inf = 0.00000000000000000000, ||V_lower^k - V_lower^k-1||_inf = 0.00000129222206587009, delta^k = -0.00000129222206587009
    Local Iteration 221: ||V_upper^k - V_upper^k-1||_inf = 0.00000000000000000000, ||V_lower^k - V_lower^k-1||_inf = 0.00000124053318323529, delta^k = -0.00000124053318323529
    Local Iteration 222: ||V_upper^k - V_upper^k-1||_inf = 0.00000000000000000000, ||V_lower^k - V_lower^k-1||_inf = 0.00000119091185590587, delta^k = -0.00000119091185590587
    Local Iteration 223: ||V_upper^k - V_upper^k-1||_inf = 0.00000000000000000000, ||V_lower^k - V_lower^k-1||_inf = 0.00000114327538166964, delta^k = -0.00000114327538166964
    Local Iteration 224: ||V_upper^k - V_upper^k-1||_inf = 0.00000000000000000000, ||V_lower^k - V_lower^k-1||_inf = 0.00000109754436640286, delta^k = -0.00000109754436640286
    Local Iteration 225: ||V_upper^k - V_upper^k-1||_inf = 0.00000000000000000000, ||V_lower^k - V_lower^k-1||_inf = 0.00000105364259174674, delta^k = -0.00000105364259174674
    Local Iteration 226: ||V_upper^k - V_upper^k-1||_inf = 0.00000000000000000000, ||V_lower^k - V_lower^k-1||_inf = 0.00000101149688807687, delta^k = -0.00000101149688807687
    Local Iteration 227: ||V_upper^k - V_upper^k-1||_inf = 0.00000000000000000000, ||V_lower^k - V_lower^k-1||_inf = 0.00000097103701255380, delta^k = -0.00000097103701255380
    Local Iteration 228: ||V_upper^k - V_upper^k-1||_inf = 0.00000000000000000000, ||V_lower^k - V_lower^k-1||_inf = 0.00000093219553205164, delta^k = -0.00000093219553205164
    Local Iteration 229: ||V_upper^k - V_upper^k-1||_inf = 0.00000000000000000000, ||V_lower^k - V_lower^k-1||_inf = 0.00000089490771076958, delta^k = -0.00000089490771076958
    Local Iteration 230: ||V_upper^k - V_upper^k-1||_inf = 0.00000000000000000000, ||V_lower^k - V_lower^k-1||_inf = 0.00000085911140233879, delta^k = -0.00000085911140233879
    Local Iteration 231: ||V_upper^k - V_upper^k-1||_inf = 0.00000000000000000000, ||V_lower^k - V_lower^k-1||_inf = 0.00000082474694624524, delta^k = -0.00000082474694624524
    Local Iteration 232: ||V_upper^k - V_upper^k-1||_inf = 0.00000000000000000000, ||V_lower^k - V_lower^k-1||_inf = 0.00000079175706839543, delta^k = -0.00000079175706839543
    Local Iteration 233: ||V_upper^k - V_upper^k-1||_inf = 0.00000000000000000000, ||V_lower^k - V_lower^k-1||_inf = 0.00000076008678565961, delta^k = -0.00000076008678565961
    Local Iteration 234: ||V_upper^k - V_upper^k-1||_inf = 0.00000000000000000000, ||V_lower^k - V_lower^k-1||_inf = 0.00000072968331423323, delta^k = -0.00000072968331423323
    Local Iteration 235: ||V_upper^k - V_upper^k-1||_inf = 0.00000000000000000000, ||V_lower^k - V_lower^k-1||_inf = 0.00000070049598166390, delta^k = -0.00000070049598166390
    Local Iteration 236: ||V_upper^k - V_upper^k-1||_inf = 0.00000000000000000000, ||V_lower^k - V_lower^k-1||_inf = 0.00000067247614239735, delta^k = -0.00000067247614239735
    Local Iteration 237: ||V_upper^k - V_upper^k-1||_inf = 0.00000000000000000000, ||V_lower^k - V_lower^k-1||_inf = 0.00000064557709670145, delta^k = -0.00000064557709670145
    Local Iteration 238: ||V_upper^k - V_upper^k-1||_inf = 0.00000000000000000000, ||V_lower^k - V_lower^k-1||_inf = 0.00000061975401283339, delta^k = -0.00000061975401283339
    Local Iteration 239: ||V_upper^k - V_upper^k-1||_inf = 0.00000000000000000000, ||V_lower^k - V_lower^k-1||_inf = 0.00000059496385232006, delta^k = -0.00000059496385232006
    Local Iteration 240: ||V_upper^k - V_upper^k-1||_inf = 0.00000000000000000000, ||V_lower^k - V_lower^k-1||_inf = 0.00000057116529822726, delta^k = -0.00000057116529822726
    Local Iteration 241: ||V_upper^k - V_upper^k-1||_inf = 0.00000000000000000000, ||V_lower^k - V_lower^k-1||_inf = 0.00000054831868629816, delta^k = -0.00000054831868629816
    Local Iteration 242: ||V_upper^k - V_upper^k-1||_inf = 0.00000000000000000000, ||V_lower^k - V_lower^k-1||_inf = 0.00000052638593884624, delta^k = -0.00000052638593884624
    Local Iteration 243: ||V_upper^k - V_upper^k-1||_inf = 0.00000000000000000000, ||V_lower^k - V_lower^k-1||_inf = 0.00000050533050129239, delta^k = -0.00000050533050129239
    Local Iteration 244: ||V_upper^k - V_upper^k-1||_inf = 0.00000000000000000000, ||V_lower^k - V_lower^k-1||_inf = 0.00000048511728124069, delta^k = -0.00000048511728124069
    Local Iteration 245: ||V_upper^k - V_upper^k-1||_inf = 0.00000000000000000000, ||V_lower^k - V_lower^k-1||_inf = 0.00000046571258999107, delta^k = -0.00000046571258999107
    Local Iteration 246: ||V_upper^k - V_upper^k-1||_inf = 0.00000000000000000000, ||V_lower^k - V_lower^k-1||_inf = 0.00000044708408639142, delta^k = -0.00000044708408639142
    Local Iteration 247: ||V_upper^k - V_upper^k-1||_inf = 0.00000000000000000000, ||V_lower^k - V_lower^k-1||_inf = 0.00000042920072293577, delta^k = -0.00000042920072293577
    Local Iteration 248: ||V_upper^k - V_upper^k-1||_inf = 0.00000000000000000000, ||V_lower^k - V_lower^k-1||_inf = 0.00000041203269401834, delta^k = -0.00000041203269401834
    Local Iteration 249: ||V_upper^k - V_upper^k-1||_inf = 0.00000000000000000000, ||V_lower^k - V_lower^k-1||_inf = 0.00000039555138625760, delta^k = -0.00000039555138625760
    Local Iteration 250: ||V_upper^k - V_upper^k-1||_inf = 0.00000000000000000000, ||V_lower^k - V_lower^k-1||_inf = 0.00000037972933080730, delta^k = -0.00000037972933080730
    Local Iteration 251: ||V_upper^k - V_upper^k-1||_inf = 0.00000000000000000000, ||V_lower^k - V_lower^k-1||_inf = 0.00000036454015757501, delta^k = -0.00000036454015757501
    Local Iteration 252: ||V_upper^k - V_upper^k-1||_inf = 0.00000000000000000000, ||V_lower^k - V_lower^k-1||_inf = 0.00000034995855127201, delta^k = -0.00000034995855127201
    Local Iteration 253: ||V_upper^k - V_upper^k-1||_inf = 0.00000000000000000000, ||V_lower^k - V_lower^k-1||_inf = 0.00000033596020922113, delta^k = -0.00000033596020922113
    Local Iteration 254: ||V_upper^k - V_upper^k-1||_inf = 0.00000000000000000000, ||V_lower^k - V_lower^k-1||_inf = 0.00000032252180085228, delta^k = -0.00000032252180085228
    Local Iteration 255: ||V_upper^k - V_upper^k-1||_inf = 0.00000000000000000000, ||V_lower^k - V_lower^k-1||_inf = 0.00000030962092881819, delta^k = -0.00000030962092881819
    Local Iteration 256: ||V_upper^k - V_upper^k-1||_inf = 0.00000000000000000000, ||V_lower^k - V_lower^k-1||_inf = 0.00000029723609166546, delta^k = -0.00000029723609166546
    Local Iteration 257: ||V_upper^k - V_upper^k-1||_inf = 0.00000000000000000000, ||V_lower^k - V_lower^k-1||_inf = 0.00000028534664799884, delta^k = -0.00000028534664799884
    Local Iteration 258: ||V_upper^k - V_upper^k-1||_inf = 0.00000000000000000000, ||V_lower^k - V_lower^k-1||_inf = 0.00000027393278207889, delta^k = -0.00000027393278207889
    Local Iteration 259: ||V_upper^k - V_upper^k-1||_inf = 0.00000000000000000000, ||V_lower^k - V_lower^k-1||_inf = 0.00000026297547079573, delta^k = -0.00000026297547079573
    Local Iteration 260: ||V_upper^k - V_upper^k-1||_inf = 0.00000000000000000000, ||V_lower^k - V_lower^k-1||_inf = 0.00000025245645196390, delta^k = -0.00000025245645196390
    Local Iteration 261: ||V_upper^k - V_upper^k-1||_inf = 0.00000000000000000000, ||V_lower^k - V_lower^k-1||_inf = 0.00000024235819388535, delta^k = -0.00000024235819388535
    Local Iteration 262: ||V_upper^k - V_upper^k-1||_inf = 0.00000000000000000000, ||V_lower^k - V_lower^k-1||_inf = 0.00000023266386612993, delta^k = -0.00000023266386612993
    Local Iteration 263: ||V_upper^k - V_upper^k-1||_inf = 0.00000000000000000000, ||V_lower^k - V_lower^k-1||_inf = 0.00000022335731148474, delta^k = -0.00000022335731148474
    Local Iteration 264: ||V_upper^k - V_upper^k-1||_inf = 0.00000000000000000000, ||V_lower^k - V_lower^k-1||_inf = 0.00000021442301902535, delta^k = -0.00000021442301902535
    Local Iteration 265: ||V_upper^k - V_upper^k-1||_inf = 0.00000000000000000000, ||V_lower^k - V_lower^k-1||_inf = 0.00000020584609826433, delta^k = -0.00000020584609826433
    Local Iteration 266: ||V_upper^k - V_upper^k-1||_inf = 0.00000000000000000000, ||V_lower^k - V_lower^k-1||_inf = 0.00000019761225433376, delta^k = -0.00000019761225433376
    Local Iteration 267: ||V_upper^k - V_upper^k-1||_inf = 0.00000000000000000000, ||V_lower^k - V_lower^k-1||_inf = 0.00000018970776416041, delta^k = -0.00000018970776416041
    Local Iteration 268: ||V_upper^k - V_upper^k-1||_inf = 0.00000000000000000000, ||V_lower^k - V_lower^k-1||_inf = 0.00000018211945359399, delta^k = -0.00000018211945359399
    Local Iteration 269: ||V_upper^k - V_upper^k-1||_inf = 0.00000000000000000000, ||V_lower^k - V_lower^k-1||_inf = 0.00000017483467545023, delta^k = -0.00000017483467545023
    Local Iteration 270: ||V_upper^k - V_upper^k-1||_inf = 0.00000000000000000000, ||V_lower^k - V_lower^k-1||_inf = 0.00000016784128843222, delta^k = -0.00000016784128843222
    Local Iteration 271: ||V_upper^k - V_upper^k-1||_inf = 0.00000000000000000000, ||V_lower^k - V_lower^k-1||_inf = 0.00000016112763689494, delta^k = -0.00000016112763689494
    Local Iteration 272: ||V_upper^k - V_upper^k-1||_inf = 0.00000000000000000000, ||V_lower^k - V_lower^k-1||_inf = 0.00000015468253141914, delta^k = -0.00000015468253141914
    Local Iteration 273: ||V_upper^k - V_upper^k-1||_inf = 0.00000000000000000000, ||V_lower^k - V_lower^k-1||_inf = 0.00000014849523016237, delta^k = -0.00000014849523016237
    Local Iteration 274: ||V_upper^k - V_upper^k-1||_inf = 0.00000000000000000000, ||V_lower^k - V_lower^k-1||_inf = 0.00000014255542095588, delta^k = -0.00000014255542095588
    Local Iteration 275: ||V_upper^k - V_upper^k-1||_inf = 0.00000000000000000000, ||V_lower^k - V_lower^k-1||_inf = 0.00000013685320411764, delta^k = -0.00000013685320411764
    Local Iteration 276: ||V_upper^k - V_upper^k-1||_inf = 0.00000000000000000000, ||V_lower^k - V_lower^k-1||_inf = 0.00000013137907595294, delta^k = -0.00000013137907595294
    Local Iteration 277: ||V_upper^k - V_upper^k-1||_inf = 0.00000000000000000000, ||V_lower^k - V_lower^k-1||_inf = 0.00000012612391291482, delta^k = -0.00000012612391291482
    Local Iteration 278: ||V_upper^k - V_upper^k-1||_inf = 0.00000000000000000000, ||V_lower^k - V_lower^k-1||_inf = 0.00000012107895639823, delta^k = -0.00000012107895639823
    Local Iteration 279: ||V_upper^k - V_upper^k-1||_inf = 0.00000000000000000000, ||V_lower^k - V_lower^k-1||_inf = 0.00000011623579814230, delta^k = -0.00000011623579814230
    Local Iteration 280: ||V_upper^k - V_upper^k-1||_inf = 0.00000000000000000000, ||V_lower^k - V_lower^k-1||_inf = 0.00000011158636621661, delta^k = -0.00000011158636621661
    Local Iteration 281: ||V_upper^k - V_upper^k-1||_inf = 0.00000000000000000000, ||V_lower^k - V_lower^k-1||_inf = 0.00000010712291156794, delta^k = -0.00000010712291156794
    Local Iteration 282: ||V_upper^k - V_upper^k-1||_inf = 0.00000000000000000000, ||V_lower^k - V_lower^k-1||_inf = 0.00000010283799510522, delta^k = -0.00000010283799510522
    Local Iteration 283: ||V_upper^k - V_upper^k-1||_inf = 0.00000000000000000000, ||V_lower^k - V_lower^k-1||_inf = 0.00000009872447530101, delta^k = -0.00000009872447530101
    Local Iteration 284: ||V_upper^k - V_upper^k-1||_inf = 0.00000000000000000000, ||V_lower^k - V_lower^k-1||_inf = 0.00000009477549628897, delta^k = -0.00000009477549628897
    Local Iteration 285: ||V_upper^k - V_upper^k-1||_inf = 0.00000000000000000000, ||V_lower^k - V_lower^k-1||_inf = 0.00000009098447643742, delta^k = -0.00000009098447643742
    Local Iteration 286: ||V_upper^k - V_upper^k-1||_inf = 0.00000000000000000000, ||V_lower^k - V_lower^k-1||_inf = 0.00000008734509737992, delta^k = -0.00000008734509737992
    Local Iteration 287: ||V_upper^k - V_upper^k-1||_inf = 0.00000000000000000000, ||V_lower^k - V_lower^k-1||_inf = 0.00000008385129348472, delta^k = -0.00000008385129348472
    Local Iteration 288: ||V_upper^k - V_upper^k-1||_inf = 0.00000000000000000000, ||V_lower^k - V_lower^k-1||_inf = 0.00000008049724174533, delta^k = -0.00000008049724174533
    Local Iteration 289: ||V_upper^k - V_upper^k-1||_inf = 0.00000000000000000000, ||V_lower^k - V_lower^k-1||_inf = 0.00000007727735207552, delta^k = -0.00000007727735207552
    Local Iteration 290: ||V_upper^k - V_upper^k-1||_inf = 0.00000000000000000000, ||V_lower^k - V_lower^k-1||_inf = 0.00000007418625799250, delta^k = -0.00000007418625799250
    Local Iteration 291: ||V_upper^k - V_upper^k-1||_inf = 0.00000000000000000000, ||V_lower^k - V_lower^k-1||_inf = 0.00000007121880767280, delta^k = -0.00000007121880767280
    Local Iteration 292: ||V_upper^k - V_upper^k-1||_inf = 0.00000000000000000000, ||V_lower^k - V_lower^k-1||_inf = 0.00000006837005536589, delta^k = -0.00000006837005536589
    Local Iteration 293: ||V_upper^k - V_upper^k-1||_inf = 0.00000000000000000000, ||V_lower^k - V_lower^k-1||_inf = 0.00000006563525315125, delta^k = -0.00000006563525315125
    Local Iteration 294: ||V_upper^k - V_upper^k-1||_inf = 0.00000000000000000000, ||V_lower^k - V_lower^k-1||_inf = 0.00000006300984302520, delta^k = -0.00000006300984302520
    Local Iteration 295: ||V_upper^k - V_upper^k-1||_inf = 0.00000000000000000000, ||V_lower^k - V_lower^k-1||_inf = 0.00000006048944930419, delta^k = -0.00000006048944930419
    Local Iteration 296: ||V_upper^k - V_upper^k-1||_inf = 0.00000000000000000000, ||V_lower^k - V_lower^k-1||_inf = 0.00000005806987133203, delta^k = -0.00000005806987133203
    Local Iteration 297: ||V_upper^k - V_upper^k-1||_inf = 0.00000000000000000000, ||V_lower^k - V_lower^k-1||_inf = 0.00000005574707647874, delta^k = -0.00000005574707647874
    Local Iteration 298: ||V_upper^k - V_upper^k-1||_inf = 0.00000000000000000000, ||V_lower^k - V_lower^k-1||_inf = 0.00000005351719341959, delta^k = -0.00000005351719341959
    Local Iteration 299: ||V_upper^k - V_upper^k-1||_inf = 0.00000000000000000000, ||V_lower^k - V_lower^k-1||_inf = 0.00000005137650568281, delta^k = -0.00000005137650568281
    Local Iteration 300: ||V_upper^k - V_upper^k-1||_inf = 0.00000000000000000000, ||V_lower^k - V_lower^k-1||_inf = 0.00000004932144545550, delta^k = -0.00000004932144545550
    Local Iteration 301: ||V_upper^k - V_upper^k-1||_inf = 0.00000000000000000000, ||V_lower^k - V_lower^k-1||_inf = 0.00000004734858763728, delta^k = -0.00000004734858763728
    Local Iteration 302: ||V_upper^k - V_upper^k-1||_inf = 0.00000000000000000000, ||V_lower^k - V_lower^k-1||_inf = 0.00000004545464413179, delta^k = -0.00000004545464413179
    Local Iteration 303: ||V_upper^k - V_upper^k-1||_inf = 0.00000000000000000000, ||V_lower^k - V_lower^k-1||_inf = 0.00000004363645836652, delta^k = -0.00000004363645836652
    Local Iteration 304: ||V_upper^k - V_upper^k-1||_inf = 0.00000000000000000000, ||V_lower^k - V_lower^k-1||_inf = 0.00000004189100003186, delta^k = -0.00000004189100003186
    Local Iteration 305: ||V_upper^k - V_upper^k-1||_inf = 0.00000000000000000000, ||V_lower^k - V_lower^k-1||_inf = 0.00000004021536003058, delta^k = -0.00000004021536003058
    Local Iteration 306: ||V_upper^k - V_upper^k-1||_inf = 0.00000000000000000000, ||V_lower^k - V_lower^k-1||_inf = 0.00000003860674562936, delta^k = -0.00000003860674562936
    Local Iteration 307: ||V_upper^k - V_upper^k-1||_inf = 0.00000000000000000000, ||V_lower^k - V_lower^k-1||_inf = 0.00000003706247580418, delta^k = -0.00000003706247580418
    Local Iteration 308: ||V_upper^k - V_upper^k-1||_inf = 0.00000000000000000000, ||V_lower^k - V_lower^k-1||_inf = 0.00000003557997677202, delta^k = -0.00000003557997677202
    Local Iteration 309: ||V_upper^k - V_upper^k-1||_inf = 0.00000000000000000000, ||V_lower^k - V_lower^k-1||_inf = 0.00000003415677770114, delta^k = -0.00000003415677770114
    Local Iteration 310: ||V_upper^k - V_upper^k-1||_inf = 0.00000000000000000000, ||V_lower^k - V_lower^k-1||_inf = 0.00000003279050659309, delta^k = -0.00000003279050659309
    Local Iteration 311: ||V_upper^k - V_upper^k-1||_inf = 0.00000000000000000000, ||V_lower^k - V_lower^k-1||_inf = 0.00000003147888632937, delta^k = -0.00000003147888632937
    Local Iteration 312: ||V_upper^k - V_upper^k-1||_inf = 0.00000000000000000000, ||V_lower^k - V_lower^k-1||_inf = 0.00000003021973087619, delta^k = -0.00000003021973087619
    Local Iteration 313: ||V_upper^k - V_upper^k-1||_inf = 0.00000000000000000000, ||V_lower^k - V_lower^k-1||_inf = 0.00000002901094164114, delta^k = -0.00000002901094164114
    Local Iteration 314: ||V_upper^k - V_upper^k-1||_inf = 0.00000000000000000000, ||V_lower^k - V_lower^k-1||_inf = 0.00000002785050397550, delta^k = -0.00000002785050397550
    Local Iteration 315: ||V_upper^k - V_upper^k-1||_inf = 0.00000000000000000000, ||V_lower^k - V_lower^k-1||_inf = 0.00000002673648381648, delta^k = -0.00000002673648381648
    Local Iteration 316: ||V_upper^k - V_upper^k-1||_inf = 0.00000000000000000000, ||V_lower^k - V_lower^k-1||_inf = 0.00000002566702446382, delta^k = -0.00000002566702446382
    Local Iteration 317: ||V_upper^k - V_upper^k-1||_inf = 0.00000000000000000000, ||V_lower^k - V_lower^k-1||_inf = 0.00000002464034348527, delta^k = -0.00000002464034348527
    Local Iteration 318: ||V_upper^k - V_upper^k-1||_inf = 0.00000000000000000000, ||V_lower^k - V_lower^k-1||_inf = 0.00000002365472974586, delta^k = -0.00000002365472974586
    Local Iteration 319: ||V_upper^k - V_upper^k-1||_inf = 0.00000000000000000000, ||V_lower^k - V_lower^k-1||_inf = 0.00000002270854055602, delta^k = -0.00000002270854055602
    Local Iteration 320: ||V_upper^k - V_upper^k-1||_inf = 0.00000000000000000000, ||V_lower^k - V_lower^k-1||_inf = 0.00000002180019893378, delta^k = -0.00000002180019893378
    Local Iteration 321: ||V_upper^k - V_upper^k-1||_inf = 0.00000000000000000000, ||V_lower^k - V_lower^k-1||_inf = 0.00000002092819097643, delta^k = -0.00000002092819097643
    Local Iteration 322: ||V_upper^k - V_upper^k-1||_inf = 0.00000000000000000000, ||V_lower^k - V_lower^k-1||_inf = 0.00000002009106333737, delta^k = -0.00000002009106333737
    Local Iteration 323: ||V_upper^k - V_upper^k-1||_inf = 0.00000000000000000000, ||V_lower^k - V_lower^k-1||_inf = 0.00000001928742080388, delta^k = -0.00000001928742080388
    Local Iteration 324: ||V_upper^k - V_upper^k-1||_inf = 0.00000000000000000000, ||V_lower^k - V_lower^k-1||_inf = 0.00000001851592397172, delta^k = -0.00000001851592397172
    Local Iteration 325: ||V_upper^k - V_upper^k-1||_inf = 0.00000000000000000000, ||V_lower^k - V_lower^k-1||_inf = 0.00000001777528701285, delta^k = -0.00000001777528701285
    Local Iteration 326: ||V_upper^k - V_upper^k-1||_inf = 0.00000000000000000000, ||V_lower^k - V_lower^k-1||_inf = 0.00000001706427553234, delta^k = -0.00000001706427553234
    Local Iteration 327: ||V_upper^k - V_upper^k-1||_inf = 0.00000000000000000000, ||V_lower^k - V_lower^k-1||_inf = 0.00000001638170451105, delta^k = -0.00000001638170451105
    Local Iteration 328: ||V_upper^k - V_upper^k-1||_inf = 0.00000000000000000000, ||V_lower^k - V_lower^k-1||_inf = 0.00000001572643633060, delta^k = -0.00000001572643633060
    Local Iteration 329: ||V_upper^k - V_upper^k-1||_inf = 0.00000000000000000000, ||V_lower^k - V_lower^k-1||_inf = 0.00000001509737887738, delta^k = -0.00000001509737887738
    Local Iteration 330: ||V_upper^k - V_upper^k-1||_inf = 0.00000000000000000000, ||V_lower^k - V_lower^k-1||_inf = 0.00000001449348372228, delta^k = -0.00000001449348372228
    Local Iteration 331: ||V_upper^k - V_upper^k-1||_inf = 0.00000000000000000000, ||V_lower^k - V_lower^k-1||_inf = 0.00000001391374437339, delta^k = -0.00000001391374437339
    Local Iteration 332: ||V_upper^k - V_upper^k-1||_inf = 0.00000000000000000000, ||V_lower^k - V_lower^k-1||_inf = 0.00000001335719459846, delta^k = -0.00000001335719459846
    Local Iteration 333: ||V_upper^k - V_upper^k-1||_inf = 0.00000000000000000000, ||V_lower^k - V_lower^k-1||_inf = 0.00000001282290681452, delta^k = -0.00000001282290681452
    Local Iteration 334: ||V_upper^k - V_upper^k-1||_inf = 0.00000000000000000000, ||V_lower^k - V_lower^k-1||_inf = 0.00000001230999054194, delta^k = -0.00000001230999054194
    Local Iteration 335: ||V_upper^k - V_upper^k-1||_inf = 0.00000000000000000000, ||V_lower^k - V_lower^k-1||_inf = 0.00000001181759092026, delta^k = -0.00000001181759092026
    Local Iteration 336: ||V_upper^k - V_upper^k-1||_inf = 0.00000000000000000000, ||V_lower^k - V_lower^k-1||_inf = 0.00000001134488728345, delta^k = -0.00000001134488728345
    Local Iteration 337: ||V_upper^k - V_upper^k-1||_inf = 0.00000000000000000000, ||V_lower^k - V_lower^k-1||_inf = 0.00000001089109179211, delta^k = -0.00000001089109179211
    Local Iteration 338: ||V_upper^k - V_upper^k-1||_inf = 0.00000000000000000000, ||V_lower^k - V_lower^k-1||_inf = 0.00000001045544812043, delta^k = -0.00000001045544812043
    Local Iteration 339: ||V_upper^k - V_upper^k-1||_inf = 0.00000000000000000000, ||V_lower^k - V_lower^k-1||_inf = 0.00000001003723019561, delta^k = -0.00000001003723019561
    Local Iteration 340: ||V_upper^k - V_upper^k-1||_inf = 0.00000000000000000000, ||V_lower^k - V_lower^k-1||_inf = 0.00000000963574098779, delta^k = -0.00000000963574098779

============================================================
 CONSERVATIVE STOPPING CONDITION MET (Algorithm 3)
============================================================
  delta^k = -9.6357409878e-09 >= -delta_max
  ||V_upper^k - V_upper^k-1||_inf = 0.0000000000e+00 < 1e-08
  eps_cons = (0.96 * 9.6357409878e-09) / 0.04 = 2.3125778371e-07
  Correcting V_lower for 2202204 cells: V_lower <- V_lower - eps_cons - eps_machine
   Conservative correction applied successfully
  Machine epsilon eps_machine = 2.220e-16
    584502 cells experienced near-cancellation
    Local VI completed in 340 iterations
    Final convergence values:
      ||V_upper^final - V_upper^prev||_inf = 0.00000000e+00
      ||V_lower^final - V_lower^prev||_inf = 9.63574099e-09
  Local VI completed in 340 iterations, time: 16.468s
    Final ||V_upper^k - V_upper^k-1||_inf = 0.00000000000000000000e+00
    Final ||V_lower^k - V_lower^k-1||_inf = 9.63574098778637506210e-09
  Saved visualization: /Users/i.k.tabbara/Documents/python directory/HSCC_2027/refactored_Implementations/results_hscc_2027_newbellmans_12workers/ra_discount/evasion_res30_eps0.05_dmin1e-08_dmax1e-08_gamma0.96_dt0.3_tau0.3_cons/value_function_phase_7_complete.png
  Phase 7 completed in 17.68s with 2202204 leaf cells

Classification after phase 7:
  Safe:           346446 cells ( 15.7%),   22.5% of state space
  Unsafe:         155806 cells (  7.1%),   28.4% of state space
  Unclassified:  1699952 cells ( 77.2%),   49.2% of state space

======================================================================
REFINEMENT PHASE 8
======================================================================
Boundary cells: 1699952
  Refinable (>eta_min=0.017678): 1699952
  Below threshold: 0
  Cumulative refined: 2175204
  Refinable cell size statistics:
    Max:    0.050000
    Mean:   0.050000
    Min:    0.050000
    Median: 0.050000
  Refining 1699952 cells...
    Refined: 1699952 parent cells
    Created: 3399904 child cells
    Total cells: 3902156
    Refinement time: 0.184s
    Cumulative refined: 3875156
  Rebuilding spatial index...
  Building spatial index for 3902156 cells...
   Spatial index built in 0.95s
    Spatial index rebuilt in 0.948s
  Initializing 3399904 new cells...
  Initializing 3399904 new cells in parallel...
   Initialized in 0.01s (424766749.6 cells/s)
    Initialization completed in 0.008s
  Starting local value iteration...
  Reinitializing ALL 3902156 cells (V = l)
   Reinitialized 3902156 cells in 0.01s (404164321.1 cells/s)
  Local VI: updating all 3902156 cells
    Conservative mode: True
    delta_max: 1e-08
    Max iterations: 1000033
    Updating successor cache for 3399904 updated cells...
    Updating successor cache for 3399904 new cells (HYBRID)...
      Affected cells: 3619902
   Trajectories + spatial queries computed in 7.85s (2304511.4 tasks/s)
    Breakdown: 51.3% ODE, 48.7% queries
     Cache updated in 8.51s (2126047.8 tasks/s)
    Local Iteration   1: ||V_upper^k - V_upper^k-1||_inf = 4.22035565114441180157, ||V_lower^k - V_lower^k-1||_inf = 4.14077810878124097371, delta^k = -4.14077810878124097371
    Local Iteration   2: ||V_upper^k - V_upper^k-1||_inf = 4.03773893565113883852, ||V_lower^k - V_lower^k-1||_inf = 3.89029436114574078687, delta^k = -3.89029436114574078687
    Local Iteration   3: ||V_upper^k - V_upper^k-1||_inf = 3.87622937822509339156, ||V_lower^k - V_lower^k-1||_inf = 3.57850993153496421684, delta^k = -3.57850993153496421684
    Local Iteration   4: ||V_upper^k - V_upper^k-1||_inf = 3.72118020309608921181, ||V_lower^k - V_lower^k-1||_inf = 3.31948697951933668904, delta^k = -3.31948697951933668904
    Local Iteration   5: ||V_upper^k - V_upper^k-1||_inf = 3.57233299497224576768, ||V_lower^k - V_lower^k-1||_inf = 3.06659475135953263347, delta^k = -3.06659475135953263347
    Local Iteration   6: ||V_upper^k - V_upper^k-1||_inf = 3.42943967517335579487, ||V_lower^k - V_lower^k-1||_inf = 2.85937109795686961178, delta^k = -2.85937109795686961178
    Local Iteration   7: ||V_upper^k - V_upper^k-1||_inf = 3.29226208816642174071, ||V_lower^k - V_lower^k-1||_inf = 2.65194960770671173123, delta^k = -2.65194960770671173123
    Local Iteration   8: ||V_upper^k - V_upper^k-1||_inf = 3.16057160463976494214, ||V_lower^k - V_lower^k-1||_inf = 2.50693187520382654299, delta^k = -2.50693187520382654299
    Local Iteration   9: ||V_upper^k - V_upper^k-1||_inf = 3.03414874045417448656, ||V_lower^k - V_lower^k-1||_inf = 2.36506881028275195433, delta^k = -2.36506881028275195433
    Local Iteration  10: ||V_upper^k - V_upper^k-1||_inf = 2.91278279083600732946, ||V_lower^k - V_lower^k-1||_inf = 2.25271758052366166680, delta^k = -2.25271758052366166680
    Local Iteration  11: ||V_upper^k - V_upper^k-1||_inf = 2.79627147920256646785, ||V_lower^k - V_lower^k-1||_inf = 2.14895836854741695277, delta^k = -2.14895836854741695277
    Local Iteration  12: ||V_upper^k - V_upper^k-1||_inf = 2.68442062003446402230, ||V_lower^k - V_lower^k-1||_inf = 2.05333006229604864146, delta^k = -2.05333006229604864146
    Local Iteration  13: ||V_upper^k - V_upper^k-1||_inf = 2.57704379523308535482, ||V_lower^k - V_lower^k-1||_inf = 1.96222128137907381173, delta^k = -1.96222128137907381173
    Local Iteration  14: ||V_upper^k - V_upper^k-1||_inf = 2.47396204342376169194, ||V_lower^k - V_lower^k-1||_inf = 1.87631604421696751572, delta^k = -1.87631604421696751572
    Local Iteration  15: ||V_upper^k - V_upper^k-1||_inf = 2.37500356168681125979, ||V_lower^k - V_lower^k-1||_inf = 1.78157563273095242984, delta^k = -1.78157563273095242984
    Local Iteration  16: ||V_upper^k - V_upper^k-1||_inf = 2.28000341921933857847, ||V_lower^k - V_lower^k-1||_inf = 1.68342474845260925420, delta^k = -1.68342474845260925420
    Local Iteration  17: ||V_upper^k - V_upper^k-1||_inf = 2.18880328245056521297, ||V_lower^k - V_lower^k-1||_inf = 1.57106725005541925100, delta^k = -1.57106725005541925100
    Local Iteration  18: ||V_upper^k - V_upper^k-1||_inf = 2.10125115115254246234, ||V_lower^k - V_lower^k-1||_inf = 1.39946772632582794316, delta^k = -1.39946772632582794316
    Local Iteration  19: ||V_upper^k - V_upper^k-1||_inf = 2.01640079801076677057, ||V_lower^k - V_lower^k-1||_inf = 1.29087775221278633353, delta^k = -1.29087775221278633353
    Local Iteration  20: ||V_upper^k - V_upper^k-1||_inf = 1.93574476609033574448, ||V_lower^k - V_lower^k-1||_inf = 1.23924264212427504006, delta^k = -1.23924264212427504006
    Local Iteration  21: ||V_upper^k - V_upper^k-1||_inf = 1.85831497544672230582, ||V_lower^k - V_lower^k-1||_inf = 1.18967293643930394076, delta^k = -1.18967293643930394076
    Local Iteration  22: ||V_upper^k - V_upper^k-1||_inf = 1.78398237642885337806, ||V_lower^k - V_lower^k-1||_inf = 1.14208601898173167655, delta^k = -1.14208601898173167655
    Local Iteration  23: ||V_upper^k - V_upper^k-1||_inf = 1.71262308137169938504, ||V_lower^k - V_lower^k-1||_inf = 1.09640257822246223185, delta^k = -1.09640257822246223185
    Local Iteration  24: ||V_upper^k - V_upper^k-1||_inf = 1.64411815811683137412, ||V_lower^k - V_lower^k-1||_inf = 1.05254647509356380475, delta^k = -1.05254647509356380475
    Local Iteration  25: ||V_upper^k - V_upper^k-1||_inf = 1.57304914080255109354, ||V_lower^k - V_lower^k-1||_inf = 1.01044461608982127920, delta^k = -1.01044461608982127920
    Local Iteration  26: ||V_upper^k - V_upper^k-1||_inf = 1.51012717517044903204, ||V_lower^k - V_lower^k-1||_inf = 0.93990695309521998801, delta^k = -0.93990695309521998801
    Local Iteration  27: ||V_upper^k - V_upper^k-1||_inf = 1.44972208816363101747, ||V_lower^k - V_lower^k-1||_inf = 0.63567339843193804150, delta^k = -0.63567339843193804150
    Local Iteration  28: ||V_upper^k - V_upper^k-1||_inf = 1.39173320463708583006, ||V_lower^k - V_lower^k-1||_inf = 0.61024646249466052428, delta^k = -0.61024646249466052428
    Local Iteration  29: ||V_upper^k - V_upper^k-1||_inf = 1.33606387645160218369, ||V_lower^k - V_lower^k-1||_inf = 0.58583660399487413883, delta^k = -0.58583660399487413883
    Local Iteration  30: ||V_upper^k - V_upper^k-1||_inf = 1.28262132139353801641, ||V_lower^k - V_lower^k-1||_inf = 0.55477924011012036409, delta^k = -0.55477924011012036409
    Local Iteration  31: ||V_upper^k - V_upper^k-1||_inf = 1.23131646853779663786, ||V_lower^k - V_lower^k-1||_inf = 0.53258807050571554953, delta^k = -0.53258807050571554953
    Local Iteration  32: ||V_upper^k - V_upper^k-1||_inf = 1.18206380979628455918, ||V_lower^k - V_lower^k-1||_inf = 0.51128454768548692311, delta^k = -0.51128454768548692311
    Local Iteration  33: ||V_upper^k - V_upper^k-1||_inf = 1.13478125740443314129, ||V_lower^k - V_lower^k-1||_inf = 0.45474224672269458747, delta^k = -0.45474224672269458747
    Local Iteration  34: ||V_upper^k - V_upper^k-1||_inf = 1.08939000710825584228, ||V_lower^k - V_lower^k-1||_inf = 0.43539325494120406645, delta^k = -0.43539325494120406645
    Local Iteration  35: ||V_upper^k - V_upper^k-1||_inf = 1.04581440682392567965, ||V_lower^k - V_lower^k-1||_inf = 0.41066610018369942292, delta^k = -0.41066610018369942292
    Local Iteration  36: ||V_upper^k - V_upper^k-1||_inf = 1.00398183055096867911, ||V_lower^k - V_lower^k-1||_inf = 0.37696940643170151475, delta^k = -0.37696940643170151475
    Local Iteration  37: ||V_upper^k - V_upper^k-1||_inf = 0.96382255732892985201, ||V_lower^k - V_lower^k-1||_inf = 0.35362626309777805966, delta^k = -0.35362626309777805966
    Local Iteration  38: ||V_upper^k - V_upper^k-1||_inf = 0.92526965503577252026, ||V_lower^k - V_lower^k-1||_inf = 0.32152072462174197121, delta^k = -0.32152072462174197121
    Local Iteration  39: ||V_upper^k - V_upper^k-1||_inf = 0.88825886883434157504, ||V_lower^k - V_lower^k-1||_inf = 0.29314674781293825756, delta^k = -0.29314674781293825756
    Local Iteration  40: ||V_upper^k - V_upper^k-1||_inf = 0.85272851408096794756, ||V_lower^k - V_lower^k-1||_inf = 0.27330556694347207802, delta^k = -0.27330556694347207802
    Local Iteration  41: ||V_upper^k - V_upper^k-1||_inf = 0.81861937351772917637, ||V_lower^k - V_lower^k-1||_inf = 0.25321132004844665309, delta^k = -0.25321132004844665309
    Local Iteration  42: ||V_upper^k - V_upper^k-1||_inf = 0.78587459857701991162, ||V_lower^k - V_lower^k-1||_inf = 0.23289420402899047025, delta^k = -0.23289420402899047025
    Local Iteration  43: ||V_upper^k - V_upper^k-1||_inf = 0.75443961463393915956, ||V_lower^k - V_lower^k-1||_inf = 0.21830878954900839739, delta^k = -0.21830878954900839739
    Local Iteration  44: ||V_upper^k - V_upper^k-1||_inf = 0.02248046409192772099, ||V_lower^k - V_lower^k-1||_inf = 0.20257601166774791279, delta^k = -0.20257601166774791279
    Local Iteration  45: ||V_upper^k - V_upper^k-1||_inf = 0.02158124552825058107, ||V_lower^k - V_lower^k-1||_inf = 0.18641688017406726763, delta^k = -0.18641688017406726763
    Local Iteration  46: ||V_upper^k - V_upper^k-1||_inf = 0.02071799570712057337, ||V_lower^k - V_lower^k-1||_inf = 0.16552714473392898809, delta^k = -0.16552714473392898809
    Local Iteration  47: ||V_upper^k - V_upper^k-1||_inf = 0.01988927587883576598, ||V_lower^k - V_lower^k-1||_inf = 0.14460981891994745263, delta^k = -0.14460981891994745263
    Local Iteration  48: ||V_upper^k - V_upper^k-1||_inf = 0.01909370484368233534, ||V_lower^k - V_lower^k-1||_inf = 0.13545271747563497611, delta^k = -0.13545271747563497611
    Local Iteration  49: ||V_upper^k - V_upper^k-1||_inf = 0.01832995664993503082, ||V_lower^k - V_lower^k-1||_inf = 0.12151930479690437048, delta^k = -0.12151930479690437048
    Local Iteration  50: ||V_upper^k - V_upper^k-1||_inf = 0.01759675838393764957, ||V_lower^k - V_lower^k-1||_inf = 0.10713346113289337613, delta^k = -0.10713346113289337613
    Local Iteration  51: ||V_upper^k - V_upper^k-1||_inf = 0.01689288804858013471, ||V_lower^k - V_lower^k-1||_inf = 0.10284812268757764775, delta^k = -0.10284812268757764775
    Local Iteration  52: ||V_upper^k - V_upper^k-1||_inf = 0.01621717252663690267, ||V_lower^k - V_lower^k-1||_inf = 0.09857375025028865256, delta^k = -0.09857375025028865256
    Local Iteration  53: ||V_upper^k - V_upper^k-1||_inf = 0.01556848562557144877, ||V_lower^k - V_lower^k-1||_inf = 0.08834378293302296015, delta^k = -0.08834378293302296015
    Local Iteration  54: ||V_upper^k - V_upper^k-1||_inf = 0.01494574620054855973, ||V_lower^k - V_lower^k-1||_inf = 0.07743886375523592602, delta^k = -0.07743886375523592602
    Local Iteration  55: ||V_upper^k - V_upper^k-1||_inf = 0.01434791635252663511, ||V_lower^k - V_lower^k-1||_inf = 0.07434130920502649009, delta^k = -0.07434130920502649009
    Local Iteration  56: ||V_upper^k - V_upper^k-1||_inf = 0.01377399969842557637, ||V_lower^k - V_lower^k-1||_inf = 0.04624712569362244424, delta^k = -0.04624712569362244424
    Local Iteration  57: ||V_upper^k - V_upper^k-1||_inf = 0.01322303971048854887, ||V_lower^k - V_lower^k-1||_inf = 0.04439724066587754508, delta^k = -0.04439724066587754508
    Local Iteration  58: ||V_upper^k - V_upper^k-1||_inf = 0.01269411812206899803, ||V_lower^k - V_lower^k-1||_inf = 0.03766927111481384316, delta^k = -0.03766927111481384316
    Local Iteration  59: ||V_upper^k - V_upper^k-1||_inf = 0.01218635339718626698, ||V_lower^k - V_lower^k-1||_inf = 0.03295327614229155017, delta^k = -0.03295327614229155017
    Local Iteration  60: ||V_upper^k - V_upper^k-1||_inf = 0.01169889926129880076, ||V_lower^k - V_lower^k-1||_inf = 0.03030513667729323180, delta^k = -0.03030513667729323180
    Local Iteration  61: ||V_upper^k - V_upper^k-1||_inf = 0.01123094329084683984, ||V_lower^k - V_lower^k-1||_inf = 0.02909293121020149753, delta^k = -0.02909293121020149753
    Local Iteration  62: ||V_upper^k - V_upper^k-1||_inf = 0.01078170555921298401, ||V_lower^k - V_lower^k-1||_inf = 0.02792921396179343790, delta^k = -0.02792921396179343790
    Local Iteration  63: ||V_upper^k - V_upper^k-1||_inf = 0.01035043733684445910, ||V_lower^k - V_lower^k-1||_inf = 0.02411055715638605462, delta^k = -0.02411055715638605462
    Local Iteration  64: ||V_upper^k - V_upper^k-1||_inf = 0.00993641984337068074, ||V_lower^k - V_lower^k-1||_inf = 0.02294275040337271504, delta^k = -0.02294275040337271504
    Local Iteration  65: ||V_upper^k - V_upper^k-1||_inf = 0.00953896304963583463, ||V_lower^k - V_lower^k-1||_inf = 0.02202504038723780005, delta^k = -0.02202504038723780005
    Local Iteration  66: ||V_upper^k - V_upper^k-1||_inf = 0.00915740452765040347, ||V_lower^k - V_lower^k-1||_inf = 0.02114403877174829069, delta^k = -0.02114403877174829069
    Local Iteration  67: ||V_upper^k - V_upper^k-1||_inf = 0.00879110834654439621, ||V_lower^k - V_lower^k-1||_inf = 0.02029827722087836073, delta^k = -0.02029827722087836073
    Local Iteration  68: ||V_upper^k - V_upper^k-1||_inf = 0.00843946401268261259, ||V_lower^k - V_lower^k-1||_inf = 0.01948634613204322519, delta^k = -0.01948634613204322519
    Local Iteration  69: ||V_upper^k - V_upper^k-1||_inf = 0.00810188545217532807, ||V_lower^k - V_lower^k-1||_inf = 0.01870689228676149576, delta^k = -0.01870689228676149576
    Local Iteration  70: ||V_upper^k - V_upper^k-1||_inf = 0.00777781003408831162, ||V_lower^k - V_lower^k-1||_inf = 0.01795861659529103538, delta^k = -0.01795861659529103538
    Local Iteration  71: ||V_upper^k - V_upper^k-1||_inf = 0.00746669763272478360, ||V_lower^k - V_lower^k-1||_inf = 0.01724027193147939507, delta^k = -0.01724027193147939507
    Local Iteration  72: ||V_upper^k - V_upper^k-1||_inf = 0.00716802972741578670, ||V_lower^k - V_lower^k-1||_inf = 0.01625598185190164566, delta^k = -0.01625598185190164566
    Local Iteration  73: ||V_upper^k - V_upper^k-1||_inf = 0.00688130853831914191, ||V_lower^k - V_lower^k-1||_inf = 0.01488737083701278940, delta^k = -0.01488737083701278940
    Local Iteration  74: ||V_upper^k - V_upper^k-1||_inf = 0.00660605619678639178, ||V_lower^k - V_lower^k-1||_inf = 0.01429187600353227713, delta^k = -0.01429187600353227713
    Local Iteration  75: ||V_upper^k - V_upper^k-1||_inf = 0.00634181394891492056, ||V_lower^k - V_lower^k-1||_inf = 0.01372020096339098688, delta^k = -0.01372020096339098688
    Local Iteration  76: ||V_upper^k - V_upper^k-1||_inf = 0.00608814139095834039, ||V_lower^k - V_lower^k-1||_inf = 0.01317139292485533866, delta^k = -0.01317139292485533866
    Local Iteration  77: ||V_upper^k - V_upper^k-1||_inf = 0.00584461573531999679, ||V_lower^k - V_lower^k-1||_inf = 0.01051001670496705745, delta^k = -0.01051001670496705745
    Local Iteration  78: ||V_upper^k - V_upper^k-1||_inf = 0.00561083110590718248, ||V_lower^k - V_lower^k-1||_inf = 0.00814634111669304550, delta^k = -0.00814634111669304550
    Local Iteration  79: ||V_upper^k - V_upper^k-1||_inf = 0.00538639786167091628, ||V_lower^k - V_lower^k-1||_inf = 0.00252074025442356429, delta^k = -0.00252074025442356429
    Local Iteration  80: ||V_upper^k - V_upper^k-1||_inf = 0.00517094194720406353, ||V_lower^k - V_lower^k-1||_inf = 0.00039207082560550367, delta^k = -0.00039207082560550367
    Local Iteration  81: ||V_upper^k - V_upper^k-1||_inf = 0.00496410426931591375, ||V_lower^k - V_lower^k-1||_inf = 0.00037638799258128339, delta^k = -0.00037638799258128339
    Local Iteration  82: ||V_upper^k - V_upper^k-1||_inf = 0.00476554009854326943, ||V_lower^k - V_lower^k-1||_inf = 0.00036133247287803254, delta^k = -0.00036133247287803254
    Local Iteration  83: ||V_upper^k - V_upper^k-1||_inf = 0.00457491849460153754, ||V_lower^k - V_lower^k-1||_inf = 0.00034687917396291137, delta^k = -0.00034687917396291137
    Local Iteration  84: ||V_upper^k - V_upper^k-1||_inf = 0.00439192175481747937, ||V_lower^k - V_lower^k-1||_inf = 0.00033300400700439492, delta^k = -0.00033300400700439492
    Local Iteration  85: ||V_upper^k - V_upper^k-1||_inf = 0.00421624488462478408, ||V_lower^k - V_lower^k-1||_inf = 0.00031968384672421881, delta^k = -0.00031968384672421881
    Local Iteration  86: ||V_upper^k - V_upper^k-1||_inf = 0.00404759508923978328, ||V_lower^k - V_lower^k-1||_inf = 0.00030689649285524975, delta^k = -0.00030689649285524975
    Local Iteration  87: ||V_upper^k - V_upper^k-1||_inf = 0.00388569128567019251, ||V_lower^k - V_lower^k-1||_inf = 0.00029462063314104024, delta^k = -0.00029462063314104024
    Local Iteration  88: ||V_upper^k - V_upper^k-1||_inf = 0.00373026363424339147, ||V_lower^k - V_lower^k-1||_inf = 0.00028283580781539829, delta^k = -0.00028283580781539829
    Local Iteration  89: ||V_upper^k - V_upper^k-1||_inf = 0.00221668732755407605, ||V_lower^k - V_lower^k-1||_inf = 0.00027152237550278225, delta^k = -0.00027152237550278225
    Local Iteration  90: ||V_upper^k - V_upper^k-1||_inf = 0.00000000000000000000, ||V_lower^k - V_lower^k-1||_inf = 0.00026066148048267072, delta^k = -0.00026066148048267072
    Local Iteration  91: ||V_upper^k - V_upper^k-1||_inf = 0.00000000000000000000, ||V_lower^k - V_lower^k-1||_inf = 0.00025023502126336403, delta^k = -0.00025023502126336403
    Local Iteration  92: ||V_upper^k - V_upper^k-1||_inf = 0.00000000000000000000, ||V_lower^k - V_lower^k-1||_inf = 0.00024022562041282978, delta^k = -0.00024022562041282978
    Local Iteration  93: ||V_upper^k - V_upper^k-1||_inf = 0.00000000000000000000, ||V_lower^k - V_lower^k-1||_inf = 0.00023061659559631652, delta^k = -0.00023061659559631652
    Local Iteration  94: ||V_upper^k - V_upper^k-1||_inf = 0.00000000000000000000, ||V_lower^k - V_lower^k-1||_inf = 0.00022139193177246348, delta^k = -0.00022139193177246348
    Local Iteration  95: ||V_upper^k - V_upper^k-1||_inf = 0.00000000000000000000, ||V_lower^k - V_lower^k-1||_inf = 0.00021253625450156494, delta^k = -0.00021253625450156494
    Local Iteration  96: ||V_upper^k - V_upper^k-1||_inf = 0.00000000000000000000, ||V_lower^k - V_lower^k-1||_inf = 0.00020403480432150227, delta^k = -0.00020403480432150227
    Local Iteration  97: ||V_upper^k - V_upper^k-1||_inf = 0.00000000000000000000, ||V_lower^k - V_lower^k-1||_inf = 0.00019587341214864253, delta^k = -0.00019587341214864253
    Local Iteration  98: ||V_upper^k - V_upper^k-1||_inf = 0.00000000000000000000, ||V_lower^k - V_lower^k-1||_inf = 0.00018803847566269648, delta^k = -0.00018803847566269648
    Local Iteration  99: ||V_upper^k - V_upper^k-1||_inf = 0.00000000000000000000, ||V_lower^k - V_lower^k-1||_inf = 0.00018051693663618910, delta^k = -0.00018051693663618910
    Local Iteration 100: ||V_upper^k - V_upper^k-1||_inf = 0.00000000000000000000, ||V_lower^k - V_lower^k-1||_inf = 0.00017329625917074116, delta^k = -0.00017329625917074116
    Local Iteration 101: ||V_upper^k - V_upper^k-1||_inf = 0.00000000000000000000, ||V_lower^k - V_lower^k-1||_inf = 0.00016636440880391217, delta^k = -0.00016636440880391217
    Local Iteration 102: ||V_upper^k - V_upper^k-1||_inf = 0.00000000000000000000, ||V_lower^k - V_lower^k-1||_inf = 0.00015970983245175516, delta^k = -0.00015970983245175516
    Local Iteration 103: ||V_upper^k - V_upper^k-1||_inf = 0.00000000000000000000, ||V_lower^k - V_lower^k-1||_inf = 0.00015332143915368487, delta^k = -0.00015332143915368487
    Local Iteration 104: ||V_upper^k - V_upper^k-1||_inf = 0.00000000000000000000, ||V_lower^k - V_lower^k-1||_inf = 0.00014718858158753760, delta^k = -0.00014718858158753760
    Local Iteration 105: ||V_upper^k - V_upper^k-1||_inf = 0.00000000000000000000, ||V_lower^k - V_lower^k-1||_inf = 0.00014130103832403615, delta^k = -0.00014130103832403615
    Local Iteration 106: ||V_upper^k - V_upper^k-1||_inf = 0.00000000000000000000, ||V_lower^k - V_lower^k-1||_inf = 0.00013564899679107453, delta^k = -0.00013564899679107453
    Local Iteration 107: ||V_upper^k - V_upper^k-1||_inf = 0.00000000000000000000, ||V_lower^k - V_lower^k-1||_inf = 0.00013022303691943155, delta^k = -0.00013022303691943155
    Local Iteration 108: ||V_upper^k - V_upper^k-1||_inf = 0.00000000000000000000, ||V_lower^k - V_lower^k-1||_inf = 0.00012501411544265425, delta^k = -0.00012501411544265425
    Local Iteration 109: ||V_upper^k - V_upper^k-1||_inf = 0.00000000000000000000, ||V_lower^k - V_lower^k-1||_inf = 0.00012001355082494813, delta^k = -0.00012001355082494813
    Local Iteration 110: ||V_upper^k - V_upper^k-1||_inf = 0.00000000000000000000, ||V_lower^k - V_lower^k-1||_inf = 0.00011521300879195054, delta^k = -0.00011521300879195054
    Local Iteration 111: ||V_upper^k - V_upper^k-1||_inf = 0.00000000000000000000, ||V_lower^k - V_lower^k-1||_inf = 0.00011060448844027243, delta^k = -0.00011060448844027243
    Local Iteration 112: ||V_upper^k - V_upper^k-1||_inf = 0.00000000000000000000, ||V_lower^k - V_lower^k-1||_inf = 0.00010618030890266125, delta^k = -0.00010618030890266125
    Local Iteration 113: ||V_upper^k - V_upper^k-1||_inf = 0.00000000000000000000, ||V_lower^k - V_lower^k-1||_inf = 0.00010193309654655484, delta^k = -0.00010193309654655484
    Local Iteration 114: ||V_upper^k - V_upper^k-1||_inf = 0.00000000000000000000, ||V_lower^k - V_lower^k-1||_inf = 0.00009785577268469270, delta^k = -0.00009785577268469270
    Local Iteration 115: ||V_upper^k - V_upper^k-1||_inf = 0.00000000000000000000, ||V_lower^k - V_lower^k-1||_inf = 0.00009394154177730504, delta^k = -0.00009394154177730504
    Local Iteration 116: ||V_upper^k - V_upper^k-1||_inf = 0.00000000000000000000, ||V_lower^k - V_lower^k-1||_inf = 0.00009018388010621292, delta^k = -0.00009018388010621292
    Local Iteration 117: ||V_upper^k - V_upper^k-1||_inf = 0.00000000000000000000, ||V_lower^k - V_lower^k-1||_inf = 0.00008657652490196444, delta^k = -0.00008657652490196444
    Local Iteration 118: ||V_upper^k - V_upper^k-1||_inf = 0.00000000000000000000, ||V_lower^k - V_lower^k-1||_inf = 0.00008311346390588560, delta^k = -0.00008311346390588560
    Local Iteration 119: ||V_upper^k - V_upper^k-1||_inf = 0.00000000000000000000, ||V_lower^k - V_lower^k-1||_inf = 0.00007978892534965033, delta^k = -0.00007978892534965033
    Local Iteration 120: ||V_upper^k - V_upper^k-1||_inf = 0.00000000000000000000, ||V_lower^k - V_lower^k-1||_inf = 0.00007659736833566435, delta^k = -0.00007659736833566435
    Local Iteration 121: ||V_upper^k - V_upper^k-1||_inf = 0.00000000000000000000, ||V_lower^k - V_lower^k-1||_inf = 0.00007353347360223770, delta^k = -0.00007353347360223770
    Local Iteration 122: ||V_upper^k - V_upper^k-1||_inf = 0.00000000000000000000, ||V_lower^k - V_lower^k-1||_inf = 0.00007059213465814831, delta^k = -0.00007059213465814831
    Local Iteration 123: ||V_upper^k - V_upper^k-1||_inf = 0.00000000000000000000, ||V_lower^k - V_lower^k-1||_inf = 0.00006776844927182239, delta^k = -0.00006776844927182239
    Local Iteration 124: ||V_upper^k - V_upper^k-1||_inf = 0.00000000000000000000, ||V_lower^k - V_lower^k-1||_inf = 0.00006505771130094944, delta^k = -0.00006505771130094944
    Local Iteration 125: ||V_upper^k - V_upper^k-1||_inf = 0.00000000000000000000, ||V_lower^k - V_lower^k-1||_inf = 0.00006245540284891145, delta^k = -0.00006245540284891145
    Local Iteration 126: ||V_upper^k - V_upper^k-1||_inf = 0.00000000000000000000, ||V_lower^k - V_lower^k-1||_inf = 0.00005995718673495500, delta^k = -0.00005995718673495500
    Local Iteration 127: ||V_upper^k - V_upper^k-1||_inf = 0.00000000000000000000, ||V_lower^k - V_lower^k-1||_inf = 0.00005755889926555664, delta^k = -0.00005755889926555664
    Local Iteration 128: ||V_upper^k - V_upper^k-1||_inf = 0.00000000000000000000, ||V_lower^k - V_lower^k-1||_inf = 0.00005525654329493449, delta^k = -0.00005525654329493449
    Local Iteration 129: ||V_upper^k - V_upper^k-1||_inf = 0.00000000000000000000, ||V_lower^k - V_lower^k-1||_inf = 0.00005304628156313712, delta^k = -0.00005304628156313712
    Local Iteration 130: ||V_upper^k - V_upper^k-1||_inf = 0.00000000000000000000, ||V_lower^k - V_lower^k-1||_inf = 0.00005092443030061170, delta^k = -0.00005092443030061170
    Local Iteration 131: ||V_upper^k - V_upper^k-1||_inf = 0.00000000000000000000, ||V_lower^k - V_lower^k-1||_inf = 0.00004888745308858711, delta^k = -0.00004888745308858711
    Local Iteration 132: ||V_upper^k - V_upper^k-1||_inf = 0.00000000000000000000, ||V_lower^k - V_lower^k-1||_inf = 0.00004693195496504373, delta^k = -0.00004693195496504373
    Local Iteration 133: ||V_upper^k - V_upper^k-1||_inf = 0.00000000000000000000, ||V_lower^k - V_lower^k-1||_inf = 0.00004505467676644182, delta^k = -0.00004505467676644182
    Local Iteration 134: ||V_upper^k - V_upper^k-1||_inf = 0.00000000000000000000, ||V_lower^k - V_lower^k-1||_inf = 0.00004325248969578427, delta^k = -0.00004325248969578427
    Local Iteration 135: ||V_upper^k - V_upper^k-1||_inf = 0.00000000000000000000, ||V_lower^k - V_lower^k-1||_inf = 0.00004152239010795289, delta^k = -0.00004152239010795289
    Local Iteration 136: ||V_upper^k - V_upper^k-1||_inf = 0.00000000000000000000, ||V_lower^k - V_lower^k-1||_inf = 0.00003986149450363474, delta^k = -0.00003986149450363474
    Local Iteration 137: ||V_upper^k - V_upper^k-1||_inf = 0.00000000000000000000, ||V_lower^k - V_lower^k-1||_inf = 0.00003826703472348931, delta^k = -0.00003826703472348931
    Local Iteration 138: ||V_upper^k - V_upper^k-1||_inf = 0.00000000000000000000, ||V_lower^k - V_lower^k-1||_inf = 0.00003673635333454976, delta^k = -0.00003673635333454976
    Local Iteration 139: ||V_upper^k - V_upper^k-1||_inf = 0.00000000000000000000, ||V_lower^k - V_lower^k-1||_inf = 0.00003526689920116779, delta^k = -0.00003526689920116779
    Local Iteration 140: ||V_upper^k - V_upper^k-1||_inf = 0.00000000000000000000, ||V_lower^k - V_lower^k-1||_inf = 0.00003385622323312108, delta^k = -0.00003385622323312108
    Local Iteration 141: ||V_upper^k - V_upper^k-1||_inf = 0.00000000000000000000, ||V_lower^k - V_lower^k-1||_inf = 0.00003250197430379627, delta^k = -0.00003250197430379627
    Local Iteration 142: ||V_upper^k - V_upper^k-1||_inf = 0.00000000000000000000, ||V_lower^k - V_lower^k-1||_inf = 0.00003120189533164434, delta^k = -0.00003120189533164434
    Local Iteration 143: ||V_upper^k - V_upper^k-1||_inf = 0.00000000000000000000, ||V_lower^k - V_lower^k-1||_inf = 0.00002995381951837860, delta^k = -0.00002995381951837860
    Local Iteration 144: ||V_upper^k - V_upper^k-1||_inf = 0.00000000000000000000, ||V_lower^k - V_lower^k-1||_inf = 0.00002875566673764349, delta^k = -0.00002875566673764349
    Local Iteration 145: ||V_upper^k - V_upper^k-1||_inf = 0.00000000000000000000, ||V_lower^k - V_lower^k-1||_inf = 0.00002760544006813774, delta^k = -0.00002760544006813774
    Local Iteration 146: ||V_upper^k - V_upper^k-1||_inf = 0.00000000000000000000, ||V_lower^k - V_lower^k-1||_inf = 0.00002650122246541215, delta^k = -0.00002650122246541215
    Local Iteration 147: ||V_upper^k - V_upper^k-1||_inf = 0.00000000000000000000, ||V_lower^k - V_lower^k-1||_inf = 0.00002544117356679566, delta^k = -0.00002544117356679566
    Local Iteration 148: ||V_upper^k - V_upper^k-1||_inf = 0.00000000000000000000, ||V_lower^k - V_lower^k-1||_inf = 0.00002442352662412385, delta^k = -0.00002442352662412385
    Local Iteration 149: ||V_upper^k - V_upper^k-1||_inf = 0.00000000000000000000, ||V_lower^k - V_lower^k-1||_inf = 0.00002344658555915888, delta^k = -0.00002344658555915888
    Local Iteration 150: ||V_upper^k - V_upper^k-1||_inf = 0.00000000000000000000, ||V_lower^k - V_lower^k-1||_inf = 0.00002250872213679261, delta^k = -0.00002250872213679261
    Local Iteration 151: ||V_upper^k - V_upper^k-1||_inf = 0.00000000000000000000, ||V_lower^k - V_lower^k-1||_inf = 0.00002160837325132091, delta^k = -0.00002160837325132091
    Local Iteration 152: ||V_upper^k - V_upper^k-1||_inf = 0.00000000000000000000, ||V_lower^k - V_lower^k-1||_inf = 0.00002074403832126798, delta^k = -0.00002074403832126798
    Local Iteration 153: ||V_upper^k - V_upper^k-1||_inf = 0.00000000000000000000, ||V_lower^k - V_lower^k-1||_inf = 0.00001991427678841733, delta^k = -0.00001991427678841733
    Local Iteration 154: ||V_upper^k - V_upper^k-1||_inf = 0.00000000000000000000, ||V_lower^k - V_lower^k-1||_inf = 0.00001911770571688063, delta^k = -0.00001911770571688063
    Local Iteration 155: ||V_upper^k - V_upper^k-1||_inf = 0.00000000000000000000, ||V_lower^k - V_lower^k-1||_inf = 0.00001835299748820539, delta^k = -0.00001835299748820539
    Local Iteration 156: ||V_upper^k - V_upper^k-1||_inf = 0.00000000000000000000, ||V_lower^k - V_lower^k-1||_inf = 0.00001761887758867719, delta^k = -0.00001761887758867719
    Local Iteration 157: ||V_upper^k - V_upper^k-1||_inf = 0.00000000000000000000, ||V_lower^k - V_lower^k-1||_inf = 0.00001691412248513009, delta^k = -0.00001691412248513009
    Local Iteration 158: ||V_upper^k - V_upper^k-1||_inf = 0.00000000000000000000, ||V_lower^k - V_lower^k-1||_inf = 0.00001623755758572488, delta^k = -0.00001623755758572488
    Local Iteration 159: ||V_upper^k - V_upper^k-1||_inf = 0.00000000000000000000, ||V_lower^k - V_lower^k-1||_inf = 0.00001558805528229591, delta^k = -0.00001558805528229591
    Local Iteration 160: ||V_upper^k - V_upper^k-1||_inf = 0.00000000000000000000, ||V_lower^k - V_lower^k-1||_inf = 0.00001496453307100407, delta^k = -0.00001496453307100407
    Local Iteration 161: ||V_upper^k - V_upper^k-1||_inf = 0.00000000000000000000, ||V_lower^k - V_lower^k-1||_inf = 0.00001436595174816391, delta^k = -0.00001436595174816391
    Local Iteration 162: ||V_upper^k - V_upper^k-1||_inf = 0.00000000000000000000, ||V_lower^k - V_lower^k-1||_inf = 0.00001379131367823733, delta^k = -0.00001379131367823733
    Local Iteration 163: ||V_upper^k - V_upper^k-1||_inf = 0.00000000000000000000, ||V_lower^k - V_lower^k-1||_inf = 0.00001323966113110783, delta^k = -0.00001323966113110783
    Local Iteration 164: ||V_upper^k - V_upper^k-1||_inf = 0.00000000000000000000, ||V_lower^k - V_lower^k-1||_inf = 0.00001271007468586354, delta^k = -0.00001271007468586354
    Local Iteration 165: ||V_upper^k - V_upper^k-1||_inf = 0.00000000000000000000, ||V_lower^k - V_lower^k-1||_inf = 0.00001220167169842896, delta^k = -0.00001220167169842896
    Local Iteration 166: ||V_upper^k - V_upper^k-1||_inf = 0.00000000000000000000, ||V_lower^k - V_lower^k-1||_inf = 0.00001171360483049184, delta^k = -0.00001171360483049184
    Local Iteration 167: ||V_upper^k - V_upper^k-1||_inf = 0.00000000000000000000, ||V_lower^k - V_lower^k-1||_inf = 0.00001124506063727217, delta^k = -0.00001124506063727217
    Local Iteration 168: ||V_upper^k - V_upper^k-1||_inf = 0.00000000000000000000, ||V_lower^k - V_lower^k-1||_inf = 0.00001079525821178124, delta^k = -0.00001079525821178124
    Local Iteration 169: ||V_upper^k - V_upper^k-1||_inf = 0.00000000000000000000, ||V_lower^k - V_lower^k-1||_inf = 0.00001036344788331002, delta^k = -0.00001036344788331002
    Local Iteration 170: ||V_upper^k - V_upper^k-1||_inf = 0.00000000000000000000, ||V_lower^k - V_lower^k-1||_inf = 0.00000994890996797762, delta^k = -0.00000994890996797762
    Local Iteration 171: ||V_upper^k - V_upper^k-1||_inf = 0.00000000000000000000, ||V_lower^k - V_lower^k-1||_inf = 0.00000955095356925851, delta^k = -0.00000955095356925851
    Local Iteration 172: ||V_upper^k - V_upper^k-1||_inf = 0.00000000000000000000, ||V_lower^k - V_lower^k-1||_inf = 0.00000916891542648816, delta^k = -0.00000916891542648816
    Local Iteration 173: ||V_upper^k - V_upper^k-1||_inf = 0.00000000000000000000, ||V_lower^k - V_lower^k-1||_inf = 0.00000880215880942864, delta^k = -0.00000880215880942864
    Local Iteration 174: ||V_upper^k - V_upper^k-1||_inf = 0.00000000000000000000, ||V_lower^k - V_lower^k-1||_inf = 0.00000845007245705150, delta^k = -0.00000845007245705150
    Local Iteration 175: ||V_upper^k - V_upper^k-1||_inf = 0.00000000000000000000, ||V_lower^k - V_lower^k-1||_inf = 0.00000811206955876942, delta^k = -0.00000811206955876942
    Local Iteration 176: ||V_upper^k - V_upper^k-1||_inf = 0.00000000000000000000, ||V_lower^k - V_lower^k-1||_inf = 0.00000778758677641864, delta^k = -0.00000778758677641864
    Local Iteration 177: ||V_upper^k - V_upper^k-1||_inf = 0.00000000000000000000, ||V_lower^k - V_lower^k-1||_inf = 0.00000747608330536190, delta^k = -0.00000747608330536190
    Local Iteration 178: ||V_upper^k - V_upper^k-1||_inf = 0.00000000000000000000, ||V_lower^k - V_lower^k-1||_inf = 0.00000717703997314743, delta^k = -0.00000717703997314743
    Local Iteration 179: ||V_upper^k - V_upper^k-1||_inf = 0.00000000000000000000, ||V_lower^k - V_lower^k-1||_inf = 0.00000688995837422153, delta^k = -0.00000688995837422153
    Local Iteration 180: ||V_upper^k - V_upper^k-1||_inf = 0.00000000000000000000, ||V_lower^k - V_lower^k-1||_inf = 0.00000661436003925267, delta^k = -0.00000661436003925267
    Local Iteration 181: ||V_upper^k - V_upper^k-1||_inf = 0.00000000000000000000, ||V_lower^k - V_lower^k-1||_inf = 0.00000634978563768257, delta^k = -0.00000634978563768257
    Local Iteration 182: ||V_upper^k - V_upper^k-1||_inf = 0.00000000000000000000, ||V_lower^k - V_lower^k-1||_inf = 0.00000609579421217526, delta^k = -0.00000609579421217526
    Local Iteration 183: ||V_upper^k - V_upper^k-1||_inf = 0.00000000000000000000, ||V_lower^k - V_lower^k-1||_inf = 0.00000585196244368825, delta^k = -0.00000585196244368825
    Local Iteration 184: ||V_upper^k - V_upper^k-1||_inf = 0.00000000000000000000, ||V_lower^k - V_lower^k-1||_inf = 0.00000561788394594072, delta^k = -0.00000561788394594072
    Local Iteration 185: ||V_upper^k - V_upper^k-1||_inf = 0.00000000000000000000, ||V_lower^k - V_lower^k-1||_inf = 0.00000539316858810308, delta^k = -0.00000539316858810308
    Local Iteration 186: ||V_upper^k - V_upper^k-1||_inf = 0.00000000000000000000, ||V_lower^k - V_lower^k-1||_inf = 0.00000517744184457897, delta^k = -0.00000517744184457897
    Local Iteration 187: ||V_upper^k - V_upper^k-1||_inf = 0.00000000000000000000, ||V_lower^k - V_lower^k-1||_inf = 0.00000497034417079581, delta^k = -0.00000497034417079581
    Local Iteration 188: ||V_upper^k - V_upper^k-1||_inf = 0.00000000000000000000, ||V_lower^k - V_lower^k-1||_inf = 0.00000477153040396398, delta^k = -0.00000477153040396398
    Local Iteration 189: ||V_upper^k - V_upper^k-1||_inf = 0.00000000000000000000, ||V_lower^k - V_lower^k-1||_inf = 0.00000458066918780542, delta^k = -0.00000458066918780542
    Local Iteration 190: ||V_upper^k - V_upper^k-1||_inf = 0.00000000000000000000, ||V_lower^k - V_lower^k-1||_inf = 0.00000439744242029320, delta^k = -0.00000439744242029320
    Local Iteration 191: ||V_upper^k - V_upper^k-1||_inf = 0.00000000000000000000, ||V_lower^k - V_lower^k-1||_inf = 0.00000422154472348148, delta^k = -0.00000422154472348148
    Local Iteration 192: ||V_upper^k - V_upper^k-1||_inf = 0.00000000000000000000, ||V_lower^k - V_lower^k-1||_inf = 0.00000405268293454222, delta^k = -0.00000405268293454222
    Local Iteration 193: ||V_upper^k - V_upper^k-1||_inf = 0.00000000000000000000, ||V_lower^k - V_lower^k-1||_inf = 0.00000389057561716052, delta^k = -0.00000389057561716052
    Local Iteration 194: ||V_upper^k - V_upper^k-1||_inf = 0.00000000000000000000, ||V_lower^k - V_lower^k-1||_inf = 0.00000373495259247410, delta^k = -0.00000373495259247410
    Local Iteration 195: ||V_upper^k - V_upper^k-1||_inf = 0.00000000000000000000, ||V_lower^k - V_lower^k-1||_inf = 0.00000358555448877514, delta^k = -0.00000358555448877514
    Local Iteration 196: ||V_upper^k - V_upper^k-1||_inf = 0.00000000000000000000, ||V_lower^k - V_lower^k-1||_inf = 0.00000344213230922414, delta^k = -0.00000344213230922414
    Local Iteration 197: ||V_upper^k - V_upper^k-1||_inf = 0.00000000000000000000, ||V_lower^k - V_lower^k-1||_inf = 0.00000330444701685517, delta^k = -0.00000330444701685517
    Local Iteration 198: ||V_upper^k - V_upper^k-1||_inf = 0.00000000000000000000, ||V_lower^k - V_lower^k-1||_inf = 0.00000317226913618095, delta^k = -0.00000317226913618095
    Local Iteration 199: ||V_upper^k - V_upper^k-1||_inf = 0.00000000000000000000, ||V_lower^k - V_lower^k-1||_inf = 0.00000304537837073372, delta^k = -0.00000304537837073372
    Local Iteration 200: ||V_upper^k - V_upper^k-1||_inf = 0.00000000000000000000, ||V_lower^k - V_lower^k-1||_inf = 0.00000292356323590438, delta^k = -0.00000292356323590438
    Local Iteration 201: ||V_upper^k - V_upper^k-1||_inf = 0.00000000000000000000, ||V_lower^k - V_lower^k-1||_inf = 0.00000280662070646820, delta^k = -0.00000280662070646820
    Local Iteration 202: ||V_upper^k - V_upper^k-1||_inf = 0.00000000000000000000, ||V_lower^k - V_lower^k-1||_inf = 0.00000269435587820947, delta^k = -0.00000269435587820947
    Local Iteration 203: ||V_upper^k - V_upper^k-1||_inf = 0.00000000000000000000, ||V_lower^k - V_lower^k-1||_inf = 0.00000258658164308109, delta^k = -0.00000258658164308109
    Local Iteration 204: ||V_upper^k - V_upper^k-1||_inf = 0.00000000000000000000, ||V_lower^k - V_lower^k-1||_inf = 0.00000248311837735785, delta^k = -0.00000248311837735785
    Local Iteration 205: ||V_upper^k - V_upper^k-1||_inf = 0.00000000000000000000, ||V_lower^k - V_lower^k-1||_inf = 0.00000238379364226354, delta^k = -0.00000238379364226354
    Local Iteration 206: ||V_upper^k - V_upper^k-1||_inf = 0.00000000000000000000, ||V_lower^k - V_lower^k-1||_inf = 0.00000228844189657299, delta^k = -0.00000228844189657299
    Local Iteration 207: ||V_upper^k - V_upper^k-1||_inf = 0.00000000000000000000, ||V_lower^k - V_lower^k-1||_inf = 0.00000219690422071007, delta^k = -0.00000219690422071007
    Local Iteration 208: ||V_upper^k - V_upper^k-1||_inf = 0.00000000000000000000, ||V_lower^k - V_lower^k-1||_inf = 0.00000210902805188167, delta^k = -0.00000210902805188167
    Local Iteration 209: ||V_upper^k - V_upper^k-1||_inf = 0.00000000000000000000, ||V_lower^k - V_lower^k-1||_inf = 0.00000202466692980640, delta^k = -0.00000202466692980640
    Local Iteration 210: ||V_upper^k - V_upper^k-1||_inf = 0.00000000000000000000, ||V_lower^k - V_lower^k-1||_inf = 0.00000194368025261414, delta^k = -0.00000194368025261414
    Local Iteration 211: ||V_upper^k - V_upper^k-1||_inf = 0.00000000000000000000, ||V_lower^k - V_lower^k-1||_inf = 0.00000186593304250958, delta^k = -0.00000186593304250958
    Local Iteration 212: ||V_upper^k - V_upper^k-1||_inf = 0.00000000000000000000, ||V_lower^k - V_lower^k-1||_inf = 0.00000179129572080920, delta^k = -0.00000179129572080920
    Local Iteration 213: ||V_upper^k - V_upper^k-1||_inf = 0.00000000000000000000, ||V_lower^k - V_lower^k-1||_inf = 0.00000171964389197683, delta^k = -0.00000171964389197683
    Local Iteration 214: ||V_upper^k - V_upper^k-1||_inf = 0.00000000000000000000, ||V_lower^k - V_lower^k-1||_inf = 0.00000165085813629776, delta^k = -0.00000165085813629776
    Local Iteration 215: ||V_upper^k - V_upper^k-1||_inf = 0.00000000000000000000, ||V_lower^k - V_lower^k-1||_inf = 0.00000158482381084584, delta^k = -0.00000158482381084584
    Local Iteration 216: ||V_upper^k - V_upper^k-1||_inf = 0.00000000000000000000, ||V_lower^k - V_lower^k-1||_inf = 0.00000152143085841201, delta^k = -0.00000152143085841201
    Local Iteration 217: ||V_upper^k - V_upper^k-1||_inf = 0.00000000000000000000, ||V_lower^k - V_lower^k-1||_inf = 0.00000146057362407553, delta^k = -0.00000146057362407553
    Local Iteration 218: ||V_upper^k - V_upper^k-1||_inf = 0.00000000000000000000, ||V_lower^k - V_lower^k-1||_inf = 0.00000140215067911251, delta^k = -0.00000140215067911251
    Local Iteration 219: ||V_upper^k - V_upper^k-1||_inf = 0.00000000000000000000, ||V_lower^k - V_lower^k-1||_inf = 0.00000134606465194801, delta^k = -0.00000134606465194801
    Local Iteration 220: ||V_upper^k - V_upper^k-1||_inf = 0.00000000000000000000, ||V_lower^k - V_lower^k-1||_inf = 0.00000129222206587009, delta^k = -0.00000129222206587009
    Local Iteration 221: ||V_upper^k - V_upper^k-1||_inf = 0.00000000000000000000, ||V_lower^k - V_lower^k-1||_inf = 0.00000124053318323529, delta^k = -0.00000124053318323529
    Local Iteration 222: ||V_upper^k - V_upper^k-1||_inf = 0.00000000000000000000, ||V_lower^k - V_lower^k-1||_inf = 0.00000119091185590587, delta^k = -0.00000119091185590587
    Local Iteration 223: ||V_upper^k - V_upper^k-1||_inf = 0.00000000000000000000, ||V_lower^k - V_lower^k-1||_inf = 0.00000114327538166964, delta^k = -0.00000114327538166964
    Local Iteration 224: ||V_upper^k - V_upper^k-1||_inf = 0.00000000000000000000, ||V_lower^k - V_lower^k-1||_inf = 0.00000109754436640286, delta^k = -0.00000109754436640286
    Local Iteration 225: ||V_upper^k - V_upper^k-1||_inf = 0.00000000000000000000, ||V_lower^k - V_lower^k-1||_inf = 0.00000105364259174674, delta^k = -0.00000105364259174674
    Local Iteration 226: ||V_upper^k - V_upper^k-1||_inf = 0.00000000000000000000, ||V_lower^k - V_lower^k-1||_inf = 0.00000101149688807687, delta^k = -0.00000101149688807687
    Local Iteration 227: ||V_upper^k - V_upper^k-1||_inf = 0.00000000000000000000, ||V_lower^k - V_lower^k-1||_inf = 0.00000097103701255380, delta^k = -0.00000097103701255380
    Local Iteration 228: ||V_upper^k - V_upper^k-1||_inf = 0.00000000000000000000, ||V_lower^k - V_lower^k-1||_inf = 0.00000093219553205164, delta^k = -0.00000093219553205164
    Local Iteration 229: ||V_upper^k - V_upper^k-1||_inf = 0.00000000000000000000, ||V_lower^k - V_lower^k-1||_inf = 0.00000089490771076958, delta^k = -0.00000089490771076958
    Local Iteration 230: ||V_upper^k - V_upper^k-1||_inf = 0.00000000000000000000, ||V_lower^k - V_lower^k-1||_inf = 0.00000085911140233879, delta^k = -0.00000085911140233879
    Local Iteration 231: ||V_upper^k - V_upper^k-1||_inf = 0.00000000000000000000, ||V_lower^k - V_lower^k-1||_inf = 0.00000082474694624524, delta^k = -0.00000082474694624524
    Local Iteration 232: ||V_upper^k - V_upper^k-1||_inf = 0.00000000000000000000, ||V_lower^k - V_lower^k-1||_inf = 0.00000079175706839543, delta^k = -0.00000079175706839543
    Local Iteration 233: ||V_upper^k - V_upper^k-1||_inf = 0.00000000000000000000, ||V_lower^k - V_lower^k-1||_inf = 0.00000076008678565961, delta^k = -0.00000076008678565961
    Local Iteration 234: ||V_upper^k - V_upper^k-1||_inf = 0.00000000000000000000, ||V_lower^k - V_lower^k-1||_inf = 0.00000072968331423323, delta^k = -0.00000072968331423323
    Local Iteration 235: ||V_upper^k - V_upper^k-1||_inf = 0.00000000000000000000, ||V_lower^k - V_lower^k-1||_inf = 0.00000070049598166390, delta^k = -0.00000070049598166390
    Local Iteration 236: ||V_upper^k - V_upper^k-1||_inf = 0.00000000000000000000, ||V_lower^k - V_lower^k-1||_inf = 0.00000067247614239735, delta^k = -0.00000067247614239735
    Local Iteration 237: ||V_upper^k - V_upper^k-1||_inf = 0.00000000000000000000, ||V_lower^k - V_lower^k-1||_inf = 0.00000064557709670145, delta^k = -0.00000064557709670145
    Local Iteration 238: ||V_upper^k - V_upper^k-1||_inf = 0.00000000000000000000, ||V_lower^k - V_lower^k-1||_inf = 0.00000061975401283339, delta^k = -0.00000061975401283339
    Local Iteration 239: ||V_upper^k - V_upper^k-1||_inf = 0.00000000000000000000, ||V_lower^k - V_lower^k-1||_inf = 0.00000059496385232006, delta^k = -0.00000059496385232006
    Local Iteration 240: ||V_upper^k - V_upper^k-1||_inf = 0.00000000000000000000, ||V_lower^k - V_lower^k-1||_inf = 0.00000057116529822726, delta^k = -0.00000057116529822726
    Local Iteration 241: ||V_upper^k - V_upper^k-1||_inf = 0.00000000000000000000, ||V_lower^k - V_lower^k-1||_inf = 0.00000054831868629816, delta^k = -0.00000054831868629816
    Local Iteration 242: ||V_upper^k - V_upper^k-1||_inf = 0.00000000000000000000, ||V_lower^k - V_lower^k-1||_inf = 0.00000052638593884624, delta^k = -0.00000052638593884624
    Local Iteration 243: ||V_upper^k - V_upper^k-1||_inf = 0.00000000000000000000, ||V_lower^k - V_lower^k-1||_inf = 0.00000050533050129239, delta^k = -0.00000050533050129239
    Local Iteration 244: ||V_upper^k - V_upper^k-1||_inf = 0.00000000000000000000, ||V_lower^k - V_lower^k-1||_inf = 0.00000048511728124069, delta^k = -0.00000048511728124069
    Local Iteration 245: ||V_upper^k - V_upper^k-1||_inf = 0.00000000000000000000, ||V_lower^k - V_lower^k-1||_inf = 0.00000046571258999107, delta^k = -0.00000046571258999107
    Local Iteration 246: ||V_upper^k - V_upper^k-1||_inf = 0.00000000000000000000, ||V_lower^k - V_lower^k-1||_inf = 0.00000044708408639142, delta^k = -0.00000044708408639142
    Local Iteration 247: ||V_upper^k - V_upper^k-1||_inf = 0.00000000000000000000, ||V_lower^k - V_lower^k-1||_inf = 0.00000042920072293577, delta^k = -0.00000042920072293577
    Local Iteration 248: ||V_upper^k - V_upper^k-1||_inf = 0.00000000000000000000, ||V_lower^k - V_lower^k-1||_inf = 0.00000041203269401834, delta^k = -0.00000041203269401834
    Local Iteration 249: ||V_upper^k - V_upper^k-1||_inf = 0.00000000000000000000, ||V_lower^k - V_lower^k-1||_inf = 0.00000039555138625760, delta^k = -0.00000039555138625760
    Local Iteration 250: ||V_upper^k - V_upper^k-1||_inf = 0.00000000000000000000, ||V_lower^k - V_lower^k-1||_inf = 0.00000037972933080730, delta^k = -0.00000037972933080730
    Local Iteration 251: ||V_upper^k - V_upper^k-1||_inf = 0.00000000000000000000, ||V_lower^k - V_lower^k-1||_inf = 0.00000036454015757501, delta^k = -0.00000036454015757501
    Local Iteration 252: ||V_upper^k - V_upper^k-1||_inf = 0.00000000000000000000, ||V_lower^k - V_lower^k-1||_inf = 0.00000034995855127201, delta^k = -0.00000034995855127201
    Local Iteration 253: ||V_upper^k - V_upper^k-1||_inf = 0.00000000000000000000, ||V_lower^k - V_lower^k-1||_inf = 0.00000033596020922113, delta^k = -0.00000033596020922113
    Local Iteration 254: ||V_upper^k - V_upper^k-1||_inf = 0.00000000000000000000, ||V_lower^k - V_lower^k-1||_inf = 0.00000032252180085228, delta^k = -0.00000032252180085228
    Local Iteration 255: ||V_upper^k - V_upper^k-1||_inf = 0.00000000000000000000, ||V_lower^k - V_lower^k-1||_inf = 0.00000030962092881819, delta^k = -0.00000030962092881819
    Local Iteration 256: ||V_upper^k - V_upper^k-1||_inf = 0.00000000000000000000, ||V_lower^k - V_lower^k-1||_inf = 0.00000029723609166546, delta^k = -0.00000029723609166546
    Local Iteration 257: ||V_upper^k - V_upper^k-1||_inf = 0.00000000000000000000, ||V_lower^k - V_lower^k-1||_inf = 0.00000028534664799884, delta^k = -0.00000028534664799884
    Local Iteration 258: ||V_upper^k - V_upper^k-1||_inf = 0.00000000000000000000, ||V_lower^k - V_lower^k-1||_inf = 0.00000027393278207889, delta^k = -0.00000027393278207889
    Local Iteration 259: ||V_upper^k - V_upper^k-1||_inf = 0.00000000000000000000, ||V_lower^k - V_lower^k-1||_inf = 0.00000026297547079573, delta^k = -0.00000026297547079573
    Local Iteration 260: ||V_upper^k - V_upper^k-1||_inf = 0.00000000000000000000, ||V_lower^k - V_lower^k-1||_inf = 0.00000025245645196390, delta^k = -0.00000025245645196390
    Local Iteration 261: ||V_upper^k - V_upper^k-1||_inf = 0.00000000000000000000, ||V_lower^k - V_lower^k-1||_inf = 0.00000024235819388535, delta^k = -0.00000024235819388535
    Local Iteration 262: ||V_upper^k - V_upper^k-1||_inf = 0.00000000000000000000, ||V_lower^k - V_lower^k-1||_inf = 0.00000023266386612993, delta^k = -0.00000023266386612993
    Local Iteration 263: ||V_upper^k - V_upper^k-1||_inf = 0.00000000000000000000, ||V_lower^k - V_lower^k-1||_inf = 0.00000022335731148474, delta^k = -0.00000022335731148474
    Local Iteration 264: ||V_upper^k - V_upper^k-1||_inf = 0.00000000000000000000, ||V_lower^k - V_lower^k-1||_inf = 0.00000021442301902535, delta^k = -0.00000021442301902535
    Local Iteration 265: ||V_upper^k - V_upper^k-1||_inf = 0.00000000000000000000, ||V_lower^k - V_lower^k-1||_inf = 0.00000020584609826433, delta^k = -0.00000020584609826433
    Local Iteration 266: ||V_upper^k - V_upper^k-1||_inf = 0.00000000000000000000, ||V_lower^k - V_lower^k-1||_inf = 0.00000019761225433376, delta^k = -0.00000019761225433376
    Local Iteration 267: ||V_upper^k - V_upper^k-1||_inf = 0.00000000000000000000, ||V_lower^k - V_lower^k-1||_inf = 0.00000018970776416041, delta^k = -0.00000018970776416041
    Local Iteration 268: ||V_upper^k - V_upper^k-1||_inf = 0.00000000000000000000, ||V_lower^k - V_lower^k-1||_inf = 0.00000018211945359399, delta^k = -0.00000018211945359399
    Local Iteration 269: ||V_upper^k - V_upper^k-1||_inf = 0.00000000000000000000, ||V_lower^k - V_lower^k-1||_inf = 0.00000017483467545023, delta^k = -0.00000017483467545023
    Local Iteration 270: ||V_upper^k - V_upper^k-1||_inf = 0.00000000000000000000, ||V_lower^k - V_lower^k-1||_inf = 0.00000016784128843222, delta^k = -0.00000016784128843222
    Local Iteration 271: ||V_upper^k - V_upper^k-1||_inf = 0.00000000000000000000, ||V_lower^k - V_lower^k-1||_inf = 0.00000016112763689494, delta^k = -0.00000016112763689494
    Local Iteration 272: ||V_upper^k - V_upper^k-1||_inf = 0.00000000000000000000, ||V_lower^k - V_lower^k-1||_inf = 0.00000015468253141914, delta^k = -0.00000015468253141914
    Local Iteration 273: ||V_upper^k - V_upper^k-1||_inf = 0.00000000000000000000, ||V_lower^k - V_lower^k-1||_inf = 0.00000014849523016237, delta^k = -0.00000014849523016237
    Local Iteration 274: ||V_upper^k - V_upper^k-1||_inf = 0.00000000000000000000, ||V_lower^k - V_lower^k-1||_inf = 0.00000014255542095588, delta^k = -0.00000014255542095588
    Local Iteration 275: ||V_upper^k - V_upper^k-1||_inf = 0.00000000000000000000, ||V_lower^k - V_lower^k-1||_inf = 0.00000013685320411764, delta^k = -0.00000013685320411764
    Local Iteration 276: ||V_upper^k - V_upper^k-1||_inf = 0.00000000000000000000, ||V_lower^k - V_lower^k-1||_inf = 0.00000013137907595294, delta^k = -0.00000013137907595294
    Local Iteration 277: ||V_upper^k - V_upper^k-1||_inf = 0.00000000000000000000, ||V_lower^k - V_lower^k-1||_inf = 0.00000012612391291482, delta^k = -0.00000012612391291482
    Local Iteration 278: ||V_upper^k - V_upper^k-1||_inf = 0.00000000000000000000, ||V_lower^k - V_lower^k-1||_inf = 0.00000012107895639823, delta^k = -0.00000012107895639823
    Local Iteration 279: ||V_upper^k - V_upper^k-1||_inf = 0.00000000000000000000, ||V_lower^k - V_lower^k-1||_inf = 0.00000011623579814230, delta^k = -0.00000011623579814230
    Local Iteration 280: ||V_upper^k - V_upper^k-1||_inf = 0.00000000000000000000, ||V_lower^k - V_lower^k-1||_inf = 0.00000011158636621661, delta^k = -0.00000011158636621661
    Local Iteration 281: ||V_upper^k - V_upper^k-1||_inf = 0.00000000000000000000, ||V_lower^k - V_lower^k-1||_inf = 0.00000010712291156794, delta^k = -0.00000010712291156794
    Local Iteration 282: ||V_upper^k - V_upper^k-1||_inf = 0.00000000000000000000, ||V_lower^k - V_lower^k-1||_inf = 0.00000010283799510522, delta^k = -0.00000010283799510522
    Local Iteration 283: ||V_upper^k - V_upper^k-1||_inf = 0.00000000000000000000, ||V_lower^k - V_lower^k-1||_inf = 0.00000009872447530101, delta^k = -0.00000009872447530101
    Local Iteration 284: ||V_upper^k - V_upper^k-1||_inf = 0.00000000000000000000, ||V_lower^k - V_lower^k-1||_inf = 0.00000009477549628897, delta^k = -0.00000009477549628897
    Local Iteration 285: ||V_upper^k - V_upper^k-1||_inf = 0.00000000000000000000, ||V_lower^k - V_lower^k-1||_inf = 0.00000009098447643742, delta^k = -0.00000009098447643742
    Local Iteration 286: ||V_upper^k - V_upper^k-1||_inf = 0.00000000000000000000, ||V_lower^k - V_lower^k-1||_inf = 0.00000008734509737992, delta^k = -0.00000008734509737992
    Local Iteration 287: ||V_upper^k - V_upper^k-1||_inf = 0.00000000000000000000, ||V_lower^k - V_lower^k-1||_inf = 0.00000008385129348472, delta^k = -0.00000008385129348472
    Local Iteration 288: ||V_upper^k - V_upper^k-1||_inf = 0.00000000000000000000, ||V_lower^k - V_lower^k-1||_inf = 0.00000008049724174533, delta^k = -0.00000008049724174533
    Local Iteration 289: ||V_upper^k - V_upper^k-1||_inf = 0.00000000000000000000, ||V_lower^k - V_lower^k-1||_inf = 0.00000007727735207552, delta^k = -0.00000007727735207552
    Local Iteration 290: ||V_upper^k - V_upper^k-1||_inf = 0.00000000000000000000, ||V_lower^k - V_lower^k-1||_inf = 0.00000007418625799250, delta^k = -0.00000007418625799250
    Local Iteration 291: ||V_upper^k - V_upper^k-1||_inf = 0.00000000000000000000, ||V_lower^k - V_lower^k-1||_inf = 0.00000007121880767280, delta^k = -0.00000007121880767280
    Local Iteration 292: ||V_upper^k - V_upper^k-1||_inf = 0.00000000000000000000, ||V_lower^k - V_lower^k-1||_inf = 0.00000006837005536589, delta^k = -0.00000006837005536589
    Local Iteration 293: ||V_upper^k - V_upper^k-1||_inf = 0.00000000000000000000, ||V_lower^k - V_lower^k-1||_inf = 0.00000006563525315125, delta^k = -0.00000006563525315125
    Local Iteration 294: ||V_upper^k - V_upper^k-1||_inf = 0.00000000000000000000, ||V_lower^k - V_lower^k-1||_inf = 0.00000006300984302520, delta^k = -0.00000006300984302520
    Local Iteration 295: ||V_upper^k - V_upper^k-1||_inf = 0.00000000000000000000, ||V_lower^k - V_lower^k-1||_inf = 0.00000006048944930419, delta^k = -0.00000006048944930419
    Local Iteration 296: ||V_upper^k - V_upper^k-1||_inf = 0.00000000000000000000, ||V_lower^k - V_lower^k-1||_inf = 0.00000005806987133203, delta^k = -0.00000005806987133203
    Local Iteration 297: ||V_upper^k - V_upper^k-1||_inf = 0.00000000000000000000, ||V_lower^k - V_lower^k-1||_inf = 0.00000005574707647874, delta^k = -0.00000005574707647874
    Local Iteration 298: ||V_upper^k - V_upper^k-1||_inf = 0.00000000000000000000, ||V_lower^k - V_lower^k-1||_inf = 0.00000005351719341959, delta^k = -0.00000005351719341959
    Local Iteration 299: ||V_upper^k - V_upper^k-1||_inf = 0.00000000000000000000, ||V_lower^k - V_lower^k-1||_inf = 0.00000005137650568281, delta^k = -0.00000005137650568281
    Local Iteration 300: ||V_upper^k - V_upper^k-1||_inf = 0.00000000000000000000, ||V_lower^k - V_lower^k-1||_inf = 0.00000004932144545550, delta^k = -0.00000004932144545550
    Local Iteration 301: ||V_upper^k - V_upper^k-1||_inf = 0.00000000000000000000, ||V_lower^k - V_lower^k-1||_inf = 0.00000004734858763728, delta^k = -0.00000004734858763728
    Local Iteration 302: ||V_upper^k - V_upper^k-1||_inf = 0.00000000000000000000, ||V_lower^k - V_lower^k-1||_inf = 0.00000004545464413179, delta^k = -0.00000004545464413179
    Local Iteration 303: ||V_upper^k - V_upper^k-1||_inf = 0.00000000000000000000, ||V_lower^k - V_lower^k-1||_inf = 0.00000004363645836652, delta^k = -0.00000004363645836652
    Local Iteration 304: ||V_upper^k - V_upper^k-1||_inf = 0.00000000000000000000, ||V_lower^k - V_lower^k-1||_inf = 0.00000004189100003186, delta^k = -0.00000004189100003186
    Local Iteration 305: ||V_upper^k - V_upper^k-1||_inf = 0.00000000000000000000, ||V_lower^k - V_lower^k-1||_inf = 0.00000004021536003058, delta^k = -0.00000004021536003058
    Local Iteration 306: ||V_upper^k - V_upper^k-1||_inf = 0.00000000000000000000, ||V_lower^k - V_lower^k-1||_inf = 0.00000003860674562936, delta^k = -0.00000003860674562936
    Local Iteration 307: ||V_upper^k - V_upper^k-1||_inf = 0.00000000000000000000, ||V_lower^k - V_lower^k-1||_inf = 0.00000003706247580418, delta^k = -0.00000003706247580418
    Local Iteration 308: ||V_upper^k - V_upper^k-1||_inf = 0.00000000000000000000, ||V_lower^k - V_lower^k-1||_inf = 0.00000003557997677202, delta^k = -0.00000003557997677202
    Local Iteration 309: ||V_upper^k - V_upper^k-1||_inf = 0.00000000000000000000, ||V_lower^k - V_lower^k-1||_inf = 0.00000003415677770114, delta^k = -0.00000003415677770114
    Local Iteration 310: ||V_upper^k - V_upper^k-1||_inf = 0.00000000000000000000, ||V_lower^k - V_lower^k-1||_inf = 0.00000003279050659309, delta^k = -0.00000003279050659309
    Local Iteration 311: ||V_upper^k - V_upper^k-1||_inf = 0.00000000000000000000, ||V_lower^k - V_lower^k-1||_inf = 0.00000003147888632937, delta^k = -0.00000003147888632937
    Local Iteration 312: ||V_upper^k - V_upper^k-1||_inf = 0.00000000000000000000, ||V_lower^k - V_lower^k-1||_inf = 0.00000003021973087619, delta^k = -0.00000003021973087619
    Local Iteration 313: ||V_upper^k - V_upper^k-1||_inf = 0.00000000000000000000, ||V_lower^k - V_lower^k-1||_inf = 0.00000002901094164114, delta^k = -0.00000002901094164114
    Local Iteration 314: ||V_upper^k - V_upper^k-1||_inf = 0.00000000000000000000, ||V_lower^k - V_lower^k-1||_inf = 0.00000002785050397550, delta^k = -0.00000002785050397550
    Local Iteration 315: ||V_upper^k - V_upper^k-1||_inf = 0.00000000000000000000, ||V_lower^k - V_lower^k-1||_inf = 0.00000002673648381648, delta^k = -0.00000002673648381648
    Local Iteration 316: ||V_upper^k - V_upper^k-1||_inf = 0.00000000000000000000, ||V_lower^k - V_lower^k-1||_inf = 0.00000002566702446382, delta^k = -0.00000002566702446382
    Local Iteration 317: ||V_upper^k - V_upper^k-1||_inf = 0.00000000000000000000, ||V_lower^k - V_lower^k-1||_inf = 0.00000002464034348527, delta^k = -0.00000002464034348527
    Local Iteration 318: ||V_upper^k - V_upper^k-1||_inf = 0.00000000000000000000, ||V_lower^k - V_lower^k-1||_inf = 0.00000002365472974586, delta^k = -0.00000002365472974586
    Local Iteration 319: ||V_upper^k - V_upper^k-1||_inf = 0.00000000000000000000, ||V_lower^k - V_lower^k-1||_inf = 0.00000002270854055602, delta^k = -0.00000002270854055602
    Local Iteration 320: ||V_upper^k - V_upper^k-1||_inf = 0.00000000000000000000, ||V_lower^k - V_lower^k-1||_inf = 0.00000002180019893378, delta^k = -0.00000002180019893378
    Local Iteration 321: ||V_upper^k - V_upper^k-1||_inf = 0.00000000000000000000, ||V_lower^k - V_lower^k-1||_inf = 0.00000002092819097643, delta^k = -0.00000002092819097643
    Local Iteration 322: ||V_upper^k - V_upper^k-1||_inf = 0.00000000000000000000, ||V_lower^k - V_lower^k-1||_inf = 0.00000002009106333737, delta^k = -0.00000002009106333737
    Local Iteration 323: ||V_upper^k - V_upper^k-1||_inf = 0.00000000000000000000, ||V_lower^k - V_lower^k-1||_inf = 0.00000001928742080388, delta^k = -0.00000001928742080388
    Local Iteration 324: ||V_upper^k - V_upper^k-1||_inf = 0.00000000000000000000, ||V_lower^k - V_lower^k-1||_inf = 0.00000001851592397172, delta^k = -0.00000001851592397172
    Local Iteration 325: ||V_upper^k - V_upper^k-1||_inf = 0.00000000000000000000, ||V_lower^k - V_lower^k-1||_inf = 0.00000001777528701285, delta^k = -0.00000001777528701285
    Local Iteration 326: ||V_upper^k - V_upper^k-1||_inf = 0.00000000000000000000, ||V_lower^k - V_lower^k-1||_inf = 0.00000001706427553234, delta^k = -0.00000001706427553234
    Local Iteration 327: ||V_upper^k - V_upper^k-1||_inf = 0.00000000000000000000, ||V_lower^k - V_lower^k-1||_inf = 0.00000001638170451105, delta^k = -0.00000001638170451105
    Local Iteration 328: ||V_upper^k - V_upper^k-1||_inf = 0.00000000000000000000, ||V_lower^k - V_lower^k-1||_inf = 0.00000001572643633060, delta^k = -0.00000001572643633060
    Local Iteration 329: ||V_upper^k - V_upper^k-1||_inf = 0.00000000000000000000, ||V_lower^k - V_lower^k-1||_inf = 0.00000001509737887738, delta^k = -0.00000001509737887738
    Local Iteration 330: ||V_upper^k - V_upper^k-1||_inf = 0.00000000000000000000, ||V_lower^k - V_lower^k-1||_inf = 0.00000001449348372228, delta^k = -0.00000001449348372228
    Local Iteration 331: ||V_upper^k - V_upper^k-1||_inf = 0.00000000000000000000, ||V_lower^k - V_lower^k-1||_inf = 0.00000001391374437339, delta^k = -0.00000001391374437339
    Local Iteration 332: ||V_upper^k - V_upper^k-1||_inf = 0.00000000000000000000, ||V_lower^k - V_lower^k-1||_inf = 0.00000001335719459846, delta^k = -0.00000001335719459846
    Local Iteration 333: ||V_upper^k - V_upper^k-1||_inf = 0.00000000000000000000, ||V_lower^k - V_lower^k-1||_inf = 0.00000001282290681452, delta^k = -0.00000001282290681452
    Local Iteration 334: ||V_upper^k - V_upper^k-1||_inf = 0.00000000000000000000, ||V_lower^k - V_lower^k-1||_inf = 0.00000001230999054194, delta^k = -0.00000001230999054194
    Local Iteration 335: ||V_upper^k - V_upper^k-1||_inf = 0.00000000000000000000, ||V_lower^k - V_lower^k-1||_inf = 0.00000001181759092026, delta^k = -0.00000001181759092026
    Local Iteration 336: ||V_upper^k - V_upper^k-1||_inf = 0.00000000000000000000, ||V_lower^k - V_lower^k-1||_inf = 0.00000001134488728345, delta^k = -0.00000001134488728345
    Local Iteration 337: ||V_upper^k - V_upper^k-1||_inf = 0.00000000000000000000, ||V_lower^k - V_lower^k-1||_inf = 0.00000001089109179211, delta^k = -0.00000001089109179211
    Local Iteration 338: ||V_upper^k - V_upper^k-1||_inf = 0.00000000000000000000, ||V_lower^k - V_lower^k-1||_inf = 0.00000001045544812043, delta^k = -0.00000001045544812043
    Local Iteration 339: ||V_upper^k - V_upper^k-1||_inf = 0.00000000000000000000, ||V_lower^k - V_lower^k-1||_inf = 0.00000001003723019561, delta^k = -0.00000001003723019561
    Local Iteration 340: ||V_upper^k - V_upper^k-1||_inf = 0.00000000000000000000, ||V_lower^k - V_lower^k-1||_inf = 0.00000000963574098779, delta^k = -0.00000000963574098779

============================================================
 CONSERVATIVE STOPPING CONDITION MET (Algorithm 3)
============================================================
  delta^k = -9.6357409878e-09 >= -delta_max
  ||V_upper^k - V_upper^k-1||_inf = 0.0000000000e+00 < 1e-08
  eps_cons = (0.96 * 9.6357409878e-09) / 0.04 = 2.3125778371e-07
  Correcting V_lower for 3902156 cells: V_lower <- V_lower - eps_cons - eps_machine
   Conservative correction applied successfully
  Machine epsilon eps_machine = 2.220e-16
    1161160 cells experienced near-cancellation
    Local VI completed in 340 iterations
    Final convergence values:
      ||V_upper^final - V_upper^prev||_inf = 0.00000000e+00
      ||V_lower^final - V_lower^prev||_inf = 9.63574099e-09
  Local VI completed in 340 iterations, time: 39.746s
    Final ||V_upper^k - V_upper^k-1||_inf = 0.00000000000000000000e+00
    Final ||V_lower^k - V_lower^k-1||_inf = 9.63574098778637506210e-09
  Saved visualization: /Users/i.k.tabbara/Documents/python directory/HSCC_2027/refactored_Implementations/results_hscc_2027_newbellmans_12workers/ra_discount/evasion_res30_eps0.05_dmin1e-08_dmax1e-08_gamma0.96_dt0.3_tau0.3_cons/value_function_phase_8_complete.png
  Phase 8 completed in 41.60s with 3902156 leaf cells

Classification after phase 8:
  Safe:           383678 cells (  9.8%),   23.0% of state space
  Unsafe:         177824 cells (  4.6%),   28.7% of state space
  Unclassified:  3340654 cells ( 85.6%),   48.3% of state space

======================================================================
REFINEMENT PHASE 9
======================================================================
Boundary cells: 3340654
  Refinable (>eta_min=0.017678): 3340654
  Below threshold: 0
  Cumulative refined: 3875156
  Refinable cell size statistics:
    Max:    0.050000
    Mean:   0.050000
    Min:    0.050000
    Median: 0.050000
  Refining 3340654 cells...
    Refined: 3340654 parent cells
    Created: 6681308 child cells
    Total cells: 7242810
    Refinement time: 0.372s
    Cumulative refined: 7215810
  Rebuilding spatial index...
  Building spatial index for 7242810 cells...
   Spatial index built in 1.92s
    Spatial index rebuilt in 1.923s
  Initializing 6681308 new cells...
  Initializing 6681308 new cells in parallel...
   Initialized in 0.02s (421994013.9 cells/s)
    Initialization completed in 0.016s
  Starting local value iteration...
  Reinitializing ALL 7242810 cells (V = l)
   Reinitialized 7242810 cells in 0.02s (377483623.9 cells/s)
  Local VI: updating all 7242810 cells
    Conservative mode: True
    delta_max: 1e-08
    Max iterations: 1000033
    Updating successor cache for 6681308 updated cells...
    Updating successor cache for 6681308 new cells (HYBRID)...
      Affected cells: 6934454
   Trajectories + spatial queries computed in 13.71s (2528739.8 tasks/s)
    Breakdown: 59.8% ODE, 40.2% queries
     Cache updated in 15.25s (2273709.1 tasks/s)
    Local Iteration   1: ||V_upper^k - V_upper^k-1||_inf = 4.22035565114441180157, ||V_lower^k - V_lower^k-1||_inf = 4.16645100534729451169, delta^k = -4.16645100534729451169
    Local Iteration   2: ||V_upper^k - V_upper^k-1||_inf = 4.03773893565113883852, ||V_lower^k - V_lower^k-1||_inf = 3.94891723130867955405, delta^k = -3.94891723130867955405
    Local Iteration   3: ||V_upper^k - V_upper^k-1||_inf = 3.87622937822509339156, ||V_lower^k - V_lower^k-1||_inf = 3.70946732461976225181, delta^k = -3.70946732461976225181
    Local Iteration   4: ||V_upper^k - V_upper^k-1||_inf = 3.72118020309608921181, ||V_lower^k - V_lower^k-1||_inf = 3.48292288024679574931, delta^k = -3.48292288024679574931
    Local Iteration   5: ||V_upper^k - V_upper^k-1||_inf = 3.57233299497224576768, ||V_lower^k - V_lower^k-1||_inf = 3.26863628308596743111, delta^k = -3.26863628308596743111
    Local Iteration   6: ||V_upper^k - V_upper^k-1||_inf = 3.42943967517335579487, ||V_lower^k - V_lower^k-1||_inf = 3.08063617811617262987, delta^k = -3.08063617811617262987
    Local Iteration   7: ||V_upper^k - V_upper^k-1||_inf = 3.29226208816642174071, ||V_lower^k - V_lower^k-1||_inf = 2.91567959929432030108, delta^k = -2.91567959929432030108
    Local Iteration   8: ||V_upper^k - V_upper^k-1||_inf = 3.16057160463976494214, ||V_lower^k - V_lower^k-1||_inf = 2.77223674522075258508, delta^k = -2.77223674522075258508
    Local Iteration   9: ||V_upper^k - V_upper^k-1||_inf = 3.03414874045417448656, ||V_lower^k - V_lower^k-1||_inf = 2.63584258869225118715, delta^k = -2.63584258869225118715
    Local Iteration  10: ||V_upper^k - V_upper^k-1||_inf = 2.91278279083600732946, ||V_lower^k - V_lower^k-1||_inf = 2.50592439118169352241, delta^k = -2.50592439118169352241
    Local Iteration  11: ||V_upper^k - V_upper^k-1||_inf = 2.79627147920256646785, ||V_lower^k - V_lower^k-1||_inf = 2.38275275164077493528, delta^k = -2.38275275164077493528
    Local Iteration  12: ||V_upper^k - V_upper^k-1||_inf = 2.68442062003446402230, ||V_lower^k - V_lower^k-1||_inf = 2.28152142286191406129, delta^k = -2.28152142286191406129
    Local Iteration  13: ||V_upper^k - V_upper^k-1||_inf = 2.57704379523308535482, ||V_lower^k - V_lower^k-1||_inf = 2.18677962760948974008, delta^k = -2.18677962760948974008
    Local Iteration  14: ||V_upper^k - V_upper^k-1||_inf = 2.47396204342376169194, ||V_lower^k - V_lower^k-1||_inf = 2.09799057708362557406, delta^k = -2.09799057708362557406
    Local Iteration  15: ||V_upper^k - V_upper^k-1||_inf = 2.37500356168681125979, ||V_lower^k - V_lower^k-1||_inf = 2.01407095400028079979, delta^k = -2.01407095400028079979
    Local Iteration  16: ||V_upper^k - V_upper^k-1||_inf = 2.28000341921933857847, ||V_lower^k - V_lower^k-1||_inf = 1.92995359645620423450, delta^k = -1.92995359645620423450
    Local Iteration  17: ||V_upper^k - V_upper^k-1||_inf = 2.18880328245056521297, ||V_lower^k - V_lower^k-1||_inf = 1.84807589196195398706, delta^k = -1.84807589196195398706
    Local Iteration  18: ||V_upper^k - V_upper^k-1||_inf = 2.10125115115254246234, ||V_lower^k - V_lower^k-1||_inf = 1.77060288298731949297, delta^k = -1.77060288298731949297
    Local Iteration  19: ||V_upper^k - V_upper^k-1||_inf = 2.01640079801076677057, ||V_lower^k - V_lower^k-1||_inf = 1.69210703257496519747, delta^k = -1.69210703257496519747
    Local Iteration  20: ||V_upper^k - V_upper^k-1||_inf = 1.93574476609033574448, ||V_lower^k - V_lower^k-1||_inf = 1.61557358716856214187, delta^k = -1.61557358716856214187
    Local Iteration  21: ||V_upper^k - V_upper^k-1||_inf = 1.85831497544672230582, ||V_lower^k - V_lower^k-1||_inf = 1.54156237544292662456, delta^k = -1.54156237544292662456
    Local Iteration  22: ||V_upper^k - V_upper^k-1||_inf = 1.78398237642885337806, ||V_lower^k - V_lower^k-1||_inf = 1.40220235128746617548, delta^k = -1.40220235128746617548
    Local Iteration  23: ||V_upper^k - V_upper^k-1||_inf = 1.71262308137169938504, ||V_lower^k - V_lower^k-1||_inf = 1.31773470208627907496, delta^k = -1.31773470208627907496
    Local Iteration  24: ||V_upper^k - V_upper^k-1||_inf = 1.64411815811683137412, ||V_lower^k - V_lower^k-1||_inf = 1.26049041697741204260, delta^k = -1.26049041697741204260
    Local Iteration  25: ||V_upper^k - V_upper^k-1||_inf = 1.57835343179215814580, ||V_lower^k - V_lower^k-1||_inf = 1.18456915127266615428, delta^k = -1.18456915127266615428
    Local Iteration  26: ||V_upper^k - V_upper^k-1||_inf = 1.51521929452047166009, ||V_lower^k - V_lower^k-1||_inf = 1.11568422070954742509, delta^k = -1.11568422070954742509
    Local Iteration  27: ||V_upper^k - V_upper^k-1||_inf = 1.45461052273965285586, ||V_lower^k - V_lower^k-1||_inf = 1.04674733899525418401, delta^k = -1.04674733899525418401
    Local Iteration  28: ||V_upper^k - V_upper^k-1||_inf = 1.39642610183006676827, ||V_lower^k - V_lower^k-1||_inf = 0.98513969238372744996, delta^k = -0.98513969238372744996
    Local Iteration  29: ||V_upper^k - V_upper^k-1||_inf = 1.34056905775686407978, ||V_lower^k - V_lower^k-1||_inf = 0.94130936057013159246, delta^k = -0.94130936057013159246
    Local Iteration  30: ||V_upper^k - V_upper^k-1||_inf = 1.28694629544658956100, ||V_lower^k - V_lower^k-1||_inf = 0.88478132257410102568, delta^k = -0.88478132257410102568
    Local Iteration  31: ||V_upper^k - V_upper^k-1||_inf = 1.23546844362872576539, ||V_lower^k - V_lower^k-1||_inf = 0.83698218150806458215, delta^k = -0.83698218150806458215
    Local Iteration  32: ||V_upper^k - V_upper^k-1||_inf = 1.18206380979628455918, ||V_lower^k - V_lower^k-1||_inf = 0.76777445752813155977, delta^k = -0.76777445752813155977
    Local Iteration  33: ||V_upper^k - V_upper^k-1||_inf = 1.13478125740443314129, ||V_lower^k - V_lower^k-1||_inf = 0.73706347922700632402, delta^k = -0.73706347922700632402
    Local Iteration  34: ||V_upper^k - V_upper^k-1||_inf = 1.08939000710825584228, ||V_lower^k - V_lower^k-1||_inf = 0.69976724754001662365, delta^k = -0.69976724754001662365
    Local Iteration  35: ||V_upper^k - V_upper^k-1||_inf = 1.04581440682392567965, ||V_lower^k - V_lower^k-1||_inf = 0.67177655763841603864, delta^k = -0.67177655763841603864
    Local Iteration  36: ||V_upper^k - V_upper^k-1||_inf = 1.00398183055096867911, ||V_lower^k - V_lower^k-1||_inf = 0.64490549533287933048, delta^k = -0.64490549533287933048
    Local Iteration  37: ||V_upper^k - V_upper^k-1||_inf = 0.96382255732892985201, ||V_lower^k - V_lower^k-1||_inf = 0.59604259159679362501, delta^k = -0.59604259159679362501
    Local Iteration  38: ||V_upper^k - V_upper^k-1||_inf = 0.92526965503577252026, ||V_lower^k - V_lower^k-1||_inf = 0.45599623178344200758, delta^k = -0.45599623178344200758
    Local Iteration  39: ||V_upper^k - V_upper^k-1||_inf = 0.88825886883434157504, ||V_lower^k - V_lower^k-1||_inf = 0.38137768161561175217, delta^k = -0.38137768161561175217
    Local Iteration  40: ||V_upper^k - V_upper^k-1||_inf = 0.85272851408096794756, ||V_lower^k - V_lower^k-1||_inf = 0.35180577548603442217, delta^k = -0.35180577548603442217
    Local Iteration  41: ||V_upper^k - V_upper^k-1||_inf = 0.81861937351772917637, ||V_lower^k - V_lower^k-1||_inf = 0.33760826282022055045, delta^k = -0.33760826282022055045
    Local Iteration  42: ||V_upper^k - V_upper^k-1||_inf = 0.78587459857701991162, ||V_lower^k - V_lower^k-1||_inf = 0.32398838578439970171, delta^k = -0.32398838578439970171
    Local Iteration  43: ||V_upper^k - V_upper^k-1||_inf = 0.75443961463393915956, ||V_lower^k - V_lower^k-1||_inf = 0.31099817159175224823, delta^k = -0.31099817159175224823
    Local Iteration  44: ||V_upper^k - V_upper^k-1||_inf = 0.72426203004858158430, ||V_lower^k - V_lower^k-1||_inf = 0.28771988445416341040, delta^k = -0.28771988445416341040
    Local Iteration  45: ||V_upper^k - V_upper^k-1||_inf = 0.69529154884663824099, ||V_lower^k - V_lower^k-1||_inf = 0.27574810305421953993, delta^k = -0.27574810305421953993
    Local Iteration  46: ||V_upper^k - V_upper^k-1||_inf = 0.66747988689277271135, ||V_lower^k - V_lower^k-1||_inf = 0.26425519291027343982, delta^k = -0.26425519291027343982
    Local Iteration  47: ||V_upper^k - V_upper^k-1||_inf = 0.64078069141706184286, ||V_lower^k - V_lower^k-1||_inf = 0.25273972206606709623, delta^k = -0.25273972206606709623
    Local Iteration  48: ||V_upper^k - V_upper^k-1||_inf = 0.01906134421181238103, ||V_lower^k - V_lower^k-1||_inf = 0.24263013318342438462, delta^k = -0.24263013318342438462
    Local Iteration  49: ||V_upper^k - V_upper^k-1||_inf = 0.01829889044333987691, ||V_lower^k - V_lower^k-1||_inf = 0.23197966472829201212, delta^k = -0.23197966472829201212
    Local Iteration  50: ||V_upper^k - V_upper^k-1||_inf = 0.01756693482560628405, ||V_lower^k - V_lower^k-1||_inf = 0.22171582904770681388, delta^k = -0.22171582904770681388
    Local Iteration  51: ||V_upper^k - V_upper^k-1||_inf = 0.01686425743258201937, ||V_lower^k - V_lower^k-1||_inf = 0.21084755009541727988, delta^k = -0.21084755009541727988
    Local Iteration  52: ||V_upper^k - V_upper^k-1||_inf = 0.01618968713527874081, ||V_lower^k - V_lower^k-1||_inf = 0.20241364809160058980, delta^k = -0.20241364809160058980
    Local Iteration  53: ||V_upper^k - V_upper^k-1||_inf = 0.01554209964986758008, ||V_lower^k - V_lower^k-1||_inf = 0.17252632058570518958, delta^k = -0.17252632058570518958
    Local Iteration  54: ||V_upper^k - V_upper^k-1||_inf = 0.01492041566387292129, ||V_lower^k - V_lower^k-1||_inf = 0.16562526776227695646, delta^k = -0.16562526776227695646
    Local Iteration  55: ||V_upper^k - V_upper^k-1||_inf = 0.01432359903731800221, ||V_lower^k - V_lower^k-1||_inf = 0.15900025705178588709, delta^k = -0.15900025705178588709
    Local Iteration  56: ||V_upper^k - V_upper^k-1||_inf = 0.01375065507582523550, ||V_lower^k - V_lower^k-1||_inf = 0.15264024676971446604, delta^k = -0.15264024676971446604
    Local Iteration  57: ||V_upper^k - V_upper^k-1||_inf = 0.01320062887279221941, ||V_lower^k - V_lower^k-1||_inf = 0.14653463689892587407, delta^k = -0.14653463689892587407
    Local Iteration  58: ||V_upper^k - V_upper^k-1||_inf = 0.01267260371788053730, ||V_lower^k - V_lower^k-1||_inf = 0.14067325142296885354, delta^k = -0.14067325142296885354
    Local Iteration  59: ||V_upper^k - V_upper^k-1||_inf = 0.01216569956916535578, ||V_lower^k - V_lower^k-1||_inf = 0.13504632136605010384, delta^k = -0.13504632136605010384
    Local Iteration  60: ||V_upper^k - V_upper^k-1||_inf = 0.01167907158639874821, ||V_lower^k - V_lower^k-1||_inf = 0.12964446851140809525, delta^k = -0.12964446851140809525
    Local Iteration  61: ||V_upper^k - V_upper^k-1||_inf = 0.01121190872294275387, ||V_lower^k - V_lower^k-1||_inf = 0.12445868977095175811, delta^k = -0.12445868977095175811
    Local Iteration  62: ||V_upper^k - V_upper^k-1||_inf = 0.01076343237402505038, ||V_lower^k - V_lower^k-1||_inf = 0.07191642137024709114, delta^k = -0.07191642137024709114
    Local Iteration  63: ||V_upper^k - V_upper^k-1||_inf = 0.01033289507906406945, ||V_lower^k - V_lower^k-1||_inf = 0.06903976451543719639, delta^k = -0.06903976451543719639
    Local Iteration  64: ||V_upper^k - V_upper^k-1||_inf = 0.00991957927590150779, ||V_lower^k - V_lower^k-1||_inf = 0.06295991366519297638, delta^k = -0.06295991366519297638
    Local Iteration  65: ||V_upper^k - V_upper^k-1||_inf = 0.00952279610486542194, ||V_lower^k - V_lower^k-1||_inf = 0.04804020287051950083, delta^k = -0.04804020287051950083
    Local Iteration  66: ||V_upper^k - V_upper^k-1||_inf = 0.00914188426067080728, ||V_lower^k - V_lower^k-1||_inf = 0.03852995868630808285, delta^k = -0.03852995868630808285
    Local Iteration  67: ||V_upper^k - V_upper^k-1||_inf = 0.00877620889024399720, ||V_lower^k - V_lower^k-1||_inf = 0.03396749578245391449, delta^k = -0.03396749578245391449
    Local Iteration  68: ||V_upper^k - V_upper^k-1||_inf = 0.00842516053463421288, ||V_lower^k - V_lower^k-1||_inf = 0.03077362676503178629, delta^k = -0.03077362676503178629
    Local Iteration  69: ||V_upper^k - V_upper^k-1||_inf = 0.00808815411324884104, ||V_lower^k - V_lower^k-1||_inf = 0.02954268169443051775, delta^k = -0.02954268169443051775
    Local Iteration  70: ||V_upper^k - V_upper^k-1||_inf = 0.00776462794871890516, ||V_lower^k - V_lower^k-1||_inf = 0.02836097442665329316, delta^k = -0.02836097442665329316
    Local Iteration  71: ||V_upper^k - V_upper^k-1||_inf = 0.00745404283077014118, ||V_lower^k - V_lower^k-1||_inf = 0.02722653544958715879, delta^k = -0.02722653544958715879
    Local Iteration  72: ||V_upper^k - V_upper^k-1||_inf = 0.00715588111753934220, ||V_lower^k - V_lower^k-1||_inf = 0.02613747403160367536, delta^k = -0.02613747403160367536
    Local Iteration  73: ||V_upper^k - V_upper^k-1||_inf = 0.00686964587283775407, ||V_lower^k - V_lower^k-1||_inf = 0.02509197507033952487, delta^k = -0.02509197507033952487
    Local Iteration  74: ||V_upper^k - V_upper^k-1||_inf = 0.00659486003792425501, ||V_lower^k - V_lower^k-1||_inf = 0.02408829606752594527, delta^k = -0.02408829606752594527
    Local Iteration  75: ||V_upper^k - V_upper^k-1||_inf = 0.00633106563640728481, ||V_lower^k - V_lower^k-1||_inf = 0.02312476422482490773, delta^k = -0.02312476422482490773
    Local Iteration  76: ||V_upper^k - V_upper^k-1||_inf = 0.00607782301095100008, ||V_lower^k - V_lower^k-1||_inf = 0.02219977365583190865, delta^k = -0.02219977365583190865
    Local Iteration  77: ||V_upper^k - V_upper^k-1||_inf = 0.00583471009051295120, ||V_lower^k - V_lower^k-1||_inf = 0.02131178270959863466, delta^k = -0.02131178270959863466
    Local Iteration  78: ||V_upper^k - V_upper^k-1||_inf = 0.00560132168689242427, ||V_lower^k - V_lower^k-1||_inf = 0.02045931140121469080, delta^k = -0.02045931140121469080
    Local Iteration  79: ||V_upper^k - V_upper^k-1||_inf = 0.00537726881941674728, ||V_lower^k - V_lower^k-1||_inf = 0.01964093894516610525, delta^k = -0.01964093894516610525
    Local Iteration  80: ||V_upper^k - V_upper^k-1||_inf = 0.00516217806664007184, ||V_lower^k - V_lower^k-1||_inf = 0.01885530138735946187, delta^k = -0.01885530138735946187
    Local Iteration  81: ||V_upper^k - V_upper^k-1||_inf = 0.00495569094397446674, ||V_lower^k - V_lower^k-1||_inf = 0.01810108933186508479, delta^k = -0.01810108933186508479
    Local Iteration  82: ||V_upper^k - V_upper^k-1||_inf = 0.00475746330621548696, ||V_lower^k - V_lower^k-1||_inf = 0.01684795731780067488, delta^k = -0.01684795731780067488
    Local Iteration  83: ||V_upper^k - V_upper^k-1||_inf = 0.00456716477396686138, ||V_lower^k - V_lower^k-1||_inf = 0.01617403902508864760, delta^k = -0.01617403902508864760
    Local Iteration  84: ||V_upper^k - V_upper^k-1||_inf = 0.00438447818300818914, ||V_lower^k - V_lower^k-1||_inf = 0.01552707746408510392, delta^k = -0.01552707746408510392
    Local Iteration  85: ||V_upper^k - V_upper^k-1||_inf = 0.00420909905568786491, ||V_lower^k - V_lower^k-1||_inf = 0.01490599436552169851, delta^k = -0.01490599436552169851
    Local Iteration  86: ||V_upper^k - V_upper^k-1||_inf = 0.00404073509346035420, ||V_lower^k - V_lower^k-1||_inf = 0.01430975459090082919, delta^k = -0.01430975459090082919
    Local Iteration  87: ||V_upper^k - V_upper^k-1||_inf = 0.00387910568972194003, ||V_lower^k - V_lower^k-1||_inf = 0.01373736440726479671, delta^k = -0.01373736440726479671
    Local Iteration  88: ||V_upper^k - V_upper^k-1||_inf = 0.00372394146213306243, ||V_lower^k - V_lower^k-1||_inf = 0.01318786983097420575, delta^k = -0.01318786983097420575
    Local Iteration  89: ||V_upper^k - V_upper^k-1||_inf = 0.00357498380364773549, ||V_lower^k - V_lower^k-1||_inf = 0.01266035503773523495, delta^k = -0.01266035503773523495
    Local Iteration  90: ||V_upper^k - V_upper^k-1||_inf = 0.00343198445150182108, ||V_lower^k - V_lower^k-1||_inf = 0.01215394083622582319, delta^k = -0.01215394083622582319
    Local Iteration  91: ||V_upper^k - V_upper^k-1||_inf = 0.00329470507344174768, ||V_lower^k - V_lower^k-1||_inf = 0.01166778320277678943, delta^k = -0.01166778320277678943
    Local Iteration  92: ||V_upper^k - V_upper^k-1||_inf = 0.00316291687050408721, ||V_lower^k - V_lower^k-1||_inf = 0.01120107187466572000, delta^k = -0.01120107187466572000
    Local Iteration  93: ||V_upper^k - V_upper^k-1||_inf = 0.00303640019568392205, ||V_lower^k - V_lower^k-1||_inf = 0.01075302899967909252, delta^k = -0.01075302899967909252
    Local Iteration  94: ||V_upper^k - V_upper^k-1||_inf = 0.00291494418785656628, ||V_lower^k - V_lower^k-1||_inf = 0.00943330138829060090, delta^k = -0.00943330138829060090
    Local Iteration  95: ||V_upper^k - V_upper^k-1||_inf = 0.00279834642034229586, ||V_lower^k - V_lower^k-1||_inf = 0.00905596933275897714, delta^k = -0.00905596933275897714
    Local Iteration  96: ||V_upper^k - V_upper^k-1||_inf = 0.00268641256352861180, ||V_lower^k - V_lower^k-1||_inf = 0.00729353253912846944, delta^k = -0.00729353253912846944
    Local Iteration  97: ||V_upper^k - V_upper^k-1||_inf = 0.00257895606098745844, ||V_lower^k - V_lower^k-1||_inf = 0.00700179123756332865, delta^k = -0.00700179123756332865
    Local Iteration  98: ||V_upper^k - V_upper^k-1||_inf = 0.00247579781854796038, ||V_lower^k - V_lower^k-1||_inf = 0.00672171958806079724, delta^k = -0.00672171958806079724
    Local Iteration  99: ||V_upper^k - V_upper^k-1||_inf = 0.00237676590580604419, ||V_lower^k - V_lower^k-1||_inf = 0.00645285080453836604, delta^k = -0.00645285080453836604
    Local Iteration 100: ||V_upper^k - V_upper^k-1||_inf = 0.00228169526957380103, ||V_lower^k - V_lower^k-1||_inf = 0.00619473677235683230, delta^k = -0.00619473677235683230
    Local Iteration 101: ||V_upper^k - V_upper^k-1||_inf = 0.00219042745879084733, ||V_lower^k - V_lower^k-1||_inf = 0.00594694730146255908, delta^k = -0.00594694730146255908
    Local Iteration 102: ||V_upper^k - V_upper^k-1||_inf = 0.00210281036043921676, ||V_lower^k - V_lower^k-1||_inf = 0.00570906940940405644, delta^k = -0.00570906940940405644
    Local Iteration 103: ||V_upper^k - V_upper^k-1||_inf = 0.00201869794602164976, ||V_lower^k - V_lower^k-1||_inf = 0.00548070663302789324, delta^k = -0.00548070663302789324
    Local Iteration 104: ||V_upper^k - V_upper^k-1||_inf = 0.00193795002818077794, ||V_lower^k - V_lower^k-1||_inf = 0.00526147836770677821, delta^k = -0.00526147836770677821
    Local Iteration 105: ||V_upper^k - V_upper^k-1||_inf = 0.00186043202705354904, ||V_lower^k - V_lower^k-1||_inf = 0.00505101923299850625, delta^k = -0.00505101923299850625
    Local Iteration 106: ||V_upper^k - V_upper^k-1||_inf = 0.00103162437482410413, ||V_lower^k - V_lower^k-1||_inf = 0.00484897846367856548, delta^k = -0.00484897846367856548
    Local Iteration 107: ||V_upper^k - V_upper^k-1||_inf = 0.00000000000000000000, ||V_lower^k - V_lower^k-1||_inf = 0.00465501932513142334, delta^k = -0.00465501932513142334
    Local Iteration 108: ||V_upper^k - V_upper^k-1||_inf = 0.00000000000000000000, ||V_lower^k - V_lower^k-1||_inf = 0.00405241367091231999, delta^k = -0.00405241367091231999
    Local Iteration 109: ||V_upper^k - V_upper^k-1||_inf = 0.00000000000000000000, ||V_lower^k - V_lower^k-1||_inf = 0.00389031712407582764, delta^k = -0.00389031712407582764
    Local Iteration 110: ||V_upper^k - V_upper^k-1||_inf = 0.00000000000000000000, ||V_lower^k - V_lower^k-1||_inf = 0.00373470443911279489, delta^k = -0.00373470443911279489
    Local Iteration 111: ||V_upper^k - V_upper^k-1||_inf = 0.00000000000000000000, ||V_lower^k - V_lower^k-1||_inf = 0.00358531626154828375, delta^k = -0.00358531626154828375
    Local Iteration 112: ||V_upper^k - V_upper^k-1||_inf = 0.00000000000000000000, ||V_lower^k - V_lower^k-1||_inf = 0.00344190361108635216, delta^k = -0.00344190361108635216
    Local Iteration 113: ||V_upper^k - V_upper^k-1||_inf = 0.00000000000000000000, ||V_lower^k - V_lower^k-1||_inf = 0.00330422746664289866, delta^k = -0.00330422746664289866
    Local Iteration 114: ||V_upper^k - V_upper^k-1||_inf = 0.00000000000000000000, ||V_lower^k - V_lower^k-1||_inf = 0.00317205836797718275, delta^k = -0.00317205836797718275
    Local Iteration 115: ||V_upper^k - V_upper^k-1||_inf = 0.00000000000000000000, ||V_lower^k - V_lower^k-1||_inf = 0.00304517603325809520, delta^k = -0.00304517603325809520
    Local Iteration 116: ||V_upper^k - V_upper^k-1||_inf = 0.00000000000000000000, ||V_lower^k - V_lower^k-1||_inf = 0.00292336899192777080, delta^k = -0.00292336899192777080
    Local Iteration 117: ||V_upper^k - V_upper^k-1||_inf = 0.00000000000000000000, ||V_lower^k - V_lower^k-1||_inf = 0.00280643423225065969, delta^k = -0.00280643423225065969
    Local Iteration 118: ||V_upper^k - V_upper^k-1||_inf = 0.00000000000000000000, ||V_lower^k - V_lower^k-1||_inf = 0.00269417686296063302, delta^k = -0.00269417686296063302
    Local Iteration 119: ||V_upper^k - V_upper^k-1||_inf = 0.00000000000000000000, ||V_lower^k - V_lower^k-1||_inf = 0.00258640978844220694, delta^k = -0.00258640978844220694
    Local Iteration 120: ||V_upper^k - V_upper^k-1||_inf = 0.00000000000000000000, ||V_lower^k - V_lower^k-1||_inf = 0.00248295339690451835, delta^k = -0.00248295339690451835
    Local Iteration 121: ||V_upper^k - V_upper^k-1||_inf = 0.00000000000000000000, ||V_lower^k - V_lower^k-1||_inf = 0.00238363526102833723, delta^k = -0.00238363526102833723
    Local Iteration 122: ||V_upper^k - V_upper^k-1||_inf = 0.00000000000000000000, ||V_lower^k - V_lower^k-1||_inf = 0.00228828985058720374, delta^k = -0.00228828985058720374
    Local Iteration 123: ||V_upper^k - V_upper^k-1||_inf = 0.00000000000000000000, ||V_lower^k - V_lower^k-1||_inf = 0.00219675825656371563, delta^k = -0.00219675825656371563
    Local Iteration 124: ||V_upper^k - V_upper^k-1||_inf = 0.00000000000000000000, ||V_lower^k - V_lower^k-1||_inf = 0.00210888792630116754, delta^k = -0.00210888792630116754
    Local Iteration 125: ||V_upper^k - V_upper^k-1||_inf = 0.00000000000000000000, ||V_lower^k - V_lower^k-1||_inf = 0.00181329375554708030, delta^k = -0.00181329375554708030
    Local Iteration 126: ||V_upper^k - V_upper^k-1||_inf = 0.00000000000000000000, ||V_lower^k - V_lower^k-1||_inf = 0.00174076200532519761, delta^k = -0.00174076200532519761
    Local Iteration 127: ||V_upper^k - V_upper^k-1||_inf = 0.00000000000000000000, ||V_lower^k - V_lower^k-1||_inf = 0.00167113152511219002, delta^k = -0.00167113152511219002
    Local Iteration 128: ||V_upper^k - V_upper^k-1||_inf = 0.00000000000000000000, ||V_lower^k - V_lower^k-1||_inf = 0.00160428626410770219, delta^k = -0.00160428626410770219
    Local Iteration 129: ||V_upper^k - V_upper^k-1||_inf = 0.00000000000000000000, ||V_lower^k - V_lower^k-1||_inf = 0.00154011481354339409, delta^k = -0.00154011481354339409
    Local Iteration 130: ||V_upper^k - V_upper^k-1||_inf = 0.00000000000000000000, ||V_lower^k - V_lower^k-1||_inf = 0.00147851022100165810, delta^k = -0.00147851022100165810
    Local Iteration 131: ||V_upper^k - V_upper^k-1||_inf = 0.00000000000000000000, ||V_lower^k - V_lower^k-1||_inf = 0.00141936981216159207, delta^k = -0.00141936981216159207
    Local Iteration 132: ||V_upper^k - V_upper^k-1||_inf = 0.00000000000000000000, ||V_lower^k - V_lower^k-1||_inf = 0.00136259501967512815, delta^k = -0.00136259501967512815
    Local Iteration 133: ||V_upper^k - V_upper^k-1||_inf = 0.00000000000000000000, ||V_lower^k - V_lower^k-1||_inf = 0.00126010482978749800, delta^k = -0.00126010482978749800
    Local Iteration 134: ||V_upper^k - V_upper^k-1||_inf = 0.00000000000000000000, ||V_lower^k - V_lower^k-1||_inf = 0.00120970063659599832, delta^k = -0.00120970063659599832
    Local Iteration 135: ||V_upper^k - V_upper^k-1||_inf = 0.00000000000000000000, ||V_lower^k - V_lower^k-1||_inf = 0.00116131261113215818, delta^k = -0.00116131261113215818
    Local Iteration 136: ||V_upper^k - V_upper^k-1||_inf = 0.00000000000000000000, ||V_lower^k - V_lower^k-1||_inf = 0.00111486010668687208, delta^k = -0.00111486010668687208
    Local Iteration 137: ||V_upper^k - V_upper^k-1||_inf = 0.00000000000000000000, ||V_lower^k - V_lower^k-1||_inf = 0.00107026570241939732, delta^k = -0.00107026570241939732
    Local Iteration 138: ||V_upper^k - V_upper^k-1||_inf = 0.00000000000000000000, ||V_lower^k - V_lower^k-1||_inf = 0.00102745507432262144, delta^k = -0.00102745507432262144
    Local Iteration 139: ||V_upper^k - V_upper^k-1||_inf = 0.00000000000000000000, ||V_lower^k - V_lower^k-1||_inf = 0.00098635687134971664, delta^k = -0.00098635687134971664
    Local Iteration 140: ||V_upper^k - V_upper^k-1||_inf = 0.00000000000000000000, ||V_lower^k - V_lower^k-1||_inf = 0.00094690259649572771, delta^k = -0.00094690259649572771
    Local Iteration 141: ||V_upper^k - V_upper^k-1||_inf = 0.00000000000000000000, ||V_lower^k - V_lower^k-1||_inf = 0.00067108528239652617, delta^k = -0.00067108528239652617
    Local Iteration 142: ||V_upper^k - V_upper^k-1||_inf = 0.00000000000000000000, ||V_lower^k - V_lower^k-1||_inf = 0.00059499642409047138, delta^k = -0.00059499642409047138
    Local Iteration 143: ||V_upper^k - V_upper^k-1||_inf = 0.00000000000000000000, ||V_lower^k - V_lower^k-1||_inf = 0.00003673635333454976, delta^k = -0.00003673635333454976
    Local Iteration 144: ||V_upper^k - V_upper^k-1||_inf = 0.00000000000000000000, ||V_lower^k - V_lower^k-1||_inf = 0.00003526689920116779, delta^k = -0.00003526689920116779
    Local Iteration 145: ||V_upper^k - V_upper^k-1||_inf = 0.00000000000000000000, ||V_lower^k - V_lower^k-1||_inf = 0.00003385622323312108, delta^k = -0.00003385622323312108
    Local Iteration 146: ||V_upper^k - V_upper^k-1||_inf = 0.00000000000000000000, ||V_lower^k - V_lower^k-1||_inf = 0.00003250197430379627, delta^k = -0.00003250197430379627
    Local Iteration 147: ||V_upper^k - V_upper^k-1||_inf = 0.00000000000000000000, ||V_lower^k - V_lower^k-1||_inf = 0.00003120189533164434, delta^k = -0.00003120189533164434
    Local Iteration 148: ||V_upper^k - V_upper^k-1||_inf = 0.00000000000000000000, ||V_lower^k - V_lower^k-1||_inf = 0.00002995381951837860, delta^k = -0.00002995381951837860
    Local Iteration 149: ||V_upper^k - V_upper^k-1||_inf = 0.00000000000000000000, ||V_lower^k - V_lower^k-1||_inf = 0.00002875566673764349, delta^k = -0.00002875566673764349
    Local Iteration 150: ||V_upper^k - V_upper^k-1||_inf = 0.00000000000000000000, ||V_lower^k - V_lower^k-1||_inf = 0.00002760544006813774, delta^k = -0.00002760544006813774
    Local Iteration 151: ||V_upper^k - V_upper^k-1||_inf = 0.00000000000000000000, ||V_lower^k - V_lower^k-1||_inf = 0.00002650122246541215, delta^k = -0.00002650122246541215
    Local Iteration 152: ||V_upper^k - V_upper^k-1||_inf = 0.00000000000000000000, ||V_lower^k - V_lower^k-1||_inf = 0.00002544117356679566, delta^k = -0.00002544117356679566
    Local Iteration 153: ||V_upper^k - V_upper^k-1||_inf = 0.00000000000000000000, ||V_lower^k - V_lower^k-1||_inf = 0.00002442352662412385, delta^k = -0.00002442352662412385
    Local Iteration 154: ||V_upper^k - V_upper^k-1||_inf = 0.00000000000000000000, ||V_lower^k - V_lower^k-1||_inf = 0.00002344658555915888, delta^k = -0.00002344658555915888
    Local Iteration 155: ||V_upper^k - V_upper^k-1||_inf = 0.00000000000000000000, ||V_lower^k - V_lower^k-1||_inf = 0.00002250872213679261, delta^k = -0.00002250872213679261
    Local Iteration 156: ||V_upper^k - V_upper^k-1||_inf = 0.00000000000000000000, ||V_lower^k - V_lower^k-1||_inf = 0.00002160837325132091, delta^k = -0.00002160837325132091
    Local Iteration 157: ||V_upper^k - V_upper^k-1||_inf = 0.00000000000000000000, ||V_lower^k - V_lower^k-1||_inf = 0.00002074403832126798, delta^k = -0.00002074403832126798
    Local Iteration 158: ||V_upper^k - V_upper^k-1||_inf = 0.00000000000000000000, ||V_lower^k - V_lower^k-1||_inf = 0.00001991427678841733, delta^k = -0.00001991427678841733
    Local Iteration 159: ||V_upper^k - V_upper^k-1||_inf = 0.00000000000000000000, ||V_lower^k - V_lower^k-1||_inf = 0.00001911770571688063, delta^k = -0.00001911770571688063
    Local Iteration 160: ||V_upper^k - V_upper^k-1||_inf = 0.00000000000000000000, ||V_lower^k - V_lower^k-1||_inf = 0.00001835299748820539, delta^k = -0.00001835299748820539
    Local Iteration 161: ||V_upper^k - V_upper^k-1||_inf = 0.00000000000000000000, ||V_lower^k - V_lower^k-1||_inf = 0.00001761887758867719, delta^k = -0.00001761887758867719
    Local Iteration 162: ||V_upper^k - V_upper^k-1||_inf = 0.00000000000000000000, ||V_lower^k - V_lower^k-1||_inf = 0.00001691412248513009, delta^k = -0.00001691412248513009
    Local Iteration 163: ||V_upper^k - V_upper^k-1||_inf = 0.00000000000000000000, ||V_lower^k - V_lower^k-1||_inf = 0.00001623755758572488, delta^k = -0.00001623755758572488
    Local Iteration 164: ||V_upper^k - V_upper^k-1||_inf = 0.00000000000000000000, ||V_lower^k - V_lower^k-1||_inf = 0.00001558805528229591, delta^k = -0.00001558805528229591
    Local Iteration 165: ||V_upper^k - V_upper^k-1||_inf = 0.00000000000000000000, ||V_lower^k - V_lower^k-1||_inf = 0.00001496453307100407, delta^k = -0.00001496453307100407
    Local Iteration 166: ||V_upper^k - V_upper^k-1||_inf = 0.00000000000000000000, ||V_lower^k - V_lower^k-1||_inf = 0.00001436595174816391, delta^k = -0.00001436595174816391
    Local Iteration 167: ||V_upper^k - V_upper^k-1||_inf = 0.00000000000000000000, ||V_lower^k - V_lower^k-1||_inf = 0.00001379131367823733, delta^k = -0.00001379131367823733
    Local Iteration 168: ||V_upper^k - V_upper^k-1||_inf = 0.00000000000000000000, ||V_lower^k - V_lower^k-1||_inf = 0.00001323966113110783, delta^k = -0.00001323966113110783
    Local Iteration 169: ||V_upper^k - V_upper^k-1||_inf = 0.00000000000000000000, ||V_lower^k - V_lower^k-1||_inf = 0.00001271007468586354, delta^k = -0.00001271007468586354
    Local Iteration 170: ||V_upper^k - V_upper^k-1||_inf = 0.00000000000000000000, ||V_lower^k - V_lower^k-1||_inf = 0.00001220167169842896, delta^k = -0.00001220167169842896
    Local Iteration 171: ||V_upper^k - V_upper^k-1||_inf = 0.00000000000000000000, ||V_lower^k - V_lower^k-1||_inf = 0.00001171360483049184, delta^k = -0.00001171360483049184
    Local Iteration 172: ||V_upper^k - V_upper^k-1||_inf = 0.00000000000000000000, ||V_lower^k - V_lower^k-1||_inf = 0.00001124506063727217, delta^k = -0.00001124506063727217
    Local Iteration 173: ||V_upper^k - V_upper^k-1||_inf = 0.00000000000000000000, ||V_lower^k - V_lower^k-1||_inf = 0.00001079525821178124, delta^k = -0.00001079525821178124
    Local Iteration 174: ||V_upper^k - V_upper^k-1||_inf = 0.00000000000000000000, ||V_lower^k - V_lower^k-1||_inf = 0.00001036344788331002, delta^k = -0.00001036344788331002
    Local Iteration 175: ||V_upper^k - V_upper^k-1||_inf = 0.00000000000000000000, ||V_lower^k - V_lower^k-1||_inf = 0.00000994890996797762, delta^k = -0.00000994890996797762
    Local Iteration 176: ||V_upper^k - V_upper^k-1||_inf = 0.00000000000000000000, ||V_lower^k - V_lower^k-1||_inf = 0.00000955095356925851, delta^k = -0.00000955095356925851
    Local Iteration 177: ||V_upper^k - V_upper^k-1||_inf = 0.00000000000000000000, ||V_lower^k - V_lower^k-1||_inf = 0.00000916891542648816, delta^k = -0.00000916891542648816
    Local Iteration 178: ||V_upper^k - V_upper^k-1||_inf = 0.00000000000000000000, ||V_lower^k - V_lower^k-1||_inf = 0.00000880215880942864, delta^k = -0.00000880215880942864
    Local Iteration 179: ||V_upper^k - V_upper^k-1||_inf = 0.00000000000000000000, ||V_lower^k - V_lower^k-1||_inf = 0.00000845007245705150, delta^k = -0.00000845007245705150
    Local Iteration 180: ||V_upper^k - V_upper^k-1||_inf = 0.00000000000000000000, ||V_lower^k - V_lower^k-1||_inf = 0.00000811206955876942, delta^k = -0.00000811206955876942
    Local Iteration 181: ||V_upper^k - V_upper^k-1||_inf = 0.00000000000000000000, ||V_lower^k - V_lower^k-1||_inf = 0.00000778758677641864, delta^k = -0.00000778758677641864
    Local Iteration 182: ||V_upper^k - V_upper^k-1||_inf = 0.00000000000000000000, ||V_lower^k - V_lower^k-1||_inf = 0.00000747608330536190, delta^k = -0.00000747608330536190
    Local Iteration 183: ||V_upper^k - V_upper^k-1||_inf = 0.00000000000000000000, ||V_lower^k - V_lower^k-1||_inf = 0.00000717703997314743, delta^k = -0.00000717703997314743
    Local Iteration 184: ||V_upper^k - V_upper^k-1||_inf = 0.00000000000000000000, ||V_lower^k - V_lower^k-1||_inf = 0.00000688995837422153, delta^k = -0.00000688995837422153
    Local Iteration 185: ||V_upper^k - V_upper^k-1||_inf = 0.00000000000000000000, ||V_lower^k - V_lower^k-1||_inf = 0.00000661436003925267, delta^k = -0.00000661436003925267
    Local Iteration 186: ||V_upper^k - V_upper^k-1||_inf = 0.00000000000000000000, ||V_lower^k - V_lower^k-1||_inf = 0.00000634978563768257, delta^k = -0.00000634978563768257
    Local Iteration 187: ||V_upper^k - V_upper^k-1||_inf = 0.00000000000000000000, ||V_lower^k - V_lower^k-1||_inf = 0.00000609579421217526, delta^k = -0.00000609579421217526
    Local Iteration 188: ||V_upper^k - V_upper^k-1||_inf = 0.00000000000000000000, ||V_lower^k - V_lower^k-1||_inf = 0.00000585196244368825, delta^k = -0.00000585196244368825
    Local Iteration 189: ||V_upper^k - V_upper^k-1||_inf = 0.00000000000000000000, ||V_lower^k - V_lower^k-1||_inf = 0.00000561788394594072, delta^k = -0.00000561788394594072
    Local Iteration 190: ||V_upper^k - V_upper^k-1||_inf = 0.00000000000000000000, ||V_lower^k - V_lower^k-1||_inf = 0.00000539316858810308, delta^k = -0.00000539316858810308
    Local Iteration 191: ||V_upper^k - V_upper^k-1||_inf = 0.00000000000000000000, ||V_lower^k - V_lower^k-1||_inf = 0.00000517744184457897, delta^k = -0.00000517744184457897
    Local Iteration 192: ||V_upper^k - V_upper^k-1||_inf = 0.00000000000000000000, ||V_lower^k - V_lower^k-1||_inf = 0.00000497034417079581, delta^k = -0.00000497034417079581
    Local Iteration 193: ||V_upper^k - V_upper^k-1||_inf = 0.00000000000000000000, ||V_lower^k - V_lower^k-1||_inf = 0.00000477153040396398, delta^k = -0.00000477153040396398
    Local Iteration 194: ||V_upper^k - V_upper^k-1||_inf = 0.00000000000000000000, ||V_lower^k - V_lower^k-1||_inf = 0.00000458066918780542, delta^k = -0.00000458066918780542
    Local Iteration 195: ||V_upper^k - V_upper^k-1||_inf = 0.00000000000000000000, ||V_lower^k - V_lower^k-1||_inf = 0.00000439744242029320, delta^k = -0.00000439744242029320
    Local Iteration 196: ||V_upper^k - V_upper^k-1||_inf = 0.00000000000000000000, ||V_lower^k - V_lower^k-1||_inf = 0.00000194145897280093, delta^k = -0.00000194145897280093
    Local Iteration 197: ||V_upper^k - V_upper^k-1||_inf = 0.00000000000000000000, ||V_lower^k - V_lower^k-1||_inf = 0.00000000000000000000, delta^k = 0.00000000000000000000

============================================================
 CONSERVATIVE STOPPING CONDITION MET (Algorithm 3)
============================================================
  delta^k = 0.0000000000e+00 >= -delta_max
  ||V_upper^k - V_upper^k-1||_inf = 0.0000000000e+00 < 1e-08
  eps_cons = (0.96 * 0.0000000000e+00) / 0.04 = 0.0000000000e+00
  Correcting V_lower for 7242810 cells: V_lower <- V_lower - eps_cons - eps_machine
   Conservative correction applied successfully
  Machine epsilon eps_machine = 2.220e-16
    Local VI completed in 197 iterations
    Final convergence values:
      ||V_upper^final - V_upper^prev||_inf = 0.00000000e+00
      ||V_lower^final - V_lower^prev||_inf = 0.00000000e+00
  Local VI completed in 197 iterations, time: 42.296s
    Final ||V_upper^k - V_upper^k-1||_inf = 0.00000000000000000000e+00
    Final ||V_lower^k - V_lower^k-1||_inf = 0.00000000000000000000e+00
  Saved visualization: /Users/i.k.tabbara/Documents/python directory/HSCC_2027/refactored_Implementations/results_hscc_2027_newbellmans_12workers/ra_discount/evasion_res30_eps0.05_dmin1e-08_dmax1e-08_gamma0.96_dt0.3_tau0.3_cons/value_function_phase_9_complete.png
  Phase 9 completed in 45.51s with 7242810 leaf cells

Classification after phase 9:
  Safe:          3989772 cells ( 55.1%),   49.1% of state space
  Unsafe:         684588 cells (  9.5%),   32.3% of state space
  Unclassified:  2568450 cells ( 35.5%),   18.6% of state space

======================================================================
REFINEMENT PHASE 10
======================================================================
Boundary cells: 2568450
  Refinable (>eta_min=0.017678): 2568450
  Below threshold: 0
  Cumulative refined: 7215810
  Refinable cell size statistics:
    Max:    0.026180
    Mean:   0.026180
    Min:    0.026180
    Median: 0.026180
  Refining 2568450 cells...
    Refined: 2568450 parent cells
    Created: 5136900 child cells
    Total cells: 9811260
    Refinement time: 0.086s
    Cumulative refined: 9784260
  Rebuilding spatial index...
  Building spatial index for 9811260 cells...
   Spatial index built in 2.78s
    Spatial index rebuilt in 2.783s
  Initializing 5136900 new cells...
  Initializing 5136900 new cells in parallel...
   Initialized in 0.01s (350481158.5 cells/s)
    Initialization completed in 0.015s
  Starting local value iteration...
  Reinitializing ALL 9811260 cells (V = l)
   Reinitialized 9811260 cells in 0.03s (373797885.5 cells/s)
  Local VI: updating all 9811260 cells
    Conservative mode: True
    delta_max: 1e-08
    Max iterations: 1000033
    Updating successor cache for 5136900 updated cells...
    Updating successor cache for 5136900 new cells (HYBRID)...
      Affected cells: 6759314
   Trajectories + spatial queries computed in 14.97s (2258233.1 tasks/s)
    Breakdown: 59.3% ODE, 40.7% queries
     Cache updated in 17.15s (1970407.8 tasks/s)
    Local Iteration   1: ||V_upper^k - V_upper^k-1||_inf = 4.22035565114441180157, ||V_lower^k - V_lower^k-1||_inf = 4.16728534805995742829, delta^k = -4.16728534805995742829
    Local Iteration   2: ||V_upper^k - V_upper^k-1||_inf = 4.03773893565113883852, ||V_lower^k - V_lower^k-1||_inf = 3.94971820031283549213, delta^k = -3.94971820031283549213
    Local Iteration   3: ||V_upper^k - V_upper^k-1||_inf = 3.87622937822509339156, ||V_lower^k - V_lower^k-1||_inf = 3.71023625486375241422, delta^k = -3.71023625486375241422
    Local Iteration   4: ||V_upper^k - V_upper^k-1||_inf = 3.72118020309608921181, ||V_lower^k - V_lower^k-1||_inf = 3.49792736704771467515, delta^k = -3.49792736704771467515
    Local Iteration   5: ||V_upper^k - V_upper^k-1||_inf = 3.57233299497224576768, ||V_lower^k - V_lower^k-1||_inf = 3.28354869233243329418, delta^k = -3.28354869233243329418
    Local Iteration   6: ||V_upper^k - V_upper^k-1||_inf = 3.42943967517335579487, ||V_lower^k - V_lower^k-1||_inf = 3.10893261381459096171, delta^k = -3.10893261381459096171
    Local Iteration   7: ||V_upper^k - V_upper^k-1||_inf = 3.29226208816642174071, ||V_lower^k - V_lower^k-1||_inf = 2.94386397305217650811, delta^k = -2.94386397305217650811
    Local Iteration   8: ||V_upper^k - V_upper^k-1||_inf = 3.16057160463976494214, ||V_lower^k - V_lower^k-1||_inf = 2.78611622049746410212, delta^k = -2.78611622049746410212
    Local Iteration   9: ||V_upper^k - V_upper^k-1||_inf = 3.03414874045417448656, ||V_lower^k - V_lower^k-1||_inf = 2.64117687767152453659, delta^k = -2.64117687767152453659
    Local Iteration  10: ||V_upper^k - V_upper^k-1||_inf = 2.91278279083600732946, ||V_lower^k - V_lower^k-1||_inf = 2.50685531909187186983, delta^k = -2.50685531909187186983
    Local Iteration  11: ||V_upper^k - V_upper^k-1||_inf = 2.79627147920256646785, ||V_lower^k - V_lower^k-1||_inf = 2.39446117066848618293, delta^k = -2.39446117066848618293
    Local Iteration  12: ||V_upper^k - V_upper^k-1||_inf = 2.68442062003446402230, ||V_lower^k - V_lower^k-1||_inf = 2.29125821044605881838, delta^k = -2.29125821044605881838
    Local Iteration  13: ||V_upper^k - V_upper^k-1||_inf = 2.57704379523308535482, ||V_lower^k - V_lower^k-1||_inf = 2.19656127541145540505, delta^k = -2.19656127541145540505
    Local Iteration  14: ||V_upper^k - V_upper^k-1||_inf = 2.47396204342376169194, ||V_lower^k - V_lower^k-1||_inf = 2.10779033362692747033, delta^k = -2.10779033362692747033
    Local Iteration  15: ||V_upper^k - V_upper^k-1||_inf = 2.37500356168681125979, ||V_lower^k - V_lower^k-1||_inf = 2.01580723586810472980, delta^k = -2.01580723586810472980
    Local Iteration  16: ||V_upper^k - V_upper^k-1||_inf = 2.28000341921933857847, ||V_lower^k - V_lower^k-1||_inf = 1.93517494643338050508, delta^k = -1.93517494643338050508
    Local Iteration  17: ||V_upper^k - V_upper^k-1||_inf = 2.18880328245056521297, ||V_lower^k - V_lower^k-1||_inf = 1.85660198559450217992, delta^k = -1.85660198559450217992
    Local Iteration  18: ||V_upper^k - V_upper^k-1||_inf = 2.10125115115254246234, ||V_lower^k - V_lower^k-1||_inf = 1.78233790617072207496, delta^k = -1.78233790617072207496
    Local Iteration  19: ||V_upper^k - V_upper^k-1||_inf = 2.01640079801076677057, ||V_lower^k - V_lower^k-1||_inf = 1.69876388569039815657, delta^k = -1.69876388569039815657
    Local Iteration  20: ||V_upper^k - V_upper^k-1||_inf = 1.93574476609033574448, ||V_lower^k - V_lower^k-1||_inf = 1.62336210142971193449, delta^k = -1.62336210142971193449
    Local Iteration  21: ||V_upper^k - V_upper^k-1||_inf = 1.85831497544672230582, ||V_lower^k - V_lower^k-1||_inf = 1.55842761737252333276, delta^k = -1.55842761737252333276
    Local Iteration  22: ||V_upper^k - V_upper^k-1||_inf = 1.78398237642885337806, ||V_lower^k - V_lower^k-1||_inf = 1.48400747365058394145, delta^k = -1.48400747365058394145
    Local Iteration  23: ||V_upper^k - V_upper^k-1||_inf = 1.71262308137169938504, ||V_lower^k - V_lower^k-1||_inf = 1.30881510866066297361, delta^k = -1.30881510866066297361
    Local Iteration  24: ||V_upper^k - V_upper^k-1||_inf = 1.64411815811683137412, ||V_lower^k - V_lower^k-1||_inf = 1.25646250431423656124, delta^k = -1.25646250431423656124
    Local Iteration  25: ||V_upper^k - V_upper^k-1||_inf = 1.57835343179215814580, ||V_lower^k - V_lower^k-1||_inf = 1.20620400414166706327, delta^k = -1.20620400414166706327
    Local Iteration  26: ||V_upper^k - V_upper^k-1||_inf = 1.51521929452047166009, ||V_lower^k - V_lower^k-1||_inf = 1.11518609369346033411, delta^k = -1.11518609369346033411
    Local Iteration  27: ||V_upper^k - V_upper^k-1||_inf = 1.45461052273965285586, ||V_lower^k - V_lower^k-1||_inf = 1.04104116851814687550, delta^k = -1.04104116851814687550
    Local Iteration  28: ||V_upper^k - V_upper^k-1||_inf = 1.39642610183006676827, ||V_lower^k - V_lower^k-1||_inf = 0.96570989081334657200, delta^k = -0.96570989081334657200
    Local Iteration  29: ||V_upper^k - V_upper^k-1||_inf = 1.34056905775686407978, ||V_lower^k - V_lower^k-1||_inf = 0.87275160526467387978, delta^k = -0.87275160526467387978
    Local Iteration  30: ||V_upper^k - V_upper^k-1||_inf = 1.28694629544658956100, ||V_lower^k - V_lower^k-1||_inf = 0.83226770132056815399, delta^k = -0.83226770132056815399
    Local Iteration  31: ||V_upper^k - V_upper^k-1||_inf = 1.23546844362872576539, ||V_lower^k - V_lower^k-1||_inf = 0.79897699326774529460, delta^k = -0.79897699326774529460
    Local Iteration  32: ||V_upper^k - V_upper^k-1||_inf = 1.18604970588357683248, ||V_lower^k - V_lower^k-1||_inf = 0.76701791353703541176, delta^k = -0.76701791353703541176
    Local Iteration  33: ||V_upper^k - V_upper^k-1||_inf = 1.13478125740443314129, ||V_lower^k - V_lower^k-1||_inf = 0.73633719699555399973, delta^k = -0.73633719699555399973
    Local Iteration  34: ||V_upper^k - V_upper^k-1||_inf = 1.08939000710825584228, ||V_lower^k - V_lower^k-1||_inf = 0.70688370911573183974, delta^k = -0.70688370911573183974
    Local Iteration  35: ||V_upper^k - V_upper^k-1||_inf = 1.04581440682392567965, ||V_lower^k - V_lower^k-1||_inf = 0.67177655763841603864, delta^k = -0.67177655763841603864
    Local Iteration  36: ||V_upper^k - V_upper^k-1||_inf = 1.00398183055096867911, ||V_lower^k - V_lower^k-1||_inf = 0.64490549533287933048, delta^k = -0.64490549533287933048
    Local Iteration  37: ||V_upper^k - V_upper^k-1||_inf = 0.96382255732892985201, ||V_lower^k - V_lower^k-1||_inf = 0.54513122800913382804, delta^k = -0.54513122800913382804
    Local Iteration  38: ||V_upper^k - V_upper^k-1||_inf = 0.92526965503577252026, ||V_lower^k - V_lower^k-1||_inf = 0.45271087599147330494, delta^k = -0.45271087599147330494
    Local Iteration  39: ||V_upper^k - V_upper^k-1||_inf = 0.88825886883434157504, ||V_lower^k - V_lower^k-1||_inf = 0.40489517568733041086, delta^k = -0.40489517568733041086
    Local Iteration  40: ||V_upper^k - V_upper^k-1||_inf = 0.85272851408096794756, ||V_lower^k - V_lower^k-1||_inf = 0.35173068992198308624, delta^k = -0.35173068992198308624
    Local Iteration  41: ||V_upper^k - V_upper^k-1||_inf = 0.81861937351772917637, ||V_lower^k - V_lower^k-1||_inf = 0.33757998927383281451, delta^k = -0.33757998927383281451
    Local Iteration  42: ||V_upper^k - V_upper^k-1||_inf = 0.78587459857701991162, ||V_lower^k - V_lower^k-1||_inf = 0.32401906454567114269, delta^k = -0.32401906454567114269
    Local Iteration  43: ||V_upper^k - V_upper^k-1||_inf = 0.75443961463393915956, ||V_lower^k - V_lower^k-1||_inf = 0.31099817159175224823, delta^k = -0.31099817159175224823
    Local Iteration  44: ||V_upper^k - V_upper^k-1||_inf = 0.72426203004858158430, ||V_lower^k - V_lower^k-1||_inf = 0.29855824472808212278, delta^k = -0.29855824472808212278
    Local Iteration  45: ||V_upper^k - V_upper^k-1||_inf = 0.69529154884663824099, ||V_lower^k - V_lower^k-1||_inf = 0.27574810305421953993, delta^k = -0.27574810305421953993
    Local Iteration  46: ||V_upper^k - V_upper^k-1||_inf = 0.66747988689277271135, ||V_lower^k - V_lower^k-1||_inf = 0.26425519291027343982, delta^k = -0.26425519291027343982
    Local Iteration  47: ||V_upper^k - V_upper^k-1||_inf = 0.64078069141706184286, ||V_lower^k - V_lower^k-1||_inf = 0.25322199917208515485, delta^k = -0.25322199917208515485
    Local Iteration  48: ||V_upper^k - V_upper^k-1||_inf = 0.01906134421181238103, ||V_lower^k - V_lower^k-1||_inf = 0.24214785607740632600, delta^k = -0.24214785607740632600
    Local Iteration  49: ||V_upper^k - V_upper^k-1||_inf = 0.01829889044333987691, ||V_lower^k - V_lower^k-1||_inf = 0.23246194183431007074, delta^k = -0.23246194183431007074
    Local Iteration  50: ||V_upper^k - V_upper^k-1||_inf = 0.01756693482560628405, ||V_lower^k - V_lower^k-1||_inf = 0.22171582904770681388, delta^k = -0.22171582904770681388
    Local Iteration  51: ||V_upper^k - V_upper^k-1||_inf = 0.01686425743258201937, ||V_lower^k - V_lower^k-1||_inf = 0.21234482390036305000, delta^k = -0.21234482390036305000
    Local Iteration  52: ||V_upper^k - V_upper^k-1||_inf = 0.01618968713527874081, ||V_lower^k - V_lower^k-1||_inf = 0.20241364809160058980, delta^k = -0.20241364809160058980
    Local Iteration  53: ||V_upper^k - V_upper^k-1||_inf = 0.01554209964986758008, ||V_lower^k - V_lower^k-1||_inf = 0.17252632058570518958, delta^k = -0.17252632058570518958
    Local Iteration  54: ||V_upper^k - V_upper^k-1||_inf = 0.01492041566387292129, ||V_lower^k - V_lower^k-1||_inf = 0.16562526776227695646, delta^k = -0.16562526776227695646
    Local Iteration  55: ||V_upper^k - V_upper^k-1||_inf = 0.01432359903731800221, ||V_lower^k - V_lower^k-1||_inf = 0.15900025705178588709, delta^k = -0.15900025705178588709
    Local Iteration  56: ||V_upper^k - V_upper^k-1||_inf = 0.01375065507582523550, ||V_lower^k - V_lower^k-1||_inf = 0.15264024676971446604, delta^k = -0.15264024676971446604
    Local Iteration  57: ||V_upper^k - V_upper^k-1||_inf = 0.01320062887279221941, ||V_lower^k - V_lower^k-1||_inf = 0.14653463689892587407, delta^k = -0.14653463689892587407
    Local Iteration  58: ||V_upper^k - V_upper^k-1||_inf = 0.01267260371788053730, ||V_lower^k - V_lower^k-1||_inf = 0.14067325142296885354, delta^k = -0.14067325142296885354
    Local Iteration  59: ||V_upper^k - V_upper^k-1||_inf = 0.01216569956916535578, ||V_lower^k - V_lower^k-1||_inf = 0.13504632136605010384, delta^k = -0.13504632136605010384
    Local Iteration  60: ||V_upper^k - V_upper^k-1||_inf = 0.01167907158639874821, ||V_lower^k - V_lower^k-1||_inf = 0.12964446851140809525, delta^k = -0.12964446851140809525
    Local Iteration  61: ||V_upper^k - V_upper^k-1||_inf = 0.01121190872294275387, ||V_lower^k - V_lower^k-1||_inf = 0.12445868977095175811, delta^k = -0.12445868977095175811
    Local Iteration  62: ||V_upper^k - V_upper^k-1||_inf = 0.01076343237402505038, ||V_lower^k - V_lower^k-1||_inf = 0.07498682918528173924, delta^k = -0.07498682918528173924
    Local Iteration  63: ||V_upper^k - V_upper^k-1||_inf = 0.01033289507906406945, ||V_lower^k - V_lower^k-1||_inf = 0.07085625554485071309, delta^k = -0.07085625554485071309
    Local Iteration  64: ||V_upper^k - V_upper^k-1||_inf = 0.00991957927590150779, ||V_lower^k - V_lower^k-1||_inf = 0.05878595978616769913, delta^k = -0.05878595978616769913
    Local Iteration  65: ||V_upper^k - V_upper^k-1||_inf = 0.00952279610486542194, ||V_lower^k - V_lower^k-1||_inf = 0.05643452139472099338, delta^k = -0.05643452139472099338
    Local Iteration  66: ||V_upper^k - V_upper^k-1||_inf = 0.00914188426067080728, ||V_lower^k - V_lower^k-1||_inf = 0.04889175472573840942, delta^k = -0.04889175472573840942
    Local Iteration  67: ||V_upper^k - V_upper^k-1||_inf = 0.00877620889024399720, ||V_lower^k - V_lower^k-1||_inf = 0.03934744846731823287, delta^k = -0.03934744846731823287
    Local Iteration  68: ||V_upper^k - V_upper^k-1||_inf = 0.00842516053463421288, ||V_lower^k - V_lower^k-1||_inf = 0.03475228597222366350, delta^k = -0.03475228597222366350
    Local Iteration  69: ||V_upper^k - V_upper^k-1||_inf = 0.00808815411324884104, ||V_lower^k - V_lower^k-1||_inf = 0.03336219453333471446, delta^k = -0.03336219453333471446
    Local Iteration  70: ||V_upper^k - V_upper^k-1||_inf = 0.00776462794871890516, ||V_lower^k - V_lower^k-1||_inf = 0.02954268169443051775, delta^k = -0.02954268169443051775
    Local Iteration  71: ||V_upper^k - V_upper^k-1||_inf = 0.00745404283077014118, ||V_lower^k - V_lower^k-1||_inf = 0.02836097442665329316, delta^k = -0.02836097442665329316
    Local Iteration  72: ||V_upper^k - V_upper^k-1||_inf = 0.00715588111753934220, ||V_lower^k - V_lower^k-1||_inf = 0.02722653544958715879, delta^k = -0.02722653544958715879
    Local Iteration  73: ||V_upper^k - V_upper^k-1||_inf = 0.00686964587283775407, ||V_lower^k - V_lower^k-1||_inf = 0.02613747403160367536, delta^k = -0.02613747403160367536
    Local Iteration  74: ||V_upper^k - V_upper^k-1||_inf = 0.00659486003792425501, ||V_lower^k - V_lower^k-1||_inf = 0.02509197507033952487, delta^k = -0.02509197507033952487
    Local Iteration  75: ||V_upper^k - V_upper^k-1||_inf = 0.00633106563640728481, ||V_lower^k - V_lower^k-1||_inf = 0.02408829606752594527, delta^k = -0.02408829606752594527
    Local Iteration  76: ||V_upper^k - V_upper^k-1||_inf = 0.00607782301095100008, ||V_lower^k - V_lower^k-1||_inf = 0.02312476422482490773, delta^k = -0.02312476422482490773
    Local Iteration  77: ||V_upper^k - V_upper^k-1||_inf = 0.00583471009051295120, ||V_lower^k - V_lower^k-1||_inf = 0.02219977365583190865, delta^k = -0.02219977365583190865
    Local Iteration  78: ||V_upper^k - V_upper^k-1||_inf = 0.00560132168689242427, ||V_lower^k - V_lower^k-1||_inf = 0.02131178270959863466, delta^k = -0.02131178270959863466
    Local Iteration  79: ||V_upper^k - V_upper^k-1||_inf = 0.00537726881941674728, ||V_lower^k - V_lower^k-1||_inf = 0.02045931140121469080, delta^k = -0.02045931140121469080
    Local Iteration  80: ||V_upper^k - V_upper^k-1||_inf = 0.00516217806664007184, ||V_lower^k - V_lower^k-1||_inf = 0.01964093894516610525, delta^k = -0.01964093894516610525
    Local Iteration  81: ||V_upper^k - V_upper^k-1||_inf = 0.00495569094397446674, ||V_lower^k - V_lower^k-1||_inf = 0.01885530138735946187, delta^k = -0.01885530138735946187
    Local Iteration  82: ||V_upper^k - V_upper^k-1||_inf = 0.00475746330621548696, ||V_lower^k - V_lower^k-1||_inf = 0.01810108933186508479, delta^k = -0.01810108933186508479
    Local Iteration  83: ||V_upper^k - V_upper^k-1||_inf = 0.00456716477396686138, ||V_lower^k - V_lower^k-1||_inf = 0.01684795731780067488, delta^k = -0.01684795731780067488
    Local Iteration  84: ||V_upper^k - V_upper^k-1||_inf = 0.00438447818300818914, ||V_lower^k - V_lower^k-1||_inf = 0.01617403902508864760, delta^k = -0.01617403902508864760
    Local Iteration  85: ||V_upper^k - V_upper^k-1||_inf = 0.00420909905568786491, ||V_lower^k - V_lower^k-1||_inf = 0.01552707746408510392, delta^k = -0.01552707746408510392
    Local Iteration  86: ||V_upper^k - V_upper^k-1||_inf = 0.00404073509346035420, ||V_lower^k - V_lower^k-1||_inf = 0.01490599436552169851, delta^k = -0.01490599436552169851
    Local Iteration  87: ||V_upper^k - V_upper^k-1||_inf = 0.00387910568972194003, ||V_lower^k - V_lower^k-1||_inf = 0.01430975459090082919, delta^k = -0.01430975459090082919
    Local Iteration  88: ||V_upper^k - V_upper^k-1||_inf = 0.00372394146213306243, ||V_lower^k - V_lower^k-1||_inf = 0.01373736440726479671, delta^k = -0.01373736440726479671
    Local Iteration  89: ||V_upper^k - V_upper^k-1||_inf = 0.00357498380364773549, ||V_lower^k - V_lower^k-1||_inf = 0.01318786983097420575, delta^k = -0.01318786983097420575
    Local Iteration  90: ||V_upper^k - V_upper^k-1||_inf = 0.00343198445150182108, ||V_lower^k - V_lower^k-1||_inf = 0.01266035503773523495, delta^k = -0.01266035503773523495
    Local Iteration  91: ||V_upper^k - V_upper^k-1||_inf = 0.00329470507344174768, ||V_lower^k - V_lower^k-1||_inf = 0.01215394083622582319, delta^k = -0.01215394083622582319
    Local Iteration  92: ||V_upper^k - V_upper^k-1||_inf = 0.00316291687050408721, ||V_lower^k - V_lower^k-1||_inf = 0.01166778320277678943, delta^k = -0.01166778320277678943
    Local Iteration  93: ||V_upper^k - V_upper^k-1||_inf = 0.00303640019568392205, ||V_lower^k - V_lower^k-1||_inf = 0.01120107187466572000, delta^k = -0.01120107187466572000
    Local Iteration  94: ||V_upper^k - V_upper^k-1||_inf = 0.00291494418785656628, ||V_lower^k - V_lower^k-1||_inf = 0.01075302899967909252, delta^k = -0.01075302899967909252
    Local Iteration  95: ||V_upper^k - V_upper^k-1||_inf = 0.00279834642034229586, ||V_lower^k - V_lower^k-1||_inf = 0.01032290783969192806, delta^k = -0.01032290783969192806
    Local Iteration  96: ||V_upper^k - V_upper^k-1||_inf = 0.00268641256352861180, ||V_lower^k - V_lower^k-1||_inf = 0.00990999152610425212, delta^k = -0.00990999152610425212
    Local Iteration  97: ||V_upper^k - V_upper^k-1||_inf = 0.00257895606098745844, ||V_lower^k - V_lower^k-1||_inf = 0.00951359186506008092, delta^k = -0.00951359186506008092
    Local Iteration  98: ||V_upper^k - V_upper^k-1||_inf = 0.00247579781854796038, ||V_lower^k - V_lower^k-1||_inf = 0.00913304819045767692, delta^k = -0.00913304819045767692
    Local Iteration  99: ||V_upper^k - V_upper^k-1||_inf = 0.00237676590580604419, ||V_lower^k - V_lower^k-1||_inf = 0.00876772626283936832, delta^k = -0.00876772626283936832
    Local Iteration 100: ||V_upper^k - V_upper^k-1||_inf = 0.00228169526957380103, ||V_lower^k - V_lower^k-1||_inf = 0.00841701721232579296, delta^k = -0.00841701721232579296
    Local Iteration 101: ||V_upper^k - V_upper^k-1||_inf = 0.00219042745879084733, ||V_lower^k - V_lower^k-1||_inf = 0.00808033652383275888, delta^k = -0.00808033652383275888
    Local Iteration 102: ||V_upper^k - V_upper^k-1||_inf = 0.00121460946968938305, ||V_lower^k - V_lower^k-1||_inf = 0.00775712306287944763, delta^k = -0.00775712306287944763
    Local Iteration 103: ||V_upper^k - V_upper^k-1||_inf = 0.00000000000000000000, ||V_lower^k - V_lower^k-1||_inf = 0.00744683814036426785, delta^k = -0.00744683814036426785
    Local Iteration 104: ||V_upper^k - V_upper^k-1||_inf = 0.00000000000000000000, ||V_lower^k - V_lower^k-1||_inf = 0.00548070663302789324, delta^k = -0.00548070663302789324
    Local Iteration 105: ||V_upper^k - V_upper^k-1||_inf = 0.00000000000000000000, ||V_lower^k - V_lower^k-1||_inf = 0.00526147836770677821, delta^k = -0.00526147836770677821
    Local Iteration 106: ||V_upper^k - V_upper^k-1||_inf = 0.00000000000000000000, ||V_lower^k - V_lower^k-1||_inf = 0.00505101923299850625, delta^k = -0.00505101923299850625
    Local Iteration 107: ||V_upper^k - V_upper^k-1||_inf = 0.00000000000000000000, ||V_lower^k - V_lower^k-1||_inf = 0.00484897846367856548, delta^k = -0.00484897846367856548
    Local Iteration 108: ||V_upper^k - V_upper^k-1||_inf = 0.00000000000000000000, ||V_lower^k - V_lower^k-1||_inf = 0.00465501932513142334, delta^k = -0.00465501932513142334
    Local Iteration 109: ||V_upper^k - V_upper^k-1||_inf = 0.00000000000000000000, ||V_lower^k - V_lower^k-1||_inf = 0.00411167216823309263, delta^k = -0.00411167216823309263
    Local Iteration 110: ||V_upper^k - V_upper^k-1||_inf = 0.00000000000000000000, ||V_lower^k - V_lower^k-1||_inf = 0.00394720528150376785, delta^k = -0.00394720528150376785
    Local Iteration 111: ||V_upper^k - V_upper^k-1||_inf = 0.00000000000000000000, ||V_lower^k - V_lower^k-1||_inf = 0.00373470443911279489, delta^k = -0.00373470443911279489
    Local Iteration 112: ||V_upper^k - V_upper^k-1||_inf = 0.00000000000000000000, ||V_lower^k - V_lower^k-1||_inf = 0.00358531626154828375, delta^k = -0.00358531626154828375
    Local Iteration 113: ||V_upper^k - V_upper^k-1||_inf = 0.00000000000000000000, ||V_lower^k - V_lower^k-1||_inf = 0.00344190361108635216, delta^k = -0.00344190361108635216
    Local Iteration 114: ||V_upper^k - V_upper^k-1||_inf = 0.00000000000000000000, ||V_lower^k - V_lower^k-1||_inf = 0.00330422746664289866, delta^k = -0.00330422746664289866
    Local Iteration 115: ||V_upper^k - V_upper^k-1||_inf = 0.00000000000000000000, ||V_lower^k - V_lower^k-1||_inf = 0.00317205836797718275, delta^k = -0.00317205836797718275
    Local Iteration 116: ||V_upper^k - V_upper^k-1||_inf = 0.00000000000000000000, ||V_lower^k - V_lower^k-1||_inf = 0.00304517603325809520, delta^k = -0.00304517603325809520
    Local Iteration 117: ||V_upper^k - V_upper^k-1||_inf = 0.00000000000000000000, ||V_lower^k - V_lower^k-1||_inf = 0.00292336899192777080, delta^k = -0.00292336899192777080
    Local Iteration 118: ||V_upper^k - V_upper^k-1||_inf = 0.00000000000000000000, ||V_lower^k - V_lower^k-1||_inf = 0.00280643423225065969, delta^k = -0.00280643423225065969
    Local Iteration 119: ||V_upper^k - V_upper^k-1||_inf = 0.00000000000000000000, ||V_lower^k - V_lower^k-1||_inf = 0.00269417686296063302, delta^k = -0.00269417686296063302
    Local Iteration 120: ||V_upper^k - V_upper^k-1||_inf = 0.00000000000000000000, ||V_lower^k - V_lower^k-1||_inf = 0.00258640978844220694, delta^k = -0.00258640978844220694
    Local Iteration 121: ||V_upper^k - V_upper^k-1||_inf = 0.00000000000000000000, ||V_lower^k - V_lower^k-1||_inf = 0.00248295339690451835, delta^k = -0.00248295339690451835
    Local Iteration 122: ||V_upper^k - V_upper^k-1||_inf = 0.00000000000000000000, ||V_lower^k - V_lower^k-1||_inf = 0.00238363526102833723, delta^k = -0.00238363526102833723
    Local Iteration 123: ||V_upper^k - V_upper^k-1||_inf = 0.00000000000000000000, ||V_lower^k - V_lower^k-1||_inf = 0.00228828985058720374, delta^k = -0.00228828985058720374
    Local Iteration 124: ||V_upper^k - V_upper^k-1||_inf = 0.00000000000000000000, ||V_lower^k - V_lower^k-1||_inf = 0.00219675825656371563, delta^k = -0.00219675825656371563
    Local Iteration 125: ||V_upper^k - V_upper^k-1||_inf = 0.00000000000000000000, ||V_lower^k - V_lower^k-1||_inf = 0.00210888792630116754, delta^k = -0.00210888792630116754
    Local Iteration 126: ||V_upper^k - V_upper^k-1||_inf = 0.00000000000000000000, ||V_lower^k - V_lower^k-1||_inf = 0.00181329375554709115, delta^k = -0.00181329375554709115
    Local Iteration 127: ||V_upper^k - V_upper^k-1||_inf = 0.00000000000000000000, ||V_lower^k - V_lower^k-1||_inf = 0.00174076200532519761, delta^k = -0.00174076200532519761
    Local Iteration 128: ||V_upper^k - V_upper^k-1||_inf = 0.00000000000000000000, ||V_lower^k - V_lower^k-1||_inf = 0.00167113152511219002, delta^k = -0.00167113152511219002
    Local Iteration 129: ||V_upper^k - V_upper^k-1||_inf = 0.00000000000000000000, ||V_lower^k - V_lower^k-1||_inf = 0.00160428626410770219, delta^k = -0.00160428626410770219
    Local Iteration 130: ||V_upper^k - V_upper^k-1||_inf = 0.00000000000000000000, ||V_lower^k - V_lower^k-1||_inf = 0.00154011481354339409, delta^k = -0.00154011481354339409
    Local Iteration 131: ||V_upper^k - V_upper^k-1||_inf = 0.00000000000000000000, ||V_lower^k - V_lower^k-1||_inf = 0.00147851022100165810, delta^k = -0.00147851022100165810
    Local Iteration 132: ||V_upper^k - V_upper^k-1||_inf = 0.00000000000000000000, ||V_lower^k - V_lower^k-1||_inf = 0.00141936981216159207, delta^k = -0.00141936981216159207
    Local Iteration 133: ||V_upper^k - V_upper^k-1||_inf = 0.00000000000000000000, ||V_lower^k - V_lower^k-1||_inf = 0.00136259501967512815, delta^k = -0.00136259501967512815
    Local Iteration 134: ||V_upper^k - V_upper^k-1||_inf = 0.00000000000000000000, ||V_lower^k - V_lower^k-1||_inf = 0.00126010482978749800, delta^k = -0.00126010482978749800
    Local Iteration 135: ||V_upper^k - V_upper^k-1||_inf = 0.00000000000000000000, ||V_lower^k - V_lower^k-1||_inf = 0.00120970063659599832, delta^k = -0.00120970063659599832
    Local Iteration 136: ||V_upper^k - V_upper^k-1||_inf = 0.00000000000000000000, ||V_lower^k - V_lower^k-1||_inf = 0.00116131261113215818, delta^k = -0.00116131261113215818
    Local Iteration 137: ||V_upper^k - V_upper^k-1||_inf = 0.00000000000000000000, ||V_lower^k - V_lower^k-1||_inf = 0.00111486010668687208, delta^k = -0.00111486010668687208
    Local Iteration 138: ||V_upper^k - V_upper^k-1||_inf = 0.00000000000000000000, ||V_lower^k - V_lower^k-1||_inf = 0.00107026570241939732, delta^k = -0.00107026570241939732
    Local Iteration 139: ||V_upper^k - V_upper^k-1||_inf = 0.00000000000000000000, ||V_lower^k - V_lower^k-1||_inf = 0.00102745507432262144, delta^k = -0.00102745507432262144
    Local Iteration 140: ||V_upper^k - V_upper^k-1||_inf = 0.00000000000000000000, ||V_lower^k - V_lower^k-1||_inf = 0.00098635687134971664, delta^k = -0.00098635687134971664
    Local Iteration 141: ||V_upper^k - V_upper^k-1||_inf = 0.00000000000000000000, ||V_lower^k - V_lower^k-1||_inf = 0.00094690259649572771, delta^k = -0.00094690259649572771
    Local Iteration 142: ||V_upper^k - V_upper^k-1||_inf = 0.00000000000000000000, ||V_lower^k - V_lower^k-1||_inf = 0.00067108528239652617, delta^k = -0.00067108528239652617
    Local Iteration 143: ||V_upper^k - V_upper^k-1||_inf = 0.00000000000000000000, ||V_lower^k - V_lower^k-1||_inf = 0.00063173277742502114, delta^k = -0.00063173277742502114
    Local Iteration 144: ||V_upper^k - V_upper^k-1||_inf = 0.00000000000000000000, ||V_lower^k - V_lower^k-1||_inf = 0.00003526689920116779, delta^k = -0.00003526689920116779
    Local Iteration 145: ||V_upper^k - V_upper^k-1||_inf = 0.00000000000000000000, ||V_lower^k - V_lower^k-1||_inf = 0.00003385622323312108, delta^k = -0.00003385622323312108
    Local Iteration 146: ||V_upper^k - V_upper^k-1||_inf = 0.00000000000000000000, ||V_lower^k - V_lower^k-1||_inf = 0.00003250197430379627, delta^k = -0.00003250197430379627
    Local Iteration 147: ||V_upper^k - V_upper^k-1||_inf = 0.00000000000000000000, ||V_lower^k - V_lower^k-1||_inf = 0.00003120189533164434, delta^k = -0.00003120189533164434
    Local Iteration 148: ||V_upper^k - V_upper^k-1||_inf = 0.00000000000000000000, ||V_lower^k - V_lower^k-1||_inf = 0.00002995381951837860, delta^k = -0.00002995381951837860
    Local Iteration 149: ||V_upper^k - V_upper^k-1||_inf = 0.00000000000000000000, ||V_lower^k - V_lower^k-1||_inf = 0.00002875566673764349, delta^k = -0.00002875566673764349
    Local Iteration 150: ||V_upper^k - V_upper^k-1||_inf = 0.00000000000000000000, ||V_lower^k - V_lower^k-1||_inf = 0.00002760544006813774, delta^k = -0.00002760544006813774
    Local Iteration 151: ||V_upper^k - V_upper^k-1||_inf = 0.00000000000000000000, ||V_lower^k - V_lower^k-1||_inf = 0.00002650122246541215, delta^k = -0.00002650122246541215
    Local Iteration 152: ||V_upper^k - V_upper^k-1||_inf = 0.00000000000000000000, ||V_lower^k - V_lower^k-1||_inf = 0.00002544117356679566, delta^k = -0.00002544117356679566
    Local Iteration 153: ||V_upper^k - V_upper^k-1||_inf = 0.00000000000000000000, ||V_lower^k - V_lower^k-1||_inf = 0.00002442352662412385, delta^k = -0.00002442352662412385
    Local Iteration 154: ||V_upper^k - V_upper^k-1||_inf = 0.00000000000000000000, ||V_lower^k - V_lower^k-1||_inf = 0.00002344658555915888, delta^k = -0.00002344658555915888
    Local Iteration 155: ||V_upper^k - V_upper^k-1||_inf = 0.00000000000000000000, ||V_lower^k - V_lower^k-1||_inf = 0.00002250872213679261, delta^k = -0.00002250872213679261
    Local Iteration 156: ||V_upper^k - V_upper^k-1||_inf = 0.00000000000000000000, ||V_lower^k - V_lower^k-1||_inf = 0.00002160837325132091, delta^k = -0.00002160837325132091
    Local Iteration 157: ||V_upper^k - V_upper^k-1||_inf = 0.00000000000000000000, ||V_lower^k - V_lower^k-1||_inf = 0.00002074403832126798, delta^k = -0.00002074403832126798
    Local Iteration 158: ||V_upper^k - V_upper^k-1||_inf = 0.00000000000000000000, ||V_lower^k - V_lower^k-1||_inf = 0.00001991427678841733, delta^k = -0.00001991427678841733
    Local Iteration 159: ||V_upper^k - V_upper^k-1||_inf = 0.00000000000000000000, ||V_lower^k - V_lower^k-1||_inf = 0.00001911770571688063, delta^k = -0.00001911770571688063
    Local Iteration 160: ||V_upper^k - V_upper^k-1||_inf = 0.00000000000000000000, ||V_lower^k - V_lower^k-1||_inf = 0.00001835299748820539, delta^k = -0.00001835299748820539
    Local Iteration 161: ||V_upper^k - V_upper^k-1||_inf = 0.00000000000000000000, ||V_lower^k - V_lower^k-1||_inf = 0.00001761887758867719, delta^k = -0.00001761887758867719
    Local Iteration 162: ||V_upper^k - V_upper^k-1||_inf = 0.00000000000000000000, ||V_lower^k - V_lower^k-1||_inf = 0.00001691412248513009, delta^k = -0.00001691412248513009
    Local Iteration 163: ||V_upper^k - V_upper^k-1||_inf = 0.00000000000000000000, ||V_lower^k - V_lower^k-1||_inf = 0.00001623755758572488, delta^k = -0.00001623755758572488
    Local Iteration 164: ||V_upper^k - V_upper^k-1||_inf = 0.00000000000000000000, ||V_lower^k - V_lower^k-1||_inf = 0.00001558805528229591, delta^k = -0.00001558805528229591
    Local Iteration 165: ||V_upper^k - V_upper^k-1||_inf = 0.00000000000000000000, ||V_lower^k - V_lower^k-1||_inf = 0.00001496453307100407, delta^k = -0.00001496453307100407
    Local Iteration 166: ||V_upper^k - V_upper^k-1||_inf = 0.00000000000000000000, ||V_lower^k - V_lower^k-1||_inf = 0.00001436595174816391, delta^k = -0.00001436595174816391
    Local Iteration 167: ||V_upper^k - V_upper^k-1||_inf = 0.00000000000000000000, ||V_lower^k - V_lower^k-1||_inf = 0.00001379131367823733, delta^k = -0.00001379131367823733
    Local Iteration 168: ||V_upper^k - V_upper^k-1||_inf = 0.00000000000000000000, ||V_lower^k - V_lower^k-1||_inf = 0.00001323966113110783, delta^k = -0.00001323966113110783
    Local Iteration 169: ||V_upper^k - V_upper^k-1||_inf = 0.00000000000000000000, ||V_lower^k - V_lower^k-1||_inf = 0.00001271007468586354, delta^k = -0.00001271007468586354
    Local Iteration 170: ||V_upper^k - V_upper^k-1||_inf = 0.00000000000000000000, ||V_lower^k - V_lower^k-1||_inf = 0.00001220167169842896, delta^k = -0.00001220167169842896
    Local Iteration 171: ||V_upper^k - V_upper^k-1||_inf = 0.00000000000000000000, ||V_lower^k - V_lower^k-1||_inf = 0.00001171360483049184, delta^k = -0.00001171360483049184
    Local Iteration 172: ||V_upper^k - V_upper^k-1||_inf = 0.00000000000000000000, ||V_lower^k - V_lower^k-1||_inf = 0.00001124506063727217, delta^k = -0.00001124506063727217
    Local Iteration 173: ||V_upper^k - V_upper^k-1||_inf = 0.00000000000000000000, ||V_lower^k - V_lower^k-1||_inf = 0.00001079525821178124, delta^k = -0.00001079525821178124
    Local Iteration 174: ||V_upper^k - V_upper^k-1||_inf = 0.00000000000000000000, ||V_lower^k - V_lower^k-1||_inf = 0.00001036344788331002, delta^k = -0.00001036344788331002
    Local Iteration 175: ||V_upper^k - V_upper^k-1||_inf = 0.00000000000000000000, ||V_lower^k - V_lower^k-1||_inf = 0.00000994890996797762, delta^k = -0.00000994890996797762
    Local Iteration 176: ||V_upper^k - V_upper^k-1||_inf = 0.00000000000000000000, ||V_lower^k - V_lower^k-1||_inf = 0.00000955095356925851, delta^k = -0.00000955095356925851
    Local Iteration 177: ||V_upper^k - V_upper^k-1||_inf = 0.00000000000000000000, ||V_lower^k - V_lower^k-1||_inf = 0.00000916891542648816, delta^k = -0.00000916891542648816
    Local Iteration 178: ||V_upper^k - V_upper^k-1||_inf = 0.00000000000000000000, ||V_lower^k - V_lower^k-1||_inf = 0.00000880215880942864, delta^k = -0.00000880215880942864
    Local Iteration 179: ||V_upper^k - V_upper^k-1||_inf = 0.00000000000000000000, ||V_lower^k - V_lower^k-1||_inf = 0.00000845007245705150, delta^k = -0.00000845007245705150
    Local Iteration 180: ||V_upper^k - V_upper^k-1||_inf = 0.00000000000000000000, ||V_lower^k - V_lower^k-1||_inf = 0.00000811206955876942, delta^k = -0.00000811206955876942
    Local Iteration 181: ||V_upper^k - V_upper^k-1||_inf = 0.00000000000000000000, ||V_lower^k - V_lower^k-1||_inf = 0.00000778758677641864, delta^k = -0.00000778758677641864
    Local Iteration 182: ||V_upper^k - V_upper^k-1||_inf = 0.00000000000000000000, ||V_lower^k - V_lower^k-1||_inf = 0.00000747608330536190, delta^k = -0.00000747608330536190
    Local Iteration 183: ||V_upper^k - V_upper^k-1||_inf = 0.00000000000000000000, ||V_lower^k - V_lower^k-1||_inf = 0.00000717703997314743, delta^k = -0.00000717703997314743
    Local Iteration 184: ||V_upper^k - V_upper^k-1||_inf = 0.00000000000000000000, ||V_lower^k - V_lower^k-1||_inf = 0.00000688995837422153, delta^k = -0.00000688995837422153
    Local Iteration 185: ||V_upper^k - V_upper^k-1||_inf = 0.00000000000000000000, ||V_lower^k - V_lower^k-1||_inf = 0.00000661436003925267, delta^k = -0.00000661436003925267
    Local Iteration 186: ||V_upper^k - V_upper^k-1||_inf = 0.00000000000000000000, ||V_lower^k - V_lower^k-1||_inf = 0.00000634978563768257, delta^k = -0.00000634978563768257
    Local Iteration 187: ||V_upper^k - V_upper^k-1||_inf = 0.00000000000000000000, ||V_lower^k - V_lower^k-1||_inf = 0.00000609579421217526, delta^k = -0.00000609579421217526
    Local Iteration 188: ||V_upper^k - V_upper^k-1||_inf = 0.00000000000000000000, ||V_lower^k - V_lower^k-1||_inf = 0.00000585196244368825, delta^k = -0.00000585196244368825
    Local Iteration 189: ||V_upper^k - V_upper^k-1||_inf = 0.00000000000000000000, ||V_lower^k - V_lower^k-1||_inf = 0.00000561788394594072, delta^k = -0.00000561788394594072
    Local Iteration 190: ||V_upper^k - V_upper^k-1||_inf = 0.00000000000000000000, ||V_lower^k - V_lower^k-1||_inf = 0.00000539316858810308, delta^k = -0.00000539316858810308
    Local Iteration 191: ||V_upper^k - V_upper^k-1||_inf = 0.00000000000000000000, ||V_lower^k - V_lower^k-1||_inf = 0.00000517744184457897, delta^k = -0.00000517744184457897
    Local Iteration 192: ||V_upper^k - V_upper^k-1||_inf = 0.00000000000000000000, ||V_lower^k - V_lower^k-1||_inf = 0.00000497034417079581, delta^k = -0.00000497034417079581
    Local Iteration 193: ||V_upper^k - V_upper^k-1||_inf = 0.00000000000000000000, ||V_lower^k - V_lower^k-1||_inf = 0.00000477153040396398, delta^k = -0.00000477153040396398
    Local Iteration 194: ||V_upper^k - V_upper^k-1||_inf = 0.00000000000000000000, ||V_lower^k - V_lower^k-1||_inf = 0.00000458066918780542, delta^k = -0.00000458066918780542
    Local Iteration 195: ||V_upper^k - V_upper^k-1||_inf = 0.00000000000000000000, ||V_lower^k - V_lower^k-1||_inf = 0.00000439744242029320, delta^k = -0.00000439744242029320
    Local Iteration 196: ||V_upper^k - V_upper^k-1||_inf = 0.00000000000000000000, ||V_lower^k - V_lower^k-1||_inf = 0.00000422154472348148, delta^k = -0.00000422154472348148
    Local Iteration 197: ||V_upper^k - V_upper^k-1||_inf = 0.00000000000000000000, ||V_lower^k - V_lower^k-1||_inf = 0.00000405268293454222, delta^k = -0.00000405268293454222
    Local Iteration 198: ||V_upper^k - V_upper^k-1||_inf = 0.00000000000000000000, ||V_lower^k - V_lower^k-1||_inf = 0.00000389057561716052, delta^k = -0.00000389057561716052
    Local Iteration 199: ||V_upper^k - V_upper^k-1||_inf = 0.00000000000000000000, ||V_lower^k - V_lower^k-1||_inf = 0.00000373495259247410, delta^k = -0.00000373495259247410
    Local Iteration 200: ||V_upper^k - V_upper^k-1||_inf = 0.00000000000000000000, ||V_lower^k - V_lower^k-1||_inf = 0.00000358555448877514, delta^k = -0.00000358555448877514
    Local Iteration 201: ||V_upper^k - V_upper^k-1||_inf = 0.00000000000000000000, ||V_lower^k - V_lower^k-1||_inf = 0.00000344213230922414, delta^k = -0.00000344213230922414
    Local Iteration 202: ||V_upper^k - V_upper^k-1||_inf = 0.00000000000000000000, ||V_lower^k - V_lower^k-1||_inf = 0.00000330444701685517, delta^k = -0.00000330444701685517
    Local Iteration 203: ||V_upper^k - V_upper^k-1||_inf = 0.00000000000000000000, ||V_lower^k - V_lower^k-1||_inf = 0.00000317226913618095, delta^k = -0.00000317226913618095
    Local Iteration 204: ||V_upper^k - V_upper^k-1||_inf = 0.00000000000000000000, ||V_lower^k - V_lower^k-1||_inf = 0.00000304537837073372, delta^k = -0.00000304537837073372
    Local Iteration 205: ||V_upper^k - V_upper^k-1||_inf = 0.00000000000000000000, ||V_lower^k - V_lower^k-1||_inf = 0.00000134452634016312, delta^k = -0.00000134452634016312
    Local Iteration 206: ||V_upper^k - V_upper^k-1||_inf = 0.00000000000000000000, ||V_lower^k - V_lower^k-1||_inf = 0.00000000000000000000, delta^k = 0.00000000000000000000

============================================================
 CONSERVATIVE STOPPING CONDITION MET (Algorithm 3)
============================================================
  delta^k = 0.0000000000e+00 >= -delta_max
  ||V_upper^k - V_upper^k-1||_inf = 0.0000000000e+00 < 1e-08
  eps_cons = (0.96 * 0.0000000000e+00) / 0.04 = 0.0000000000e+00
  Correcting V_lower for 9811260 cells: V_lower <- V_lower - eps_cons - eps_machine
   Conservative correction applied successfully
  Machine epsilon eps_machine = 2.220e-16
    Local VI completed in 206 iterations
    Final convergence values:
      ||V_upper^final - V_upper^prev||_inf = 0.00000000e+00
      ||V_lower^final - V_lower^prev||_inf = 0.00000000e+00
  Local VI completed in 206 iterations, time: 113.993s
    Final ||V_upper^k - V_upper^k-1||_inf = 0.00000000000000000000e+00
    Final ||V_lower^k - V_lower^k-1||_inf = 0.00000000000000000000e+00
  Saved visualization: /Users/i.k.tabbara/Documents/python directory/HSCC_2027/refactored_Implementations/results_hscc_2027_newbellmans_12workers/ra_discount/evasion_res30_eps0.05_dmin1e-08_dmax1e-08_gamma0.96_dt0.3_tau0.3_cons/value_function_phase_10_complete.png
  Phase 10 completed in 117.89s with 9811260 leaf cells

Classification after phase 10:
  Safe:          4028350 cells ( 41.1%),   49.2% of state space
  Unsafe:         722218 cells (  7.4%),   32.5% of state space
  Unclassified:  5060692 cells ( 51.6%),   18.3% of state space

======================================================================
REFINEMENT PHASE 11
======================================================================
Boundary cells: 5060692
  Refinable (>eta_min=0.017678): 5060692
  Below threshold: 0
  Cumulative refined: 9784260
  Refinable cell size statistics:
    Max:    0.025000
    Mean:   0.025000
    Min:    0.025000
    Median: 0.025000
  Refining 5060692 cells...
    Refined: 5060692 parent cells
    Created: 10121384 child cells
    Total cells: 14871952
    Refinement time: 1.553s
    Cumulative refined: 14844952
  Rebuilding spatial index...
  Building spatial index for 14871952 cells...
   Spatial index built in 4.88s
    Spatial index rebuilt in 4.876s
  Initializing 10121384 new cells...
  Initializing 10121384 new cells in parallel...
   Initialized in 0.05s (216892222.3 cells/s)
    Initialization completed in 0.047s
  Starting local value iteration...
  Reinitializing ALL 14871952 cells (V = l)
   Reinitialized 14871952 cells in 0.09s (167363853.3 cells/s)
  Local VI: updating all 14871952 cells
    Conservative mode: True
    delta_max: 1e-08
    Max iterations: 1000033
    Updating successor cache for 10121384 updated cells...
    Updating successor cache for 10121384 new cells (HYBRID)...
      Affected cells: 11777262
   Trajectories + spatial queries computed in 28.41s (2072836.0 tasks/s)
    Breakdown: 54.9% ODE, 45.1% queries
     Cache updated in 34.91s (1686710.6 tasks/s)
    Local Iteration   1: ||V_upper^k - V_upper^k-1||_inf = 4.22035565114441180157, ||V_lower^k - V_lower^k-1||_inf = 4.17170707443724086971, delta^k = -4.17170707443724086971
    Local Iteration   2: ||V_upper^k - V_upper^k-1||_inf = 4.03773893565113883852, ||V_lower^k - V_lower^k-1||_inf = 3.95394508957923651593, delta^k = -3.95394508957923651593
    Local Iteration   3: ||V_upper^k - V_upper^k-1||_inf = 3.87622937822509339156, ||V_lower^k - V_lower^k-1||_inf = 3.72579417620435116021, delta^k = -3.72579417620435116021
    Local Iteration   4: ||V_upper^k - V_upper^k-1||_inf = 3.72118020309608921181, ||V_lower^k - V_lower^k-1||_inf = 3.50335074424877257471, delta^k = -3.50335074424877257471
    Local Iteration   5: ||V_upper^k - V_upper^k-1||_inf = 3.57233299497224576768, ||V_lower^k - V_lower^k-1||_inf = 3.28833390374095202446, delta^k = -3.28833390374095202446
    Local Iteration   6: ||V_upper^k - V_upper^k-1||_inf = 3.42943967517335579487, ||V_lower^k - V_lower^k-1||_inf = 3.10611033741935527175, delta^k = -3.10611033741935527175
    Local Iteration   7: ||V_upper^k - V_upper^k-1||_inf = 3.29226208816642174071, ||V_lower^k - V_lower^k-1||_inf = 2.94027510173803063864, delta^k = -2.94027510173803063864
    Local Iteration   8: ||V_upper^k - V_upper^k-1||_inf = 3.16057160463976494214, ||V_lower^k - V_lower^k-1||_inf = 2.78279721166043536584, delta^k = -2.78279721166043536584
    Local Iteration   9: ||V_upper^k - V_upper^k-1||_inf = 3.03414874045417448656, ||V_lower^k - V_lower^k-1||_inf = 2.63327348870533617387, delta^k = -2.63327348870533617387
    Local Iteration  10: ||V_upper^k - V_upper^k-1||_inf = 2.91278279083600732946, ||V_lower^k - V_lower^k-1||_inf = 2.49906432789096655256, delta^k = -2.49906432789096655256
    Local Iteration  11: ||V_upper^k - V_upper^k-1||_inf = 2.79627147920256646785, ||V_lower^k - V_lower^k-1||_inf = 2.39183740100215214142, delta^k = -2.39183740100215214142
    Local Iteration  12: ||V_upper^k - V_upper^k-1||_inf = 2.68442062003446402230, ||V_lower^k - V_lower^k-1||_inf = 2.28804701841402424733, delta^k = -2.28804701841402424733
    Local Iteration  13: ||V_upper^k - V_upper^k-1||_inf = 2.57704379523308535482, ||V_lower^k - V_lower^k-1||_inf = 2.19323744102954787394, delta^k = -2.19323744102954787394
    Local Iteration  14: ||V_upper^k - V_upper^k-1||_inf = 2.47396204342376169194, ||V_lower^k - V_lower^k-1||_inf = 2.10300493385173314920, delta^k = -2.10300493385173314920
    Local Iteration  15: ||V_upper^k - V_upper^k-1||_inf = 2.37500356168681125979, ||V_lower^k - V_lower^k-1||_inf = 2.01633313830452642890, delta^k = -2.01633313830452642890
    Local Iteration  16: ||V_upper^k - V_upper^k-1||_inf = 2.28000341921933857847, ||V_lower^k - V_lower^k-1||_inf = 1.93567981277234535398, delta^k = -1.93567981277234535398
    Local Iteration  17: ||V_upper^k - V_upper^k-1||_inf = 2.18880328245056521297, ||V_lower^k - V_lower^k-1||_inf = 1.85825262026145154870, delta^k = -1.85825262026145154870
    Local Iteration  18: ||V_upper^k - V_upper^k-1||_inf = 2.10125115115254246234, ||V_lower^k - V_lower^k-1||_inf = 1.77955004224261736923, delta^k = -1.77955004224261736923
    Local Iteration  19: ||V_upper^k - V_upper^k-1||_inf = 2.01640079801076677057, ||V_lower^k - V_lower^k-1||_inf = 1.69985907892916698891, delta^k = -1.69985907892916698891
    Local Iteration  20: ||V_upper^k - V_upper^k-1||_inf = 1.93574476609033574448, ||V_lower^k - V_lower^k-1||_inf = 1.62395672843019456266, delta^k = -1.62395672843019456266
    Local Iteration  21: ||V_upper^k - V_upper^k-1||_inf = 1.85831497544672230582, ||V_lower^k - V_lower^k-1||_inf = 1.55899845929298663805, delta^k = -1.55899845929298663805
    Local Iteration  22: ||V_upper^k - V_upper^k-1||_inf = 1.78398237642885337806, ||V_lower^k - V_lower^k-1||_inf = 1.43272510008512399260, delta^k = -1.43272510008512399260
    Local Iteration  23: ||V_upper^k - V_upper^k-1||_inf = 1.71262308137169938504, ||V_lower^k - V_lower^k-1||_inf = 1.33499595111134627956, delta^k = -1.33499595111134627956
    Local Iteration  24: ||V_upper^k - V_upper^k-1||_inf = 1.64411815811683137412, ||V_lower^k - V_lower^k-1||_inf = 1.25032167782547443124, delta^k = -1.25032167782547443124
    Local Iteration  25: ||V_upper^k - V_upper^k-1||_inf = 1.57835343179215814580, ||V_lower^k - V_lower^k-1||_inf = 1.19742276437178274406, delta^k = -1.19742276437178274406
    Local Iteration  26: ||V_upper^k - V_upper^k-1||_inf = 1.51521929452047166009, ||V_lower^k - V_lower^k-1||_inf = 1.14189410464146057222, delta^k = -1.14189410464146057222
    Local Iteration  27: ||V_upper^k - V_upper^k-1||_inf = 1.45461052273965285586, ||V_lower^k - V_lower^k-1||_inf = 1.05971795073715657765, delta^k = -1.05971795073715657765
    Local Iteration  28: ||V_upper^k - V_upper^k-1||_inf = 1.39642610183006676827, ||V_lower^k - V_lower^k-1||_inf = 0.96570989081334657200, delta^k = -0.96570989081334657200
    Local Iteration  29: ||V_upper^k - V_upper^k-1||_inf = 1.34056905775686407978, ||V_lower^k - V_lower^k-1||_inf = 0.87275160526467387978, delta^k = -0.87275160526467387978
    Local Iteration  30: ||V_upper^k - V_upper^k-1||_inf = 1.28694629544658956100, ||V_lower^k - V_lower^k-1||_inf = 0.83226770132056815399, delta^k = -0.83226770132056815399
    Local Iteration  31: ||V_upper^k - V_upper^k-1||_inf = 1.23546844362872576539, ||V_lower^k - V_lower^k-1||_inf = 0.79897699326774529460, delta^k = -0.79897699326774529460
    Local Iteration  32: ||V_upper^k - V_upper^k-1||_inf = 1.18604970588357683248, ||V_lower^k - V_lower^k-1||_inf = 0.76701791353703541176, delta^k = -0.76701791353703541176
    Local Iteration  33: ||V_upper^k - V_upper^k-1||_inf = 1.13478125740443314129, ||V_lower^k - V_lower^k-1||_inf = 0.73633719699555399973, delta^k = -0.73633719699555399973
    Local Iteration  34: ||V_upper^k - V_upper^k-1||_inf = 1.08939000710825584228, ||V_lower^k - V_lower^k-1||_inf = 0.69976724754001662365, delta^k = -0.69976724754001662365
    Local Iteration  35: ||V_upper^k - V_upper^k-1||_inf = 1.04581440682392567965, ||V_lower^k - V_lower^k-1||_inf = 0.67177655763841603864, delta^k = -0.67177655763841603864
    Local Iteration  36: ||V_upper^k - V_upper^k-1||_inf = 1.00398183055096867911, ||V_lower^k - V_lower^k-1||_inf = 0.64490549533287933048, delta^k = -0.64490549533287933048
    Local Iteration  37: ||V_upper^k - V_upper^k-1||_inf = 0.96382255732892985201, ||V_lower^k - V_lower^k-1||_inf = 0.61910927551956418391, delta^k = -0.61910927551956418391
    Local Iteration  38: ||V_upper^k - V_upper^k-1||_inf = 0.92526965503577252026, ||V_lower^k - V_lower^k-1||_inf = 0.38178272602267876445, delta^k = -0.38178272602267876445
    Local Iteration  39: ||V_upper^k - V_upper^k-1||_inf = 0.88825886883434157504, ||V_lower^k - V_lower^k-1||_inf = 0.36651141698177158723, delta^k = -0.36651141698177158723
    Local Iteration  40: ||V_upper^k - V_upper^k-1||_inf = 0.85272851408096794756, ||V_lower^k - V_lower^k-1||_inf = 0.35173068992198308624, delta^k = -0.35173068992198308624
    Local Iteration  41: ||V_upper^k - V_upper^k-1||_inf = 0.81861937351772917637, ||V_lower^k - V_lower^k-1||_inf = 0.33763540542475278805, delta^k = -0.33763540542475278805
    Local Iteration  42: ||V_upper^k - V_upper^k-1||_inf = 0.78587459857701991162, ||V_lower^k - V_lower^k-1||_inf = 0.32407678970287945308, delta^k = -0.32407678970287945308
    Local Iteration  43: ||V_upper^k - V_upper^k-1||_inf = 0.75443961463393915956, ||V_lower^k - V_lower^k-1||_inf = 0.31099817159175224823, delta^k = -0.31099817159175224823
    Local Iteration  44: ||V_upper^k - V_upper^k-1||_inf = 0.72426203004858158430, ||V_lower^k - V_lower^k-1||_inf = 0.29852756596681068180, delta^k = -0.29852756596681068180
    Local Iteration  45: ||V_upper^k - V_upper^k-1||_inf = 0.69529154884663824099, ||V_lower^k - V_lower^k-1||_inf = 0.27526582594820148131, delta^k = -0.27526582594820148131
    Local Iteration  46: ||V_upper^k - V_upper^k-1||_inf = 0.66747988689277271135, ||V_lower^k - V_lower^k-1||_inf = 0.26425519291027343982, delta^k = -0.26425519291027343982
    Local Iteration  47: ||V_upper^k - V_upper^k-1||_inf = 0.64078069141706184286, ||V_lower^k - V_lower^k-1||_inf = 0.25322199917208515485, delta^k = -0.25322199917208515485
    Local Iteration  48: ||V_upper^k - V_upper^k-1||_inf = 0.61514946376037926701, ||V_lower^k - V_lower^k-1||_inf = 0.24263013318342438462, delta^k = -0.24263013318342438462
    Local Iteration  49: ||V_upper^k - V_upper^k-1||_inf = 0.01830500339377549857, ||V_lower^k - V_lower^k-1||_inf = 0.23246194183431007074, delta^k = -0.23246194183431007074
    Local Iteration  50: ||V_upper^k - V_upper^k-1||_inf = 0.01757280325802446086, ||V_lower^k - V_lower^k-1||_inf = 0.22221820103314227079, delta^k = -0.22221820103314227079
    Local Iteration  51: ||V_upper^k - V_upper^k-1||_inf = 0.01686989112770348465, ||V_lower^k - V_lower^k-1||_inf = 0.21234482390036305000, delta^k = -0.21234482390036305000
    Local Iteration  52: ||V_upper^k - V_upper^k-1||_inf = 0.01619509548259534526, ||V_lower^k - V_lower^k-1||_inf = 0.20241364809160058980, delta^k = -0.20241364809160058980
    Local Iteration  53: ||V_upper^k - V_upper^k-1||_inf = 0.01554729166329155143, ||V_lower^k - V_lower^k-1||_inf = 0.17252632058570518958, delta^k = -0.17252632058570518958
    Local Iteration  54: ||V_upper^k - V_upper^k-1||_inf = 0.01492539999675990270, ||V_lower^k - V_lower^k-1||_inf = 0.16562526776227695646, delta^k = -0.16562526776227695646
    Local Iteration  55: ||V_upper^k - V_upper^k-1||_inf = 0.01432838399688945996, ||V_lower^k - V_lower^k-1||_inf = 0.15900025705178588709, delta^k = -0.15900025705178588709
    Local Iteration  56: ||V_upper^k - V_upper^k-1||_inf = 0.01375524863701388378, ||V_lower^k - V_lower^k-1||_inf = 0.15264024676971446604, delta^k = -0.15264024676971446604
    Local Iteration  57: ||V_upper^k - V_upper^k-1||_inf = 0.01320503869153333287, ||V_lower^k - V_lower^k-1||_inf = 0.14653463689892587407, delta^k = -0.14653463689892587407
    Local Iteration  58: ||V_upper^k - V_upper^k-1||_inf = 0.01267683714387202176, ||V_lower^k - V_lower^k-1||_inf = 0.14067325142296885354, delta^k = -0.14067325142296885354
    Local Iteration  59: ||V_upper^k - V_upper^k-1||_inf = 0.01216976365811711647, ||V_lower^k - V_lower^k-1||_inf = 0.13504632136605010384, delta^k = -0.13504632136605010384
    Local Iteration  60: ||V_upper^k - V_upper^k-1||_inf = 0.01168297311179244957, ||V_lower^k - V_lower^k-1||_inf = 0.12964446851140809525, delta^k = -0.12964446851140809525
    Local Iteration  61: ||V_upper^k - V_upper^k-1||_inf = 0.01121565418732073383, ||V_lower^k - V_lower^k-1||_inf = 0.12445868977095175811, delta^k = -0.12445868977095175811
    Local Iteration  62: ||V_upper^k - V_upper^k-1||_inf = 0.01076702801982792890, ||V_lower^k - V_lower^k-1||_inf = 0.11948034218011369112, delta^k = -0.11948034218011369112
    Local Iteration  63: ||V_upper^k - V_upper^k-1||_inf = 0.01033634689903481507, ||V_lower^k - V_lower^k-1||_inf = 0.11470112849290912960, delta^k = -0.11470112849290912960
    Local Iteration  64: ||V_upper^k - V_upper^k-1||_inf = 0.00992289302307342025, ||V_lower^k - V_lower^k-1||_inf = 0.05878595978616769913, delta^k = -0.05878595978616769913
    Local Iteration  65: ||V_upper^k - V_upper^k-1||_inf = 0.00952597730215046234, ||V_lower^k - V_lower^k-1||_inf = 0.05643452139472099338, delta^k = -0.05643452139472099338
    Local Iteration  66: ||V_upper^k - V_upper^k-1||_inf = 0.00914493821006445717, ||V_lower^k - V_lower^k-1||_inf = 0.04889175472573840942, delta^k = -0.04889175472573840942
    Local Iteration  67: ||V_upper^k - V_upper^k-1||_inf = 0.00877914068166188444, ||V_lower^k - V_lower^k-1||_inf = 0.03934744846731823287, delta^k = -0.03934744846731823287
    Local Iteration  68: ||V_upper^k - V_upper^k-1||_inf = 0.00842797505439540906, ||V_lower^k - V_lower^k-1||_inf = 0.03475228597222366350, delta^k = -0.03475228597222366350
    Local Iteration  69: ||V_upper^k - V_upper^k-1||_inf = 0.00809085605221956938, ||V_lower^k - V_lower^k-1||_inf = 0.03336219453333471446, delta^k = -0.03336219453333471446
    Local Iteration  70: ||V_upper^k - V_upper^k-1||_inf = 0.00776722181013078661, ||V_lower^k - V_lower^k-1||_inf = 0.02954268169443051775, delta^k = -0.02954268169443051775
    Local Iteration  71: ||V_upper^k - V_upper^k-1||_inf = 0.00745653293772557957, ||V_lower^k - V_lower^k-1||_inf = 0.02836097442665329316, delta^k = -0.02836097442665329316
    Local Iteration  72: ||V_upper^k - V_upper^k-1||_inf = 0.00715827162021653862, ||V_lower^k - V_lower^k-1||_inf = 0.02722653544958715879, delta^k = -0.02722653544958715879
    Local Iteration  73: ||V_upper^k - V_upper^k-1||_inf = 0.00687194075540789595, ||V_lower^k - V_lower^k-1||_inf = 0.02613747403160367536, delta^k = -0.02613747403160367536
    Local Iteration  74: ||V_upper^k - V_upper^k-1||_inf = 0.00659706312519156568, ||V_lower^k - V_lower^k-1||_inf = 0.02509197507033952487, delta^k = -0.02509197507033952487
    Local Iteration  75: ||V_upper^k - V_upper^k-1||_inf = 0.00633318060018389639, ||V_lower^k - V_lower^k-1||_inf = 0.02408829606752594527, delta^k = -0.02408829606752594527
    Local Iteration  76: ||V_upper^k - V_upper^k-1||_inf = 0.00607985337617655830, ||V_lower^k - V_lower^k-1||_inf = 0.02312476422482490773, delta^k = -0.02312476422482490773
    Local Iteration  77: ||V_upper^k - V_upper^k-1||_inf = 0.00583665924112949930, ||V_lower^k - V_lower^k-1||_inf = 0.02219977365583190865, delta^k = -0.02219977365583190865
    Local Iteration  78: ||V_upper^k - V_upper^k-1||_inf = 0.00560319287148430822, ||V_lower^k - V_lower^k-1||_inf = 0.02131178270959863466, delta^k = -0.02131178270959863466
    Local Iteration  79: ||V_upper^k - V_upper^k-1||_inf = 0.00537906515662492368, ||V_lower^k - V_lower^k-1||_inf = 0.02045931140121469080, delta^k = -0.02045931140121469080
    Local Iteration  80: ||V_upper^k - V_upper^k-1||_inf = 0.00516390255035993617, ||V_lower^k - V_lower^k-1||_inf = 0.01964093894516610525, delta^k = -0.01964093894516610525
    Local Iteration  81: ||V_upper^k - V_upper^k-1||_inf = 0.00495734644834554261, ||V_lower^k - V_lower^k-1||_inf = 0.01885530138735946187, delta^k = -0.01885530138735946187
    Local Iteration  82: ||V_upper^k - V_upper^k-1||_inf = 0.00475905259041171924, ||V_lower^k - V_lower^k-1||_inf = 0.01810108933186508479, delta^k = -0.01810108933186508479
    Local Iteration  83: ||V_upper^k - V_upper^k-1||_inf = 0.00456869048679524326, ||V_lower^k - V_lower^k-1||_inf = 0.01684795731780067488, delta^k = -0.01684795731780067488
    Local Iteration  84: ||V_upper^k - V_upper^k-1||_inf = 0.00438594286732343908, ||V_lower^k - V_lower^k-1||_inf = 0.01617403902508864760, delta^k = -0.01617403902508864760
    Local Iteration  85: ||V_upper^k - V_upper^k-1||_inf = 0.00421050515263049485, ||V_lower^k - V_lower^k-1||_inf = 0.01552707746408510392, delta^k = -0.01552707746408510392
    Local Iteration  86: ||V_upper^k - V_upper^k-1||_inf = 0.00404208494652527617, ||V_lower^k - V_lower^k-1||_inf = 0.01490599436552169851, delta^k = -0.01490599436552169851
    Local Iteration  87: ||V_upper^k - V_upper^k-1||_inf = 0.00388040154866427234, ||V_lower^k - V_lower^k-1||_inf = 0.01430975459090082919, delta^k = -0.01430975459090082919
    Local Iteration  88: ||V_upper^k - V_upper^k-1||_inf = 0.00372518548671769978, ||V_lower^k - V_lower^k-1||_inf = 0.01373736440726479671, delta^k = -0.01373736440726479671
    Local Iteration  89: ||V_upper^k - V_upper^k-1||_inf = 0.00357617806724898346, ||V_lower^k - V_lower^k-1||_inf = 0.01318786983097420575, delta^k = -0.01318786983097420575
    Local Iteration  90: ||V_upper^k - V_upper^k-1||_inf = 0.00343313094455903467, ||V_lower^k - V_lower^k-1||_inf = 0.01266035503773523495, delta^k = -0.01266035503773523495
    Local Iteration  91: ||V_upper^k - V_upper^k-1||_inf = 0.00329580570677666385, ||V_lower^k - V_lower^k-1||_inf = 0.01215394083622582319, delta^k = -0.01215394083622582319
    Local Iteration  92: ||V_upper^k - V_upper^k-1||_inf = 0.00316397347850559674, ||V_lower^k - V_lower^k-1||_inf = 0.01166778320277678943, delta^k = -0.01166778320277678943
    Local Iteration  93: ||V_upper^k - V_upper^k-1||_inf = 0.00303741453936537398, ||V_lower^k - V_lower^k-1||_inf = 0.01120107187466572000, delta^k = -0.01120107187466572000
    Local Iteration  94: ||V_upper^k - V_upper^k-1||_inf = 0.00291591795779076735, ||V_lower^k - V_lower^k-1||_inf = 0.01075302899967909252, delta^k = -0.01075302899967909252
    Local Iteration  95: ||V_upper^k - V_upper^k-1||_inf = 0.00279928123947913166, ||V_lower^k - V_lower^k-1||_inf = 0.01032290783969192806, delta^k = -0.01032290783969192806
    Local Iteration  96: ||V_upper^k - V_upper^k-1||_inf = 0.00268730998989996639, ||V_lower^k - V_lower^k-1||_inf = 0.00990999152610425212, delta^k = -0.00990999152610425212
    Local Iteration  97: ||V_upper^k - V_upper^k-1||_inf = 0.00257981759030397051, ||V_lower^k - V_lower^k-1||_inf = 0.00951359186506008092, delta^k = -0.00951359186506008092
    Local Iteration  98: ||V_upper^k - V_upper^k-1||_inf = 0.00247662488669180697, ||V_lower^k - V_lower^k-1||_inf = 0.00913304819045767692, delta^k = -0.00913304819045767692
    Local Iteration  99: ||V_upper^k - V_upper^k-1||_inf = 0.00237755989122413747, ||V_lower^k - V_lower^k-1||_inf = 0.00876772626283936832, delta^k = -0.00876772626283936832
    Local Iteration 100: ||V_upper^k - V_upper^k-1||_inf = 0.00228245749557517280, ||V_lower^k - V_lower^k-1||_inf = 0.00841701721232579296, delta^k = -0.00841701721232579296
    Local Iteration 101: ||V_upper^k - V_upper^k-1||_inf = 0.00219115919575216256, ||V_lower^k - V_lower^k-1||_inf = 0.00808033652383275888, delta^k = -0.00808033652383275888
    Local Iteration 102: ||V_upper^k - V_upper^k-1||_inf = 0.00123217115676092087, ||V_lower^k - V_lower^k-1||_inf = 0.00775712306287944763, delta^k = -0.00775712306287944763
    Local Iteration 103: ||V_upper^k - V_upper^k-1||_inf = 0.00000000000000000000, ||V_lower^k - V_lower^k-1||_inf = 0.00744683814036426785, delta^k = -0.00744683814036426785
    Local Iteration 104: ||V_upper^k - V_upper^k-1||_inf = 0.00000000000000000000, ||V_lower^k - V_lower^k-1||_inf = 0.00653288190424949899, delta^k = -0.00653288190424949899
    Local Iteration 105: ||V_upper^k - V_upper^k-1||_inf = 0.00000000000000000000, ||V_lower^k - V_lower^k-1||_inf = 0.00627156662807951820, delta^k = -0.00627156662807951820
    Local Iteration 106: ||V_upper^k - V_upper^k-1||_inf = 0.00000000000000000000, ||V_lower^k - V_lower^k-1||_inf = 0.00505101923299850625, delta^k = -0.00505101923299850625
    Local Iteration 107: ||V_upper^k - V_upper^k-1||_inf = 0.00000000000000000000, ||V_lower^k - V_lower^k-1||_inf = 0.00484897846367856548, delta^k = -0.00484897846367856548
    Local Iteration 108: ||V_upper^k - V_upper^k-1||_inf = 0.00000000000000000000, ||V_lower^k - V_lower^k-1||_inf = 0.00465501932513142334, delta^k = -0.00465501932513142334
    Local Iteration 109: ||V_upper^k - V_upper^k-1||_inf = 0.00000000000000000000, ||V_lower^k - V_lower^k-1||_inf = 0.00446881855212616710, delta^k = -0.00446881855212616710
    Local Iteration 110: ||V_upper^k - V_upper^k-1||_inf = 0.00000000000000000000, ||V_lower^k - V_lower^k-1||_inf = 0.00429006581004112101, delta^k = -0.00429006581004112101
    Local Iteration 111: ||V_upper^k - V_upper^k-1||_inf = 0.00000000000000000000, ||V_lower^k - V_lower^k-1||_inf = 0.00402050929186839167, delta^k = -0.00402050929186839167
    Local Iteration 112: ||V_upper^k - V_upper^k-1||_inf = 0.00000000000000000000, ||V_lower^k - V_lower^k-1||_inf = 0.00385968892019365652, delta^k = -0.00385968892019365652
    Local Iteration 113: ||V_upper^k - V_upper^k-1||_inf = 0.00000000000000000000, ||V_lower^k - V_lower^k-1||_inf = 0.00370530136338591016, delta^k = -0.00370530136338591016
    Local Iteration 114: ||V_upper^k - V_upper^k-1||_inf = 0.00000000000000000000, ||V_lower^k - V_lower^k-1||_inf = 0.00355708930885047410, delta^k = -0.00355708930885047410
    Local Iteration 115: ||V_upper^k - V_upper^k-1||_inf = 0.00000000000000000000, ||V_lower^k - V_lower^k-1||_inf = 0.00341480573649645489, delta^k = -0.00341480573649645489
    Local Iteration 116: ||V_upper^k - V_upper^k-1||_inf = 0.00000000000000000000, ||V_lower^k - V_lower^k-1||_inf = 0.00304517603325809520, delta^k = -0.00304517603325809520
    Local Iteration 117: ||V_upper^k - V_upper^k-1||_inf = 0.00000000000000000000, ||V_lower^k - V_lower^k-1||_inf = 0.00292336899192777080, delta^k = -0.00292336899192777080
    Local Iteration 118: ||V_upper^k - V_upper^k-1||_inf = 0.00000000000000000000, ||V_lower^k - V_lower^k-1||_inf = 0.00280643423225065969, delta^k = -0.00280643423225065969
    Local Iteration 119: ||V_upper^k - V_upper^k-1||_inf = 0.00000000000000000000, ||V_lower^k - V_lower^k-1||_inf = 0.00269417686296063302, delta^k = -0.00269417686296063302
    Local Iteration 120: ||V_upper^k - V_upper^k-1||_inf = 0.00000000000000000000, ||V_lower^k - V_lower^k-1||_inf = 0.00258640978844220694, delta^k = -0.00258640978844220694
    Local Iteration 121: ||V_upper^k - V_upper^k-1||_inf = 0.00000000000000000000, ||V_lower^k - V_lower^k-1||_inf = 0.00248295339690451835, delta^k = -0.00248295339690451835
    Local Iteration 122: ||V_upper^k - V_upper^k-1||_inf = 0.00000000000000000000, ||V_lower^k - V_lower^k-1||_inf = 0.00238363526102833723, delta^k = -0.00238363526102833723
    Local Iteration 123: ||V_upper^k - V_upper^k-1||_inf = 0.00000000000000000000, ||V_lower^k - V_lower^k-1||_inf = 0.00228828985058720374, delta^k = -0.00228828985058720374
    Local Iteration 124: ||V_upper^k - V_upper^k-1||_inf = 0.00000000000000000000, ||V_lower^k - V_lower^k-1||_inf = 0.00219675825656371563, delta^k = -0.00219675825656371563
    Local Iteration 125: ||V_upper^k - V_upper^k-1||_inf = 0.00000000000000000000, ||V_lower^k - V_lower^k-1||_inf = 0.00210888792630116754, delta^k = -0.00210888792630116754
    Local Iteration 126: ||V_upper^k - V_upper^k-1||_inf = 0.00000000000000000000, ||V_lower^k - V_lower^k-1||_inf = 0.00181329375554709115, delta^k = -0.00181329375554709115
    Local Iteration 127: ||V_upper^k - V_upper^k-1||_inf = 0.00000000000000000000, ||V_lower^k - V_lower^k-1||_inf = 0.00174076200532519761, delta^k = -0.00174076200532519761
    Local Iteration 128: ||V_upper^k - V_upper^k-1||_inf = 0.00000000000000000000, ||V_lower^k - V_lower^k-1||_inf = 0.00167113152511219002, delta^k = -0.00167113152511219002
    Local Iteration 129: ||V_upper^k - V_upper^k-1||_inf = 0.00000000000000000000, ||V_lower^k - V_lower^k-1||_inf = 0.00160428626410770219, delta^k = -0.00160428626410770219
    Local Iteration 130: ||V_upper^k - V_upper^k-1||_inf = 0.00000000000000000000, ||V_lower^k - V_lower^k-1||_inf = 0.00154011481354339409, delta^k = -0.00154011481354339409
    Local Iteration 131: ||V_upper^k - V_upper^k-1||_inf = 0.00000000000000000000, ||V_lower^k - V_lower^k-1||_inf = 0.00147851022100165810, delta^k = -0.00147851022100165810
    Local Iteration 132: ||V_upper^k - V_upper^k-1||_inf = 0.00000000000000000000, ||V_lower^k - V_lower^k-1||_inf = 0.00141936981216159207, delta^k = -0.00141936981216159207
    Local Iteration 133: ||V_upper^k - V_upper^k-1||_inf = 0.00000000000000000000, ||V_lower^k - V_lower^k-1||_inf = 0.00136259501967512815, delta^k = -0.00136259501967512815
    Local Iteration 134: ||V_upper^k - V_upper^k-1||_inf = 0.00000000000000000000, ||V_lower^k - V_lower^k-1||_inf = 0.00126010482978749800, delta^k = -0.00126010482978749800
    Local Iteration 135: ||V_upper^k - V_upper^k-1||_inf = 0.00000000000000000000, ||V_lower^k - V_lower^k-1||_inf = 0.00120970063659599832, delta^k = -0.00120970063659599832
    Local Iteration 136: ||V_upper^k - V_upper^k-1||_inf = 0.00000000000000000000, ||V_lower^k - V_lower^k-1||_inf = 0.00116131261113215818, delta^k = -0.00116131261113215818
    Local Iteration 137: ||V_upper^k - V_upper^k-1||_inf = 0.00000000000000000000, ||V_lower^k - V_lower^k-1||_inf = 0.00111486010668687208, delta^k = -0.00111486010668687208
    Local Iteration 138: ||V_upper^k - V_upper^k-1||_inf = 0.00000000000000000000, ||V_lower^k - V_lower^k-1||_inf = 0.00107026570241939732, delta^k = -0.00107026570241939732
    Local Iteration 139: ||V_upper^k - V_upper^k-1||_inf = 0.00000000000000000000, ||V_lower^k - V_lower^k-1||_inf = 0.00102745507432262144, delta^k = -0.00102745507432262144
    Local Iteration 140: ||V_upper^k - V_upper^k-1||_inf = 0.00000000000000000000, ||V_lower^k - V_lower^k-1||_inf = 0.00098635687134971664, delta^k = -0.00098635687134971664
    Local Iteration 141: ||V_upper^k - V_upper^k-1||_inf = 0.00000000000000000000, ||V_lower^k - V_lower^k-1||_inf = 0.00094690259649572771, delta^k = -0.00094690259649572771
    Local Iteration 142: ||V_upper^k - V_upper^k-1||_inf = 0.00000000000000000000, ||V_lower^k - V_lower^k-1||_inf = 0.00067108528239652617, delta^k = -0.00067108528239652617
    Local Iteration 143: ||V_upper^k - V_upper^k-1||_inf = 0.00000000000000000000, ||V_lower^k - V_lower^k-1||_inf = 0.00063173277742502114, delta^k = -0.00063173277742502114
    Local Iteration 144: ||V_upper^k - V_upper^k-1||_inf = 0.00000000000000000000, ||V_lower^k - V_lower^k-1||_inf = 0.00003526689920116779, delta^k = -0.00003526689920116779
    Local Iteration 145: ||V_upper^k - V_upper^k-1||_inf = 0.00000000000000000000, ||V_lower^k - V_lower^k-1||_inf = 0.00003385622323312108, delta^k = -0.00003385622323312108
    Local Iteration 146: ||V_upper^k - V_upper^k-1||_inf = 0.00000000000000000000, ||V_lower^k - V_lower^k-1||_inf = 0.00003250197430379627, delta^k = -0.00003250197430379627
    Local Iteration 147: ||V_upper^k - V_upper^k-1||_inf = 0.00000000000000000000, ||V_lower^k - V_lower^k-1||_inf = 0.00003120189533164434, delta^k = -0.00003120189533164434
    Local Iteration 148: ||V_upper^k - V_upper^k-1||_inf = 0.00000000000000000000, ||V_lower^k - V_lower^k-1||_inf = 0.00002995381951837860, delta^k = -0.00002995381951837860
    Local Iteration 149: ||V_upper^k - V_upper^k-1||_inf = 0.00000000000000000000, ||V_lower^k - V_lower^k-1||_inf = 0.00002875566673764349, delta^k = -0.00002875566673764349
    Local Iteration 150: ||V_upper^k - V_upper^k-1||_inf = 0.00000000000000000000, ||V_lower^k - V_lower^k-1||_inf = 0.00002760544006813774, delta^k = -0.00002760544006813774
    Local Iteration 151: ||V_upper^k - V_upper^k-1||_inf = 0.00000000000000000000, ||V_lower^k - V_lower^k-1||_inf = 0.00002650122246541215, delta^k = -0.00002650122246541215
    Local Iteration 152: ||V_upper^k - V_upper^k-1||_inf = 0.00000000000000000000, ||V_lower^k - V_lower^k-1||_inf = 0.00002544117356679566, delta^k = -0.00002544117356679566
    Local Iteration 153: ||V_upper^k - V_upper^k-1||_inf = 0.00000000000000000000, ||V_lower^k - V_lower^k-1||_inf = 0.00002442352662412385, delta^k = -0.00002442352662412385
    Local Iteration 154: ||V_upper^k - V_upper^k-1||_inf = 0.00000000000000000000, ||V_lower^k - V_lower^k-1||_inf = 0.00002344658555915888, delta^k = -0.00002344658555915888
    Local Iteration 155: ||V_upper^k - V_upper^k-1||_inf = 0.00000000000000000000, ||V_lower^k - V_lower^k-1||_inf = 0.00002250872213679261, delta^k = -0.00002250872213679261
    Local Iteration 156: ||V_upper^k - V_upper^k-1||_inf = 0.00000000000000000000, ||V_lower^k - V_lower^k-1||_inf = 0.00002160837325132091, delta^k = -0.00002160837325132091
    Local Iteration 157: ||V_upper^k - V_upper^k-1||_inf = 0.00000000000000000000, ||V_lower^k - V_lower^k-1||_inf = 0.00002074403832126798, delta^k = -0.00002074403832126798
    Local Iteration 158: ||V_upper^k - V_upper^k-1||_inf = 0.00000000000000000000, ||V_lower^k - V_lower^k-1||_inf = 0.00001991427678841733, delta^k = -0.00001991427678841733
    Local Iteration 159: ||V_upper^k - V_upper^k-1||_inf = 0.00000000000000000000, ||V_lower^k - V_lower^k-1||_inf = 0.00001911770571688063, delta^k = -0.00001911770571688063
    Local Iteration 160: ||V_upper^k - V_upper^k-1||_inf = 0.00000000000000000000, ||V_lower^k - V_lower^k-1||_inf = 0.00001835299748820539, delta^k = -0.00001835299748820539
    Local Iteration 161: ||V_upper^k - V_upper^k-1||_inf = 0.00000000000000000000, ||V_lower^k - V_lower^k-1||_inf = 0.00001761887758867719, delta^k = -0.00001761887758867719
    Local Iteration 162: ||V_upper^k - V_upper^k-1||_inf = 0.00000000000000000000, ||V_lower^k - V_lower^k-1||_inf = 0.00001691412248513009, delta^k = -0.00001691412248513009
    Local Iteration 163: ||V_upper^k - V_upper^k-1||_inf = 0.00000000000000000000, ||V_lower^k - V_lower^k-1||_inf = 0.00001623755758572488, delta^k = -0.00001623755758572488
    Local Iteration 164: ||V_upper^k - V_upper^k-1||_inf = 0.00000000000000000000, ||V_lower^k - V_lower^k-1||_inf = 0.00001558805528229591, delta^k = -0.00001558805528229591
    Local Iteration 165: ||V_upper^k - V_upper^k-1||_inf = 0.00000000000000000000, ||V_lower^k - V_lower^k-1||_inf = 0.00001496453307100407, delta^k = -0.00001496453307100407
    Local Iteration 166: ||V_upper^k - V_upper^k-1||_inf = 0.00000000000000000000, ||V_lower^k - V_lower^k-1||_inf = 0.00001436595174816391, delta^k = -0.00001436595174816391
    Local Iteration 167: ||V_upper^k - V_upper^k-1||_inf = 0.00000000000000000000, ||V_lower^k - V_lower^k-1||_inf = 0.00001379131367823733, delta^k = -0.00001379131367823733
    Local Iteration 168: ||V_upper^k - V_upper^k-1||_inf = 0.00000000000000000000, ||V_lower^k - V_lower^k-1||_inf = 0.00001323966113110783, delta^k = -0.00001323966113110783
    Local Iteration 169: ||V_upper^k - V_upper^k-1||_inf = 0.00000000000000000000, ||V_lower^k - V_lower^k-1||_inf = 0.00001271007468586354, delta^k = -0.00001271007468586354
    Local Iteration 170: ||V_upper^k - V_upper^k-1||_inf = 0.00000000000000000000, ||V_lower^k - V_lower^k-1||_inf = 0.00001220167169842896, delta^k = -0.00001220167169842896
    Local Iteration 171: ||V_upper^k - V_upper^k-1||_inf = 0.00000000000000000000, ||V_lower^k - V_lower^k-1||_inf = 0.00001171360483049184, delta^k = -0.00001171360483049184
    Local Iteration 172: ||V_upper^k - V_upper^k-1||_inf = 0.00000000000000000000, ||V_lower^k - V_lower^k-1||_inf = 0.00001124506063727217, delta^k = -0.00001124506063727217
    Local Iteration 173: ||V_upper^k - V_upper^k-1||_inf = 0.00000000000000000000, ||V_lower^k - V_lower^k-1||_inf = 0.00001079525821178124, delta^k = -0.00001079525821178124
    Local Iteration 174: ||V_upper^k - V_upper^k-1||_inf = 0.00000000000000000000, ||V_lower^k - V_lower^k-1||_inf = 0.00001036344788331002, delta^k = -0.00001036344788331002
    Local Iteration 175: ||V_upper^k - V_upper^k-1||_inf = 0.00000000000000000000, ||V_lower^k - V_lower^k-1||_inf = 0.00000994890996797762, delta^k = -0.00000994890996797762
    Local Iteration 176: ||V_upper^k - V_upper^k-1||_inf = 0.00000000000000000000, ||V_lower^k - V_lower^k-1||_inf = 0.00000955095356925851, delta^k = -0.00000955095356925851
    Local Iteration 177: ||V_upper^k - V_upper^k-1||_inf = 0.00000000000000000000, ||V_lower^k - V_lower^k-1||_inf = 0.00000916891542648816, delta^k = -0.00000916891542648816
    Local Iteration 178: ||V_upper^k - V_upper^k-1||_inf = 0.00000000000000000000, ||V_lower^k - V_lower^k-1||_inf = 0.00000880215880942864, delta^k = -0.00000880215880942864
    Local Iteration 179: ||V_upper^k - V_upper^k-1||_inf = 0.00000000000000000000, ||V_lower^k - V_lower^k-1||_inf = 0.00000845007245705150, delta^k = -0.00000845007245705150
    Local Iteration 180: ||V_upper^k - V_upper^k-1||_inf = 0.00000000000000000000, ||V_lower^k - V_lower^k-1||_inf = 0.00000811206955876942, delta^k = -0.00000811206955876942
    Local Iteration 181: ||V_upper^k - V_upper^k-1||_inf = 0.00000000000000000000, ||V_lower^k - V_lower^k-1||_inf = 0.00000778758677641864, delta^k = -0.00000778758677641864
    Local Iteration 182: ||V_upper^k - V_upper^k-1||_inf = 0.00000000000000000000, ||V_lower^k - V_lower^k-1||_inf = 0.00000747608330536190, delta^k = -0.00000747608330536190
    Local Iteration 183: ||V_upper^k - V_upper^k-1||_inf = 0.00000000000000000000, ||V_lower^k - V_lower^k-1||_inf = 0.00000717703997314743, delta^k = -0.00000717703997314743
    Local Iteration 184: ||V_upper^k - V_upper^k-1||_inf = 0.00000000000000000000, ||V_lower^k - V_lower^k-1||_inf = 0.00000688995837422153, delta^k = -0.00000688995837422153
    Local Iteration 185: ||V_upper^k - V_upper^k-1||_inf = 0.00000000000000000000, ||V_lower^k - V_lower^k-1||_inf = 0.00000661436003925267, delta^k = -0.00000661436003925267
    Local Iteration 186: ||V_upper^k - V_upper^k-1||_inf = 0.00000000000000000000, ||V_lower^k - V_lower^k-1||_inf = 0.00000634978563768257, delta^k = -0.00000634978563768257
    Local Iteration 187: ||V_upper^k - V_upper^k-1||_inf = 0.00000000000000000000, ||V_lower^k - V_lower^k-1||_inf = 0.00000609579421217526, delta^k = -0.00000609579421217526
    Local Iteration 188: ||V_upper^k - V_upper^k-1||_inf = 0.00000000000000000000, ||V_lower^k - V_lower^k-1||_inf = 0.00000585196244368825, delta^k = -0.00000585196244368825
    Local Iteration 189: ||V_upper^k - V_upper^k-1||_inf = 0.00000000000000000000, ||V_lower^k - V_lower^k-1||_inf = 0.00000561788394594072, delta^k = -0.00000561788394594072
    Local Iteration 190: ||V_upper^k - V_upper^k-1||_inf = 0.00000000000000000000, ||V_lower^k - V_lower^k-1||_inf = 0.00000539316858810308, delta^k = -0.00000539316858810308
    Local Iteration 191: ||V_upper^k - V_upper^k-1||_inf = 0.00000000000000000000, ||V_lower^k - V_lower^k-1||_inf = 0.00000517744184457897, delta^k = -0.00000517744184457897
    Local Iteration 192: ||V_upper^k - V_upper^k-1||_inf = 0.00000000000000000000, ||V_lower^k - V_lower^k-1||_inf = 0.00000497034417079581, delta^k = -0.00000497034417079581
    Local Iteration 193: ||V_upper^k - V_upper^k-1||_inf = 0.00000000000000000000, ||V_lower^k - V_lower^k-1||_inf = 0.00000477153040396398, delta^k = -0.00000477153040396398
    Local Iteration 194: ||V_upper^k - V_upper^k-1||_inf = 0.00000000000000000000, ||V_lower^k - V_lower^k-1||_inf = 0.00000458066918780542, delta^k = -0.00000458066918780542
    Local Iteration 195: ||V_upper^k - V_upper^k-1||_inf = 0.00000000000000000000, ||V_lower^k - V_lower^k-1||_inf = 0.00000439744242029320, delta^k = -0.00000439744242029320
    Local Iteration 196: ||V_upper^k - V_upper^k-1||_inf = 0.00000000000000000000, ||V_lower^k - V_lower^k-1||_inf = 0.00000422154472348148, delta^k = -0.00000422154472348148
    Local Iteration 197: ||V_upper^k - V_upper^k-1||_inf = 0.00000000000000000000, ||V_lower^k - V_lower^k-1||_inf = 0.00000405268293454222, delta^k = -0.00000405268293454222
    Local Iteration 198: ||V_upper^k - V_upper^k-1||_inf = 0.00000000000000000000, ||V_lower^k - V_lower^k-1||_inf = 0.00000389057561716052, delta^k = -0.00000389057561716052
    Local Iteration 199: ||V_upper^k - V_upper^k-1||_inf = 0.00000000000000000000, ||V_lower^k - V_lower^k-1||_inf = 0.00000373495259247410, delta^k = -0.00000373495259247410
    Local Iteration 200: ||V_upper^k - V_upper^k-1||_inf = 0.00000000000000000000, ||V_lower^k - V_lower^k-1||_inf = 0.00000358555448877514, delta^k = -0.00000358555448877514
    Local Iteration 201: ||V_upper^k - V_upper^k-1||_inf = 0.00000000000000000000, ||V_lower^k - V_lower^k-1||_inf = 0.00000344213230922414, delta^k = -0.00000344213230922414
    Local Iteration 202: ||V_upper^k - V_upper^k-1||_inf = 0.00000000000000000000, ||V_lower^k - V_lower^k-1||_inf = 0.00000330444701685517, delta^k = -0.00000330444701685517
    Local Iteration 203: ||V_upper^k - V_upper^k-1||_inf = 0.00000000000000000000, ||V_lower^k - V_lower^k-1||_inf = 0.00000317226913618095, delta^k = -0.00000317226913618095
    Local Iteration 204: ||V_upper^k - V_upper^k-1||_inf = 0.00000000000000000000, ||V_lower^k - V_lower^k-1||_inf = 0.00000140054827100326, delta^k = -0.00000140054827100326
    Local Iteration 205: ||V_upper^k - V_upper^k-1||_inf = 0.00000000000000000000, ||V_lower^k - V_lower^k-1||_inf = 0.00000000000000000000, delta^k = 0.00000000000000000000

============================================================
 CONSERVATIVE STOPPING CONDITION MET (Algorithm 3)
============================================================
  delta^k = 0.0000000000e+00 >= -delta_max
  ||V_upper^k - V_upper^k-1||_inf = 0.0000000000e+00 < 1e-08
  eps_cons = (0.96 * 0.0000000000e+00) / 0.04 = 0.0000000000e+00
  Correcting V_lower for 14871952 cells: V_lower <- V_lower - eps_cons - eps_machine
   Conservative correction applied successfully
  Machine epsilon eps_machine = 2.220e-16
    Local VI completed in 205 iterations
    Final convergence values:
      ||V_upper^final - V_upper^prev||_inf = 0.00000000e+00
      ||V_lower^final - V_lower^prev||_inf = 0.00000000e+00
  Local VI completed in 205 iterations, time: 493.708s
    Final ||V_upper^k - V_upper^k-1||_inf = 0.00000000000000000000e+00
    Final ||V_lower^k - V_lower^k-1||_inf = 0.00000000000000000000e+00
  Saved visualization: /Users/i.k.tabbara/Documents/python directory/HSCC_2027/refactored_Implementations/results_hscc_2027_newbellmans_12workers/ra_discount/evasion_res30_eps0.05_dmin1e-08_dmax1e-08_gamma0.96_dt0.3_tau0.3_cons/value_function_phase_11_complete.png
  Phase 11 completed in 501.53s with 14871952 leaf cells

Classification after phase 11:
  Safe:          4133388 cells ( 27.8%),   49.4% of state space
  Unsafe:         790048 cells (  5.3%),   32.6% of state space
  Unclassified:  9948516 cells ( 66.9%),   18.0% of state space

======================================================================
REFINEMENT PHASE 12
======================================================================
Boundary cells: 9948516
  Refinable (>eta_min=0.017678): 9948516
  Below threshold: 0
  Cumulative refined: 14844952
  Refinable cell size statistics:
    Max:    0.025000
    Mean:   0.025000
    Min:    0.025000
    Median: 0.025000
  Refining 9948516 cells...
    Refined: 9948516 parent cells
    Created: 19897032 child cells
    Total cells: 24820468
    Refinement time: 0.318s
    Cumulative refined: 24793468
  Rebuilding spatial index...
  Building spatial index for 24820468 cells...
   Spatial index built in 9.78s
    Spatial index rebuilt in 9.779s
  Initializing 19897032 new cells...
  Initializing 19897032 new cells in parallel...
   Initialized in 0.05s (380685746.4 cells/s)
    Initialization completed in 0.052s
  Starting local value iteration...
  Reinitializing ALL 24820468 cells (V = l)
   Reinitialized 24820468 cells in 0.06s (406558287.2 cells/s)
  Local VI: updating all 24820468 cells
    Conservative mode: True
    delta_max: 1e-08
    Max iterations: 1000033
    Updating successor cache for 19897032 updated cells...
    Updating successor cache for 19897032 new cells (HYBRID)...
      Affected cells: 21644042
   Trajectories + spatial queries computed in 64.90s (1667580.6 tasks/s)
    Breakdown: 63.6% ODE, 36.4% queries
     Cache updated in 113.66s (952171.9 tasks/s)
    Local Iteration   1: ||V_upper^k - V_upper^k-1||_inf = 4.22035565114441180157, ||V_lower^k - V_lower^k-1||_inf = 4.18454584623328962323, delta^k = -4.18454584623328962323
    Local Iteration   2: ||V_upper^k - V_upper^k-1||_inf = 4.03773893565113883852, ||V_lower^k - V_lower^k-1||_inf = 3.99171708136209613116, delta^k = -3.99171708136209613116
    Local Iteration   3: ||V_upper^k - V_upper^k-1||_inf = 3.87622937822509339156, ||V_lower^k - V_lower^k-1||_inf = 3.79131049093444794096, delta^k = -3.79131049093444794096
    Local Iteration   4: ||V_upper^k - V_upper^k-1||_inf = 3.72118020309608921181, ||V_lower^k - V_lower^k-1||_inf = 3.60056628531074940369, delta^k = -3.60056628531074940369
    Local Iteration   5: ||V_upper^k - V_upper^k-1||_inf = 3.57233299497224576768, ||V_lower^k - V_lower^k-1||_inf = 3.41903197861722940587, delta^k = -3.41903197861722940587
    Local Iteration   6: ||V_upper^k - V_upper^k-1||_inf = 3.42943967517335579487, ||V_lower^k - V_lower^k-1||_inf = 3.23198924430144352016, delta^k = -3.23198924430144352016
    Local Iteration   7: ||V_upper^k - V_upper^k-1||_inf = 3.29226208816642174071, ||V_lower^k - V_lower^k-1||_inf = 3.06792585455890920443, delta^k = -3.06792585455890920443
    Local Iteration   8: ||V_upper^k - V_upper^k-1||_inf = 3.16057160463976494214, ||V_lower^k - V_lower^k-1||_inf = 2.90610685672333479701, delta^k = -2.90610685672333479701
    Local Iteration   9: ||V_upper^k - V_upper^k-1||_inf = 3.03414874045417448656, ||V_lower^k - V_lower^k-1||_inf = 2.77620498293025308456, delta^k = -2.77620498293025308456
    Local Iteration  10: ||V_upper^k - V_upper^k-1||_inf = 2.91278279083600732946, ||V_lower^k - V_lower^k-1||_inf = 2.65283143139484067774, delta^k = -2.65283143139484067774
    Local Iteration  11: ||V_upper^k - V_upper^k-1||_inf = 2.79627147920256646785, ||V_lower^k - V_lower^k-1||_inf = 2.54163577033207577216, delta^k = -2.54163577033207577216
    Local Iteration  12: ||V_upper^k - V_upper^k-1||_inf = 2.68442062003446402230, ||V_lower^k - V_lower^k-1||_inf = 2.42817265365037471270, delta^k = -2.42817265365037471270
    Local Iteration  13: ||V_upper^k - V_upper^k-1||_inf = 2.57704379523308535482, ||V_lower^k - V_lower^k-1||_inf = 2.32021449551683112134, delta^k = -2.32021449551683112134
    Local Iteration  14: ||V_upper^k - V_upper^k-1||_inf = 2.47396204342376169194, ||V_lower^k - V_lower^k-1||_inf = 2.21748925142418418233, delta^k = -2.21748925142418418233
    Local Iteration  15: ||V_upper^k - V_upper^k-1||_inf = 2.37500356168681125979, ||V_lower^k - V_lower^k-1||_inf = 2.12353919969843740745, delta^k = -2.12353919969843740745
    Local Iteration  16: ||V_upper^k - V_upper^k-1||_inf = 2.28000341921933857847, ||V_lower^k - V_lower^k-1||_inf = 2.02901574058675393530, delta^k = -2.02901574058675393530
    Local Iteration  17: ||V_upper^k - V_upper^k-1||_inf = 2.18880328245056521297, ||V_lower^k - V_lower^k-1||_inf = 1.94061588461570577735, delta^k = -1.94061588461570577735
    Local Iteration  18: ||V_upper^k - V_upper^k-1||_inf = 2.10125115115254246234, ||V_lower^k - V_lower^k-1||_inf = 1.85841972805744326536, delta^k = -1.85841972805744326536
    Local Iteration  19: ||V_upper^k - V_upper^k-1||_inf = 2.01640079801076677057, ||V_lower^k - V_lower^k-1||_inf = 1.78408293893514535711, delta^k = -1.78408293893514535711
    Local Iteration  20: ||V_upper^k - V_upper^k-1||_inf = 1.93574476609033574448, ||V_lower^k - V_lower^k-1||_inf = 1.71271962137773936519, delta^k = -1.71271962137773936519
    Local Iteration  21: ||V_upper^k - V_upper^k-1||_inf = 1.85831497544672230582, ||V_lower^k - V_lower^k-1||_inf = 1.64391773440362354286, delta^k = -1.64391773440362354286
    Local Iteration  22: ||V_upper^k - V_upper^k-1||_inf = 1.78398237642885337806, ||V_lower^k - V_lower^k-1||_inf = 1.57816102502747868108, delta^k = -1.57816102502747868108
    Local Iteration  23: ||V_upper^k - V_upper^k-1||_inf = 1.71262308137169938504, ||V_lower^k - V_lower^k-1||_inf = 1.51463692339350952665, delta^k = -1.51463692339350952665
    Local Iteration  24: ||V_upper^k - V_upper^k-1||_inf = 1.64411815811683137412, ||V_lower^k - V_lower^k-1||_inf = 1.45071551427557809966, delta^k = -1.45071551427557809966
    Local Iteration  25: ||V_upper^k - V_upper^k-1||_inf = 1.57835343179215814580, ||V_lower^k - V_lower^k-1||_inf = 1.39018791805573549425, delta^k = -1.39018791805573549425
    Local Iteration  26: ||V_upper^k - V_upper^k-1||_inf = 1.51521929452047166009, ||V_lower^k - V_lower^k-1||_inf = 1.33458040133350608336, delta^k = -1.33458040133350608336
    Local Iteration  27: ||V_upper^k - V_upper^k-1||_inf = 1.45461052273965285586, ||V_lower^k - V_lower^k-1||_inf = 1.26320812878174093541, delta^k = -1.26320812878174093541
    Local Iteration  28: ||V_upper^k - V_upper^k-1||_inf = 1.39642610183006676827, ||V_lower^k - V_lower^k-1||_inf = 1.19128785386116242684, delta^k = -1.19128785386116242684
    Local Iteration  29: ||V_upper^k - V_upper^k-1||_inf = 1.34056905775686407978, ||V_lower^k - V_lower^k-1||_inf = 1.13720576887223057128, delta^k = -1.13720576887223057128
    Local Iteration  30: ||V_upper^k - V_upper^k-1||_inf = 1.28694629544658956100, ||V_lower^k - V_lower^k-1||_inf = 1.08906882838033225447, delta^k = -1.08906882838033225447
    Local Iteration  31: ||V_upper^k - V_upper^k-1||_inf = 1.23546844362872576539, ||V_lower^k - V_lower^k-1||_inf = 1.04311030522445502555, delta^k = -1.04311030522445502555
    Local Iteration  32: ||V_upper^k - V_upper^k-1||_inf = 1.18604970588357683248, ||V_lower^k - V_lower^k-1||_inf = 1.00138589301547664689, delta^k = -1.00138589301547664689
    Local Iteration  33: ||V_upper^k - V_upper^k-1||_inf = 1.13860771764823365260, ||V_lower^k - V_lower^k-1||_inf = 0.96133045729485755437, delta^k = -0.96133045729485755437
    Local Iteration  34: ||V_upper^k - V_upper^k-1||_inf = 1.09306340894230435978, ||V_lower^k - V_lower^k-1||_inf = 0.92287723900306328773, delta^k = -0.92287723900306328773
    Local Iteration  35: ||V_upper^k - V_upper^k-1||_inf = 1.04934087258461206105, ||V_lower^k - V_lower^k-1||_inf = 0.88397699137698482197, delta^k = -0.88397699137698482197
    Local Iteration  36: ||V_upper^k - V_upper^k-1||_inf = 1.00736723768122771183, ||V_lower^k - V_lower^k-1||_inf = 0.84642576904214683609, delta^k = -0.84642576904214683609
    Local Iteration  37: ||V_upper^k - V_upper^k-1||_inf = 0.96688063319777395321, ||V_lower^k - V_lower^k-1||_inf = 0.81256873828046094488, delta^k = -0.81256873828046094488
    Local Iteration  38: ||V_upper^k - V_upper^k-1||_inf = 0.92820540786986305282, ||V_lower^k - V_lower^k-1||_inf = 0.78006598874924237830, delta^k = -0.78006598874924237830
    Local Iteration  39: ||V_upper^k - V_upper^k-1||_inf = 0.89107719155506848185, ||V_lower^k - V_lower^k-1||_inf = 0.74886334919927266540, delta^k = -0.74886334919927266540
    Local Iteration  40: ||V_upper^k - V_upper^k-1||_inf = 0.85543410389286578255, ||V_lower^k - V_lower^k-1||_inf = 0.71890881523130178987, delta^k = -0.71890881523130178987
    Local Iteration  41: ||V_upper^k - V_upper^k-1||_inf = 0.82113523857472570100, ||V_lower^k - V_lower^k-1||_inf = 0.69015246262204965610, delta^k = -0.69015246262204965610
    Local Iteration  42: ||V_upper^k - V_upper^k-1||_inf = 0.78587459857701991162, ||V_lower^k - V_lower^k-1||_inf = 0.66254636411716760769, delta^k = -0.66254636411716760769
    Local Iteration  43: ||V_upper^k - V_upper^k-1||_inf = 0.75443961463393915956, ||V_lower^k - V_lower^k-1||_inf = 0.63298195053003336596, delta^k = -0.63298195053003336596
    Local Iteration  44: ||V_upper^k - V_upper^k-1||_inf = 0.72426203004858158430, ||V_lower^k - V_lower^k-1||_inf = 0.57878119511382619677, delta^k = -0.57878119511382619677
    Local Iteration  45: ||V_upper^k - V_upper^k-1||_inf = 0.69529154884663824099, ||V_lower^k - V_lower^k-1||_inf = 0.52292147013217959994, delta^k = -0.52292147013217959994
    Local Iteration  46: ||V_upper^k - V_upper^k-1||_inf = 0.66747988689277271135, ||V_lower^k - V_lower^k-1||_inf = 0.42875422042756261565, delta^k = -0.42875422042756261565
    Local Iteration  47: ||V_upper^k - V_upper^k-1||_inf = 0.64078069141706184286, ||V_lower^k - V_lower^k-1||_inf = 0.41160405161046009770, delta^k = -0.41160405161046009770
    Local Iteration  48: ||V_upper^k - V_upper^k-1||_inf = 0.61514946376037926701, ||V_lower^k - V_lower^k-1||_inf = 0.39513988954604162274, delta^k = -0.39513988954604162274
    Local Iteration  49: ||V_upper^k - V_upper^k-1||_inf = 0.59054348520996402527, ||V_lower^k - V_lower^k-1||_inf = 0.37933429396419993118, delta^k = -0.37933429396419993118
    Local Iteration  50: ||V_upper^k - V_upper^k-1||_inf = 0.01778367335621316991, ||V_lower^k - V_lower^k-1||_inf = 0.36416092220563195392, delta^k = -0.36416092220563195392
    Local Iteration  51: ||V_upper^k - V_upper^k-1||_inf = 0.01707232642196465644, ||V_lower^k - V_lower^k-1||_inf = 0.34959448531740666688, delta^k = -0.34959448531740666688
    Local Iteration  52: ||V_upper^k - V_upper^k-1||_inf = 0.01638943336508608128, ||V_lower^k - V_lower^k-1||_inf = 0.33561070590471037134, delta^k = -0.33561070590471037134
    Local Iteration  53: ||V_upper^k - V_upper^k-1||_inf = 0.01573385603048266246, ||V_lower^k - V_lower^k-1||_inf = 0.32218627766852192540, delta^k = -0.32218627766852192540
    Local Iteration  54: ||V_upper^k - V_upper^k-1||_inf = 0.01510450178926336928, ||V_lower^k - V_lower^k-1||_inf = 0.30929882656178103728, delta^k = -0.30929882656178103728
    Local Iteration  55: ||V_upper^k - V_upper^k-1||_inf = 0.01450032171769283229, ||V_lower^k - V_lower^k-1||_inf = 0.29692687349930979579, delta^k = -0.29692687349930979579
    Local Iteration  56: ||V_upper^k - V_upper^k-1||_inf = 0.01392030884898509679, ||V_lower^k - V_lower^k-1||_inf = 0.28504979855933743060, delta^k = -0.28504979855933743060
    Local Iteration  57: ||V_upper^k - V_upper^k-1||_inf = 0.01336349649502571735, ||V_lower^k - V_lower^k-1||_inf = 0.27364780661696391784, delta^k = -0.27364780661696391784
    Local Iteration  58: ||V_upper^k - V_upper^k-1||_inf = 0.01282895663522470864, ||V_lower^k - V_lower^k-1||_inf = 0.17013034075907695897, delta^k = -0.17013034075907695897
    Local Iteration  59: ||V_upper^k - V_upper^k-1||_inf = 0.01231579836981572251, ||V_lower^k - V_lower^k-1||_inf = 0.16189036372000217834, delta^k = -0.16189036372000217834
    Local Iteration  60: ||V_upper^k - V_upper^k-1||_inf = 0.01182316643502306919, ||V_lower^k - V_lower^k-1||_inf = 0.15533798788405531188, delta^k = -0.15533798788405531188
    Local Iteration  61: ||V_upper^k - V_upper^k-1||_inf = 0.01135023977762211755, ||V_lower^k - V_lower^k-1||_inf = 0.14907246906299190248, delta^k = -0.14907246906299190248
    Local Iteration  62: ||V_upper^k - V_upper^k-1||_inf = 0.01089623018651725284, ||V_lower^k - V_lower^k-1||_inf = 0.14307272783477958944, delta^k = -0.14307272783477958944
    Local Iteration  63: ||V_upper^k - V_upper^k-1||_inf = 0.01046038097905657716, ||V_lower^k - V_lower^k-1||_inf = 0.13731144115295854102, delta^k = -0.13731144115295854102
    Local Iteration  64: ||V_upper^k - V_upper^k-1||_inf = 0.01004196573989429853, ||V_lower^k - V_lower^k-1||_inf = 0.13175776078792886259, delta^k = -0.13175776078792886259
    Local Iteration  65: ||V_upper^k - V_upper^k-1||_inf = 0.00952279610486542194, ||V_lower^k - V_lower^k-1||_inf = 0.12646620427128144049, delta^k = -0.12646620427128144049
    Local Iteration  66: ||V_upper^k - V_upper^k-1||_inf = 0.00914188426067080728, ||V_lower^k - V_lower^k-1||_inf = 0.12123889703025010622, delta^k = -0.12123889703025010622
    Local Iteration  67: ||V_upper^k - V_upper^k-1||_inf = 0.00877620889024399720, ||V_lower^k - V_lower^k-1||_inf = 0.11636219854450785549, delta^k = -0.11636219854450785549
    Local Iteration  68: ||V_upper^k - V_upper^k-1||_inf = 0.00842516053463421288, ||V_lower^k - V_lower^k-1||_inf = 0.10078448256706823427, delta^k = -0.10078448256706823427
    Local Iteration  69: ||V_upper^k - V_upper^k-1||_inf = 0.00808815411324884104, ||V_lower^k - V_lower^k-1||_inf = 0.09629011724260816418, delta^k = -0.09629011724260816418
    Local Iteration  70: ||V_upper^k - V_upper^k-1||_inf = 0.00776462794871890516, ||V_lower^k - V_lower^k-1||_inf = 0.09197552653112650578, delta^k = -0.09197552653112650578
    Local Iteration  71: ||V_upper^k - V_upper^k-1||_inf = 0.00745404283077014118, ||V_lower^k - V_lower^k-1||_inf = 0.08829650546988143667, delta^k = -0.08829650546988143667
    Local Iteration  72: ||V_upper^k - V_upper^k-1||_inf = 0.00715588111753934220, ||V_lower^k - V_lower^k-1||_inf = 0.08385719264840260645, delta^k = -0.08385719264840260645
    Local Iteration  73: ||V_upper^k - V_upper^k-1||_inf = 0.00686964587283775407, ||V_lower^k - V_lower^k-1||_inf = 0.07905526982923563595, delta^k = -0.07905526982923563595
    Local Iteration  74: ||V_upper^k - V_upper^k-1||_inf = 0.00659486003792425501, ||V_lower^k - V_lower^k-1||_inf = 0.07539068705063073361, delta^k = -0.07539068705063073361
    Local Iteration  75: ||V_upper^k - V_upper^k-1||_inf = 0.00633106563640728481, ||V_lower^k - V_lower^k-1||_inf = 0.07187268758317003070, delta^k = -0.07187268758317003070
    Local Iteration  76: ||V_upper^k - V_upper^k-1||_inf = 0.00607782301095100008, ||V_lower^k - V_lower^k-1||_inf = 0.06899778007984322392, delta^k = -0.06899778007984322392
    Local Iteration  77: ||V_upper^k - V_upper^k-1||_inf = 0.00583471009051295120, ||V_lower^k - V_lower^k-1||_inf = 0.06045421608767954924, delta^k = -0.06045421608767954924
    Local Iteration  78: ||V_upper^k - V_upper^k-1||_inf = 0.00560132168689242427, ||V_lower^k - V_lower^k-1||_inf = 0.05803604744417236588, delta^k = -0.05803604744417236588
    Local Iteration  79: ||V_upper^k - V_upper^k-1||_inf = 0.00537726881941674728, ||V_lower^k - V_lower^k-1||_inf = 0.05571460554640547680, delta^k = -0.05571460554640547680
    Local Iteration  80: ||V_upper^k - V_upper^k-1||_inf = 0.00516217806664007184, ||V_lower^k - V_lower^k-1||_inf = 0.05348602132454925023, delta^k = -0.05348602132454925023
    Local Iteration  81: ||V_upper^k - V_upper^k-1||_inf = 0.00495569094397446674, ||V_lower^k - V_lower^k-1||_inf = 0.05134658047156727412, delta^k = -0.05134658047156727412
    Local Iteration  82: ||V_upper^k - V_upper^k-1||_inf = 0.00475746330621548696, ||V_lower^k - V_lower^k-1||_inf = 0.04929271725270457927, delta^k = -0.04929271725270457927
    Local Iteration  83: ||V_upper^k - V_upper^k-1||_inf = 0.00456716477396686138, ||V_lower^k - V_lower^k-1||_inf = 0.04732100856259639776, delta^k = -0.04732100856259639776
    Local Iteration  84: ||V_upper^k - V_upper^k-1||_inf = 0.00438447818300818914, ||V_lower^k - V_lower^k-1||_inf = 0.04542816822009253935, delta^k = -0.04542816822009253935
    Local Iteration  85: ||V_upper^k - V_upper^k-1||_inf = 0.00420909905568786491, ||V_lower^k - V_lower^k-1||_inf = 0.04361104149128883223, delta^k = -0.04361104149128883223
    Local Iteration  86: ||V_upper^k - V_upper^k-1||_inf = 0.00404073509346035420, ||V_lower^k - V_lower^k-1||_inf = 0.04186659983163727727, delta^k = -0.04186659983163727727
    Local Iteration  87: ||V_upper^k - V_upper^k-1||_inf = 0.00387910568972194003, ||V_lower^k - V_lower^k-1||_inf = 0.04019193583837178674, delta^k = -0.04019193583837178674
    Local Iteration  88: ||V_upper^k - V_upper^k-1||_inf = 0.00372394146213306243, ||V_lower^k - V_lower^k-1||_inf = 0.03858425840483691027, delta^k = -0.03858425840483691027
    Local Iteration  89: ||V_upper^k - V_upper^k-1||_inf = 0.00357498380364773549, ||V_lower^k - V_lower^k-1||_inf = 0.03704088806864343913, delta^k = -0.03704088806864343913
    Local Iteration  90: ||V_upper^k - V_upper^k-1||_inf = 0.00343198445150182108, ||V_lower^k - V_lower^k-1||_inf = 0.03555925254589770157, delta^k = -0.03555925254589770157
    Local Iteration  91: ||V_upper^k - V_upper^k-1||_inf = 0.00329470507344174768, ||V_lower^k - V_lower^k-1||_inf = 0.03413688244406179462, delta^k = -0.03413688244406179462
    Local Iteration  92: ||V_upper^k - V_upper^k-1||_inf = 0.00316291687050408721, ||V_lower^k - V_lower^k-1||_inf = 0.03277140714629932228, delta^k = -0.03277140714629932228
    Local Iteration  93: ||V_upper^k - V_upper^k-1||_inf = 0.00303640019568392205, ||V_lower^k - V_lower^k-1||_inf = 0.03146055086044734217, delta^k = -0.03146055086044734217
    Local Iteration  94: ||V_upper^k - V_upper^k-1||_inf = 0.00291494418785656628, ||V_lower^k - V_lower^k-1||_inf = 0.03020212882602944793, delta^k = -0.03020212882602944793
    Local Iteration  95: ||V_upper^k - V_upper^k-1||_inf = 0.00279834642034229586, ||V_lower^k - V_lower^k-1||_inf = 0.02899404367298826987, delta^k = -0.02899404367298826987
    Local Iteration  96: ||V_upper^k - V_upper^k-1||_inf = 0.00268641256352861180, ||V_lower^k - V_lower^k-1||_inf = 0.02783428192606874144, delta^k = -0.02783428192606874144
    Local Iteration  97: ||V_upper^k - V_upper^k-1||_inf = 0.00257895606098745844, ||V_lower^k - V_lower^k-1||_inf = 0.02672091064902598970, delta^k = -0.02672091064902598970
    Local Iteration  98: ||V_upper^k - V_upper^k-1||_inf = 0.00247579781854796038, ||V_lower^k - V_lower^k-1||_inf = 0.02565207422306494539, delta^k = -0.02565207422306494539
    Local Iteration  99: ||V_upper^k - V_upper^k-1||_inf = 0.00237676590580604419, ||V_lower^k - V_lower^k-1||_inf = 0.02462599125414234591, delta^k = -0.02462599125414234591
    Local Iteration 100: ||V_upper^k - V_upper^k-1||_inf = 0.00228169526957380103, ||V_lower^k - V_lower^k-1||_inf = 0.02364095160397665374, delta^k = -0.02364095160397665374
    Local Iteration 101: ||V_upper^k - V_upper^k-1||_inf = 0.00219042745879084733, ||V_lower^k - V_lower^k-1||_inf = 0.02269531353981758467, delta^k = -0.02269531353981758467
    Local Iteration 102: ||V_upper^k - V_upper^k-1||_inf = 0.00210281036043921676, ||V_lower^k - V_lower^k-1||_inf = 0.02178750099822487907, delta^k = -0.02178750099822487907
    Local Iteration 103: ||V_upper^k - V_upper^k-1||_inf = 0.00201869794602164976, ||V_lower^k - V_lower^k-1||_inf = 0.02091600095829588418, delta^k = -0.02091600095829588418
    Local Iteration 104: ||V_upper^k - V_upper^k-1||_inf = 0.00193795002818077794, ||V_lower^k - V_lower^k-1||_inf = 0.02007936091996404687, delta^k = -0.02007936091996404687
    Local Iteration 105: ||V_upper^k - V_upper^k-1||_inf = 0.00186043202705354904, ||V_lower^k - V_lower^k-1||_inf = 0.01927618648316548750, delta^k = -0.01927618648316548750
    Local Iteration 106: ||V_upper^k - V_upper^k-1||_inf = 0.00178601474597140514, ||V_lower^k - V_lower^k-1||_inf = 0.01850513902383886522, delta^k = -0.01850513902383886522
    Local Iteration 107: ||V_upper^k - V_upper^k-1||_inf = 0.00171457415613255476, ||V_lower^k - V_lower^k-1||_inf = 0.01776493346288531006, delta^k = -0.01776493346288531006
    Local Iteration 108: ||V_upper^k - V_upper^k-1||_inf = 0.00164599118988725118, ||V_lower^k - V_lower^k-1||_inf = 0.01705433612436989960, delta^k = -0.01705433612436989960
    Local Iteration 109: ||V_upper^k - V_upper^k-1||_inf = 0.00158015154229176197, ||V_lower^k - V_lower^k-1||_inf = 0.01637216267939510181, delta^k = -0.01637216267939510181
    Local Iteration 110: ||V_upper^k - V_upper^k-1||_inf = 0.00151694548060008622, ||V_lower^k - V_lower^k-1||_inf = 0.01571727617221929663, delta^k = -0.01571727617221929663
    Local Iteration 111: ||V_upper^k - V_upper^k-1||_inf = 0.00145626766137608304, ||V_lower^k - V_lower^k-1||_inf = 0.01508858512533052532, delta^k = -0.01508858512533052532
    Local Iteration 112: ||V_upper^k - V_upper^k-1||_inf = 0.00139801695492104000, ||V_lower^k - V_lower^k-1||_inf = 0.01448504172031730292, delta^k = -0.01448504172031730292
    Local Iteration 113: ||V_upper^k - V_upper^k-1||_inf = 0.00134209627672420007, ||V_lower^k - V_lower^k-1||_inf = 0.01390564005150460997, delta^k = -0.01390564005150460997
    Local Iteration 114: ||V_upper^k - V_upper^k-1||_inf = 0.00128841242565523248, ||V_lower^k - V_lower^k-1||_inf = 0.01334941444944442307, delta^k = -0.01334941444944442307
    Local Iteration 115: ||V_upper^k - V_upper^k-1||_inf = 0.00071443495048686273, ||V_lower^k - V_lower^k-1||_inf = 0.01281543787146664608, delta^k = -0.01281543787146664608
    Local Iteration 116: ||V_upper^k - V_upper^k-1||_inf = 0.00000000000000000000, ||V_lower^k - V_lower^k-1||_inf = 0.01230282035660798003, delta^k = -0.01230282035660798003
    Local Iteration 117: ||V_upper^k - V_upper^k-1||_inf = 0.00000000000000000000, ||V_lower^k - V_lower^k-1||_inf = 0.01181070754234366145, delta^k = -0.01181070754234366145
    Local Iteration 118: ||V_upper^k - V_upper^k-1||_inf = 0.00000000000000000000, ||V_lower^k - V_lower^k-1||_inf = 0.01133827924064991291, delta^k = -0.01133827924064991291
    Local Iteration 119: ||V_upper^k - V_upper^k-1||_inf = 0.00000000000000000000, ||V_lower^k - V_lower^k-1||_inf = 0.01088474807102391556, delta^k = -0.01088474807102391556
    Local Iteration 120: ||V_upper^k - V_upper^k-1||_inf = 0.00000000000000000000, ||V_lower^k - V_lower^k-1||_inf = 0.01044935814818295956, delta^k = -0.01044935814818295956
    Local Iteration 121: ||V_upper^k - V_upper^k-1||_inf = 0.00000000000000000000, ||V_lower^k - V_lower^k-1||_inf = 0.01003138382225563993, delta^k = -0.01003138382225563993
    Local Iteration 122: ||V_upper^k - V_upper^k-1||_inf = 0.00000000000000000000, ||V_lower^k - V_lower^k-1||_inf = 0.00963012846936541454, delta^k = -0.00963012846936541454
    Local Iteration 123: ||V_upper^k - V_upper^k-1||_inf = 0.00000000000000000000, ||V_lower^k - V_lower^k-1||_inf = 0.00924492333059079817, delta^k = -0.00924492333059079817
    Local Iteration 124: ||V_upper^k - V_upper^k-1||_inf = 0.00000000000000000000, ||V_lower^k - V_lower^k-1||_inf = 0.00887512639736716576, delta^k = -0.00887512639736716576
    Local Iteration 125: ||V_upper^k - V_upper^k-1||_inf = 0.00000000000000000000, ||V_lower^k - V_lower^k-1||_inf = 0.00852012134147247732, delta^k = -0.00852012134147247732
    Local Iteration 126: ||V_upper^k - V_upper^k-1||_inf = 0.00000000000000000000, ||V_lower^k - V_lower^k-1||_inf = 0.00817931648781357844, delta^k = -0.00817931648781357844
    Local Iteration 127: ||V_upper^k - V_upper^k-1||_inf = 0.00000000000000000000, ||V_lower^k - V_lower^k-1||_inf = 0.00785214382830103606, delta^k = -0.00785214382830103606
    Local Iteration 128: ||V_upper^k - V_upper^k-1||_inf = 0.00000000000000000000, ||V_lower^k - V_lower^k-1||_inf = 0.00753805807516899455, delta^k = -0.00753805807516899455
    Local Iteration 129: ||V_upper^k - V_upper^k-1||_inf = 0.00000000000000000000, ||V_lower^k - V_lower^k-1||_inf = 0.00723653575216223581, delta^k = -0.00723653575216223581
    Local Iteration 130: ||V_upper^k - V_upper^k-1||_inf = 0.00000000000000000000, ||V_lower^k - V_lower^k-1||_inf = 0.00694707432207574554, delta^k = -0.00694707432207574554
    Local Iteration 131: ||V_upper^k - V_upper^k-1||_inf = 0.00000000000000000000, ||V_lower^k - V_lower^k-1||_inf = 0.00666919134919271607, delta^k = -0.00666919134919271607
    Local Iteration 132: ||V_upper^k - V_upper^k-1||_inf = 0.00000000000000000000, ||V_lower^k - V_lower^k-1||_inf = 0.00640242369522500774, delta^k = -0.00640242369522500774
    Local Iteration 133: ||V_upper^k - V_upper^k-1||_inf = 0.00000000000000000000, ||V_lower^k - V_lower^k-1||_inf = 0.00614632674741600726, delta^k = -0.00614632674741600726
    Local Iteration 134: ||V_upper^k - V_upper^k-1||_inf = 0.00000000000000000000, ||V_lower^k - V_lower^k-1||_inf = 0.00590047367751936683, delta^k = -0.00590047367751936683
    Local Iteration 135: ||V_upper^k - V_upper^k-1||_inf = 0.00000000000000000000, ||V_lower^k - V_lower^k-1||_inf = 0.00566445473041859299, delta^k = -0.00566445473041859299
    Local Iteration 136: ||V_upper^k - V_upper^k-1||_inf = 0.00000000000000000000, ||V_lower^k - V_lower^k-1||_inf = 0.00543787654120184843, delta^k = -0.00543787654120184843
    Local Iteration 137: ||V_upper^k - V_upper^k-1||_inf = 0.00000000000000000000, ||V_lower^k - V_lower^k-1||_inf = 0.00522036147955377491, delta^k = -0.00522036147955377491
    Local Iteration 138: ||V_upper^k - V_upper^k-1||_inf = 0.00000000000000000000, ||V_lower^k - V_lower^k-1||_inf = 0.00501154702037162354, delta^k = -0.00501154702037162354
    Local Iteration 139: ||V_upper^k - V_upper^k-1||_inf = 0.00000000000000000000, ||V_lower^k - V_lower^k-1||_inf = 0.00481108513955675818, delta^k = -0.00481108513955675818
    Local Iteration 140: ||V_upper^k - V_upper^k-1||_inf = 0.00000000000000000000, ||V_lower^k - V_lower^k-1||_inf = 0.00461864173397448854, delta^k = -0.00461864173397448854
    Local Iteration 141: ||V_upper^k - V_upper^k-1||_inf = 0.00000000000000000000, ||V_lower^k - V_lower^k-1||_inf = 0.00443389606461550879, delta^k = -0.00443389606461550879
    Local Iteration 142: ||V_upper^k - V_upper^k-1||_inf = 0.00000000000000000000, ||V_lower^k - V_lower^k-1||_inf = 0.00425654022203088896, delta^k = -0.00425654022203088896
    Local Iteration 143: ||V_upper^k - V_upper^k-1||_inf = 0.00000000000000000000, ||V_lower^k - V_lower^k-1||_inf = 0.00408627861314965306, delta^k = -0.00408627861314965306
    Local Iteration 144: ||V_upper^k - V_upper^k-1||_inf = 0.00000000000000000000, ||V_lower^k - V_lower^k-1||_inf = 0.00392282746862366791, delta^k = -0.00392282746862366791
    Local Iteration 145: ||V_upper^k - V_upper^k-1||_inf = 0.00000000000000000000, ||V_lower^k - V_lower^k-1||_inf = 0.00376591436987872095, delta^k = -0.00376591436987872095
    Local Iteration 146: ||V_upper^k - V_upper^k-1||_inf = 0.00000000000000000000, ||V_lower^k - V_lower^k-1||_inf = 0.00361527779508357154, delta^k = -0.00361527779508357154
    Local Iteration 147: ||V_upper^k - V_upper^k-1||_inf = 0.00000000000000000000, ||V_lower^k - V_lower^k-1||_inf = 0.00347066668328022826, delta^k = -0.00347066668328022826
    Local Iteration 148: ||V_upper^k - V_upper^k-1||_inf = 0.00000000000000000000, ||V_lower^k - V_lower^k-1||_inf = 0.00333184001594901899, delta^k = -0.00333184001594901899
    Local Iteration 149: ||V_upper^k - V_upper^k-1||_inf = 0.00000000000000000000, ||V_lower^k - V_lower^k-1||_inf = 0.00319856641531105802, delta^k = -0.00319856641531105802
    Local Iteration 150: ||V_upper^k - V_upper^k-1||_inf = 0.00000000000000000000, ||V_lower^k - V_lower^k-1||_inf = 0.00307062375869861584, delta^k = -0.00307062375869861584
    Local Iteration 151: ||V_upper^k - V_upper^k-1||_inf = 0.00000000000000000000, ||V_lower^k - V_lower^k-1||_inf = 0.00294779880835067086, delta^k = -0.00294779880835067086
    Local Iteration 152: ||V_upper^k - V_upper^k-1||_inf = 0.00000000000000000000, ||V_lower^k - V_lower^k-1||_inf = 0.00282988685601664406, delta^k = -0.00282988685601664406
    Local Iteration 153: ||V_upper^k - V_upper^k-1||_inf = 0.00000000000000000000, ||V_lower^k - V_lower^k-1||_inf = 0.00271669138177597826, delta^k = -0.00271669138177597826
    Local Iteration 154: ||V_upper^k - V_upper^k-1||_inf = 0.00000000000000000000, ||V_lower^k - V_lower^k-1||_inf = 0.00260802372650493879, delta^k = -0.00260802372650493879
    Local Iteration 155: ||V_upper^k - V_upper^k-1||_inf = 0.00000000000000000000, ||V_lower^k - V_lower^k-1||_inf = 0.00250370277744474097, delta^k = -0.00250370277744474097
    Local Iteration 156: ||V_upper^k - V_upper^k-1||_inf = 0.00000000000000000000, ||V_lower^k - V_lower^k-1||_inf = 0.00240355466634695116, delta^k = -0.00240355466634695116
    Local Iteration 157: ||V_upper^k - V_upper^k-1||_inf = 0.00000000000000000000, ||V_lower^k - V_lower^k-1||_inf = 0.00230741247969307303, delta^k = -0.00230741247969307303
    Local Iteration 158: ||V_upper^k - V_upper^k-1||_inf = 0.00000000000000000000, ||V_lower^k - V_lower^k-1||_inf = 0.00002650122246541215, delta^k = -0.00002650122246541215
    Local Iteration 159: ||V_upper^k - V_upper^k-1||_inf = 0.00000000000000000000, ||V_lower^k - V_lower^k-1||_inf = 0.00002544117356679566, delta^k = -0.00002544117356679566
    Local Iteration 160: ||V_upper^k - V_upper^k-1||_inf = 0.00000000000000000000, ||V_lower^k - V_lower^k-1||_inf = 0.00002442352662412385, delta^k = -0.00002442352662412385
    Local Iteration 161: ||V_upper^k - V_upper^k-1||_inf = 0.00000000000000000000, ||V_lower^k - V_lower^k-1||_inf = 0.00002344658555915888, delta^k = -0.00002344658555915888
    Local Iteration 162: ||V_upper^k - V_upper^k-1||_inf = 0.00000000000000000000, ||V_lower^k - V_lower^k-1||_inf = 0.00002250872213679261, delta^k = -0.00002250872213679261
    Local Iteration 163: ||V_upper^k - V_upper^k-1||_inf = 0.00000000000000000000, ||V_lower^k - V_lower^k-1||_inf = 0.00002160837325132091, delta^k = -0.00002160837325132091
    Local Iteration 164: ||V_upper^k - V_upper^k-1||_inf = 0.00000000000000000000, ||V_lower^k - V_lower^k-1||_inf = 0.00002074403832126798, delta^k = -0.00002074403832126798
    Local Iteration 165: ||V_upper^k - V_upper^k-1||_inf = 0.00000000000000000000, ||V_lower^k - V_lower^k-1||_inf = 0.00001991427678841733, delta^k = -0.00001991427678841733
    Local Iteration 166: ||V_upper^k - V_upper^k-1||_inf = 0.00000000000000000000, ||V_lower^k - V_lower^k-1||_inf = 0.00001911770571688063, delta^k = -0.00001911770571688063
    Local Iteration 167: ||V_upper^k - V_upper^k-1||_inf = 0.00000000000000000000, ||V_lower^k - V_lower^k-1||_inf = 0.00001835299748820539, delta^k = -0.00001835299748820539
    Local Iteration 168: ||V_upper^k - V_upper^k-1||_inf = 0.00000000000000000000, ||V_lower^k - V_lower^k-1||_inf = 0.00001761887758867719, delta^k = -0.00001761887758867719
    Local Iteration 169: ||V_upper^k - V_upper^k-1||_inf = 0.00000000000000000000, ||V_lower^k - V_lower^k-1||_inf = 0.00001691412248513009, delta^k = -0.00001691412248513009
    Local Iteration 170: ||V_upper^k - V_upper^k-1||_inf = 0.00000000000000000000, ||V_lower^k - V_lower^k-1||_inf = 0.00001623755758572488, delta^k = -0.00001623755758572488
    Local Iteration 171: ||V_upper^k - V_upper^k-1||_inf = 0.00000000000000000000, ||V_lower^k - V_lower^k-1||_inf = 0.00001558805528229591, delta^k = -0.00001558805528229591
    Local Iteration 172: ||V_upper^k - V_upper^k-1||_inf = 0.00000000000000000000, ||V_lower^k - V_lower^k-1||_inf = 0.00001496453307100407, delta^k = -0.00001496453307100407
    Local Iteration 173: ||V_upper^k - V_upper^k-1||_inf = 0.00000000000000000000, ||V_lower^k - V_lower^k-1||_inf = 0.00001436595174816391, delta^k = -0.00001436595174816391
    Local Iteration 174: ||V_upper^k - V_upper^k-1||_inf = 0.00000000000000000000, ||V_lower^k - V_lower^k-1||_inf = 0.00001379131367823733, delta^k = -0.00001379131367823733
    Local Iteration 175: ||V_upper^k - V_upper^k-1||_inf = 0.00000000000000000000, ||V_lower^k - V_lower^k-1||_inf = 0.00001323966113110783, delta^k = -0.00001323966113110783
    Local Iteration 176: ||V_upper^k - V_upper^k-1||_inf = 0.00000000000000000000, ||V_lower^k - V_lower^k-1||_inf = 0.00001271007468586354, delta^k = -0.00001271007468586354
    Local Iteration 177: ||V_upper^k - V_upper^k-1||_inf = 0.00000000000000000000, ||V_lower^k - V_lower^k-1||_inf = 0.00001220167169842896, delta^k = -0.00001220167169842896
    Local Iteration 178: ||V_upper^k - V_upper^k-1||_inf = 0.00000000000000000000, ||V_lower^k - V_lower^k-1||_inf = 0.00001171360483049184, delta^k = -0.00001171360483049184
    Local Iteration 179: ||V_upper^k - V_upper^k-1||_inf = 0.00000000000000000000, ||V_lower^k - V_lower^k-1||_inf = 0.00001124506063727217, delta^k = -0.00001124506063727217
    Local Iteration 180: ||V_upper^k - V_upper^k-1||_inf = 0.00000000000000000000, ||V_lower^k - V_lower^k-1||_inf = 0.00001079525821178124, delta^k = -0.00001079525821178124
    Local Iteration 181: ||V_upper^k - V_upper^k-1||_inf = 0.00000000000000000000, ||V_lower^k - V_lower^k-1||_inf = 0.00001036344788331002, delta^k = -0.00001036344788331002
    Local Iteration 182: ||V_upper^k - V_upper^k-1||_inf = 0.00000000000000000000, ||V_lower^k - V_lower^k-1||_inf = 0.00000994890996797762, delta^k = -0.00000994890996797762
    Local Iteration 183: ||V_upper^k - V_upper^k-1||_inf = 0.00000000000000000000, ||V_lower^k - V_lower^k-1||_inf = 0.00000955095356925851, delta^k = -0.00000955095356925851
    Local Iteration 184: ||V_upper^k - V_upper^k-1||_inf = 0.00000000000000000000, ||V_lower^k - V_lower^k-1||_inf = 0.00000916891542648816, delta^k = -0.00000916891542648816
    Local Iteration 185: ||V_upper^k - V_upper^k-1||_inf = 0.00000000000000000000, ||V_lower^k - V_lower^k-1||_inf = 0.00000880215880942864, delta^k = -0.00000880215880942864
    Local Iteration 186: ||V_upper^k - V_upper^k-1||_inf = 0.00000000000000000000, ||V_lower^k - V_lower^k-1||_inf = 0.00000845007245705150, delta^k = -0.00000845007245705150
    Local Iteration 187: ||V_upper^k - V_upper^k-1||_inf = 0.00000000000000000000, ||V_lower^k - V_lower^k-1||_inf = 0.00000811206955876942, delta^k = -0.00000811206955876942
    Local Iteration 188: ||V_upper^k - V_upper^k-1||_inf = 0.00000000000000000000, ||V_lower^k - V_lower^k-1||_inf = 0.00000778758677641864, delta^k = -0.00000778758677641864
    Local Iteration 189: ||V_upper^k - V_upper^k-1||_inf = 0.00000000000000000000, ||V_lower^k - V_lower^k-1||_inf = 0.00000747608330536190, delta^k = -0.00000747608330536190
    Local Iteration 190: ||V_upper^k - V_upper^k-1||_inf = 0.00000000000000000000, ||V_lower^k - V_lower^k-1||_inf = 0.00000717703997314743, delta^k = -0.00000717703997314743
    Local Iteration 191: ||V_upper^k - V_upper^k-1||_inf = 0.00000000000000000000, ||V_lower^k - V_lower^k-1||_inf = 0.00000688995837422153, delta^k = -0.00000688995837422153
    Local Iteration 192: ||V_upper^k - V_upper^k-1||_inf = 0.00000000000000000000, ||V_lower^k - V_lower^k-1||_inf = 0.00000661436003925267, delta^k = -0.00000661436003925267
    Local Iteration 193: ||V_upper^k - V_upper^k-1||_inf = 0.00000000000000000000, ||V_lower^k - V_lower^k-1||_inf = 0.00000634978563768257, delta^k = -0.00000634978563768257
    Local Iteration 194: ||V_upper^k - V_upper^k-1||_inf = 0.00000000000000000000, ||V_lower^k - V_lower^k-1||_inf = 0.00000609579421217526, delta^k = -0.00000609579421217526
    Local Iteration 195: ||V_upper^k - V_upper^k-1||_inf = 0.00000000000000000000, ||V_lower^k - V_lower^k-1||_inf = 0.00000585196244368825, delta^k = -0.00000585196244368825
    Local Iteration 196: ||V_upper^k - V_upper^k-1||_inf = 0.00000000000000000000, ||V_lower^k - V_lower^k-1||_inf = 0.00000561788394594072, delta^k = -0.00000561788394594072
    Local Iteration 197: ||V_upper^k - V_upper^k-1||_inf = 0.00000000000000000000, ||V_lower^k - V_lower^k-1||_inf = 0.00000539316858810308, delta^k = -0.00000539316858810308
    Local Iteration 198: ||V_upper^k - V_upper^k-1||_inf = 0.00000000000000000000, ||V_lower^k - V_lower^k-1||_inf = 0.00000517744184457897, delta^k = -0.00000517744184457897
    Local Iteration 199: ||V_upper^k - V_upper^k-1||_inf = 0.00000000000000000000, ||V_lower^k - V_lower^k-1||_inf = 0.00000497034417079581, delta^k = -0.00000497034417079581
    Local Iteration 200: ||V_upper^k - V_upper^k-1||_inf = 0.00000000000000000000, ||V_lower^k - V_lower^k-1||_inf = 0.00000477153040396398, delta^k = -0.00000477153040396398
    Local Iteration 201: ||V_upper^k - V_upper^k-1||_inf = 0.00000000000000000000, ||V_lower^k - V_lower^k-1||_inf = 0.00000458066918780542, delta^k = -0.00000458066918780542
    Local Iteration 202: ||V_upper^k - V_upper^k-1||_inf = 0.00000000000000000000, ||V_lower^k - V_lower^k-1||_inf = 0.00000439744242029320, delta^k = -0.00000439744242029320
    Local Iteration 203: ||V_upper^k - V_upper^k-1||_inf = 0.00000000000000000000, ||V_lower^k - V_lower^k-1||_inf = 0.00000422154472348148, delta^k = -0.00000422154472348148
    Local Iteration 204: ||V_upper^k - V_upper^k-1||_inf = 0.00000000000000000000, ||V_lower^k - V_lower^k-1||_inf = 0.00000405268293454222, delta^k = -0.00000405268293454222
    Local Iteration 205: ||V_upper^k - V_upper^k-1||_inf = 0.00000000000000000000, ||V_lower^k - V_lower^k-1||_inf = 0.00000389057561716052, delta^k = -0.00000389057561716052
    Local Iteration 206: ||V_upper^k - V_upper^k-1||_inf = 0.00000000000000000000, ||V_lower^k - V_lower^k-1||_inf = 0.00000373495259247410, delta^k = -0.00000373495259247410
    Local Iteration 207: ||V_upper^k - V_upper^k-1||_inf = 0.00000000000000000000, ||V_lower^k - V_lower^k-1||_inf = 0.00000358555448877514, delta^k = -0.00000358555448877514
    Local Iteration 208: ||V_upper^k - V_upper^k-1||_inf = 0.00000000000000000000, ||V_lower^k - V_lower^k-1||_inf = 0.00000344213230922414, delta^k = -0.00000344213230922414
    Local Iteration 209: ||V_upper^k - V_upper^k-1||_inf = 0.00000000000000000000, ||V_lower^k - V_lower^k-1||_inf = 0.00000330444701685517, delta^k = -0.00000330444701685517
    Local Iteration 210: ||V_upper^k - V_upper^k-1||_inf = 0.00000000000000000000, ||V_lower^k - V_lower^k-1||_inf = 0.00000317226913618095, delta^k = -0.00000317226913618095
    Local Iteration 211: ||V_upper^k - V_upper^k-1||_inf = 0.00000000000000000000, ||V_lower^k - V_lower^k-1||_inf = 0.00000304537837073372, delta^k = -0.00000304537837073372
    Local Iteration 212: ||V_upper^k - V_upper^k-1||_inf = 0.00000000000000000000, ||V_lower^k - V_lower^k-1||_inf = 0.00000292356323590438, delta^k = -0.00000292356323590438
    Local Iteration 213: ||V_upper^k - V_upper^k-1||_inf = 0.00000000000000000000, ||V_lower^k - V_lower^k-1||_inf = 0.00000280662070646820, delta^k = -0.00000280662070646820
    Local Iteration 214: ||V_upper^k - V_upper^k-1||_inf = 0.00000000000000000000, ||V_lower^k - V_lower^k-1||_inf = 0.00000269435587820947, delta^k = -0.00000269435587820947
    Local Iteration 215: ||V_upper^k - V_upper^k-1||_inf = 0.00000000000000000000, ||V_lower^k - V_lower^k-1||_inf = 0.00000258658164308109, delta^k = -0.00000258658164308109
    Local Iteration 216: ||V_upper^k - V_upper^k-1||_inf = 0.00000000000000000000, ||V_lower^k - V_lower^k-1||_inf = 0.00000248311837735785, delta^k = -0.00000248311837735785
    Local Iteration 217: ||V_upper^k - V_upper^k-1||_inf = 0.00000000000000000000, ||V_lower^k - V_lower^k-1||_inf = 0.00000238379364226354, delta^k = -0.00000238379364226354
    Local Iteration 218: ||V_upper^k - V_upper^k-1||_inf = 0.00000000000000000000, ||V_lower^k - V_lower^k-1||_inf = 0.00000228844189657299, delta^k = -0.00000228844189657299
    Local Iteration 219: ||V_upper^k - V_upper^k-1||_inf = 0.00000000000000000000, ||V_lower^k - V_lower^k-1||_inf = 0.00000219690422071007, delta^k = -0.00000219690422071007
    Local Iteration 220: ||V_upper^k - V_upper^k-1||_inf = 0.00000000000000000000, ||V_lower^k - V_lower^k-1||_inf = 0.00000210902805188167, delta^k = -0.00000210902805188167
    Local Iteration 221: ||V_upper^k - V_upper^k-1||_inf = 0.00000000000000000000, ||V_lower^k - V_lower^k-1||_inf = 0.00000202466692980640, delta^k = -0.00000202466692980640
    Local Iteration 222: ||V_upper^k - V_upper^k-1||_inf = 0.00000000000000000000, ||V_lower^k - V_lower^k-1||_inf = 0.00000194368025261414, delta^k = -0.00000194368025261414
    Local Iteration 223: ||V_upper^k - V_upper^k-1||_inf = 0.00000000000000000000, ||V_lower^k - V_lower^k-1||_inf = 0.00000186593304250958, delta^k = -0.00000186593304250958
    Local Iteration 224: ||V_upper^k - V_upper^k-1||_inf = 0.00000000000000000000, ||V_lower^k - V_lower^k-1||_inf = 0.00000179129572080920, delta^k = -0.00000179129572080920
    Local Iteration 225: ||V_upper^k - V_upper^k-1||_inf = 0.00000000000000000000, ||V_lower^k - V_lower^k-1||_inf = 0.00000171964389197683, delta^k = -0.00000171964389197683
    Local Iteration 226: ||V_upper^k - V_upper^k-1||_inf = 0.00000000000000000000, ||V_lower^k - V_lower^k-1||_inf = 0.00000165085813629776, delta^k = -0.00000165085813629776
    Local Iteration 227: ||V_upper^k - V_upper^k-1||_inf = 0.00000000000000000000, ||V_lower^k - V_lower^k-1||_inf = 0.00000158482381084584, delta^k = -0.00000158482381084584
    Local Iteration 228: ||V_upper^k - V_upper^k-1||_inf = 0.00000000000000000000, ||V_lower^k - V_lower^k-1||_inf = 0.00000069969543971201, delta^k = -0.00000069969543971201
    Local Iteration 229: ||V_upper^k - V_upper^k-1||_inf = 0.00000000000000000000, ||V_lower^k - V_lower^k-1||_inf = 0.00000000000000000000, delta^k = 0.00000000000000000000

============================================================
 CONSERVATIVE STOPPING CONDITION MET (Algorithm 3)
============================================================
  delta^k = 0.0000000000e+00 >= -delta_max
  ||V_upper^k - V_upper^k-1||_inf = 0.0000000000e+00 < 1e-08
  eps_cons = (0.96 * 0.0000000000e+00) / 0.04 = 0.0000000000e+00
  Correcting V_lower for 24820468 cells: V_lower <- V_lower - eps_cons - eps_machine
   Conservative correction applied successfully
  Machine epsilon eps_machine = 2.220e-16
    Local VI completed in 229 iterations
    Final convergence values:
      ||V_upper^final - V_upper^prev||_inf = 0.00000000e+00
      ||V_lower^final - V_lower^prev||_inf = 0.00000000e+00
  Local VI completed in 229 iterations, time: 753.399s
    Final ||V_upper^k - V_upper^k-1||_inf = 0.00000000000000000000e+00
    Final ||V_lower^k - V_lower^k-1||_inf = 0.00000000000000000000e+00
  Saved visualization: /Users/i.k.tabbara/Documents/python directory/HSCC_2027/refactored_Implementations/results_hscc_2027_newbellmans_12workers/ra_discount/evasion_res30_eps0.05_dmin1e-08_dmax1e-08_gamma0.96_dt0.3_tau0.3_cons/value_function_phase_12_complete.png
  Phase 12 completed in 766.38s with 24820468 leaf cells

Classification after phase 12:
  Safe:          8298444 cells ( 33.4%),   53.2% of state space
  Unsafe:        3225136 cells ( 13.0%),   34.8% of state space
  Unclassified: 13296888 cells ( 53.6%),   12.0% of state space

======================================================================
ADAPTIVE REFINEMENT COMPLETE
======================================================================
Refinement Summary:
  Phases completed: 12
  Parent cells refined: 24793468
  Child cells created: 49586936
  Final cells: 24820468
Final Boundary State:
  Boundary cells: 13296888
  Still refinable: 0
  Below threshold: 13296888

Final Cell Classification:
  Safe:          8298444 cells ( 33.4%),   53.2% of state space
  Unsafe:        3225136 cells ( 13.0%),   34.8% of state space
  Unclassified: 13296888 cells ( 53.6%),   12.0% of state space

 All results saved to: /Users/i.k.tabbara/Documents/python directory/HSCC_2027/refactored_Implementations/results_hscc_2027_newbellmans_12workers/ra_discount/evasion_res30_eps0.05_dmin1e-08_dmax1e-08_gamma0.96_dt0.3_tau0.3_cons/
ALGORITHM 2 COMPLETE
Total time: 1520.24 seconds

======================================================================
TIMING BREAKDOWN (RA_discount)
======================================================================
  grid construction      :      0.006 s
  spatial index builds   :     21.468 s
  cell initialization    :      0.365 s
  ODE integration        :     83.545 s  (276667630 solves)
  successor set queries  :     55.976 s
  value iteration        :   1281.816 s  (3940 sweeps)
  cell splitting         :      2.688 s
  plotting / output      :     10.475 s
  checkpoint writes      :      0.000 s
  ------------------------------------------------
  TOTAL                  :   1552.954 s
  final leaf cells       :   24820468
TOTAL WALL TIME: 1552.95 seconds
# run finished 2026-10-04T13:58:02
