
######################################################################
# run started 2026-10-04T03:53:08
# command: ./build/dhj --mode ra_discount --dynamics dubins --dt 0.3 --tau 0.3 --initial-resolution 20 --epsilon 0.05 --delta-min 1e-8 --delta-max 1e-8 --gamma 0.96 --refinements 13 --vi-iterations 100033 --checkpoint-every 0 --keep-checkpoints 0 --plot-dpi 300 --workers 12 --results-root /Users/i.k.tabbara/Documents/python directory/HSCC_2027/refactored_Implementations/results_hscc_2027_newbellmans_12workers
# cwd: /Users/i.k.tabbara/Documents/python directory/HSCC_2027/refactored_Implementations/cpp
######################################################################
DISCRETE HJ REACH-AVOID SOLVER (C++)
Mode: ra_discount (RA_discount.py semantics)
Algorithm: 2, Workers: 12
Output directory: /Users/i.k.tabbara/Documents/python directory/HSCC_2027/refactored_Implementations/results_hscc_2027_newbellmans_12workers/ra_discount/dubins_res20_eps0.05_dmin1e-08_dmax1e-08_gamma0.96_dt0.3_tau0.3_cons
Conservative mode: True
Dynamics: dubins (3-D)
  Time discretization: 1 steps of dt=0.3 s over tau=0.3 s
======================================================================
ALGORITHM 2/3: Adaptive Refinement
======================================================================
Environment: dubins
Initializing grid with resolution 20^3...
  Building spatial index for 8000 cells...
   Spatial index built in 0.00s

Gronwall Reachability Initialized:
  Lipschitz constant L = 1
  Checkpoint interval dt = 0.3
  Control horizon tau = 0.3
  Number of checkpoints = 1
  Checkpoint times: ['0.300']
  Growth factors: ['1.349859']
Initialized with gamma=0.96, L_f=1, L_l=1.41421,  L_r=1.41421
Contraction factor: gamma*L_f = 0.9600
Using 12 parallel workers

======================================================================
ADAPTIVE REFINEMENT CONFIGURATION
======================================================================
  Error tolerance eps: 0.05
  Minimum cell size eta_min: 0.017678
  Maximum refinements: 13
  VI iterations per refinement: 100033
  Conservative mode: True
  delta_max: 1e-08

======================================================================
PHASE 0: INITIAL VALUE ITERATION
======================================================================
Grid: 8000 cells
  Precomputing successor sets...

Precomputing successor sets with HYBRID approach...
  Step 1: Computing 24000 trajectories in parallel...
   Trajectories + spatial queries computed in 0.01s (4706497.0 tasks/s)
    Breakdown: 59.1% ODE, 40.9% queries

Starting OPTIMIZED PARALLEL value iteration (max 100033 iterations)...
Conservative mode: True
Conservative tolerance delta_max: 1e-08
Conservative margin will be: eps_cons = (gamma * delta_actual) / (1 - gamma)
Number of cells: 8000
Iteration   1: ||V_upper^k - V_upper^k-1||_inf = 0.11810611198684961565, ||V_lower^k - V_lower^k-1||_inf = 3.46836450585540312375, delta^k = -3.46836450585540312375
Iteration   2: ||V_upper^k - V_upper^k-1||_inf = 0.11338186750737566655, ||V_lower^k - V_lower^k-1||_inf = 2.92233641965773482951, delta^k = -2.92233641965773482951
Iteration   3: ||V_upper^k - V_upper^k-1||_inf = 0.10884659280708053330, ||V_lower^k - V_lower^k-1||_inf = 2.05334059507460153782, delta^k = -2.05334059507460153782
Iteration   4: ||V_upper^k - V_upper^k-1||_inf = 0.10449272909479745408, ||V_lower^k - V_lower^k-1||_inf = 1.46209641029407455548, delta^k = -1.46209641029407455548
Iteration   5: ||V_upper^k - V_upper^k-1||_inf = 0.10031301993100560921, ||V_lower^k - V_lower^k-1||_inf = 0.97515091525636066194, delta^k = -0.97515091525636066194
Iteration   6: ||V_upper^k - V_upper^k-1||_inf = 0.09630049913376526050, ||V_lower^k - V_lower^k-1||_inf = 0.64917008167914813654, delta^k = -0.64917008167914813654
Iteration   7: ||V_upper^k - V_upper^k-1||_inf = 0.09244847916841480995, ||V_lower^k - V_lower^k-1||_inf = 0.39021730175676683228, delta^k = -0.39021730175676683228
Iteration   8: ||V_upper^k - V_upper^k-1||_inf = 0.08875054000167814650, ||V_lower^k - V_lower^k-1||_inf = 0.18680922544176992162, delta^k = -0.18680922544176992162
Iteration   9: ||V_upper^k - V_upper^k-1||_inf = 0.08520051840161091405, ||V_lower^k - V_lower^k-1||_inf = 0.15135412007829096570, delta^k = -0.15135412007829096570
Iteration  10: ||V_upper^k - V_upper^k-1||_inf = 0.08179249766554663736, ||V_lower^k - V_lower^k-1||_inf = 0.00000000000000000000, delta^k = 0.00000000000000000000
Iteration  11: ||V_upper^k - V_upper^k-1||_inf = 0.07852079775892462088, ||V_lower^k - V_lower^k-1||_inf = 0.00000000000000000000, delta^k = 0.00000000000000000000
Iteration  12: ||V_upper^k - V_upper^k-1||_inf = 0.07537996584856765381, ||V_lower^k - V_lower^k-1||_inf = 0.00000000000000000000, delta^k = 0.00000000000000000000
Iteration  13: ||V_upper^k - V_upper^k-1||_inf = 0.07236476721462503647, ||V_lower^k - V_lower^k-1||_inf = 0.00000000000000000000, delta^k = 0.00000000000000000000
Iteration  14: ||V_upper^k - V_upper^k-1||_inf = 0.06947017652603992843, ||V_lower^k - V_lower^k-1||_inf = 0.00000000000000000000, delta^k = 0.00000000000000000000
Iteration  15: ||V_upper^k - V_upper^k-1||_inf = 0.06669136946499842900, ||V_lower^k - V_lower^k-1||_inf = 0.00000000000000000000, delta^k = 0.00000000000000000000
Iteration  16: ||V_upper^k - V_upper^k-1||_inf = 0.06402371468639844743, ||V_lower^k - V_lower^k-1||_inf = 0.00000000000000000000, delta^k = 0.00000000000000000000
Iteration  17: ||V_upper^k - V_upper^k-1||_inf = 0.06146276609894241183, ||V_lower^k - V_lower^k-1||_inf = 0.00000000000000000000, delta^k = 0.00000000000000000000
Iteration  18: ||V_upper^k - V_upper^k-1||_inf = 0.05900425545498477753, ||V_lower^k - V_lower^k-1||_inf = 0.00000000000000000000, delta^k = 0.00000000000000000000
Iteration  19: ||V_upper^k - V_upper^k-1||_inf = 0.05664408523678532426, ||V_lower^k - V_lower^k-1||_inf = 0.00000000000000000000, delta^k = 0.00000000000000000000
Iteration  20: ||V_upper^k - V_upper^k-1||_inf = 0.05437832182731394681, ||V_lower^k - V_lower^k-1||_inf = 0.00000000000000000000, delta^k = 0.00000000000000000000
Iteration  21: ||V_upper^k - V_upper^k-1||_inf = 0.05220318895422138006, ||V_lower^k - V_lower^k-1||_inf = 0.00000000000000000000, delta^k = 0.00000000000000000000
Iteration  22: ||V_upper^k - V_upper^k-1||_inf = 0.05011506139605259591, ||V_lower^k - V_lower^k-1||_inf = 0.00000000000000000000, delta^k = 0.00000000000000000000
Iteration  23: ||V_upper^k - V_upper^k-1||_inf = 0.04811045894021037661, ||V_lower^k - V_lower^k-1||_inf = 0.00000000000000000000, delta^k = 0.00000000000000000000
Iteration  24: ||V_upper^k - V_upper^k-1||_inf = 0.04618604058260200595, ||V_lower^k - V_lower^k-1||_inf = 0.00000000000000000000, delta^k = 0.00000000000000000000
Iteration  25: ||V_upper^k - V_upper^k-1||_inf = 0.04433859895929792572, ||V_lower^k - V_lower^k-1||_inf = 0.00000000000000000000, delta^k = 0.00000000000000000000
Iteration  26: ||V_upper^k - V_upper^k-1||_inf = 0.04256505500092599981, ||V_lower^k - V_lower^k-1||_inf = 0.00000000000000000000, delta^k = 0.00000000000000000000
Iteration  27: ||V_upper^k - V_upper^k-1||_inf = 0.04086245280088895981, ||V_lower^k - V_lower^k-1||_inf = 0.00000000000000000000, delta^k = 0.00000000000000000000
Iteration  28: ||V_upper^k - V_upper^k-1||_inf = 0.03922795468885342807, ||V_lower^k - V_lower^k-1||_inf = 0.00000000000000000000, delta^k = 0.00000000000000000000
Iteration  29: ||V_upper^k - V_upper^k-1||_inf = 0.03765883650129930871, ||V_lower^k - V_lower^k-1||_inf = 0.00000000000000000000, delta^k = 0.00000000000000000000
Iteration  30: ||V_upper^k - V_upper^k-1||_inf = 0.03615248304124729639, ||V_lower^k - V_lower^k-1||_inf = 0.00000000000000000000, delta^k = 0.00000000000000000000
Iteration  31: ||V_upper^k - V_upper^k-1||_inf = 0.03470638371959744450, ||V_lower^k - V_lower^k-1||_inf = 0.00000000000000000000, delta^k = 0.00000000000000000000
Iteration  32: ||V_upper^k - V_upper^k-1||_inf = 0.03331812837081360446, ||V_lower^k - V_lower^k-1||_inf = 0.00000000000000000000, delta^k = 0.00000000000000000000
Iteration  33: ||V_upper^k - V_upper^k-1||_inf = 0.03198540323598098034, ||V_lower^k - V_lower^k-1||_inf = 0.00000000000000000000, delta^k = 0.00000000000000000000
Iteration  34: ||V_upper^k - V_upper^k-1||_inf = 0.03070598710654171004, ||V_lower^k - V_lower^k-1||_inf = 0.00000000000000000000, delta^k = 0.00000000000000000000
Iteration  35: ||V_upper^k - V_upper^k-1||_inf = 0.02947774762228005940, ||V_lower^k - V_lower^k-1||_inf = 0.00000000000000000000, delta^k = 0.00000000000000000000
Iteration  36: ||V_upper^k - V_upper^k-1||_inf = 0.02829863771738894140, ||V_lower^k - V_lower^k-1||_inf = 0.00000000000000000000, delta^k = 0.00000000000000000000
Iteration  37: ||V_upper^k - V_upper^k-1||_inf = 0.02716669220869327717, ||V_lower^k - V_lower^k-1||_inf = 0.00000000000000000000, delta^k = 0.00000000000000000000
Iteration  38: ||V_upper^k - V_upper^k-1||_inf = 0.02608002452034563490, ||V_lower^k - V_lower^k-1||_inf = 0.00000000000000000000, delta^k = 0.00000000000000000000
Iteration  39: ||V_upper^k - V_upper^k-1||_inf = 0.02503682353953173845, ||V_lower^k - V_lower^k-1||_inf = 0.00000000000000000000, delta^k = 0.00000000000000000000
Iteration  40: ||V_upper^k - V_upper^k-1||_inf = 0.02403535059795047779, ||V_lower^k - V_lower^k-1||_inf = 0.00000000000000000000, delta^k = 0.00000000000000000000
Iteration  41: ||V_upper^k - V_upper^k-1||_inf = 0.02307393657403244980, ||V_lower^k - V_lower^k-1||_inf = 0.00000000000000000000, delta^k = 0.00000000000000000000
Iteration  42: ||V_upper^k - V_upper^k-1||_inf = 0.02215097911107122286, ||V_lower^k - V_lower^k-1||_inf = 0.00000000000000000000, delta^k = 0.00000000000000000000
Iteration  43: ||V_upper^k - V_upper^k-1||_inf = 0.02126493994662836950, ||V_lower^k - V_lower^k-1||_inf = 0.00000000000000000000, delta^k = 0.00000000000000000000
Iteration  44: ||V_upper^k - V_upper^k-1||_inf = 0.02041434234876321474, ||V_lower^k - V_lower^k-1||_inf = 0.00000000000000000000, delta^k = 0.00000000000000000000
Iteration  45: ||V_upper^k - V_upper^k-1||_inf = 0.01959776865481266395, ||V_lower^k - V_lower^k-1||_inf = 0.00000000000000000000, delta^k = 0.00000000000000000000
Iteration  46: ||V_upper^k - V_upper^k-1||_inf = 0.01881385790862016849, ||V_lower^k - V_lower^k-1||_inf = 0.00000000000000000000, delta^k = 0.00000000000000000000
Iteration  47: ||V_upper^k - V_upper^k-1||_inf = 0.01806130359227536841, ||V_lower^k - V_lower^k-1||_inf = 0.00000000000000000000, delta^k = 0.00000000000000000000
Iteration  48: ||V_upper^k - V_upper^k-1||_inf = 0.01733885144858432481, ||V_lower^k - V_lower^k-1||_inf = 0.00000000000000000000, delta^k = 0.00000000000000000000
Iteration  49: ||V_upper^k - V_upper^k-1||_inf = 0.01664529739064096736, ||V_lower^k - V_lower^k-1||_inf = 0.00000000000000000000, delta^k = 0.00000000000000000000
Iteration  50: ||V_upper^k - V_upper^k-1||_inf = 0.01597948549501532201, ||V_lower^k - V_lower^k-1||_inf = 0.00000000000000000000, delta^k = 0.00000000000000000000
Iteration  51: ||V_upper^k - V_upper^k-1||_inf = 0.01534030607521469358, ||V_lower^k - V_lower^k-1||_inf = 0.00000000000000000000, delta^k = 0.00000000000000000000
Iteration  52: ||V_upper^k - V_upper^k-1||_inf = 0.01472669383220615025, ||V_lower^k - V_lower^k-1||_inf = 0.00000000000000000000, delta^k = 0.00000000000000000000
Iteration  53: ||V_upper^k - V_upper^k-1||_inf = 0.01413762607891788647, ||V_lower^k - V_lower^k-1||_inf = 0.00000000000000000000, delta^k = 0.00000000000000000000
Iteration  54: ||V_upper^k - V_upper^k-1||_inf = 0.00753965361834219028, ||V_lower^k - V_lower^k-1||_inf = 0.00000000000000000000, delta^k = 0.00000000000000000000
Iteration  55: ||V_upper^k - V_upper^k-1||_inf = 0.00000000000000000000, ||V_lower^k - V_lower^k-1||_inf = 0.00000000000000000000, delta^k = 0.00000000000000000000

============================================================
 CONSERVATIVE STOPPING CONDITION MET (Algorithm 3)
============================================================
  delta^k = 0.0000000000e+00 >= -delta_max
  ||V_upper^k - V_upper^k-1||_inf = 0.0000000000e+00 < 1e-08
  eps_cons = (0.96 * 0.0000000000e+00) / 0.04 = 0.0000000000e+00
  Correcting V_lower for 8000 cells: V_lower <- V_lower - eps_cons - eps_machine
   Conservative correction applied successfully
  Machine epsilon eps_machine = 2.220e-16

Value iteration completed in 55 iterations
total time for running value_iteration the first time (phase 0) on the initial grid including grid initialization, setting up cpu parallelism, successor set computation and value iteration is 0.537708 seconds
Initial VI completed in 55 iterations
Final convergence: ||V_upper||_inf = 0.00000000e+00, ||V_lower||_inf = 0.00000000e+00
Saved initial visualization: /Users/i.k.tabbara/Documents/python directory/HSCC_2027/refactored_Implementations/results_hscc_2027_newbellmans_12workers/ra_discount/dubins_res20_eps0.05_dmin1e-08_dmax1e-08_gamma0.96_dt0.3_tau0.3_cons/value_function_phase_0_complete.png

Classification after phase 0:
  Safe:               40 cells (  0.5%),    0.5% of state space
  Unsafe:            880 cells ( 11.0%),   11.0% of state space
  Unclassified:     7080 cells ( 88.5%),   88.5% of state space

======================================================================
INITIAL QUEUE STATE
======================================================================
Total boundary cells: 7080
  Refinable (>eta_min=0.017678): 7080
  Below threshold: 0

======================================================================
REFINEMENT PHASE 1
======================================================================
Boundary cells: 7080
  Refinable (>eta_min=0.017678): 7080
  Below threshold: 0
  Cumulative refined: 0
  Refinable cell size statistics:
    Max:    0.314159
    Mean:   0.314159
    Min:    0.314159
    Median: 0.314159
  Refining 7080 cells...
    Refined: 7080 parent cells
    Created: 14160 child cells
    Total cells: 15080
    Refinement time: 0.001s
    Cumulative refined: 7080
  Rebuilding spatial index...
  Building spatial index for 15080 cells...
   Spatial index built in 0.00s
    Spatial index rebuilt in 0.005s
  Initializing 14160 new cells...
  Initializing 14160 new cells in parallel...
   Initialized in 0.00s (122244956.1 cells/s)
    Initialization completed in 0.000s
  Starting local value iteration...
  Reinitializing ALL 15080 cells (V = l)
   Reinitialized 15080 cells in 0.00s (143448275.9 cells/s)
  Local VI: updating all 15080 cells
    Conservative mode: True
    delta_max: 1e-08
    Max iterations: 100033
    Updating successor cache for 14160 updated cells...
    Updating successor cache for 14160 new cells (HYBRID)...
      Affected cells: 14704
   Trajectories + spatial queries computed in 0.02s (1952790.9 tasks/s)
    Breakdown: 57.6% ODE, 42.4% queries
     Cache updated in 0.02s (1855726.0 tasks/s)
    Local Iteration   1: ||V_upper^k - V_upper^k-1||_inf = 0.11770562748477164661, ||V_lower^k - V_lower^k-1||_inf = 3.47837661840735679064, delta^k = -3.47837661840735679064
    Local Iteration   2: ||V_upper^k - V_upper^k-1||_inf = 0.11299740238538058534, ||V_lower^k - V_lower^k-1||_inf = 2.93194804770761141555, delta^k = -2.93194804770761141555
    Local Iteration   3: ||V_upper^k - V_upper^k-1||_inf = 0.10847750628996521982, ||V_lower^k - V_lower^k-1||_inf = 2.42366836007439356848, delta^k = -2.42366836007439356848
    Local Iteration   4: ||V_upper^k - V_upper^k-1||_inf = 0.10413840603836677090, ||V_lower^k - V_lower^k-1||_inf = 1.95135993057550072294, delta^k = -1.95135993057550072294
    Local Iteration   5: ||V_upper^k - V_upper^k-1||_inf = 0.09997286979683206454, ||V_lower^k - V_lower^k-1||_inf = 1.51295830606040038191, delta^k = -1.51295830606040038191
    Local Iteration   6: ||V_upper^k - V_upper^k-1||_inf = 0.09597395500495897736, ||V_lower^k - V_lower^k-1||_inf = 1.10650663561758766384, delta^k = -1.10650663561758766384
    Local Iteration   7: ||V_upper^k - V_upper^k-1||_inf = 0.09213499680476067155, ||V_lower^k - V_lower^k-1||_inf = 0.73015036552050283092, delta^k = -0.73015036552050283092
    Local Iteration   8: ||V_upper^k - V_upper^k-1||_inf = 0.08844959693257026245, ||V_lower^k - V_lower^k-1||_inf = 0.36015940263244039521, delta^k = -0.36015940263244039521
    Local Iteration   9: ||V_upper^k - V_upper^k-1||_inf = 0.08491161305526739866, ||V_lower^k - V_lower^k-1||_inf = 0.33130381947308706891, delta^k = -0.33130381947308706891
    Local Iteration  10: ||V_upper^k - V_upper^k-1||_inf = 0.08151514853305652508, ||V_lower^k - V_lower^k-1||_inf = 0.30360245964010779129, delta^k = -0.30360245964010779129
    Local Iteration  11: ||V_upper^k - V_upper^k-1||_inf = 0.07825454259173425520, ||V_lower^k - V_lower^k-1||_inf = 0.27700915420044769366, delta^k = -0.27700915420044769366
    Local Iteration  12: ||V_upper^k - V_upper^k-1||_inf = 0.07512436088806495604, ||V_lower^k - V_lower^k-1||_inf = 0.08520831423820018902, delta^k = -0.08520831423820018902
    Local Iteration  13: ||V_upper^k - V_upper^k-1||_inf = 0.07211938645254223346, ||V_lower^k - V_lower^k-1||_inf = 0.00000000000000000000, delta^k = 0.00000000000000000000
    Local Iteration  14: ||V_upper^k - V_upper^k-1||_inf = 0.06923461099444061517, ||V_lower^k - V_lower^k-1||_inf = 0.00000000000000000000, delta^k = 0.00000000000000000000
    Local Iteration  15: ||V_upper^k - V_upper^k-1||_inf = 0.06646522655466302609, ||V_lower^k - V_lower^k-1||_inf = 0.00000000000000000000, delta^k = 0.00000000000000000000
    Local Iteration  16: ||V_upper^k - V_upper^k-1||_inf = 0.06380661749247651393, ||V_lower^k - V_lower^k-1||_inf = 0.00000000000000000000, delta^k = 0.00000000000000000000
    Local Iteration  17: ||V_upper^k - V_upper^k-1||_inf = 0.06125435279277735567, ||V_lower^k - V_lower^k-1||_inf = 0.00000000000000000000, delta^k = 0.00000000000000000000
    Local Iteration  18: ||V_upper^k - V_upper^k-1||_inf = 0.05880417868106624368, ||V_lower^k - V_lower^k-1||_inf = 0.00000000000000000000, delta^k = 0.00000000000000000000
    Local Iteration  19: ||V_upper^k - V_upper^k-1||_inf = 0.05645201153382362058, ||V_lower^k - V_lower^k-1||_inf = 0.00000000000000000000, delta^k = 0.00000000000000000000
    Local Iteration  20: ||V_upper^k - V_upper^k-1||_inf = 0.05419393107247061359, ||V_lower^k - V_lower^k-1||_inf = 0.00000000000000000000, delta^k = 0.00000000000000000000
    Local Iteration  21: ||V_upper^k - V_upper^k-1||_inf = 0.05202617382957197556, ||V_lower^k - V_lower^k-1||_inf = 0.00000000000000000000, delta^k = 0.00000000000000000000
    Local Iteration  22: ||V_upper^k - V_upper^k-1||_inf = 0.04994512687638907877, ||V_lower^k - V_lower^k-1||_inf = 0.00000000000000000000, delta^k = 0.00000000000000000000
    Local Iteration  23: ||V_upper^k - V_upper^k-1||_inf = 0.04794732180133354227, ||V_lower^k - V_lower^k-1||_inf = 0.00000000000000000000, delta^k = 0.00000000000000000000
    Local Iteration  24: ||V_upper^k - V_upper^k-1||_inf = 0.04602942892928019170, ||V_lower^k - V_lower^k-1||_inf = 0.00000000000000000000, delta^k = 0.00000000000000000000
    Local Iteration  25: ||V_upper^k - V_upper^k-1||_inf = 0.04418825177210883304, ||V_lower^k - V_lower^k-1||_inf = 0.00000000000000000000, delta^k = 0.00000000000000000000
    Local Iteration  26: ||V_upper^k - V_upper^k-1||_inf = 0.04242072170122446195, ||V_lower^k - V_lower^k-1||_inf = 0.00000000000000000000, delta^k = 0.00000000000000000000
    Local Iteration  27: ||V_upper^k - V_upper^k-1||_inf = 0.04072389283317556785, ||V_lower^k - V_lower^k-1||_inf = 0.00000000000000000000, delta^k = 0.00000000000000000000
    Local Iteration  28: ||V_upper^k - V_upper^k-1||_inf = 0.03909493711984857178, ||V_lower^k - V_lower^k-1||_inf = 0.00000000000000000000, delta^k = 0.00000000000000000000
    Local Iteration  29: ||V_upper^k - V_upper^k-1||_inf = 0.03753113963505461115, ||V_lower^k - V_lower^k-1||_inf = 0.00000000000000000000, delta^k = 0.00000000000000000000
    Local Iteration  30: ||V_upper^k - V_upper^k-1||_inf = 0.03602989404965240006, ||V_lower^k - V_lower^k-1||_inf = 0.00000000000000000000, delta^k = 0.00000000000000000000
    Local Iteration  31: ||V_upper^k - V_upper^k-1||_inf = 0.03458869828766630850, ||V_lower^k - V_lower^k-1||_inf = 0.00000000000000000000, delta^k = 0.00000000000000000000
    Local Iteration  32: ||V_upper^k - V_upper^k-1||_inf = 0.03320515035615967392, ||V_lower^k - V_lower^k-1||_inf = 0.00000000000000000000, delta^k = 0.00000000000000000000
    Local Iteration  33: ||V_upper^k - V_upper^k-1||_inf = 0.03187694434191323811, ||V_lower^k - V_lower^k-1||_inf = 0.00000000000000000000, delta^k = 0.00000000000000000000
    Local Iteration  34: ||V_upper^k - V_upper^k-1||_inf = 0.03060186656823671303, ||V_lower^k - V_lower^k-1||_inf = 0.00000000000000000000, delta^k = 0.00000000000000000000
    Local Iteration  35: ||V_upper^k - V_upper^k-1||_inf = 0.02937779190550726671, ||V_lower^k - V_lower^k-1||_inf = 0.00000000000000000000, delta^k = 0.00000000000000000000
    Local Iteration  36: ||V_upper^k - V_upper^k-1||_inf = 0.02820268022928695828, ||V_lower^k - V_lower^k-1||_inf = 0.00000000000000000000, delta^k = 0.00000000000000000000
    Local Iteration  37: ||V_upper^k - V_upper^k-1||_inf = 0.02707457302011551104, ||V_lower^k - V_lower^k-1||_inf = 0.00000000000000000000, delta^k = 0.00000000000000000000
    Local Iteration  38: ||V_upper^k - V_upper^k-1||_inf = 0.02599159009931084618, ||V_lower^k - V_lower^k-1||_inf = 0.00000000000000000000, delta^k = 0.00000000000000000000
    Local Iteration  39: ||V_upper^k - V_upper^k-1||_inf = 0.02495192649533839457, ||V_lower^k - V_lower^k-1||_inf = 0.00000000000000000000, delta^k = 0.00000000000000000000
    Local Iteration  40: ||V_upper^k - V_upper^k-1||_inf = 0.02395384943552492096, ||V_lower^k - V_lower^k-1||_inf = 0.00000000000000000000, delta^k = 0.00000000000000000000
    Local Iteration  41: ||V_upper^k - V_upper^k-1||_inf = 0.02299569545810387083, ||V_lower^k - V_lower^k-1||_inf = 0.00000000000000000000, delta^k = 0.00000000000000000000
    Local Iteration  42: ||V_upper^k - V_upper^k-1||_inf = 0.02207586763977975597, ||V_lower^k - V_lower^k-1||_inf = 0.00000000000000000000, delta^k = 0.00000000000000000000
    Local Iteration  43: ||V_upper^k - V_upper^k-1||_inf = 0.02119283293418849912, ||V_lower^k - V_lower^k-1||_inf = 0.00000000000000000000, delta^k = 0.00000000000000000000
    Local Iteration  44: ||V_upper^k - V_upper^k-1||_inf = 0.02034511961682100578, ||V_lower^k - V_lower^k-1||_inf = 0.00000000000000000000, delta^k = 0.00000000000000000000
    Local Iteration  45: ||V_upper^k - V_upper^k-1||_inf = 0.01953131483214815001, ||V_lower^k - V_lower^k-1||_inf = 0.00000000000000000000, delta^k = 0.00000000000000000000
    Local Iteration  46: ||V_upper^k - V_upper^k-1||_inf = 0.01875006223886221957, ||V_lower^k - V_lower^k-1||_inf = 0.00000000000000000000, delta^k = 0.00000000000000000000
    Local Iteration  47: ||V_upper^k - V_upper^k-1||_inf = 0.01800005974930773966, ||V_lower^k - V_lower^k-1||_inf = 0.00000000000000000000, delta^k = 0.00000000000000000000
    Local Iteration  48: ||V_upper^k - V_upper^k-1||_inf = 0.01728005735933541009, ||V_lower^k - V_lower^k-1||_inf = 0.00000000000000000000, delta^k = 0.00000000000000000000
    Local Iteration  49: ||V_upper^k - V_upper^k-1||_inf = 0.01658885506496199369, ||V_lower^k - V_lower^k-1||_inf = 0.00000000000000000000, delta^k = 0.00000000000000000000
    Local Iteration  50: ||V_upper^k - V_upper^k-1||_inf = 0.01592530086236354503, ||V_lower^k - V_lower^k-1||_inf = 0.00000000000000000000, delta^k = 0.00000000000000000000
    Local Iteration  51: ||V_upper^k - V_upper^k-1||_inf = 0.01528828882786897880, ||V_lower^k - V_lower^k-1||_inf = 0.00000000000000000000, delta^k = 0.00000000000000000000
    Local Iteration  52: ||V_upper^k - V_upper^k-1||_inf = 0.01467675727475425962, ||V_lower^k - V_lower^k-1||_inf = 0.00000000000000000000, delta^k = 0.00000000000000000000
    Local Iteration  53: ||V_upper^k - V_upper^k-1||_inf = 0.01408968698376406037, ||V_lower^k - V_lower^k-1||_inf = 0.00000000000000000000, delta^k = 0.00000000000000000000
    Local Iteration  54: ||V_upper^k - V_upper^k-1||_inf = 0.01352609950441352460, ||V_lower^k - V_lower^k-1||_inf = 0.00000000000000000000, delta^k = 0.00000000000000000000
    Local Iteration  55: ||V_upper^k - V_upper^k-1||_inf = 0.00613355072126481327, ||V_lower^k - V_lower^k-1||_inf = 0.00000000000000000000, delta^k = 0.00000000000000000000
    Local Iteration  56: ||V_upper^k - V_upper^k-1||_inf = 0.00000000000000000000, ||V_lower^k - V_lower^k-1||_inf = 0.00000000000000000000, delta^k = 0.00000000000000000000

============================================================
 CONSERVATIVE STOPPING CONDITION MET (Algorithm 3)
============================================================
  delta^k = 0.0000000000e+00 >= -delta_max
  ||V_upper^k - V_upper^k-1||_inf = 0.0000000000e+00 < 1e-08
  eps_cons = (0.96 * 0.0000000000e+00) / 0.04 = 0.0000000000e+00
  Correcting V_lower for 15080 cells: V_lower <- V_lower - eps_cons - eps_machine
   Conservative correction applied successfully
  Machine epsilon eps_machine = 2.220e-16
    Local VI completed in 56 iterations
    Final convergence values:
      ||V_upper^final - V_upper^prev||_inf = 0.00000000e+00
      ||V_lower^final - V_lower^prev||_inf = 0.00000000e+00
  Local VI completed in 56 iterations, time: 0.037s
    Final ||V_upper^k - V_upper^k-1||_inf = 0.00000000000000000000e+00
    Final ||V_lower^k - V_lower^k-1||_inf = 0.00000000000000000000e+00
  Saved visualization: /Users/i.k.tabbara/Documents/python directory/HSCC_2027/refactored_Implementations/results_hscc_2027_newbellmans_12workers/ra_discount/dubins_res20_eps0.05_dmin1e-08_dmax1e-08_gamma0.96_dt0.3_tau0.3_cons/value_function_phase_1_complete.png
  Phase 1 completed in 0.57s with 15080 leaf cells

Classification after phase 1:
  Safe:               40 cells (  0.3%),    0.5% of state space
  Unsafe:            880 cells (  5.8%),   11.0% of state space
  Unclassified:    14160 cells ( 93.9%),   88.5% of state space

======================================================================
REFINEMENT PHASE 2
======================================================================
Boundary cells: 14160
  Refinable (>eta_min=0.017678): 14160
  Below threshold: 0
  Cumulative refined: 7080
  Refinable cell size statistics:
    Max:    0.300000
    Mean:   0.300000
    Min:    0.300000
    Median: 0.300000
  Refining 14160 cells...
    Refined: 14160 parent cells
    Created: 28320 child cells
    Total cells: 29240
    Refinement time: 0.001s
    Cumulative refined: 21240
  Rebuilding spatial index...
  Building spatial index for 29240 cells...
   Spatial index built in 0.00s
    Spatial index rebuilt in 0.005s
  Initializing 28320 new cells...
  Initializing 28320 new cells in parallel...
   Initialized in 0.00s (325050215.2 cells/s)
    Initialization completed in 0.000s
  Starting local value iteration...
  Reinitializing ALL 29240 cells (V = l)
   Reinitialized 29240 cells in 0.00s (352999408.4 cells/s)
  Local VI: updating all 29240 cells
    Conservative mode: True
    delta_max: 1e-08
    Max iterations: 100033
    Updating successor cache for 28320 updated cells...
    Updating successor cache for 28320 new cells (HYBRID)...
      Affected cells: 28864
   Trajectories + spatial queries computed in 0.02s (4248645.5 tasks/s)
    Breakdown: 51.0% ODE, 49.0% queries
     Cache updated in 0.02s (3911169.9 tasks/s)
    Local Iteration   1: ||V_upper^k - V_upper^k-1||_inf = 3.95601805137455864170, ||V_lower^k - V_lower^k-1||_inf = 3.53175398266263007585, delta^k = -3.53175398266263007585
    Local Iteration   2: ||V_upper^k - V_upper^k-1||_inf = 0.11504709317278294378, ||V_lower^k - V_lower^k-1||_inf = 2.98322864185995939579, delta^k = -2.98322864185995939579
    Local Iteration   3: ||V_upper^k - V_upper^k-1||_inf = 0.11044520944587166156, ||V_lower^k - V_lower^k-1||_inf = 2.47294417044094583247, delta^k = -2.47294417044094583247
    Local Iteration   4: ||V_upper^k - V_upper^k-1||_inf = 0.10602740106803709708, ||V_lower^k - V_lower^k-1||_inf = 1.90489967656036807142, delta^k = -1.90489967656036807142
    Local Iteration   5: ||V_upper^k - V_upper^k-1||_inf = 0.10178630502531538227, ||V_lower^k - V_lower^k-1||_inf = 1.46843859235609297542, delta^k = -1.46843859235609297542
    Local Iteration   6: ||V_upper^k - V_upper^k-1||_inf = 0.09771485282430303343, ||V_lower^k - V_lower^k-1||_inf = 1.06388258042889716215, delta^k = -1.06388258042889716215
    Local Iteration   7: ||V_upper^k - V_upper^k-1||_inf = 0.09380625871133085880, ||V_lower^k - V_lower^k-1||_inf = 0.68940684224015635895, delta^k = -0.68940684224015635895
    Local Iteration   8: ||V_upper^k - V_upper^k-1||_inf = 0.09005400836287735800, ||V_lower^k - V_lower^k-1||_inf = 0.44563351188989924756, delta^k = -0.44563351188989924756
    Local Iteration   9: ||V_upper^k - V_upper^k-1||_inf = 0.08645184802836247684, ||V_lower^k - V_lower^k-1||_inf = 0.33130381947308706891, delta^k = -0.33130381947308706891
    Local Iteration  10: ||V_upper^k - V_upper^k-1||_inf = 0.08299377410722796888, ||V_lower^k - V_lower^k-1||_inf = 0.30360245964010779129, delta^k = -0.30360245964010779129
    Local Iteration  11: ||V_upper^k - V_upper^k-1||_inf = 0.07967402314293869914, ||V_lower^k - V_lower^k-1||_inf = 0.27700915420044769366, delta^k = -0.27700915420044769366
    Local Iteration  12: ||V_upper^k - V_upper^k-1||_inf = 0.07648706221722112453, ||V_lower^k - V_lower^k-1||_inf = 0.25147958097837408431, delta^k = -0.25147958097837408431
    Local Iteration  13: ||V_upper^k - V_upper^k-1||_inf = 0.07342757972853242165, ||V_lower^k - V_lower^k-1||_inf = 0.22697119068518334384, delta^k = -0.22697119068518334384
    Local Iteration  14: ||V_upper^k - V_upper^k-1||_inf = 0.07049047653939100044, ||V_lower^k - V_lower^k-1||_inf = 0.02770135983297927762, delta^k = -0.02770135983297927762
    Local Iteration  15: ||V_upper^k - V_upper^k-1||_inf = 0.06767085747781553806, ||V_lower^k - V_lower^k-1||_inf = 0.01247356293681278760, delta^k = -0.01247356293681278760
    Local Iteration  16: ||V_upper^k - V_upper^k-1||_inf = 0.06496402317870275667, ||V_lower^k - V_lower^k-1||_inf = 0.00000000000000000000, delta^k = 0.00000000000000000000
    Local Iteration  17: ||V_upper^k - V_upper^k-1||_inf = 0.06236546225155459311, ||V_lower^k - V_lower^k-1||_inf = 0.00000000000000000000, delta^k = 0.00000000000000000000
    Local Iteration  18: ||V_upper^k - V_upper^k-1||_inf = 0.05987084376149254261, ||V_lower^k - V_lower^k-1||_inf = 0.00000000000000000000, delta^k = 0.00000000000000000000
    Local Iteration  19: ||V_upper^k - V_upper^k-1||_inf = 0.05747601001103275209, ||V_lower^k - V_lower^k-1||_inf = 0.00000000000000000000, delta^k = 0.00000000000000000000
    Local Iteration  20: ||V_upper^k - V_upper^k-1||_inf = 0.05517696961059148641, ||V_lower^k - V_lower^k-1||_inf = 0.00000000000000000000, delta^k = 0.00000000000000000000
    Local Iteration  21: ||V_upper^k - V_upper^k-1||_inf = 0.05296989082616776479, ||V_lower^k - V_lower^k-1||_inf = 0.00000000000000000000, delta^k = 0.00000000000000000000
    Local Iteration  22: ||V_upper^k - V_upper^k-1||_inf = 0.05085109519312114301, ||V_lower^k - V_lower^k-1||_inf = 0.00000000000000000000, delta^k = 0.00000000000000000000
    Local Iteration  23: ||V_upper^k - V_upper^k-1||_inf = 0.04881705138539627065, ||V_lower^k - V_lower^k-1||_inf = 0.00000000000000000000, delta^k = 0.00000000000000000000
    Local Iteration  24: ||V_upper^k - V_upper^k-1||_inf = 0.04686436932998039318, ||V_lower^k - V_lower^k-1||_inf = 0.00000000000000000000, delta^k = 0.00000000000000000000
    Local Iteration  25: ||V_upper^k - V_upper^k-1||_inf = 0.04498979455678120409, ||V_lower^k - V_lower^k-1||_inf = 0.00000000000000000000, delta^k = 0.00000000000000000000
    Local Iteration  26: ||V_upper^k - V_upper^k-1||_inf = 0.04319020277450991152, ||V_lower^k - V_lower^k-1||_inf = 0.00000000000000000000, delta^k = 0.00000000000000000000
    Local Iteration  27: ||V_upper^k - V_upper^k-1||_inf = 0.04146259466352952838, ||V_lower^k - V_lower^k-1||_inf = 0.00000000000000000000, delta^k = 0.00000000000000000000
    Local Iteration  28: ||V_upper^k - V_upper^k-1||_inf = 0.03980409087698832948, ||V_lower^k - V_lower^k-1||_inf = 0.00000000000000000000, delta^k = 0.00000000000000000000
    Local Iteration  29: ||V_upper^k - V_upper^k-1||_inf = 0.03821192724190880519, ||V_lower^k - V_lower^k-1||_inf = 0.00000000000000000000, delta^k = 0.00000000000000000000
    Local Iteration  30: ||V_upper^k - V_upper^k-1||_inf = 0.03668345015223251071, ||V_lower^k - V_lower^k-1||_inf = 0.00000000000000000000, delta^k = 0.00000000000000000000
    Local Iteration  31: ||V_upper^k - V_upper^k-1||_inf = 0.03521611214614317475, ||V_lower^k - V_lower^k-1||_inf = 0.00000000000000000000, delta^k = 0.00000000000000000000
    Local Iteration  32: ||V_upper^k - V_upper^k-1||_inf = 0.03380746766029740780, ||V_lower^k - V_lower^k-1||_inf = 0.00000000000000000000, delta^k = 0.00000000000000000000
    Local Iteration  33: ||V_upper^k - V_upper^k-1||_inf = 0.03245516895388556033, ||V_lower^k - V_lower^k-1||_inf = 0.00000000000000000000, delta^k = 0.00000000000000000000
    Local Iteration  34: ||V_upper^k - V_upper^k-1||_inf = 0.03115696219573016457, ||V_lower^k - V_lower^k-1||_inf = 0.00000000000000000000, delta^k = 0.00000000000000000000
    Local Iteration  35: ||V_upper^k - V_upper^k-1||_inf = 0.02991068370790095354, ||V_lower^k - V_lower^k-1||_inf = 0.00000000000000000000, delta^k = 0.00000000000000000000
    Local Iteration  36: ||V_upper^k - V_upper^k-1||_inf = 0.02871425635958491096, ||V_lower^k - V_lower^k-1||_inf = 0.00000000000000000000, delta^k = 0.00000000000000000000
    Local Iteration  37: ||V_upper^k - V_upper^k-1||_inf = 0.02756568610520149232, ||V_lower^k - V_lower^k-1||_inf = 0.00000000000000000000, delta^k = 0.00000000000000000000
    Local Iteration  38: ||V_upper^k - V_upper^k-1||_inf = 0.02646305866099341042, ||V_lower^k - V_lower^k-1||_inf = 0.00000000000000000000, delta^k = 0.00000000000000000000
    Local Iteration  39: ||V_upper^k - V_upper^k-1||_inf = 0.02540453631455363848, ||V_lower^k - V_lower^k-1||_inf = 0.00000000000000000000, delta^k = 0.00000000000000000000
    Local Iteration  40: ||V_upper^k - V_upper^k-1||_inf = 0.02438835486197155067, ||V_lower^k - V_lower^k-1||_inf = 0.00000000000000000000, delta^k = 0.00000000000000000000
    Local Iteration  41: ||V_upper^k - V_upper^k-1||_inf = 0.02341282066749272861, ||V_lower^k - V_lower^k-1||_inf = 0.00000000000000000000, delta^k = 0.00000000000000000000
    Local Iteration  42: ||V_upper^k - V_upper^k-1||_inf = 0.02247630784079301947, ||V_lower^k - V_lower^k-1||_inf = 0.00000000000000000000, delta^k = 0.00000000000000000000
    Local Iteration  43: ||V_upper^k - V_upper^k-1||_inf = 0.02157725552716127648, ||V_lower^k - V_lower^k-1||_inf = 0.00000000000000000000, delta^k = 0.00000000000000000000
    Local Iteration  44: ||V_upper^k - V_upper^k-1||_inf = 0.02071416530607478323, ||V_lower^k - V_lower^k-1||_inf = 0.00000000000000000000, delta^k = 0.00000000000000000000
    Local Iteration  45: ||V_upper^k - V_upper^k-1||_inf = 0.01988559869383182965, ||V_lower^k - V_lower^k-1||_inf = 0.00000000000000000000, delta^k = 0.00000000000000000000
    Local Iteration  46: ||V_upper^k - V_upper^k-1||_inf = 0.01909017474607854759, ||V_lower^k - V_lower^k-1||_inf = 0.00000000000000000000, delta^k = 0.00000000000000000000
    Local Iteration  47: ||V_upper^k - V_upper^k-1||_inf = 0.01832656775623536793, ||V_lower^k - V_lower^k-1||_inf = 0.00000000000000000000, delta^k = 0.00000000000000000000
    Local Iteration  48: ||V_upper^k - V_upper^k-1||_inf = 0.01759350504598594656, ||V_lower^k - V_lower^k-1||_inf = 0.00000000000000000000, delta^k = 0.00000000000000000000
    Local Iteration  49: ||V_upper^k - V_upper^k-1||_inf = 0.01688976484414655976, ||V_lower^k - V_lower^k-1||_inf = 0.00000000000000000000, delta^k = 0.00000000000000000000
    Local Iteration  50: ||V_upper^k - V_upper^k-1||_inf = 0.01621417425038068627, ||V_lower^k - V_lower^k-1||_inf = 0.00000000000000000000, delta^k = 0.00000000000000000000
    Local Iteration  51: ||V_upper^k - V_upper^k-1||_inf = 0.01556560728036543440, ||V_lower^k - V_lower^k-1||_inf = 0.00000000000000000000, delta^k = 0.00000000000000000000
    Local Iteration  52: ||V_upper^k - V_upper^k-1||_inf = 0.01494298298915081036, ||V_lower^k - V_lower^k-1||_inf = 0.00000000000000000000, delta^k = 0.00000000000000000000
    Local Iteration  53: ||V_upper^k - V_upper^k-1||_inf = 0.01434526366958477350, ||V_lower^k - V_lower^k-1||_inf = 0.00000000000000000000, delta^k = 0.00000000000000000000
    Local Iteration  54: ||V_upper^k - V_upper^k-1||_inf = 0.01377145312280142475, ||V_lower^k - V_lower^k-1||_inf = 0.00000000000000000000, delta^k = 0.00000000000000000000
    Local Iteration  55: ||V_upper^k - V_upper^k-1||_inf = 0.01322059499788935666, ||V_lower^k - V_lower^k-1||_inf = 0.00000000000000000000, delta^k = 0.00000000000000000000
    Local Iteration  56: ||V_upper^k - V_upper^k-1||_inf = 0.01269177119797376685, ||V_lower^k - V_lower^k-1||_inf = 0.00000000000000000000, delta^k = 0.00000000000000000000
    Local Iteration  57: ||V_upper^k - V_upper^k-1||_inf = 0.01107950981766830933, ||V_lower^k - V_lower^k-1||_inf = 0.00000000000000000000, delta^k = 0.00000000000000000000
    Local Iteration  58: ||V_upper^k - V_upper^k-1||_inf = 0.00000000000000000000, ||V_lower^k - V_lower^k-1||_inf = 0.00000000000000000000, delta^k = 0.00000000000000000000

============================================================
 CONSERVATIVE STOPPING CONDITION MET (Algorithm 3)
============================================================
  delta^k = 0.0000000000e+00 >= -delta_max
  ||V_upper^k - V_upper^k-1||_inf = 0.0000000000e+00 < 1e-08
  eps_cons = (0.96 * 0.0000000000e+00) / 0.04 = 0.0000000000e+00
  Correcting V_lower for 29240 cells: V_lower <- V_lower - eps_cons - eps_machine
   Conservative correction applied successfully
  Machine epsilon eps_machine = 2.220e-16
    Local VI completed in 58 iterations
    Final convergence values:
      ||V_upper^final - V_upper^prev||_inf = 0.00000000e+00
      ||V_lower^final - V_lower^prev||_inf = 0.00000000e+00
  Local VI completed in 58 iterations, time: 0.041s
    Final ||V_upper^k - V_upper^k-1||_inf = 0.00000000000000000000e+00
    Final ||V_lower^k - V_lower^k-1||_inf = 0.00000000000000000000e+00
  Saved visualization: /Users/i.k.tabbara/Documents/python directory/HSCC_2027/refactored_Implementations/results_hscc_2027_newbellmans_12workers/ra_discount/dubins_res20_eps0.05_dmin1e-08_dmax1e-08_gamma0.96_dt0.3_tau0.3_cons/value_function_phase_2_complete.png
  Phase 2 completed in 0.58s with 29240 leaf cells

Classification after phase 2:
  Safe:              132 cells (  0.5%),    0.8% of state space
  Unsafe:           1112 cells (  3.8%),   11.7% of state space
  Unclassified:    27996 cells ( 95.7%),   87.5% of state space

======================================================================
REFINEMENT PHASE 3
======================================================================
Boundary cells: 27996
  Refinable (>eta_min=0.017678): 27996
  Below threshold: 0
  Cumulative refined: 21240
  Refinable cell size statistics:
    Max:    0.300000
    Mean:   0.300000
    Min:    0.300000
    Median: 0.300000
  Refining 27996 cells...
    Refined: 27996 parent cells
    Created: 55992 child cells
    Total cells: 57236
    Refinement time: 0.002s
    Cumulative refined: 49236
  Rebuilding spatial index...
  Building spatial index for 57236 cells...
   Spatial index built in 0.01s
    Spatial index rebuilt in 0.010s
  Initializing 55992 new cells...
  Initializing 55992 new cells in parallel...
   Initialized in 0.00s (390754543.2 cells/s)
    Initialization completed in 0.000s
  Starting local value iteration...
  Reinitializing ALL 57236 cells (V = l)
   Reinitialized 57236 cells in 0.00s (561137254.9 cells/s)
  Local VI: updating all 57236 cells
    Conservative mode: True
    delta_max: 1e-08
    Max iterations: 100033
    Updating successor cache for 55992 updated cells...
    Updating successor cache for 55992 new cells (HYBRID)...
      Affected cells: 56716
   Trajectories + spatial queries computed in 0.03s (5045832.7 tasks/s)
    Breakdown: 53.2% ODE, 46.8% queries
     Cache updated in 0.04s (4535324.7 tasks/s)
    Local Iteration   1: ||V_upper^k - V_upper^k-1||_inf = 3.95601805137455864170, ||V_lower^k - V_lower^k-1||_inf = 3.68550259648734401807, delta^k = -3.68550259648734401807
    Local Iteration   2: ||V_upper^k - V_upper^k-1||_inf = 3.76457609016864314100, ||V_lower^k - V_lower^k-1||_inf = 3.23402630401929069848, delta^k = -3.23402630401929069848
    Local Iteration   3: ||V_upper^k - V_upper^k-1||_inf = 3.61399304656189723772, ||V_lower^k - V_lower^k-1||_inf = 2.81597538338088515530, delta^k = -2.81597538338088515530
    Local Iteration   4: ||V_upper^k - V_upper^k-1||_inf = 3.46943332469942156138, ||V_lower^k - V_lower^k-1||_inf = 2.51602136906212070500, delta^k = -2.51602136906212070500
    Local Iteration   5: ||V_upper^k - V_upper^k-1||_inf = 3.33065599171144466339, ||V_lower^k - V_lower^k-1||_inf = 2.15375099969005168177, delta^k = -2.15375099969005168177
    Local Iteration   6: ||V_upper^k - V_upper^k-1||_inf = 3.19742975204298662817, ||V_lower^k - V_lower^k-1||_inf = 1.88243737139499556221, delta^k = -1.88243737139499556221
    Local Iteration   7: ||V_upper^k - V_upper^k-1||_inf = 3.06269811843552952624, ||V_lower^k - V_lower^k-1||_inf = 1.64122476544244810803, delta^k = -1.64122476544244810803
    Local Iteration   8: ||V_upper^k - V_upper^k-1||_inf = 0.38758732815841079322, ||V_lower^k - V_lower^k-1||_inf = 1.41632043068886215309, delta^k = -1.41632043068886215309
    Local Iteration   9: ||V_upper^k - V_upper^k-1||_inf = 0.37208383503207431708, ||V_lower^k - V_lower^k-1||_inf = 1.22201978841524194763, delta^k = -1.22201978841524194763
    Local Iteration  10: ||V_upper^k - V_upper^k-1||_inf = 0.35720048163079143322, ||V_lower^k - V_lower^k-1||_inf = 1.04135309283326904506, delta^k = -1.04135309283326904506
    Local Iteration  11: ||V_upper^k - V_upper^k-1||_inf = 0.34291246236555972260, ||V_lower^k - V_lower^k-1||_inf = 0.84693411392445838715, delta^k = -0.84693411392445838715
    Local Iteration  12: ||V_upper^k - V_upper^k-1||_inf = 0.32919596387093741363, ||V_lower^k - V_lower^k-1||_inf = 0.75354211753262312357, delta^k = -0.75354211753262312357
    Local Iteration  13: ||V_upper^k - V_upper^k-1||_inf = 0.31602812531609991709, ||V_lower^k - V_lower^k-1||_inf = 0.72340043283131816310, delta^k = -0.72340043283131816310
    Local Iteration  14: ||V_upper^k - V_upper^k-1||_inf = 0.30338700030345600034, ||V_lower^k - V_lower^k-1||_inf = 0.67943494193780629153, delta^k = -0.67943494193780629153
    Local Iteration  15: ||V_upper^k - V_upper^k-1||_inf = 0.23967941687588112387, ||V_lower^k - V_lower^k-1||_inf = 0.65225754426029403099, delta^k = -0.65225754426029403099
    Local Iteration  16: ||V_upper^k - V_upper^k-1||_inf = 0.20524546492691331245, ||V_lower^k - V_lower^k-1||_inf = 0.46356756861205106190, delta^k = -0.46356756861205106190
    Local Iteration  17: ||V_upper^k - V_upper^k-1||_inf = 0.13264557499355689174, ||V_lower^k - V_lower^k-1||_inf = 0.38213223057329165355, delta^k = -0.38213223057329165355
    Local Iteration  18: ||V_upper^k - V_upper^k-1||_inf = 0.07100003032353119359, ||V_lower^k - V_lower^k-1||_inf = 0.05788094887355789420, delta^k = -0.05788094887355789420
    Local Iteration  19: ||V_upper^k - V_upper^k-1||_inf = 0.05681253396789598398, ||V_lower^k - V_lower^k-1||_inf = 0.03107309523486877917, delta^k = -0.03107309523486877917
    Local Iteration  20: ||V_upper^k - V_upper^k-1||_inf = 0.05454003260917983376, ||V_lower^k - V_lower^k-1||_inf = 0.02983017142547403355, delta^k = -0.02983017142547403355
    Local Iteration  21: ||V_upper^k - V_upper^k-1||_inf = 0.05235843130481265817, ||V_lower^k - V_lower^k-1||_inf = 0.00000000000000000000, delta^k = 0.00000000000000000000
    Local Iteration  22: ||V_upper^k - V_upper^k-1||_inf = 0.05026409405262022290, ||V_lower^k - V_lower^k-1||_inf = 0.00000000000000000000, delta^k = 0.00000000000000000000
    Local Iteration  23: ||V_upper^k - V_upper^k-1||_inf = 0.04825353029051537845, ||V_lower^k - V_lower^k-1||_inf = 0.00000000000000000000, delta^k = 0.00000000000000000000
    Local Iteration  24: ||V_upper^k - V_upper^k-1||_inf = 0.04632338907889477220, ||V_lower^k - V_lower^k-1||_inf = 0.00000000000000000000, delta^k = 0.00000000000000000000
    Local Iteration  25: ||V_upper^k - V_upper^k-1||_inf = 0.04447045351573897243, ||V_lower^k - V_lower^k-1||_inf = 0.00000000000000000000, delta^k = 0.00000000000000000000
    Local Iteration  26: ||V_upper^k - V_upper^k-1||_inf = 0.04269163537510944906, ||V_lower^k - V_lower^k-1||_inf = 0.00000000000000000000, delta^k = 0.00000000000000000000
    Local Iteration  27: ||V_upper^k - V_upper^k-1||_inf = 0.04098396996010500448, ||V_lower^k - V_lower^k-1||_inf = 0.00000000000000000000, delta^k = 0.00000000000000000000
    Local Iteration  28: ||V_upper^k - V_upper^k-1||_inf = 0.03934461116170073769, ||V_lower^k - V_lower^k-1||_inf = 0.00000000000000000000, delta^k = 0.00000000000000000000
    Local Iteration  29: ||V_upper^k - V_upper^k-1||_inf = 0.03777082671523268598, ||V_lower^k - V_lower^k-1||_inf = 0.00000000000000000000, delta^k = 0.00000000000000000000
    Local Iteration  30: ||V_upper^k - V_upper^k-1||_inf = 0.03625999364662346736, ||V_lower^k - V_lower^k-1||_inf = 0.00000000000000000000, delta^k = 0.00000000000000000000
    Local Iteration  31: ||V_upper^k - V_upper^k-1||_inf = 0.03480959390075843984, ||V_lower^k - V_lower^k-1||_inf = 0.00000000000000000000, delta^k = 0.00000000000000000000
    Local Iteration  32: ||V_upper^k - V_upper^k-1||_inf = 0.03341721014472809337, ||V_lower^k - V_lower^k-1||_inf = 0.00000000000000000000, delta^k = 0.00000000000000000000
    Local Iteration  33: ||V_upper^k - V_upper^k-1||_inf = 0.03208052173893904957, ||V_lower^k - V_lower^k-1||_inf = 0.00000000000000000000, delta^k = 0.00000000000000000000
    Local Iteration  34: ||V_upper^k - V_upper^k-1||_inf = 0.03079730086938148315, ||V_lower^k - V_lower^k-1||_inf = 0.00000000000000000000, delta^k = 0.00000000000000000000
    Local Iteration  35: ||V_upper^k - V_upper^k-1||_inf = 0.02956540883460623270, ||V_lower^k - V_lower^k-1||_inf = 0.00000000000000000000, delta^k = 0.00000000000000000000
    Local Iteration  36: ||V_upper^k - V_upper^k-1||_inf = 0.02838279248122199672, ||V_lower^k - V_lower^k-1||_inf = 0.00000000000000000000, delta^k = 0.00000000000000000000
    Local Iteration  37: ||V_upper^k - V_upper^k-1||_inf = 0.02724748078197303247, ||V_lower^k - V_lower^k-1||_inf = 0.00000000000000000000, delta^k = 0.00000000000000000000
    Local Iteration  38: ||V_upper^k - V_upper^k-1||_inf = 0.02615758155069414226, ||V_lower^k - V_lower^k-1||_inf = 0.00000000000000000000, delta^k = 0.00000000000000000000
    Local Iteration  39: ||V_upper^k - V_upper^k-1||_inf = 0.02511127828866632772, ||V_lower^k - V_lower^k-1||_inf = 0.00000000000000000000, delta^k = 0.00000000000000000000
    Local Iteration  40: ||V_upper^k - V_upper^k-1||_inf = 0.02410682715711975899, ||V_lower^k - V_lower^k-1||_inf = 0.00000000000000000000, delta^k = 0.00000000000000000000
    Local Iteration  41: ||V_upper^k - V_upper^k-1||_inf = 0.02314255407083498639, ||V_lower^k - V_lower^k-1||_inf = 0.00000000000000000000, delta^k = 0.00000000000000000000
    Local Iteration  42: ||V_upper^k - V_upper^k-1||_inf = 0.02221685190800148924, ||V_lower^k - V_lower^k-1||_inf = 0.00000000000000000000, delta^k = 0.00000000000000000000
    Local Iteration  43: ||V_upper^k - V_upper^k-1||_inf = 0.02132817783168150516, ||V_lower^k - V_lower^k-1||_inf = 0.00000000000000000000, delta^k = 0.00000000000000000000
    Local Iteration  44: ||V_upper^k - V_upper^k-1||_inf = 0.02047505071841421165, ||V_lower^k - V_lower^k-1||_inf = 0.00000000000000000000, delta^k = 0.00000000000000000000
    Local Iteration  45: ||V_upper^k - V_upper^k-1||_inf = 0.01965604868967762986, ||V_lower^k - V_lower^k-1||_inf = 0.00000000000000000000, delta^k = 0.00000000000000000000
    Local Iteration  46: ||V_upper^k - V_upper^k-1||_inf = 0.01886980674209054465, ||V_lower^k - V_lower^k-1||_inf = 0.00000000000000000000, delta^k = 0.00000000000000000000
    Local Iteration  47: ||V_upper^k - V_upper^k-1||_inf = 0.01811501447240693174, ||V_lower^k - V_lower^k-1||_inf = 0.00000000000000000000, delta^k = 0.00000000000000000000
    Local Iteration  48: ||V_upper^k - V_upper^k-1||_inf = 0.01739041389351064781, ||V_lower^k - V_lower^k-1||_inf = 0.00000000000000000000, delta^k = 0.00000000000000000000
    Local Iteration  49: ||V_upper^k - V_upper^k-1||_inf = 0.01669479733777018415, ||V_lower^k - V_lower^k-1||_inf = 0.00000000000000000000, delta^k = 0.00000000000000000000
    Local Iteration  50: ||V_upper^k - V_upper^k-1||_inf = 0.01602700544425939011, ||V_lower^k - V_lower^k-1||_inf = 0.00000000000000000000, delta^k = 0.00000000000000000000
    Local Iteration  51: ||V_upper^k - V_upper^k-1||_inf = 0.01538592522648901673, ||V_lower^k - V_lower^k-1||_inf = 0.00000000000000000000, delta^k = 0.00000000000000000000
    Local Iteration  52: ||V_upper^k - V_upper^k-1||_inf = 0.01477048821742948936, ||V_lower^k - V_lower^k-1||_inf = 0.00000000000000000000, delta^k = 0.00000000000000000000
    Local Iteration  53: ||V_upper^k - V_upper^k-1||_inf = 0.01417966868873227204, ||V_lower^k - V_lower^k-1||_inf = 0.00000000000000000000, delta^k = 0.00000000000000000000
    Local Iteration  54: ||V_upper^k - V_upper^k-1||_inf = 0.01361248194118297450, ||V_lower^k - V_lower^k-1||_inf = 0.00000000000000000000, delta^k = 0.00000000000000000000
    Local Iteration  55: ||V_upper^k - V_upper^k-1||_inf = 0.01306798266353564886, ||V_lower^k - V_lower^k-1||_inf = 0.00000000000000000000, delta^k = 0.00000000000000000000
    Local Iteration  56: ||V_upper^k - V_upper^k-1||_inf = 0.01254526335699424067, ||V_lower^k - V_lower^k-1||_inf = 0.00000000000000000000, delta^k = 0.00000000000000000000
    Local Iteration  57: ||V_upper^k - V_upper^k-1||_inf = 0.01204345282271446216, ||V_lower^k - V_lower^k-1||_inf = 0.00000000000000000000, delta^k = 0.00000000000000000000
    Local Iteration  58: ||V_upper^k - V_upper^k-1||_inf = 0.01156171470980588145, ||V_lower^k - V_lower^k-1||_inf = 0.00000000000000000000, delta^k = 0.00000000000000000000
    Local Iteration  59: ||V_upper^k - V_upper^k-1||_inf = 0.01109924612141366396, ||V_lower^k - V_lower^k-1||_inf = 0.00000000000000000000, delta^k = 0.00000000000000000000
    Local Iteration  60: ||V_upper^k - V_upper^k-1||_inf = 0.01065527627655710186, ||V_lower^k - V_lower^k-1||_inf = 0.00000000000000000000, delta^k = 0.00000000000000000000
    Local Iteration  61: ||V_upper^k - V_upper^k-1||_inf = 0.01022906522549482666, ||V_lower^k - V_lower^k-1||_inf = 0.00000000000000000000, delta^k = 0.00000000000000000000
    Local Iteration  62: ||V_upper^k - V_upper^k-1||_inf = 0.00616692596366136270, ||V_lower^k - V_lower^k-1||_inf = 0.00000000000000000000, delta^k = 0.00000000000000000000
    Local Iteration  63: ||V_upper^k - V_upper^k-1||_inf = 0.00000000000000000000, ||V_lower^k - V_lower^k-1||_inf = 0.00000000000000000000, delta^k = 0.00000000000000000000

============================================================
 CONSERVATIVE STOPPING CONDITION MET (Algorithm 3)
============================================================
  delta^k = 0.0000000000e+00 >= -delta_max
  ||V_upper^k - V_upper^k-1||_inf = 0.0000000000e+00 < 1e-08
  eps_cons = (0.96 * 0.0000000000e+00) / 0.04 = 0.0000000000e+00
  Correcting V_lower for 57236 cells: V_lower <- V_lower - eps_cons - eps_machine
   Conservative correction applied successfully
  Machine epsilon eps_machine = 2.220e-16
    Local VI completed in 63 iterations
    Final convergence values:
      ||V_upper^final - V_upper^prev||_inf = 0.00000000e+00
      ||V_lower^final - V_lower^prev||_inf = 0.00000000e+00
  Local VI completed in 63 iterations, time: 0.066s
    Final ||V_upper^k - V_upper^k-1||_inf = 0.00000000000000000000e+00
    Final ||V_lower^k - V_lower^k-1||_inf = 0.00000000000000000000e+00
  Saved visualization: /Users/i.k.tabbara/Documents/python directory/HSCC_2027/refactored_Implementations/results_hscc_2027_newbellmans_12workers/ra_discount/dubins_res20_eps0.05_dmin1e-08_dmax1e-08_gamma0.96_dt0.3_tau0.3_cons/value_function_phase_3_complete.png
  Phase 3 completed in 0.61s with 57236 leaf cells

Classification after phase 3:
  Safe:              716 cells (  1.3%),    1.7% of state space
  Unsafe:           4684 cells (  8.2%),   17.3% of state space
  Unclassified:    51836 cells ( 90.6%),   81.0% of state space

======================================================================
REFINEMENT PHASE 4
======================================================================
Boundary cells: 51836
  Refinable (>eta_min=0.017678): 51836
  Below threshold: 0
  Cumulative refined: 49236
  Refinable cell size statistics:
    Max:    0.157080
    Mean:   0.157080
    Min:    0.157080
    Median: 0.157080
  Refining 51836 cells...
    Refined: 51836 parent cells
    Created: 103672 child cells
    Total cells: 109072
    Refinement time: 0.003s
    Cumulative refined: 101072
  Rebuilding spatial index...
  Building spatial index for 109072 cells...
   Spatial index built in 0.02s
    Spatial index rebuilt in 0.020s
  Initializing 103672 new cells...
  Initializing 103672 new cells in parallel...
   Initialized in 0.00s (440142310.1 cells/s)
    Initialization completed in 0.000s
  Starting local value iteration...
  Reinitializing ALL 109072 cells (V = l)
   Reinitialized 109072 cells in 0.00s (540629491.9 cells/s)
  Local VI: updating all 109072 cells
    Conservative mode: True
    delta_max: 1e-08
    Max iterations: 100033
    Updating successor cache for 103672 updated cells...
    Updating successor cache for 103672 new cells (HYBRID)...
      Affected cells: 105376
   Trajectories + spatial queries computed in 0.07s (4516719.2 tasks/s)
    Breakdown: 51.5% ODE, 48.5% queries
     Cache updated in 0.08s (4080659.3 tasks/s)
    Local Iteration   1: ||V_upper^k - V_upper^k-1||_inf = 3.95601805137455864170, ||V_lower^k - V_lower^k-1||_inf = 3.69050865276332107356, delta^k = -3.69050865276332107356
    Local Iteration   2: ||V_upper^k - V_upper^k-1||_inf = 3.76457609016864314100, ||V_lower^k - V_lower^k-1||_inf = 3.33924155367106312298, delta^k = -3.33924155367106312298
    Local Iteration   3: ||V_upper^k - V_upper^k-1||_inf = 3.61399304656189723772, ||V_lower^k - V_lower^k-1||_inf = 2.91385776297713050553, delta^k = -2.91385776297713050553
    Local Iteration   4: ||V_upper^k - V_upper^k-1||_inf = 3.46943332469942156138, ||V_lower^k - V_lower^k-1||_inf = 2.60970879581670045511, delta^k = -2.60970879581670045511
    Local Iteration   5: ||V_upper^k - V_upper^k-1||_inf = 3.33065599171144466339, ||V_lower^k - V_lower^k-1||_inf = 2.31851280929117020690, delta^k = -2.31851280929117020690
    Local Iteration   6: ||V_upper^k - V_upper^k-1||_inf = 3.19742975204298662817, ||V_lower^k - V_lower^k-1||_inf = 2.04741175154679933001, delta^k = -2.04741175154679933001
    Local Iteration   7: ||V_upper^k - V_upper^k-1||_inf = 3.06269811843552952624, ||V_lower^k - V_lower^k-1||_inf = 1.80938031386064057671, delta^k = -1.80938031386064057671
    Local Iteration   8: ||V_upper^k - V_upper^k-1||_inf = 0.45355461645988270902, ||V_lower^k - V_lower^k-1||_inf = 1.62251792229204516715, delta^k = -1.62251792229204516715
    Local Iteration   9: ||V_upper^k - V_upper^k-1||_inf = 0.37208383503207431708, ||V_lower^k - V_lower^k-1||_inf = 1.40564394091566224887, delta^k = -1.40564394091566224887
    Local Iteration  10: ||V_upper^k - V_upper^k-1||_inf = 0.35720048163079143322, ||V_lower^k - V_lower^k-1||_inf = 1.24153302793185238428, delta^k = -1.24153302793185238428
    Local Iteration  11: ||V_upper^k - V_upper^k-1||_inf = 0.34291246236555972260, ||V_lower^k - V_lower^k-1||_inf = 1.08864654205974087375, delta^k = -1.08864654205974087375
    Local Iteration  12: ||V_upper^k - V_upper^k-1||_inf = 0.32919596387093741363, ||V_lower^k - V_lower^k-1||_inf = 0.93466400616786793343, delta^k = -0.93466400616786793343
    Local Iteration  13: ||V_upper^k - V_upper^k-1||_inf = 0.26006881171428064548, ||V_lower^k - V_lower^k-1||_inf = 0.71648749305525871733, delta^k = -0.71648749305525871733
    Local Iteration  14: ||V_upper^k - V_upper^k-1||_inf = 0.24966605924570939301, ||V_lower^k - V_lower^k-1||_inf = 0.68782799333304822653, delta^k = -0.68782799333304822653
    Local Iteration  15: ||V_upper^k - V_upper^k-1||_inf = 0.23967941687588112387, ||V_lower^k - V_lower^k-1||_inf = 0.66031487359972640405, delta^k = -0.66031487359972640405
    Local Iteration  16: ||V_upper^k - V_upper^k-1||_inf = 0.22733901789849819686, ||V_lower^k - V_lower^k-1||_inf = 0.63390227865573722799, delta^k = -0.63390227865573722799
    Local Iteration  17: ||V_upper^k - V_upper^k-1||_inf = 0.21824545718255827786, ||V_lower^k - V_lower^k-1||_inf = 0.52293857264659526773, delta^k = -0.52293857264659526773
    Local Iteration  18: ||V_upper^k - V_upper^k-1||_inf = 0.20951563889525592899, ||V_lower^k - V_lower^k-1||_inf = 0.50202102974073148367, delta^k = -0.50202102974073148367
    Local Iteration  19: ||V_upper^k - V_upper^k-1||_inf = 0.07801670179736719390, ||V_lower^k - V_lower^k-1||_inf = 0.48194018855110215549, delta^k = -0.48194018855110215549
    Local Iteration  20: ||V_upper^k - V_upper^k-1||_inf = 0.06063378043207912071, ||V_lower^k - V_lower^k-1||_inf = 0.42391380456514832220, delta^k = -0.42391380456514832220
    Local Iteration  21: ||V_upper^k - V_upper^k-1||_inf = 0.05529553576022405714, ||V_lower^k - V_lower^k-1||_inf = 0.37331101028622626359, delta^k = -0.37331101028622626359
    Local Iteration  22: ||V_upper^k - V_upper^k-1||_inf = 0.05179604212127220109, ||V_lower^k - V_lower^k-1||_inf = 0.31812467282170664440, delta^k = -0.31812467282170664440
    Local Iteration  23: ||V_upper^k - V_upper^k-1||_inf = 0.04825353029051560050, ||V_lower^k - V_lower^k-1||_inf = 0.29811299633911136908, delta^k = -0.29811299633911136908
    Local Iteration  24: ||V_upper^k - V_upper^k-1||_inf = 0.04632338907889499424, ||V_lower^k - V_lower^k-1||_inf = 0.28618847648554690544, delta^k = -0.28618847648554690544
    Local Iteration  25: ||V_upper^k - V_upper^k-1||_inf = 0.04447045351573897243, ||V_lower^k - V_lower^k-1||_inf = 0.27474093742612504254, delta^k = -0.27474093742612504254
    Local Iteration  26: ||V_upper^k - V_upper^k-1||_inf = 0.04269163537510944906, ||V_lower^k - V_lower^k-1||_inf = 0.23346493106596505340, delta^k = -0.23346493106596505340
    Local Iteration  27: ||V_upper^k - V_upper^k-1||_inf = 0.04098396996010500448, ||V_lower^k - V_lower^k-1||_inf = 0.05353619640157057658, delta^k = -0.05353619640157057658
    Local Iteration  28: ||V_upper^k - V_upper^k-1||_inf = 0.03934461116170073769, ||V_lower^k - V_lower^k-1||_inf = 0.04205201816536421194, delta^k = -0.04205201816536421194
    Local Iteration  29: ||V_upper^k - V_upper^k-1||_inf = 0.03777082671523268598, ||V_lower^k - V_lower^k-1||_inf = 0.02592623107239418190, delta^k = -0.02592623107239418190
    Local Iteration  30: ||V_upper^k - V_upper^k-1||_inf = 0.03625999364662346736, ||V_lower^k - V_lower^k-1||_inf = 0.02488918182949841074, delta^k = -0.02488918182949841074
    Local Iteration  31: ||V_upper^k - V_upper^k-1||_inf = 0.03480959390075843984, ||V_lower^k - V_lower^k-1||_inf = 0.02389361455631847098, delta^k = -0.02389361455631847098
    Local Iteration  32: ||V_upper^k - V_upper^k-1||_inf = 0.03341721014472809337, ||V_lower^k - V_lower^k-1||_inf = 0.02293786997406573047, delta^k = -0.02293786997406573047
    Local Iteration  33: ||V_upper^k - V_upper^k-1||_inf = 0.03208052173893904957, ||V_lower^k - V_lower^k-1||_inf = 0.00790120879144304983, delta^k = -0.00790120879144304983
    Local Iteration  34: ||V_upper^k - V_upper^k-1||_inf = 0.03079730086938148315, ||V_lower^k - V_lower^k-1||_inf = 0.00758516043978533366, delta^k = -0.00758516043978533366
    Local Iteration  35: ||V_upper^k - V_upper^k-1||_inf = 0.02956540883460623270, ||V_lower^k - V_lower^k-1||_inf = 0.00000000000000000000, delta^k = 0.00000000000000000000
    Local Iteration  36: ||V_upper^k - V_upper^k-1||_inf = 0.02838279248122199672, ||V_lower^k - V_lower^k-1||_inf = 0.00000000000000000000, delta^k = 0.00000000000000000000
    Local Iteration  37: ||V_upper^k - V_upper^k-1||_inf = 0.02724748078197303247, ||V_lower^k - V_lower^k-1||_inf = 0.00000000000000000000, delta^k = 0.00000000000000000000
    Local Iteration  38: ||V_upper^k - V_upper^k-1||_inf = 0.02615758155069414226, ||V_lower^k - V_lower^k-1||_inf = 0.00000000000000000000, delta^k = 0.00000000000000000000
    Local Iteration  39: ||V_upper^k - V_upper^k-1||_inf = 0.02511127828866632772, ||V_lower^k - V_lower^k-1||_inf = 0.00000000000000000000, delta^k = 0.00000000000000000000
    Local Iteration  40: ||V_upper^k - V_upper^k-1||_inf = 0.02410682715711975899, ||V_lower^k - V_lower^k-1||_inf = 0.00000000000000000000, delta^k = 0.00000000000000000000
    Local Iteration  41: ||V_upper^k - V_upper^k-1||_inf = 0.02314255407083498639, ||V_lower^k - V_lower^k-1||_inf = 0.00000000000000000000, delta^k = 0.00000000000000000000
    Local Iteration  42: ||V_upper^k - V_upper^k-1||_inf = 0.02221685190800148924, ||V_lower^k - V_lower^k-1||_inf = 0.00000000000000000000, delta^k = 0.00000000000000000000
    Local Iteration  43: ||V_upper^k - V_upper^k-1||_inf = 0.02132817783168150516, ||V_lower^k - V_lower^k-1||_inf = 0.00000000000000000000, delta^k = 0.00000000000000000000
    Local Iteration  44: ||V_upper^k - V_upper^k-1||_inf = 0.02047505071841421165, ||V_lower^k - V_lower^k-1||_inf = 0.00000000000000000000, delta^k = 0.00000000000000000000
    Local Iteration  45: ||V_upper^k - V_upper^k-1||_inf = 0.01965604868967762986, ||V_lower^k - V_lower^k-1||_inf = 0.00000000000000000000, delta^k = 0.00000000000000000000
    Local Iteration  46: ||V_upper^k - V_upper^k-1||_inf = 0.01886980674209054465, ||V_lower^k - V_lower^k-1||_inf = 0.00000000000000000000, delta^k = 0.00000000000000000000
    Local Iteration  47: ||V_upper^k - V_upper^k-1||_inf = 0.01811501447240693174, ||V_lower^k - V_lower^k-1||_inf = 0.00000000000000000000, delta^k = 0.00000000000000000000
    Local Iteration  48: ||V_upper^k - V_upper^k-1||_inf = 0.01739041389351064781, ||V_lower^k - V_lower^k-1||_inf = 0.00000000000000000000, delta^k = 0.00000000000000000000
    Local Iteration  49: ||V_upper^k - V_upper^k-1||_inf = 0.01669479733777018415, ||V_lower^k - V_lower^k-1||_inf = 0.00000000000000000000, delta^k = 0.00000000000000000000
    Local Iteration  50: ||V_upper^k - V_upper^k-1||_inf = 0.01602700544425939011, ||V_lower^k - V_lower^k-1||_inf = 0.00000000000000000000, delta^k = 0.00000000000000000000
    Local Iteration  51: ||V_upper^k - V_upper^k-1||_inf = 0.01538592522648901673, ||V_lower^k - V_lower^k-1||_inf = 0.00000000000000000000, delta^k = 0.00000000000000000000
    Local Iteration  52: ||V_upper^k - V_upper^k-1||_inf = 0.01477048821742948936, ||V_lower^k - V_lower^k-1||_inf = 0.00000000000000000000, delta^k = 0.00000000000000000000
    Local Iteration  53: ||V_upper^k - V_upper^k-1||_inf = 0.01417966868873227204, ||V_lower^k - V_lower^k-1||_inf = 0.00000000000000000000, delta^k = 0.00000000000000000000
    Local Iteration  54: ||V_upper^k - V_upper^k-1||_inf = 0.01361248194118297450, ||V_lower^k - V_lower^k-1||_inf = 0.00000000000000000000, delta^k = 0.00000000000000000000
    Local Iteration  55: ||V_upper^k - V_upper^k-1||_inf = 0.01306798266353564886, ||V_lower^k - V_lower^k-1||_inf = 0.00000000000000000000, delta^k = 0.00000000000000000000
    Local Iteration  56: ||V_upper^k - V_upper^k-1||_inf = 0.01254526335699424067, ||V_lower^k - V_lower^k-1||_inf = 0.00000000000000000000, delta^k = 0.00000000000000000000
    Local Iteration  57: ||V_upper^k - V_upper^k-1||_inf = 0.01204345282271446216, ||V_lower^k - V_lower^k-1||_inf = 0.00000000000000000000, delta^k = 0.00000000000000000000
    Local Iteration  58: ||V_upper^k - V_upper^k-1||_inf = 0.01156171470980588145, ||V_lower^k - V_lower^k-1||_inf = 0.00000000000000000000, delta^k = 0.00000000000000000000
    Local Iteration  59: ||V_upper^k - V_upper^k-1||_inf = 0.01109924612141366396, ||V_lower^k - V_lower^k-1||_inf = 0.00000000000000000000, delta^k = 0.00000000000000000000
    Local Iteration  60: ||V_upper^k - V_upper^k-1||_inf = 0.01065527627655710186, ||V_lower^k - V_lower^k-1||_inf = 0.00000000000000000000, delta^k = 0.00000000000000000000
    Local Iteration  61: ||V_upper^k - V_upper^k-1||_inf = 0.01022906522549482666, ||V_lower^k - V_lower^k-1||_inf = 0.00000000000000000000, delta^k = 0.00000000000000000000
    Local Iteration  62: ||V_upper^k - V_upper^k-1||_inf = 0.00981990261647502916, ||V_lower^k - V_lower^k-1||_inf = 0.00000000000000000000, delta^k = 0.00000000000000000000
    Local Iteration  63: ||V_upper^k - V_upper^k-1||_inf = 0.00942710651181602466, ||V_lower^k - V_lower^k-1||_inf = 0.00000000000000000000, delta^k = 0.00000000000000000000
    Local Iteration  64: ||V_upper^k - V_upper^k-1||_inf = 0.00905002225134338145, ||V_lower^k - V_lower^k-1||_inf = 0.00000000000000000000, delta^k = 0.00000000000000000000
    Local Iteration  65: ||V_upper^k - V_upper^k-1||_inf = 0.00545610140938604382, ||V_lower^k - V_lower^k-1||_inf = 0.00000000000000000000, delta^k = 0.00000000000000000000
    Local Iteration  66: ||V_upper^k - V_upper^k-1||_inf = 0.00000000000000000000, ||V_lower^k - V_lower^k-1||_inf = 0.00000000000000000000, delta^k = 0.00000000000000000000

============================================================
 CONSERVATIVE STOPPING CONDITION MET (Algorithm 3)
============================================================
  delta^k = 0.0000000000e+00 >= -delta_max
  ||V_upper^k - V_upper^k-1||_inf = 0.0000000000e+00 < 1e-08
  eps_cons = (0.96 * 0.0000000000e+00) / 0.04 = 0.0000000000e+00
  Correcting V_lower for 109072 cells: V_lower <- V_lower - eps_cons - eps_machine
   Conservative correction applied successfully
  Machine epsilon eps_machine = 2.220e-16
    Local VI completed in 66 iterations
    Final convergence values:
      ||V_upper^final - V_upper^prev||_inf = 0.00000000e+00
      ||V_lower^final - V_lower^prev||_inf = 0.00000000e+00
  Local VI completed in 66 iterations, time: 0.130s
    Final ||V_upper^k - V_upper^k-1||_inf = 0.00000000000000000000e+00
    Final ||V_lower^k - V_lower^k-1||_inf = 0.00000000000000000000e+00
  Saved visualization: /Users/i.k.tabbara/Documents/python directory/HSCC_2027/refactored_Implementations/results_hscc_2027_newbellmans_12workers/ra_discount/dubins_res20_eps0.05_dmin1e-08_dmax1e-08_gamma0.96_dt0.3_tau0.3_cons/value_function_phase_4_complete.png
  Phase 4 completed in 0.69s with 109072 leaf cells

Classification after phase 4:
  Safe:             1038 cells (  1.0%),    2.0% of state space
  Unsafe:           5298 cells (  4.9%),   17.8% of state space
  Unclassified:   102736 cells ( 94.2%),   80.3% of state space

======================================================================
REFINEMENT PHASE 5
======================================================================
Boundary cells: 102736
  Refinable (>eta_min=0.017678): 102736
  Below threshold: 0
  Cumulative refined: 101072
  Refinable cell size statistics:
    Max:    0.150000
    Mean:   0.150000
    Min:    0.150000
    Median: 0.150000
  Refining 102736 cells...
    Refined: 102736 parent cells
    Created: 205472 child cells
    Total cells: 211808
    Refinement time: 0.008s
    Cumulative refined: 203808
  Rebuilding spatial index...
  Building spatial index for 211808 cells...
   Spatial index built in 0.04s
    Spatial index rebuilt in 0.041s
  Initializing 205472 new cells...
  Initializing 205472 new cells in parallel...
   Initialized in 0.00s (426806697.7 cells/s)
    Initialization completed in 0.000s
  Starting local value iteration...
  Reinitializing ALL 211808 cells (V = l)
   Reinitialized 211808 cells in 0.00s (458623661.3 cells/s)
  Local VI: updating all 211808 cells
    Conservative mode: True
    delta_max: 1e-08
    Max iterations: 100033
    Updating successor cache for 205472 updated cells...
    Updating successor cache for 205472 new cells (HYBRID)...
      Affected cells: 207492
   Trajectories + spatial queries computed in 0.14s (4562210.6 tasks/s)
    Breakdown: 46.7% ODE, 53.3% queries
     Cache updated in 0.15s (4095184.1 tasks/s)
    Local Iteration   1: ||V_upper^k - V_upper^k-1||_inf = 3.95601805137455864170, ||V_lower^k - V_lower^k-1||_inf = 3.71710960366724041393, delta^k = -3.71710960366724041393
    Local Iteration   2: ||V_upper^k - V_upper^k-1||_inf = 3.78547099647405449474, ||V_lower^k - V_lower^k-1||_inf = 3.33443573964612482996, delta^k = -3.33443573964612482996
    Local Iteration   3: ||V_upper^k - V_upper^k-1||_inf = 3.63405215661509206626, ||V_lower^k - V_lower^k-1||_inf = 3.03469527612264489136, delta^k = -3.03469527612264489136
    Local Iteration   4: ||V_upper^k - V_upper^k-1||_inf = 3.46943332469942156138, ||V_lower^k - V_lower^k-1||_inf = 2.72563162135139114284, delta^k = -2.72563162135139114284
    Local Iteration   5: ||V_upper^k - V_upper^k-1||_inf = 3.33065599171144466339, ||V_lower^k - V_lower^k-1||_inf = 2.46468286210760467725, delta^k = -2.46468286210760467725
    Local Iteration   6: ||V_upper^k - V_upper^k-1||_inf = 3.19742975204298662817, ||V_lower^k - V_lower^k-1||_inf = 2.18643559917664731529, delta^k = -2.18643559917664731529
    Local Iteration   7: ||V_upper^k - V_upper^k-1||_inf = 3.06953256196126700317, ||V_lower^k - V_lower^k-1||_inf = 1.94059304039503977002, delta^k = -1.94059304039503977002
    Local Iteration   8: ||V_upper^k - V_upper^k-1||_inf = 2.94675125948281646515, ||V_lower^k - V_lower^k-1||_inf = 1.68075466197343015295, delta^k = -1.68075466197343015295
    Local Iteration   9: ||V_upper^k - V_upper^k-1||_inf = 2.81835621640053757275, ||V_lower^k - V_lower^k-1||_inf = 1.50111109078579429976, delta^k = -1.50111109078579429976
    Local Iteration  10: ||V_upper^k - V_upper^k-1||_inf = 0.57554696019087070447, ||V_lower^k - V_lower^k-1||_inf = 1.29242864825695624731, delta^k = -1.29242864825695624731
    Local Iteration  11: ||V_upper^k - V_upper^k-1||_inf = 0.44926246350293164156, ||V_lower^k - V_lower^k-1||_inf = 1.12638298923959223607, delta^k = -1.12638298923959223607
    Local Iteration  12: ||V_upper^k - V_upper^k-1||_inf = 0.43129196496281441142, ||V_lower^k - V_lower^k-1||_inf = 1.01675500513569705419, delta^k = -1.01675500513569705419
    Local Iteration  13: ||V_upper^k - V_upper^k-1||_inf = 0.41404028636430201260, ||V_lower^k - V_lower^k-1||_inf = 0.86248074549041175985, delta^k = -0.86248074549041175985
    Local Iteration  14: ||V_upper^k - V_upper^k-1||_inf = 0.34808754933356311767, ||V_lower^k - V_lower^k-1||_inf = 0.56723781083784619028, delta^k = -0.56723781083784619028
    Local Iteration  15: ||V_upper^k - V_upper^k-1||_inf = 0.33229128681212527496, ||V_lower^k - V_lower^k-1||_inf = 0.54454829840433205401, delta^k = -0.54454829840433205401
    Local Iteration  16: ||V_upper^k - V_upper^k-1||_inf = 0.28687369308456811545, ||V_lower^k - V_lower^k-1||_inf = 0.52276636646815877185, delta^k = -0.52276636646815877185
    Local Iteration  17: ||V_upper^k - V_upper^k-1||_inf = 0.27447065106614676466, ||V_lower^k - V_lower^k-1||_inf = 0.50185571180943244762, delta^k = -0.50185571180943244762
    Local Iteration  18: ||V_upper^k - V_upper^k-1||_inf = 0.24216776360656178113, ||V_lower^k - V_lower^k-1||_inf = 0.48178148333705511641, delta^k = -0.48178148333705511641
    Local Iteration  19: ||V_upper^k - V_upper^k-1||_inf = 0.20357088822633562231, ||V_lower^k - V_lower^k-1||_inf = 0.45159378771898411875, delta^k = -0.45159378771898411875
    Local Iteration  20: ||V_upper^k - V_upper^k-1||_inf = 0.14092693929253408136, ||V_lower^k - V_lower^k-1||_inf = 0.43353003621022467851, delta^k = -0.43353003621022467851
    Local Iteration  21: ||V_upper^k - V_upper^k-1||_inf = 0.07302199961429955977, ||V_lower^k - V_lower^k-1||_inf = 0.41618883476181572911, delta^k = -0.41618883476181572911
    Local Iteration  22: ||V_upper^k - V_upper^k-1||_inf = 0.05949969349529493634, ||V_lower^k - V_lower^k-1||_inf = 0.39954128137134303778, delta^k = -0.39954128137134303778
    Local Iteration  23: ||V_upper^k - V_upper^k-1||_inf = 0.05711970575548330764, ||V_lower^k - V_lower^k-1||_inf = 0.38355963011648930294, delta^k = -0.38355963011648930294
    Local Iteration  24: ||V_upper^k - V_upper^k-1||_inf = 0.05483491752526403751, ||V_lower^k - V_lower^k-1||_inf = 0.36821724491182972194, delta^k = -0.36821724491182972194
    Local Iteration  25: ||V_upper^k - V_upper^k-1||_inf = 0.05264152082425344048, ||V_lower^k - V_lower^k-1||_inf = 0.35348855511535648422, delta^k = -0.35348855511535648422
    Local Iteration  26: ||V_upper^k - V_upper^k-1||_inf = 0.05053585999128329398, ||V_lower^k - V_lower^k-1||_inf = 0.33934901291074220930, delta^k = -0.33934901291074220930
    Local Iteration  27: ||V_upper^k - V_upper^k-1||_inf = 0.04851442559163199331, ||V_lower^k - V_lower^k-1||_inf = 0.32577505239431253647, delta^k = -0.32577505239431253647
    Local Iteration  28: ||V_upper^k - V_upper^k-1||_inf = 0.04657384856796664696, ||V_lower^k - V_lower^k-1||_inf = 0.22787293332492855602, delta^k = -0.22787293332492855602
    Local Iteration  29: ||V_upper^k - V_upper^k-1||_inf = 0.04471089462524791003, ||V_lower^k - V_lower^k-1||_inf = 0.21875801599193139824, delta^k = -0.21875801599193139824
    Local Iteration  30: ||V_upper^k - V_upper^k-1||_inf = 0.03652649225436799263, ||V_lower^k - V_lower^k-1||_inf = 0.05191803171784368370, delta^k = -0.05191803171784368370
    Local Iteration  31: ||V_upper^k - V_upper^k-1||_inf = 0.03506543256419325516, ||V_lower^k - V_lower^k-1||_inf = 0.04984131044912993441, delta^k = -0.04984131044912993441
    Local Iteration  32: ||V_upper^k - V_upper^k-1||_inf = 0.03366281526162551163, ||V_lower^k - V_lower^k-1||_inf = 0.04784765803116473176, delta^k = -0.04784765803116473176
    Local Iteration  33: ||V_upper^k - V_upper^k-1||_inf = 0.03231630265116047784, ||V_lower^k - V_lower^k-1||_inf = 0.04593375170991813999, delta^k = -0.04593375170991813999
    Local Iteration  34: ||V_upper^k - V_upper^k-1||_inf = 0.03102365054511413422, ||V_lower^k - V_lower^k-1||_inf = 0.04409640164152141273, delta^k = -0.04409640164152141273
    Local Iteration  35: ||V_upper^k - V_upper^k-1||_inf = 0.02978270452330955553, ||V_lower^k - V_lower^k-1||_inf = 0.04233254557586055289, delta^k = -0.04233254557586055289
    Local Iteration  36: ||V_upper^k - V_upper^k-1||_inf = 0.02859139634237717331, ||V_lower^k - V_lower^k-1||_inf = 0.04063924375282613327, delta^k = -0.04063924375282613327
    Local Iteration  37: ||V_upper^k - V_upper^k-1||_inf = 0.02744774048868203753, ||V_lower^k - V_lower^k-1||_inf = 0.03901367400271308489, delta^k = -0.03901367400271308489
    Local Iteration  38: ||V_upper^k - V_upper^k-1||_inf = 0.02634983086913478267, ||V_lower^k - V_lower^k-1||_inf = 0.02837222695929245836, delta^k = -0.02837222695929245836
    Local Iteration  39: ||V_upper^k - V_upper^k-1||_inf = 0.02529583763436937804, ||V_lower^k - V_lower^k-1||_inf = 0.02142646640509767580, delta^k = -0.02142646640509767580
    Local Iteration  40: ||V_upper^k - V_upper^k-1||_inf = 0.02428400412899467398, ||V_lower^k - V_lower^k-1||_inf = 0.01604405653868248155, delta^k = -0.01604405653868248155
    Local Iteration  41: ||V_upper^k - V_upper^k-1||_inf = 0.02331264396383481152, ||V_lower^k - V_lower^k-1||_inf = 0.01309344161886411700, delta^k = -0.01309344161886411700
    Local Iteration  42: ||V_upper^k - V_upper^k-1||_inf = 0.02238013820528139686, ||V_lower^k - V_lower^k-1||_inf = 0.01256970395410954983, delta^k = -0.01256970395410954983
    Local Iteration  43: ||V_upper^k - V_upper^k-1||_inf = 0.02148493267707018983, ||V_lower^k - V_lower^k-1||_inf = 0.01206691579594516839, delta^k = -0.01206691579594516839
    Local Iteration  44: ||V_upper^k - V_upper^k-1||_inf = 0.02062553536998740222, ||V_lower^k - V_lower^k-1||_inf = 0.01158423916410735582, delta^k = -0.01158423916410735582
    Local Iteration  45: ||V_upper^k - V_upper^k-1||_inf = 0.01980051395518789281, ||V_lower^k - V_lower^k-1||_inf = 0.01112086959754306215, delta^k = -0.01112086959754306215
    Local Iteration  46: ||V_upper^k - V_upper^k-1||_inf = 0.01900849339698035267, ||V_lower^k - V_lower^k-1||_inf = 0.01067603481364134271, delta^k = -0.01067603481364134271
    Local Iteration  47: ||V_upper^k - V_upper^k-1||_inf = 0.01824815366110116299, ||V_lower^k - V_lower^k-1||_inf = 0.01024899342109568401, delta^k = -0.01024899342109568401
    Local Iteration  48: ||V_upper^k - V_upper^k-1||_inf = 0.01751822751465709205, ||V_lower^k - V_lower^k-1||_inf = 0.00803176128072986828, delta^k = -0.00803176128072986828
    Local Iteration  49: ||V_upper^k - V_upper^k-1||_inf = 0.01681749841407081947, ||V_lower^k - V_lower^k-1||_inf = 0.00771049082950066994, delta^k = -0.00771049082950066994
    Local Iteration  50: ||V_upper^k - V_upper^k-1||_inf = 0.01614479847750799335, ||V_lower^k - V_lower^k-1||_inf = 0.00566708968893953752, delta^k = -0.00566708968893953752
    Local Iteration  51: ||V_upper^k - V_upper^k-1||_inf = 0.01549900653840768916, ||V_lower^k - V_lower^k-1||_inf = 0.00544040610138195324, delta^k = -0.00544040610138195324
    Local Iteration  52: ||V_upper^k - V_upper^k-1||_inf = 0.01487904627687136605, ||V_lower^k - V_lower^k-1||_inf = 0.00355720761024080900, delta^k = -0.00355720761024080900
    Local Iteration  53: ||V_upper^k - V_upper^k-1||_inf = 0.01428388442579647810, ||V_lower^k - V_lower^k-1||_inf = 0.00000000000000000000, delta^k = 0.00000000000000000000
    Local Iteration  54: ||V_upper^k - V_upper^k-1||_inf = 0.01371252904876463230, ||V_lower^k - V_lower^k-1||_inf = 0.00000000000000000000, delta^k = 0.00000000000000000000
    Local Iteration  55: ||V_upper^k - V_upper^k-1||_inf = 0.01316402788681403369, ||V_lower^k - V_lower^k-1||_inf = 0.00000000000000000000, delta^k = 0.00000000000000000000
    Local Iteration  56: ||V_upper^k - V_upper^k-1||_inf = 0.01263746677134147678, ||V_lower^k - V_lower^k-1||_inf = 0.00000000000000000000, delta^k = 0.00000000000000000000
    Local Iteration  57: ||V_upper^k - V_upper^k-1||_inf = 0.01213196810048783325, ||V_lower^k - V_lower^k-1||_inf = 0.00000000000000000000, delta^k = 0.00000000000000000000
    Local Iteration  58: ||V_upper^k - V_upper^k-1||_inf = 0.01164668937646834435, ||V_lower^k - V_lower^k-1||_inf = 0.00000000000000000000, delta^k = 0.00000000000000000000
    Local Iteration  59: ||V_upper^k - V_upper^k-1||_inf = 0.01118082180140961279, ||V_lower^k - V_lower^k-1||_inf = 0.00000000000000000000, delta^k = 0.00000000000000000000
    Local Iteration  60: ||V_upper^k - V_upper^k-1||_inf = 0.01073358892935322162, ||V_lower^k - V_lower^k-1||_inf = 0.00000000000000000000, delta^k = 0.00000000000000000000
    Local Iteration  61: ||V_upper^k - V_upper^k-1||_inf = 0.01030424537217908276, ||V_lower^k - V_lower^k-1||_inf = 0.00000000000000000000, delta^k = 0.00000000000000000000
    Local Iteration  62: ||V_upper^k - V_upper^k-1||_inf = 0.00989207555729190724, ||V_lower^k - V_lower^k-1||_inf = 0.00000000000000000000, delta^k = 0.00000000000000000000
    Local Iteration  63: ||V_upper^k - V_upper^k-1||_inf = 0.00949639253500023095, ||V_lower^k - V_lower^k-1||_inf = 0.00000000000000000000, delta^k = 0.00000000000000000000
    Local Iteration  64: ||V_upper^k - V_upper^k-1||_inf = 0.00911653683360022504, ||V_lower^k - V_lower^k-1||_inf = 0.00000000000000000000, delta^k = 0.00000000000000000000
    Local Iteration  65: ||V_upper^k - V_upper^k-1||_inf = 0.00705245138354995693, ||V_lower^k - V_lower^k-1||_inf = 0.00000000000000000000, delta^k = 0.00000000000000000000
    Local Iteration  66: ||V_upper^k - V_upper^k-1||_inf = 0.00000000000000000000, ||V_lower^k - V_lower^k-1||_inf = 0.00000000000000000000, delta^k = 0.00000000000000000000

============================================================
 CONSERVATIVE STOPPING CONDITION MET (Algorithm 3)
============================================================
  delta^k = 0.0000000000e+00 >= -delta_max
  ||V_upper^k - V_upper^k-1||_inf = 0.0000000000e+00 < 1e-08
  eps_cons = (0.96 * 0.0000000000e+00) / 0.04 = 0.0000000000e+00
  Correcting V_lower for 211808 cells: V_lower <- V_lower - eps_cons - eps_machine
   Conservative correction applied successfully
  Machine epsilon eps_machine = 2.220e-16
    Local VI completed in 66 iterations
    Final convergence values:
      ||V_upper^final - V_upper^prev||_inf = 0.00000000e+00
      ||V_lower^final - V_lower^prev||_inf = 0.00000000e+00
  Local VI completed in 66 iterations, time: 0.282s
    Final ||V_upper^k - V_upper^k-1||_inf = 0.00000000000000000000e+00
    Final ||V_lower^k - V_lower^k-1||_inf = 0.00000000000000000000e+00
  Saved visualization: /Users/i.k.tabbara/Documents/python directory/HSCC_2027/refactored_Implementations/results_hscc_2027_newbellmans_12workers/ra_discount/dubins_res20_eps0.05_dmin1e-08_dmax1e-08_gamma0.96_dt0.3_tau0.3_cons/value_function_phase_5_complete.png
  Phase 5 completed in 0.89s with 211808 leaf cells

Classification after phase 5:
  Safe:             2562 cells (  1.2%),    2.5% of state space
  Unsafe:           7014 cells (  3.3%),   18.5% of state space
  Unclassified:   202232 cells ( 95.5%),   79.0% of state space

======================================================================
REFINEMENT PHASE 6
======================================================================
Boundary cells: 202232
  Refinable (>eta_min=0.017678): 202232
  Below threshold: 0
  Cumulative refined: 203808
  Refinable cell size statistics:
    Max:    0.150000
    Mean:   0.150000
    Min:    0.150000
    Median: 0.150000
  Refining 202232 cells...
    Refined: 202232 parent cells
    Created: 404464 child cells
    Total cells: 414040
    Refinement time: 0.013s
    Cumulative refined: 406040
  Rebuilding spatial index...
  Building spatial index for 414040 cells...
   Spatial index built in 0.09s
    Spatial index rebuilt in 0.090s
  Initializing 404464 new cells...
  Initializing 404464 new cells in parallel...
   Initialized in 0.00s (426987595.7 cells/s)
    Initialization completed in 0.001s
  Starting local value iteration...
  Reinitializing ALL 414040 cells (V = l)
   Reinitialized 414040 cells in 0.00s (431104854.6 cells/s)
  Local VI: updating all 414040 cells
    Conservative mode: True
    delta_max: 1e-08
    Max iterations: 100033
    Updating successor cache for 404464 updated cells...
    Updating successor cache for 404464 new cells (HYBRID)...
      Affected cells: 407972
   Trajectories + spatial queries computed in 0.25s (4942438.4 tasks/s)
    Breakdown: 51.0% ODE, 49.0% queries
     Cache updated in 0.28s (4338494.3 tasks/s)
    Local Iteration   1: ||V_upper^k - V_upper^k-1||_inf = 3.95601805137455864170, ||V_lower^k - V_lower^k-1||_inf = 3.79407164180331424319, delta^k = -3.79407164180331424319
    Local Iteration   2: ||V_upper^k - V_upper^k-1||_inf = 3.78547099647405449474, ||V_lower^k - V_lower^k-1||_inf = 3.43759866553029613812, delta^k = -3.43759866553029613812
    Local Iteration   3: ||V_upper^k - V_upper^k-1||_inf = 3.63405215661509206626, ||V_lower^k - V_lower^k-1||_inf = 3.20470389675390254780, delta^k = -3.20470389675390254780
    Local Iteration   4: ||V_upper^k - V_upper^k-1||_inf = 3.46943332469942156138, ||V_lower^k - V_lower^k-1||_inf = 2.98047864178417798442, delta^k = -2.98047864178417798442
    Local Iteration   5: ||V_upper^k - V_upper^k-1||_inf = 3.33065599171144466339, ||V_lower^k - V_lower^k-1||_inf = 2.76707304492542149887, delta^k = -2.76707304492542149887
    Local Iteration   6: ||V_upper^k - V_upper^k-1||_inf = 3.19742975204298662817, ||V_lower^k - V_lower^k-1||_inf = 2.57170624127152036564, delta^k = -2.57170624127152036564
    Local Iteration   7: ||V_upper^k - V_upper^k-1||_inf = 3.06953256196126700317, ||V_lower^k - V_lower^k-1||_inf = 2.31465474972468765458, delta^k = -2.31465474972468765458
    Local Iteration   8: ||V_upper^k - V_upper^k-1||_inf = 2.94675125948281646515, ||V_lower^k - V_lower^k-1||_inf = 2.09021082548996650630, delta^k = -2.09021082548996650630
    Local Iteration   9: ||V_upper^k - V_upper^k-1||_inf = 2.81835621640053757275, ||V_lower^k - V_lower^k-1||_inf = 1.90471604090746104987, delta^k = -1.90471604090746104987
    Local Iteration  10: ||V_upper^k - V_upper^k-1||_inf = 2.65712051677449334619, ||V_lower^k - V_lower^k-1||_inf = 1.73185918125183557770, delta^k = -1.73185918125183557770
    Local Iteration  11: ||V_upper^k - V_upper^k-1||_inf = 2.42409094490435883529, ||V_lower^k - V_lower^k-1||_inf = 1.57296801651523177057, delta^k = -1.57296801651523177057
    Local Iteration  12: ||V_upper^k - V_upper^k-1||_inf = 2.18698886500166667091, ||V_lower^k - V_lower^k-1||_inf = 1.24785513660083746679, delta^k = -1.24785513660083746679
    Local Iteration  13: ||V_upper^k - V_upper^k-1||_inf = 1.95099889812886040374, ||V_lower^k - V_lower^k-1||_inf = 0.94045996081995186788, delta^k = -0.94045996081995186788
    Local Iteration  14: ||V_upper^k - V_upper^k-1||_inf = 0.59821485107435523609, ||V_lower^k - V_lower^k-1||_inf = 0.56433560059758247629, delta^k = -0.56433560059758247629
    Local Iteration  15: ||V_upper^k - V_upper^k-1||_inf = 0.57428625703138114211, ||V_lower^k - V_lower^k-1||_inf = 0.34815880905951573920, delta^k = -0.34815880905951573920
    Local Iteration  16: ||V_upper^k - V_upper^k-1||_inf = 0.55131480675012567438, ||V_lower^k - V_lower^k-1||_inf = 0.30872959839671409998, delta^k = -0.30872959839671409998
    Local Iteration  17: ||V_upper^k - V_upper^k-1||_inf = 0.52742310588540397553, ||V_lower^k - V_lower^k-1||_inf = 0.29638041446084550934, delta^k = -0.29638041446084550934
    Local Iteration  18: ||V_upper^k - V_upper^k-1||_inf = 0.46687547205870316702, ||V_lower^k - V_lower^k-1||_inf = 0.28452519788241170673, delta^k = -0.28452519788241170673
    Local Iteration  19: ||V_upper^k - V_upper^k-1||_inf = 0.40239019804432707428, ||V_lower^k - V_lower^k-1||_inf = 0.27314418996711520293, delta^k = -0.27314418996711520293
    Local Iteration  20: ||V_upper^k - V_upper^k-1||_inf = 0.34160100328631237687, ||V_lower^k - V_lower^k-1||_inf = 0.24097330216758611199, delta^k = -0.24097330216758611199
    Local Iteration  21: ||V_upper^k - V_upper^k-1||_inf = 0.26055755059294039011, ||V_lower^k - V_lower^k-1||_inf = 0.23133437008088270082, delta^k = -0.23133437008088270082
    Local Iteration  22: ||V_upper^k - V_upper^k-1||_inf = 0.22390712602207407667, ||V_lower^k - V_lower^k-1||_inf = 0.22208099527764735281, delta^k = -0.22208099527764735281
    Local Iteration  23: ||V_upper^k - V_upper^k-1||_inf = 0.20187730249315716247, ||V_lower^k - V_lower^k-1||_inf = 0.21319775546654146092, delta^k = -0.21319775546654146092
    Local Iteration  24: ||V_upper^k - V_upper^k-1||_inf = 0.19203830502356344923, ||V_lower^k - V_lower^k-1||_inf = 0.20466984524787973365, delta^k = -0.20466984524787973365
    Local Iteration  25: ||V_upper^k - V_upper^k-1||_inf = 0.18301645288457712990, ||V_lower^k - V_lower^k-1||_inf = 0.19634740220039448300, delta^k = -0.19634740220039448300
    Local Iteration  26: ||V_upper^k - V_upper^k-1||_inf = 0.16373096625135008519, ||V_lower^k - V_lower^k-1||_inf = 0.18849350611237869479, delta^k = -0.18849350611237869479
    Local Iteration  27: ||V_upper^k - V_upper^k-1||_inf = 0.13075313044499092818, ||V_lower^k - V_lower^k-1||_inf = 0.18095376586788353146, delta^k = -0.18095376586788353146
    Local Iteration  28: ||V_upper^k - V_upper^k-1||_inf = 0.11248446306799808614, ||V_lower^k - V_lower^k-1||_inf = 0.17371561523316819686, delta^k = -0.17371561523316819686
    Local Iteration  29: ||V_upper^k - V_upper^k-1||_inf = 0.10488553275682477306, ||V_lower^k - V_lower^k-1||_inf = 0.16676699062384142680, delta^k = -0.16676699062384142680
    Local Iteration  30: ||V_upper^k - V_upper^k-1||_inf = 0.09322901349538526006, ||V_lower^k - V_lower^k-1||_inf = 0.16009631099888776973, delta^k = -0.16009631099888776973
    Local Iteration  31: ||V_upper^k - V_upper^k-1||_inf = 0.08688170569889430706, ||V_lower^k - V_lower^k-1||_inf = 0.15369245855893223784, delta^k = -0.15369245855893223784
    Local Iteration  32: ||V_upper^k - V_upper^k-1||_inf = 0.07376425439953371299, ||V_lower^k - V_lower^k-1||_inf = 0.14732408130803012480, delta^k = -0.14732408130803012480
    Local Iteration  33: ||V_upper^k - V_upper^k-1||_inf = 0.06402708679676782921, ||V_lower^k - V_lower^k-1||_inf = 0.13981413141337878381, delta^k = -0.13981413141337878381
    Local Iteration  34: ||V_upper^k - V_upper^k-1||_inf = 0.05027719148780851466, ||V_lower^k - V_lower^k-1||_inf = 0.12763693765484826481, delta^k = -0.12763693765484826481
    Local Iteration  35: ||V_upper^k - V_upper^k-1||_inf = 0.03193915086297949291, ||V_lower^k - V_lower^k-1||_inf = 0.11586162829548243836, delta^k = -0.11586162829548243836
    Local Iteration  36: ||V_upper^k - V_upper^k-1||_inf = 0.03066158482846026434, ||V_lower^k - V_lower^k-1||_inf = 0.10796748382288970380, delta^k = -0.10796748382288970380
    Local Iteration  37: ||V_upper^k - V_upper^k-1||_inf = 0.02943512143532178715, ||V_lower^k - V_lower^k-1||_inf = 0.09528440471562102387, delta^k = -0.09528440471562102387
    Local Iteration  38: ||V_upper^k - V_upper^k-1||_inf = 0.02825771657790898672, ||V_lower^k - V_lower^k-1||_inf = 0.09147302852699615294, delta^k = -0.09147302852699615294
    Local Iteration  39: ||V_upper^k - V_upper^k-1||_inf = 0.02712740791479262281, ||V_lower^k - V_lower^k-1||_inf = 0.08781410738591630127, delta^k = -0.08781410738591630127
    Local Iteration  40: ||V_upper^k - V_upper^k-1||_inf = 0.02604231159820091790, ||V_lower^k - V_lower^k-1||_inf = 0.08430154309047963035, delta^k = -0.08430154309047963035
    Local Iteration  41: ||V_upper^k - V_upper^k-1||_inf = 0.02500061913427287230, ||V_lower^k - V_lower^k-1||_inf = 0.08092948136686042848, delta^k = -0.08092948136686042848
    Local Iteration  42: ||V_upper^k - V_upper^k-1||_inf = 0.02400059436890189524, ||V_lower^k - V_lower^k-1||_inf = 0.07769230211218600135, delta^k = -0.07769230211218600135
    Local Iteration  43: ||V_upper^k - V_upper^k-1||_inf = 0.02304057059414588160, ||V_lower^k - V_lower^k-1||_inf = 0.07458461002769856130, delta^k = -0.07458461002769856130
    Local Iteration  44: ||V_upper^k - V_upper^k-1||_inf = 0.02047505071841421165, ||V_lower^k - V_lower^k-1||_inf = 0.07160122562659060330, delta^k = -0.07160122562659060330
    Local Iteration  45: ||V_upper^k - V_upper^k-1||_inf = 0.01965604868967762986, ||V_lower^k - V_lower^k-1||_inf = 0.06873717660152697806, delta^k = -0.06873717660152697806
    Local Iteration  46: ||V_upper^k - V_upper^k-1||_inf = 0.01886980674209054465, ||V_lower^k - V_lower^k-1||_inf = 0.06598768953746589339, delta^k = -0.06598768953746589339
    Local Iteration  47: ||V_upper^k - V_upper^k-1||_inf = 0.01811501447240693174, ||V_lower^k - V_lower^k-1||_inf = 0.06334818195596725321, delta^k = -0.06334818195596725321
    Local Iteration  48: ||V_upper^k - V_upper^k-1||_inf = 0.01739041389351064781, ||V_lower^k - V_lower^k-1||_inf = 0.06081425467772857973, delta^k = -0.06081425467772857973
    Local Iteration  49: ||V_upper^k - V_upper^k-1||_inf = 0.01669479733777018415, ||V_lower^k - V_lower^k-1||_inf = 0.05838168449061942322, delta^k = -0.05838168449061942322
    Local Iteration  50: ||V_upper^k - V_upper^k-1||_inf = 0.01602700544425939011, ||V_lower^k - V_lower^k-1||_inf = 0.05604641711099463131, delta^k = -0.05604641711099463131
    Local Iteration  51: ||V_upper^k - V_upper^k-1||_inf = 0.01538592522648901673, ||V_lower^k - V_lower^k-1||_inf = 0.05380456042655483440, delta^k = -0.05380456042655483440
    Local Iteration  52: ||V_upper^k - V_upper^k-1||_inf = 0.01477048821742948936, ||V_lower^k - V_lower^k-1||_inf = 0.05165237800949264158, delta^k = -0.05165237800949264158
    Local Iteration  53: ||V_upper^k - V_upper^k-1||_inf = 0.01417966868873227204, ||V_lower^k - V_lower^k-1||_inf = 0.04958628288911293147, delta^k = -0.04958628288911293147
    Local Iteration  54: ||V_upper^k - V_upper^k-1||_inf = 0.01361248194118297450, ||V_lower^k - V_lower^k-1||_inf = 0.04760283157354841532, delta^k = -0.04760283157354841532
    Local Iteration  55: ||V_upper^k - V_upper^k-1||_inf = 0.01306798266353564886, ||V_lower^k - V_lower^k-1||_inf = 0.04569871831060648426, delta^k = -0.04569871831060648426
    Local Iteration  56: ||V_upper^k - V_upper^k-1||_inf = 0.01254526335699424067, ||V_lower^k - V_lower^k-1||_inf = 0.04387076957818222822, delta^k = -0.04387076957818222822
    Local Iteration  57: ||V_upper^k - V_upper^k-1||_inf = 0.01204345282271446216, ||V_lower^k - V_lower^k-1||_inf = 0.04211593879505494409, delta^k = -0.04211593879505494409
    Local Iteration  58: ||V_upper^k - V_upper^k-1||_inf = 0.01156171470980588145, ||V_lower^k - V_lower^k-1||_inf = 0.03712769094470444453, delta^k = -0.03712769094470444453
    Local Iteration  59: ||V_upper^k - V_upper^k-1||_inf = 0.01109924612141366396, ||V_lower^k - V_lower^k-1||_inf = 0.03127477872064636510, delta^k = -0.03127477872064636510
    Local Iteration  60: ||V_upper^k - V_upper^k-1||_inf = 0.01065527627655710186, ||V_lower^k - V_lower^k-1||_inf = 0.03002378757182050384, delta^k = -0.03002378757182050384
    Local Iteration  61: ||V_upper^k - V_upper^k-1||_inf = 0.01022906522549482666, ||V_lower^k - V_lower^k-1||_inf = 0.02495848211050957777, delta^k = -0.02495848211050957777
    Local Iteration  62: ||V_upper^k - V_upper^k-1||_inf = 0.00981990261647502916, ||V_lower^k - V_lower^k-1||_inf = 0.02049826184291141107, delta^k = -0.02049826184291141107
    Local Iteration  63: ||V_upper^k - V_upper^k-1||_inf = 0.00942710651181602466, ||V_lower^k - V_lower^k-1||_inf = 0.01314082089549954008, delta^k = -0.01314082089549954008
    Local Iteration  64: ||V_upper^k - V_upper^k-1||_inf = 0.00905002225134338145, ||V_lower^k - V_lower^k-1||_inf = 0.01146470022489833041, delta^k = -0.01146470022489833041
    Local Iteration  65: ||V_upper^k - V_upper^k-1||_inf = 0.00868802136128965508, ||V_lower^k - V_lower^k-1||_inf = 0.01100611221590239858, delta^k = -0.01100611221590239858
    Local Iteration  66: ||V_upper^k - V_upper^k-1||_inf = 0.00834050050683807220, ||V_lower^k - V_lower^k-1||_inf = 0.01056586772726630236, delta^k = -0.01056586772726630236
    Local Iteration  67: ||V_upper^k - V_upper^k-1||_inf = 0.00800688048656456042, ||V_lower^k - V_lower^k-1||_inf = 0.01014323301817564998, delta^k = -0.01014323301817564998
    Local Iteration  68: ||V_upper^k - V_upper^k-1||_inf = 0.00768660526710196468, ||V_lower^k - V_lower^k-1||_inf = 0.00973750369744862815, delta^k = -0.00973750369744862815
    Local Iteration  69: ||V_upper^k - V_upper^k-1||_inf = 0.00463412096307308508, ||V_lower^k - V_lower^k-1||_inf = 0.00934800354955068330, delta^k = -0.00934800354955068330
    Local Iteration  70: ||V_upper^k - V_upper^k-1||_inf = 0.00000000000000000000, ||V_lower^k - V_lower^k-1||_inf = 0.00897408340756866013, delta^k = -0.00897408340756866013
    Local Iteration  71: ||V_upper^k - V_upper^k-1||_inf = 0.00000000000000000000, ||V_lower^k - V_lower^k-1||_inf = 0.00861512007126591373, delta^k = -0.00861512007126591373
    Local Iteration  72: ||V_upper^k - V_upper^k-1||_inf = 0.00000000000000000000, ||V_lower^k - V_lower^k-1||_inf = 0.00827051526841527523, delta^k = -0.00827051526841527523
    Local Iteration  73: ||V_upper^k - V_upper^k-1||_inf = 0.00000000000000000000, ||V_lower^k - V_lower^k-1||_inf = 0.00793969465767866561, delta^k = -0.00793969465767866561
    Local Iteration  74: ||V_upper^k - V_upper^k-1||_inf = 0.00000000000000000000, ||V_lower^k - V_lower^k-1||_inf = 0.00762210687137152357, delta^k = -0.00762210687137152357
    Local Iteration  75: ||V_upper^k - V_upper^k-1||_inf = 0.00000000000000000000, ||V_lower^k - V_lower^k-1||_inf = 0.00731722259651666068, delta^k = -0.00731722259651666068
    Local Iteration  76: ||V_upper^k - V_upper^k-1||_inf = 0.00000000000000000000, ||V_lower^k - V_lower^k-1||_inf = 0.00702453369265599453, delta^k = -0.00702453369265599453
    Local Iteration  77: ||V_upper^k - V_upper^k-1||_inf = 0.00000000000000000000, ||V_lower^k - V_lower^k-1||_inf = 0.00674355234494975267, delta^k = -0.00674355234494975267
    Local Iteration  78: ||V_upper^k - V_upper^k-1||_inf = 0.00000000000000000000, ||V_lower^k - V_lower^k-1||_inf = 0.00647381025115176603, delta^k = -0.00647381025115176603
    Local Iteration  79: ||V_upper^k - V_upper^k-1||_inf = 0.00000000000000000000, ||V_lower^k - V_lower^k-1||_inf = 0.00532402667729199239, delta^k = -0.00532402667729199239
    Local Iteration  80: ||V_upper^k - V_upper^k-1||_inf = 0.00000000000000000000, ||V_lower^k - V_lower^k-1||_inf = 0.00511106561020031186, delta^k = -0.00511106561020031186
    Local Iteration  81: ||V_upper^k - V_upper^k-1||_inf = 0.00000000000000000000, ||V_lower^k - V_lower^k-1||_inf = 0.00377118696689607638, delta^k = -0.00377118696689607638
    Local Iteration  82: ||V_upper^k - V_upper^k-1||_inf = 0.00000000000000000000, ||V_lower^k - V_lower^k-1||_inf = 0.00362033948822023527, delta^k = -0.00362033948822023527
    Local Iteration  83: ||V_upper^k - V_upper^k-1||_inf = 0.00000000000000000000, ||V_lower^k - V_lower^k-1||_inf = 0.00285410847037141993, delta^k = -0.00285410847037141993
    Local Iteration  84: ||V_upper^k - V_upper^k-1||_inf = 0.00000000000000000000, ||V_lower^k - V_lower^k-1||_inf = 0.00273994413155656188, delta^k = -0.00273994413155656188
    Local Iteration  85: ||V_upper^k - V_upper^k-1||_inf = 0.00000000000000000000, ||V_lower^k - V_lower^k-1||_inf = 0.00249723469003524517, delta^k = -0.00249723469003524517
    Local Iteration  86: ||V_upper^k - V_upper^k-1||_inf = 0.00000000000000000000, ||V_lower^k - V_lower^k-1||_inf = 0.00235475308661055663, delta^k = -0.00235475308661055663
    Local Iteration  87: ||V_upper^k - V_upper^k-1||_inf = 0.00000000000000000000, ||V_lower^k - V_lower^k-1||_inf = 0.00226056296314613644, delta^k = -0.00226056296314613644
    Local Iteration  88: ||V_upper^k - V_upper^k-1||_inf = 0.00000000000000000000, ||V_lower^k - V_lower^k-1||_inf = 0.00217014044462028946, delta^k = -0.00217014044462028946
    Local Iteration  89: ||V_upper^k - V_upper^k-1||_inf = 0.00000000000000000000, ||V_lower^k - V_lower^k-1||_inf = 0.00208333482683547774, delta^k = -0.00208333482683547774
    Local Iteration  90: ||V_upper^k - V_upper^k-1||_inf = 0.00000000000000000000, ||V_lower^k - V_lower^k-1||_inf = 0.00200000143376205877, delta^k = -0.00200000143376205877
    Local Iteration  91: ||V_upper^k - V_upper^k-1||_inf = 0.00000000000000000000, ||V_lower^k - V_lower^k-1||_inf = 0.00192000137641157656, delta^k = -0.00192000137641157656
    Local Iteration  92: ||V_upper^k - V_upper^k-1||_inf = 0.00000000000000000000, ||V_lower^k - V_lower^k-1||_inf = 0.00184320132135511183, delta^k = -0.00184320132135511183
    Local Iteration  93: ||V_upper^k - V_upper^k-1||_inf = 0.00000000000000000000, ||V_lower^k - V_lower^k-1||_inf = 0.00176947326850090958, delta^k = -0.00176947326850090958
    Local Iteration  94: ||V_upper^k - V_upper^k-1||_inf = 0.00000000000000000000, ||V_lower^k - V_lower^k-1||_inf = 0.00169869433776087195, delta^k = -0.00169869433776087195
    Local Iteration  95: ||V_upper^k - V_upper^k-1||_inf = 0.00000000000000000000, ||V_lower^k - V_lower^k-1||_inf = 0.00163074656425043693, delta^k = -0.00163074656425043693
    Local Iteration  96: ||V_upper^k - V_upper^k-1||_inf = 0.00000000000000000000, ||V_lower^k - V_lower^k-1||_inf = 0.00156551670168041980, delta^k = -0.00156551670168041980
    Local Iteration  97: ||V_upper^k - V_upper^k-1||_inf = 0.00000000000000000000, ||V_lower^k - V_lower^k-1||_inf = 0.00150289603361320259, delta^k = -0.00150289603361320259
    Local Iteration  98: ||V_upper^k - V_upper^k-1||_inf = 0.00000000000000000000, ||V_lower^k - V_lower^k-1||_inf = 0.00144278019226867435, delta^k = -0.00144278019226867435
    Local Iteration  99: ||V_upper^k - V_upper^k-1||_inf = 0.00000000000000000000, ||V_lower^k - V_lower^k-1||_inf = 0.00138506898457792758, delta^k = -0.00138506898457792758
    Local Iteration 100: ||V_upper^k - V_upper^k-1||_inf = 0.00000000000000000000, ||V_lower^k - V_lower^k-1||_inf = 0.00132966622519481090, delta^k = -0.00132966622519481090
    Local Iteration 101: ||V_upper^k - V_upper^k-1||_inf = 0.00000000000000000000, ||V_lower^k - V_lower^k-1||_inf = 0.00127647957618701874, delta^k = -0.00127647957618701874
    Local Iteration 102: ||V_upper^k - V_upper^k-1||_inf = 0.00000000000000000000, ||V_lower^k - V_lower^k-1||_inf = 0.00122542039313953792, delta^k = -0.00122542039313953792
    Local Iteration 103: ||V_upper^k - V_upper^k-1||_inf = 0.00000000000000000000, ||V_lower^k - V_lower^k-1||_inf = 0.00112084689186294634, delta^k = -0.00112084689186294634
    Local Iteration 104: ||V_upper^k - V_upper^k-1||_inf = 0.00000000000000000000, ||V_lower^k - V_lower^k-1||_inf = 0.00107601301618842800, delta^k = -0.00107601301618842800
    Local Iteration 105: ||V_upper^k - V_upper^k-1||_inf = 0.00000000000000000000, ||V_lower^k - V_lower^k-1||_inf = 0.00103297249554089136, delta^k = -0.00103297249554089136
    Local Iteration 106: ||V_upper^k - V_upper^k-1||_inf = 0.00000000000000000000, ||V_lower^k - V_lower^k-1||_inf = 0.00099165359571925463, delta^k = -0.00099165359571925463
    Local Iteration 107: ||V_upper^k - V_upper^k-1||_inf = 0.00000000000000000000, ||V_lower^k - V_lower^k-1||_inf = 0.00095198745189048473, delta^k = -0.00095198745189048473
    Local Iteration 108: ||V_upper^k - V_upper^k-1||_inf = 0.00000000000000000000, ||V_lower^k - V_lower^k-1||_inf = 0.00091390795381486589, delta^k = -0.00091390795381486589
    Local Iteration 109: ||V_upper^k - V_upper^k-1||_inf = 0.00000000000000000000, ||V_lower^k - V_lower^k-1||_inf = 0.00028551723869443043, delta^k = -0.00028551723869443043
    Local Iteration 110: ||V_upper^k - V_upper^k-1||_inf = 0.00000000000000000000, ||V_lower^k - V_lower^k-1||_inf = 0.00027409654914665321, delta^k = -0.00027409654914665321
    Local Iteration 111: ||V_upper^k - V_upper^k-1||_inf = 0.00000000000000000000, ||V_lower^k - V_lower^k-1||_inf = 0.00026313268718078722, delta^k = -0.00026313268718078722
    Local Iteration 112: ||V_upper^k - V_upper^k-1||_inf = 0.00000000000000000000, ||V_lower^k - V_lower^k-1||_inf = 0.00025260737969355542, delta^k = -0.00025260737969355542
    Local Iteration 113: ||V_upper^k - V_upper^k-1||_inf = 0.00000000000000000000, ||V_lower^k - V_lower^k-1||_inf = 0.00024250308450581362, delta^k = -0.00024250308450581362
    Local Iteration 114: ||V_upper^k - V_upper^k-1||_inf = 0.00000000000000000000, ||V_lower^k - V_lower^k-1||_inf = 0.00023280296112558087, delta^k = -0.00023280296112558087
    Local Iteration 115: ||V_upper^k - V_upper^k-1||_inf = 0.00000000000000000000, ||V_lower^k - V_lower^k-1||_inf = 0.00022349084268055795, delta^k = -0.00022349084268055795
    Local Iteration 116: ||V_upper^k - V_upper^k-1||_inf = 0.00000000000000000000, ||V_lower^k - V_lower^k-1||_inf = 0.00021455120897333549, delta^k = -0.00021455120897333549
    Local Iteration 117: ||V_upper^k - V_upper^k-1||_inf = 0.00000000000000000000, ||V_lower^k - V_lower^k-1||_inf = 0.00020596916061440228, delta^k = -0.00020596916061440228
    Local Iteration 118: ||V_upper^k - V_upper^k-1||_inf = 0.00000000000000000000, ||V_lower^k - V_lower^k-1||_inf = 0.00019773039418982587, delta^k = -0.00019773039418982587
    Local Iteration 119: ||V_upper^k - V_upper^k-1||_inf = 0.00000000000000000000, ||V_lower^k - V_lower^k-1||_inf = 0.00018982117842223246, delta^k = -0.00018982117842223246
    Local Iteration 120: ||V_upper^k - V_upper^k-1||_inf = 0.00000000000000000000, ||V_lower^k - V_lower^k-1||_inf = 0.00018222833128534333, delta^k = -0.00018222833128534333
    Local Iteration 121: ||V_upper^k - V_upper^k-1||_inf = 0.00000000000000000000, ||V_lower^k - V_lower^k-1||_inf = 0.00017493919803393022, delta^k = -0.00017493919803393022
    Local Iteration 122: ||V_upper^k - V_upper^k-1||_inf = 0.00000000000000000000, ||V_lower^k - V_lower^k-1||_inf = 0.00016794163011257281, delta^k = -0.00016794163011257281
    Local Iteration 123: ||V_upper^k - V_upper^k-1||_inf = 0.00000000000000000000, ||V_lower^k - V_lower^k-1||_inf = 0.00016122396490806951, delta^k = -0.00016122396490806951
    Local Iteration 124: ||V_upper^k - V_upper^k-1||_inf = 0.00000000000000000000, ||V_lower^k - V_lower^k-1||_inf = 0.00015477500631174692, delta^k = -0.00015477500631174692
    Local Iteration 125: ||V_upper^k - V_upper^k-1||_inf = 0.00000000000000000000, ||V_lower^k - V_lower^k-1||_inf = 0.00014858400605927699, delta^k = -0.00014858400605927699
    Local Iteration 126: ||V_upper^k - V_upper^k-1||_inf = 0.00000000000000000000, ||V_lower^k - V_lower^k-1||_inf = 0.00014264064581690590, delta^k = -0.00014264064581690590
    Local Iteration 127: ||V_upper^k - V_upper^k-1||_inf = 0.00000000000000000000, ||V_lower^k - V_lower^k-1||_inf = 0.00013693501998422990, delta^k = -0.00013693501998422990
    Local Iteration 128: ||V_upper^k - V_upper^k-1||_inf = 0.00000000000000000000, ||V_lower^k - V_lower^k-1||_inf = 0.00013145761918486069, delta^k = -0.00013145761918486069
    Local Iteration 129: ||V_upper^k - V_upper^k-1||_inf = 0.00000000000000000000, ||V_lower^k - V_lower^k-1||_inf = 0.00012619931441746604, delta^k = -0.00012619931441746604
    Local Iteration 130: ||V_upper^k - V_upper^k-1||_inf = 0.00000000000000000000, ||V_lower^k - V_lower^k-1||_inf = 0.00012115134184076740, delta^k = -0.00012115134184076740
    Local Iteration 131: ||V_upper^k - V_upper^k-1||_inf = 0.00000000000000000000, ||V_lower^k - V_lower^k-1||_inf = 0.00011630528816713656, delta^k = -0.00011630528816713656
    Local Iteration 132: ||V_upper^k - V_upper^k-1||_inf = 0.00000000000000000000, ||V_lower^k - V_lower^k-1||_inf = 0.00011165307664045112, delta^k = -0.00011165307664045112
    Local Iteration 133: ||V_upper^k - V_upper^k-1||_inf = 0.00000000000000000000, ||V_lower^k - V_lower^k-1||_inf = 0.00010718695357483324, delta^k = -0.00010718695357483324
    Local Iteration 134: ||V_upper^k - V_upper^k-1||_inf = 0.00000000000000000000, ||V_lower^k - V_lower^k-1||_inf = 0.00010289947543183978, delta^k = -0.00010289947543183978
    Local Iteration 135: ||V_upper^k - V_upper^k-1||_inf = 0.00000000000000000000, ||V_lower^k - V_lower^k-1||_inf = 0.00009878349641456643, delta^k = -0.00009878349641456643
    Local Iteration 136: ||V_upper^k - V_upper^k-1||_inf = 0.00000000000000000000, ||V_lower^k - V_lower^k-1||_inf = 0.00009483215655798358, delta^k = -0.00009483215655798358
    Local Iteration 137: ||V_upper^k - V_upper^k-1||_inf = 0.00000000000000000000, ||V_lower^k - V_lower^k-1||_inf = 0.00009103887029566441, delta^k = -0.00009103887029566441
    Local Iteration 138: ||V_upper^k - V_upper^k-1||_inf = 0.00000000000000000000, ||V_lower^k - V_lower^k-1||_inf = 0.00008739731548383775, delta^k = -0.00008739731548383775
    Local Iteration 139: ||V_upper^k - V_upper^k-1||_inf = 0.00000000000000000000, ||V_lower^k - V_lower^k-1||_inf = 0.00008390142286448425, delta^k = -0.00008390142286448425
    Local Iteration 140: ||V_upper^k - V_upper^k-1||_inf = 0.00000000000000000000, ||V_lower^k - V_lower^k-1||_inf = 0.00000362208303011317, delta^k = -0.00000362208303011317
    Local Iteration 141: ||V_upper^k - V_upper^k-1||_inf = 0.00000000000000000000, ||V_lower^k - V_lower^k-1||_inf = 0.00000000000000000000, delta^k = 0.00000000000000000000

============================================================
 CONSERVATIVE STOPPING CONDITION MET (Algorithm 3)
============================================================
  delta^k = 0.0000000000e+00 >= -delta_max
  ||V_upper^k - V_upper^k-1||_inf = 0.0000000000e+00 < 1e-08
  eps_cons = (0.96 * 0.0000000000e+00) / 0.04 = 0.0000000000e+00
  Correcting V_lower for 414040 cells: V_lower <- V_lower - eps_cons - eps_machine
   Conservative correction applied successfully
  Machine epsilon eps_machine = 2.220e-16
    Local VI completed in 141 iterations
    Final convergence values:
      ||V_upper^final - V_upper^prev||_inf = 0.00000000e+00
      ||V_lower^final - V_lower^prev||_inf = 0.00000000e+00
  Local VI completed in 141 iterations, time: 0.601s
    Final ||V_upper^k - V_upper^k-1||_inf = 0.00000000000000000000e+00
    Final ||V_lower^k - V_lower^k-1||_inf = 0.00000000000000000000e+00
  Saved visualization: /Users/i.k.tabbara/Documents/python directory/HSCC_2027/refactored_Implementations/results_hscc_2027_newbellmans_12workers/ra_discount/dubins_res20_eps0.05_dmin1e-08_dmax1e-08_gamma0.96_dt0.3_tau0.3_cons/value_function_phase_6_complete.png
  Phase 6 completed in 1.26s with 414040 leaf cells

Classification after phase 6:
  Safe:           245988 cells ( 59.4%),   50.1% of state space
  Unsafe:          37556 cells (  9.1%),   24.4% of state space
  Unclassified:   130496 cells ( 31.5%),   25.5% of state space

======================================================================
REFINEMENT PHASE 7
======================================================================
Boundary cells: 130496
  Refinable (>eta_min=0.017678): 130496
  Below threshold: 0
  Cumulative refined: 406040
  Refinable cell size statistics:
    Max:    0.078540
    Mean:   0.078540
    Min:    0.078540
    Median: 0.078540
  Refining 130496 cells...
    Refined: 130496 parent cells
    Created: 260992 child cells
    Total cells: 544536
    Refinement time: 0.018s
    Cumulative refined: 536536
  Rebuilding spatial index...
  Building spatial index for 544536 cells...
   Spatial index built in 0.12s
    Spatial index rebuilt in 0.123s
  Initializing 260992 new cells...
  Initializing 260992 new cells in parallel...
   Initialized in 0.00s (432016552.9 cells/s)
    Initialization completed in 0.001s
  Starting local value iteration...
  Reinitializing ALL 544536 cells (V = l)
   Reinitialized 544536 cells in 0.00s (392717926.0 cells/s)
  Local VI: updating all 544536 cells
    Conservative mode: True
    delta_max: 1e-08
    Max iterations: 100033
    Updating successor cache for 260992 updated cells...
    Updating successor cache for 260992 new cells (HYBRID)...
      Affected cells: 376850
   Trajectories + spatial queries computed in 0.25s (4601715.3 tasks/s)
    Breakdown: 46.9% ODE, 53.1% queries
     Cache updated in 0.29s (3851395.4 tasks/s)
    Local Iteration   1: ||V_upper^k - V_upper^k-1||_inf = 3.95601805137455864170, ||V_lower^k - V_lower^k-1||_inf = 3.79657466994130254889, delta^k = -3.79657466994130254889
    Local Iteration   2: ||V_upper^k - V_upper^k-1||_inf = 3.78547099647405449474, ||V_lower^k - V_lower^k-1||_inf = 3.43759866553029613812, delta^k = -3.43759866553029613812
    Local Iteration   3: ||V_upper^k - V_upper^k-1||_inf = 3.63405215661509206626, ||V_lower^k - V_lower^k-1||_inf = 3.20470389675390254780, delta^k = -3.20470389675390254780
    Local Iteration   4: ||V_upper^k - V_upper^k-1||_inf = 3.46943332469942156138, ||V_lower^k - V_lower^k-1||_inf = 2.98047864178417798442, delta^k = -2.98047864178417798442
    Local Iteration   5: ||V_upper^k - V_upper^k-1||_inf = 3.33065599171144466339, ||V_lower^k - V_lower^k-1||_inf = 2.72998362426439467043, delta^k = -2.72998362426439467043
    Local Iteration   6: ||V_upper^k - V_upper^k-1||_inf = 3.19742975204298662817, ||V_lower^k - V_lower^k-1||_inf = 2.57866074226632013833, delta^k = -2.57866074226632013833
    Local Iteration   7: ||V_upper^k - V_upper^k-1||_inf = 3.06953256196126700317, ||V_lower^k - V_lower^k-1||_inf = 2.38657719839349491409, delta^k = -2.38657719839349491409
    Local Iteration   8: ||V_upper^k - V_upper^k-1||_inf = 2.94675125948281646515, ||V_lower^k - V_lower^k-1||_inf = 2.16483384763520581018, delta^k = -2.16483384763520581018
    Local Iteration   9: ||V_upper^k - V_upper^k-1||_inf = 2.81835621640053757275, ||V_lower^k - V_lower^k-1||_inf = 1.90652169932210879821, delta^k = -1.90652169932210879821
    Local Iteration  10: ||V_upper^k - V_upper^k-1||_inf = 2.65712051677449334619, ||V_lower^k - V_lower^k-1||_inf = 1.73366483966648399218, delta^k = -1.73366483966648399218
    Local Iteration  11: ||V_upper^k - V_upper^k-1||_inf = 2.42409094490435883529, ||V_lower^k - V_lower^k-1||_inf = 1.58037788417775293404, delta^k = -1.58037788417775293404
    Local Iteration  12: ||V_upper^k - V_upper^k-1||_inf = 2.18698886500166667091, ||V_lower^k - V_lower^k-1||_inf = 1.24753049084556177917, delta^k = -1.24753049084556177917
    Local Iteration  13: ||V_upper^k - V_upper^k-1||_inf = 1.95099889812886040374, ||V_lower^k - V_lower^k-1||_inf = 0.93305307184835095669, delta^k = -0.93305307184835095669
    Local Iteration  14: ||V_upper^k - V_upper^k-1||_inf = 0.60443791635475641044, ||V_lower^k - V_lower^k-1||_inf = 0.55013292608422814656, delta^k = -0.55013292608422814656
    Local Iteration  15: ||V_upper^k - V_upper^k-1||_inf = 0.58026039970056619843, ||V_lower^k - V_lower^k-1||_inf = 0.37123152136453335670, delta^k = -0.37123152136453335670
    Local Iteration  16: ||V_upper^k - V_upper^k-1||_inf = 0.55704998371254355050, ||V_lower^k - V_lower^k-1||_inf = 0.29276161790008919938, delta^k = -0.29276161790008919938
    Local Iteration  17: ||V_upper^k - V_upper^k-1||_inf = 0.50526809921635607026, ||V_lower^k - V_lower^k-1||_inf = 0.28105115318408563363, delta^k = -0.28105115318408563363
    Local Iteration  18: ||V_upper^k - V_upper^k-1||_inf = 0.44298703331159350327, ||V_lower^k - V_lower^k-1||_inf = 0.26980910705672223049, delta^k = -0.26980910705672223049
    Local Iteration  19: ||V_upper^k - V_upper^k-1||_inf = 0.38748860767218484824, ||V_lower^k - V_lower^k-1||_inf = 0.25901674277445330130, delta^k = -0.25901674277445330130
    Local Iteration  20: ||V_upper^k - V_upper^k-1||_inf = 0.28311623030466315232, ||V_lower^k - V_lower^k-1||_inf = 0.21973558924214348087, delta^k = -0.21973558924214348087
    Local Iteration  21: ||V_upper^k - V_upper^k-1||_inf = 0.24243038383613901843, ||V_lower^k - V_lower^k-1||_inf = 0.21094616567245777494, delta^k = -0.21094616567245777494
    Local Iteration  22: ||V_upper^k - V_upper^k-1||_inf = 0.21592738018332058303, ||V_lower^k - V_lower^k-1||_inf = 0.19120344712694836709, delta^k = -0.19120344712694836709
    Local Iteration  23: ||V_upper^k - V_upper^k-1||_inf = 0.19150895089727937304, ||V_lower^k - V_lower^k-1||_inf = 0.18355530924187041242, delta^k = -0.18355530924187041242
    Local Iteration  24: ||V_upper^k - V_upper^k-1||_inf = 0.18384859286138810486, ||V_lower^k - V_lower^k-1||_inf = 0.17621309687219560702, delta^k = -0.17621309687219560702
    Local Iteration  25: ||V_upper^k - V_upper^k-1||_inf = 0.17519206598340120173, ||V_lower^k - V_lower^k-1||_inf = 0.16916457299730780495, delta^k = -0.16916457299730780495
    Local Iteration  26: ||V_upper^k - V_upper^k-1||_inf = 0.15543731810767735801, ||V_lower^k - V_lower^k-1||_inf = 0.16239799007741545500, delta^k = -0.16239799007741545500
    Local Iteration  27: ||V_upper^k - V_upper^k-1||_inf = 0.12764141342159063264, ||V_lower^k - V_lower^k-1||_inf = 0.15590207047431881016, delta^k = -0.15590207047431881016
    Local Iteration  28: ||V_upper^k - V_upper^k-1||_inf = 0.11248446306799808614, ||V_lower^k - V_lower^k-1||_inf = 0.14966598765534605553, delta^k = -0.14966598765534605553
    Local Iteration  29: ||V_upper^k - V_upper^k-1||_inf = 0.10798508454527822042, ||V_lower^k - V_lower^k-1||_inf = 0.14367934814913219110, delta^k = -0.14367934814913219110
    Local Iteration  30: ||V_upper^k - V_upper^k-1||_inf = 0.09223484596094000398, ||V_lower^k - V_lower^k-1||_inf = 0.13793217422316689236, delta^k = -0.13793217422316689236
    Local Iteration  31: ||V_upper^k - V_upper^k-1||_inf = 0.08688170569889430706, ||V_lower^k - V_lower^k-1||_inf = 0.13241488725424019335, delta^k = -0.13241488725424019335
    Local Iteration  32: ||V_upper^k - V_upper^k-1||_inf = 0.07376425439953371299, ||V_lower^k - V_lower^k-1||_inf = 0.12711829176407060671, delta^k = -0.12711829176407060671
    Local Iteration  33: ||V_upper^k - V_upper^k-1||_inf = 0.05425012574287302325, ||V_lower^k - V_lower^k-1||_inf = 0.12203356009350774247, delta^k = -0.12203356009350774247
    Local Iteration  34: ||V_upper^k - V_upper^k-1||_inf = 0.03888251043460522194, ||V_lower^k - V_lower^k-1||_inf = 0.11715221768976744054, delta^k = -0.11715221768976744054
    Local Iteration  35: ||V_upper^k - V_upper^k-1||_inf = 0.03193915086297949291, ||V_lower^k - V_lower^k-1||_inf = 0.11246612898217675514, delta^k = -0.11246612898217675514
    Local Iteration  36: ||V_upper^k - V_upper^k-1||_inf = 0.03066158482846026434, ||V_lower^k - V_lower^k-1||_inf = 0.10796748382288970380, delta^k = -0.10796748382288970380
    Local Iteration  37: ||V_upper^k - V_upper^k-1||_inf = 0.02943512143532178715, ||V_lower^k - V_lower^k-1||_inf = 0.10364878446997408123, delta^k = -0.10364878446997408123
    Local Iteration  38: ||V_upper^k - V_upper^k-1||_inf = 0.02825771657790898672, ||V_lower^k - V_lower^k-1||_inf = 0.09713802726726614156, delta^k = -0.09713802726726614156
    Local Iteration  39: ||V_upper^k - V_upper^k-1||_inf = 0.02712740791479262281, ||V_lower^k - V_lower^k-1||_inf = 0.09043701839280918198, delta^k = -0.09043701839280918198
    Local Iteration  40: ||V_upper^k - V_upper^k-1||_inf = 0.02604231159820091790, ||V_lower^k - V_lower^k-1||_inf = 0.08681953765709679582, delta^k = -0.08681953765709679582
    Local Iteration  41: ||V_upper^k - V_upper^k-1||_inf = 0.02500061913427287230, ||V_lower^k - V_lower^k-1||_inf = 0.08334675615081291178, delta^k = -0.08334675615081291178
    Local Iteration  42: ||V_upper^k - V_upper^k-1||_inf = 0.02400059436890189524, ||V_lower^k - V_lower^k-1||_inf = 0.08001288590478039531, delta^k = -0.08001288590478039531
    Local Iteration  43: ||V_upper^k - V_upper^k-1||_inf = 0.02304057059414588160, ||V_lower^k - V_lower^k-1||_inf = 0.07681237046858918616, delta^k = -0.07681237046858918616
    Local Iteration  44: ||V_upper^k - V_upper^k-1||_inf = 0.02047505071841421165, ||V_lower^k - V_lower^k-1||_inf = 0.07373987564984560428, delta^k = -0.07373987564984560428
    Local Iteration  45: ||V_upper^k - V_upper^k-1||_inf = 0.01965604868967762986, ||V_lower^k - V_lower^k-1||_inf = 0.07079028062385178677, delta^k = -0.07079028062385178677
    Local Iteration  46: ||V_upper^k - V_upper^k-1||_inf = 0.01886980674209054465, ||V_lower^k - V_lower^k-1||_inf = 0.06795866939889771974, delta^k = -0.06795866939889771974
    Local Iteration  47: ||V_upper^k - V_upper^k-1||_inf = 0.01811501447240693174, ||V_lower^k - V_lower^k-1||_inf = 0.06524032262294182649, delta^k = -0.06524032262294182649
    Local Iteration  48: ||V_upper^k - V_upper^k-1||_inf = 0.01739041389351064781, ||V_lower^k - V_lower^k-1||_inf = 0.06263070971802414677, delta^k = -0.06263070971802414677
    Local Iteration  49: ||V_upper^k - V_upper^k-1||_inf = 0.01669479733777018415, ||V_lower^k - V_lower^k-1||_inf = 0.06012548132930317646, delta^k = -0.06012548132930317646
    Local Iteration  50: ||V_upper^k - V_upper^k-1||_inf = 0.01602700544425939011, ||V_lower^k - V_lower^k-1||_inf = 0.05772046207613105995, delta^k = -0.05772046207613105995
    Local Iteration  51: ||V_upper^k - V_upper^k-1||_inf = 0.01538592522648901673, ||V_lower^k - V_lower^k-1||_inf = 0.05541164359308582699, delta^k = -0.05541164359308582699
    Local Iteration  52: ||V_upper^k - V_upper^k-1||_inf = 0.01477048821742948936, ||V_lower^k - V_lower^k-1||_inf = 0.05319517784936238225, delta^k = -0.05319517784936238225
    Local Iteration  53: ||V_upper^k - V_upper^k-1||_inf = 0.01417966868873227204, ||V_lower^k - V_lower^k-1||_inf = 0.05106737073538789029, delta^k = -0.05106737073538789029
    Local Iteration  54: ||V_upper^k - V_upper^k-1||_inf = 0.01361248194118297450, ||V_lower^k - V_lower^k-1||_inf = 0.04902467590597237024, delta^k = -0.04902467590597237024
    Local Iteration  55: ||V_upper^k - V_upper^k-1||_inf = 0.01306798266353564886, ||V_lower^k - V_lower^k-1||_inf = 0.04706368886973347210, delta^k = -0.04706368886973347210
    Local Iteration  56: ||V_upper^k - V_upper^k-1||_inf = 0.01254526335699424067, ||V_lower^k - V_lower^k-1||_inf = 0.04518114131494413432, delta^k = -0.04518114131494413432
    Local Iteration  57: ||V_upper^k - V_upper^k-1||_inf = 0.01204345282271446216, ||V_lower^k - V_lower^k-1||_inf = 0.04337389566234636784, delta^k = -0.04337389566234636784
    Local Iteration  58: ||V_upper^k - V_upper^k-1||_inf = 0.01156171470980588145, ||V_lower^k - V_lower^k-1||_inf = 0.04163893983585251202, delta^k = -0.04163893983585251202
    Local Iteration  59: ||V_upper^k - V_upper^k-1||_inf = 0.01109924612141366396, ||V_lower^k - V_lower^k-1||_inf = 0.03720248135816647816, delta^k = -0.03720248135816647816
    Local Iteration  60: ||V_upper^k - V_upper^k-1||_inf = 0.01065527627655710186, ||V_lower^k - V_lower^k-1||_inf = 0.03421687997463961073, delta^k = -0.03421687997463961073
    Local Iteration  61: ||V_upper^k - V_upper^k-1||_inf = 0.01022906522549482666, ||V_lower^k - V_lower^k-1||_inf = 0.03284820477565401908, delta^k = -0.03284820477565401908
    Local Iteration  62: ||V_upper^k - V_upper^k-1||_inf = 0.00981990261647502916, ||V_lower^k - V_lower^k-1||_inf = 0.02766992262618975240, delta^k = -0.02766992262618975240
    Local Iteration  63: ||V_upper^k - V_upper^k-1||_inf = 0.00942710651181602466, ||V_lower^k - V_lower^k-1||_inf = 0.02368782772871384085, delta^k = -0.02368782772871384085
    Local Iteration  64: ||V_upper^k - V_upper^k-1||_inf = 0.00905002225134338145, ||V_lower^k - V_lower^k-1||_inf = 0.01660924622893442809, delta^k = -0.01660924622893442809
    Local Iteration  65: ||V_upper^k - V_upper^k-1||_inf = 0.00868802136128965508, ||V_lower^k - V_lower^k-1||_inf = 0.01580573238222497678, delta^k = -0.01580573238222497678
    Local Iteration  66: ||V_upper^k - V_upper^k-1||_inf = 0.00834050050683807220, ||V_lower^k - V_lower^k-1||_inf = 0.01249762222665187078, delta^k = -0.01249762222665187078
    Local Iteration  67: ||V_upper^k - V_upper^k-1||_inf = 0.00502834305889007793, ||V_lower^k - V_lower^k-1||_inf = 0.01199771733758579068, delta^k = -0.01199771733758579068
    Local Iteration  68: ||V_upper^k - V_upper^k-1||_inf = 0.00000000000000000000, ||V_lower^k - V_lower^k-1||_inf = 0.01008904750941980871, delta^k = -0.01008904750941980871
    Local Iteration  69: ||V_upper^k - V_upper^k-1||_inf = 0.00000000000000000000, ||V_lower^k - V_lower^k-1||_inf = 0.00968548560904301109, delta^k = -0.00968548560904301109
    Local Iteration  70: ||V_upper^k - V_upper^k-1||_inf = 0.00000000000000000000, ||V_lower^k - V_lower^k-1||_inf = 0.00929806618468129176, delta^k = -0.00929806618468129176
    Local Iteration  71: ||V_upper^k - V_upper^k-1||_inf = 0.00000000000000000000, ||V_lower^k - V_lower^k-1||_inf = 0.00892614353729404009, delta^k = -0.00892614353729404009
    Local Iteration  72: ||V_upper^k - V_upper^k-1||_inf = 0.00000000000000000000, ||V_lower^k - V_lower^k-1||_inf = 0.00856909779580227599, delta^k = -0.00856909779580227599
    Local Iteration  73: ||V_upper^k - V_upper^k-1||_inf = 0.00000000000000000000, ||V_lower^k - V_lower^k-1||_inf = 0.00822633388397018411, delta^k = -0.00822633388397018411
    Local Iteration  74: ||V_upper^k - V_upper^k-1||_inf = 0.00000000000000000000, ||V_lower^k - V_lower^k-1||_inf = 0.00789728052861137994, delta^k = -0.00789728052861137994
    Local Iteration  75: ||V_upper^k - V_upper^k-1||_inf = 0.00000000000000000000, ||V_lower^k - V_lower^k-1||_inf = 0.00758138930746692433, delta^k = -0.00758138930746692433
    Local Iteration  76: ||V_upper^k - V_upper^k-1||_inf = 0.00000000000000000000, ||V_lower^k - V_lower^k-1||_inf = 0.00727813373516824486, delta^k = -0.00727813373516824486
    Local Iteration  77: ||V_upper^k - V_upper^k-1||_inf = 0.00000000000000000000, ||V_lower^k - V_lower^k-1||_inf = 0.00698700838576151242, delta^k = -0.00698700838576151242
    Local Iteration  78: ||V_upper^k - V_upper^k-1||_inf = 0.00000000000000000000, ||V_lower^k - V_lower^k-1||_inf = 0.00670752805033105609, delta^k = -0.00670752805033105609
    Local Iteration  79: ||V_upper^k - V_upper^k-1||_inf = 0.00000000000000000000, ||V_lower^k - V_lower^k-1||_inf = 0.00643922692831781426, delta^k = -0.00643922692831781426
    Local Iteration  80: ||V_upper^k - V_upper^k-1||_inf = 0.00000000000000000000, ||V_lower^k - V_lower^k-1||_inf = 0.00618165785118510169, delta^k = -0.00618165785118510169
    Local Iteration  81: ||V_upper^k - V_upper^k-1||_inf = 0.00000000000000000000, ||V_lower^k - V_lower^k-1||_inf = 0.00593439153713769610, delta^k = -0.00593439153713769610
    Local Iteration  82: ||V_upper^k - V_upper^k-1||_inf = 0.00000000000000000000, ||V_lower^k - V_lower^k-1||_inf = 0.00496327849581639988, delta^k = -0.00496327849581639988
    Local Iteration  83: ||V_upper^k - V_upper^k-1||_inf = 0.00000000000000000000, ||V_lower^k - V_lower^k-1||_inf = 0.00471251085610013484, delta^k = -0.00471251085610013484
    Local Iteration  84: ||V_upper^k - V_upper^k-1||_inf = 0.00000000000000000000, ||V_lower^k - V_lower^k-1||_inf = 0.00452401042185612834, delta^k = -0.00452401042185612834
    Local Iteration  85: ||V_upper^k - V_upper^k-1||_inf = 0.00000000000000000000, ||V_lower^k - V_lower^k-1||_inf = 0.00416742335419962098, delta^k = -0.00416742335419962098
    Local Iteration  86: ||V_upper^k - V_upper^k-1||_inf = 0.00000000000000000000, ||V_lower^k - V_lower^k-1||_inf = 0.00328789136658557204, delta^k = -0.00328789136658557204
    Local Iteration  87: ||V_upper^k - V_upper^k-1||_inf = 0.00000000000000000000, ||V_lower^k - V_lower^k-1||_inf = 0.00311378349609887223, delta^k = -0.00311378349609887223
    Local Iteration  88: ||V_upper^k - V_upper^k-1||_inf = 0.00000000000000000000, ||V_lower^k - V_lower^k-1||_inf = 0.00298923215625491664, delta^k = -0.00298923215625491664
    Local Iteration  89: ||V_upper^k - V_upper^k-1||_inf = 0.00000000000000000000, ||V_lower^k - V_lower^k-1||_inf = 0.00286966287000471956, delta^k = -0.00286966287000471956
    Local Iteration  90: ||V_upper^k - V_upper^k-1||_inf = 0.00000000000000000000, ||V_lower^k - V_lower^k-1||_inf = 0.00275487635520453231, delta^k = -0.00275487635520453231
    Local Iteration  91: ||V_upper^k - V_upper^k-1||_inf = 0.00000000000000000000, ||V_lower^k - V_lower^k-1||_inf = 0.00264468130099634879, delta^k = -0.00264468130099634879
    Local Iteration  92: ||V_upper^k - V_upper^k-1||_inf = 0.00000000000000000000, ||V_lower^k - V_lower^k-1||_inf = 0.00253889404895649498, delta^k = -0.00253889404895649498
    Local Iteration  93: ||V_upper^k - V_upper^k-1||_inf = 0.00000000000000000000, ||V_lower^k - V_lower^k-1||_inf = 0.00243733828699823490, delta^k = -0.00243733828699823490
    Local Iteration  94: ||V_upper^k - V_upper^k-1||_inf = 0.00000000000000000000, ||V_lower^k - V_lower^k-1||_inf = 0.00233984475551830655, delta^k = -0.00233984475551830655
    Local Iteration  95: ||V_upper^k - V_upper^k-1||_inf = 0.00000000000000000000, ||V_lower^k - V_lower^k-1||_inf = 0.00224625096529757276, delta^k = -0.00224625096529757276
    Local Iteration  96: ||V_upper^k - V_upper^k-1||_inf = 0.00000000000000000000, ||V_lower^k - V_lower^k-1||_inf = 0.00215640092668567020, delta^k = -0.00215640092668567020
    Local Iteration  97: ||V_upper^k - V_upper^k-1||_inf = 0.00000000000000000000, ||V_lower^k - V_lower^k-1||_inf = 0.00207014488961824311, delta^k = -0.00207014488961824311
    Local Iteration  98: ||V_upper^k - V_upper^k-1||_inf = 0.00000000000000000000, ||V_lower^k - V_lower^k-1||_inf = 0.00198733909403351304, delta^k = -0.00198733909403351304
    Local Iteration  99: ||V_upper^k - V_upper^k-1||_inf = 0.00000000000000000000, ||V_lower^k - V_lower^k-1||_inf = 0.00190784553027217342, delta^k = -0.00190784553027217342
    Local Iteration 100: ||V_upper^k - V_upper^k-1||_inf = 0.00000000000000000000, ||V_lower^k - V_lower^k-1||_inf = 0.00183153170906128621, delta^k = -0.00183153170906128621
    Local Iteration 101: ||V_upper^k - V_upper^k-1||_inf = 0.00000000000000000000, ||V_lower^k - V_lower^k-1||_inf = 0.00175827044069883608, delta^k = -0.00175827044069883608
    Local Iteration 102: ||V_upper^k - V_upper^k-1||_inf = 0.00000000000000000000, ||V_lower^k - V_lower^k-1||_inf = 0.00168793962307088249, delta^k = -0.00168793962307088249
    Local Iteration 103: ||V_upper^k - V_upper^k-1||_inf = 0.00000000000000000000, ||V_lower^k - V_lower^k-1||_inf = 0.00162042203814804706, delta^k = -0.00162042203814804706
    Local Iteration 104: ||V_upper^k - V_upper^k-1||_inf = 0.00000000000000000000, ||V_lower^k - V_lower^k-1||_inf = 0.00155560515662212483, delta^k = -0.00155560515662212483
    Local Iteration 105: ||V_upper^k - V_upper^k-1||_inf = 0.00000000000000000000, ||V_lower^k - V_lower^k-1||_inf = 0.00149338095035723983, delta^k = -0.00149338095035723983
    Local Iteration 106: ||V_upper^k - V_upper^k-1||_inf = 0.00000000000000000000, ||V_lower^k - V_lower^k-1||_inf = 0.00143364571234295100, delta^k = -0.00143364571234295100
    Local Iteration 107: ||V_upper^k - V_upper^k-1||_inf = 0.00000000000000000000, ||V_lower^k - V_lower^k-1||_inf = 0.00137629988384923262, delta^k = -0.00137629988384923262
    Local Iteration 108: ||V_upper^k - V_upper^k-1||_inf = 0.00000000000000000000, ||V_lower^k - V_lower^k-1||_inf = 0.00091390795381486589, delta^k = -0.00091390795381486589
    Local Iteration 109: ||V_upper^k - V_upper^k-1||_inf = 0.00000000000000000000, ||V_lower^k - V_lower^k-1||_inf = 0.00028551723869443043, delta^k = -0.00028551723869443043
    Local Iteration 110: ||V_upper^k - V_upper^k-1||_inf = 0.00000000000000000000, ||V_lower^k - V_lower^k-1||_inf = 0.00027409654914665321, delta^k = -0.00027409654914665321
    Local Iteration 111: ||V_upper^k - V_upper^k-1||_inf = 0.00000000000000000000, ||V_lower^k - V_lower^k-1||_inf = 0.00026313268718078722, delta^k = -0.00026313268718078722
    Local Iteration 112: ||V_upper^k - V_upper^k-1||_inf = 0.00000000000000000000, ||V_lower^k - V_lower^k-1||_inf = 0.00025260737969355542, delta^k = -0.00025260737969355542
    Local Iteration 113: ||V_upper^k - V_upper^k-1||_inf = 0.00000000000000000000, ||V_lower^k - V_lower^k-1||_inf = 0.00024250308450581362, delta^k = -0.00024250308450581362
    Local Iteration 114: ||V_upper^k - V_upper^k-1||_inf = 0.00000000000000000000, ||V_lower^k - V_lower^k-1||_inf = 0.00023280296112558087, delta^k = -0.00023280296112558087
    Local Iteration 115: ||V_upper^k - V_upper^k-1||_inf = 0.00000000000000000000, ||V_lower^k - V_lower^k-1||_inf = 0.00022349084268055795, delta^k = -0.00022349084268055795
    Local Iteration 116: ||V_upper^k - V_upper^k-1||_inf = 0.00000000000000000000, ||V_lower^k - V_lower^k-1||_inf = 0.00021455120897333549, delta^k = -0.00021455120897333549
    Local Iteration 117: ||V_upper^k - V_upper^k-1||_inf = 0.00000000000000000000, ||V_lower^k - V_lower^k-1||_inf = 0.00020596916061440228, delta^k = -0.00020596916061440228
    Local Iteration 118: ||V_upper^k - V_upper^k-1||_inf = 0.00000000000000000000, ||V_lower^k - V_lower^k-1||_inf = 0.00019773039418982587, delta^k = -0.00019773039418982587
    Local Iteration 119: ||V_upper^k - V_upper^k-1||_inf = 0.00000000000000000000, ||V_lower^k - V_lower^k-1||_inf = 0.00018982117842223246, delta^k = -0.00018982117842223246
    Local Iteration 120: ||V_upper^k - V_upper^k-1||_inf = 0.00000000000000000000, ||V_lower^k - V_lower^k-1||_inf = 0.00018222833128534333, delta^k = -0.00018222833128534333
    Local Iteration 121: ||V_upper^k - V_upper^k-1||_inf = 0.00000000000000000000, ||V_lower^k - V_lower^k-1||_inf = 0.00017493919803393022, delta^k = -0.00017493919803393022
    Local Iteration 122: ||V_upper^k - V_upper^k-1||_inf = 0.00000000000000000000, ||V_lower^k - V_lower^k-1||_inf = 0.00016794163011257281, delta^k = -0.00016794163011257281
    Local Iteration 123: ||V_upper^k - V_upper^k-1||_inf = 0.00000000000000000000, ||V_lower^k - V_lower^k-1||_inf = 0.00016122396490806951, delta^k = -0.00016122396490806951
    Local Iteration 124: ||V_upper^k - V_upper^k-1||_inf = 0.00000000000000000000, ||V_lower^k - V_lower^k-1||_inf = 0.00015477500631174692, delta^k = -0.00015477500631174692
    Local Iteration 125: ||V_upper^k - V_upper^k-1||_inf = 0.00000000000000000000, ||V_lower^k - V_lower^k-1||_inf = 0.00014858400605927699, delta^k = -0.00014858400605927699
    Local Iteration 126: ||V_upper^k - V_upper^k-1||_inf = 0.00000000000000000000, ||V_lower^k - V_lower^k-1||_inf = 0.00014264064581690590, delta^k = -0.00014264064581690590
    Local Iteration 127: ||V_upper^k - V_upper^k-1||_inf = 0.00000000000000000000, ||V_lower^k - V_lower^k-1||_inf = 0.00013693501998422990, delta^k = -0.00013693501998422990
    Local Iteration 128: ||V_upper^k - V_upper^k-1||_inf = 0.00000000000000000000, ||V_lower^k - V_lower^k-1||_inf = 0.00013145761918486069, delta^k = -0.00013145761918486069
    Local Iteration 129: ||V_upper^k - V_upper^k-1||_inf = 0.00000000000000000000, ||V_lower^k - V_lower^k-1||_inf = 0.00012619931441746604, delta^k = -0.00012619931441746604
    Local Iteration 130: ||V_upper^k - V_upper^k-1||_inf = 0.00000000000000000000, ||V_lower^k - V_lower^k-1||_inf = 0.00012115134184076740, delta^k = -0.00012115134184076740
    Local Iteration 131: ||V_upper^k - V_upper^k-1||_inf = 0.00000000000000000000, ||V_lower^k - V_lower^k-1||_inf = 0.00011630528816713656, delta^k = -0.00011630528816713656
    Local Iteration 132: ||V_upper^k - V_upper^k-1||_inf = 0.00000000000000000000, ||V_lower^k - V_lower^k-1||_inf = 0.00011165307664045112, delta^k = -0.00011165307664045112
    Local Iteration 133: ||V_upper^k - V_upper^k-1||_inf = 0.00000000000000000000, ||V_lower^k - V_lower^k-1||_inf = 0.00010718695357483324, delta^k = -0.00010718695357483324
    Local Iteration 134: ||V_upper^k - V_upper^k-1||_inf = 0.00000000000000000000, ||V_lower^k - V_lower^k-1||_inf = 0.00010289947543183978, delta^k = -0.00010289947543183978
    Local Iteration 135: ||V_upper^k - V_upper^k-1||_inf = 0.00000000000000000000, ||V_lower^k - V_lower^k-1||_inf = 0.00009878349641456643, delta^k = -0.00009878349641456643
    Local Iteration 136: ||V_upper^k - V_upper^k-1||_inf = 0.00000000000000000000, ||V_lower^k - V_lower^k-1||_inf = 0.00009483215655798358, delta^k = -0.00009483215655798358
    Local Iteration 137: ||V_upper^k - V_upper^k-1||_inf = 0.00000000000000000000, ||V_lower^k - V_lower^k-1||_inf = 0.00009103887029566441, delta^k = -0.00009103887029566441
    Local Iteration 138: ||V_upper^k - V_upper^k-1||_inf = 0.00000000000000000000, ||V_lower^k - V_lower^k-1||_inf = 0.00008739731548383775, delta^k = -0.00008739731548383775
    Local Iteration 139: ||V_upper^k - V_upper^k-1||_inf = 0.00000000000000000000, ||V_lower^k - V_lower^k-1||_inf = 0.00008390142286448425, delta^k = -0.00008390142286448425
    Local Iteration 140: ||V_upper^k - V_upper^k-1||_inf = 0.00000000000000000000, ||V_lower^k - V_lower^k-1||_inf = 0.00000362208303011317, delta^k = -0.00000362208303011317
    Local Iteration 141: ||V_upper^k - V_upper^k-1||_inf = 0.00000000000000000000, ||V_lower^k - V_lower^k-1||_inf = 0.00000000000000000000, delta^k = 0.00000000000000000000

============================================================
 CONSERVATIVE STOPPING CONDITION MET (Algorithm 3)
============================================================
  delta^k = 0.0000000000e+00 >= -delta_max
  ||V_upper^k - V_upper^k-1||_inf = 0.0000000000e+00 < 1e-08
  eps_cons = (0.96 * 0.0000000000e+00) / 0.04 = 0.0000000000e+00
  Correcting V_lower for 544536 cells: V_lower <- V_lower - eps_cons - eps_machine
   Conservative correction applied successfully
  Machine epsilon eps_machine = 2.220e-16
    Local VI completed in 141 iterations
    Final convergence values:
      ||V_upper^final - V_upper^prev||_inf = 0.00000000e+00
      ||V_lower^final - V_lower^prev||_inf = 0.00000000e+00
  Local VI completed in 141 iterations, time: 0.796s
    Final ||V_upper^k - V_upper^k-1||_inf = 0.00000000000000000000e+00
    Final ||V_lower^k - V_lower^k-1||_inf = 0.00000000000000000000e+00
  Saved visualization: /Users/i.k.tabbara/Documents/python directory/HSCC_2027/refactored_Implementations/results_hscc_2027_newbellmans_12workers/ra_discount/dubins_res20_eps0.05_dmin1e-08_dmax1e-08_gamma0.96_dt0.3_tau0.3_cons/value_function_phase_7_complete.png
  Phase 7 completed in 1.55s with 544536 leaf cells

Classification after phase 7:
  Safe:           258026 cells ( 47.4%),   51.3% of state space
  Unsafe:          39010 cells (  7.2%),   24.6% of state space
  Unclassified:   247500 cells ( 45.5%),   24.2% of state space

======================================================================
REFINEMENT PHASE 8
======================================================================
Boundary cells: 247500
  Refinable (>eta_min=0.017678): 247500
  Below threshold: 0
  Cumulative refined: 536536
  Refinable cell size statistics:
    Max:    0.075000
    Mean:   0.075000
    Min:    0.075000
    Median: 0.075000
  Refining 247500 cells...
    Refined: 247500 parent cells
    Created: 495000 child cells
    Total cells: 792036
    Refinement time: 0.008s
    Cumulative refined: 784036
  Rebuilding spatial index...
  Building spatial index for 792036 cells...
   Spatial index built in 0.18s
    Spatial index rebuilt in 0.181s
  Initializing 495000 new cells...
  Initializing 495000 new cells in parallel...
   Initialized in 0.00s (437682035.9 cells/s)
    Initialization completed in 0.001s
  Starting local value iteration...
  Reinitializing ALL 792036 cells (V = l)
   Reinitialized 792036 cells in 0.00s (367257172.7 cells/s)
  Local VI: updating all 792036 cells
    Conservative mode: True
    delta_max: 1e-08
    Max iterations: 100033
    Updating successor cache for 495000 updated cells...
    Updating successor cache for 495000 new cells (HYBRID)...
      Affected cells: 620666
   Trajectories + spatial queries computed in 0.44s (4274671.3 tasks/s)
    Breakdown: 44.1% ODE, 55.9% queries
     Cache updated in 0.50s (3707780.3 tasks/s)
    Local Iteration   1: ||V_upper^k - V_upper^k-1||_inf = 3.95601805137455864170, ||V_lower^k - V_lower^k-1||_inf = 3.80985383410615829902, delta^k = -3.80985383410615829902
    Local Iteration   2: ||V_upper^k - V_upper^k-1||_inf = 3.78547099647405449474, ||V_lower^k - V_lower^k-1||_inf = 3.44001942689599804481, delta^k = -3.44001942689599804481
    Local Iteration   3: ||V_upper^k - V_upper^k-1||_inf = 3.63405215661509206626, ||V_lower^k - V_lower^k-1||_inf = 3.23019150636249019470, delta^k = -3.23019150636249019470
    Local Iteration   4: ||V_upper^k - V_upper^k-1||_inf = 3.46943332469942156138, ||V_lower^k - V_lower^k-1||_inf = 3.00779269238787172469, delta^k = -3.00779269238787172469
    Local Iteration   5: ||V_upper^k - V_upper^k-1||_inf = 3.33065599171144466339, ||V_lower^k - V_lower^k-1||_inf = 2.77417360158268078152, delta^k = -2.77417360158268078152
    Local Iteration   6: ||V_upper^k - V_upper^k-1||_inf = 3.19742975204298662817, ||V_lower^k - V_lower^k-1||_inf = 2.59381158656921106953, delta^k = -2.59381158656921106953
    Local Iteration   7: ||V_upper^k - V_upper^k-1||_inf = 3.06953256196126700317, ||V_lower^k - V_lower^k-1||_inf = 2.33838820798057600570, delta^k = -2.33838820798057600570
    Local Iteration   8: ||V_upper^k - V_upper^k-1||_inf = 2.94675125948281646515, ||V_lower^k - V_lower^k-1||_inf = 2.20184078819101713975, delta^k = -2.20184078819101713975
    Local Iteration   9: ||V_upper^k - V_upper^k-1||_inf = 2.81835621640053757275, ||V_lower^k - V_lower^k-1||_inf = 1.92858391762484870924, delta^k = -1.92858391762484870924
    Local Iteration  10: ||V_upper^k - V_upper^k-1||_inf = 2.65712051677449334619, ||V_lower^k - V_lower^k-1||_inf = 1.75567780556510766310, delta^k = -1.75567780556510766310
    Local Iteration  11: ||V_upper^k - V_upper^k-1||_inf = 2.42409094490435883529, ||V_lower^k - V_lower^k-1||_inf = 1.59906571970075050970, delta^k = -1.59906571970075050970
    Local Iteration  12: ||V_upper^k - V_upper^k-1||_inf = 2.18698886500166667091, ||V_lower^k - V_lower^k-1||_inf = 1.26627718542467193608, delta^k = -1.26627718542467193608
    Local Iteration  13: ||V_upper^k - V_upper^k-1||_inf = 1.95099889812886040374, ||V_lower^k - V_lower^k-1||_inf = 0.92776482911033619772, delta^k = -0.92776482911033619772
    Local Iteration  14: ||V_upper^k - V_upper^k-1||_inf = 0.63056664253222338701, ||V_lower^k - V_lower^k-1||_inf = 0.56852379636966909882, delta^k = -0.56852379636966909882
    Local Iteration  15: ||V_upper^k - V_upper^k-1||_inf = 0.60534397683093454923, ||V_lower^k - V_lower^k-1||_inf = 0.34815880905951573920, delta^k = -0.34815880905951573920
    Local Iteration  16: ||V_upper^k - V_upper^k-1||_inf = 0.58113021775769713173, ||V_lower^k - V_lower^k-1||_inf = 0.32718081247956881663, delta^k = -0.32718081247956881663
    Local Iteration  17: ||V_upper^k - V_upper^k-1||_inf = 0.53498547682705743789, ||V_lower^k - V_lower^k-1||_inf = 0.25317529667190497022, delta^k = -0.25317529667190497022
    Local Iteration  18: ||V_upper^k - V_upper^k-1||_inf = 0.47358538834960861585, ||V_lower^k - V_lower^k-1||_inf = 0.24304828480502871368, delta^k = -0.24304828480502871368
    Local Iteration  19: ||V_upper^k - V_upper^k-1||_inf = 0.40260988402250230678, ||V_lower^k - V_lower^k-1||_inf = 0.23332635341282753627, delta^k = -0.23332635341282753627
    Local Iteration  20: ||V_upper^k - V_upper^k-1||_inf = 0.29783169648391050188, ||V_lower^k - V_lower^k-1||_inf = 0.20975997683893249368, delta^k = -0.20975997683893249368
    Local Iteration  21: ||V_upper^k - V_upper^k-1||_inf = 0.26206474922837497132, ||V_lower^k - V_lower^k-1||_inf = 0.20136957776537517395, delta^k = -0.20136957776537517395
    Local Iteration  22: ||V_upper^k - V_upper^k-1||_inf = 0.22575160314802156236, ||V_lower^k - V_lower^k-1||_inf = 0.19331479465476020252, delta^k = -0.19331479465476020252
    Local Iteration  23: ||V_upper^k - V_upper^k-1||_inf = 0.21151161367298731975, ||V_lower^k - V_lower^k-1||_inf = 0.18558220286856980108, delta^k = -0.18558220286856980108
    Local Iteration  24: ||V_upper^k - V_upper^k-1||_inf = 0.20305114912606769817, ||V_lower^k - V_lower^k-1||_inf = 0.17815891475382700238, delta^k = -0.17815891475382700238
    Local Iteration  25: ||V_upper^k - V_upper^k-1||_inf = 0.19492910316102485258, ||V_lower^k - V_lower^k-1||_inf = 0.17103255816367390896, delta^k = -0.17103255816367390896
    Local Iteration  26: ||V_upper^k - V_upper^k-1||_inf = 0.17118619481775276814, ||V_lower^k - V_lower^k-1||_inf = 0.16419125583712690375, delta^k = -0.16419125583712690375
    Local Iteration  27: ||V_upper^k - V_upper^k-1||_inf = 0.14230647290693620999, ||V_lower^k - V_lower^k-1||_inf = 0.15762360560364180317, delta^k = -0.15762360560364180317
    Local Iteration  28: ||V_upper^k - V_upper^k-1||_inf = 0.12204014905517923673, ||V_lower^k - V_lower^k-1||_inf = 0.15131866137949612217, delta^k = -0.15131866137949612217
    Local Iteration  29: ||V_upper^k - V_upper^k-1||_inf = 0.09537902866414493808, ||V_lower^k - V_lower^k-1||_inf = 0.14526591492431623065, delta^k = -0.14526591492431623065
    Local Iteration  30: ||V_upper^k - V_upper^k-1||_inf = 0.08718016276618101301, ||V_lower^k - V_lower^k-1||_inf = 0.13945527832734361251, delta^k = -0.13945527832734361251
    Local Iteration  31: ||V_upper^k - V_upper^k-1||_inf = 0.07638101282380316270, ||V_lower^k - V_lower^k-1||_inf = 0.13387706719424988244, delta^k = -0.13387706719424988244
    Local Iteration  32: ||V_upper^k - V_upper^k-1||_inf = 0.06091265783771593334, ||V_lower^k - V_lower^k-1||_inf = 0.12852198450647986383, delta^k = -0.12852198450647986383
    Local Iteration  33: ||V_upper^k - V_upper^k-1||_inf = 0.04708359864182576349, ||V_lower^k - V_lower^k-1||_inf = 0.12338110512622063597, delta^k = -0.12338110512622063597
    Local Iteration  34: ||V_upper^k - V_upper^k-1||_inf = 0.03786014497488587871, ||V_lower^k - V_lower^k-1||_inf = 0.08222195281591698768, delta^k = -0.08222195281591698768
    Local Iteration  35: ||V_upper^k - V_upper^k-1||_inf = 0.03239072744215210076, ||V_lower^k - V_lower^k-1||_inf = 0.07893307470328031483, delta^k = -0.07893307470328031483
    Local Iteration  36: ||V_upper^k - V_upper^k-1||_inf = 0.03109509834446599896, ||V_lower^k - V_lower^k-1||_inf = 0.07131845788655502560, delta^k = -0.07131845788655502560
    Local Iteration  37: ||V_upper^k - V_upper^k-1||_inf = 0.02985129441068734568, ||V_lower^k - V_lower^k-1||_inf = 0.06846571957109282014, delta^k = -0.06846571957109282014
    Local Iteration  38: ||V_upper^k - V_upper^k-1||_inf = 0.02865724263425983853, ||V_lower^k - V_lower^k-1||_inf = 0.06572709078824909290, delta^k = -0.06572709078824909290
    Local Iteration  39: ||V_upper^k - V_upper^k-1||_inf = 0.02751095292888949828, ||V_lower^k - V_lower^k-1||_inf = 0.06309800715671914917, delta^k = -0.06309800715671914917
    Local Iteration  40: ||V_upper^k - V_upper^k-1||_inf = 0.02641051481173395388, ||V_lower^k - V_lower^k-1||_inf = 0.06057408687045037765, delta^k = -0.06057408687045037765
    Local Iteration  41: ||V_upper^k - V_upper^k-1||_inf = 0.02535409421926460016, ||V_lower^k - V_lower^k-1||_inf = 0.05815112339563235921, delta^k = -0.05815112339563235921
    Local Iteration  42: ||V_upper^k - V_upper^k-1||_inf = 0.02433993045049398507, ||V_lower^k - V_lower^k-1||_inf = 0.05582507845980705374, delta^k = -0.05582507845980705374
    Local Iteration  43: ||V_upper^k - V_upper^k-1||_inf = 0.02132817783168150516, ||V_lower^k - V_lower^k-1||_inf = 0.05359207532141477270, delta^k = -0.05359207532141477270
    Local Iteration  44: ||V_upper^k - V_upper^k-1||_inf = 0.02047505071841421165, ||V_lower^k - V_lower^k-1||_inf = 0.05144839230855818846, delta^k = -0.05144839230855818846
    Local Iteration  45: ||V_upper^k - V_upper^k-1||_inf = 0.01965604868967762986, ||V_lower^k - V_lower^k-1||_inf = 0.04939045661621586925, delta^k = -0.04939045661621586925
    Local Iteration  46: ||V_upper^k - V_upper^k-1||_inf = 0.01886980674209054465, ||V_lower^k - V_lower^k-1||_inf = 0.04741483835156723448, delta^k = -0.04741483835156723448
    Local Iteration  47: ||V_upper^k - V_upper^k-1||_inf = 0.01811501447240693174, ||V_lower^k - V_lower^k-1||_inf = 0.04551824481750454954, delta^k = -0.04551824481750454954
    Local Iteration  48: ||V_upper^k - V_upper^k-1||_inf = 0.01739041389351064781, ||V_lower^k - V_lower^k-1||_inf = 0.04369751502480435923, delta^k = -0.04369751502480435923
    Local Iteration  49: ||V_upper^k - V_upper^k-1||_inf = 0.01669479733777018415, ||V_lower^k - V_lower^k-1||_inf = 0.04194961442381217598, delta^k = -0.04194961442381217598
    Local Iteration  50: ||V_upper^k - V_upper^k-1||_inf = 0.01602700544425939011, ||V_lower^k - V_lower^k-1||_inf = 0.04027162984685968283, delta^k = -0.04027162984685968283
    Local Iteration  51: ||V_upper^k - V_upper^k-1||_inf = 0.01538592522648901673, ||V_lower^k - V_lower^k-1||_inf = 0.03866076465298529108, delta^k = -0.03866076465298529108
    Local Iteration  52: ||V_upper^k - V_upper^k-1||_inf = 0.01477048821742948936, ||V_lower^k - V_lower^k-1||_inf = 0.03711433406686587277, delta^k = -0.03711433406686587277
    Local Iteration  53: ||V_upper^k - V_upper^k-1||_inf = 0.01417966868873227204, ||V_lower^k - V_lower^k-1||_inf = 0.03562976070419122954, delta^k = -0.03562976070419122954
    Local Iteration  54: ||V_upper^k - V_upper^k-1||_inf = 0.01361248194118297450, ||V_lower^k - V_lower^k-1||_inf = 0.03420457027602358258, delta^k = -0.03420457027602358258
    Local Iteration  55: ||V_upper^k - V_upper^k-1||_inf = 0.01306798266353564886, ||V_lower^k - V_lower^k-1||_inf = 0.03283638746498263039, delta^k = -0.03283638746498263039
    Local Iteration  56: ||V_upper^k - V_upper^k-1||_inf = 0.01254526335699424067, ||V_lower^k - V_lower^k-1||_inf = 0.03152293196638332462, delta^k = -0.03152293196638332462
    Local Iteration  57: ||V_upper^k - V_upper^k-1||_inf = 0.01204345282271446216, ||V_lower^k - V_lower^k-1||_inf = 0.03026201468772800329, delta^k = -0.03026201468772800329
    Local Iteration  58: ||V_upper^k - V_upper^k-1||_inf = 0.01156171470980588145, ||V_lower^k - V_lower^k-1||_inf = 0.02905153410021887872, delta^k = -0.02905153410021887872
    Local Iteration  59: ||V_upper^k - V_upper^k-1||_inf = 0.01109924612141366396, ||V_lower^k - V_lower^k-1||_inf = 0.02788947273621011913, delta^k = -0.02788947273621011913
    Local Iteration  60: ||V_upper^k - V_upper^k-1||_inf = 0.01065527627655710186, ||V_lower^k - V_lower^k-1||_inf = 0.02677389382676170770, delta^k = -0.02677389382676170770
    Local Iteration  61: ||V_upper^k - V_upper^k-1||_inf = 0.01022906522549482666, ||V_lower^k - V_lower^k-1||_inf = 0.02570293807369122829, delta^k = -0.02570293807369122829
    Local Iteration  62: ||V_upper^k - V_upper^k-1||_inf = 0.00981990261647502916, ||V_lower^k - V_lower^k-1||_inf = 0.02467482055074358277, delta^k = -0.02467482055074358277
    Local Iteration  63: ||V_upper^k - V_upper^k-1||_inf = 0.00942710651181602466, ||V_lower^k - V_lower^k-1||_inf = 0.02368782772871384085, delta^k = -0.02368782772871384085
    Local Iteration  64: ||V_upper^k - V_upper^k-1||_inf = 0.00905002225134338145, ||V_lower^k - V_lower^k-1||_inf = 0.02274031461956527861, delta^k = -0.02274031461956527861
    Local Iteration  65: ||V_upper^k - V_upper^k-1||_inf = 0.00868802136128965508, ||V_lower^k - V_lower^k-1||_inf = 0.01885419060480972298, delta^k = -0.01885419060480972298
    Local Iteration  66: ||V_upper^k - V_upper^k-1||_inf = 0.00834050050683807220, ||V_lower^k - V_lower^k-1||_inf = 0.01796087898306526071, delta^k = -0.01796087898306526071
    Local Iteration  67: ||V_upper^k - V_upper^k-1||_inf = 0.00502834305889007793, ||V_lower^k - V_lower^k-1||_inf = 0.01456656296345854029, delta^k = -0.01456656296345854029
    Local Iteration  68: ||V_upper^k - V_upper^k-1||_inf = 0.00000000000000000000, ||V_lower^k - V_lower^k-1||_inf = 0.01398390044492019840, delta^k = -0.01398390044492019840
    Local Iteration  69: ||V_upper^k - V_upper^k-1||_inf = 0.00000000000000000000, ||V_lower^k - V_lower^k-1||_inf = 0.01261723741222897655, delta^k = -0.01261723741222897655
    Local Iteration  70: ||V_upper^k - V_upper^k-1||_inf = 0.00000000000000000000, ||V_lower^k - V_lower^k-1||_inf = 0.01211254791573981859, delta^k = -0.01211254791573981859
    Local Iteration  71: ||V_upper^k - V_upper^k-1||_inf = 0.00000000000000000000, ||V_lower^k - V_lower^k-1||_inf = 0.01162804599911022169, delta^k = -0.01162804599911022169
    Local Iteration  72: ||V_upper^k - V_upper^k-1||_inf = 0.00000000000000000000, ||V_lower^k - V_lower^k-1||_inf = 0.01116292415914581226, delta^k = -0.01116292415914581226
    Local Iteration  73: ||V_upper^k - V_upper^k-1||_inf = 0.00000000000000000000, ||V_lower^k - V_lower^k-1||_inf = 0.01071640719277997672, delta^k = -0.01071640719277997672
    Local Iteration  74: ||V_upper^k - V_upper^k-1||_inf = 0.00000000000000000000, ||V_lower^k - V_lower^k-1||_inf = 0.01028775090506877862, delta^k = -0.01028775090506877862
    Local Iteration  75: ||V_upper^k - V_upper^k-1||_inf = 0.00000000000000000000, ||V_lower^k - V_lower^k-1||_inf = 0.00987624086886602914, delta^k = -0.00987624086886602914
    Local Iteration  76: ||V_upper^k - V_upper^k-1||_inf = 0.00000000000000000000, ||V_lower^k - V_lower^k-1||_inf = 0.00897920152414376921, delta^k = -0.00897920152414376921
    Local Iteration  77: ||V_upper^k - V_upper^k-1||_inf = 0.00000000000000000000, ||V_lower^k - V_lower^k-1||_inf = 0.00862003346317801941, delta^k = -0.00862003346317801941
    Local Iteration  78: ||V_upper^k - V_upper^k-1||_inf = 0.00000000000000000000, ||V_lower^k - V_lower^k-1||_inf = 0.00688269589890000769, delta^k = -0.00688269589890000769
    Local Iteration  79: ||V_upper^k - V_upper^k-1||_inf = 0.00000000000000000000, ||V_lower^k - V_lower^k-1||_inf = 0.00660738806294400988, delta^k = -0.00660738806294400988
    Local Iteration  80: ||V_upper^k - V_upper^k-1||_inf = 0.00000000000000000000, ||V_lower^k - V_lower^k-1||_inf = 0.00596626352746146976, delta^k = -0.00596626352746146976
    Local Iteration  81: ||V_upper^k - V_upper^k-1||_inf = 0.00000000000000000000, ||V_lower^k - V_lower^k-1||_inf = 0.00572761298636301208, delta^k = -0.00572761298636301208
    Local Iteration  82: ||V_upper^k - V_upper^k-1||_inf = 0.00000000000000000000, ||V_lower^k - V_lower^k-1||_inf = 0.00549850846690849368, delta^k = -0.00549850846690849368
    Local Iteration  83: ||V_upper^k - V_upper^k-1||_inf = 0.00000000000000000000, ||V_lower^k - V_lower^k-1||_inf = 0.00452194374370618393, delta^k = -0.00452194374370618393
    Local Iteration  84: ||V_upper^k - V_upper^k-1||_inf = 0.00000000000000000000, ||V_lower^k - V_lower^k-1||_inf = 0.00434106599395793838, delta^k = -0.00434106599395793838
    Local Iteration  85: ||V_upper^k - V_upper^k-1||_inf = 0.00000000000000000000, ||V_lower^k - V_lower^k-1||_inf = 0.00416742335419962098, delta^k = -0.00416742335419962098
    Local Iteration  86: ||V_upper^k - V_upper^k-1||_inf = 0.00000000000000000000, ||V_lower^k - V_lower^k-1||_inf = 0.00311928978183460132, delta^k = -0.00311928978183460132
    Local Iteration  87: ||V_upper^k - V_upper^k-1||_inf = 0.00000000000000000000, ||V_lower^k - V_lower^k-1||_inf = 0.00299451819056121421, delta^k = -0.00299451819056121421
    Local Iteration  88: ||V_upper^k - V_upper^k-1||_inf = 0.00000000000000000000, ||V_lower^k - V_lower^k-1||_inf = 0.00283384893574841965, delta^k = -0.00283384893574841965
    Local Iteration  89: ||V_upper^k - V_upper^k-1||_inf = 0.00000000000000000000, ||V_lower^k - V_lower^k-1||_inf = 0.00272049497831848217, delta^k = -0.00272049497831848217
    Local Iteration  90: ||V_upper^k - V_upper^k-1||_inf = 0.00000000000000000000, ||V_lower^k - V_lower^k-1||_inf = 0.00261167517918574343, delta^k = -0.00261167517918574343
    Local Iteration  91: ||V_upper^k - V_upper^k-1||_inf = 0.00000000000000000000, ||V_lower^k - V_lower^k-1||_inf = 0.00250720817201831141, delta^k = -0.00250720817201831141
    Local Iteration  92: ||V_upper^k - V_upper^k-1||_inf = 0.00000000000000000000, ||V_lower^k - V_lower^k-1||_inf = 0.00240691984513758013, delta^k = -0.00240691984513758013
    Local Iteration  93: ||V_upper^k - V_upper^k-1||_inf = 0.00000000000000000000, ||V_lower^k - V_lower^k-1||_inf = 0.00231064305133207512, delta^k = -0.00231064305133207512
    Local Iteration  94: ||V_upper^k - V_upper^k-1||_inf = 0.00000000000000000000, ||V_lower^k - V_lower^k-1||_inf = 0.00221821732927879323, delta^k = -0.00221821732927879323
    Local Iteration  95: ||V_upper^k - V_upper^k-1||_inf = 0.00000000000000000000, ||V_lower^k - V_lower^k-1||_inf = 0.00212948863610764108, delta^k = -0.00212948863610764108
    Local Iteration  96: ||V_upper^k - V_upper^k-1||_inf = 0.00000000000000000000, ||V_lower^k - V_lower^k-1||_inf = 0.00204430909066333558, delta^k = -0.00204430909066333558
    Local Iteration  97: ||V_upper^k - V_upper^k-1||_inf = 0.00000000000000000000, ||V_lower^k - V_lower^k-1||_inf = 0.00196253672703680312, delta^k = -0.00196253672703680312
    Local Iteration  98: ||V_upper^k - V_upper^k-1||_inf = 0.00000000000000000000, ||V_lower^k - V_lower^k-1||_inf = 0.00188403525795533162, delta^k = -0.00188403525795533162
    Local Iteration  99: ||V_upper^k - V_upper^k-1||_inf = 0.00000000000000000000, ||V_lower^k - V_lower^k-1||_inf = 0.00180867384763711871, delta^k = -0.00180867384763711871
    Local Iteration 100: ||V_upper^k - V_upper^k-1||_inf = 0.00000000000000000000, ||V_lower^k - V_lower^k-1||_inf = 0.00173632689373163368, delta^k = -0.00173632689373163368
    Local Iteration 101: ||V_upper^k - V_upper^k-1||_inf = 0.00000000000000000000, ||V_lower^k - V_lower^k-1||_inf = 0.00166687381798236861, delta^k = -0.00166687381798236861
    Local Iteration 102: ||V_upper^k - V_upper^k-1||_inf = 0.00000000000000000000, ||V_lower^k - V_lower^k-1||_inf = 0.00160019886526307359, delta^k = -0.00160019886526307359
    Local Iteration 103: ||V_upper^k - V_upper^k-1||_inf = 0.00000000000000000000, ||V_lower^k - V_lower^k-1||_inf = 0.00153619091065254967, delta^k = -0.00153619091065254967
    Local Iteration 104: ||V_upper^k - V_upper^k-1||_inf = 0.00000000000000000000, ||V_lower^k - V_lower^k-1||_inf = 0.00147474327422644769, delta^k = -0.00147474327422644769
    Local Iteration 105: ||V_upper^k - V_upper^k-1||_inf = 0.00000000000000000000, ||V_lower^k - V_lower^k-1||_inf = 0.00141575354325738922, delta^k = -0.00141575354325738922
    Local Iteration 106: ||V_upper^k - V_upper^k-1||_inf = 0.00000000000000000000, ||V_lower^k - V_lower^k-1||_inf = 0.00135912340152709483, delta^k = -0.00135912340152709483
    Local Iteration 107: ||V_upper^k - V_upper^k-1||_inf = 0.00000000000000000000, ||V_lower^k - V_lower^k-1||_inf = 0.00130475846546601083, delta^k = -0.00130475846546601083
    Local Iteration 108: ||V_upper^k - V_upper^k-1||_inf = 0.00000000000000000000, ||V_lower^k - V_lower^k-1||_inf = 0.00091390795381486589, delta^k = -0.00091390795381486589
    Local Iteration 109: ||V_upper^k - V_upper^k-1||_inf = 0.00000000000000000000, ||V_lower^k - V_lower^k-1||_inf = 0.00087735163566227126, delta^k = -0.00087735163566227126
    Local Iteration 110: ||V_upper^k - V_upper^k-1||_inf = 0.00000000000000000000, ||V_lower^k - V_lower^k-1||_inf = 0.00027409654914665321, delta^k = -0.00027409654914665321
    Local Iteration 111: ||V_upper^k - V_upper^k-1||_inf = 0.00000000000000000000, ||V_lower^k - V_lower^k-1||_inf = 0.00026313268718078722, delta^k = -0.00026313268718078722
    Local Iteration 112: ||V_upper^k - V_upper^k-1||_inf = 0.00000000000000000000, ||V_lower^k - V_lower^k-1||_inf = 0.00025260737969355542, delta^k = -0.00025260737969355542
    Local Iteration 113: ||V_upper^k - V_upper^k-1||_inf = 0.00000000000000000000, ||V_lower^k - V_lower^k-1||_inf = 0.00024250308450581362, delta^k = -0.00024250308450581362
    Local Iteration 114: ||V_upper^k - V_upper^k-1||_inf = 0.00000000000000000000, ||V_lower^k - V_lower^k-1||_inf = 0.00023280296112558087, delta^k = -0.00023280296112558087
    Local Iteration 115: ||V_upper^k - V_upper^k-1||_inf = 0.00000000000000000000, ||V_lower^k - V_lower^k-1||_inf = 0.00022349084268055795, delta^k = -0.00022349084268055795
    Local Iteration 116: ||V_upper^k - V_upper^k-1||_inf = 0.00000000000000000000, ||V_lower^k - V_lower^k-1||_inf = 0.00021455120897333549, delta^k = -0.00021455120897333549
    Local Iteration 117: ||V_upper^k - V_upper^k-1||_inf = 0.00000000000000000000, ||V_lower^k - V_lower^k-1||_inf = 0.00020596916061440228, delta^k = -0.00020596916061440228
    Local Iteration 118: ||V_upper^k - V_upper^k-1||_inf = 0.00000000000000000000, ||V_lower^k - V_lower^k-1||_inf = 0.00019773039418982587, delta^k = -0.00019773039418982587
    Local Iteration 119: ||V_upper^k - V_upper^k-1||_inf = 0.00000000000000000000, ||V_lower^k - V_lower^k-1||_inf = 0.00018982117842223246, delta^k = -0.00018982117842223246
    Local Iteration 120: ||V_upper^k - V_upper^k-1||_inf = 0.00000000000000000000, ||V_lower^k - V_lower^k-1||_inf = 0.00018222833128534333, delta^k = -0.00018222833128534333
    Local Iteration 121: ||V_upper^k - V_upper^k-1||_inf = 0.00000000000000000000, ||V_lower^k - V_lower^k-1||_inf = 0.00017493919803393022, delta^k = -0.00017493919803393022
    Local Iteration 122: ||V_upper^k - V_upper^k-1||_inf = 0.00000000000000000000, ||V_lower^k - V_lower^k-1||_inf = 0.00016794163011257281, delta^k = -0.00016794163011257281
    Local Iteration 123: ||V_upper^k - V_upper^k-1||_inf = 0.00000000000000000000, ||V_lower^k - V_lower^k-1||_inf = 0.00016122396490806951, delta^k = -0.00016122396490806951
    Local Iteration 124: ||V_upper^k - V_upper^k-1||_inf = 0.00000000000000000000, ||V_lower^k - V_lower^k-1||_inf = 0.00015477500631174692, delta^k = -0.00015477500631174692
    Local Iteration 125: ||V_upper^k - V_upper^k-1||_inf = 0.00000000000000000000, ||V_lower^k - V_lower^k-1||_inf = 0.00014858400605927699, delta^k = -0.00014858400605927699
    Local Iteration 126: ||V_upper^k - V_upper^k-1||_inf = 0.00000000000000000000, ||V_lower^k - V_lower^k-1||_inf = 0.00014264064581690590, delta^k = -0.00014264064581690590
    Local Iteration 127: ||V_upper^k - V_upper^k-1||_inf = 0.00000000000000000000, ||V_lower^k - V_lower^k-1||_inf = 0.00013693501998422990, delta^k = -0.00013693501998422990
    Local Iteration 128: ||V_upper^k - V_upper^k-1||_inf = 0.00000000000000000000, ||V_lower^k - V_lower^k-1||_inf = 0.00013145761918486069, delta^k = -0.00013145761918486069
    Local Iteration 129: ||V_upper^k - V_upper^k-1||_inf = 0.00000000000000000000, ||V_lower^k - V_lower^k-1||_inf = 0.00012619931441746604, delta^k = -0.00012619931441746604
    Local Iteration 130: ||V_upper^k - V_upper^k-1||_inf = 0.00000000000000000000, ||V_lower^k - V_lower^k-1||_inf = 0.00012115134184076740, delta^k = -0.00012115134184076740
    Local Iteration 131: ||V_upper^k - V_upper^k-1||_inf = 0.00000000000000000000, ||V_lower^k - V_lower^k-1||_inf = 0.00011630528816713656, delta^k = -0.00011630528816713656
    Local Iteration 132: ||V_upper^k - V_upper^k-1||_inf = 0.00000000000000000000, ||V_lower^k - V_lower^k-1||_inf = 0.00011165307664045112, delta^k = -0.00011165307664045112
    Local Iteration 133: ||V_upper^k - V_upper^k-1||_inf = 0.00000000000000000000, ||V_lower^k - V_lower^k-1||_inf = 0.00010718695357483324, delta^k = -0.00010718695357483324
    Local Iteration 134: ||V_upper^k - V_upper^k-1||_inf = 0.00000000000000000000, ||V_lower^k - V_lower^k-1||_inf = 0.00010289947543183978, delta^k = -0.00010289947543183978
    Local Iteration 135: ||V_upper^k - V_upper^k-1||_inf = 0.00000000000000000000, ||V_lower^k - V_lower^k-1||_inf = 0.00009878349641456643, delta^k = -0.00009878349641456643
    Local Iteration 136: ||V_upper^k - V_upper^k-1||_inf = 0.00000000000000000000, ||V_lower^k - V_lower^k-1||_inf = 0.00009483215655798358, delta^k = -0.00009483215655798358
    Local Iteration 137: ||V_upper^k - V_upper^k-1||_inf = 0.00000000000000000000, ||V_lower^k - V_lower^k-1||_inf = 0.00009103887029566441, delta^k = -0.00009103887029566441
    Local Iteration 138: ||V_upper^k - V_upper^k-1||_inf = 0.00000000000000000000, ||V_lower^k - V_lower^k-1||_inf = 0.00008739731548383775, delta^k = -0.00008739731548383775
    Local Iteration 139: ||V_upper^k - V_upper^k-1||_inf = 0.00000000000000000000, ||V_lower^k - V_lower^k-1||_inf = 0.00008390142286448425, delta^k = -0.00008390142286448425
    Local Iteration 140: ||V_upper^k - V_upper^k-1||_inf = 0.00000000000000000000, ||V_lower^k - V_lower^k-1||_inf = 0.00000362208303011317, delta^k = -0.00000362208303011317
    Local Iteration 141: ||V_upper^k - V_upper^k-1||_inf = 0.00000000000000000000, ||V_lower^k - V_lower^k-1||_inf = 0.00000000000000000000, delta^k = 0.00000000000000000000

============================================================
 CONSERVATIVE STOPPING CONDITION MET (Algorithm 3)
============================================================
  delta^k = 0.0000000000e+00 >= -delta_max
  ||V_upper^k - V_upper^k-1||_inf = 0.0000000000e+00 < 1e-08
  eps_cons = (0.96 * 0.0000000000e+00) / 0.04 = 0.0000000000e+00
  Correcting V_lower for 792036 cells: V_lower <- V_lower - eps_cons - eps_machine
   Conservative correction applied successfully
  Machine epsilon eps_machine = 2.220e-16
    Local VI completed in 141 iterations
    Final convergence values:
      ||V_upper^final - V_upper^prev||_inf = 0.00000000e+00
      ||V_lower^final - V_lower^prev||_inf = 0.00000000e+00
  Local VI completed in 141 iterations, time: 1.552s
    Final ||V_upper^k - V_upper^k-1||_inf = 0.00000000000000000000e+00
    Final ||V_lower^k - V_lower^k-1||_inf = 0.00000000000000000000e+00
  Saved visualization: /Users/i.k.tabbara/Documents/python directory/HSCC_2027/refactored_Implementations/results_hscc_2027_newbellmans_12workers/ra_discount/dubins_res20_eps0.05_dmin1e-08_dmax1e-08_gamma0.96_dt0.3_tau0.3_cons/value_function_phase_8_complete.png
  Phase 8 completed in 2.35s with 792036 leaf cells

Classification after phase 8:
  Safe:           272136 cells ( 34.4%),   52.0% of state space
  Unsafe:          44576 cells (  5.6%),   24.8% of state space
  Unclassified:   475324 cells ( 60.0%),   23.2% of state space

======================================================================
REFINEMENT PHASE 9
======================================================================
Boundary cells: 475324
  Refinable (>eta_min=0.017678): 475324
  Below threshold: 0
  Cumulative refined: 784036
  Refinable cell size statistics:
    Max:    0.075000
    Mean:   0.075000
    Min:    0.075000
    Median: 0.075000
  Refining 475324 cells...
    Refined: 475324 parent cells
    Created: 950648 child cells
    Total cells: 1267360
    Refinement time: 0.043s
    Cumulative refined: 1259360
  Rebuilding spatial index...
  Building spatial index for 1267360 cells...
   Spatial index built in 0.31s
    Spatial index rebuilt in 0.312s
  Initializing 950648 new cells...
  Initializing 950648 new cells in parallel...
   Initialized in 0.00s (410861655.2 cells/s)
    Initialization completed in 0.002s
  Starting local value iteration...
  Reinitializing ALL 1267360 cells (V = l)
   Reinitialized 1267360 cells in 0.00s (320755867.8 cells/s)
  Local VI: updating all 1267360 cells
    Conservative mode: True
    delta_max: 1e-08
    Max iterations: 100033
    Updating successor cache for 950648 updated cells...
    Updating successor cache for 950648 new cells (HYBRID)...
      Affected cells: 1087332
   Trajectories + spatial queries computed in 0.77s (4250288.5 tasks/s)
    Breakdown: 49.8% ODE, 50.2% queries
     Cache updated in 0.90s (3635335.7 tasks/s)
    Local Iteration   1: ||V_upper^k - V_upper^k-1||_inf = 3.95601805137455864170, ||V_lower^k - V_lower^k-1||_inf = 3.84835616446130002188, delta^k = -3.84835616446130002188
    Local Iteration   2: ||V_upper^k - V_upper^k-1||_inf = 3.78547099647405449474, ||V_lower^k - V_lower^k-1||_inf = 3.53808249262784979550, delta^k = -3.53808249262784979550
    Local Iteration   3: ||V_upper^k - V_upper^k-1||_inf = 3.63405215661509206626, ||V_lower^k - V_lower^k-1||_inf = 3.30009471890908390179, delta^k = -3.30009471890908390179
    Local Iteration   4: ||V_upper^k - V_upper^k-1||_inf = 3.46943332469942156138, ||V_lower^k - V_lower^k-1||_inf = 3.07651574088374646365, delta^k = -3.07651574088374646365
    Local Iteration   5: ||V_upper^k - V_upper^k-1||_inf = 3.33065599171144466339, ||V_lower^k - V_lower^k-1||_inf = 2.87684546811534103128, delta^k = -2.87684546811534103128
    Local Iteration   6: ||V_upper^k - V_upper^k-1||_inf = 3.19742975204298662817, ||V_lower^k - V_lower^k-1||_inf = 2.70009425732367791539, delta^k = -2.70009425732367791539
    Local Iteration   7: ||V_upper^k - V_upper^k-1||_inf = 3.06953256196126700317, ||V_lower^k - V_lower^k-1||_inf = 2.49145158431619906381, delta^k = -2.49145158431619906381
    Local Iteration   8: ||V_upper^k - V_upper^k-1||_inf = 2.94675125948281646515, ||V_lower^k - V_lower^k-1||_inf = 2.23138311244248344067, delta^k = -2.23138311244248344067
    Local Iteration   9: ||V_upper^k - V_upper^k-1||_inf = 2.81835621640053757275, ||V_lower^k - V_lower^k-1||_inf = 2.03149812040054289497, delta^k = -2.03149812040054289497
    Local Iteration  10: ||V_upper^k - V_upper^k-1||_inf = 2.65712051677449334619, ||V_lower^k - V_lower^k-1||_inf = 1.81731473102383622731, delta^k = -1.81731473102383622731
    Local Iteration  11: ||V_upper^k - V_upper^k-1||_inf = 2.42691254591180083366, ||V_lower^k - V_lower^k-1||_inf = 1.46157931156913512005, delta^k = -1.46157931156913512005
    Local Iteration  12: ||V_upper^k - V_upper^k-1||_inf = 2.18698886500166667091, ||V_lower^k - V_lower^k-1||_inf = 0.30775519647217430830, delta^k = -0.30775519647217430830
    Local Iteration  13: ||V_upper^k - V_upper^k-1||_inf = 1.95099889812886040374, ||V_lower^k - V_lower^k-1||_inf = 0.29544498861328738482, delta^k = -0.29544498861328738482
    Local Iteration  14: ||V_upper^k - V_upper^k-1||_inf = 1.68260672771522101776, ||V_lower^k - V_lower^k-1||_inf = 0.28362718906875583613, delta^k = -0.28362718906875583613
    Local Iteration  15: ||V_upper^k - V_upper^k-1||_inf = 0.58616096802098227592, ||V_lower^k - V_lower^k-1||_inf = 0.27228210150600562489, delta^k = -0.27228210150600562489
    Local Iteration  16: ||V_upper^k - V_upper^k-1||_inf = 0.55532507951384002531, ||V_lower^k - V_lower^k-1||_inf = 0.19254953288389209387, delta^k = -0.19254953288389209387
    Local Iteration  17: ||V_upper^k - V_upper^k-1||_inf = 0.50390173484252698266, ||V_lower^k - V_lower^k-1||_inf = 0.18484755156853638347, delta^k = -0.18484755156853638347
    Local Iteration  18: ||V_upper^k - V_upper^k-1||_inf = 0.44713527657444296359, ||V_lower^k - V_lower^k-1||_inf = 0.17340158512570424953, delta^k = -0.17340158512570424953
    Local Iteration  19: ||V_upper^k - V_upper^k-1||_inf = 0.38979915592018055115, ||V_lower^k - V_lower^k-1||_inf = 0.16646552172067607955, delta^k = -0.16646552172067607955
    Local Iteration  20: ||V_upper^k - V_upper^k-1||_inf = 0.32019163585756416079, ||V_lower^k - V_lower^k-1||_inf = 0.15980690085184912075, delta^k = -0.15980690085184912075
    Local Iteration  21: ||V_upper^k - V_upper^k-1||_inf = 0.30009741448611915171, ||V_lower^k - V_lower^k-1||_inf = 0.15341462481777512483, delta^k = -0.15341462481777512483
    Local Iteration  22: ||V_upper^k - V_upper^k-1||_inf = 0.27063889084523573558, ||V_lower^k - V_lower^k-1||_inf = 0.13953733894081787881, delta^k = -0.13953733894081787881
    Local Iteration  23: ||V_upper^k - V_upper^k-1||_inf = 0.23974203772186108985, ||V_lower^k - V_lower^k-1||_inf = 0.13184586109652440822, delta^k = -0.13184586109652440822
    Local Iteration  24: ||V_upper^k - V_upper^k-1||_inf = 0.21506764782014720083, ||V_lower^k - V_lower^k-1||_inf = 0.12077761123368718765, delta^k = -0.12077761123368718765
    Local Iteration  25: ||V_upper^k - V_upper^k-1||_inf = 0.19891398784636071806, ||V_lower^k - V_lower^k-1||_inf = 0.11338534727455390483, delta^k = -0.11338534727455390483
    Local Iteration  26: ||V_upper^k - V_upper^k-1||_inf = 0.17754160775956706608, ||V_lower^k - V_lower^k-1||_inf = 0.10727279923644827964, delta^k = -0.10727279923644827964
    Local Iteration  27: ||V_upper^k - V_upper^k-1||_inf = 0.14959574839316169825, ||V_lower^k - V_lower^k-1||_inf = 0.10298188726699036843, delta^k = -0.10298188726699036843
    Local Iteration  28: ||V_upper^k - V_upper^k-1||_inf = 0.12624717321050749064, ||V_lower^k - V_lower^k-1||_inf = 0.09886261177631072705, delta^k = -0.09886261177631072705
    Local Iteration  29: ||V_upper^k - V_upper^k-1||_inf = 0.11621895650037650238, ||V_lower^k - V_lower^k-1||_inf = 0.09490810730525831018, delta^k = -0.09490810730525831018
    Local Iteration  30: ||V_upper^k - V_upper^k-1||_inf = 0.11157019824036140676, ||V_lower^k - V_lower^k-1||_inf = 0.09111178301304800886, delta^k = -0.09111178301304800886
    Local Iteration  31: ||V_upper^k - V_upper^k-1||_inf = 0.10248772232490677148, ||V_lower^k - V_lower^k-1||_inf = 0.08746731169252608407, delta^k = -0.08746731169252608407
    Local Iteration  32: ||V_upper^k - V_upper^k-1||_inf = 0.09178711147498730405, ||V_lower^k - V_lower^k-1||_inf = 0.08396861922482501406, delta^k = -0.08396861922482501406
    Local Iteration  33: ||V_upper^k - V_upper^k-1||_inf = 0.07917922912156905024, ||V_lower^k - V_lower^k-1||_inf = 0.08060987445583203681, delta^k = -0.08060987445583203681
    Local Iteration  34: ||V_upper^k - V_upper^k-1||_inf = 0.07154982078814808855, ||V_lower^k - V_lower^k-1||_inf = 0.07738547947759877310, delta^k = -0.07738547947759877310
    Local Iteration  35: ||V_upper^k - V_upper^k-1||_inf = 0.06868782795662220497, ||V_lower^k - V_lower^k-1||_inf = 0.07429006029849483106, delta^k = -0.07429006029849483106
    Local Iteration  36: ||V_upper^k - V_upper^k-1||_inf = 0.05864249442925451028, ||V_lower^k - V_lower^k-1||_inf = 0.07131845788655502560, delta^k = -0.07131845788655502560
    Local Iteration  37: ||V_upper^k - V_upper^k-1||_inf = 0.04924966736761049457, ||V_lower^k - V_lower^k-1||_inf = 0.06846571957109282014, delta^k = -0.06846571957109282014
    Local Iteration  38: ||V_upper^k - V_upper^k-1||_inf = 0.02693519383564790814, ||V_lower^k - V_lower^k-1||_inf = 0.06572709078824909290, delta^k = -0.06572709078824909290
    Local Iteration  39: ||V_upper^k - V_upper^k-1||_inf = 0.02585778608222200070, ||V_lower^k - V_lower^k-1||_inf = 0.06309800715671914917, delta^k = -0.06309800715671914917
    Local Iteration  40: ||V_upper^k - V_upper^k-1||_inf = 0.02482347463893308515, ||V_lower^k - V_lower^k-1||_inf = 0.06057408687045037765, delta^k = -0.06057408687045037765
    Local Iteration  41: ||V_upper^k - V_upper^k-1||_inf = 0.02383053565337578394, ||V_lower^k - V_lower^k-1||_inf = 0.05815112339563235921, delta^k = -0.05815112339563235921
    Local Iteration  42: ||V_upper^k - V_upper^k-1||_inf = 0.02287731422724070818, ||V_lower^k - V_lower^k-1||_inf = 0.05582507845980705374, delta^k = -0.05582507845980705374
    Local Iteration  43: ||V_upper^k - V_upper^k-1||_inf = 0.02196222165815109317, ||V_lower^k - V_lower^k-1||_inf = 0.05359207532141477270, delta^k = -0.05359207532141477270
    Local Iteration  44: ||V_upper^k - V_upper^k-1||_inf = 0.02108373279182507165, ||V_lower^k - V_lower^k-1||_inf = 0.05144839230855818846, delta^k = -0.05144839230855818846
    Local Iteration  45: ||V_upper^k - V_upper^k-1||_inf = 0.02024038348015205768, ||V_lower^k - V_lower^k-1||_inf = 0.04939045661621586925, delta^k = -0.04939045661621586925
    Local Iteration  46: ||V_upper^k - V_upper^k-1||_inf = 0.01883164457712110940, ||V_lower^k - V_lower^k-1||_inf = 0.04741483835156723448, delta^k = -0.04741483835156723448
    Local Iteration  47: ||V_upper^k - V_upper^k-1||_inf = 0.01807837879403623171, ||V_lower^k - V_lower^k-1||_inf = 0.04551824481750454954, delta^k = -0.04551824481750454954
    Local Iteration  48: ||V_upper^k - V_upper^k-1||_inf = 0.01735524364227480909, ||V_lower^k - V_lower^k-1||_inf = 0.04369751502480435923, delta^k = -0.04369751502480435923
    Local Iteration  49: ||V_upper^k - V_upper^k-1||_inf = 0.01666103389658379896, ||V_lower^k - V_lower^k-1||_inf = 0.04194961442381217598, delta^k = -0.04194961442381217598
    Local Iteration  50: ||V_upper^k - V_upper^k-1||_inf = 0.01599459254072044256, ||V_lower^k - V_lower^k-1||_inf = 0.04027162984685968283, delta^k = -0.04027162984685968283
    Local Iteration  51: ||V_upper^k - V_upper^k-1||_inf = 0.01535480883909162708, ||V_lower^k - V_lower^k-1||_inf = 0.03866076465298529108, delta^k = -0.03866076465298529108
    Local Iteration  52: ||V_upper^k - V_upper^k-1||_inf = 0.01474061648552793535, ||V_lower^k - V_lower^k-1||_inf = 0.03711433406686587277, delta^k = -0.03711433406686587277
    Local Iteration  53: ||V_upper^k - V_upper^k-1||_inf = 0.01415099182610685125, ||V_lower^k - V_lower^k-1||_inf = 0.03562976070419122954, delta^k = -0.03562976070419122954
    Local Iteration  54: ||V_upper^k - V_upper^k-1||_inf = 0.01358495215306254611, ||V_lower^k - V_lower^k-1||_inf = 0.03420457027602358258, delta^k = -0.03420457027602358258
    Local Iteration  55: ||V_upper^k - V_upper^k-1||_inf = 0.01304155406694007535, ||V_lower^k - V_lower^k-1||_inf = 0.03283638746498263039, delta^k = -0.03283638746498263039
    Local Iteration  56: ||V_upper^k - V_upper^k-1||_inf = 0.01251989190426244791, ||V_lower^k - V_lower^k-1||_inf = 0.03152293196638332462, delta^k = -0.03152293196638332462
    Local Iteration  57: ||V_upper^k - V_upper^k-1||_inf = 0.01201909622809194111, ||V_lower^k - V_lower^k-1||_inf = 0.03026201468772800329, delta^k = -0.03026201468772800329
    Local Iteration  58: ||V_upper^k - V_upper^k-1||_inf = 0.01153833237896828567, ||V_lower^k - V_lower^k-1||_inf = 0.02905153410021887872, delta^k = -0.02905153410021887872
    Local Iteration  59: ||V_upper^k - V_upper^k-1||_inf = 0.01107679908380954092, ||V_lower^k - V_lower^k-1||_inf = 0.02788947273621011913, delta^k = -0.02788947273621011913
    Local Iteration  60: ||V_upper^k - V_upper^k-1||_inf = 0.01063372712045718149, ||V_lower^k - V_lower^k-1||_inf = 0.02677389382676170770, delta^k = -0.02677389382676170770
    Local Iteration  61: ||V_upper^k - V_upper^k-1||_inf = 0.01020837803563887092, ||V_lower^k - V_lower^k-1||_inf = 0.02570293807369122829, delta^k = -0.02570293807369122829
    Local Iteration  62: ||V_upper^k - V_upper^k-1||_inf = 0.00980004291421332496, ||V_lower^k - V_lower^k-1||_inf = 0.02467482055074358277, delta^k = -0.02467482055074358277
    Local Iteration  63: ||V_upper^k - V_upper^k-1||_inf = 0.00940804119764479529, ||V_lower^k - V_lower^k-1||_inf = 0.02368782772871384085, delta^k = -0.02368782772871384085
    Local Iteration  64: ||V_upper^k - V_upper^k-1||_inf = 0.00903171954973899793, ||V_lower^k - V_lower^k-1||_inf = 0.02274031461956527861, delta^k = -0.02274031461956527861
    Local Iteration  65: ||V_upper^k - V_upper^k-1||_inf = 0.00867045076774944357, ||V_lower^k - V_lower^k-1||_inf = 0.02183070203478267024, delta^k = -0.02183070203478267024
    Local Iteration  66: ||V_upper^k - V_upper^k-1||_inf = 0.00832363273703945472, ||V_lower^k - V_lower^k-1||_inf = 0.02095747395339136315, delta^k = -0.02095747395339136315
    Local Iteration  67: ||V_upper^k - V_upper^k-1||_inf = 0.00799068742755787431, ||V_lower^k - V_lower^k-1||_inf = 0.02011917499525570086, delta^k = -0.02011917499525570086
    Local Iteration  68: ||V_upper^k - V_upper^k-1||_inf = 0.00443857592037472104, ||V_lower^k - V_lower^k-1||_inf = 0.01931440799544548170, delta^k = -0.01931440799544548170
    Local Iteration  69: ||V_upper^k - V_upper^k-1||_inf = 0.00000000000000000000, ||V_lower^k - V_lower^k-1||_inf = 0.01854183167562765966, delta^k = -0.01854183167562765966
    Local Iteration  70: ||V_upper^k - V_upper^k-1||_inf = 0.00000000000000000000, ||V_lower^k - V_lower^k-1||_inf = 0.01780015840860255105, delta^k = -0.01780015840860255105
    Local Iteration  71: ||V_upper^k - V_upper^k-1||_inf = 0.00000000000000000000, ||V_lower^k - V_lower^k-1||_inf = 0.01708815207225845151, delta^k = -0.01708815207225845151
    Local Iteration  72: ||V_upper^k - V_upper^k-1||_inf = 0.00000000000000000000, ||V_lower^k - V_lower^k-1||_inf = 0.01640462598936810734, delta^k = -0.01640462598936810734
    Local Iteration  73: ||V_upper^k - V_upper^k-1||_inf = 0.00000000000000000000, ||V_lower^k - V_lower^k-1||_inf = 0.01574844094979337833, delta^k = -0.01574844094979337833
    Local Iteration  74: ||V_upper^k - V_upper^k-1||_inf = 0.00000000000000000000, ||V_lower^k - V_lower^k-1||_inf = 0.01511850331180164542, delta^k = -0.01511850331180164542
    Local Iteration  75: ||V_upper^k - V_upper^k-1||_inf = 0.00000000000000000000, ||V_lower^k - V_lower^k-1||_inf = 0.01451376317932957793, delta^k = -0.01451376317932957793
    Local Iteration  76: ||V_upper^k - V_upper^k-1||_inf = 0.00000000000000000000, ||V_lower^k - V_lower^k-1||_inf = 0.01393321265215639870, delta^k = -0.01393321265215639870
    Local Iteration  77: ||V_upper^k - V_upper^k-1||_inf = 0.00000000000000000000, ||V_lower^k - V_lower^k-1||_inf = 0.01337588414607013970, delta^k = -0.01337588414607013970
    Local Iteration  78: ||V_upper^k - V_upper^k-1||_inf = 0.00000000000000000000, ||V_lower^k - V_lower^k-1||_inf = 0.01284084878022732912, delta^k = -0.01284084878022732912
    Local Iteration  79: ||V_upper^k - V_upper^k-1||_inf = 0.00000000000000000000, ||V_lower^k - V_lower^k-1||_inf = 0.01232721482901823207, delta^k = -0.01232721482901823207
    Local Iteration  80: ||V_upper^k - V_upper^k-1||_inf = 0.00000000000000000000, ||V_lower^k - V_lower^k-1||_inf = 0.01183412623585750056, delta^k = -0.01183412623585750056
    Local Iteration  81: ||V_upper^k - V_upper^k-1||_inf = 0.00000000000000000000, ||V_lower^k - V_lower^k-1||_inf = 0.01136076118642320026, delta^k = -0.01136076118642320026
    Local Iteration  82: ||V_upper^k - V_upper^k-1||_inf = 0.00000000000000000000, ||V_lower^k - V_lower^k-1||_inf = 0.01090633073896627586, delta^k = -0.01090633073896627586
    Local Iteration  83: ||V_upper^k - V_upper^k-1||_inf = 0.00000000000000000000, ||V_lower^k - V_lower^k-1||_inf = 0.01047007750940762497, delta^k = -0.01047007750940762497
    Local Iteration  84: ||V_upper^k - V_upper^k-1||_inf = 0.00000000000000000000, ||V_lower^k - V_lower^k-1||_inf = 0.01005127440903132163, delta^k = -0.01005127440903132163
    Local Iteration  85: ||V_upper^k - V_upper^k-1||_inf = 0.00000000000000000000, ||V_lower^k - V_lower^k-1||_inf = 0.00964922343267006488, delta^k = -0.00964922343267006488
    Local Iteration  86: ||V_upper^k - V_upper^k-1||_inf = 0.00000000000000000000, ||V_lower^k - V_lower^k-1||_inf = 0.00926325449536326631, delta^k = -0.00926325449536326631
    Local Iteration  87: ||V_upper^k - V_upper^k-1||_inf = 0.00000000000000000000, ||V_lower^k - V_lower^k-1||_inf = 0.00889272431554873413, delta^k = -0.00889272431554873413
    Local Iteration  88: ||V_upper^k - V_upper^k-1||_inf = 0.00000000000000000000, ||V_lower^k - V_lower^k-1||_inf = 0.00853701534292678269, delta^k = -0.00853701534292678269
    Local Iteration  89: ||V_upper^k - V_upper^k-1||_inf = 0.00000000000000000000, ||V_lower^k - V_lower^k-1||_inf = 0.00819553472920971082, delta^k = -0.00819553472920971082
    Local Iteration  90: ||V_upper^k - V_upper^k-1||_inf = 0.00000000000000000000, ||V_lower^k - V_lower^k-1||_inf = 0.00786771334004132336, delta^k = -0.00786771334004132336
    Local Iteration  91: ||V_upper^k - V_upper^k-1||_inf = 0.00000000000000000000, ||V_lower^k - V_lower^k-1||_inf = 0.00755300480643967057, delta^k = -0.00755300480643967057
    Local Iteration  92: ||V_upper^k - V_upper^k-1||_inf = 0.00000000000000000000, ||V_lower^k - V_lower^k-1||_inf = 0.00725088461418208277, delta^k = -0.00725088461418208277
    Local Iteration  93: ||V_upper^k - V_upper^k-1||_inf = 0.00000000000000000000, ||V_lower^k - V_lower^k-1||_inf = 0.00696084922961480099, delta^k = -0.00696084922961480099
    Local Iteration  94: ||V_upper^k - V_upper^k-1||_inf = 0.00000000000000000000, ||V_lower^k - V_lower^k-1||_inf = 0.00668241526043020923, delta^k = -0.00668241526043020923
    Local Iteration  95: ||V_upper^k - V_upper^k-1||_inf = 0.00000000000000000000, ||V_lower^k - V_lower^k-1||_inf = 0.00641511865001300266, delta^k = -0.00641511865001300266
    Local Iteration  96: ||V_upper^k - V_upper^k-1||_inf = 0.00000000000000000000, ||V_lower^k - V_lower^k-1||_inf = 0.00615851390401248207, delta^k = -0.00615851390401248207
    Local Iteration  97: ||V_upper^k - V_upper^k-1||_inf = 0.00000000000000000000, ||V_lower^k - V_lower^k-1||_inf = 0.00591217334785198133, delta^k = -0.00591217334785198133
    Local Iteration  98: ||V_upper^k - V_upper^k-1||_inf = 0.00000000000000000000, ||V_lower^k - V_lower^k-1||_inf = 0.00567568641393790228, delta^k = -0.00567568641393790228
    Local Iteration  99: ||V_upper^k - V_upper^k-1||_inf = 0.00000000000000000000, ||V_lower^k - V_lower^k-1||_inf = 0.00544865895738038536, delta^k = -0.00544865895738038536
    Local Iteration 100: ||V_upper^k - V_upper^k-1||_inf = 0.00000000000000000000, ||V_lower^k - V_lower^k-1||_inf = 0.00523071259908516883, delta^k = -0.00523071259908516883
    Local Iteration 101: ||V_upper^k - V_upper^k-1||_inf = 0.00000000000000000000, ||V_lower^k - V_lower^k-1||_inf = 0.00502148409512176083, delta^k = -0.00502148409512176083
    Local Iteration 102: ||V_upper^k - V_upper^k-1||_inf = 0.00000000000000000000, ||V_lower^k - V_lower^k-1||_inf = 0.00482062473131688977, delta^k = -0.00482062473131688977
    Local Iteration 103: ||V_upper^k - V_upper^k-1||_inf = 0.00000000000000000000, ||V_lower^k - V_lower^k-1||_inf = 0.00462779974206421578, delta^k = -0.00462779974206421578
    Local Iteration 104: ||V_upper^k - V_upper^k-1||_inf = 0.00000000000000000000, ||V_lower^k - V_lower^k-1||_inf = 0.00444268775238164729, delta^k = -0.00444268775238164729
    Local Iteration 105: ||V_upper^k - V_upper^k-1||_inf = 0.00000000000000000000, ||V_lower^k - V_lower^k-1||_inf = 0.00426498024228638174, delta^k = -0.00426498024228638174
    Local Iteration 106: ||V_upper^k - V_upper^k-1||_inf = 0.00000000000000000000, ||V_lower^k - V_lower^k-1||_inf = 0.00409438103259492613, delta^k = -0.00409438103259492613
    Local Iteration 107: ||V_upper^k - V_upper^k-1||_inf = 0.00000000000000000000, ||V_lower^k - V_lower^k-1||_inf = 0.00393060579129112832, delta^k = -0.00393060579129112832
    Local Iteration 108: ||V_upper^k - V_upper^k-1||_inf = 0.00000000000000000000, ||V_lower^k - V_lower^k-1||_inf = 0.00377338155963948159, delta^k = -0.00377338155963948159
    Local Iteration 109: ||V_upper^k - V_upper^k-1||_inf = 0.00000000000000000000, ||V_lower^k - V_lower^k-1||_inf = 0.00362244629725390170, delta^k = -0.00362244629725390170
    Local Iteration 110: ||V_upper^k - V_upper^k-1||_inf = 0.00000000000000000000, ||V_lower^k - V_lower^k-1||_inf = 0.00347754844536374633, delta^k = -0.00347754844536374633
    Local Iteration 111: ||V_upper^k - V_upper^k-1||_inf = 0.00000000000000000000, ||V_lower^k - V_lower^k-1||_inf = 0.00333844650754919724, delta^k = -0.00333844650754919724
    Local Iteration 112: ||V_upper^k - V_upper^k-1||_inf = 0.00000000000000000000, ||V_lower^k - V_lower^k-1||_inf = 0.00320490864724722914, delta^k = -0.00320490864724722914
    Local Iteration 113: ||V_upper^k - V_upper^k-1||_inf = 0.00000000000000000000, ||V_lower^k - V_lower^k-1||_inf = 0.00307671230135733980, delta^k = -0.00307671230135733980
    Local Iteration 114: ||V_upper^k - V_upper^k-1||_inf = 0.00000000000000000000, ||V_lower^k - V_lower^k-1||_inf = 0.00290606846055616215, delta^k = -0.00290606846055616215
    Local Iteration 115: ||V_upper^k - V_upper^k-1||_inf = 0.00000000000000000000, ||V_lower^k - V_lower^k-1||_inf = 0.00254336193836139646, delta^k = -0.00254336193836139646
    Local Iteration 116: ||V_upper^k - V_upper^k-1||_inf = 0.00000000000000000000, ||V_lower^k - V_lower^k-1||_inf = 0.00074202948871650472, delta^k = -0.00074202948871650472
    Local Iteration 117: ||V_upper^k - V_upper^k-1||_inf = 0.00000000000000000000, ||V_lower^k - V_lower^k-1||_inf = 0.00063291232707118374, delta^k = -0.00063291232707118374
    Local Iteration 118: ||V_upper^k - V_upper^k-1||_inf = 0.00000000000000000000, ||V_lower^k - V_lower^k-1||_inf = 0.00019773039418982587, delta^k = -0.00019773039418982587
    Local Iteration 119: ||V_upper^k - V_upper^k-1||_inf = 0.00000000000000000000, ||V_lower^k - V_lower^k-1||_inf = 0.00018982117842223246, delta^k = -0.00018982117842223246
    Local Iteration 120: ||V_upper^k - V_upper^k-1||_inf = 0.00000000000000000000, ||V_lower^k - V_lower^k-1||_inf = 0.00018222833128534333, delta^k = -0.00018222833128534333
    Local Iteration 121: ||V_upper^k - V_upper^k-1||_inf = 0.00000000000000000000, ||V_lower^k - V_lower^k-1||_inf = 0.00017493919803393022, delta^k = -0.00017493919803393022
    Local Iteration 122: ||V_upper^k - V_upper^k-1||_inf = 0.00000000000000000000, ||V_lower^k - V_lower^k-1||_inf = 0.00016794163011257281, delta^k = -0.00016794163011257281
    Local Iteration 123: ||V_upper^k - V_upper^k-1||_inf = 0.00000000000000000000, ||V_lower^k - V_lower^k-1||_inf = 0.00016122396490806951, delta^k = -0.00016122396490806951
    Local Iteration 124: ||V_upper^k - V_upper^k-1||_inf = 0.00000000000000000000, ||V_lower^k - V_lower^k-1||_inf = 0.00015477500631174692, delta^k = -0.00015477500631174692
    Local Iteration 125: ||V_upper^k - V_upper^k-1||_inf = 0.00000000000000000000, ||V_lower^k - V_lower^k-1||_inf = 0.00014858400605927699, delta^k = -0.00014858400605927699
    Local Iteration 126: ||V_upper^k - V_upper^k-1||_inf = 0.00000000000000000000, ||V_lower^k - V_lower^k-1||_inf = 0.00014264064581690590, delta^k = -0.00014264064581690590
    Local Iteration 127: ||V_upper^k - V_upper^k-1||_inf = 0.00000000000000000000, ||V_lower^k - V_lower^k-1||_inf = 0.00013693501998422990, delta^k = -0.00013693501998422990
    Local Iteration 128: ||V_upper^k - V_upper^k-1||_inf = 0.00000000000000000000, ||V_lower^k - V_lower^k-1||_inf = 0.00013145761918486069, delta^k = -0.00013145761918486069
    Local Iteration 129: ||V_upper^k - V_upper^k-1||_inf = 0.00000000000000000000, ||V_lower^k - V_lower^k-1||_inf = 0.00012619931441746604, delta^k = -0.00012619931441746604
    Local Iteration 130: ||V_upper^k - V_upper^k-1||_inf = 0.00000000000000000000, ||V_lower^k - V_lower^k-1||_inf = 0.00012115134184076740, delta^k = -0.00012115134184076740
    Local Iteration 131: ||V_upper^k - V_upper^k-1||_inf = 0.00000000000000000000, ||V_lower^k - V_lower^k-1||_inf = 0.00011630528816713656, delta^k = -0.00011630528816713656
    Local Iteration 132: ||V_upper^k - V_upper^k-1||_inf = 0.00000000000000000000, ||V_lower^k - V_lower^k-1||_inf = 0.00011165307664045112, delta^k = -0.00011165307664045112
    Local Iteration 133: ||V_upper^k - V_upper^k-1||_inf = 0.00000000000000000000, ||V_lower^k - V_lower^k-1||_inf = 0.00010718695357483324, delta^k = -0.00010718695357483324
    Local Iteration 134: ||V_upper^k - V_upper^k-1||_inf = 0.00000000000000000000, ||V_lower^k - V_lower^k-1||_inf = 0.00010289947543183978, delta^k = -0.00010289947543183978
    Local Iteration 135: ||V_upper^k - V_upper^k-1||_inf = 0.00000000000000000000, ||V_lower^k - V_lower^k-1||_inf = 0.00009878349641456643, delta^k = -0.00009878349641456643
    Local Iteration 136: ||V_upper^k - V_upper^k-1||_inf = 0.00000000000000000000, ||V_lower^k - V_lower^k-1||_inf = 0.00009483215655798358, delta^k = -0.00009483215655798358
    Local Iteration 137: ||V_upper^k - V_upper^k-1||_inf = 0.00000000000000000000, ||V_lower^k - V_lower^k-1||_inf = 0.00009103887029566441, delta^k = -0.00009103887029566441
    Local Iteration 138: ||V_upper^k - V_upper^k-1||_inf = 0.00000000000000000000, ||V_lower^k - V_lower^k-1||_inf = 0.00000393021162121672, delta^k = -0.00000393021162121672
    Local Iteration 139: ||V_upper^k - V_upper^k-1||_inf = 0.00000000000000000000, ||V_lower^k - V_lower^k-1||_inf = 0.00000000000000000000, delta^k = 0.00000000000000000000

============================================================
 CONSERVATIVE STOPPING CONDITION MET (Algorithm 3)
============================================================
  delta^k = 0.0000000000e+00 >= -delta_max
  ||V_upper^k - V_upper^k-1||_inf = 0.0000000000e+00 < 1e-08
  eps_cons = (0.96 * 0.0000000000e+00) / 0.04 = 0.0000000000e+00
  Correcting V_lower for 1267360 cells: V_lower <- V_lower - eps_cons - eps_machine
   Conservative correction applied successfully
  Machine epsilon eps_machine = 2.220e-16
    Local VI completed in 139 iterations
    Final convergence values:
      ||V_upper^final - V_upper^prev||_inf = 0.00000000e+00
      ||V_lower^final - V_lower^prev||_inf = 0.00000000e+00
  Local VI completed in 139 iterations, time: 2.184s
    Final ||V_upper^k - V_upper^k-1||_inf = 0.00000000000000000000e+00
    Final ||V_lower^k - V_lower^k-1||_inf = 0.00000000000000000000e+00
  Saved visualization: /Users/i.k.tabbara/Documents/python directory/HSCC_2027/refactored_Implementations/results_hscc_2027_newbellmans_12workers/ra_discount/dubins_res20_eps0.05_dmin1e-08_dmax1e-08_gamma0.96_dt0.3_tau0.3_cons/value_function_phase_9_complete.png
  Phase 9 completed in 3.16s with 1267360 leaf cells

Classification after phase 9:
  Safe:           608400 cells ( 48.0%),   60.2% of state space
  Unsafe:         173654 cells ( 13.7%),   28.0% of state space
  Unclassified:   485306 cells ( 38.3%),   11.8% of state space

======================================================================
REFINEMENT PHASE 10
======================================================================
Boundary cells: 485306
  Refinable (>eta_min=0.017678): 485306
  Below threshold: 0
  Cumulative refined: 1259360
  Refinable cell size statistics:
    Max:    0.039270
    Mean:   0.039270
    Min:    0.039270
    Median: 0.039270
  Refining 485306 cells...
    Refined: 485306 parent cells
    Created: 970612 child cells
    Total cells: 1752666
    Refinement time: 0.018s
    Cumulative refined: 1744666
  Rebuilding spatial index...
  Building spatial index for 1752666 cells...
   Spatial index built in 0.42s
    Spatial index rebuilt in 0.415s
  Initializing 970612 new cells...
  Initializing 970612 new cells in parallel...
   Initialized in 0.00s (403622829.8 cells/s)
    Initialization completed in 0.002s
  Starting local value iteration...
  Reinitializing ALL 1752666 cells (V = l)
   Reinitialized 1752666 cells in 0.01s (312594594.4 cells/s)
  Local VI: updating all 1752666 cells
    Conservative mode: True
    delta_max: 1e-08
    Max iterations: 100033
    Updating successor cache for 970612 updated cells...
    Updating successor cache for 970612 new cells (HYBRID)...
      Affected cells: 1380924
   Trajectories + spatial queries computed in 1.24s (3350994.5 tasks/s)
    Breakdown: 46.7% ODE, 53.3% queries
     Cache updated in 1.44s (2874859.4 tasks/s)
    Local Iteration   1: ||V_upper^k - V_upper^k-1||_inf = 3.95601805137455864170, ||V_lower^k - V_lower^k-1||_inf = 3.84960767853029439678, delta^k = -3.84960767853029439678
    Local Iteration   2: ||V_upper^k - V_upper^k-1||_inf = 3.78547099647405449474, ||V_lower^k - V_lower^k-1||_inf = 3.53808249262784979550, delta^k = -3.53808249262784979550
    Local Iteration   3: ||V_upper^k - V_upper^k-1||_inf = 3.63405215661509206626, ||V_lower^k - V_lower^k-1||_inf = 3.30009471890908390179, delta^k = -3.30009471890908390179
    Local Iteration   4: ||V_upper^k - V_upper^k-1||_inf = 3.46943332469942156138, ||V_lower^k - V_lower^k-1||_inf = 3.07651574088374646365, delta^k = -3.07651574088374646365
    Local Iteration   5: ||V_upper^k - V_upper^k-1||_inf = 3.33065599171144466339, ||V_lower^k - V_lower^k-1||_inf = 2.86340304673034351524, delta^k = -2.86340304673034351524
    Local Iteration   6: ||V_upper^k - V_upper^k-1||_inf = 3.19742975204298662817, ||V_lower^k - V_lower^k-1||_inf = 2.70134577139267229029, delta^k = -2.70134577139267229029
    Local Iteration   7: ||V_upper^k - V_upper^k-1||_inf = 3.06953256196126700317, ||V_lower^k - V_lower^k-1||_inf = 2.50009612332026343040, delta^k = -2.50009612332026343040
    Local Iteration   8: ||V_upper^k - V_upper^k-1||_inf = 2.94675125948281646515, ||V_lower^k - V_lower^k-1||_inf = 2.21922311053829401928, delta^k = -2.21922311053829401928
    Local Iteration   9: ||V_upper^k - V_upper^k-1||_inf = 2.81835621640053757275, ||V_lower^k - V_lower^k-1||_inf = 2.04628391951806776206, delta^k = -2.04628391951806776206
    Local Iteration  10: ||V_upper^k - V_upper^k-1||_inf = 2.65712051677449334619, ||V_lower^k - V_lower^k-1||_inf = 1.77220769152459944884, delta^k = -1.77220769152459944884
    Local Iteration  11: ||V_upper^k - V_upper^k-1||_inf = 2.42691254591180083366, ||V_lower^k - V_lower^k-1||_inf = 1.41724013205181442743, delta^k = -1.41724013205181442743
    Local Iteration  12: ||V_upper^k - V_upper^k-1||_inf = 2.18698886500166667091, ||V_lower^k - V_lower^k-1||_inf = 0.30775519647217430830, delta^k = -0.30775519647217430830
    Local Iteration  13: ||V_upper^k - V_upper^k-1||_inf = 1.95099889812886040374, ||V_lower^k - V_lower^k-1||_inf = 0.29544498861328738482, delta^k = -0.29544498861328738482
    Local Iteration  14: ||V_upper^k - V_upper^k-1||_inf = 1.68260672771522101776, ||V_lower^k - V_lower^k-1||_inf = 0.28362718906875583613, delta^k = -0.28362718906875583613
    Local Iteration  15: ||V_upper^k - V_upper^k-1||_inf = 0.58680489808662894546, ||V_lower^k - V_lower^k-1||_inf = 0.27228210150600562489, delta^k = -0.27228210150600562489
    Local Iteration  16: ||V_upper^k - V_upper^k-1||_inf = 0.55532507951384002531, ||V_lower^k - V_lower^k-1||_inf = 0.26139081744576542210, delta^k = -0.26139081744576542210
    Local Iteration  17: ||V_upper^k - V_upper^k-1||_inf = 0.48714013833950386978, ||V_lower^k - V_lower^k-1||_inf = 0.18484755156853638347, delta^k = -0.18484755156853638347
    Local Iteration  18: ||V_upper^k - V_upper^k-1||_inf = 0.44713527657444296359, ||V_lower^k - V_lower^k-1||_inf = 0.17340158512570424953, delta^k = -0.17340158512570424953
    Local Iteration  19: ||V_upper^k - V_upper^k-1||_inf = 0.38979915592018055115, ||V_lower^k - V_lower^k-1||_inf = 0.16646552172067607955, delta^k = -0.16646552172067607955
    Local Iteration  20: ||V_upper^k - V_upper^k-1||_inf = 0.32666288795186315674, ||V_lower^k - V_lower^k-1||_inf = 0.15980690085184912075, delta^k = -0.15980690085184912075
    Local Iteration  21: ||V_upper^k - V_upper^k-1||_inf = 0.28390425546460384965, ||V_lower^k - V_lower^k-1||_inf = 0.15341462481777512483, delta^k = -0.15341462481777512483
    Local Iteration  22: ||V_upper^k - V_upper^k-1||_inf = 0.24864153780883824219, ||V_lower^k - V_lower^k-1||_inf = 0.13953733894081787881, delta^k = -0.13953733894081787881
    Local Iteration  23: ||V_upper^k - V_upper^k-1||_inf = 0.23378007400575018249, ||V_lower^k - V_lower^k-1||_inf = 0.13184586109652440822, delta^k = -0.13184586109652440822
    Local Iteration  24: ||V_upper^k - V_upper^k-1||_inf = 0.21517322814781358886, ||V_lower^k - V_lower^k-1||_inf = 0.12077761123368718765, delta^k = -0.12077761123368718765
    Local Iteration  25: ||V_upper^k - V_upper^k-1||_inf = 0.19891398784636071806, ||V_lower^k - V_lower^k-1||_inf = 0.11338534727455390483, delta^k = -0.11338534727455390483
    Local Iteration  26: ||V_upper^k - V_upper^k-1||_inf = 0.16609787832299971466, ||V_lower^k - V_lower^k-1||_inf = 0.10727279923644827964, delta^k = -0.10727279923644827964
    Local Iteration  27: ||V_upper^k - V_upper^k-1||_inf = 0.14163449829043739392, ||V_lower^k - V_lower^k-1||_inf = 0.10298188726699036843, delta^k = -0.10298188726699036843
    Local Iteration  28: ||V_upper^k - V_upper^k-1||_inf = 0.13020369111624330305, ||V_lower^k - V_lower^k-1||_inf = 0.09886261177631072705, delta^k = -0.09886261177631072705
    Local Iteration  29: ||V_upper^k - V_upper^k-1||_inf = 0.12216819365537057163, ||V_lower^k - V_lower^k-1||_inf = 0.09490810730525831018, delta^k = -0.09490810730525831018
    Local Iteration  30: ||V_upper^k - V_upper^k-1||_inf = 0.11728146590915566883, ||V_lower^k - V_lower^k-1||_inf = 0.09111178301304800886, delta^k = -0.09111178301304800886
    Local Iteration  31: ||V_upper^k - V_upper^k-1||_inf = 0.10109439141515419447, ||V_lower^k - V_lower^k-1||_inf = 0.08746731169252608407, delta^k = -0.08746731169252608407
    Local Iteration  32: ||V_upper^k - V_upper^k-1||_inf = 0.09234976083282786519, ||V_lower^k - V_lower^k-1||_inf = 0.08396861922482501406, delta^k = -0.08396861922482501406
    Local Iteration  33: ||V_upper^k - V_upper^k-1||_inf = 0.07699446723974490148, ||V_lower^k - V_lower^k-1||_inf = 0.08060987445583203681, delta^k = -0.08060987445583203681
    Local Iteration  34: ||V_upper^k - V_upper^k-1||_inf = 0.06725714809645333414, ||V_lower^k - V_lower^k-1||_inf = 0.07738547947759877310, delta^k = -0.07738547947759877310
    Local Iteration  35: ||V_upper^k - V_upper^k-1||_inf = 0.05494206206542728843, ||V_lower^k - V_lower^k-1||_inf = 0.07429006029849483106, delta^k = -0.07429006029849483106
    Local Iteration  36: ||V_upper^k - V_upper^k-1||_inf = 0.04828803430719408318, ||V_lower^k - V_lower^k-1||_inf = 0.07131845788655502560, delta^k = -0.07131845788655502560
    Local Iteration  37: ||V_upper^k - V_upper^k-1||_inf = 0.02805749357879983030, ||V_lower^k - V_lower^k-1||_inf = 0.06846571957109282014, delta^k = -0.06846571957109282014
    Local Iteration  38: ||V_upper^k - V_upper^k-1||_inf = 0.02693519383564790814, ||V_lower^k - V_lower^k-1||_inf = 0.06572709078824909290, delta^k = -0.06572709078824909290
    Local Iteration  39: ||V_upper^k - V_upper^k-1||_inf = 0.02585778608222200070, ||V_lower^k - V_lower^k-1||_inf = 0.06309800715671914917, delta^k = -0.06309800715671914917
    Local Iteration  40: ||V_upper^k - V_upper^k-1||_inf = 0.02482347463893308515, ||V_lower^k - V_lower^k-1||_inf = 0.06057408687045037765, delta^k = -0.06057408687045037765
    Local Iteration  41: ||V_upper^k - V_upper^k-1||_inf = 0.02383053565337578394, ||V_lower^k - V_lower^k-1||_inf = 0.05815112339563235921, delta^k = -0.05815112339563235921
    Local Iteration  42: ||V_upper^k - V_upper^k-1||_inf = 0.02287731422724070818, ||V_lower^k - V_lower^k-1||_inf = 0.05582507845980705374, delta^k = -0.05582507845980705374
    Local Iteration  43: ||V_upper^k - V_upper^k-1||_inf = 0.02196222165815109317, ||V_lower^k - V_lower^k-1||_inf = 0.05359207532141477270, delta^k = -0.05359207532141477270
    Local Iteration  44: ||V_upper^k - V_upper^k-1||_inf = 0.02108373279182507165, ||V_lower^k - V_lower^k-1||_inf = 0.05144839230855818846, delta^k = -0.05144839230855818846
    Local Iteration  45: ||V_upper^k - V_upper^k-1||_inf = 0.01961629643450113480, ||V_lower^k - V_lower^k-1||_inf = 0.04939045661621586925, delta^k = -0.04939045661621586925
    Local Iteration  46: ||V_upper^k - V_upper^k-1||_inf = 0.01883164457712110940, ||V_lower^k - V_lower^k-1||_inf = 0.04741483835156723448, delta^k = -0.04741483835156723448
    Local Iteration  47: ||V_upper^k - V_upper^k-1||_inf = 0.01807837879403623171, ||V_lower^k - V_lower^k-1||_inf = 0.04551824481750454954, delta^k = -0.04551824481750454954
    Local Iteration  48: ||V_upper^k - V_upper^k-1||_inf = 0.01735524364227480909, ||V_lower^k - V_lower^k-1||_inf = 0.04369751502480435923, delta^k = -0.04369751502480435923
    Local Iteration  49: ||V_upper^k - V_upper^k-1||_inf = 0.01666103389658379896, ||V_lower^k - V_lower^k-1||_inf = 0.04194961442381217598, delta^k = -0.04194961442381217598
    Local Iteration  50: ||V_upper^k - V_upper^k-1||_inf = 0.01599459254072044256, ||V_lower^k - V_lower^k-1||_inf = 0.04027162984685968283, delta^k = -0.04027162984685968283
    Local Iteration  51: ||V_upper^k - V_upper^k-1||_inf = 0.01535480883909162708, ||V_lower^k - V_lower^k-1||_inf = 0.03866076465298529108, delta^k = -0.03866076465298529108
    Local Iteration  52: ||V_upper^k - V_upper^k-1||_inf = 0.01474061648552793535, ||V_lower^k - V_lower^k-1||_inf = 0.03711433406686587277, delta^k = -0.03711433406686587277
    Local Iteration  53: ||V_upper^k - V_upper^k-1||_inf = 0.01415099182610685125, ||V_lower^k - V_lower^k-1||_inf = 0.03562976070419122954, delta^k = -0.03562976070419122954
    Local Iteration  54: ||V_upper^k - V_upper^k-1||_inf = 0.01358495215306254611, ||V_lower^k - V_lower^k-1||_inf = 0.03420457027602358258, delta^k = -0.03420457027602358258
    Local Iteration  55: ||V_upper^k - V_upper^k-1||_inf = 0.01304155406694007535, ||V_lower^k - V_lower^k-1||_inf = 0.03283638746498263039, delta^k = -0.03283638746498263039
    Local Iteration  56: ||V_upper^k - V_upper^k-1||_inf = 0.01251989190426244791, ||V_lower^k - V_lower^k-1||_inf = 0.03152293196638332462, delta^k = -0.03152293196638332462
    Local Iteration  57: ||V_upper^k - V_upper^k-1||_inf = 0.01201909622809194111, ||V_lower^k - V_lower^k-1||_inf = 0.03026201468772800329, delta^k = -0.03026201468772800329
    Local Iteration  58: ||V_upper^k - V_upper^k-1||_inf = 0.01153833237896828567, ||V_lower^k - V_lower^k-1||_inf = 0.02905153410021887872, delta^k = -0.02905153410021887872
    Local Iteration  59: ||V_upper^k - V_upper^k-1||_inf = 0.01107679908380954092, ||V_lower^k - V_lower^k-1||_inf = 0.02788947273621011913, delta^k = -0.02788947273621011913
    Local Iteration  60: ||V_upper^k - V_upper^k-1||_inf = 0.01063372712045718149, ||V_lower^k - V_lower^k-1||_inf = 0.02677389382676170770, delta^k = -0.02677389382676170770
    Local Iteration  61: ||V_upper^k - V_upper^k-1||_inf = 0.01020837803563887092, ||V_lower^k - V_lower^k-1||_inf = 0.02570293807369122829, delta^k = -0.02570293807369122829
    Local Iteration  62: ||V_upper^k - V_upper^k-1||_inf = 0.00980004291421332496, ||V_lower^k - V_lower^k-1||_inf = 0.02467482055074358277, delta^k = -0.02467482055074358277
    Local Iteration  63: ||V_upper^k - V_upper^k-1||_inf = 0.00940804119764479529, ||V_lower^k - V_lower^k-1||_inf = 0.02368782772871384085, delta^k = -0.02368782772871384085
    Local Iteration  64: ||V_upper^k - V_upper^k-1||_inf = 0.00903171954973899793, ||V_lower^k - V_lower^k-1||_inf = 0.02274031461956527861, delta^k = -0.02274031461956527861
    Local Iteration  65: ||V_upper^k - V_upper^k-1||_inf = 0.00867045076774944357, ||V_lower^k - V_lower^k-1||_inf = 0.02183070203478267024, delta^k = -0.02183070203478267024
    Local Iteration  66: ||V_upper^k - V_upper^k-1||_inf = 0.00832363273703945472, ||V_lower^k - V_lower^k-1||_inf = 0.02095747395339136315, delta^k = -0.02095747395339136315
    Local Iteration  67: ||V_upper^k - V_upper^k-1||_inf = 0.00799068742755787431, ||V_lower^k - V_lower^k-1||_inf = 0.02011917499525570086, delta^k = -0.02011917499525570086
    Local Iteration  68: ||V_upper^k - V_upper^k-1||_inf = 0.00443857592037461002, ||V_lower^k - V_lower^k-1||_inf = 0.01931440799544548170, delta^k = -0.01931440799544548170
    Local Iteration  69: ||V_upper^k - V_upper^k-1||_inf = 0.00000000000000000000, ||V_lower^k - V_lower^k-1||_inf = 0.01854183167562765966, delta^k = -0.01854183167562765966
    Local Iteration  70: ||V_upper^k - V_upper^k-1||_inf = 0.00000000000000000000, ||V_lower^k - V_lower^k-1||_inf = 0.01780015840860255105, delta^k = -0.01780015840860255105
    Local Iteration  71: ||V_upper^k - V_upper^k-1||_inf = 0.00000000000000000000, ||V_lower^k - V_lower^k-1||_inf = 0.01708815207225845151, delta^k = -0.01708815207225845151
    Local Iteration  72: ||V_upper^k - V_upper^k-1||_inf = 0.00000000000000000000, ||V_lower^k - V_lower^k-1||_inf = 0.01640462598936810734, delta^k = -0.01640462598936810734
    Local Iteration  73: ||V_upper^k - V_upper^k-1||_inf = 0.00000000000000000000, ||V_lower^k - V_lower^k-1||_inf = 0.01574844094979337833, delta^k = -0.01574844094979337833
    Local Iteration  74: ||V_upper^k - V_upper^k-1||_inf = 0.00000000000000000000, ||V_lower^k - V_lower^k-1||_inf = 0.01511850331180164542, delta^k = -0.01511850331180164542
    Local Iteration  75: ||V_upper^k - V_upper^k-1||_inf = 0.00000000000000000000, ||V_lower^k - V_lower^k-1||_inf = 0.01451376317932957793, delta^k = -0.01451376317932957793
    Local Iteration  76: ||V_upper^k - V_upper^k-1||_inf = 0.00000000000000000000, ||V_lower^k - V_lower^k-1||_inf = 0.01393321265215639870, delta^k = -0.01393321265215639870
    Local Iteration  77: ||V_upper^k - V_upper^k-1||_inf = 0.00000000000000000000, ||V_lower^k - V_lower^k-1||_inf = 0.01337588414607013970, delta^k = -0.01337588414607013970
    Local Iteration  78: ||V_upper^k - V_upper^k-1||_inf = 0.00000000000000000000, ||V_lower^k - V_lower^k-1||_inf = 0.01284084878022732912, delta^k = -0.01284084878022732912
    Local Iteration  79: ||V_upper^k - V_upper^k-1||_inf = 0.00000000000000000000, ||V_lower^k - V_lower^k-1||_inf = 0.01232721482901823207, delta^k = -0.01232721482901823207
    Local Iteration  80: ||V_upper^k - V_upper^k-1||_inf = 0.00000000000000000000, ||V_lower^k - V_lower^k-1||_inf = 0.01183412623585750056, delta^k = -0.01183412623585750056
    Local Iteration  81: ||V_upper^k - V_upper^k-1||_inf = 0.00000000000000000000, ||V_lower^k - V_lower^k-1||_inf = 0.01136076118642320026, delta^k = -0.01136076118642320026
    Local Iteration  82: ||V_upper^k - V_upper^k-1||_inf = 0.00000000000000000000, ||V_lower^k - V_lower^k-1||_inf = 0.01090633073896627586, delta^k = -0.01090633073896627586
    Local Iteration  83: ||V_upper^k - V_upper^k-1||_inf = 0.00000000000000000000, ||V_lower^k - V_lower^k-1||_inf = 0.01047007750940762497, delta^k = -0.01047007750940762497
    Local Iteration  84: ||V_upper^k - V_upper^k-1||_inf = 0.00000000000000000000, ||V_lower^k - V_lower^k-1||_inf = 0.01005127440903132163, delta^k = -0.01005127440903132163
    Local Iteration  85: ||V_upper^k - V_upper^k-1||_inf = 0.00000000000000000000, ||V_lower^k - V_lower^k-1||_inf = 0.00964922343267006488, delta^k = -0.00964922343267006488
    Local Iteration  86: ||V_upper^k - V_upper^k-1||_inf = 0.00000000000000000000, ||V_lower^k - V_lower^k-1||_inf = 0.00926325449536326631, delta^k = -0.00926325449536326631
    Local Iteration  87: ||V_upper^k - V_upper^k-1||_inf = 0.00000000000000000000, ||V_lower^k - V_lower^k-1||_inf = 0.00889272431554873413, delta^k = -0.00889272431554873413
    Local Iteration  88: ||V_upper^k - V_upper^k-1||_inf = 0.00000000000000000000, ||V_lower^k - V_lower^k-1||_inf = 0.00853701534292678269, delta^k = -0.00853701534292678269
    Local Iteration  89: ||V_upper^k - V_upper^k-1||_inf = 0.00000000000000000000, ||V_lower^k - V_lower^k-1||_inf = 0.00819553472920971082, delta^k = -0.00819553472920971082
    Local Iteration  90: ||V_upper^k - V_upper^k-1||_inf = 0.00000000000000000000, ||V_lower^k - V_lower^k-1||_inf = 0.00786771334004132336, delta^k = -0.00786771334004132336
    Local Iteration  91: ||V_upper^k - V_upper^k-1||_inf = 0.00000000000000000000, ||V_lower^k - V_lower^k-1||_inf = 0.00755300480643967057, delta^k = -0.00755300480643967057
    Local Iteration  92: ||V_upper^k - V_upper^k-1||_inf = 0.00000000000000000000, ||V_lower^k - V_lower^k-1||_inf = 0.00725088461418208277, delta^k = -0.00725088461418208277
    Local Iteration  93: ||V_upper^k - V_upper^k-1||_inf = 0.00000000000000000000, ||V_lower^k - V_lower^k-1||_inf = 0.00696084922961480099, delta^k = -0.00696084922961480099
    Local Iteration  94: ||V_upper^k - V_upper^k-1||_inf = 0.00000000000000000000, ||V_lower^k - V_lower^k-1||_inf = 0.00668241526043020923, delta^k = -0.00668241526043020923
    Local Iteration  95: ||V_upper^k - V_upper^k-1||_inf = 0.00000000000000000000, ||V_lower^k - V_lower^k-1||_inf = 0.00641511865001300266, delta^k = -0.00641511865001300266
    Local Iteration  96: ||V_upper^k - V_upper^k-1||_inf = 0.00000000000000000000, ||V_lower^k - V_lower^k-1||_inf = 0.00615851390401248207, delta^k = -0.00615851390401248207
    Local Iteration  97: ||V_upper^k - V_upper^k-1||_inf = 0.00000000000000000000, ||V_lower^k - V_lower^k-1||_inf = 0.00591217334785198133, delta^k = -0.00591217334785198133
    Local Iteration  98: ||V_upper^k - V_upper^k-1||_inf = 0.00000000000000000000, ||V_lower^k - V_lower^k-1||_inf = 0.00567568641393790228, delta^k = -0.00567568641393790228
    Local Iteration  99: ||V_upper^k - V_upper^k-1||_inf = 0.00000000000000000000, ||V_lower^k - V_lower^k-1||_inf = 0.00544865895738038536, delta^k = -0.00544865895738038536
    Local Iteration 100: ||V_upper^k - V_upper^k-1||_inf = 0.00000000000000000000, ||V_lower^k - V_lower^k-1||_inf = 0.00523071259908516883, delta^k = -0.00523071259908516883
    Local Iteration 101: ||V_upper^k - V_upper^k-1||_inf = 0.00000000000000000000, ||V_lower^k - V_lower^k-1||_inf = 0.00502148409512176083, delta^k = -0.00502148409512176083
    Local Iteration 102: ||V_upper^k - V_upper^k-1||_inf = 0.00000000000000000000, ||V_lower^k - V_lower^k-1||_inf = 0.00482062473131688977, delta^k = -0.00482062473131688977
    Local Iteration 103: ||V_upper^k - V_upper^k-1||_inf = 0.00000000000000000000, ||V_lower^k - V_lower^k-1||_inf = 0.00462779974206421578, delta^k = -0.00462779974206421578
    Local Iteration 104: ||V_upper^k - V_upper^k-1||_inf = 0.00000000000000000000, ||V_lower^k - V_lower^k-1||_inf = 0.00444268775238164729, delta^k = -0.00444268775238164729
    Local Iteration 105: ||V_upper^k - V_upper^k-1||_inf = 0.00000000000000000000, ||V_lower^k - V_lower^k-1||_inf = 0.00426498024228638174, delta^k = -0.00426498024228638174
    Local Iteration 106: ||V_upper^k - V_upper^k-1||_inf = 0.00000000000000000000, ||V_lower^k - V_lower^k-1||_inf = 0.00409438103259492613, delta^k = -0.00409438103259492613
    Local Iteration 107: ||V_upper^k - V_upper^k-1||_inf = 0.00000000000000000000, ||V_lower^k - V_lower^k-1||_inf = 0.00393060579129112832, delta^k = -0.00393060579129112832
    Local Iteration 108: ||V_upper^k - V_upper^k-1||_inf = 0.00000000000000000000, ||V_lower^k - V_lower^k-1||_inf = 0.00377338155963948159, delta^k = -0.00377338155963948159
    Local Iteration 109: ||V_upper^k - V_upper^k-1||_inf = 0.00000000000000000000, ||V_lower^k - V_lower^k-1||_inf = 0.00362244629725390170, delta^k = -0.00362244629725390170
    Local Iteration 110: ||V_upper^k - V_upper^k-1||_inf = 0.00000000000000000000, ||V_lower^k - V_lower^k-1||_inf = 0.00347754844536374633, delta^k = -0.00347754844536374633
    Local Iteration 111: ||V_upper^k - V_upper^k-1||_inf = 0.00000000000000000000, ||V_lower^k - V_lower^k-1||_inf = 0.00333844650754919724, delta^k = -0.00333844650754919724
    Local Iteration 112: ||V_upper^k - V_upper^k-1||_inf = 0.00000000000000000000, ||V_lower^k - V_lower^k-1||_inf = 0.00320490864724722914, delta^k = -0.00320490864724722914
    Local Iteration 113: ||V_upper^k - V_upper^k-1||_inf = 0.00000000000000000000, ||V_lower^k - V_lower^k-1||_inf = 0.00307671230135733980, delta^k = -0.00307671230135733980
    Local Iteration 114: ||V_upper^k - V_upper^k-1||_inf = 0.00000000000000000000, ||V_lower^k - V_lower^k-1||_inf = 0.00290606846055616215, delta^k = -0.00290606846055616215
    Local Iteration 115: ||V_upper^k - V_upper^k-1||_inf = 0.00000000000000000000, ||V_lower^k - V_lower^k-1||_inf = 0.00254336193836139646, delta^k = -0.00254336193836139646
    Local Iteration 116: ||V_upper^k - V_upper^k-1||_inf = 0.00000000000000000000, ||V_lower^k - V_lower^k-1||_inf = 0.00074202948871650472, delta^k = -0.00074202948871650472
    Local Iteration 117: ||V_upper^k - V_upper^k-1||_inf = 0.00000000000000000000, ||V_lower^k - V_lower^k-1||_inf = 0.00063291232707118374, delta^k = -0.00063291232707118374
    Local Iteration 118: ||V_upper^k - V_upper^k-1||_inf = 0.00000000000000000000, ||V_lower^k - V_lower^k-1||_inf = 0.00019773039418982587, delta^k = -0.00019773039418982587
    Local Iteration 119: ||V_upper^k - V_upper^k-1||_inf = 0.00000000000000000000, ||V_lower^k - V_lower^k-1||_inf = 0.00018982117842223246, delta^k = -0.00018982117842223246
    Local Iteration 120: ||V_upper^k - V_upper^k-1||_inf = 0.00000000000000000000, ||V_lower^k - V_lower^k-1||_inf = 0.00018222833128534333, delta^k = -0.00018222833128534333
    Local Iteration 121: ||V_upper^k - V_upper^k-1||_inf = 0.00000000000000000000, ||V_lower^k - V_lower^k-1||_inf = 0.00017493919803393022, delta^k = -0.00017493919803393022
    Local Iteration 122: ||V_upper^k - V_upper^k-1||_inf = 0.00000000000000000000, ||V_lower^k - V_lower^k-1||_inf = 0.00016794163011257281, delta^k = -0.00016794163011257281
    Local Iteration 123: ||V_upper^k - V_upper^k-1||_inf = 0.00000000000000000000, ||V_lower^k - V_lower^k-1||_inf = 0.00016122396490806951, delta^k = -0.00016122396490806951
    Local Iteration 124: ||V_upper^k - V_upper^k-1||_inf = 0.00000000000000000000, ||V_lower^k - V_lower^k-1||_inf = 0.00015477500631174692, delta^k = -0.00015477500631174692
    Local Iteration 125: ||V_upper^k - V_upper^k-1||_inf = 0.00000000000000000000, ||V_lower^k - V_lower^k-1||_inf = 0.00014858400605927699, delta^k = -0.00014858400605927699
    Local Iteration 126: ||V_upper^k - V_upper^k-1||_inf = 0.00000000000000000000, ||V_lower^k - V_lower^k-1||_inf = 0.00014264064581690590, delta^k = -0.00014264064581690590
    Local Iteration 127: ||V_upper^k - V_upper^k-1||_inf = 0.00000000000000000000, ||V_lower^k - V_lower^k-1||_inf = 0.00013693501998422990, delta^k = -0.00013693501998422990
    Local Iteration 128: ||V_upper^k - V_upper^k-1||_inf = 0.00000000000000000000, ||V_lower^k - V_lower^k-1||_inf = 0.00013145761918486069, delta^k = -0.00013145761918486069
    Local Iteration 129: ||V_upper^k - V_upper^k-1||_inf = 0.00000000000000000000, ||V_lower^k - V_lower^k-1||_inf = 0.00012619931441746604, delta^k = -0.00012619931441746604
    Local Iteration 130: ||V_upper^k - V_upper^k-1||_inf = 0.00000000000000000000, ||V_lower^k - V_lower^k-1||_inf = 0.00012115134184076740, delta^k = -0.00012115134184076740
    Local Iteration 131: ||V_upper^k - V_upper^k-1||_inf = 0.00000000000000000000, ||V_lower^k - V_lower^k-1||_inf = 0.00011630528816713656, delta^k = -0.00011630528816713656
    Local Iteration 132: ||V_upper^k - V_upper^k-1||_inf = 0.00000000000000000000, ||V_lower^k - V_lower^k-1||_inf = 0.00011165307664045112, delta^k = -0.00011165307664045112
    Local Iteration 133: ||V_upper^k - V_upper^k-1||_inf = 0.00000000000000000000, ||V_lower^k - V_lower^k-1||_inf = 0.00010718695357483324, delta^k = -0.00010718695357483324
    Local Iteration 134: ||V_upper^k - V_upper^k-1||_inf = 0.00000000000000000000, ||V_lower^k - V_lower^k-1||_inf = 0.00010289947543183978, delta^k = -0.00010289947543183978
    Local Iteration 135: ||V_upper^k - V_upper^k-1||_inf = 0.00000000000000000000, ||V_lower^k - V_lower^k-1||_inf = 0.00009878349641456643, delta^k = -0.00009878349641456643
    Local Iteration 136: ||V_upper^k - V_upper^k-1||_inf = 0.00000000000000000000, ||V_lower^k - V_lower^k-1||_inf = 0.00009483215655798358, delta^k = -0.00009483215655798358
    Local Iteration 137: ||V_upper^k - V_upper^k-1||_inf = 0.00000000000000000000, ||V_lower^k - V_lower^k-1||_inf = 0.00009103887029566441, delta^k = -0.00009103887029566441
    Local Iteration 138: ||V_upper^k - V_upper^k-1||_inf = 0.00000000000000000000, ||V_lower^k - V_lower^k-1||_inf = 0.00000393021162121672, delta^k = -0.00000393021162121672
    Local Iteration 139: ||V_upper^k - V_upper^k-1||_inf = 0.00000000000000000000, ||V_lower^k - V_lower^k-1||_inf = 0.00000000000000000000, delta^k = 0.00000000000000000000

============================================================
 CONSERVATIVE STOPPING CONDITION MET (Algorithm 3)
============================================================
  delta^k = 0.0000000000e+00 >= -delta_max
  ||V_upper^k - V_upper^k-1||_inf = 0.0000000000e+00 < 1e-08
  eps_cons = (0.96 * 0.0000000000e+00) / 0.04 = 0.0000000000e+00
  Correcting V_lower for 1752666 cells: V_lower <- V_lower - eps_cons - eps_machine
   Conservative correction applied successfully
  Machine epsilon eps_machine = 2.220e-16
    Local VI completed in 139 iterations
    Final convergence values:
      ||V_upper^final - V_upper^prev||_inf = 0.00000000e+00
      ||V_lower^final - V_lower^prev||_inf = 0.00000000e+00
  Local VI completed in 139 iterations, time: 3.315s
    Final ||V_upper^k - V_upper^k-1||_inf = 0.00000000000000000000e+00
    Final ||V_lower^k - V_lower^k-1||_inf = 0.00000000000000000000e+00
  Saved visualization: /Users/i.k.tabbara/Documents/python directory/HSCC_2027/refactored_Implementations/results_hscc_2027_newbellmans_12workers/ra_discount/dubins_res20_eps0.05_dmin1e-08_dmax1e-08_gamma0.96_dt0.3_tau0.3_cons/value_function_phase_10_complete.png
  Phase 10 completed in 4.42s with 1752666 leaf cells

Classification after phase 10:
  Safe:           646902 cells ( 36.9%),   60.6% of state space
  Unsafe:         183408 cells ( 10.5%),   28.1% of state space
  Unclassified:   922356 cells ( 52.6%),   11.3% of state space

======================================================================
REFINEMENT PHASE 11
======================================================================
Boundary cells: 922356
  Refinable (>eta_min=0.017678): 922356
  Below threshold: 0
  Cumulative refined: 1744666
  Refinable cell size statistics:
    Max:    0.037500
    Mean:   0.037500
    Min:    0.037500
    Median: 0.037500
  Refining 922356 cells...
    Refined: 922356 parent cells
    Created: 1844712 child cells
    Total cells: 2675022
    Refinement time: 0.090s
    Cumulative refined: 2667022
  Rebuilding spatial index...
  Building spatial index for 2675022 cells...
   Spatial index built in 0.67s
    Spatial index rebuilt in 0.673s
  Initializing 1844712 new cells...
  Initializing 1844712 new cells in parallel...
   Initialized in 0.00s (430320371.6 cells/s)
    Initialization completed in 0.004s
  Starting local value iteration...
  Reinitializing ALL 2675022 cells (V = l)
   Reinitialized 2675022 cells in 0.01s (361941886.8 cells/s)
  Local VI: updating all 2675022 cells
    Conservative mode: True
    delta_max: 1e-08
    Max iterations: 100033
    Updating successor cache for 1844712 updated cells...
    Updating successor cache for 1844712 new cells (HYBRID)...
      Affected cells: 2289014
   Trajectories + spatial queries computed in 1.88s (3659931.3 tasks/s)
    Breakdown: 45.3% ODE, 54.7% queries
     Cache updated in 2.15s (3199579.5 tasks/s)
    Local Iteration   1: ||V_upper^k - V_upper^k-1||_inf = 3.95601805137455864170, ||V_lower^k - V_lower^k-1||_inf = 3.85624200799637462111, delta^k = -3.85624200799637462111
    Local Iteration   2: ||V_upper^k - V_upper^k-1||_inf = 3.78547099647405449474, ||V_lower^k - V_lower^k-1||_inf = 3.53808249262784979550, delta^k = -3.53808249262784979550
    Local Iteration   3: ||V_upper^k - V_upper^k-1||_inf = 3.63405215661509206626, ||V_lower^k - V_lower^k-1||_inf = 3.30009471890908390179, delta^k = -3.30009471890908390179
    Local Iteration   4: ||V_upper^k - V_upper^k-1||_inf = 3.46943332469942156138, ||V_lower^k - V_lower^k-1||_inf = 3.07651574088374646365, delta^k = -3.07651574088374646365
    Local Iteration   5: ||V_upper^k - V_upper^k-1||_inf = 3.33065599171144466339, ||V_lower^k - V_lower^k-1||_inf = 2.87733189457960358837, delta^k = -2.87733189457960358837
    Local Iteration   6: ||V_upper^k - V_upper^k-1||_inf = 3.19742975204298662817, ||V_lower^k - V_lower^k-1||_inf = 2.69103141795487976751, delta^k = -2.69103141795487976751
    Local Iteration   7: ||V_upper^k - V_upper^k-1||_inf = 3.06953256196126700317, ||V_lower^k - V_lower^k-1||_inf = 2.49933364682753689223, delta^k = -2.49933364682753689223
    Local Iteration   8: ||V_upper^k - V_upper^k-1||_inf = 2.94675125948281646515, ||V_lower^k - V_lower^k-1||_inf = 2.22253532964925426541, delta^k = -2.22253532964925426541
    Local Iteration   9: ||V_upper^k - V_upper^k-1||_inf = 2.81835621640053757275, ||V_lower^k - V_lower^k-1||_inf = 2.04308481476356362805, delta^k = -2.04308481476356362805
    Local Iteration  10: ||V_upper^k - V_upper^k-1||_inf = 2.65712051677449334619, ||V_lower^k - V_lower^k-1||_inf = 1.79630096751780454767, delta^k = -1.79630096751780454767
    Local Iteration  11: ||V_upper^k - V_upper^k-1||_inf = 2.42691254591180083366, ||V_lower^k - V_lower^k-1||_inf = 1.44438593915750534968, delta^k = -1.44438593915750534968
    Local Iteration  12: ||V_upper^k - V_upper^k-1||_inf = 2.18698886500166667091, ||V_lower^k - V_lower^k-1||_inf = 0.32040256452012139121, delta^k = -0.32040256452012139121
    Local Iteration  13: ||V_upper^k - V_upper^k-1||_inf = 1.95099889812886040374, ||V_lower^k - V_lower^k-1||_inf = 0.29544498861328738482, delta^k = -0.29544498861328738482
    Local Iteration  14: ||V_upper^k - V_upper^k-1||_inf = 1.68260672771522101776, ||V_lower^k - V_lower^k-1||_inf = 0.28362718906875583613, delta^k = -0.28362718906875583613
    Local Iteration  15: ||V_upper^k - V_upper^k-1||_inf = 0.59187429622631393400, ||V_lower^k - V_lower^k-1||_inf = 0.27228210150600562489, delta^k = -0.27228210150600562489
    Local Iteration  16: ||V_upper^k - V_upper^k-1||_inf = 0.55776529066596802764, ||V_lower^k - V_lower^k-1||_inf = 0.26139081744576542210, delta^k = -0.26139081744576542210
    Local Iteration  17: ||V_upper^k - V_upper^k-1||_inf = 0.48875407104188228757, ||V_lower^k - V_lower^k-1||_inf = 0.25093518474793474748, delta^k = -0.25093518474793474748
    Local Iteration  18: ||V_upper^k - V_upper^k-1||_inf = 0.43995337252103239312, ||V_lower^k - V_lower^k-1||_inf = 0.24089777735801731762, delta^k = -0.24089777735801731762
    Local Iteration  19: ||V_upper^k - V_upper^k-1||_inf = 0.39327278439392276965, ||V_lower^k - V_lower^k-1||_inf = 0.23126186626369654720, delta^k = -0.23126186626369654720
    Local Iteration  20: ||V_upper^k - V_upper^k-1||_inf = 0.32257391318349326603, ||V_lower^k - V_lower^k-1||_inf = 0.22201139161314864534, delta^k = -0.22201139161314864534
    Local Iteration  21: ||V_upper^k - V_upper^k-1||_inf = 0.28768740572463502581, ||V_lower^k - V_lower^k-1||_inf = 0.21313093594862270175, delta^k = -0.21313093594862270175
    Local Iteration  22: ||V_upper^k - V_upper^k-1||_inf = 0.24659415458400113508, ||V_lower^k - V_lower^k-1||_inf = 0.20460569851067778036, delta^k = -0.20460569851067778036
    Local Iteration  23: ||V_upper^k - V_upper^k-1||_inf = 0.23673038840064120070, ||V_lower^k - V_lower^k-1||_inf = 0.19642147057025072243, delta^k = -0.19642147057025072243
    Local Iteration  24: ||V_upper^k - V_upper^k-1||_inf = 0.22287214146727007957, ||V_lower^k - V_lower^k-1||_inf = 0.18856461174744065801, delta^k = -0.18856461174744065801
    Local Iteration  25: ||V_upper^k - V_upper^k-1||_inf = 0.20163299759269215361, ||V_lower^k - V_lower^k-1||_inf = 0.18102202727754307388, delta^k = -0.18102202727754307388
    Local Iteration  26: ||V_upper^k - V_upper^k-1||_inf = 0.17216148222504135124, ||V_lower^k - V_lower^k-1||_inf = 0.17378114618644135980, delta^k = -0.17378114618644135980
    Local Iteration  27: ||V_upper^k - V_upper^k-1||_inf = 0.14582538401909161951, ||V_lower^k - V_lower^k-1||_inf = 0.16682990033898370541, delta^k = -0.16682990033898370541
    Local Iteration  28: ||V_upper^k - V_upper^k-1||_inf = 0.12787983758697663017, ||V_lower^k - V_lower^k-1||_inf = 0.15545468289517128113, delta^k = -0.15545468289517128113
    Local Iteration  29: ||V_upper^k - V_upper^k-1||_inf = 0.11835013811236283487, ||V_lower^k - V_lower^k-1||_inf = 0.14923649557936441434, delta^k = -0.14923649557936441434
    Local Iteration  30: ||V_upper^k - V_upper^k-1||_inf = 0.11361613258786829039, ||V_lower^k - V_lower^k-1||_inf = 0.13739071622627230251, delta^k = -0.13739071622627230251
    Local Iteration  31: ||V_upper^k - V_upper^k-1||_inf = 0.09757567142671830229, ||V_lower^k - V_lower^k-1||_inf = 0.13189508757722140375, delta^k = -0.13189508757722140375
    Local Iteration  32: ||V_upper^k - V_upper^k-1||_inf = 0.08436389676296329743, ||V_lower^k - V_lower^k-1||_inf = 0.11037223819929126156, delta^k = -0.11037223819929126156
    Local Iteration  33: ||V_upper^k - V_upper^k-1||_inf = 0.07782612259126175935, ||V_lower^k - V_lower^k-1||_inf = 0.10149250037975898753, delta^k = -0.10149250037975898753
    Local Iteration  34: ||V_upper^k - V_upper^k-1||_inf = 0.07471307768761126233, ||V_lower^k - V_lower^k-1||_inf = 0.09743280036456858362, delta^k = -0.09743280036456858362
    Local Iteration  35: ||V_upper^k - V_upper^k-1||_inf = 0.06868782795662220497, ||V_lower^k - V_lower^k-1||_inf = 0.09353548834998581807, delta^k = -0.09353548834998581807
    Local Iteration  36: ||V_upper^k - V_upper^k-1||_inf = 0.05716478682644232645, ||V_lower^k - V_lower^k-1||_inf = 0.08733622063624799092, delta^k = -0.08733622063624799092
    Local Iteration  37: ||V_upper^k - V_upper^k-1||_inf = 0.02805749357879983030, ||V_lower^k - V_lower^k-1||_inf = 0.08384277181079805019, delta^k = -0.08384277181079805019
    Local Iteration  38: ||V_upper^k - V_upper^k-1||_inf = 0.02693519383564790814, ||V_lower^k - V_lower^k-1||_inf = 0.08048906093836610820, delta^k = -0.08048906093836610820
    Local Iteration  39: ||V_upper^k - V_upper^k-1||_inf = 0.02585778608222200070, ||V_lower^k - V_lower^k-1||_inf = 0.07371923163357457787, delta^k = -0.07371923163357457787
    Local Iteration  40: ||V_upper^k - V_upper^k-1||_inf = 0.02482347463893308515, ||V_lower^k - V_lower^k-1||_inf = 0.06864196000322289604, delta^k = -0.06864196000322289604
    Local Iteration  41: ||V_upper^k - V_upper^k-1||_inf = 0.02383053565337578394, ||V_lower^k - V_lower^k-1||_inf = 0.06589628160309396465, delta^k = -0.06589628160309396465
    Local Iteration  42: ||V_upper^k - V_upper^k-1||_inf = 0.02287731422724070818, ||V_lower^k - V_lower^k-1||_inf = 0.05971009917082217844, delta^k = -0.05971009917082217844
    Local Iteration  43: ||V_upper^k - V_upper^k-1||_inf = 0.02196222165815109317, ||V_lower^k - V_lower^k-1||_inf = 0.05359207532141477270, delta^k = -0.05359207532141477270
    Local Iteration  44: ||V_upper^k - V_upper^k-1||_inf = 0.02108373279182507165, ||V_lower^k - V_lower^k-1||_inf = 0.05144839230855818846, delta^k = -0.05144839230855818846
    Local Iteration  45: ||V_upper^k - V_upper^k-1||_inf = 0.02024038348015205768, ||V_lower^k - V_lower^k-1||_inf = 0.04939045661621586925, delta^k = -0.04939045661621586925
    Local Iteration  46: ||V_upper^k - V_upper^k-1||_inf = 0.01883164457712110940, ||V_lower^k - V_lower^k-1||_inf = 0.04741483835156723448, delta^k = -0.04741483835156723448
    Local Iteration  47: ||V_upper^k - V_upper^k-1||_inf = 0.01807837879403623171, ||V_lower^k - V_lower^k-1||_inf = 0.04551824481750454954, delta^k = -0.04551824481750454954
    Local Iteration  48: ||V_upper^k - V_upper^k-1||_inf = 0.01735524364227480909, ||V_lower^k - V_lower^k-1||_inf = 0.04369751502480435923, delta^k = -0.04369751502480435923
    Local Iteration  49: ||V_upper^k - V_upper^k-1||_inf = 0.01666103389658379896, ||V_lower^k - V_lower^k-1||_inf = 0.04194961442381217598, delta^k = -0.04194961442381217598
    Local Iteration  50: ||V_upper^k - V_upper^k-1||_inf = 0.01599459254072044256, ||V_lower^k - V_lower^k-1||_inf = 0.04027162984685968283, delta^k = -0.04027162984685968283
    Local Iteration  51: ||V_upper^k - V_upper^k-1||_inf = 0.01535480883909162708, ||V_lower^k - V_lower^k-1||_inf = 0.03866076465298529108, delta^k = -0.03866076465298529108
    Local Iteration  52: ||V_upper^k - V_upper^k-1||_inf = 0.01474061648552793535, ||V_lower^k - V_lower^k-1||_inf = 0.03711433406686587277, delta^k = -0.03711433406686587277
    Local Iteration  53: ||V_upper^k - V_upper^k-1||_inf = 0.01415099182610685125, ||V_lower^k - V_lower^k-1||_inf = 0.03562976070419122954, delta^k = -0.03562976070419122954
    Local Iteration  54: ||V_upper^k - V_upper^k-1||_inf = 0.01358495215306254611, ||V_lower^k - V_lower^k-1||_inf = 0.03420457027602358258, delta^k = -0.03420457027602358258
    Local Iteration  55: ||V_upper^k - V_upper^k-1||_inf = 0.01304155406694007535, ||V_lower^k - V_lower^k-1||_inf = 0.03283638746498263039, delta^k = -0.03283638746498263039
    Local Iteration  56: ||V_upper^k - V_upper^k-1||_inf = 0.01251989190426244791, ||V_lower^k - V_lower^k-1||_inf = 0.03152293196638332462, delta^k = -0.03152293196638332462
    Local Iteration  57: ||V_upper^k - V_upper^k-1||_inf = 0.01201909622809194111, ||V_lower^k - V_lower^k-1||_inf = 0.03026201468772800329, delta^k = -0.03026201468772800329
    Local Iteration  58: ||V_upper^k - V_upper^k-1||_inf = 0.01153833237896828567, ||V_lower^k - V_lower^k-1||_inf = 0.02905153410021887872, delta^k = -0.02905153410021887872
    Local Iteration  59: ||V_upper^k - V_upper^k-1||_inf = 0.01107679908380954092, ||V_lower^k - V_lower^k-1||_inf = 0.02788947273621011913, delta^k = -0.02788947273621011913
    Local Iteration  60: ||V_upper^k - V_upper^k-1||_inf = 0.01063372712045718149, ||V_lower^k - V_lower^k-1||_inf = 0.02677389382676170770, delta^k = -0.02677389382676170770
    Local Iteration  61: ||V_upper^k - V_upper^k-1||_inf = 0.01020837803563887092, ||V_lower^k - V_lower^k-1||_inf = 0.02570293807369122829, delta^k = -0.02570293807369122829
    Local Iteration  62: ||V_upper^k - V_upper^k-1||_inf = 0.00980004291421332496, ||V_lower^k - V_lower^k-1||_inf = 0.02467482055074358277, delta^k = -0.02467482055074358277
    Local Iteration  63: ||V_upper^k - V_upper^k-1||_inf = 0.00940804119764479529, ||V_lower^k - V_lower^k-1||_inf = 0.02368782772871384085, delta^k = -0.02368782772871384085
    Local Iteration  64: ||V_upper^k - V_upper^k-1||_inf = 0.00903171954973899793, ||V_lower^k - V_lower^k-1||_inf = 0.02274031461956527861, delta^k = -0.02274031461956527861
    Local Iteration  65: ||V_upper^k - V_upper^k-1||_inf = 0.00867045076774944357, ||V_lower^k - V_lower^k-1||_inf = 0.02183070203478267024, delta^k = -0.02183070203478267024
    Local Iteration  66: ||V_upper^k - V_upper^k-1||_inf = 0.00832363273703945472, ||V_lower^k - V_lower^k-1||_inf = 0.02095747395339136315, delta^k = -0.02095747395339136315
    Local Iteration  67: ||V_upper^k - V_upper^k-1||_inf = 0.00799068742755787431, ||V_lower^k - V_lower^k-1||_inf = 0.02011917499525570086, delta^k = -0.02011917499525570086
    Local Iteration  68: ||V_upper^k - V_upper^k-1||_inf = 0.00443857592037461002, ||V_lower^k - V_lower^k-1||_inf = 0.01931440799544548170, delta^k = -0.01931440799544548170
    Local Iteration  69: ||V_upper^k - V_upper^k-1||_inf = 0.00000000000000000000, ||V_lower^k - V_lower^k-1||_inf = 0.01854183167562765966, delta^k = -0.01854183167562765966
    Local Iteration  70: ||V_upper^k - V_upper^k-1||_inf = 0.00000000000000000000, ||V_lower^k - V_lower^k-1||_inf = 0.01780015840860255105, delta^k = -0.01780015840860255105
    Local Iteration  71: ||V_upper^k - V_upper^k-1||_inf = 0.00000000000000000000, ||V_lower^k - V_lower^k-1||_inf = 0.01708815207225845151, delta^k = -0.01708815207225845151
    Local Iteration  72: ||V_upper^k - V_upper^k-1||_inf = 0.00000000000000000000, ||V_lower^k - V_lower^k-1||_inf = 0.01640462598936810734, delta^k = -0.01640462598936810734
    Local Iteration  73: ||V_upper^k - V_upper^k-1||_inf = 0.00000000000000000000, ||V_lower^k - V_lower^k-1||_inf = 0.01574844094979337833, delta^k = -0.01574844094979337833
    Local Iteration  74: ||V_upper^k - V_upper^k-1||_inf = 0.00000000000000000000, ||V_lower^k - V_lower^k-1||_inf = 0.01511850331180164542, delta^k = -0.01511850331180164542
    Local Iteration  75: ||V_upper^k - V_upper^k-1||_inf = 0.00000000000000000000, ||V_lower^k - V_lower^k-1||_inf = 0.01451376317932957793, delta^k = -0.01451376317932957793
    Local Iteration  76: ||V_upper^k - V_upper^k-1||_inf = 0.00000000000000000000, ||V_lower^k - V_lower^k-1||_inf = 0.01393321265215639870, delta^k = -0.01393321265215639870
    Local Iteration  77: ||V_upper^k - V_upper^k-1||_inf = 0.00000000000000000000, ||V_lower^k - V_lower^k-1||_inf = 0.01337588414607013970, delta^k = -0.01337588414607013970
    Local Iteration  78: ||V_upper^k - V_upper^k-1||_inf = 0.00000000000000000000, ||V_lower^k - V_lower^k-1||_inf = 0.01284084878022732912, delta^k = -0.01284084878022732912
    Local Iteration  79: ||V_upper^k - V_upper^k-1||_inf = 0.00000000000000000000, ||V_lower^k - V_lower^k-1||_inf = 0.01232721482901823207, delta^k = -0.01232721482901823207
    Local Iteration  80: ||V_upper^k - V_upper^k-1||_inf = 0.00000000000000000000, ||V_lower^k - V_lower^k-1||_inf = 0.01183412623585750056, delta^k = -0.01183412623585750056
    Local Iteration  81: ||V_upper^k - V_upper^k-1||_inf = 0.00000000000000000000, ||V_lower^k - V_lower^k-1||_inf = 0.01136076118642320026, delta^k = -0.01136076118642320026
    Local Iteration  82: ||V_upper^k - V_upper^k-1||_inf = 0.00000000000000000000, ||V_lower^k - V_lower^k-1||_inf = 0.01090633073896627586, delta^k = -0.01090633073896627586
    Local Iteration  83: ||V_upper^k - V_upper^k-1||_inf = 0.00000000000000000000, ||V_lower^k - V_lower^k-1||_inf = 0.01047007750940762497, delta^k = -0.01047007750940762497
    Local Iteration  84: ||V_upper^k - V_upper^k-1||_inf = 0.00000000000000000000, ||V_lower^k - V_lower^k-1||_inf = 0.01005127440903132163, delta^k = -0.01005127440903132163
    Local Iteration  85: ||V_upper^k - V_upper^k-1||_inf = 0.00000000000000000000, ||V_lower^k - V_lower^k-1||_inf = 0.00964922343267006488, delta^k = -0.00964922343267006488
    Local Iteration  86: ||V_upper^k - V_upper^k-1||_inf = 0.00000000000000000000, ||V_lower^k - V_lower^k-1||_inf = 0.00926325449536326631, delta^k = -0.00926325449536326631
    Local Iteration  87: ||V_upper^k - V_upper^k-1||_inf = 0.00000000000000000000, ||V_lower^k - V_lower^k-1||_inf = 0.00889272431554873413, delta^k = -0.00889272431554873413
    Local Iteration  88: ||V_upper^k - V_upper^k-1||_inf = 0.00000000000000000000, ||V_lower^k - V_lower^k-1||_inf = 0.00853701534292678269, delta^k = -0.00853701534292678269
    Local Iteration  89: ||V_upper^k - V_upper^k-1||_inf = 0.00000000000000000000, ||V_lower^k - V_lower^k-1||_inf = 0.00819553472920971082, delta^k = -0.00819553472920971082
    Local Iteration  90: ||V_upper^k - V_upper^k-1||_inf = 0.00000000000000000000, ||V_lower^k - V_lower^k-1||_inf = 0.00786771334004132336, delta^k = -0.00786771334004132336
    Local Iteration  91: ||V_upper^k - V_upper^k-1||_inf = 0.00000000000000000000, ||V_lower^k - V_lower^k-1||_inf = 0.00755300480643967057, delta^k = -0.00755300480643967057
    Local Iteration  92: ||V_upper^k - V_upper^k-1||_inf = 0.00000000000000000000, ||V_lower^k - V_lower^k-1||_inf = 0.00725088461418208277, delta^k = -0.00725088461418208277
    Local Iteration  93: ||V_upper^k - V_upper^k-1||_inf = 0.00000000000000000000, ||V_lower^k - V_lower^k-1||_inf = 0.00696084922961480099, delta^k = -0.00696084922961480099
    Local Iteration  94: ||V_upper^k - V_upper^k-1||_inf = 0.00000000000000000000, ||V_lower^k - V_lower^k-1||_inf = 0.00668241526043020923, delta^k = -0.00668241526043020923
    Local Iteration  95: ||V_upper^k - V_upper^k-1||_inf = 0.00000000000000000000, ||V_lower^k - V_lower^k-1||_inf = 0.00641511865001300266, delta^k = -0.00641511865001300266
    Local Iteration  96: ||V_upper^k - V_upper^k-1||_inf = 0.00000000000000000000, ||V_lower^k - V_lower^k-1||_inf = 0.00615851390401248207, delta^k = -0.00615851390401248207
    Local Iteration  97: ||V_upper^k - V_upper^k-1||_inf = 0.00000000000000000000, ||V_lower^k - V_lower^k-1||_inf = 0.00591217334785198133, delta^k = -0.00591217334785198133
    Local Iteration  98: ||V_upper^k - V_upper^k-1||_inf = 0.00000000000000000000, ||V_lower^k - V_lower^k-1||_inf = 0.00567568641393790228, delta^k = -0.00567568641393790228
    Local Iteration  99: ||V_upper^k - V_upper^k-1||_inf = 0.00000000000000000000, ||V_lower^k - V_lower^k-1||_inf = 0.00544865895738038536, delta^k = -0.00544865895738038536
    Local Iteration 100: ||V_upper^k - V_upper^k-1||_inf = 0.00000000000000000000, ||V_lower^k - V_lower^k-1||_inf = 0.00523071259908516883, delta^k = -0.00523071259908516883
    Local Iteration 101: ||V_upper^k - V_upper^k-1||_inf = 0.00000000000000000000, ||V_lower^k - V_lower^k-1||_inf = 0.00502148409512176083, delta^k = -0.00502148409512176083
    Local Iteration 102: ||V_upper^k - V_upper^k-1||_inf = 0.00000000000000000000, ||V_lower^k - V_lower^k-1||_inf = 0.00482062473131688977, delta^k = -0.00482062473131688977
    Local Iteration 103: ||V_upper^k - V_upper^k-1||_inf = 0.00000000000000000000, ||V_lower^k - V_lower^k-1||_inf = 0.00462779974206421578, delta^k = -0.00462779974206421578
    Local Iteration 104: ||V_upper^k - V_upper^k-1||_inf = 0.00000000000000000000, ||V_lower^k - V_lower^k-1||_inf = 0.00444268775238164729, delta^k = -0.00444268775238164729
    Local Iteration 105: ||V_upper^k - V_upper^k-1||_inf = 0.00000000000000000000, ||V_lower^k - V_lower^k-1||_inf = 0.00426498024228638174, delta^k = -0.00426498024228638174
    Local Iteration 106: ||V_upper^k - V_upper^k-1||_inf = 0.00000000000000000000, ||V_lower^k - V_lower^k-1||_inf = 0.00409438103259492613, delta^k = -0.00409438103259492613
    Local Iteration 107: ||V_upper^k - V_upper^k-1||_inf = 0.00000000000000000000, ||V_lower^k - V_lower^k-1||_inf = 0.00393060579129112832, delta^k = -0.00393060579129112832
    Local Iteration 108: ||V_upper^k - V_upper^k-1||_inf = 0.00000000000000000000, ||V_lower^k - V_lower^k-1||_inf = 0.00377338155963948159, delta^k = -0.00377338155963948159
    Local Iteration 109: ||V_upper^k - V_upper^k-1||_inf = 0.00000000000000000000, ||V_lower^k - V_lower^k-1||_inf = 0.00362244629725390170, delta^k = -0.00362244629725390170
    Local Iteration 110: ||V_upper^k - V_upper^k-1||_inf = 0.00000000000000000000, ||V_lower^k - V_lower^k-1||_inf = 0.00347754844536374633, delta^k = -0.00347754844536374633
    Local Iteration 111: ||V_upper^k - V_upper^k-1||_inf = 0.00000000000000000000, ||V_lower^k - V_lower^k-1||_inf = 0.00333844650754919724, delta^k = -0.00333844650754919724
    Local Iteration 112: ||V_upper^k - V_upper^k-1||_inf = 0.00000000000000000000, ||V_lower^k - V_lower^k-1||_inf = 0.00320490864724722914, delta^k = -0.00320490864724722914
    Local Iteration 113: ||V_upper^k - V_upper^k-1||_inf = 0.00000000000000000000, ||V_lower^k - V_lower^k-1||_inf = 0.00307671230135733980, delta^k = -0.00307671230135733980
    Local Iteration 114: ||V_upper^k - V_upper^k-1||_inf = 0.00000000000000000000, ||V_lower^k - V_lower^k-1||_inf = 0.00290606846055616215, delta^k = -0.00290606846055616215
    Local Iteration 115: ||V_upper^k - V_upper^k-1||_inf = 0.00000000000000000000, ||V_lower^k - V_lower^k-1||_inf = 0.00254336193836139646, delta^k = -0.00254336193836139646
    Local Iteration 116: ||V_upper^k - V_upper^k-1||_inf = 0.00000000000000000000, ||V_lower^k - V_lower^k-1||_inf = 0.00074202948871650472, delta^k = -0.00074202948871650472
    Local Iteration 117: ||V_upper^k - V_upper^k-1||_inf = 0.00000000000000000000, ||V_lower^k - V_lower^k-1||_inf = 0.00063291232707118374, delta^k = -0.00063291232707118374
    Local Iteration 118: ||V_upper^k - V_upper^k-1||_inf = 0.00000000000000000000, ||V_lower^k - V_lower^k-1||_inf = 0.00019773039418982587, delta^k = -0.00019773039418982587
    Local Iteration 119: ||V_upper^k - V_upper^k-1||_inf = 0.00000000000000000000, ||V_lower^k - V_lower^k-1||_inf = 0.00018982117842223246, delta^k = -0.00018982117842223246
    Local Iteration 120: ||V_upper^k - V_upper^k-1||_inf = 0.00000000000000000000, ||V_lower^k - V_lower^k-1||_inf = 0.00018222833128534333, delta^k = -0.00018222833128534333
    Local Iteration 121: ||V_upper^k - V_upper^k-1||_inf = 0.00000000000000000000, ||V_lower^k - V_lower^k-1||_inf = 0.00017493919803393022, delta^k = -0.00017493919803393022
    Local Iteration 122: ||V_upper^k - V_upper^k-1||_inf = 0.00000000000000000000, ||V_lower^k - V_lower^k-1||_inf = 0.00016794163011257281, delta^k = -0.00016794163011257281
    Local Iteration 123: ||V_upper^k - V_upper^k-1||_inf = 0.00000000000000000000, ||V_lower^k - V_lower^k-1||_inf = 0.00016122396490806951, delta^k = -0.00016122396490806951
    Local Iteration 124: ||V_upper^k - V_upper^k-1||_inf = 0.00000000000000000000, ||V_lower^k - V_lower^k-1||_inf = 0.00015477500631174692, delta^k = -0.00015477500631174692
    Local Iteration 125: ||V_upper^k - V_upper^k-1||_inf = 0.00000000000000000000, ||V_lower^k - V_lower^k-1||_inf = 0.00014858400605927699, delta^k = -0.00014858400605927699
    Local Iteration 126: ||V_upper^k - V_upper^k-1||_inf = 0.00000000000000000000, ||V_lower^k - V_lower^k-1||_inf = 0.00014264064581690590, delta^k = -0.00014264064581690590
    Local Iteration 127: ||V_upper^k - V_upper^k-1||_inf = 0.00000000000000000000, ||V_lower^k - V_lower^k-1||_inf = 0.00013693501998422990, delta^k = -0.00013693501998422990
    Local Iteration 128: ||V_upper^k - V_upper^k-1||_inf = 0.00000000000000000000, ||V_lower^k - V_lower^k-1||_inf = 0.00013145761918486069, delta^k = -0.00013145761918486069
    Local Iteration 129: ||V_upper^k - V_upper^k-1||_inf = 0.00000000000000000000, ||V_lower^k - V_lower^k-1||_inf = 0.00012619931441746604, delta^k = -0.00012619931441746604
    Local Iteration 130: ||V_upper^k - V_upper^k-1||_inf = 0.00000000000000000000, ||V_lower^k - V_lower^k-1||_inf = 0.00012115134184076740, delta^k = -0.00012115134184076740
    Local Iteration 131: ||V_upper^k - V_upper^k-1||_inf = 0.00000000000000000000, ||V_lower^k - V_lower^k-1||_inf = 0.00011630528816713656, delta^k = -0.00011630528816713656
    Local Iteration 132: ||V_upper^k - V_upper^k-1||_inf = 0.00000000000000000000, ||V_lower^k - V_lower^k-1||_inf = 0.00011165307664045112, delta^k = -0.00011165307664045112
    Local Iteration 133: ||V_upper^k - V_upper^k-1||_inf = 0.00000000000000000000, ||V_lower^k - V_lower^k-1||_inf = 0.00010718695357483324, delta^k = -0.00010718695357483324
    Local Iteration 134: ||V_upper^k - V_upper^k-1||_inf = 0.00000000000000000000, ||V_lower^k - V_lower^k-1||_inf = 0.00010289947543183978, delta^k = -0.00010289947543183978
    Local Iteration 135: ||V_upper^k - V_upper^k-1||_inf = 0.00000000000000000000, ||V_lower^k - V_lower^k-1||_inf = 0.00009878349641456643, delta^k = -0.00009878349641456643
    Local Iteration 136: ||V_upper^k - V_upper^k-1||_inf = 0.00000000000000000000, ||V_lower^k - V_lower^k-1||_inf = 0.00009483215655798358, delta^k = -0.00009483215655798358
    Local Iteration 137: ||V_upper^k - V_upper^k-1||_inf = 0.00000000000000000000, ||V_lower^k - V_lower^k-1||_inf = 0.00009103887029566441, delta^k = -0.00009103887029566441
    Local Iteration 138: ||V_upper^k - V_upper^k-1||_inf = 0.00000000000000000000, ||V_lower^k - V_lower^k-1||_inf = 0.00000393021162121672, delta^k = -0.00000393021162121672
    Local Iteration 139: ||V_upper^k - V_upper^k-1||_inf = 0.00000000000000000000, ||V_lower^k - V_lower^k-1||_inf = 0.00000000000000000000, delta^k = 0.00000000000000000000

============================================================
 CONSERVATIVE STOPPING CONDITION MET (Algorithm 3)
============================================================
  delta^k = 0.0000000000e+00 >= -delta_max
  ||V_upper^k - V_upper^k-1||_inf = 0.0000000000e+00 < 1e-08
  eps_cons = (0.96 * 0.0000000000e+00) / 0.04 = 0.0000000000e+00
  Correcting V_lower for 2675022 cells: V_lower <- V_lower - eps_cons - eps_machine
   Conservative correction applied successfully
  Machine epsilon eps_machine = 2.220e-16
    Local VI completed in 139 iterations
    Final convergence values:
      ||V_upper^final - V_upper^prev||_inf = 0.00000000e+00
      ||V_lower^final - V_lower^prev||_inf = 0.00000000e+00
  Local VI completed in 139 iterations, time: 5.449s
    Final ||V_upper^k - V_upper^k-1||_inf = 0.00000000000000000000e+00
    Final ||V_lower^k - V_lower^k-1||_inf = 0.00000000000000000000e+00
  Saved visualization: /Users/i.k.tabbara/Documents/python directory/HSCC_2027/refactored_Implementations/results_hscc_2027_newbellmans_12workers/ra_discount/dubins_res20_eps0.05_dmin1e-08_dmax1e-08_gamma0.96_dt0.3_tau0.3_cons/value_function_phase_11_complete.png
  Phase 11 completed in 6.89s with 2675022 leaf cells

Classification after phase 11:
  Safe:           707478 cells ( 26.4%),   61.0% of state space
  Unsafe:         210080 cells (  7.9%),   28.3% of state space
  Unclassified:  1757464 cells ( 65.7%),   10.7% of state space

======================================================================
REFINEMENT PHASE 12
======================================================================
Boundary cells: 1757464
  Refinable (>eta_min=0.017678): 1757464
  Below threshold: 0
  Cumulative refined: 2667022
  Refinable cell size statistics:
    Max:    0.037500
    Mean:   0.037500
    Min:    0.037500
    Median: 0.037500
  Refining 1757464 cells...
    Refined: 1757464 parent cells
    Created: 3514928 child cells
    Total cells: 4432486
    Refinement time: 0.173s
    Cumulative refined: 4424486
  Rebuilding spatial index...
  Building spatial index for 4432486 cells...
   Spatial index built in 1.09s
    Spatial index rebuilt in 1.089s
  Initializing 3514928 new cells...
  Initializing 3514928 new cells in parallel...
   Initialized in 0.01s (416409303.1 cells/s)
    Initialization completed in 0.008s
  Starting local value iteration...
  Reinitializing ALL 4432486 cells (V = l)
   Reinitialized 4432486 cells in 0.01s (339274943.6 cells/s)
  Local VI: updating all 4432486 cells
    Conservative mode: True
    delta_max: 1e-08
    Max iterations: 100033
    Updating successor cache for 3514928 updated cells...
    Updating successor cache for 3514928 new cells (HYBRID)...
      Affected cells: 4008024
   Trajectories + spatial queries computed in 3.52s (3420073.9 tasks/s)
    Breakdown: 52.1% ODE, 47.9% queries
     Cache updated in 4.00s (3006930.6 tasks/s)
    Local Iteration   1: ||V_upper^k - V_upper^k-1||_inf = 3.95601805137455864170, ||V_lower^k - V_lower^k-1||_inf = 3.87549842579029268919, delta^k = -3.87549842579029268919
    Local Iteration   2: ||V_upper^k - V_upper^k-1||_inf = 3.78547099647405449474, ||V_lower^k - V_lower^k-1||_inf = 3.53808249262784979550, delta^k = -3.53808249262784979550
    Local Iteration   3: ||V_upper^k - V_upper^k-1||_inf = 3.63405215661509206626, ||V_lower^k - V_lower^k-1||_inf = 3.30009471890908390179, delta^k = -3.30009471890908390179
    Local Iteration   4: ||V_upper^k - V_upper^k-1||_inf = 3.46943332469942156138, ||V_lower^k - V_lower^k-1||_inf = 3.16809093015272047467, delta^k = -3.16809093015272047467
    Local Iteration   5: ||V_upper^k - V_upper^k-1||_inf = 3.33065599171144466339, ||V_lower^k - V_lower^k-1||_inf = 2.95496134384654851601, delta^k = -2.95496134384654851601
    Local Iteration   6: ||V_upper^k - V_upper^k-1||_inf = 3.19742975204298662817, ||V_lower^k - V_lower^k-1||_inf = 2.75427294290685553690, delta^k = -2.75427294290685553690
    Local Iteration   7: ||V_upper^k - V_upper^k-1||_inf = 3.06953256196126700317, ||V_lower^k - V_lower^k-1||_inf = 2.54432587636120333130, delta^k = -2.54432587636120333130
    Local Iteration   8: ||V_upper^k - V_upper^k-1||_inf = 2.94675125948281646515, ||V_lower^k - V_lower^k-1||_inf = 2.28917963159602022571, delta^k = -2.28917963159602022571
    Local Iteration   9: ||V_upper^k - V_upper^k-1||_inf = 2.81835621640053757275, ||V_lower^k - V_lower^k-1||_inf = 2.13129431187801721137, delta^k = -2.13129431187801721137
    Local Iteration  10: ||V_upper^k - V_upper^k-1||_inf = 2.65712051677449334619, ||V_lower^k - V_lower^k-1||_inf = 1.78646464631157808611, delta^k = -1.78646464631157808611
    Local Iteration  11: ||V_upper^k - V_upper^k-1||_inf = 2.42691254591180083366, ||V_lower^k - V_lower^k-1||_inf = 1.45398722178152617346, delta^k = -1.45398722178152617346
    Local Iteration  12: ||V_upper^k - V_upper^k-1||_inf = 2.18698886500166667091, ||V_lower^k - V_lower^k-1||_inf = 0.41158125291010511093, delta^k = -0.41158125291010511093
    Local Iteration  13: ||V_upper^k - V_upper^k-1||_inf = 1.95099889812886040374, ||V_lower^k - V_lower^k-1||_inf = 0.29544498861328738482, delta^k = -0.29544498861328738482
    Local Iteration  14: ||V_upper^k - V_upper^k-1||_inf = 1.68260672771522101776, ||V_lower^k - V_lower^k-1||_inf = 0.28362718906875583613, delta^k = -0.28362718906875583613
    Local Iteration  15: ||V_upper^k - V_upper^k-1||_inf = 1.39203075950272081585, ||V_lower^k - V_lower^k-1||_inf = 0.25307773592316518130, delta^k = -0.25307773592316518130
    Local Iteration  16: ||V_upper^k - V_upper^k-1||_inf = 0.55532507951384002531, ||V_lower^k - V_lower^k-1||_inf = 0.24295462648623855628, delta^k = -0.24295462648623855628
    Local Iteration  17: ||V_upper^k - V_upper^k-1||_inf = 0.48470539558691827509, ||V_lower^k - V_lower^k-1||_inf = 0.23323644142678900959, delta^k = -0.23323644142678900959
    Local Iteration  18: ||V_upper^k - V_upper^k-1||_inf = 0.43338628124739675407, ||V_lower^k - V_lower^k-1||_inf = 0.19546211195807328131, delta^k = -0.19546211195807328131
    Local Iteration  19: ||V_upper^k - V_upper^k-1||_inf = 0.38979915592018055115, ||V_lower^k - V_lower^k-1||_inf = 0.18764362747975033008, delta^k = -0.18764362747975033008
    Local Iteration  20: ||V_upper^k - V_upper^k-1||_inf = 0.31462559383253063672, ||V_lower^k - V_lower^k-1||_inf = 0.18013788238056027691, delta^k = -0.18013788238056027691
    Local Iteration  21: ||V_upper^k - V_upper^k-1||_inf = 0.30045861933677464606, ||V_lower^k - V_lower^k-1||_inf = 0.17293236708533793466, delta^k = -0.17293236708533793466
    Local Iteration  22: ||V_upper^k - V_upper^k-1||_inf = 0.27942340626278994176, ||V_lower^k - V_lower^k-1||_inf = 0.16601507240192447945, delta^k = -0.16601507240192447945
    Local Iteration  23: ||V_upper^k - V_upper^k-1||_inf = 0.25395237804107728685, ||V_lower^k - V_lower^k-1||_inf = 0.15937446950584754912, delta^k = -0.15937446950584754912
    Local Iteration  24: ||V_upper^k - V_upper^k-1||_inf = 0.22149616264449356606, ||V_lower^k - V_lower^k-1||_inf = 0.15299949072561358498, delta^k = -0.15299949072561358498
    Local Iteration  25: ||V_upper^k - V_upper^k-1||_inf = 0.19891398784636071806, ||V_lower^k - V_lower^k-1||_inf = 0.14687951109658908821, delta^k = -0.14687951109658908821
    Local Iteration  26: ||V_upper^k - V_upper^k-1||_inf = 0.18904580897255529592, ||V_lower^k - V_lower^k-1||_inf = 0.14100433065272549582, delta^k = -0.14100433065272549582
    Local Iteration  27: ||V_upper^k - V_upper^k-1||_inf = 0.16276918355382063996, ||V_lower^k - V_lower^k-1||_inf = 0.13536415742661650485, delta^k = -0.13536415742661650485
    Local Iteration  28: ||V_upper^k - V_upper^k-1||_inf = 0.14879731826050124344, ||V_lower^k - V_lower^k-1||_inf = 0.12994959112955178915, delta^k = -0.12994959112955178915
    Local Iteration  29: ||V_upper^k - V_upper^k-1||_inf = 0.12961157165962333693, ||V_lower^k - V_lower^k-1||_inf = 0.12475160748436969760, delta^k = -0.12475160748436969760
    Local Iteration  30: ||V_upper^k - V_upper^k-1||_inf = 0.12442710879323837236, ||V_lower^k - V_lower^k-1||_inf = 0.11976154318499487861, delta^k = -0.11976154318499487861
    Local Iteration  31: ||V_upper^k - V_upper^k-1||_inf = 0.11945002444150887300, ||V_lower^k - V_lower^k-1||_inf = 0.11497108145759510345, delta^k = -0.11497108145759510345
    Local Iteration  32: ||V_upper^k - V_upper^k-1||_inf = 0.11467202346384852696, ||V_lower^k - V_lower^k-1||_inf = 0.11037223819929126156, delta^k = -0.11037223819929126156
    Local Iteration  33: ||V_upper^k - V_upper^k-1||_inf = 0.11008514252529466582, ||V_lower^k - V_lower^k-1||_inf = 0.10595734867131956225, delta^k = -0.10595734867131956225
    Local Iteration  34: ||V_upper^k - V_upper^k-1||_inf = 0.10434743637274235262, ||V_lower^k - V_lower^k-1||_inf = 0.10171905472446673979, delta^k = -0.10171905472446673979
    Local Iteration  35: ||V_upper^k - V_upper^k-1||_inf = 0.09193775461833630924, ||V_lower^k - V_lower^k-1||_inf = 0.09765029253548807020, delta^k = -0.09765029253548807020
    Local Iteration  36: ||V_upper^k - V_upper^k-1||_inf = 0.06877833260041255059, ||V_lower^k - V_lower^k-1||_inf = 0.09374428083406852186, delta^k = -0.09374428083406852186
    Local Iteration  37: ||V_upper^k - V_upper^k-1||_inf = 0.06602719929639588869, ||V_lower^k - V_lower^k-1||_inf = 0.08978773885115884368, delta^k = -0.08978773885115884368
    Local Iteration  38: ||V_upper^k - V_upper^k-1||_inf = 0.03092002986828767952, ||V_lower^k - V_lower^k-1||_inf = 0.08619622929711245884, delta^k = -0.08619622929711245884
    Local Iteration  39: ||V_upper^k - V_upper^k-1||_inf = 0.02585778608222200070, ||V_lower^k - V_lower^k-1||_inf = 0.08274838012522794939, delta^k = -0.08274838012522794939
    Local Iteration  40: ||V_upper^k - V_upper^k-1||_inf = 0.02482347463893308515, ||V_lower^k - V_lower^k-1||_inf = 0.07943844492021881476, delta^k = -0.07943844492021881476
    Local Iteration  41: ||V_upper^k - V_upper^k-1||_inf = 0.02383053565337578394, ||V_lower^k - V_lower^k-1||_inf = 0.07420549245334950861, delta^k = -0.07420549245334950861
    Local Iteration  42: ||V_upper^k - V_upper^k-1||_inf = 0.02287731422724070818, ||V_lower^k - V_lower^k-1||_inf = 0.07028700683421204576, delta^k = -0.07028700683421204576
    Local Iteration  43: ||V_upper^k - V_upper^k-1||_inf = 0.02196222165815109317, ||V_lower^k - V_lower^k-1||_inf = 0.06562858274460633967, delta^k = -0.06562858274460633967
    Local Iteration  44: ||V_upper^k - V_upper^k-1||_inf = 0.02108373279182507165, ||V_lower^k - V_lower^k-1||_inf = 0.06300343943482206166, delta^k = -0.06300343943482206166
    Local Iteration  45: ||V_upper^k - V_upper^k-1||_inf = 0.02024038348015205768, ||V_lower^k - V_lower^k-1||_inf = 0.06048330185742917253, delta^k = -0.06048330185742917253
    Local Iteration  46: ||V_upper^k - V_upper^k-1||_inf = 0.01943076814094596427, ||V_lower^k - V_lower^k-1||_inf = 0.05806396978313199675, delta^k = -0.05806396978313199675
    Local Iteration  47: ||V_upper^k - V_upper^k-1||_inf = 0.01865353741530811904, ||V_lower^k - V_lower^k-1||_inf = 0.05574141099180671133, delta^k = -0.05574141099180671133
    Local Iteration  48: ||V_upper^k - V_upper^k-1||_inf = 0.01735524364227480909, ||V_lower^k - V_lower^k-1||_inf = 0.05351175455213444399, delta^k = -0.05351175455213444399
    Local Iteration  49: ||V_upper^k - V_upper^k-1||_inf = 0.01666103389658379896, ||V_lower^k - V_lower^k-1||_inf = 0.05137128437004906401, delta^k = -0.05137128437004906401
    Local Iteration  50: ||V_upper^k - V_upper^k-1||_inf = 0.01599459254072044256, ||V_lower^k - V_lower^k-1||_inf = 0.04931643299524710033, delta^k = -0.04931643299524710033
    Local Iteration  51: ||V_upper^k - V_upper^k-1||_inf = 0.01535480883909162708, ||V_lower^k - V_lower^k-1||_inf = 0.04734377567543723853, delta^k = -0.04734377567543723853
    Local Iteration  52: ||V_upper^k - V_upper^k-1||_inf = 0.01474061648552793535, ||V_lower^k - V_lower^k-1||_inf = 0.04545002464841974010, delta^k = -0.04545002464841974010
    Local Iteration  53: ||V_upper^k - V_upper^k-1||_inf = 0.01415099182610685125, ||V_lower^k - V_lower^k-1||_inf = 0.04363202366248293551, delta^k = -0.04363202366248293551
    Local Iteration  54: ||V_upper^k - V_upper^k-1||_inf = 0.01358495215306254611, ||V_lower^k - V_lower^k-1||_inf = 0.04139835120534354762, delta^k = -0.04139835120534354762
    Local Iteration  55: ||V_upper^k - V_upper^k-1||_inf = 0.01304155406694007535, ||V_lower^k - V_lower^k-1||_inf = 0.03836370374627741386, delta^k = -0.03836370374627741386
    Local Iteration  56: ||V_upper^k - V_upper^k-1||_inf = 0.01251989190426244791, ||V_lower^k - V_lower^k-1||_inf = 0.03682915559642629955, delta^k = -0.03682915559642629955
    Local Iteration  57: ||V_upper^k - V_upper^k-1||_inf = 0.01201909622809194111, ||V_lower^k - V_lower^k-1||_inf = 0.03535598937256924368, delta^k = -0.03535598937256924368
    Local Iteration  58: ||V_upper^k - V_upper^k-1||_inf = 0.01153833237896828567, ||V_lower^k - V_lower^k-1||_inf = 0.03210137012204501705, delta^k = -0.03210137012204501705
    Local Iteration  59: ||V_upper^k - V_upper^k-1||_inf = 0.01107679908380954092, ||V_lower^k - V_lower^k-1||_inf = 0.03081731531716322414, delta^k = -0.03081731531716322414
    Local Iteration  60: ||V_upper^k - V_upper^k-1||_inf = 0.01063372712045718149, ||V_lower^k - V_lower^k-1||_inf = 0.02958462270447670406, delta^k = -0.02958462270447670406
    Local Iteration  61: ||V_upper^k - V_upper^k-1||_inf = 0.01020837803563887092, ||V_lower^k - V_lower^k-1||_inf = 0.02785593157683251275, delta^k = -0.02785593157683251275
    Local Iteration  62: ||V_upper^k - V_upper^k-1||_inf = 0.00980004291421332496, ||V_lower^k - V_lower^k-1||_inf = 0.02674169431375920947, delta^k = -0.02674169431375920947
    Local Iteration  63: ||V_upper^k - V_upper^k-1||_inf = 0.00940804119764479529, ||V_lower^k - V_lower^k-1||_inf = 0.02567202654120884220, delta^k = -0.02567202654120884220
    Local Iteration  64: ||V_upper^k - V_upper^k-1||_inf = 0.00903171954973899793, ||V_lower^k - V_lower^k-1||_inf = 0.02464514547956048185, delta^k = -0.02464514547956048185
    Local Iteration  65: ||V_upper^k - V_upper^k-1||_inf = 0.00867045076774944357, ||V_lower^k - V_lower^k-1||_inf = 0.02365933966037805924, delta^k = -0.02365933966037805924
    Local Iteration  66: ||V_upper^k - V_upper^k-1||_inf = 0.00832363273703945472, ||V_lower^k - V_lower^k-1||_inf = 0.02271296607396293410, delta^k = -0.02271296607396293410
    Local Iteration  67: ||V_upper^k - V_upper^k-1||_inf = 0.00799068742755787431, ||V_lower^k - V_lower^k-1||_inf = 0.02180444743100440341, delta^k = -0.02180444743100440341
    Local Iteration  68: ||V_upper^k - V_upper^k-1||_inf = 0.00767105993045558154, ||V_lower^k - V_lower^k-1||_inf = 0.02093226953376423061, delta^k = -0.02093226953376423061
    Local Iteration  69: ||V_upper^k - V_upper^k-1||_inf = 0.00002167599284080834, ||V_lower^k - V_lower^k-1||_inf = 0.02009497875241366555, delta^k = -0.02009497875241366555
    Local Iteration  70: ||V_upper^k - V_upper^k-1||_inf = 0.00000000000000000000, ||V_lower^k - V_lower^k-1||_inf = 0.01929117960231711143, delta^k = -0.01929117960231711143
    Local Iteration  71: ||V_upper^k - V_upper^k-1||_inf = 0.00000000000000000000, ||V_lower^k - V_lower^k-1||_inf = 0.01851953241822442559, delta^k = -0.01851953241822442559
    Local Iteration  72: ||V_upper^k - V_upper^k-1||_inf = 0.00000000000000000000, ||V_lower^k - V_lower^k-1||_inf = 0.01777875112149544801, delta^k = -0.01777875112149544801
    Local Iteration  73: ||V_upper^k - V_upper^k-1||_inf = 0.00000000000000000000, ||V_lower^k - V_lower^k-1||_inf = 0.01706760107663562315, delta^k = -0.01706760107663562315
    Local Iteration  74: ||V_upper^k - V_upper^k-1||_inf = 0.00000000000000000000, ||V_lower^k - V_lower^k-1||_inf = 0.01638489703357020461, delta^k = -0.01638489703357020461
    Local Iteration  75: ||V_upper^k - V_upper^k-1||_inf = 0.00000000000000000000, ||V_lower^k - V_lower^k-1||_inf = 0.01572950115222739725, delta^k = -0.01572950115222739725
    Local Iteration  76: ||V_upper^k - V_upper^k-1||_inf = 0.00000000000000000000, ||V_lower^k - V_lower^k-1||_inf = 0.01510032110613829942, delta^k = -0.01510032110613829942
    Local Iteration  77: ||V_upper^k - V_upper^k-1||_inf = 0.00000000000000000000, ||V_lower^k - V_lower^k-1||_inf = 0.01449630826189277077, delta^k = -0.01449630826189277077
    Local Iteration  78: ||V_upper^k - V_upper^k-1||_inf = 0.00000000000000000000, ||V_lower^k - V_lower^k-1||_inf = 0.01391645593141706272, delta^k = -0.01391645593141706272
    Local Iteration  79: ||V_upper^k - V_upper^k-1||_inf = 0.00000000000000000000, ||V_lower^k - V_lower^k-1||_inf = 0.01335979769416038160, delta^k = -0.01335979769416038160
    Local Iteration  80: ||V_upper^k - V_upper^k-1||_inf = 0.00000000000000000000, ||V_lower^k - V_lower^k-1||_inf = 0.01282540578639396189, delta^k = -0.01282540578639396189
    Local Iteration  81: ||V_upper^k - V_upper^k-1||_inf = 0.00000000000000000000, ||V_lower^k - V_lower^k-1||_inf = 0.01231238955493819953, delta^k = -0.01231238955493819953
    Local Iteration  82: ||V_upper^k - V_upper^k-1||_inf = 0.00000000000000000000, ||V_lower^k - V_lower^k-1||_inf = 0.01181989397274067072, delta^k = -0.01181989397274067072
    Local Iteration  83: ||V_upper^k - V_upper^k-1||_inf = 0.00000000000000000000, ||V_lower^k - V_lower^k-1||_inf = 0.01134709821383104306, delta^k = -0.01134709821383104306
    Local Iteration  84: ||V_upper^k - V_upper^k-1||_inf = 0.00000000000000000000, ||V_lower^k - V_lower^k-1||_inf = 0.01089321428527779967, delta^k = -0.01089321428527779967
    Local Iteration  85: ||V_upper^k - V_upper^k-1||_inf = 0.00000000000000000000, ||V_lower^k - V_lower^k-1||_inf = 0.01045748571386668352, delta^k = -0.01045748571386668352
    Local Iteration  86: ||V_upper^k - V_upper^k-1||_inf = 0.00000000000000000000, ||V_lower^k - V_lower^k-1||_inf = 0.01003918628531201909, delta^k = -0.01003918628531201909
    Local Iteration  87: ||V_upper^k - V_upper^k-1||_inf = 0.00000000000000000000, ||V_lower^k - V_lower^k-1||_inf = 0.00963761883389954027, delta^k = -0.00963761883389954027
    Local Iteration  88: ||V_upper^k - V_upper^k-1||_inf = 0.00000000000000000000, ||V_lower^k - V_lower^k-1||_inf = 0.00925211408054355672, delta^k = -0.00925211408054355672
    Local Iteration  89: ||V_upper^k - V_upper^k-1||_inf = 0.00000000000000000000, ||V_lower^k - V_lower^k-1||_inf = 0.00888202951732181348, delta^k = -0.00888202951732181348
    Local Iteration  90: ||V_upper^k - V_upper^k-1||_inf = 0.00000000000000000000, ||V_lower^k - V_lower^k-1||_inf = 0.00852674833662893719, delta^k = -0.00852674833662893719
    Local Iteration  91: ||V_upper^k - V_upper^k-1||_inf = 0.00000000000000000000, ||V_lower^k - V_lower^k-1||_inf = 0.00816206978333150479, delta^k = -0.00816206978333150479
    Local Iteration  92: ||V_upper^k - V_upper^k-1||_inf = 0.00000000000000000000, ||V_lower^k - V_lower^k-1||_inf = 0.00725088461418208277, delta^k = -0.00725088461418208277
    Local Iteration  93: ||V_upper^k - V_upper^k-1||_inf = 0.00000000000000000000, ||V_lower^k - V_lower^k-1||_inf = 0.00696084922961480099, delta^k = -0.00696084922961480099
    Local Iteration  94: ||V_upper^k - V_upper^k-1||_inf = 0.00000000000000000000, ||V_lower^k - V_lower^k-1||_inf = 0.00668241526043020923, delta^k = -0.00668241526043020923
    Local Iteration  95: ||V_upper^k - V_upper^k-1||_inf = 0.00000000000000000000, ||V_lower^k - V_lower^k-1||_inf = 0.00641511865001300266, delta^k = -0.00641511865001300266
    Local Iteration  96: ||V_upper^k - V_upper^k-1||_inf = 0.00000000000000000000, ||V_lower^k - V_lower^k-1||_inf = 0.00615851390401248207, delta^k = -0.00615851390401248207
    Local Iteration  97: ||V_upper^k - V_upper^k-1||_inf = 0.00000000000000000000, ||V_lower^k - V_lower^k-1||_inf = 0.00591217334785198133, delta^k = -0.00591217334785198133
    Local Iteration  98: ||V_upper^k - V_upper^k-1||_inf = 0.00000000000000000000, ||V_lower^k - V_lower^k-1||_inf = 0.00567568641393790228, delta^k = -0.00567568641393790228
    Local Iteration  99: ||V_upper^k - V_upper^k-1||_inf = 0.00000000000000000000, ||V_lower^k - V_lower^k-1||_inf = 0.00544865895738038536, delta^k = -0.00544865895738038536
    Local Iteration 100: ||V_upper^k - V_upper^k-1||_inf = 0.00000000000000000000, ||V_lower^k - V_lower^k-1||_inf = 0.00523071259908516883, delta^k = -0.00523071259908516883
    Local Iteration 101: ||V_upper^k - V_upper^k-1||_inf = 0.00000000000000000000, ||V_lower^k - V_lower^k-1||_inf = 0.00502148409512176083, delta^k = -0.00502148409512176083
    Local Iteration 102: ||V_upper^k - V_upper^k-1||_inf = 0.00000000000000000000, ||V_lower^k - V_lower^k-1||_inf = 0.00482062473131688977, delta^k = -0.00482062473131688977
    Local Iteration 103: ||V_upper^k - V_upper^k-1||_inf = 0.00000000000000000000, ||V_lower^k - V_lower^k-1||_inf = 0.00462779974206421578, delta^k = -0.00462779974206421578
    Local Iteration 104: ||V_upper^k - V_upper^k-1||_inf = 0.00000000000000000000, ||V_lower^k - V_lower^k-1||_inf = 0.00444268775238164729, delta^k = -0.00444268775238164729
    Local Iteration 105: ||V_upper^k - V_upper^k-1||_inf = 0.00000000000000000000, ||V_lower^k - V_lower^k-1||_inf = 0.00426498024228638174, delta^k = -0.00426498024228638174
    Local Iteration 106: ||V_upper^k - V_upper^k-1||_inf = 0.00000000000000000000, ||V_lower^k - V_lower^k-1||_inf = 0.00409438103259492613, delta^k = -0.00409438103259492613
    Local Iteration 107: ||V_upper^k - V_upper^k-1||_inf = 0.00000000000000000000, ||V_lower^k - V_lower^k-1||_inf = 0.00393060579129112832, delta^k = -0.00393060579129112832
    Local Iteration 108: ||V_upper^k - V_upper^k-1||_inf = 0.00000000000000000000, ||V_lower^k - V_lower^k-1||_inf = 0.00377338155963948159, delta^k = -0.00377338155963948159
    Local Iteration 109: ||V_upper^k - V_upper^k-1||_inf = 0.00000000000000000000, ||V_lower^k - V_lower^k-1||_inf = 0.00362244629725390170, delta^k = -0.00362244629725390170
    Local Iteration 110: ||V_upper^k - V_upper^k-1||_inf = 0.00000000000000000000, ||V_lower^k - V_lower^k-1||_inf = 0.00347754844536374633, delta^k = -0.00347754844536374633
    Local Iteration 111: ||V_upper^k - V_upper^k-1||_inf = 0.00000000000000000000, ||V_lower^k - V_lower^k-1||_inf = 0.00333844650754919724, delta^k = -0.00333844650754919724
    Local Iteration 112: ||V_upper^k - V_upper^k-1||_inf = 0.00000000000000000000, ||V_lower^k - V_lower^k-1||_inf = 0.00320490864724722914, delta^k = -0.00320490864724722914
    Local Iteration 113: ||V_upper^k - V_upper^k-1||_inf = 0.00000000000000000000, ||V_lower^k - V_lower^k-1||_inf = 0.00307671230135733980, delta^k = -0.00307671230135733980
    Local Iteration 114: ||V_upper^k - V_upper^k-1||_inf = 0.00000000000000000000, ||V_lower^k - V_lower^k-1||_inf = 0.00295364380930304531, delta^k = -0.00295364380930304531
    Local Iteration 115: ||V_upper^k - V_upper^k-1||_inf = 0.00000000000000000000, ||V_lower^k - V_lower^k-1||_inf = 0.00283549805693092318, delta^k = -0.00283549805693092318
    Local Iteration 116: ||V_upper^k - V_upper^k-1||_inf = 0.00000000000000000000, ||V_lower^k - V_lower^k-1||_inf = 0.00272207813465368594, delta^k = -0.00272207813465368594
    Local Iteration 117: ||V_upper^k - V_upper^k-1||_inf = 0.00000000000000000000, ||V_lower^k - V_lower^k-1||_inf = 0.00261319500926753771, delta^k = -0.00261319500926753771
    Local Iteration 118: ||V_upper^k - V_upper^k-1||_inf = 0.00000000000000000000, ||V_lower^k - V_lower^k-1||_inf = 0.00250866720889683648, delta^k = -0.00250866720889683648
    Local Iteration 119: ||V_upper^k - V_upper^k-1||_inf = 0.00000000000000000000, ||V_lower^k - V_lower^k-1||_inf = 0.00200067856745640010, delta^k = -0.00200067856745640010
    Local Iteration 120: ||V_upper^k - V_upper^k-1||_inf = 0.00000000000000000000, ||V_lower^k - V_lower^k-1||_inf = 0.00120768670461776206, delta^k = -0.00120768670461776206
    Local Iteration 121: ||V_upper^k - V_upper^k-1||_inf = 0.00000000000000000000, ||V_lower^k - V_lower^k-1||_inf = 0.00115937923643305140, delta^k = -0.00115937923643305140
    Local Iteration 122: ||V_upper^k - V_upper^k-1||_inf = 0.00000000000000000000, ||V_lower^k - V_lower^k-1||_inf = 0.00051605943146832475, delta^k = -0.00051605943146832475
    Local Iteration 123: ||V_upper^k - V_upper^k-1||_inf = 0.00000000000000000000, ||V_lower^k - V_lower^k-1||_inf = 0.00016122396490806951, delta^k = -0.00016122396490806951
    Local Iteration 124: ||V_upper^k - V_upper^k-1||_inf = 0.00000000000000000000, ||V_lower^k - V_lower^k-1||_inf = 0.00015477500631174692, delta^k = -0.00015477500631174692
    Local Iteration 125: ||V_upper^k - V_upper^k-1||_inf = 0.00000000000000000000, ||V_lower^k - V_lower^k-1||_inf = 0.00014858400605927699, delta^k = -0.00014858400605927699
    Local Iteration 126: ||V_upper^k - V_upper^k-1||_inf = 0.00000000000000000000, ||V_lower^k - V_lower^k-1||_inf = 0.00014264064581690590, delta^k = -0.00014264064581690590
    Local Iteration 127: ||V_upper^k - V_upper^k-1||_inf = 0.00000000000000000000, ||V_lower^k - V_lower^k-1||_inf = 0.00013693501998422990, delta^k = -0.00013693501998422990
    Local Iteration 128: ||V_upper^k - V_upper^k-1||_inf = 0.00000000000000000000, ||V_lower^k - V_lower^k-1||_inf = 0.00013145761918486069, delta^k = -0.00013145761918486069
    Local Iteration 129: ||V_upper^k - V_upper^k-1||_inf = 0.00000000000000000000, ||V_lower^k - V_lower^k-1||_inf = 0.00012619931441746604, delta^k = -0.00012619931441746604
    Local Iteration 130: ||V_upper^k - V_upper^k-1||_inf = 0.00000000000000000000, ||V_lower^k - V_lower^k-1||_inf = 0.00012115134184076740, delta^k = -0.00012115134184076740
    Local Iteration 131: ||V_upper^k - V_upper^k-1||_inf = 0.00000000000000000000, ||V_lower^k - V_lower^k-1||_inf = 0.00011630528816713656, delta^k = -0.00011630528816713656
    Local Iteration 132: ||V_upper^k - V_upper^k-1||_inf = 0.00000000000000000000, ||V_lower^k - V_lower^k-1||_inf = 0.00011165307664045112, delta^k = -0.00011165307664045112
    Local Iteration 133: ||V_upper^k - V_upper^k-1||_inf = 0.00000000000000000000, ||V_lower^k - V_lower^k-1||_inf = 0.00010718695357483324, delta^k = -0.00010718695357483324
    Local Iteration 134: ||V_upper^k - V_upper^k-1||_inf = 0.00000000000000000000, ||V_lower^k - V_lower^k-1||_inf = 0.00010289947543183978, delta^k = -0.00010289947543183978
    Local Iteration 135: ||V_upper^k - V_upper^k-1||_inf = 0.00000000000000000000, ||V_lower^k - V_lower^k-1||_inf = 0.00009878349641456643, delta^k = -0.00009878349641456643
    Local Iteration 136: ||V_upper^k - V_upper^k-1||_inf = 0.00000000000000000000, ||V_lower^k - V_lower^k-1||_inf = 0.00009483215655798358, delta^k = -0.00009483215655798358
    Local Iteration 137: ||V_upper^k - V_upper^k-1||_inf = 0.00000000000000000000, ||V_lower^k - V_lower^k-1||_inf = 0.00000409397043876769, delta^k = -0.00000409397043876769
    Local Iteration 138: ||V_upper^k - V_upper^k-1||_inf = 0.00000000000000000000, ||V_lower^k - V_lower^k-1||_inf = 0.00000000000000000000, delta^k = 0.00000000000000000000

============================================================
 CONSERVATIVE STOPPING CONDITION MET (Algorithm 3)
============================================================
  delta^k = 0.0000000000e+00 >= -delta_max
  ||V_upper^k - V_upper^k-1||_inf = 0.0000000000e+00 < 1e-08
  eps_cons = (0.96 * 0.0000000000e+00) / 0.04 = 0.0000000000e+00
  Correcting V_lower for 4432486 cells: V_lower <- V_lower - eps_cons - eps_machine
   Conservative correction applied successfully
  Machine epsilon eps_machine = 2.220e-16
    Local VI completed in 138 iterations
    Final convergence values:
      ||V_upper^final - V_upper^prev||_inf = 0.00000000e+00
      ||V_lower^final - V_lower^prev||_inf = 0.00000000e+00
  Local VI completed in 138 iterations, time: 9.520s
    Final ||V_upper^k - V_upper^k-1||_inf = 0.00000000000000000000e+00
    Final ||V_lower^k - V_lower^k-1||_inf = 0.00000000000000000000e+00
  Saved visualization: /Users/i.k.tabbara/Documents/python directory/HSCC_2027/refactored_Implementations/results_hscc_2027_newbellmans_12workers/ra_discount/dubins_res20_eps0.05_dmin1e-08_dmax1e-08_gamma0.96_dt0.3_tau0.3_cons/value_function_phase_12_complete.png
  Phase 12 completed in 11.57s with 4432486 leaf cells

Classification after phase 12:
  Safe:          1786438 cells ( 40.3%),   64.3% of state space
  Unsafe:         807636 cells ( 18.2%),   30.1% of state space
  Unclassified:  1838412 cells ( 41.5%),    5.6% of state space

======================================================================
REFINEMENT PHASE 13
======================================================================
Boundary cells: 1838412
  Refinable (>eta_min=0.017678): 1838412
  Below threshold: 0
  Cumulative refined: 4424486
  Refinable cell size statistics:
    Max:    0.019635
    Mean:   0.019635
    Min:    0.019635
    Median: 0.019635
  Refining 1838412 cells...
    Refined: 1838412 parent cells
    Created: 3676824 child cells
    Total cells: 6270898
    Refinement time: 0.073s
    Cumulative refined: 6262898
  Rebuilding spatial index...
  Building spatial index for 6270898 cells...
   Spatial index built in 1.64s
    Spatial index rebuilt in 1.640s
  Initializing 3676824 new cells...
  Initializing 3676824 new cells in parallel...
   Initialized in 0.01s (410835537.8 cells/s)
    Initialization completed in 0.009s
  Starting local value iteration...
  Reinitializing ALL 6270898 cells (V = l)
   Reinitialized 6270898 cells in 0.02s (306794770.8 cells/s)
  Local VI: updating all 6270898 cells
    Conservative mode: True
    delta_max: 1e-08
    Max iterations: 100033
    Updating successor cache for 3676824 updated cells...
    Updating successor cache for 3676824 new cells (HYBRID)...
      Affected cells: 4681172
   Trajectories + spatial queries computed in 4.10s (3426422.7 tasks/s)
    Breakdown: 49.4% ODE, 50.6% queries
     Cache updated in 4.70s (2988871.3 tasks/s)
    Local Iteration   1: ||V_upper^k - V_upper^k-1||_inf = 3.95601805137455864170, ||V_lower^k - V_lower^k-1||_inf = 3.87612418282478987663, delta^k = -3.87612418282478987663
    Local Iteration   2: ||V_upper^k - V_upper^k-1||_inf = 3.78547099647405449474, ||V_lower^k - V_lower^k-1||_inf = 3.53808249262784979550, delta^k = -3.53808249262784979550
    Local Iteration   3: ||V_upper^k - V_upper^k-1||_inf = 3.63405215661509206626, ||V_lower^k - V_lower^k-1||_inf = 3.30009471890908390179, delta^k = -3.30009471890908390179
    Local Iteration   4: ||V_upper^k - V_upper^k-1||_inf = 3.46943332469942156138, ||V_lower^k - V_lower^k-1||_inf = 3.16809093015272047467, delta^k = -3.16809093015272047467
    Local Iteration   5: ||V_upper^k - V_upper^k-1||_inf = 3.33065599171144466339, ||V_lower^k - V_lower^k-1||_inf = 2.95496134384654851601, delta^k = -2.95496134384654851601
    Local Iteration   6: ||V_upper^k - V_upper^k-1||_inf = 3.19742975204298662817, ||V_lower^k - V_lower^k-1||_inf = 2.75489869994135272435, delta^k = -2.75489869994135272435
    Local Iteration   7: ||V_upper^k - V_upper^k-1||_inf = 3.06953256196126700317, ||V_lower^k - V_lower^k-1||_inf = 2.53688741617974677922, delta^k = -2.53688741617974677922
    Local Iteration   8: ||V_upper^k - V_upper^k-1||_inf = 2.94675125948281646515, ||V_lower^k - V_lower^k-1||_inf = 2.28917963159602022571, delta^k = -2.28917963159602022571
    Local Iteration   9: ||V_upper^k - V_upper^k-1||_inf = 2.81835621640053757275, ||V_lower^k - V_lower^k-1||_inf = 2.04114846908128599878, delta^k = -2.04114846908128599878
    Local Iteration  10: ||V_upper^k - V_upper^k-1||_inf = 2.65712051677449334619, ||V_lower^k - V_lower^k-1||_inf = 1.57489274414490987297, delta^k = -1.57489274414490987297
    Local Iteration  11: ||V_upper^k - V_upper^k-1||_inf = 2.42691254591180083366, ||V_lower^k - V_lower^k-1||_inf = 0.53197450018570469066, delta^k = -0.53197450018570469066
    Local Iteration  12: ||V_upper^k - V_upper^k-1||_inf = 2.18698886500166667091, ||V_lower^k - V_lower^k-1||_inf = 0.30775519647217430830, delta^k = -0.30775519647217430830
    Local Iteration  13: ||V_upper^k - V_upper^k-1||_inf = 1.95099889812886040374, ||V_lower^k - V_lower^k-1||_inf = 0.29544498861328738482, delta^k = -0.29544498861328738482
    Local Iteration  14: ||V_upper^k - V_upper^k-1||_inf = 1.68260672771522101776, ||V_lower^k - V_lower^k-1||_inf = 0.28362718906875583613, delta^k = -0.28362718906875583613
    Local Iteration  15: ||V_upper^k - V_upper^k-1||_inf = 1.39203075950272081585, ||V_lower^k - V_lower^k-1||_inf = 0.25307773592316518130, delta^k = -0.25307773592316518130
    Local Iteration  16: ||V_upper^k - V_upper^k-1||_inf = 0.55532507951384002531, ||V_lower^k - V_lower^k-1||_inf = 0.24295462648623855628, delta^k = -0.24295462648623855628
    Local Iteration  17: ||V_upper^k - V_upper^k-1||_inf = 0.48470539558691827509, ||V_lower^k - V_lower^k-1||_inf = 0.23323644142678900959, delta^k = -0.23323644142678900959
    Local Iteration  18: ||V_upper^k - V_upper^k-1||_inf = 0.43338628124739675407, ||V_lower^k - V_lower^k-1||_inf = 0.19546211195807328131, delta^k = -0.19546211195807328131
    Local Iteration  19: ||V_upper^k - V_upper^k-1||_inf = 0.38979915592018055115, ||V_lower^k - V_lower^k-1||_inf = 0.18764362747975033008, delta^k = -0.18764362747975033008
    Local Iteration  20: ||V_upper^k - V_upper^k-1||_inf = 0.31462559383253063672, ||V_lower^k - V_lower^k-1||_inf = 0.18013788238056027691, delta^k = -0.18013788238056027691
    Local Iteration  21: ||V_upper^k - V_upper^k-1||_inf = 0.30045861933677464606, ||V_lower^k - V_lower^k-1||_inf = 0.17293236708533793466, delta^k = -0.17293236708533793466
    Local Iteration  22: ||V_upper^k - V_upper^k-1||_inf = 0.27942340626278994176, ||V_lower^k - V_lower^k-1||_inf = 0.16601507240192447945, delta^k = -0.16601507240192447945
    Local Iteration  23: ||V_upper^k - V_upper^k-1||_inf = 0.25395237804107728685, ||V_lower^k - V_lower^k-1||_inf = 0.15937446950584754912, delta^k = -0.15937446950584754912
    Local Iteration  24: ||V_upper^k - V_upper^k-1||_inf = 0.22981946982262257961, ||V_lower^k - V_lower^k-1||_inf = 0.15299949072561358498, delta^k = -0.15299949072561358498
    Local Iteration  25: ||V_upper^k - V_upper^k-1||_inf = 0.20454050672989587678, ||V_lower^k - V_lower^k-1||_inf = 0.14687951109658908821, delta^k = -0.14687951109658908821
    Local Iteration  26: ||V_upper^k - V_upper^k-1||_inf = 0.18904580897255529592, ||V_lower^k - V_lower^k-1||_inf = 0.14100433065272549582, delta^k = -0.14100433065272549582
    Local Iteration  27: ||V_upper^k - V_upper^k-1||_inf = 0.16276918355382063996, ||V_lower^k - V_lower^k-1||_inf = 0.13536415742661650485, delta^k = -0.13536415742661650485
    Local Iteration  28: ||V_upper^k - V_upper^k-1||_inf = 0.14879731826050124344, ||V_lower^k - V_lower^k-1||_inf = 0.12994959112955178915, delta^k = -0.12994959112955178915
    Local Iteration  29: ||V_upper^k - V_upper^k-1||_inf = 0.12961157165962333693, ||V_lower^k - V_lower^k-1||_inf = 0.12475160748436969760, delta^k = -0.12475160748436969760
    Local Iteration  30: ||V_upper^k - V_upper^k-1||_inf = 0.12442710879323837236, ||V_lower^k - V_lower^k-1||_inf = 0.11976154318499487861, delta^k = -0.11976154318499487861
    Local Iteration  31: ||V_upper^k - V_upper^k-1||_inf = 0.11945002444150887300, ||V_lower^k - V_lower^k-1||_inf = 0.11497108145759510345, delta^k = -0.11497108145759510345
    Local Iteration  32: ||V_upper^k - V_upper^k-1||_inf = 0.11467202346384852696, ||V_lower^k - V_lower^k-1||_inf = 0.11037223819929126156, delta^k = -0.11037223819929126156
    Local Iteration  33: ||V_upper^k - V_upper^k-1||_inf = 0.11008514252529466582, ||V_lower^k - V_lower^k-1||_inf = 0.10595734867131956225, delta^k = -0.10595734867131956225
    Local Iteration  34: ||V_upper^k - V_upper^k-1||_inf = 0.10568173682428283477, ||V_lower^k - V_lower^k-1||_inf = 0.10171905472446673979, delta^k = -0.10171905472446673979
    Local Iteration  35: ||V_upper^k - V_upper^k-1||_inf = 0.09193775461833630924, ||V_lower^k - V_lower^k-1||_inf = 0.09765029253548807020, delta^k = -0.09765029253548807020
    Local Iteration  36: ||V_upper^k - V_upper^k-1||_inf = 0.06877833260041255059, ||V_lower^k - V_lower^k-1||_inf = 0.09374428083406852186, delta^k = -0.09374428083406852186
    Local Iteration  37: ||V_upper^k - V_upper^k-1||_inf = 0.06024174583899488677, ||V_lower^k - V_lower^k-1||_inf = 0.08978773885115884368, delta^k = -0.08978773885115884368
    Local Iteration  38: ||V_upper^k - V_upper^k-1||_inf = 0.03092002986828767952, ||V_lower^k - V_lower^k-1||_inf = 0.08619622929711245884, delta^k = -0.08619622929711245884
    Local Iteration  39: ||V_upper^k - V_upper^k-1||_inf = 0.02585778608222200070, ||V_lower^k - V_lower^k-1||_inf = 0.08274838012522794939, delta^k = -0.08274838012522794939
    Local Iteration  40: ||V_upper^k - V_upper^k-1||_inf = 0.02482347463893308515, ||V_lower^k - V_lower^k-1||_inf = 0.07943844492021881476, delta^k = -0.07943844492021881476
    Local Iteration  41: ||V_upper^k - V_upper^k-1||_inf = 0.02383053565337578394, ||V_lower^k - V_lower^k-1||_inf = 0.07420549245334950861, delta^k = -0.07420549245334950861
    Local Iteration  42: ||V_upper^k - V_upper^k-1||_inf = 0.02287731422724070818, ||V_lower^k - V_lower^k-1||_inf = 0.07028700683421204576, delta^k = -0.07028700683421204576
    Local Iteration  43: ||V_upper^k - V_upper^k-1||_inf = 0.02196222165815109317, ||V_lower^k - V_lower^k-1||_inf = 0.06562858274460633967, delta^k = -0.06562858274460633967
    Local Iteration  44: ||V_upper^k - V_upper^k-1||_inf = 0.02108373279182507165, ||V_lower^k - V_lower^k-1||_inf = 0.06300343943482206166, delta^k = -0.06300343943482206166
    Local Iteration  45: ||V_upper^k - V_upper^k-1||_inf = 0.02024038348015205768, ||V_lower^k - V_lower^k-1||_inf = 0.06048330185742917253, delta^k = -0.06048330185742917253
    Local Iteration  46: ||V_upper^k - V_upper^k-1||_inf = 0.01943076814094596427, ||V_lower^k - V_lower^k-1||_inf = 0.05806396978313199675, delta^k = -0.05806396978313199675
    Local Iteration  47: ||V_upper^k - V_upper^k-1||_inf = 0.01865353741530811904, ||V_lower^k - V_lower^k-1||_inf = 0.05574141099180671133, delta^k = -0.05574141099180671133
    Local Iteration  48: ||V_upper^k - V_upper^k-1||_inf = 0.01735524364227480909, ||V_lower^k - V_lower^k-1||_inf = 0.05351175455213444399, delta^k = -0.05351175455213444399
    Local Iteration  49: ||V_upper^k - V_upper^k-1||_inf = 0.01666103389658379896, ||V_lower^k - V_lower^k-1||_inf = 0.05137128437004906401, delta^k = -0.05137128437004906401
    Local Iteration  50: ||V_upper^k - V_upper^k-1||_inf = 0.01599459254072044256, ||V_lower^k - V_lower^k-1||_inf = 0.04931643299524710033, delta^k = -0.04931643299524710033
    Local Iteration  51: ||V_upper^k - V_upper^k-1||_inf = 0.01535480883909162708, ||V_lower^k - V_lower^k-1||_inf = 0.04734377567543723853, delta^k = -0.04734377567543723853
    Local Iteration  52: ||V_upper^k - V_upper^k-1||_inf = 0.01474061648552793535, ||V_lower^k - V_lower^k-1||_inf = 0.04545002464841974010, delta^k = -0.04545002464841974010
    Local Iteration  53: ||V_upper^k - V_upper^k-1||_inf = 0.01415099182610685125, ||V_lower^k - V_lower^k-1||_inf = 0.04363202366248293551, delta^k = -0.04363202366248293551
    Local Iteration  54: ||V_upper^k - V_upper^k-1||_inf = 0.01358495215306254611, ||V_lower^k - V_lower^k-1||_inf = 0.04139835120534354762, delta^k = -0.04139835120534354762
    Local Iteration  55: ||V_upper^k - V_upper^k-1||_inf = 0.01304155406694007535, ||V_lower^k - V_lower^k-1||_inf = 0.03836370374627741386, delta^k = -0.03836370374627741386
    Local Iteration  56: ||V_upper^k - V_upper^k-1||_inf = 0.01251989190426244791, ||V_lower^k - V_lower^k-1||_inf = 0.03682915559642629955, delta^k = -0.03682915559642629955
    Local Iteration  57: ||V_upper^k - V_upper^k-1||_inf = 0.01201909622809194111, ||V_lower^k - V_lower^k-1||_inf = 0.03535598937256924368, delta^k = -0.03535598937256924368
    Local Iteration  58: ||V_upper^k - V_upper^k-1||_inf = 0.01153833237896828567, ||V_lower^k - V_lower^k-1||_inf = 0.03210137012204501705, delta^k = -0.03210137012204501705
    Local Iteration  59: ||V_upper^k - V_upper^k-1||_inf = 0.01107679908380954092, ||V_lower^k - V_lower^k-1||_inf = 0.03081731531716322414, delta^k = -0.03081731531716322414
    Local Iteration  60: ||V_upper^k - V_upper^k-1||_inf = 0.01063372712045718149, ||V_lower^k - V_lower^k-1||_inf = 0.02958462270447670406, delta^k = -0.02958462270447670406
    Local Iteration  61: ||V_upper^k - V_upper^k-1||_inf = 0.01020837803563887092, ||V_lower^k - V_lower^k-1||_inf = 0.02785593157683251275, delta^k = -0.02785593157683251275
    Local Iteration  62: ||V_upper^k - V_upper^k-1||_inf = 0.00980004291421332496, ||V_lower^k - V_lower^k-1||_inf = 0.02674169431375920947, delta^k = -0.02674169431375920947
    Local Iteration  63: ||V_upper^k - V_upper^k-1||_inf = 0.00940804119764479529, ||V_lower^k - V_lower^k-1||_inf = 0.02567202654120884220, delta^k = -0.02567202654120884220
    Local Iteration  64: ||V_upper^k - V_upper^k-1||_inf = 0.00903171954973899793, ||V_lower^k - V_lower^k-1||_inf = 0.02464514547956048185, delta^k = -0.02464514547956048185
    Local Iteration  65: ||V_upper^k - V_upper^k-1||_inf = 0.00867045076774944357, ||V_lower^k - V_lower^k-1||_inf = 0.02365933966037805924, delta^k = -0.02365933966037805924
    Local Iteration  66: ||V_upper^k - V_upper^k-1||_inf = 0.00832363273703945472, ||V_lower^k - V_lower^k-1||_inf = 0.02271296607396293410, delta^k = -0.02271296607396293410
    Local Iteration  67: ||V_upper^k - V_upper^k-1||_inf = 0.00799068742755787431, ||V_lower^k - V_lower^k-1||_inf = 0.02180444743100440341, delta^k = -0.02180444743100440341
    Local Iteration  68: ||V_upper^k - V_upper^k-1||_inf = 0.00767105993045558154, ||V_lower^k - V_lower^k-1||_inf = 0.02093226953376423061, delta^k = -0.02093226953376423061
    Local Iteration  69: ||V_upper^k - V_upper^k-1||_inf = 0.00002167599284080834, ||V_lower^k - V_lower^k-1||_inf = 0.02009497875241366555, delta^k = -0.02009497875241366555
    Local Iteration  70: ||V_upper^k - V_upper^k-1||_inf = 0.00000000000000000000, ||V_lower^k - V_lower^k-1||_inf = 0.01929117960231711143, delta^k = -0.01929117960231711143
    Local Iteration  71: ||V_upper^k - V_upper^k-1||_inf = 0.00000000000000000000, ||V_lower^k - V_lower^k-1||_inf = 0.01851953241822442559, delta^k = -0.01851953241822442559
    Local Iteration  72: ||V_upper^k - V_upper^k-1||_inf = 0.00000000000000000000, ||V_lower^k - V_lower^k-1||_inf = 0.01777875112149544801, delta^k = -0.01777875112149544801
    Local Iteration  73: ||V_upper^k - V_upper^k-1||_inf = 0.00000000000000000000, ||V_lower^k - V_lower^k-1||_inf = 0.01706760107663562315, delta^k = -0.01706760107663562315
    Local Iteration  74: ||V_upper^k - V_upper^k-1||_inf = 0.00000000000000000000, ||V_lower^k - V_lower^k-1||_inf = 0.01638489703357020461, delta^k = -0.01638489703357020461
    Local Iteration  75: ||V_upper^k - V_upper^k-1||_inf = 0.00000000000000000000, ||V_lower^k - V_lower^k-1||_inf = 0.01572950115222739725, delta^k = -0.01572950115222739725
    Local Iteration  76: ||V_upper^k - V_upper^k-1||_inf = 0.00000000000000000000, ||V_lower^k - V_lower^k-1||_inf = 0.01510032110613829942, delta^k = -0.01510032110613829942
    Local Iteration  77: ||V_upper^k - V_upper^k-1||_inf = 0.00000000000000000000, ||V_lower^k - V_lower^k-1||_inf = 0.01449630826189277077, delta^k = -0.01449630826189277077
    Local Iteration  78: ||V_upper^k - V_upper^k-1||_inf = 0.00000000000000000000, ||V_lower^k - V_lower^k-1||_inf = 0.01391645593141706272, delta^k = -0.01391645593141706272
    Local Iteration  79: ||V_upper^k - V_upper^k-1||_inf = 0.00000000000000000000, ||V_lower^k - V_lower^k-1||_inf = 0.01335979769416038160, delta^k = -0.01335979769416038160
    Local Iteration  80: ||V_upper^k - V_upper^k-1||_inf = 0.00000000000000000000, ||V_lower^k - V_lower^k-1||_inf = 0.01282540578639396189, delta^k = -0.01282540578639396189
    Local Iteration  81: ||V_upper^k - V_upper^k-1||_inf = 0.00000000000000000000, ||V_lower^k - V_lower^k-1||_inf = 0.01231238955493819953, delta^k = -0.01231238955493819953
    Local Iteration  82: ||V_upper^k - V_upper^k-1||_inf = 0.00000000000000000000, ||V_lower^k - V_lower^k-1||_inf = 0.01181989397274067072, delta^k = -0.01181989397274067072
    Local Iteration  83: ||V_upper^k - V_upper^k-1||_inf = 0.00000000000000000000, ||V_lower^k - V_lower^k-1||_inf = 0.01134709821383104306, delta^k = -0.01134709821383104306
    Local Iteration  84: ||V_upper^k - V_upper^k-1||_inf = 0.00000000000000000000, ||V_lower^k - V_lower^k-1||_inf = 0.01089321428527779967, delta^k = -0.01089321428527779967
    Local Iteration  85: ||V_upper^k - V_upper^k-1||_inf = 0.00000000000000000000, ||V_lower^k - V_lower^k-1||_inf = 0.01045748571386668352, delta^k = -0.01045748571386668352
    Local Iteration  86: ||V_upper^k - V_upper^k-1||_inf = 0.00000000000000000000, ||V_lower^k - V_lower^k-1||_inf = 0.01003918628531201909, delta^k = -0.01003918628531201909
    Local Iteration  87: ||V_upper^k - V_upper^k-1||_inf = 0.00000000000000000000, ||V_lower^k - V_lower^k-1||_inf = 0.00963761883389954027, delta^k = -0.00963761883389954027
    Local Iteration  88: ||V_upper^k - V_upper^k-1||_inf = 0.00000000000000000000, ||V_lower^k - V_lower^k-1||_inf = 0.00925211408054355672, delta^k = -0.00925211408054355672
    Local Iteration  89: ||V_upper^k - V_upper^k-1||_inf = 0.00000000000000000000, ||V_lower^k - V_lower^k-1||_inf = 0.00888202951732181348, delta^k = -0.00888202951732181348
    Local Iteration  90: ||V_upper^k - V_upper^k-1||_inf = 0.00000000000000000000, ||V_lower^k - V_lower^k-1||_inf = 0.00852674833662893719, delta^k = -0.00852674833662893719
    Local Iteration  91: ||V_upper^k - V_upper^k-1||_inf = 0.00000000000000000000, ||V_lower^k - V_lower^k-1||_inf = 0.00816206978333150479, delta^k = -0.00816206978333150479
    Local Iteration  92: ||V_upper^k - V_upper^k-1||_inf = 0.00000000000000000000, ||V_lower^k - V_lower^k-1||_inf = 0.00725088461418208277, delta^k = -0.00725088461418208277
    Local Iteration  93: ||V_upper^k - V_upper^k-1||_inf = 0.00000000000000000000, ||V_lower^k - V_lower^k-1||_inf = 0.00696084922961480099, delta^k = -0.00696084922961480099
    Local Iteration  94: ||V_upper^k - V_upper^k-1||_inf = 0.00000000000000000000, ||V_lower^k - V_lower^k-1||_inf = 0.00668241526043020923, delta^k = -0.00668241526043020923
    Local Iteration  95: ||V_upper^k - V_upper^k-1||_inf = 0.00000000000000000000, ||V_lower^k - V_lower^k-1||_inf = 0.00641511865001300266, delta^k = -0.00641511865001300266
    Local Iteration  96: ||V_upper^k - V_upper^k-1||_inf = 0.00000000000000000000, ||V_lower^k - V_lower^k-1||_inf = 0.00615851390401248207, delta^k = -0.00615851390401248207
    Local Iteration  97: ||V_upper^k - V_upper^k-1||_inf = 0.00000000000000000000, ||V_lower^k - V_lower^k-1||_inf = 0.00591217334785198133, delta^k = -0.00591217334785198133
    Local Iteration  98: ||V_upper^k - V_upper^k-1||_inf = 0.00000000000000000000, ||V_lower^k - V_lower^k-1||_inf = 0.00567568641393790228, delta^k = -0.00567568641393790228
    Local Iteration  99: ||V_upper^k - V_upper^k-1||_inf = 0.00000000000000000000, ||V_lower^k - V_lower^k-1||_inf = 0.00544865895738038536, delta^k = -0.00544865895738038536
    Local Iteration 100: ||V_upper^k - V_upper^k-1||_inf = 0.00000000000000000000, ||V_lower^k - V_lower^k-1||_inf = 0.00523071259908516883, delta^k = -0.00523071259908516883
    Local Iteration 101: ||V_upper^k - V_upper^k-1||_inf = 0.00000000000000000000, ||V_lower^k - V_lower^k-1||_inf = 0.00502148409512176083, delta^k = -0.00502148409512176083
    Local Iteration 102: ||V_upper^k - V_upper^k-1||_inf = 0.00000000000000000000, ||V_lower^k - V_lower^k-1||_inf = 0.00482062473131688977, delta^k = -0.00482062473131688977
    Local Iteration 103: ||V_upper^k - V_upper^k-1||_inf = 0.00000000000000000000, ||V_lower^k - V_lower^k-1||_inf = 0.00462779974206421578, delta^k = -0.00462779974206421578
    Local Iteration 104: ||V_upper^k - V_upper^k-1||_inf = 0.00000000000000000000, ||V_lower^k - V_lower^k-1||_inf = 0.00444268775238164729, delta^k = -0.00444268775238164729
    Local Iteration 105: ||V_upper^k - V_upper^k-1||_inf = 0.00000000000000000000, ||V_lower^k - V_lower^k-1||_inf = 0.00426498024228638174, delta^k = -0.00426498024228638174
    Local Iteration 106: ||V_upper^k - V_upper^k-1||_inf = 0.00000000000000000000, ||V_lower^k - V_lower^k-1||_inf = 0.00409438103259492613, delta^k = -0.00409438103259492613
    Local Iteration 107: ||V_upper^k - V_upper^k-1||_inf = 0.00000000000000000000, ||V_lower^k - V_lower^k-1||_inf = 0.00393060579129112832, delta^k = -0.00393060579129112832
    Local Iteration 108: ||V_upper^k - V_upper^k-1||_inf = 0.00000000000000000000, ||V_lower^k - V_lower^k-1||_inf = 0.00377338155963948159, delta^k = -0.00377338155963948159
    Local Iteration 109: ||V_upper^k - V_upper^k-1||_inf = 0.00000000000000000000, ||V_lower^k - V_lower^k-1||_inf = 0.00362244629725390170, delta^k = -0.00362244629725390170
    Local Iteration 110: ||V_upper^k - V_upper^k-1||_inf = 0.00000000000000000000, ||V_lower^k - V_lower^k-1||_inf = 0.00347754844536374633, delta^k = -0.00347754844536374633
    Local Iteration 111: ||V_upper^k - V_upper^k-1||_inf = 0.00000000000000000000, ||V_lower^k - V_lower^k-1||_inf = 0.00333844650754919724, delta^k = -0.00333844650754919724
    Local Iteration 112: ||V_upper^k - V_upper^k-1||_inf = 0.00000000000000000000, ||V_lower^k - V_lower^k-1||_inf = 0.00320490864724722914, delta^k = -0.00320490864724722914
    Local Iteration 113: ||V_upper^k - V_upper^k-1||_inf = 0.00000000000000000000, ||V_lower^k - V_lower^k-1||_inf = 0.00307671230135733980, delta^k = -0.00307671230135733980
    Local Iteration 114: ||V_upper^k - V_upper^k-1||_inf = 0.00000000000000000000, ||V_lower^k - V_lower^k-1||_inf = 0.00295364380930304531, delta^k = -0.00295364380930304531
    Local Iteration 115: ||V_upper^k - V_upper^k-1||_inf = 0.00000000000000000000, ||V_lower^k - V_lower^k-1||_inf = 0.00283549805693092318, delta^k = -0.00283549805693092318
    Local Iteration 116: ||V_upper^k - V_upper^k-1||_inf = 0.00000000000000000000, ||V_lower^k - V_lower^k-1||_inf = 0.00272207813465368594, delta^k = -0.00272207813465368594
    Local Iteration 117: ||V_upper^k - V_upper^k-1||_inf = 0.00000000000000000000, ||V_lower^k - V_lower^k-1||_inf = 0.00261319500926753771, delta^k = -0.00261319500926753771
    Local Iteration 118: ||V_upper^k - V_upper^k-1||_inf = 0.00000000000000000000, ||V_lower^k - V_lower^k-1||_inf = 0.00250866720889683648, delta^k = -0.00250866720889683648
    Local Iteration 119: ||V_upper^k - V_upper^k-1||_inf = 0.00000000000000000000, ||V_lower^k - V_lower^k-1||_inf = 0.00200067856745640010, delta^k = -0.00200067856745640010
    Local Iteration 120: ||V_upper^k - V_upper^k-1||_inf = 0.00000000000000000000, ||V_lower^k - V_lower^k-1||_inf = 0.00120768670461776206, delta^k = -0.00120768670461776206
    Local Iteration 121: ||V_upper^k - V_upper^k-1||_inf = 0.00000000000000000000, ||V_lower^k - V_lower^k-1||_inf = 0.00115937923643305140, delta^k = -0.00115937923643305140
    Local Iteration 122: ||V_upper^k - V_upper^k-1||_inf = 0.00000000000000000000, ||V_lower^k - V_lower^k-1||_inf = 0.00051605943146832475, delta^k = -0.00051605943146832475
    Local Iteration 123: ||V_upper^k - V_upper^k-1||_inf = 0.00000000000000000000, ||V_lower^k - V_lower^k-1||_inf = 0.00016122396490806951, delta^k = -0.00016122396490806951
    Local Iteration 124: ||V_upper^k - V_upper^k-1||_inf = 0.00000000000000000000, ||V_lower^k - V_lower^k-1||_inf = 0.00015477500631174692, delta^k = -0.00015477500631174692
    Local Iteration 125: ||V_upper^k - V_upper^k-1||_inf = 0.00000000000000000000, ||V_lower^k - V_lower^k-1||_inf = 0.00014858400605927699, delta^k = -0.00014858400605927699
    Local Iteration 126: ||V_upper^k - V_upper^k-1||_inf = 0.00000000000000000000, ||V_lower^k - V_lower^k-1||_inf = 0.00014264064581690590, delta^k = -0.00014264064581690590
    Local Iteration 127: ||V_upper^k - V_upper^k-1||_inf = 0.00000000000000000000, ||V_lower^k - V_lower^k-1||_inf = 0.00013693501998422990, delta^k = -0.00013693501998422990
    Local Iteration 128: ||V_upper^k - V_upper^k-1||_inf = 0.00000000000000000000, ||V_lower^k - V_lower^k-1||_inf = 0.00013145761918486069, delta^k = -0.00013145761918486069
    Local Iteration 129: ||V_upper^k - V_upper^k-1||_inf = 0.00000000000000000000, ||V_lower^k - V_lower^k-1||_inf = 0.00012619931441746604, delta^k = -0.00012619931441746604
    Local Iteration 130: ||V_upper^k - V_upper^k-1||_inf = 0.00000000000000000000, ||V_lower^k - V_lower^k-1||_inf = 0.00012115134184076740, delta^k = -0.00012115134184076740
    Local Iteration 131: ||V_upper^k - V_upper^k-1||_inf = 0.00000000000000000000, ||V_lower^k - V_lower^k-1||_inf = 0.00011630528816713656, delta^k = -0.00011630528816713656
    Local Iteration 132: ||V_upper^k - V_upper^k-1||_inf = 0.00000000000000000000, ||V_lower^k - V_lower^k-1||_inf = 0.00011165307664045112, delta^k = -0.00011165307664045112
    Local Iteration 133: ||V_upper^k - V_upper^k-1||_inf = 0.00000000000000000000, ||V_lower^k - V_lower^k-1||_inf = 0.00010718695357483324, delta^k = -0.00010718695357483324
    Local Iteration 134: ||V_upper^k - V_upper^k-1||_inf = 0.00000000000000000000, ||V_lower^k - V_lower^k-1||_inf = 0.00010289947543183978, delta^k = -0.00010289947543183978
    Local Iteration 135: ||V_upper^k - V_upper^k-1||_inf = 0.00000000000000000000, ||V_lower^k - V_lower^k-1||_inf = 0.00009878349641456643, delta^k = -0.00009878349641456643
    Local Iteration 136: ||V_upper^k - V_upper^k-1||_inf = 0.00000000000000000000, ||V_lower^k - V_lower^k-1||_inf = 0.00009483215655798358, delta^k = -0.00009483215655798358
    Local Iteration 137: ||V_upper^k - V_upper^k-1||_inf = 0.00000000000000000000, ||V_lower^k - V_lower^k-1||_inf = 0.00000409397043876769, delta^k = -0.00000409397043876769
    Local Iteration 138: ||V_upper^k - V_upper^k-1||_inf = 0.00000000000000000000, ||V_lower^k - V_lower^k-1||_inf = 0.00000000000000000000, delta^k = 0.00000000000000000000

============================================================
 CONSERVATIVE STOPPING CONDITION MET (Algorithm 3)
============================================================
  delta^k = 0.0000000000e+00 >= -delta_max
  ||V_upper^k - V_upper^k-1||_inf = 0.0000000000e+00 < 1e-08
  eps_cons = (0.96 * 0.0000000000e+00) / 0.04 = 0.0000000000e+00
  Correcting V_lower for 6270898 cells: V_lower <- V_lower - eps_cons - eps_machine
   Conservative correction applied successfully
  Machine epsilon eps_machine = 2.220e-16
    Local VI completed in 138 iterations
    Final convergence values:
      ||V_upper^final - V_upper^prev||_inf = 0.00000000e+00
      ||V_lower^final - V_lower^prev||_inf = 0.00000000e+00
  Local VI completed in 138 iterations, time: 13.625s
    Final ||V_upper^k - V_upper^k-1||_inf = 0.00000000000000000000e+00
    Final ||V_lower^k - V_lower^k-1||_inf = 0.00000000000000000000e+00
  Saved visualization: /Users/i.k.tabbara/Documents/python directory/HSCC_2027/refactored_Implementations/results_hscc_2027_newbellmans_12workers/ra_discount/dubins_res20_eps0.05_dmin1e-08_dmax1e-08_gamma0.96_dt0.3_tau0.3_cons/value_function_phase_13_complete.png
  Phase 13 completed in 16.20s with 6270898 leaf cells

Classification after phase 13:
  Safe:          1818028 cells ( 29.0%),   64.3% of state space
  Unsafe:         855352 cells ( 13.6%),   30.2% of state space
  Unclassified:  3597518 cells ( 57.4%),    5.5% of state space

======================================================================
ADAPTIVE REFINEMENT COMPLETE
======================================================================
Refinement Summary:
  Phases completed: 13
  Parent cells refined: 6262898
  Child cells created: 12525796
  Final cells: 6270898
Final Boundary State:
  Boundary cells: 3597518
  Still refinable: 3597518
  Below threshold: 0

Final Cell Classification:
  Safe:          1818028 cells ( 29.0%),   64.3% of state space
  Unsafe:         855352 cells ( 13.6%),   30.2% of state space
  Unclassified:  3597518 cells ( 57.4%),    5.5% of state space

 All results saved to: /Users/i.k.tabbara/Documents/python directory/HSCC_2027/refactored_Implementations/results_hscc_2027_newbellmans_12workers/ra_discount/dubins_res20_eps0.05_dmin1e-08_dmax1e-08_gamma0.96_dt0.3_tau0.3_cons/
ALGORITHM 2 COMPLETE
Total time: 51.66 seconds

======================================================================
TIMING BREAKDOWN (RA_discount)
======================================================================
  grid construction      :      0.001 s
  spatial index builds   :      4.604 s
  cell initialization    :      0.086 s
  ODE integration        :      6.246 s  (45819318 solves)
  successor set queries  :      6.466 s
  value iteration        :     22.916 s  (1480 sweeps)
  cell splitting         :      0.450 s
  plotting / output      :      8.525 s
  checkpoint writes      :      0.000 s
  ------------------------------------------------
  TOTAL                  :     52.746 s
  final leaf cells       :    6270898
TOTAL WALL TIME: 52.75 seconds
# run finished 2026-10-04T03:54:01
