
######################################################################
# run started 2026-10-04T19:22:38
# command: ./build/dhj --mode ra_discount --dynamics van_der_pol --dt 0.01 --tau 0.01 --initial-resolution 40 --epsilon 0.001 --delta-min 1e-8 --phase0-tol 1e-8 --delta-max 1e-8 --gamma 0.96 --refinements 18 --vi-iterations 20000 --checkpoint-every 0 --keep-checkpoints 0 --plot-dpi 300 --workers 12 --results-root /Users/i.k.tabbara/Documents/python directory/HSCC_2027/refactored_Implementations/results_hscc_2027_modified_init
# cwd: /Users/i.k.tabbara/Documents/python directory/HSCC_2027/refactored_Implementations/cpp
######################################################################
DISCRETE HJ REACH-AVOID SOLVER (C++)
Mode: ra_discount (RA_discount.py semantics)
Algorithm: 2, Workers: 12
Output directory: /Users/i.k.tabbara/Documents/python directory/HSCC_2027/refactored_Implementations/results_hscc_2027_modified_init/ra_discount/van_der_pol_res40_eps0.001_dmin1e-08_dmax1e-08_gamma0.96_dt0.01_tau0.01_std
Conservative mode: False
Dynamics: van_der_pol (2-D)
  Time discretization: 1 steps of dt=0.01 s over tau=0.01 s
======================================================================
ALGORITHM 2/3: Adaptive Refinement
======================================================================
Environment: van_der_pol
Initializing grid with resolution 40^2...
  Building spatial index for 1600 cells...
   Spatial index built in 0.00s

Gronwall Reachability Initialized:
  Lipschitz constant L = 20.75
  Checkpoint interval dt = 0.01
  Control horizon tau = 0.01
  Number of checkpoints = 1
  Checkpoint times: ['0.010']
  Growth factors: ['1.230598']
Initialized with gamma=0.96, L_f=20.75, L_l=1.41421,  L_r=1.41421
Contraction factor: gamma*L_f = 19.9200
Using 12 parallel workers

======================================================================
ADAPTIVE REFINEMENT CONFIGURATION
======================================================================
  Error tolerance eps: 0.001
  Minimum cell size eta_min: 0.000354
  Maximum refinements: 18
  VI iterations per refinement: 20000
  Conservative mode: False

======================================================================
PHASE 0: INITIAL VALUE ITERATION
======================================================================
Grid: 1600 cells
  Precomputing successor sets...

Precomputing successor sets with HYBRID approach...
  Step 1: Computing 1600 trajectories in parallel...
   Trajectories + spatial queries computed in 0.00s (4185742.3 tasks/s)
    Breakdown: 50.1% ODE, 49.9% queries

Starting OPTIMIZED PARALLEL value iteration (max 20000 iterations)...
Conservative mode: False
Convergence tolerance: 1e-08
Number of cells: 1600
Iteration   1: ||V_upper^k - V_upper^k-1||_inf = 0.22967010595971482090, ||V_lower^k - V_lower^k-1||_inf = 0.27198886033549207752
Iteration   2: ||V_upper^k - V_upper^k-1||_inf = 0.12040886317409293937, ||V_lower^k - V_lower^k-1||_inf = 0.19062891585077679224
Iteration   3: ||V_upper^k - V_upper^k-1||_inf = 0.11559250864712922180, ||V_lower^k - V_lower^k-1||_inf = 0.18300375921674572055
Iteration   4: ||V_upper^k - V_upper^k-1||_inf = 0.11096880830124389306, ||V_lower^k - V_lower^k-1||_inf = 0.17568360884807621147
Iteration   5: ||V_upper^k - V_upper^k-1||_inf = 0.10653005596919395970, ||V_lower^k - V_lower^k-1||_inf = 0.16865626449415316301
Iteration   6: ||V_upper^k - V_upper^k-1||_inf = 0.10226885373042637895, ||V_lower^k - V_lower^k-1||_inf = 0.16191001391438719637
Iteration   7: ||V_upper^k - V_upper^k-1||_inf = 0.09817809958120937708, ||V_lower^k - V_lower^k-1||_inf = 0.15543361335781158417
Iteration   8: ||V_upper^k - V_upper^k-1||_inf = 0.09425097559796080660, ||V_lower^k - V_lower^k-1||_inf = 0.14921626882349903198
Iteration   9: ||V_upper^k - V_upper^k-1||_inf = 0.09048093657404265855, ||V_lower^k - V_lower^k-1||_inf = 0.14324761807055930163
Iteration  10: ||V_upper^k - V_upper^k-1||_inf = 0.08686169911108088115, ||V_lower^k - V_lower^k-1||_inf = 0.13751771334773676969
Iteration  11: ||V_upper^k - V_upper^k-1||_inf = 0.08338723114663748603, ||V_lower^k - V_lower^k-1||_inf = 0.13201700481382738772
Iteration  12: ||V_upper^k - V_upper^k-1||_inf = 0.08005174190077202212, ||V_lower^k - V_lower^k-1||_inf = 0.12673632462127404352
Iteration  13: ||V_upper^k - V_upper^k-1||_inf = 0.07684967222474115012, ||V_lower^k - V_lower^k-1||_inf = 0.12166687163642331271
Iteration  14: ||V_upper^k - V_upper^k-1||_inf = 0.07377568533575140641, ||V_lower^k - V_lower^k-1||_inf = 0.11680019677096620256
Iteration  15: ||V_upper^k - V_upper^k-1||_inf = 0.07082465792232151003, ||V_lower^k - V_lower^k-1||_inf = 0.11212818890012776762
Iteration  16: ||V_upper^k - V_upper^k-1||_inf = 0.06799167160542851640, ||V_lower^k - V_lower^k-1||_inf = 0.10764306134412260363
Iteration  17: ||V_upper^k - V_upper^k-1||_inf = 0.06527200474121142015, ||V_lower^k - V_lower^k-1||_inf = 0.10333733889035778830
Iteration  18: ||V_upper^k - V_upper^k-1||_inf = 0.06266112455156291894, ||V_lower^k - V_lower^k-1||_inf = 0.09920384533474324584
Iteration  19: ||V_upper^k - V_upper^k-1||_inf = 0.06015467956950049100, ||V_lower^k - V_lower^k-1||_inf = 0.09523569152135369364
Iteration  20: ||V_upper^k - V_upper^k-1||_inf = 0.05774849238672041807, ||V_lower^k - V_lower^k-1||_inf = 0.09142626386049945708
Iteration  21: ||V_upper^k - V_upper^k-1||_inf = 0.05543855269125153029, ||V_lower^k - V_lower^k-1||_inf = 0.08776921330607923011
Iteration  22: ||V_upper^k - V_upper^k-1||_inf = 0.05322101058360151349, ||V_lower^k - V_lower^k-1||_inf = 0.08425844477383614972
Iteration  23: ||V_upper^k - V_upper^k-1||_inf = 0.05109217016025735525, ||V_lower^k - V_lower^k-1||_inf = 0.08088810698288284584
Iteration  24: ||V_upper^k - V_upper^k-1||_inf = 0.04904848335384714986, ||V_lower^k - V_lower^k-1||_inf = 0.07765258270356745207
Iteration  25: ||V_upper^k - V_upper^k-1||_inf = 0.04708654401969325498, ||V_lower^k - V_lower^k-1||_inf = 0.07454647939542469182
Iteration  26: ||V_upper^k - V_upper^k-1||_inf = 0.04520308225890556919, ||V_lower^k - V_lower^k-1||_inf = 0.07156462021960785513
Iteration  27: ||V_upper^k - V_upper^k-1||_inf = 0.04339495896854939083, ||V_lower^k - V_lower^k-1||_inf = 0.06870203541082342547
Iteration  28: ||V_upper^k - V_upper^k-1||_inf = 0.04165916060980734414, ||V_lower^k - V_lower^k-1||_inf = 0.06595395399439052397
Iteration  29: ||V_upper^k - V_upper^k-1||_inf = 0.03999279418541501485, ||V_lower^k - V_lower^k-1||_inf = 0.06331579583461488525
Iteration  30: ||V_upper^k - V_upper^k-1||_inf = 0.03839308241799843646, ||V_lower^k - V_lower^k-1||_inf = 0.06078316400123018326
Iteration  31: ||V_upper^k - V_upper^k-1||_inf = 0.03685735912127852121, ||V_lower^k - V_lower^k-1||_inf = 0.05835183744118110916
Iteration  32: ||V_upper^k - V_upper^k-1||_inf = 0.03538306475642738480, ||V_lower^k - V_lower^k-1||_inf = 0.05601776394353374933
Iteration  33: ||V_upper^k - V_upper^k-1||_inf = 0.03396774216617026720, ||V_lower^k - V_lower^k-1||_inf = 0.05377705338579241712
Iteration  34: ||V_upper^k - V_upper^k-1||_inf = 0.03260903247952351425, ||V_lower^k - V_lower^k-1||_inf = 0.05162597125036083590
Iteration  35: ||V_upper^k - V_upper^k-1||_inf = 0.03130467118034252483, ||V_lower^k - V_lower^k-1||_inf = 0.04956093240034631364
Iteration  36: ||V_upper^k - V_upper^k-1||_inf = 0.03005248433312879275, ||V_lower^k - V_lower^k-1||_inf = 0.04757849510433254103
Iteration  37: ||V_upper^k - V_upper^k-1||_inf = 0.02885038495980363216, ||V_lower^k - V_lower^k-1||_inf = 0.04567535530015920386
Iteration  38: ||V_upper^k - V_upper^k-1||_inf = 0.02769636956141152684, ||V_lower^k - V_lower^k-1||_inf = 0.04384834108815272025
Iteration  39: ||V_upper^k - V_upper^k-1||_inf = 0.02658851477895507465, ||V_lower^k - V_lower^k-1||_inf = 0.04209440744462678019
Iteration  40: ||V_upper^k - V_upper^k-1||_inf = 0.02552497418779686722, ||V_lower^k - V_lower^k-1||_inf = 0.04041063114684162461
Iteration  41: ||V_upper^k - V_upper^k-1||_inf = 0.02450397522028502362, ||V_lower^k - V_lower^k-1||_inf = 0.03879420590096793742
Iteration  42: ||V_upper^k - V_upper^k-1||_inf = 0.02352381621147359159, ||V_lower^k - V_lower^k-1||_inf = 0.03724243766492929542
Iteration  43: ||V_upper^k - V_upper^k-1||_inf = 0.02258286356301464348, ||V_lower^k - V_lower^k-1||_inf = 0.03575274015833207475
Iteration  44: ||V_upper^k - V_upper^k-1||_inf = 0.02167954902049407107, ||V_lower^k - V_lower^k-1||_inf = 0.03432263055199880064
Iteration  45: ||V_upper^k - V_upper^k-1||_inf = 0.02081236705967426381, ||V_lower^k - V_lower^k-1||_inf = 0.03294972532991879977
Iteration  46: ||V_upper^k - V_upper^k-1||_inf = 0.01997987237728732213, ||V_lower^k - V_lower^k-1||_inf = 0.03163173631672211439
Iteration  47: ||V_upper^k - V_upper^k-1||_inf = 0.01918067748219581814, ||V_lower^k - V_lower^k-1||_inf = 0.03036646686405319873
Iteration  48: ||V_upper^k - V_upper^k-1||_inf = 0.01841345038290798097, ||V_lower^k - V_lower^k-1||_inf = 0.02915180818949103525
Iteration  49: ||V_upper^k - V_upper^k-1||_inf = 0.01767691236759166840, ||V_lower^k - V_lower^k-1||_inf = 0.02798573586191144269
Iteration  50: ||V_upper^k - V_upper^k-1||_inf = 0.01696983587288797279, ||V_lower^k - V_lower^k-1||_inf = 0.02686630642743492725
Iteration  51: ||V_upper^k - V_upper^k-1||_inf = 0.01629104243797246943, ||V_lower^k - V_lower^k-1||_inf = 0.02579165417033757457
Iteration  52: ||V_upper^k - V_upper^k-1||_inf = 0.01563940074045355733, ||V_lower^k - V_lower^k-1||_inf = 0.02475998800352408047
Iteration  53: ||V_upper^k - V_upper^k-1||_inf = 0.01501382471083545500, ||V_lower^k - V_lower^k-1||_inf = 0.02376958848338306396
Iteration  54: ||V_upper^k - V_upper^k-1||_inf = 0.01441327172240203236, ||V_lower^k - V_lower^k-1||_inf = 0.02281880494404775472
Iteration  55: ||V_upper^k - V_upper^k-1||_inf = 0.01383674085350594662, ||V_lower^k - V_lower^k-1||_inf = 0.02190605274628587562
Iteration  56: ||V_upper^k - V_upper^k-1||_inf = 0.01328327121936567767, ||V_lower^k - V_lower^k-1||_inf = 0.02102981063643438731
Iteration  57: ||V_upper^k - V_upper^k-1||_inf = 0.01275194037059107499, ||V_lower^k - V_lower^k-1||_inf = 0.02018861821097706066
Iteration  58: ||V_upper^k - V_upper^k-1||_inf = 0.01224186275576744087, ||V_lower^k - V_lower^k-1||_inf = 0.00492350169082805822
Iteration  59: ||V_upper^k - V_upper^k-1||_inf = 0.01175218824553669883, ||V_lower^k - V_lower^k-1||_inf = 0.00000000000000000000
Iteration  60: ||V_upper^k - V_upper^k-1||_inf = 0.01128210071571528195, ||V_lower^k - V_lower^k-1||_inf = 0.00000000000000000000
Iteration  61: ||V_upper^k - V_upper^k-1||_inf = 0.01083081668708663070, ||V_lower^k - V_lower^k-1||_inf = 0.00000000000000000000
Iteration  62: ||V_upper^k - V_upper^k-1||_inf = 0.01039758401960316769, ||V_lower^k - V_lower^k-1||_inf = 0.00000000000000000000
Iteration  63: ||V_upper^k - V_upper^k-1||_inf = 0.00998168065881904765, ||V_lower^k - V_lower^k-1||_inf = 0.00000000000000000000
Iteration  64: ||V_upper^k - V_upper^k-1||_inf = 0.00958241343246629684, ||V_lower^k - V_lower^k-1||_inf = 0.00000000000000000000
Iteration  65: ||V_upper^k - V_upper^k-1||_inf = 0.00919911689516764164, ||V_lower^k - V_lower^k-1||_inf = 0.00000000000000000000
Iteration  66: ||V_upper^k - V_upper^k-1||_inf = 0.00883115221936092709, ||V_lower^k - V_lower^k-1||_inf = 0.00000000000000000000
Iteration  67: ||V_upper^k - V_upper^k-1||_inf = 0.00847790613058649334, ||V_lower^k - V_lower^k-1||_inf = 0.00000000000000000000
Iteration  68: ||V_upper^k - V_upper^k-1||_inf = 0.00813878988536304027, ||V_lower^k - V_lower^k-1||_inf = 0.00000000000000000000
Iteration  69: ||V_upper^k - V_upper^k-1||_inf = 0.00781323828994850977, ||V_lower^k - V_lower^k-1||_inf = 0.00000000000000000000
Iteration  70: ||V_upper^k - V_upper^k-1||_inf = 0.00750070875835057160, ||V_lower^k - V_lower^k-1||_inf = 0.00000000000000000000
Iteration  71: ||V_upper^k - V_upper^k-1||_inf = 0.00720068040801655207, ||V_lower^k - V_lower^k-1||_inf = 0.00000000000000000000
Iteration  72: ||V_upper^k - V_upper^k-1||_inf = 0.00691265319169587222, ||V_lower^k - V_lower^k-1||_inf = 0.00000000000000000000
Iteration  73: ||V_upper^k - V_upper^k-1||_inf = 0.00663614706402804178, ||V_lower^k - V_lower^k-1||_inf = 0.00000000000000000000
Iteration  74: ||V_upper^k - V_upper^k-1||_inf = 0.00637070118146693121, ||V_lower^k - V_lower^k-1||_inf = 0.00000000000000000000
Iteration  75: ||V_upper^k - V_upper^k-1||_inf = 0.00611587313420824952, ||V_lower^k - V_lower^k-1||_inf = 0.00000000000000000000
Iteration  76: ||V_upper^k - V_upper^k-1||_inf = 0.00587123820883991843, ||V_lower^k - V_lower^k-1||_inf = 0.00000000000000000000
Iteration  77: ||V_upper^k - V_upper^k-1||_inf = 0.00563638868048632613, ||V_lower^k - V_lower^k-1||_inf = 0.00000000000000000000
Iteration  78: ||V_upper^k - V_upper^k-1||_inf = 0.00541093313326687642, ||V_lower^k - V_lower^k-1||_inf = 0.00000000000000000000
Iteration  79: ||V_upper^k - V_upper^k-1||_inf = 0.00519449580793619747, ||V_lower^k - V_lower^k-1||_inf = 0.00000000000000000000
Iteration  80: ||V_upper^k - V_upper^k-1||_inf = 0.00498671597561874125, ||V_lower^k - V_lower^k-1||_inf = 0.00000000000000000000
Iteration  81: ||V_upper^k - V_upper^k-1||_inf = 0.00478724733659399715, ||V_lower^k - V_lower^k-1||_inf = 0.00000000000000000000
Iteration  82: ||V_upper^k - V_upper^k-1||_inf = 0.00459575744313023282, ||V_lower^k - V_lower^k-1||_inf = 0.00000000000000000000
Iteration  83: ||V_upper^k - V_upper^k-1||_inf = 0.00441192714540503128, ||V_lower^k - V_lower^k-1||_inf = 0.00000000000000000000
Iteration  84: ||V_upper^k - V_upper^k-1||_inf = 0.00423545005958882170, ||V_lower^k - V_lower^k-1||_inf = 0.00000000000000000000
Iteration  85: ||V_upper^k - V_upper^k-1||_inf = 0.00406603205720526550, ||V_lower^k - V_lower^k-1||_inf = 0.00000000000000000000
Iteration  86: ||V_upper^k - V_upper^k-1||_inf = 0.00390339077491706765, ||V_lower^k - V_lower^k-1||_inf = 0.00000000000000000000
Iteration  87: ||V_upper^k - V_upper^k-1||_inf = 0.00010731007433072148, ||V_lower^k - V_lower^k-1||_inf = 0.00000000000000000000
Iteration  88: ||V_upper^k - V_upper^k-1||_inf = 0.00000000000000000000, ||V_lower^k - V_lower^k-1||_inf = 0.00000000000000000000

==================================================
 STANDARD CONVERGENCE ACHIEVED
==================================================
  ||V_upper^k - V_upper^k-1||_inf = 0.00000000000000000000e+00 < tolerance = 1e-08
  ||V_lower^k - V_lower^k-1||_inf = 0.00000000000000000000e+00 < tolerance = 1e-08
  Converged in 88 iterations
  V_lower increased from min(l_lower, r_lower); smallest step 0.000e+00

Value iteration completed in 88 iterations
total time for running value_iteration the first time (phase 0) on the initial grid including grid initialization, setting up cpu parallelism, successor set computation and value iteration is 0.0974961 seconds
Initial VI completed in 88 iterations
Final convergence: ||V_upper||_inf = 0.00000000e+00, ||V_lower||_inf = 0.00000000e+00
Saved initial visualization: /Users/i.k.tabbara/Documents/python directory/HSCC_2027/refactored_Implementations/results_hscc_2027_modified_init/ra_discount/van_der_pol_res40_eps0.001_dmin1e-08_dmax1e-08_gamma0.96_dt0.01_tau0.01_std/value_function_phase_0_complete.png

Classification after phase 0:
  Safe:               16 cells (  1.0%),    1.0% of state space
  Unsafe:             64 cells (  4.0%),    4.0% of state space
  Unclassified:     1520 cells ( 95.0%),   95.0% of state space

======================================================================
INITIAL QUEUE STATE
======================================================================
Total boundary cells: 1520
  Refinable (>eta_min=0.000354): 1520
  Below threshold: 0

======================================================================
REFINEMENT PHASE 1
======================================================================
Boundary cells: 1520
  Refinable (>eta_min=0.000354): 1520
  Below threshold: 0
  Cumulative refined: 0
  Refinable cell size statistics:
    Max:    0.145000
    Mean:   0.145000
    Min:    0.145000
    Median: 0.145000
  Refining 1520 cells...
    Refined: 1520 parent cells
    Created: 3040 child cells
    Total cells: 3120
    Refinement time: 0.000s
    Cumulative refined: 1520
  Rebuilding spatial index...
  Building spatial index for 3120 cells...
   Spatial index built in 0.00s
    Spatial index rebuilt in 0.000s
  Initializing 3040 new cells...
  Initializing 3040 new cells in parallel...
   Initialized in 0.00s (24368737.5 cells/s)
    Initialization completed in 0.000s
  Starting local value iteration...
  Reinitializing ALL 3120 cells (V_lower = min(l, r), V_upper = l)
   Reinitialized 3120 cells in 0.00s (63297559.4 cells/s)
  Local VI: updating all 3120 cells
    Conservative mode: False
    Convergence tolerance: 1e-08
    Max iterations: 20000
    Updating successor cache for 3040 updated cells...
    Updating successor cache for 3040 new cells (HYBRID)...
      Affected cells: 3082
   Trajectories + spatial queries computed in 0.00s (9045869.2 tasks/s)
    Breakdown: 37.3% ODE, 62.7% queries
     Cache updated in 0.00s (6951884.9 tasks/s)
    Local Iteration   1: ||V_upper^k - V_upper^k-1||_inf = 0.17867611132608907099, ||V_lower^k - V_lower^k-1||_inf = 0.23618895634938930073
    Local Iteration   2: ||V_upper^k - V_upper^k-1||_inf = 0.16885481343113717401, ||V_lower^k - V_lower^k-1||_inf = 0.22458329837082580127
    Local Iteration   3: ||V_upper^k - V_upper^k-1||_inf = 0.15953137767123948265, ||V_lower^k - V_lower^k-1||_inf = 0.21354056131370491300
    Local Iteration   4: ||V_upper^k - V_upper^k-1||_inf = 0.15068160945893716018, ||V_lower^k - V_lower^k-1||_inf = 0.20303421806675991945
    Local Iteration   5: ||V_upper^k - V_upper^k-1||_inf = 0.14228246886091211465, ||V_lower^k - V_lower^k-1||_inf = 0.19303896798013298053
    Local Iteration   6: ||V_upper^k - V_upper^k-1||_inf = 0.13431201883605448089, ||V_lower^k - V_lower^k-1||_inf = 0.18353068078191103751
    Local Iteration   7: ||V_upper^k - V_upper^k-1||_inf = 0.12674937593142532322, ||V_lower^k - V_lower^k-1||_inf = 0.17448634299743526199
    Local Iteration   8: ||V_upper^k - V_upper^k-1||_inf = 0.11957466332329458325, ||V_lower^k - V_lower^k-1||_inf = 0.16588400676094172681
    Local Iteration   9: ||V_upper^k - V_upper^k-1||_inf = 0.11276896609210762534, ||V_lower^k - V_lower^k-1||_inf = 0.15770274091402081140
    Local Iteration  10: ||V_upper^k - V_upper^k-1||_inf = 0.10631428862115921419, ||V_lower^k - V_lower^k-1||_inf = 0.14992258429033578082
    Local Iteration  11: ||V_upper^k - V_upper^k-1||_inf = 0.10019351400859943801, ||V_lower^k - V_lower^k-1||_inf = 0.14252450109075409657
    Local Iteration  12: ||V_upper^k - V_upper^k-1||_inf = 0.09439036538158296352, ||V_lower^k - V_lower^k-1||_inf = 0.13549033825744905002
    Local Iteration  13: ||V_upper^k - V_upper^k-1||_inf = 0.08888936899934440916, ||V_lower^k - V_lower^k-1||_inf = 0.12880278475992845699
    Local Iteration  14: ||V_upper^k - V_upper^k-1||_inf = 0.08367581902931275906, ||V_lower^k - V_lower^k-1||_inf = 0.12244533271003144037
    Local Iteration  15: ||V_upper^k - V_upper^k-1||_inf = 0.07873574387666804064, ||V_lower^k - V_lower^k-1||_inf = 0.11640224022684630967
    Local Iteration  16: ||V_upper^k - V_upper^k-1||_inf = 0.06828197970673755002, ||V_lower^k - V_lower^k-1||_inf = 0.10776071386201158120
    Local Iteration  17: ||V_upper^k - V_upper^k-1||_inf = 0.06555070051846811907, ||V_lower^k - V_lower^k-1||_inf = 0.10345028530753097584
    Local Iteration  18: ||V_upper^k - V_upper^k-1||_inf = 0.06292867249772937654, ||V_lower^k - V_lower^k-1||_inf = 0.09931227389522989668
    Local Iteration  19: ||V_upper^k - V_upper^k-1||_inf = 0.06041152559782014819, ||V_lower^k - V_lower^k-1||_inf = 0.09533978293942091398
    Local Iteration  20: ||V_upper^k - V_upper^k-1||_inf = 0.05799506457390735115, ||V_lower^k - V_lower^k-1||_inf = 0.09152619162184372215
    Local Iteration  21: ||V_upper^k - V_upper^k-1||_inf = 0.05567526199095107486, ||V_lower^k - V_lower^k-1||_inf = 0.08786514395697020419
    Local Iteration  22: ||V_upper^k - V_upper^k-1||_inf = 0.05344825151131304963, ||V_lower^k - V_lower^k-1||_inf = 0.08435053819869109404
    Local Iteration  23: ||V_upper^k - V_upper^k-1||_inf = 0.05131032145086056317, ||V_lower^k - V_lower^k-1||_inf = 0.08097651667074368120
    Local Iteration  24: ||V_upper^k - V_upper^k-1||_inf = 0.04925790859282597189, ||V_lower^k - V_lower^k-1||_inf = 0.07773745600391390731
    Local Iteration  25: ||V_upper^k - V_upper^k-1||_inf = 0.04728759224911294190, ||V_lower^k - V_lower^k-1||_inf = 0.07462795776375741319
    Local Iteration  26: ||V_upper^k - V_upper^k-1||_inf = 0.04539608855914845087, ||V_lower^k - V_lower^k-1||_inf = 0.07164283945320693014
    Local Iteration  27: ||V_upper^k - V_upper^k-1||_inf = 0.04358024501678259277, ||V_lower^k - V_lower^k-1||_inf = 0.06877712587507867070
    Local Iteration  28: ||V_upper^k - V_upper^k-1||_inf = 0.04183703521611126241, ||V_lower^k - V_lower^k-1||_inf = 0.06602604084007568375
    Local Iteration  29: ||V_upper^k - V_upper^k-1||_inf = 0.04016355380746683412, ||V_lower^k - V_lower^k-1||_inf = 0.06338499920647255870
    Local Iteration  30: ||V_upper^k - V_upper^k-1||_inf = 0.03855701165516811635, ||V_lower^k - V_lower^k-1||_inf = 0.06084959923821364747
    Local Iteration  31: ||V_upper^k - V_upper^k-1||_inf = 0.03701473118896136949, ||V_lower^k - V_lower^k-1||_inf = 0.05841561526868521703
    Local Iteration  32: ||V_upper^k - V_upper^k-1||_inf = 0.03553414194140291915, ||V_lower^k - V_lower^k-1||_inf = 0.05607899065793775506
    Local Iteration  33: ||V_upper^k - V_upper^k-1||_inf = 0.03411277626374675798, ||V_lower^k - V_lower^k-1||_inf = 0.05383583103162026262
    Local Iteration  34: ||V_upper^k - V_upper^k-1||_inf = 0.03274826521319695871, ||V_lower^k - V_lower^k-1||_inf = 0.05168239779035532777
    Local Iteration  35: ||V_upper^k - V_upper^k-1||_inf = 0.03143833460466904928, ||V_lower^k - V_lower^k-1||_inf = 0.04961510187874118571
    Local Iteration  36: ||V_upper^k - V_upper^k-1||_inf = 0.03018080122048227842, ||V_lower^k - V_lower^k-1||_inf = 0.04763049780359152052
    Local Iteration  37: ||V_upper^k - V_upper^k-1||_inf = 0.02897356917166304946, ||V_lower^k - V_lower^k-1||_inf = 0.04572527789144786858
    Local Iteration  38: ||V_upper^k - V_upper^k-1||_inf = 0.02781462640479648307, ||V_lower^k - V_lower^k-1||_inf = 0.04389626677578983838
    Local Iteration  39: ||V_upper^k - V_upper^k-1||_inf = 0.02670204134860465484, ||V_lower^k - V_lower^k-1||_inf = 0.04214041610475827149
    Local Iteration  40: ||V_upper^k - V_upper^k-1||_inf = 0.02563395969466042423, ||V_lower^k - V_lower^k-1||_inf = 0.04045479946056806941
    Local Iteration  41: ||V_upper^k - V_upper^k-1||_inf = 0.02460860130687403391, ||V_lower^k - V_lower^k-1||_inf = 0.03883660748214534664
    Local Iteration  42: ||V_upper^k - V_upper^k-1||_inf = 0.02362425725459904591, ||V_lower^k - V_lower^k-1||_inf = 0.03728314318285952389
    Local Iteration  43: ||V_upper^k - V_upper^k-1||_inf = 0.02267928696441512404, ||V_lower^k - V_lower^k-1||_inf = 0.03579181745554504968
    Local Iteration  44: ||V_upper^k - V_upper^k-1||_inf = 0.02177211548583846135, ||V_lower^k - V_lower^k-1||_inf = 0.03436014475732329654
    Local Iteration  45: ||V_upper^k - V_upper^k-1||_inf = 0.02090123086640494066, ||V_lower^k - V_lower^k-1||_inf = 0.03298573896703038688
    Local Iteration  46: ||V_upper^k - V_upper^k-1||_inf = 0.02006518163174875191, ||V_lower^k - V_lower^k-1||_inf = 0.03166630940834913588
    Local Iteration  47: ||V_upper^k - V_upper^k-1||_inf = 0.01926257436647882404, ||V_lower^k - V_lower^k-1||_inf = 0.03016134903344913631
    Local Iteration  48: ||V_upper^k - V_upper^k-1||_inf = 0.01849207139181963111, ||V_lower^k - V_lower^k-1||_inf = 0.02851009368591927995
    Local Iteration  49: ||V_upper^k - V_upper^k-1||_inf = 0.01775238853614685697, ||V_lower^k - V_lower^k-1||_inf = 0.02736968993848254428
    Local Iteration  50: ||V_upper^k - V_upper^k-1||_inf = 0.01704229299470100267, ||V_lower^k - V_lower^k-1||_inf = 0.02627490234094320698
    Local Iteration  51: ||V_upper^k - V_upper^k-1||_inf = 0.01636060127491295590, ||V_lower^k - V_lower^k-1||_inf = 0.02522390624730541653
    Local Iteration  52: ||V_upper^k - V_upper^k-1||_inf = 0.01570617722391642879, ||V_lower^k - V_lower^k-1||_inf = 0.02421494999741324872
    Local Iteration  53: ||V_upper^k - V_upper^k-1||_inf = 0.01507793013495978274, ||V_lower^k - V_lower^k-1||_inf = 0.02324635199751667880
    Local Iteration  54: ||V_upper^k - V_upper^k-1||_inf = 0.01447481292956137588, ||V_lower^k - V_lower^k-1||_inf = 0.02231649791761602941
    Local Iteration  55: ||V_upper^k - V_upper^k-1||_inf = 0.01389582041237891197, ||V_lower^k - V_lower^k-1||_inf = 0.02142383800091141044
    Local Iteration  56: ||V_upper^k - V_upper^k-1||_inf = 0.01333998759588378435, ||V_lower^k - V_lower^k-1||_inf = 0.02056688448087495846
    Local Iteration  57: ||V_upper^k - V_upper^k-1||_inf = 0.01280638809204842632, ||V_lower^k - V_lower^k-1||_inf = 0.01974420910163993126
    Local Iteration  58: ||V_upper^k - V_upper^k-1||_inf = 0.01229413256836647816, ||V_lower^k - V_lower^k-1||_inf = 0.01895444073757435177
    Local Iteration  59: ||V_upper^k - V_upper^k-1||_inf = 0.01180236726563183014, ||V_lower^k - V_lower^k-1||_inf = 0.01290414382237653479
    Local Iteration  60: ||V_upper^k - V_upper^k-1||_inf = 0.01133027257500651697, ||V_lower^k - V_lower^k-1||_inf = 0.00000000000000000000
    Local Iteration  61: ||V_upper^k - V_upper^k-1||_inf = 0.01087706167200624963, ||V_lower^k - V_lower^k-1||_inf = 0.00000000000000000000
    Local Iteration  62: ||V_upper^k - V_upper^k-1||_inf = 0.01044197920512601740, ||V_lower^k - V_lower^k-1||_inf = 0.00000000000000000000
    Local Iteration  63: ||V_upper^k - V_upper^k-1||_inf = 0.01002430003692098004, ||V_lower^k - V_lower^k-1||_inf = 0.00000000000000000000
    Local Iteration  64: ||V_upper^k - V_upper^k-1||_inf = 0.00962332803544413418, ||V_lower^k - V_lower^k-1||_inf = 0.00000000000000000000
    Local Iteration  65: ||V_upper^k - V_upper^k-1||_inf = 0.00923839491402639323, ||V_lower^k - V_lower^k-1||_inf = 0.00000000000000000000
    Local Iteration  66: ||V_upper^k - V_upper^k-1||_inf = 0.00886885911746532196, ||V_lower^k - V_lower^k-1||_inf = 0.00000000000000000000
    Local Iteration  67: ||V_upper^k - V_upper^k-1||_inf = 0.00851410475276670464, ||V_lower^k - V_lower^k-1||_inf = 0.00000000000000000000
    Local Iteration  68: ||V_upper^k - V_upper^k-1||_inf = 0.00817354056265603979, ||V_lower^k - V_lower^k-1||_inf = 0.00000000000000000000
    Local Iteration  69: ||V_upper^k - V_upper^k-1||_inf = 0.00784659894014980153, ||V_lower^k - V_lower^k-1||_inf = 0.00000000000000000000
    Local Iteration  70: ||V_upper^k - V_upper^k-1||_inf = 0.00753273498254380947, ||V_lower^k - V_lower^k-1||_inf = 0.00000000000000000000
    Local Iteration  71: ||V_upper^k - V_upper^k-1||_inf = 0.00723142558324205154, ||V_lower^k - V_lower^k-1||_inf = 0.00000000000000000000
    Local Iteration  72: ||V_upper^k - V_upper^k-1||_inf = 0.00694216855991236503, ||V_lower^k - V_lower^k-1||_inf = 0.00000000000000000000
    Local Iteration  73: ||V_upper^k - V_upper^k-1||_inf = 0.00666448181751588820, ||V_lower^k - V_lower^k-1||_inf = 0.00000000000000000000
    Local Iteration  74: ||V_upper^k - V_upper^k-1||_inf = 0.00639790254481523157, ||V_lower^k - V_lower^k-1||_inf = 0.00000000000000000000
    Local Iteration  75: ||V_upper^k - V_upper^k-1||_inf = 0.00614198644302263452, ||V_lower^k - V_lower^k-1||_inf = 0.00000000000000000000
    Local Iteration  76: ||V_upper^k - V_upper^k-1||_inf = 0.00589630698530171915, ||V_lower^k - V_lower^k-1||_inf = 0.00000000000000000000
    Local Iteration  77: ||V_upper^k - V_upper^k-1||_inf = 0.00566045470588966149, ||V_lower^k - V_lower^k-1||_inf = 0.00000000000000000000
    Local Iteration  78: ||V_upper^k - V_upper^k-1||_inf = 0.00543403651765406170, ||V_lower^k - V_lower^k-1||_inf = 0.00000000000000000000
    Local Iteration  79: ||V_upper^k - V_upper^k-1||_inf = 0.00521667505694792255, ||V_lower^k - V_lower^k-1||_inf = 0.00000000000000000000
    Local Iteration  80: ||V_upper^k - V_upper^k-1||_inf = 0.00500800805466999899, ||V_lower^k - V_lower^k-1||_inf = 0.00000000000000000000
    Local Iteration  81: ||V_upper^k - V_upper^k-1||_inf = 0.00480768773248319015, ||V_lower^k - V_lower^k-1||_inf = 0.00000000000000000000
    Local Iteration  82: ||V_upper^k - V_upper^k-1||_inf = 0.00461538022318386254, ||V_lower^k - V_lower^k-1||_inf = 0.00000000000000000000
    Local Iteration  83: ||V_upper^k - V_upper^k-1||_inf = 0.00443076501425651581, ||V_lower^k - V_lower^k-1||_inf = 0.00000000000000000000
    Local Iteration  84: ||V_upper^k - V_upper^k-1||_inf = 0.00425353441368625518, ||V_lower^k - V_lower^k-1||_inf = 0.00000000000000000000
    Local Iteration  85: ||V_upper^k - V_upper^k-1||_inf = 0.00408339303713879664, ||V_lower^k - V_lower^k-1||_inf = 0.00000000000000000000
    Local Iteration  86: ||V_upper^k - V_upper^k-1||_inf = 0.00371731685025192271, ||V_lower^k - V_lower^k-1||_inf = 0.00000000000000000000
    Local Iteration  87: ||V_upper^k - V_upper^k-1||_inf = 0.00356862417624184691, ||V_lower^k - V_lower^k-1||_inf = 0.00000000000000000000
    Local Iteration  88: ||V_upper^k - V_upper^k-1||_inf = 0.00342587920919217026, ||V_lower^k - V_lower^k-1||_inf = 0.00000000000000000000
    Local Iteration  89: ||V_upper^k - V_upper^k-1||_inf = 0.00328884404082449566, ||V_lower^k - V_lower^k-1||_inf = 0.00000000000000000000
    Local Iteration  90: ||V_upper^k - V_upper^k-1||_inf = 0.00315729027919151028, ||V_lower^k - V_lower^k-1||_inf = 0.00000000000000000000
    Local Iteration  91: ||V_upper^k - V_upper^k-1||_inf = 0.00252913565013943020, ||V_lower^k - V_lower^k-1||_inf = 0.00000000000000000000
    Local Iteration  92: ||V_upper^k - V_upper^k-1||_inf = 0.00000000000000000000, ||V_lower^k - V_lower^k-1||_inf = 0.00000000000000000000

==================================================
 LOCAL CONVERGENCE ACHIEVED
==================================================
  ||V_upper^k - V_upper^k-1||_inf = 0.00000000000000000000e+00 < tolerance = 1e-08
  ||V_lower^k - V_lower^k-1||_inf = 0.00000000000000000000e+00 < tolerance = 1e-08
  Converged in 92 iterations
  V_lower increased from min(l_lower, r_lower); smallest step 0.000e+00
    Local VI completed in 92 iterations
    Final convergence values:
      ||V_upper^final - V_upper^prev||_inf = 0.00000000e+00
      ||V_lower^final - V_lower^prev||_inf = 0.00000000e+00
  Local VI completed in 92 iterations, time: 0.005s
    Final ||V_upper^k - V_upper^k-1||_inf = 0.00000000000000000000e+00
    Final ||V_lower^k - V_lower^k-1||_inf = 0.00000000000000000000e+00
  Saved visualization: /Users/i.k.tabbara/Documents/python directory/HSCC_2027/refactored_Implementations/results_hscc_2027_modified_init/ra_discount/van_der_pol_res40_eps0.001_dmin1e-08_dmax1e-08_gamma0.96_dt0.01_tau0.01_std/value_function_phase_1_complete.png
  Phase 1 completed in 0.08s with 3120 leaf cells

Classification after phase 1:
  Safe:               16 cells (  0.5%),    1.0% of state space
  Unsafe:             68 cells (  2.2%),    4.1% of state space
  Unclassified:     3036 cells ( 97.3%),   94.9% of state space

======================================================================
REFINEMENT PHASE 2
======================================================================
Boundary cells: 3036
  Refinable (>eta_min=0.000354): 3036
  Below threshold: 0
  Cumulative refined: 1520
  Refinable cell size statistics:
    Max:    0.125000
    Mean:   0.125000
    Min:    0.125000
    Median: 0.125000
  Refining 3036 cells...
    Refined: 3036 parent cells
    Created: 6072 child cells
    Total cells: 6156
    Refinement time: 0.000s
    Cumulative refined: 4556
  Rebuilding spatial index...
  Building spatial index for 6156 cells...
   Spatial index built in 0.00s
    Spatial index rebuilt in 0.001s
  Initializing 6072 new cells...
  Initializing 6072 new cells in parallel...
   Initialized in 0.00s (62543776.5 cells/s)
    Initialization completed in 0.000s
  Starting local value iteration...
  Reinitializing ALL 6156 cells (V_lower = min(l, r), V_upper = l)
   Reinitialized 6156 cells in 0.00s (280877857.4 cells/s)
  Local VI: updating all 6156 cells
    Conservative mode: False
    Convergence tolerance: 1e-08
    Max iterations: 20000
    Updating successor cache for 6072 updated cells...
    Updating successor cache for 6072 new cells (HYBRID)...
      Affected cells: 6114
   Trajectories + spatial queries computed in 0.00s (11987271.6 tasks/s)
    Breakdown: 39.2% ODE, 60.8% queries
     Cache updated in 0.00s (9361148.3 tasks/s)
    Local Iteration   1: ||V_upper^k - V_upper^k-1||_inf = 0.22954938828165794007, ||V_lower^k - V_lower^k-1||_inf = 0.27209343571927480099
    Local Iteration   2: ||V_upper^k - V_upper^k-1||_inf = 0.21381093701787845518, ||V_lower^k - V_lower^k-1||_inf = 0.25555637451102075630
    Local Iteration   3: ||V_upper^k - V_upper^k-1||_inf = 0.19884935513856039080, ||V_lower^k - V_lower^k-1||_inf = 0.23990197241077204637
    Local Iteration   4: ||V_upper^k - V_upper^k-1||_inf = 0.14985159423381499977, ||V_lower^k - V_lower^k-1||_inf = 0.20250854460352751829
    Local Iteration   5: ||V_upper^k - V_upper^k-1||_inf = 0.14149219970652149314, ||V_lower^k - V_lower^k-1||_inf = 0.19254191768597772594
    Local Iteration   6: ||V_upper^k - V_upper^k-1||_inf = 0.13355994363347445386, ||V_lower^k - V_lower^k-1||_inf = 0.18306091975723326470
    Local Iteration   7: ||V_upper^k - V_upper^k-1||_inf = 0.12603401481543707874, ||V_lower^k - V_lower^k-1||_inf = 0.17404259275595457268
    Local Iteration   8: ||V_upper^k - V_upper^k-1||_inf = 0.11889460565089682298, ||V_lower^k - V_lower^k-1||_inf = 0.16546504179734267126
    Local Iteration   9: ||V_upper^k - V_upper^k-1||_inf = 0.11212286744577415476, ||V_lower^k - V_lower^k-1||_inf = 0.15730738638092089943
    Local Iteration  10: ||V_upper^k - V_upper^k-1||_inf = 0.10570086782966714445, ||V_lower^k - V_lower^k-1||_inf = 0.14954971378122250414
    Local Iteration  11: ||V_upper^k - V_upper^k-1||_inf = 0.09961155016778011628, ||V_lower^k - V_lower^k-1||_inf = 0.14217303452568064159
    Local Iteration  12: ||V_upper^k - V_upper^k-1||_inf = 0.09383869485690099488, ||V_lower^k - V_lower^k-1||_inf = 0.13515923986848132898
    Local Iteration  13: ||V_upper^k - V_upper^k-1||_inf = 0.08836688239230205966, ||V_lower^k - V_lower^k-1||_inf = 0.12849106117337694144
    Local Iteration  14: ||V_upper^k - V_upper^k-1||_inf = 0.08318145809000387914, ||V_lower^k - V_lower^k-1||_inf = 0.12215203112268691044
    Local Iteration  15: ||V_upper^k - V_upper^k-1||_inf = 0.07826849834585547505, ||V_lower^k - V_lower^k-1||_inf = 0.11612644667346927463
    Local Iteration  16: ||V_upper^k - V_upper^k-1||_inf = 0.07361477830927509736, ||V_lower^k - V_lower^k-1||_inf = 0.11039933368574361694
    Local Iteration  17: ||V_upper^k - V_upper^k-1||_inf = 0.06920774084558001249, ||V_lower^k - V_lower^k-1||_inf = 0.10495641315116932546
    Local Iteration  18: ||V_upper^k - V_upper^k-1||_inf = 0.06503546665703296981, ||V_lower^k - V_lower^k-1||_inf = 0.09978406895391556120
    Local Iteration  19: ||V_upper^k - V_upper^k-1||_inf = 0.06108664542920183571, ||V_lower^k - V_lower^k-1||_inf = 0.09486931709884505182
    Local Iteration  20: ||V_upper^k - V_upper^k-1||_inf = 0.05735054786692017625, ||V_lower^k - V_lower^k-1||_inf = 0.09019977634503972830
    Local Iteration  21: ||V_upper^k - V_upper^k-1||_inf = 0.05381699848324017488, ||V_lower^k - V_lower^k-1||_inf = 0.08576364018567050884
    Local Iteration  22: ||V_upper^k - V_upper^k-1||_inf = 0.05047634900649966561, ||V_lower^k - V_lower^k-1||_inf = 0.08154965011794246266
    Local Iteration  23: ||V_upper^k - V_upper^k-1||_inf = 0.04783947048910830446, ||V_lower^k - V_lower^k-1||_inf = 0.07754707014932171738
    Local Iteration  24: ||V_upper^k - V_upper^k-1||_inf = 0.04592589166954397228, ||V_lower^k - V_lower^k-1||_inf = 0.07349635786819241901
    Local Iteration  25: ||V_upper^k - V_upper^k-1||_inf = 0.04408885600276213346, ||V_lower^k - V_lower^k-1||_inf = 0.07055650355346476665
    Local Iteration  26: ||V_upper^k - V_upper^k-1||_inf = 0.04232530176265170141, ||V_lower^k - V_lower^k-1||_inf = 0.06773424341132616711
    Local Iteration  27: ||V_upper^k - V_upper^k-1||_inf = 0.04063228969214560671, ||V_lower^k - V_lower^k-1||_inf = 0.06502487367487308489
    Local Iteration  28: ||V_upper^k - V_upper^k-1||_inf = 0.03900699810445984461, ||V_lower^k - V_lower^k-1||_inf = 0.06242387872787835690
    Local Iteration  29: ||V_upper^k - V_upper^k-1||_inf = 0.03744671818028144639, ||V_lower^k - V_lower^k-1||_inf = 0.05992692357876316933
    Local Iteration  30: ||V_upper^k - V_upper^k-1||_inf = 0.03594884945307019741, ||V_lower^k - V_lower^k-1||_inf = 0.05752984663561266920
    Local Iteration  31: ||V_upper^k - V_upper^k-1||_inf = 0.03451089547494734511, ||V_lower^k - V_lower^k-1||_inf = 0.05522865277018818020
    Local Iteration  32: ||V_upper^k - V_upper^k-1||_inf = 0.03313045965594940689, ||V_lower^k - V_lower^k-1||_inf = 0.05301950665938059970
    Local Iteration  33: ||V_upper^k - V_upper^k-1||_inf = 0.03180524126971151500, ||V_lower^k - V_lower^k-1||_inf = 0.05089872639300541124
    Local Iteration  34: ||V_upper^k - V_upper^k-1||_inf = 0.03053303161892306772, ||V_lower^k - V_lower^k-1||_inf = 0.04886277733728516814
    Local Iteration  35: ||V_upper^k - V_upper^k-1||_inf = 0.02931171035416613169, ||V_lower^k - V_lower^k-1||_inf = 0.04690826624379362819
    Local Iteration  36: ||V_upper^k - V_upper^k-1||_inf = 0.02813924193999950418, ||V_lower^k - V_lower^k-1||_inf = 0.04503193559404206070
    Local Iteration  37: ||V_upper^k - V_upper^k-1||_inf = 0.02701367226239947961, ||V_lower^k - V_lower^k-1||_inf = 0.04323065817028015623
    Local Iteration  38: ||V_upper^k - V_upper^k-1||_inf = 0.02593312537190350930, ||V_lower^k - V_lower^k-1||_inf = 0.04150143184346910541
    Local Iteration  39: ||V_upper^k - V_upper^k-1||_inf = 0.02489580035702732008, ||V_lower^k - V_lower^k-1||_inf = 0.03984137456973024793
    Local Iteration  40: ||V_upper^k - V_upper^k-1||_inf = 0.02389996834274621396, ||V_lower^k - V_lower^k-1||_inf = 0.03824771958694106466
    Local Iteration  41: ||V_upper^k - V_upper^k-1||_inf = 0.02294396960903644089, ||V_lower^k - V_lower^k-1||_inf = 0.03671781080346347981
    Local Iteration  42: ||V_upper^k - V_upper^k-1||_inf = 0.02202621082467492997, ||V_lower^k - V_lower^k-1||_inf = 0.03524909837132494950
    Local Iteration  43: ||V_upper^k - V_upper^k-1||_inf = 0.02114516239168795497, ||V_lower^k - V_lower^k-1||_inf = 0.03383913443647190711
    Local Iteration  44: ||V_upper^k - V_upper^k-1||_inf = 0.02029935589602044343, ||V_lower^k - V_lower^k-1||_inf = 0.03248556905901300862
    Local Iteration  45: ||V_upper^k - V_upper^k-1||_inf = 0.01948738166017960349, ||V_lower^k - V_lower^k-1||_inf = 0.03118614629665250604
    Local Iteration  46: ||V_upper^k - V_upper^k-1||_inf = 0.01870788639377241047, ||V_lower^k - V_lower^k-1||_inf = 0.02993870044478641468
    Local Iteration  47: ||V_upper^k - V_upper^k-1||_inf = 0.01795957093802152960, ||V_lower^k - V_lower^k-1||_inf = 0.02874115242699493145
    Local Iteration  48: ||V_upper^k - V_upper^k-1||_inf = 0.01724118810050068173, ||V_lower^k - V_lower^k-1||_inf = 0.02759150632991513863
    Local Iteration  49: ||V_upper^k - V_upper^k-1||_inf = 0.01655154057648061672, ||V_lower^k - V_lower^k-1||_inf = 0.02648784607671850200
    Local Iteration  50: ||V_upper^k - V_upper^k-1||_inf = 0.01588947895342140981, ||V_lower^k - V_lower^k-1||_inf = 0.02542833223364981965
    Local Iteration  51: ||V_upper^k - V_upper^k-1||_inf = 0.01525389979528457562, ||V_lower^k - V_lower^k-1||_inf = 0.02441119894430376913
    Local Iteration  52: ||V_upper^k - V_upper^k-1||_inf = 0.01464374380347316373, ||V_lower^k - V_lower^k-1||_inf = 0.02343475098653169386
    Local Iteration  53: ||V_upper^k - V_upper^k-1||_inf = 0.01405799405133423274, ||V_lower^k - V_lower^k-1||_inf = 0.02230210623712558515
    Local Iteration  54: ||V_upper^k - V_upper^k-1||_inf = 0.01349567428928089008, ||V_lower^k - V_lower^k-1||_inf = 0.02128804846489085190
    Local Iteration  55: ||V_upper^k - V_upper^k-1||_inf = 0.01295584731770965670, ||V_lower^k - V_lower^k-1||_inf = 0.02043652652629524002
    Local Iteration  56: ||V_upper^k - V_upper^k-1||_inf = 0.01243761342500127043, ||V_lower^k - V_lower^k-1||_inf = 0.01961906546524344597
    Local Iteration  57: ||V_upper^k - V_upper^k-1||_inf = 0.01194010888800117742, ||V_lower^k - V_lower^k-1||_inf = 0.01872929426189184898
    Local Iteration  58: ||V_upper^k - V_upper^k-1||_inf = 0.01146250453248115475, ||V_lower^k - V_lower^k-1||_inf = 0.01798012249141617280
    Local Iteration  59: ||V_upper^k - V_upper^k-1||_inf = 0.01100400435118192854, ||V_lower^k - V_lower^k-1||_inf = 0.01726091759175951701
    Local Iteration  60: ||V_upper^k - V_upper^k-1||_inf = 0.01056384417713462920, ||V_lower^k - V_lower^k-1||_inf = 0.01657048088808915631
    Local Iteration  61: ||V_upper^k - V_upper^k-1||_inf = 0.01014129041004924181, ||V_lower^k - V_lower^k-1||_inf = 0.01590766165256557452
    Local Iteration  62: ||V_upper^k - V_upper^k-1||_inf = 0.00973563879364727769, ||V_lower^k - V_lower^k-1||_inf = 0.01527135518646294265
    Local Iteration  63: ||V_upper^k - V_upper^k-1||_inf = 0.00934621324190137992, ||V_lower^k - V_lower^k-1||_inf = 0.01466050097900445381
    Local Iteration  64: ||V_upper^k - V_upper^k-1||_inf = 0.00897236471222531695, ||V_lower^k - V_lower^k-1||_inf = 0.01407408093984424680
    Local Iteration  65: ||V_upper^k - V_upper^k-1||_inf = 0.00861347012373631093, ||V_lower^k - V_lower^k-1||_inf = 0.01351111770225049691
    Local Iteration  66: ||V_upper^k - V_upper^k-1||_inf = 0.00826893131878686516, ||V_lower^k - V_lower^k-1||_inf = 0.01199341169635853577
    Local Iteration  67: ||V_upper^k - V_upper^k-1||_inf = 0.00793817406603539166, ||V_lower^k - V_lower^k-1||_inf = 0.01151367522850416103
    Local Iteration  68: ||V_upper^k - V_upper^k-1||_inf = 0.00762064710339396822, ||V_lower^k - V_lower^k-1||_inf = 0.01023730706882569619
    Local Iteration  69: ||V_upper^k - V_upper^k-1||_inf = 0.00731582121925822282, ||V_lower^k - V_lower^k-1||_inf = 0.00982781478607264170
    Local Iteration  70: ||V_upper^k - V_upper^k-1||_inf = 0.00702318837048787614, ||V_lower^k - V_lower^k-1||_inf = 0.00943470219462971826
    Local Iteration  71: ||V_upper^k - V_upper^k-1||_inf = 0.00674226083566836776, ||V_lower^k - V_lower^k-1||_inf = 0.00252893959932387613
    Local Iteration  72: ||V_upper^k - V_upper^k-1||_inf = 0.00647257040224163971, ||V_lower^k - V_lower^k-1||_inf = 0.00000000000000000000
    Local Iteration  73: ||V_upper^k - V_upper^k-1||_inf = 0.00621366758615196635, ||V_lower^k - V_lower^k-1||_inf = 0.00000000000000000000
    Local Iteration  74: ||V_upper^k - V_upper^k-1||_inf = 0.00596512088270589880, ||V_lower^k - V_lower^k-1||_inf = 0.00000000000000000000
    Local Iteration  75: ||V_upper^k - V_upper^k-1||_inf = 0.00572651604739765618, ||V_lower^k - V_lower^k-1||_inf = 0.00000000000000000000
    Local Iteration  76: ||V_upper^k - V_upper^k-1||_inf = 0.00549745540550175549, ||V_lower^k - V_lower^k-1||_inf = 0.00000000000000000000
    Local Iteration  77: ||V_upper^k - V_upper^k-1||_inf = 0.00527755718928166195, ||V_lower^k - V_lower^k-1||_inf = 0.00000000000000000000
    Local Iteration  78: ||V_upper^k - V_upper^k-1||_inf = 0.00506645490171041268, ||V_lower^k - V_lower^k-1||_inf = 0.00000000000000000000
    Local Iteration  79: ||V_upper^k - V_upper^k-1||_inf = 0.00486379670564199285, ||V_lower^k - V_lower^k-1||_inf = 0.00000000000000000000
    Local Iteration  80: ||V_upper^k - V_upper^k-1||_inf = 0.00466924483741630592, ||V_lower^k - V_lower^k-1||_inf = 0.00000000000000000000
    Local Iteration  81: ||V_upper^k - V_upper^k-1||_inf = 0.00448247504391965923, ||V_lower^k - V_lower^k-1||_inf = 0.00000000000000000000
    Local Iteration  82: ||V_upper^k - V_upper^k-1||_inf = 0.00430317604216287619, ||V_lower^k - V_lower^k-1||_inf = 0.00000000000000000000
    Local Iteration  83: ||V_upper^k - V_upper^k-1||_inf = 0.00413104900047635282, ||V_lower^k - V_lower^k-1||_inf = 0.00000000000000000000
    Local Iteration  84: ||V_upper^k - V_upper^k-1||_inf = 0.00396580704045730592, ||V_lower^k - V_lower^k-1||_inf = 0.00000000000000000000
    Local Iteration  85: ||V_upper^k - V_upper^k-1||_inf = 0.00380717475883901590, ||V_lower^k - V_lower^k-1||_inf = 0.00000000000000000000
    Local Iteration  86: ||V_upper^k - V_upper^k-1||_inf = 0.00365488776848545138, ||V_lower^k - V_lower^k-1||_inf = 0.00000000000000000000
    Local Iteration  87: ||V_upper^k - V_upper^k-1||_inf = 0.00350869225774602667, ||V_lower^k - V_lower^k-1||_inf = 0.00000000000000000000
    Local Iteration  88: ||V_upper^k - V_upper^k-1||_inf = 0.00336834456743619060, ||V_lower^k - V_lower^k-1||_inf = 0.00000000000000000000
    Local Iteration  89: ||V_upper^k - V_upper^k-1||_inf = 0.00323361078473874408, ||V_lower^k - V_lower^k-1||_inf = 0.00000000000000000000
    Local Iteration  90: ||V_upper^k - V_upper^k-1||_inf = 0.00310426635334919154, ||V_lower^k - V_lower^k-1||_inf = 0.00000000000000000000
    Local Iteration  91: ||V_upper^k - V_upper^k-1||_inf = 0.00298009569921522943, ||V_lower^k - V_lower^k-1||_inf = 0.00000000000000000000
    Local Iteration  92: ||V_upper^k - V_upper^k-1||_inf = 0.00286089187124662081, ||V_lower^k - V_lower^k-1||_inf = 0.00000000000000000000
    Local Iteration  93: ||V_upper^k - V_upper^k-1||_inf = 0.00274645619639675431, ||V_lower^k - V_lower^k-1||_inf = 0.00000000000000000000
    Local Iteration  94: ||V_upper^k - V_upper^k-1||_inf = 0.00263659794854087526, ||V_lower^k - V_lower^k-1||_inf = 0.00000000000000000000
    Local Iteration  95: ||V_upper^k - V_upper^k-1||_inf = 0.00253113403059924275, ||V_lower^k - V_lower^k-1||_inf = 0.00000000000000000000
    Local Iteration  96: ||V_upper^k - V_upper^k-1||_inf = 0.00242988866937527553, ||V_lower^k - V_lower^k-1||_inf = 0.00000000000000000000
    Local Iteration  97: ||V_upper^k - V_upper^k-1||_inf = 0.00233269312260026701, ||V_lower^k - V_lower^k-1||_inf = 0.00000000000000000000
    Local Iteration  98: ||V_upper^k - V_upper^k-1||_inf = 0.00223938539769625439, ||V_lower^k - V_lower^k-1||_inf = 0.00000000000000000000
    Local Iteration  99: ||V_upper^k - V_upper^k-1||_inf = 0.00214980998178840310, ||V_lower^k - V_lower^k-1||_inf = 0.00000000000000000000
    Local Iteration 100: ||V_upper^k - V_upper^k-1||_inf = 0.00206381758251687059, ||V_lower^k - V_lower^k-1||_inf = 0.00000000000000000000
    Local Iteration 101: ||V_upper^k - V_upper^k-1||_inf = 0.00198126487921618938, ||V_lower^k - V_lower^k-1||_inf = 0.00000000000000000000
    Local Iteration 102: ||V_upper^k - V_upper^k-1||_inf = 0.00190201428404754291, ||V_lower^k - V_lower^k-1||_inf = 0.00000000000000000000
    Local Iteration 103: ||V_upper^k - V_upper^k-1||_inf = 0.00182593371268564147, ||V_lower^k - V_lower^k-1||_inf = 0.00000000000000000000
    Local Iteration 104: ||V_upper^k - V_upper^k-1||_inf = 0.00175289636417821915, ||V_lower^k - V_lower^k-1||_inf = 0.00000000000000000000
    Local Iteration 105: ||V_upper^k - V_upper^k-1||_inf = 0.00168278050961109121, ||V_lower^k - V_lower^k-1||_inf = 0.00000000000000000000
    Local Iteration 106: ||V_upper^k - V_upper^k-1||_inf = 0.00161546928922664396, ||V_lower^k - V_lower^k-1||_inf = 0.00000000000000000000
    Local Iteration 107: ||V_upper^k - V_upper^k-1||_inf = 0.00155085051765757598, ||V_lower^k - V_lower^k-1||_inf = 0.00000000000000000000
    Local Iteration 108: ||V_upper^k - V_upper^k-1||_inf = 0.00148881649695127571, ||V_lower^k - V_lower^k-1||_inf = 0.00000000000000000000
    Local Iteration 109: ||V_upper^k - V_upper^k-1||_inf = 0.00142926383707322330, ||V_lower^k - V_lower^k-1||_inf = 0.00000000000000000000
    Local Iteration 110: ||V_upper^k - V_upper^k-1||_inf = 0.00137209328359029492, ||V_lower^k - V_lower^k-1||_inf = 0.00000000000000000000
    Local Iteration 111: ||V_upper^k - V_upper^k-1||_inf = 0.00131720955224668562, ||V_lower^k - V_lower^k-1||_inf = 0.00000000000000000000
    Local Iteration 112: ||V_upper^k - V_upper^k-1||_inf = 0.00126452117015681681, ||V_lower^k - V_lower^k-1||_inf = 0.00000000000000000000
    Local Iteration 113: ||V_upper^k - V_upper^k-1||_inf = 0.00116649954774464618, ||V_lower^k - V_lower^k-1||_inf = 0.00000000000000000000
    Local Iteration 114: ||V_upper^k - V_upper^k-1||_inf = 0.00111321634552808552, ||V_lower^k - V_lower^k-1||_inf = 0.00000000000000000000
    Local Iteration 115: ||V_upper^k - V_upper^k-1||_inf = 0.00106868769170696126, ||V_lower^k - V_lower^k-1||_inf = 0.00000000000000000000
    Local Iteration 116: ||V_upper^k - V_upper^k-1||_inf = 0.00100860719504977658, ||V_lower^k - V_lower^k-1||_inf = 0.00000000000000000000
    Local Iteration 117: ||V_upper^k - V_upper^k-1||_inf = 0.00096826290724778483, ||V_lower^k - V_lower^k-1||_inf = 0.00000000000000000000
    Local Iteration 118: ||V_upper^k - V_upper^k-1||_inf = 0.00092953239095787399, ||V_lower^k - V_lower^k-1||_inf = 0.00000000000000000000
    Local Iteration 119: ||V_upper^k - V_upper^k-1||_inf = 0.00089235109531955736, ||V_lower^k - V_lower^k-1||_inf = 0.00000000000000000000
    Local Iteration 120: ||V_upper^k - V_upper^k-1||_inf = 0.00085665705150677479, ||V_lower^k - V_lower^k-1||_inf = 0.00000000000000000000
    Local Iteration 121: ||V_upper^k - V_upper^k-1||_inf = 0.00082239076944650574, ||V_lower^k - V_lower^k-1||_inf = 0.00000000000000000000
    Local Iteration 122: ||V_upper^k - V_upper^k-1||_inf = 0.00078949513866864371, ||V_lower^k - V_lower^k-1||_inf = 0.00000000000000000000
    Local Iteration 123: ||V_upper^k - V_upper^k-1||_inf = 0.00075791533312189949, ||V_lower^k - V_lower^k-1||_inf = 0.00000000000000000000
    Local Iteration 124: ||V_upper^k - V_upper^k-1||_inf = 0.00072759871979702351, ||V_lower^k - V_lower^k-1||_inf = 0.00000000000000000000
    Local Iteration 125: ||V_upper^k - V_upper^k-1||_inf = 0.00069849477100514257, ||V_lower^k - V_lower^k-1||_inf = 0.00000000000000000000
    Local Iteration 126: ||V_upper^k - V_upper^k-1||_inf = 0.00067055498016493562, ||V_lower^k - V_lower^k-1||_inf = 0.00000000000000000000
    Local Iteration 127: ||V_upper^k - V_upper^k-1||_inf = 0.00064373278095833895, ||V_lower^k - V_lower^k-1||_inf = 0.00000000000000000000
    Local Iteration 128: ||V_upper^k - V_upper^k-1||_inf = 0.00061798346972000498, ||V_lower^k - V_lower^k-1||_inf = 0.00000000000000000000
    Local Iteration 129: ||V_upper^k - V_upper^k-1||_inf = 0.00059326413093120471, ||V_lower^k - V_lower^k-1||_inf = 0.00000000000000000000
    Local Iteration 130: ||V_upper^k - V_upper^k-1||_inf = 0.00056953356569395749, ||V_lower^k - V_lower^k-1||_inf = 0.00000000000000000000
    Local Iteration 131: ||V_upper^k - V_upper^k-1||_inf = 0.00054675222306619850, ||V_lower^k - V_lower^k-1||_inf = 0.00000000000000000000
    Local Iteration 132: ||V_upper^k - V_upper^k-1||_inf = 0.00052488213414355125, ||V_lower^k - V_lower^k-1||_inf = 0.00000000000000000000
    Local Iteration 133: ||V_upper^k - V_upper^k-1||_inf = 0.00050388684877780872, ||V_lower^k - V_lower^k-1||_inf = 0.00000000000000000000
    Local Iteration 134: ||V_upper^k - V_upper^k-1||_inf = 0.00048373137482669686, ||V_lower^k - V_lower^k-1||_inf = 0.00000000000000000000
    Local Iteration 135: ||V_upper^k - V_upper^k-1||_inf = 0.00046438211983362843, ||V_lower^k - V_lower^k-1||_inf = 0.00000000000000000000
    Local Iteration 136: ||V_upper^k - V_upper^k-1||_inf = 0.00044580683504028343, ||V_lower^k - V_lower^k-1||_inf = 0.00000000000000000000
    Local Iteration 137: ||V_upper^k - V_upper^k-1||_inf = 0.00042797456163867244, ||V_lower^k - V_lower^k-1||_inf = 0.00000000000000000000
    Local Iteration 138: ||V_upper^k - V_upper^k-1||_inf = 0.00041085557917312603, ||V_lower^k - V_lower^k-1||_inf = 0.00000000000000000000
    Local Iteration 139: ||V_upper^k - V_upper^k-1||_inf = 0.00039442135600620092, ||V_lower^k - V_lower^k-1||_inf = 0.00000000000000000000
    Local Iteration 140: ||V_upper^k - V_upper^k-1||_inf = 0.00037864450176595260, ||V_lower^k - V_lower^k-1||_inf = 0.00000000000000000000
    Local Iteration 141: ||V_upper^k - V_upper^k-1||_inf = 0.00036349872169531491, ||V_lower^k - V_lower^k-1||_inf = 0.00000000000000000000
    Local Iteration 142: ||V_upper^k - V_upper^k-1||_inf = 0.00034895877282750155, ||V_lower^k - V_lower^k-1||_inf = 0.00000000000000000000
    Local Iteration 143: ||V_upper^k - V_upper^k-1||_inf = 0.00033500042191440121, ||V_lower^k - V_lower^k-1||_inf = 0.00000000000000000000
    Local Iteration 144: ||V_upper^k - V_upper^k-1||_inf = 0.00032160040503782534, ||V_lower^k - V_lower^k-1||_inf = 0.00000000000000000000
    Local Iteration 145: ||V_upper^k - V_upper^k-1||_inf = 0.00030873638883631253, ||V_lower^k - V_lower^k-1||_inf = 0.00000000000000000000
    Local Iteration 146: ||V_upper^k - V_upper^k-1||_inf = 0.00029638693328285989, ||V_lower^k - V_lower^k-1||_inf = 0.00000000000000000000
    Local Iteration 147: ||V_upper^k - V_upper^k-1||_inf = 0.00028453145595154494, ||V_lower^k - V_lower^k-1||_inf = 0.00000000000000000000
    Local Iteration 148: ||V_upper^k - V_upper^k-1||_inf = 0.00027315019771348339, ||V_lower^k - V_lower^k-1||_inf = 0.00000000000000000000
    Local Iteration 149: ||V_upper^k - V_upper^k-1||_inf = 0.00026222418980494447, ||V_lower^k - V_lower^k-1||_inf = 0.00000000000000000000
    Local Iteration 150: ||V_upper^k - V_upper^k-1||_inf = 0.00025173522221274679, ||V_lower^k - V_lower^k-1||_inf = 0.00000000000000000000
    Local Iteration 151: ||V_upper^k - V_upper^k-1||_inf = 0.00021257414326123370, ||V_lower^k - V_lower^k-1||_inf = 0.00000000000000000000
    Local Iteration 152: ||V_upper^k - V_upper^k-1||_inf = 0.00000000000000000000, ||V_lower^k - V_lower^k-1||_inf = 0.00000000000000000000

==================================================
 LOCAL CONVERGENCE ACHIEVED
==================================================
  ||V_upper^k - V_upper^k-1||_inf = 0.00000000000000000000e+00 < tolerance = 1e-08
  ||V_lower^k - V_lower^k-1||_inf = 0.00000000000000000000e+00 < tolerance = 1e-08
  Converged in 152 iterations
  V_lower increased from min(l_lower, r_lower); smallest step 0.000e+00
    Local VI completed in 152 iterations
    Final convergence values:
      ||V_upper^final - V_upper^prev||_inf = 0.00000000e+00
      ||V_lower^final - V_lower^prev||_inf = 0.00000000e+00
  Local VI completed in 152 iterations, time: 0.008s
    Final ||V_upper^k - V_upper^k-1||_inf = 0.00000000000000000000e+00
    Final ||V_lower^k - V_lower^k-1||_inf = 0.00000000000000000000e+00
  Saved visualization: /Users/i.k.tabbara/Documents/python directory/HSCC_2027/refactored_Implementations/results_hscc_2027_modified_init/ra_discount/van_der_pol_res40_eps0.001_dmin1e-08_dmax1e-08_gamma0.96_dt0.01_tau0.01_std/value_function_phase_2_complete.png
  Phase 2 completed in 0.09s with 6156 leaf cells

Classification after phase 2:
  Safe:               40 cells (  0.6%),    1.4% of state space
  Unsafe:             96 cells (  1.6%),    4.6% of state space
  Unclassified:     6020 cells ( 97.8%),   94.1% of state space

======================================================================
REFINEMENT PHASE 3
======================================================================
Boundary cells: 6020
  Refinable (>eta_min=0.000354): 6020
  Below threshold: 0
  Cumulative refined: 4556
  Refinable cell size statistics:
    Max:    0.072500
    Mean:   0.072500
    Min:    0.072500
    Median: 0.072500
  Refining 6020 cells...
    Refined: 6020 parent cells
    Created: 12040 child cells
    Total cells: 12176
    Refinement time: 0.000s
    Cumulative refined: 10576
  Rebuilding spatial index...
  Building spatial index for 12176 cells...
   Spatial index built in 0.00s
    Spatial index rebuilt in 0.001s
  Initializing 12040 new cells...
  Initializing 12040 new cells in parallel...
   Initialized in 0.00s (105536271.5 cells/s)
    Initialization completed in 0.000s
  Starting local value iteration...
  Reinitializing ALL 12176 cells (V_lower = min(l, r), V_upper = l)
   Reinitialized 12176 cells in 0.00s (240314208.5 cells/s)
  Local VI: updating all 12176 cells
    Conservative mode: False
    Convergence tolerance: 1e-08
    Max iterations: 20000
    Updating successor cache for 12040 updated cells...
    Updating successor cache for 12040 new cells (HYBRID)...
      Affected cells: 12114
   Trajectories + spatial queries computed in 0.00s (12053731.3 tasks/s)
    Breakdown: 39.1% ODE, 60.9% queries
     Cache updated in 0.00s (9605077.0 tasks/s)
    Local Iteration   1: ||V_upper^k - V_upper^k-1||_inf = 0.23011206610482082269, ||V_lower^k - V_lower^k-1||_inf = 0.27254618067623948008
    Local Iteration   2: ||V_upper^k - V_upper^k-1||_inf = 0.19158356903196516186, ||V_lower^k - V_lower^k-1||_inf = 0.24038323835349828528
    Local Iteration   3: ||V_upper^k - V_upper^k-1||_inf = 0.17962123507312321991, ||V_lower^k - V_lower^k-1||_inf = 0.22720055713165532296
    Local Iteration   4: ||V_upper^k - V_upper^k-1||_inf = 0.16827546336965815144, ||V_lower^k - V_lower^k-1||_inf = 0.21470122689522508352
    Local Iteration   5: ||V_upper^k - V_upper^k-1||_inf = 0.15751507531549302499, ||V_lower^k - V_lower^k-1||_inf = 0.20285254142688780021
    Local Iteration   6: ||V_upper^k - V_upper^k-1||_inf = 0.14731054574752633357, ||V_lower^k - V_lower^k-1||_inf = 0.19162337267912121774
    Local Iteration   7: ||V_upper^k - V_upper^k-1||_inf = 0.13636414551034126141, ||V_lower^k - V_lower^k-1||_inf = 0.17999652438489022188
    Local Iteration   8: ||V_upper^k - V_upper^k-1||_inf = 0.11402910650661945979, ||V_lower^k - V_lower^k-1||_inf = 0.16325055889047535018
    Local Iteration   9: ||V_upper^k - V_upper^k-1||_inf = 0.10838648350142454646, ||V_lower^k - V_lower^k-1||_inf = 0.15444065497021997047
    Local Iteration  10: ||V_upper^k - V_upper^k-1||_inf = 0.10405102416136768895, ||V_lower^k - V_lower^k-1||_inf = 0.14826302877141106507
    Local Iteration  11: ||V_upper^k - V_upper^k-1||_inf = 0.09988898319491279487, ||V_lower^k - V_lower^k-1||_inf = 0.14233250762055504879
    Local Iteration  12: ||V_upper^k - V_upper^k-1||_inf = 0.09410541381443482400, ||V_lower^k - V_lower^k-1||_inf = 0.13530928425303878626
    Local Iteration  13: ||V_upper^k - V_upper^k-1||_inf = 0.08862327316718987547, ||V_lower^k - V_lower^k-1||_inf = 0.12863206422651929373
    Local Iteration  14: ||V_upper^k - V_upper^k-1||_inf = 0.08342788132645040378, ||V_lower^k - V_lower^k-1||_inf = 0.12228436466889514023
    Local Iteration  15: ||V_upper^k - V_upper^k-1||_inf = 0.07850528975435966395, ||V_lower^k - V_lower^k-1||_inf = 0.11625046775018743617
    Local Iteration  16: ||V_upper^k - V_upper^k-1||_inf = 0.07384224898461066999, ||V_lower^k - V_lower^k-1||_inf = 0.11051538528219762014
    Local Iteration  17: ||V_upper^k - V_upper^k-1||_inf = 0.06942617761145730704, ||V_lower^k - V_lower^k-1||_inf = 0.10506482491895008380
    Local Iteration  18: ||V_upper^k - V_upper^k-1||_inf = 0.06088274122629755425, ||V_lower^k - V_lower^k-1||_inf = 0.09790738599707449197
    Local Iteration  19: ||V_upper^k - V_upper^k-1||_inf = 0.05844743157724563432, ||V_lower^k - V_lower^k-1||_inf = 0.09360416500801349571
    Local Iteration  20: ||V_upper^k - V_upper^k-1||_inf = 0.05558034235308451088, ||V_lower^k - V_lower^k-1||_inf = 0.08949179985342969879
    Local Iteration  21: ||V_upper^k - V_upper^k-1||_inf = 0.05285131070142901066, ||V_lower^k - V_lower^k-1||_inf = 0.08556181627596992634
    Local Iteration  22: ||V_upper^k - V_upper^k-1||_inf = 0.05025384818142875076, ||V_lower^k - V_lower^k-1||_inf = 0.08180611496668088733
    Local Iteration  23: ||V_upper^k - V_upper^k-1||_inf = 0.04778176564813796379, ||V_lower^k - V_lower^k-1||_inf = 0.07821695506202508419
    Local Iteration  24: ||V_upper^k - V_upper^k-1||_inf = 0.04587049502221240971, ||V_lower^k - V_lower^k-1||_inf = 0.07508827685954400089
    Local Iteration  25: ||V_upper^k - V_upper^k-1||_inf = 0.04361199326639986218, ||V_lower^k - V_lower^k-1||_inf = 0.07179546082874832535
    Local Iteration  26: ||V_upper^k - V_upper^k-1||_inf = 0.04146278347196274972, ||V_lower^k - V_lower^k-1||_inf = 0.06864863447698388299
    Local Iteration  27: ||V_upper^k - V_upper^k-1||_inf = 0.03941771000710647677, ||V_lower^k - V_lower^k-1||_inf = 0.06564131062608136169
    Local Iteration  28: ||V_upper^k - V_upper^k-1||_inf = 0.03784100160682224434, ||V_lower^k - V_lower^k-1||_inf = 0.06301565820103816051
    Local Iteration  29: ||V_upper^k - V_upper^k-1||_inf = 0.03597298151352179563, ||V_lower^k - V_lower^k-1||_inf = 0.06025659789452064707
    Local Iteration  30: ||V_upper^k - V_upper^k-1||_inf = 0.03427701139559069521, ||V_lower^k - V_lower^k-1||_inf = 0.05761982009049249065
    Local Iteration  31: ||V_upper^k - V_upper^k-1||_inf = 0.03290593093976712513, ||V_lower^k - V_lower^k-1||_inf = 0.05509988879862715017
    Local Iteration  32: ||V_upper^k - V_upper^k-1||_inf = 0.03158969370217634687, ||V_lower^k - V_lower^k-1||_inf = 0.05289589324668209080
    Local Iteration  33: ||V_upper^k - V_upper^k-1||_inf = 0.03032610595408935517, ||V_lower^k - V_lower^k-1||_inf = 0.05058394465024429465
    Local Iteration  34: ||V_upper^k - V_upper^k-1||_inf = 0.02911306171592575875, ||V_lower^k - V_lower^k-1||_inf = 0.04837441542951892437
    Local Iteration  35: ||V_upper^k - V_upper^k-1||_inf = 0.02794853924728868400, ||V_lower^k - V_lower^k-1||_inf = 0.04643943881233814075
    Local Iteration  36: ||V_upper^k - V_upper^k-1||_inf = 0.02683059767739714996, ||V_lower^k - V_lower^k-1||_inf = 0.04441224086490214162
    Local Iteration  37: ||V_upper^k - V_upper^k-1||_inf = 0.02575737377030129505, ||V_lower^k - V_lower^k-1||_inf = 0.04263575123030594050
    Local Iteration  38: ||V_upper^k - V_upper^k-1||_inf = 0.02472707881948921216, ||V_lower^k - V_lower^k-1||_inf = 0.04077582192046935727
    Local Iteration  39: ||V_upper^k - V_upper^k-1||_inf = 0.02373799566670964367, ||V_lower^k - V_lower^k-1||_inf = 0.03914478904365059631
    Local Iteration  40: ||V_upper^k - V_upper^k-1||_inf = 0.02278847584004128901, ||V_lower^k - V_lower^k-1||_inf = 0.03743831034877009856
    Local Iteration  41: ||V_upper^k - V_upper^k-1||_inf = 0.02187693680643965077, ||V_lower^k - V_lower^k-1||_inf = 0.03594077793481920136
    Local Iteration  42: ||V_upper^k - V_upper^k-1||_inf = 0.02100185933418208251, ||V_lower^k - V_lower^k-1||_inf = 0.03437507364603986648
    Local Iteration  43: ||V_upper^k - V_upper^k-1||_inf = 0.02016178496081477700, ||V_lower^k - V_lower^k-1||_inf = 0.03295014363813908442
    Local Iteration  44: ||V_upper^k - V_upper^k-1||_inf = 0.01935531356238218148, ||V_lower^k - V_lower^k-1||_inf = 0.03163213789261354325
    Local Iteration  45: ||V_upper^k - V_upper^k-1||_inf = 0.01858110101988691421, ||V_lower^k - V_lower^k-1||_inf = 0.03036685237690905925
    Local Iteration  46: ||V_upper^k - V_upper^k-1||_inf = 0.01783785697909140433, ||V_lower^k - V_lower^k-1||_inf = 0.02915217828183269688
    Local Iteration  47: ||V_upper^k - V_upper^k-1||_inf = 0.01712434269992774150, ||V_lower^k - V_lower^k-1||_inf = 0.02798609115055938901
    Local Iteration  48: ||V_upper^k - V_upper^k-1||_inf = 0.01643936899193065848, ||V_lower^k - V_lower^k-1||_inf = 0.02686664750453693351
    Local Iteration  49: ||V_upper^k - V_upper^k-1||_inf = 0.01578179423225339884, ||V_lower^k - V_lower^k-1||_inf = 0.02579198160435547393
    Local Iteration  50: ||V_upper^k - V_upper^k-1||_inf = 0.01515052246296327843, ||V_lower^k - V_lower^k-1||_inf = 0.02476030234018122833
    Local Iteration  51: ||V_upper^k - V_upper^k-1||_inf = 0.01454450156444475617, ||V_lower^k - V_lower^k-1||_inf = 0.02376989024657405469
    Local Iteration  52: ||V_upper^k - V_upper^k-1||_inf = 0.01396272150186694816, ||V_lower^k - V_lower^k-1||_inf = 0.02281909463671105698
    Local Iteration  53: ||V_upper^k - V_upper^k-1||_inf = 0.01340421264179225691, ||V_lower^k - V_lower^k-1||_inf = 0.02190633085124260582
    Local Iteration  54: ||V_upper^k - V_upper^k-1||_inf = 0.01286804413612058218, ||V_lower^k - V_lower^k-1||_inf = 0.02103007761719288826
    Local Iteration  55: ||V_upper^k - V_upper^k-1||_inf = 0.01235332237067576777, ||V_lower^k - V_lower^k-1||_inf = 0.02018887451250517273
    Local Iteration  56: ||V_upper^k - V_upper^k-1||_inf = 0.01185918947584874150, ||V_lower^k - V_lower^k-1||_inf = 0.01938131953200500357
    Local Iteration  57: ||V_upper^k - V_upper^k-1||_inf = 0.01138482189681477852, ||V_lower^k - V_lower^k-1||_inf = 0.01860606675072479232
    Local Iteration  58: ||V_upper^k - V_upper^k-1||_inf = 0.01092942902094218294, ||V_lower^k - V_lower^k-1||_inf = 0.01786182408069580951
    Local Iteration  59: ||V_upper^k - V_upper^k-1||_inf = 0.01049225186010449562, ||V_lower^k - V_lower^k-1||_inf = 0.01714735111746795715
    Local Iteration  60: ||V_upper^k - V_upper^k-1||_inf = 0.01007256178570031802, ||V_lower^k - V_lower^k-1||_inf = 0.01646145707276924774
    Local Iteration  61: ||V_upper^k - V_upper^k-1||_inf = 0.00966965931427229974, ||V_lower^k - V_lower^k-1||_inf = 0.01580299878985846895
    Local Iteration  62: ||V_upper^k - V_upper^k-1||_inf = 0.00928287294170140886, ||V_lower^k - V_lower^k-1||_inf = 0.01517087883826412353
    Local Iteration  63: ||V_upper^k - V_upper^k-1||_inf = 0.00891155802403337249, ||V_lower^k - V_lower^k-1||_inf = 0.01456404368473357414
    Local Iteration  64: ||V_upper^k - V_upper^k-1||_inf = 0.00855509570307202982, ||V_lower^k - V_lower^k-1||_inf = 0.01398148193734422007
    Local Iteration  65: ||V_upper^k - V_upper^k-1||_inf = 0.00821289187494914086, ||V_lower^k - V_lower^k-1||_inf = 0.01342222265985043572
    Local Iteration  66: ||V_upper^k - V_upper^k-1||_inf = 0.00788437619995119299, ||V_lower^k - V_lower^k-1||_inf = 0.01288533375345646270
    Local Iteration  67: ||V_upper^k - V_upper^k-1||_inf = 0.00756900115195313639, ||V_lower^k - V_lower^k-1||_inf = 0.01236992040331819087
    Local Iteration  68: ||V_upper^k - V_upper^k-1||_inf = 0.00726624110587500982, ||V_lower^k - V_lower^k-1||_inf = 0.01187512358718545435
    Local Iteration  69: ||V_upper^k - V_upper^k-1||_inf = 0.00697559146164000721, ||V_lower^k - V_lower^k-1||_inf = 0.01140011864369805394
    Local Iteration  70: ||V_upper^k - V_upper^k-1||_inf = 0.00669656780317440248, ||V_lower^k - V_lower^k-1||_inf = 0.01094411389795013623
    Local Iteration  71: ||V_upper^k - V_upper^k-1||_inf = 0.00642870509104742638, ||V_lower^k - V_lower^k-1||_inf = 0.01050634934203209525
    Local Iteration  72: ||V_upper^k - V_upper^k-1||_inf = 0.00617155688740553265, ||V_lower^k - V_lower^k-1||_inf = 0.01008609536835081144
    Local Iteration  73: ||V_upper^k - V_upper^k-1||_inf = 0.00592469461190930913, ||V_lower^k - V_lower^k-1||_inf = 0.00968265155361677787
    Local Iteration  74: ||V_upper^k - V_upper^k-1||_inf = 0.00568770682743294231, ||V_lower^k - V_lower^k-1||_inf = 0.00236427798626007157
    Local Iteration  75: ||V_upper^k - V_upper^k-1||_inf = 0.00546019855433563239, ||V_lower^k - V_lower^k-1||_inf = 0.00000000000000000000
    Local Iteration  76: ||V_upper^k - V_upper^k-1||_inf = 0.00524179061216220599, ||V_lower^k - V_lower^k-1||_inf = 0.00000000000000000000
    Local Iteration  77: ||V_upper^k - V_upper^k-1||_inf = 0.00503211898767570720, ||V_lower^k - V_lower^k-1||_inf = 0.00000000000000000000
    Local Iteration  78: ||V_upper^k - V_upper^k-1||_inf = 0.00483083422816867059, ||V_lower^k - V_lower^k-1||_inf = 0.00000000000000000000
    Local Iteration  79: ||V_upper^k - V_upper^k-1||_inf = 0.00463760085904192654, ||V_lower^k - V_lower^k-1||_inf = 0.00000000000000000000
    Local Iteration  80: ||V_upper^k - V_upper^k-1||_inf = 0.00445209682468025725, ||V_lower^k - V_lower^k-1||_inf = 0.00000000000000000000
    Local Iteration  81: ||V_upper^k - V_upper^k-1||_inf = 0.00427401295169303752, ||V_lower^k - V_lower^k-1||_inf = 0.00000000000000000000
    Local Iteration  82: ||V_upper^k - V_upper^k-1||_inf = 0.00410305243362532601, ||V_lower^k - V_lower^k-1||_inf = 0.00000000000000000000
    Local Iteration  83: ||V_upper^k - V_upper^k-1||_inf = 0.00393893033628030242, ||V_lower^k - V_lower^k-1||_inf = 0.00000000000000000000
    Local Iteration  84: ||V_upper^k - V_upper^k-1||_inf = 0.00378137312282909865, ||V_lower^k - V_lower^k-1||_inf = 0.00000000000000000000
    Local Iteration  85: ||V_upper^k - V_upper^k-1||_inf = 0.00363011819791593526, ||V_lower^k - V_lower^k-1||_inf = 0.00000000000000000000
    Local Iteration  86: ||V_upper^k - V_upper^k-1||_inf = 0.00348491346999929563, ||V_lower^k - V_lower^k-1||_inf = 0.00000000000000000000
    Local Iteration  87: ||V_upper^k - V_upper^k-1||_inf = 0.00334551693119931881, ||V_lower^k - V_lower^k-1||_inf = 0.00000000000000000000
    Local Iteration  88: ||V_upper^k - V_upper^k-1||_inf = 0.00321169625395134606, ||V_lower^k - V_lower^k-1||_inf = 0.00000000000000000000
    Local Iteration  89: ||V_upper^k - V_upper^k-1||_inf = 0.00308322840379329777, ||V_lower^k - V_lower^k-1||_inf = 0.00000000000000000000
    Local Iteration  90: ||V_upper^k - V_upper^k-1||_inf = 0.00295989926764156364, ||V_lower^k - V_lower^k-1||_inf = 0.00000000000000000000
    Local Iteration  91: ||V_upper^k - V_upper^k-1||_inf = 0.00284150329693590165, ||V_lower^k - V_lower^k-1||_inf = 0.00000000000000000000
    Local Iteration  92: ||V_upper^k - V_upper^k-1||_inf = 0.00272784316505846058, ||V_lower^k - V_lower^k-1||_inf = 0.00000000000000000000
    Local Iteration  93: ||V_upper^k - V_upper^k-1||_inf = 0.00261872943845611883, ||V_lower^k - V_lower^k-1||_inf = 0.00000000000000000000
    Local Iteration  94: ||V_upper^k - V_upper^k-1||_inf = 0.00251398026091788351, ||V_lower^k - V_lower^k-1||_inf = 0.00000000000000000000
    Local Iteration  95: ||V_upper^k - V_upper^k-1||_inf = 0.00241342105048116679, ||V_lower^k - V_lower^k-1||_inf = 0.00000000000000000000
    Local Iteration  96: ||V_upper^k - V_upper^k-1||_inf = 0.00231688420846191956, ||V_lower^k - V_lower^k-1||_inf = 0.00000000000000000000
    Local Iteration  97: ||V_upper^k - V_upper^k-1||_inf = 0.00222420884012344139, ||V_lower^k - V_lower^k-1||_inf = 0.00000000000000000000
    Local Iteration  98: ||V_upper^k - V_upper^k-1||_inf = 0.00213524048651850262, ||V_lower^k - V_lower^k-1||_inf = 0.00000000000000000000
    Local Iteration  99: ||V_upper^k - V_upper^k-1||_inf = 0.00204983086705776141, ||V_lower^k - V_lower^k-1||_inf = 0.00000000000000000000
    Local Iteration 100: ||V_upper^k - V_upper^k-1||_inf = 0.00196783763237545067, ||V_lower^k - V_lower^k-1||_inf = 0.00000000000000000000
    Local Iteration 101: ||V_upper^k - V_upper^k-1||_inf = 0.00188912412708043542, ||V_lower^k - V_lower^k-1||_inf = 0.00000000000000000000
    Local Iteration 102: ||V_upper^k - V_upper^k-1||_inf = 0.00181355916199722050, ||V_lower^k - V_lower^k-1||_inf = 0.00000000000000000000
    Local Iteration 103: ||V_upper^k - V_upper^k-1||_inf = 0.00174101679551733057, ||V_lower^k - V_lower^k-1||_inf = 0.00000000000000000000
    Local Iteration 104: ||V_upper^k - V_upper^k-1||_inf = 0.00167137612369663846, ||V_lower^k - V_lower^k-1||_inf = 0.00000000000000000000
    Local Iteration 105: ||V_upper^k - V_upper^k-1||_inf = 0.00160452107874876904, ||V_lower^k - V_lower^k-1||_inf = 0.00000000000000000000
    Local Iteration 106: ||V_upper^k - V_upper^k-1||_inf = 0.00154034023559881939, ||V_lower^k - V_lower^k-1||_inf = 0.00000000000000000000
    Local Iteration 107: ||V_upper^k - V_upper^k-1||_inf = 0.00147872662617486855, ||V_lower^k - V_lower^k-1||_inf = 0.00000000000000000000
    Local Iteration 108: ||V_upper^k - V_upper^k-1||_inf = 0.00138903428017783659, ||V_lower^k - V_lower^k-1||_inf = 0.00000000000000000000
    Local Iteration 109: ||V_upper^k - V_upper^k-1||_inf = 0.00131890046580383780, ||V_lower^k - V_lower^k-1||_inf = 0.00000000000000000000
    Local Iteration 110: ||V_upper^k - V_upper^k-1||_inf = 0.00125536836204630589, ||V_lower^k - V_lower^k-1||_inf = 0.00000000000000000000
    Local Iteration 111: ||V_upper^k - V_upper^k-1||_inf = 0.00120515362756445574, ||V_lower^k - V_lower^k-1||_inf = 0.00000000000000000000
    Local Iteration 112: ||V_upper^k - V_upper^k-1||_inf = 0.00114436102345481794, ||V_lower^k - V_lower^k-1||_inf = 0.00000000000000000000
    Local Iteration 113: ||V_upper^k - V_upper^k-1||_inf = 0.00109858658251662383, ||V_lower^k - V_lower^k-1||_inf = 0.00000000000000000000
    Local Iteration 114: ||V_upper^k - V_upper^k-1||_inf = 0.00105464311921596096, ||V_lower^k - V_lower^k-1||_inf = 0.00000000000000000000
    Local Iteration 115: ||V_upper^k - V_upper^k-1||_inf = 0.00101245739444731989, ||V_lower^k - V_lower^k-1||_inf = 0.00000000000000000000
    Local Iteration 116: ||V_upper^k - V_upper^k-1||_inf = 0.00097195909866942820, ||V_lower^k - V_lower^k-1||_inf = 0.00000000000000000000
    Local Iteration 117: ||V_upper^k - V_upper^k-1||_inf = 0.00093308073472265010, ||V_lower^k - V_lower^k-1||_inf = 0.00000000000000000000
    Local Iteration 118: ||V_upper^k - V_upper^k-1||_inf = 0.00089575750533374410, ||V_lower^k - V_lower^k-1||_inf = 0.00000000000000000000
    Local Iteration 119: ||V_upper^k - V_upper^k-1||_inf = 0.00085992720512039628, ||V_lower^k - V_lower^k-1||_inf = 0.00000000000000000000
    Local Iteration 120: ||V_upper^k - V_upper^k-1||_inf = 0.00082553011691557932, ||V_lower^k - V_lower^k-1||_inf = 0.00000000000000000000
    Local Iteration 121: ||V_upper^k - V_upper^k-1||_inf = 0.00079250891223895531, ||V_lower^k - V_lower^k-1||_inf = 0.00000000000000000000
    Local Iteration 122: ||V_upper^k - V_upper^k-1||_inf = 0.00076080855574939613, ||V_lower^k - V_lower^k-1||_inf = 0.00000000000000000000
    Local Iteration 123: ||V_upper^k - V_upper^k-1||_inf = 0.00073037621351942222, ||V_lower^k - V_lower^k-1||_inf = 0.00000000000000000000
    Local Iteration 124: ||V_upper^k - V_upper^k-1||_inf = 0.00070116116497864409, ||V_lower^k - V_lower^k-1||_inf = 0.00000000000000000000
    Local Iteration 125: ||V_upper^k - V_upper^k-1||_inf = 0.00067311471837950068, ||V_lower^k - V_lower^k-1||_inf = 0.00000000000000000000
    Local Iteration 126: ||V_upper^k - V_upper^k-1||_inf = 0.00064619012964431920, ||V_lower^k - V_lower^k-1||_inf = 0.00000000000000000000
    Local Iteration 127: ||V_upper^k - V_upper^k-1||_inf = 0.00062034252445854546, ||V_lower^k - V_lower^k-1||_inf = 0.00000000000000000000
    Local Iteration 128: ||V_upper^k - V_upper^k-1||_inf = 0.00059552882348020385, ||V_lower^k - V_lower^k-1||_inf = 0.00000000000000000000
    Local Iteration 129: ||V_upper^k - V_upper^k-1||_inf = 0.00057170767054099542, ||V_lower^k - V_lower^k-1||_inf = 0.00000000000000000000
    Local Iteration 130: ||V_upper^k - V_upper^k-1||_inf = 0.00054883936371935560, ||V_lower^k - V_lower^k-1||_inf = 0.00000000000000000000
    Local Iteration 131: ||V_upper^k - V_upper^k-1||_inf = 0.00052688578917058256, ||V_lower^k - V_lower^k-1||_inf = 0.00000000000000000000
    Local Iteration 132: ||V_upper^k - V_upper^k-1||_inf = 0.00050581035760375800, ||V_lower^k - V_lower^k-1||_inf = 0.00000000000000000000
    Local Iteration 133: ||V_upper^k - V_upper^k-1||_inf = 0.00048557794329960775, ||V_lower^k - V_lower^k-1||_inf = 0.00000000000000000000
    Local Iteration 134: ||V_upper^k - V_upper^k-1||_inf = 0.00046615482556762455, ||V_lower^k - V_lower^k-1||_inf = 0.00000000000000000000
    Local Iteration 135: ||V_upper^k - V_upper^k-1||_inf = 0.00044750863254491846, ||V_lower^k - V_lower^k-1||_inf = 0.00000000000000000000
    Local Iteration 136: ||V_upper^k - V_upper^k-1||_inf = 0.00042960828724312311, ||V_lower^k - V_lower^k-1||_inf = 0.00000000000000000000
    Local Iteration 137: ||V_upper^k - V_upper^k-1||_inf = 0.00041242395575339687, ||V_lower^k - V_lower^k-1||_inf = 0.00000000000000000000
    Local Iteration 138: ||V_upper^k - V_upper^k-1||_inf = 0.00039592699752326148, ||V_lower^k - V_lower^k-1||_inf = 0.00000000000000000000
    Local Iteration 139: ||V_upper^k - V_upper^k-1||_inf = 0.00038008991762233067, ||V_lower^k - V_lower^k-1||_inf = 0.00000000000000000000
    Local Iteration 140: ||V_upper^k - V_upper^k-1||_inf = 0.00036488632091743849, ||V_lower^k - V_lower^k-1||_inf = 0.00000000000000000000
    Local Iteration 141: ||V_upper^k - V_upper^k-1||_inf = 0.00035029086808074060, ||V_lower^k - V_lower^k-1||_inf = 0.00000000000000000000
    Local Iteration 142: ||V_upper^k - V_upper^k-1||_inf = 0.00033627923335751049, ||V_lower^k - V_lower^k-1||_inf = 0.00000000000000000000
    Local Iteration 143: ||V_upper^k - V_upper^k-1||_inf = 0.00032282806402321017, ||V_lower^k - V_lower^k-1||_inf = 0.00000000000000000000
    Local Iteration 144: ||V_upper^k - V_upper^k-1||_inf = 0.00030991494146228194, ||V_lower^k - V_lower^k-1||_inf = 0.00000000000000000000
    Local Iteration 145: ||V_upper^k - V_upper^k-1||_inf = 0.00029751834380379021, ||V_lower^k - V_lower^k-1||_inf = 0.00000000000000000000
    Local Iteration 146: ||V_upper^k - V_upper^k-1||_inf = 0.00028561761005163871, ||V_lower^k - V_lower^k-1||_inf = 0.00000000000000000000
    Local Iteration 147: ||V_upper^k - V_upper^k-1||_inf = 0.00027419290564957306, ||V_lower^k - V_lower^k-1||_inf = 0.00000000000000000000
    Local Iteration 148: ||V_upper^k - V_upper^k-1||_inf = 0.00026322518942359027, ||V_lower^k - V_lower^k-1||_inf = 0.00000000000000000000
    Local Iteration 149: ||V_upper^k - V_upper^k-1||_inf = 0.00025269618184664642, ||V_lower^k - V_lower^k-1||_inf = 0.00000000000000000000
    Local Iteration 150: ||V_upper^k - V_upper^k-1||_inf = 0.00024258833457278112, ||V_lower^k - V_lower^k-1||_inf = 0.00000000000000000000
    Local Iteration 151: ||V_upper^k - V_upper^k-1||_inf = 0.00023288480118986970, ||V_lower^k - V_lower^k-1||_inf = 0.00000000000000000000
    Local Iteration 152: ||V_upper^k - V_upper^k-1||_inf = 0.00022356940914227460, ||V_lower^k - V_lower^k-1||_inf = 0.00000000000000000000
    Local Iteration 153: ||V_upper^k - V_upper^k-1||_inf = 0.00021462663277658361, ||V_lower^k - V_lower^k-1||_inf = 0.00000000000000000000
    Local Iteration 154: ||V_upper^k - V_upper^k-1||_inf = 0.00020604156746552044, ||V_lower^k - V_lower^k-1||_inf = 0.00000000000000000000
    Local Iteration 155: ||V_upper^k - V_upper^k-1||_inf = 0.00019779990476689966, ||V_lower^k - V_lower^k-1||_inf = 0.00000000000000000000
    Local Iteration 156: ||V_upper^k - V_upper^k-1||_inf = 0.00018988790857622350, ||V_lower^k - V_lower^k-1||_inf = 0.00000000000000000000
    Local Iteration 157: ||V_upper^k - V_upper^k-1||_inf = 0.00018229239223317446, ||V_lower^k - V_lower^k-1||_inf = 0.00000000000000000000
    Local Iteration 158: ||V_upper^k - V_upper^k-1||_inf = 0.00017500069654384758, ||V_lower^k - V_lower^k-1||_inf = 0.00000000000000000000
    Local Iteration 159: ||V_upper^k - V_upper^k-1||_inf = 0.00016318675400385334, ||V_lower^k - V_lower^k-1||_inf = 0.00000000000000000000
    Local Iteration 160: ||V_upper^k - V_upper^k-1||_inf = 0.00000000000000000000, ||V_lower^k - V_lower^k-1||_inf = 0.00000000000000000000

==================================================
 LOCAL CONVERGENCE ACHIEVED
==================================================
  ||V_upper^k - V_upper^k-1||_inf = 0.00000000000000000000e+00 < tolerance = 1e-08
  ||V_lower^k - V_lower^k-1||_inf = 0.00000000000000000000e+00 < tolerance = 1e-08
  Converged in 160 iterations
  V_lower increased from min(l_lower, r_lower); smallest step 0.000e+00
    Local VI completed in 160 iterations
    Final convergence values:
      ||V_upper^final - V_upper^prev||_inf = 0.00000000e+00
      ||V_lower^final - V_lower^prev||_inf = 0.00000000e+00
  Local VI completed in 160 iterations, time: 0.010s
    Final ||V_upper^k - V_upper^k-1||_inf = 0.00000000000000000000e+00
    Final ||V_lower^k - V_lower^k-1||_inf = 0.00000000000000000000e+00
  Saved visualization: /Users/i.k.tabbara/Documents/python directory/HSCC_2027/refactored_Implementations/results_hscc_2027_modified_init/ra_discount/van_der_pol_res40_eps0.001_dmin1e-08_dmax1e-08_gamma0.96_dt0.01_tau0.01_std/value_function_phase_3_complete.png
  Phase 3 completed in 0.09s with 12176 leaf cells

Classification after phase 3:
  Safe:               48 cells (  0.4%),    1.4% of state space
  Unsafe:            108 cells (  0.9%),    4.7% of state space
  Unclassified:    12020 cells ( 98.7%),   93.9% of state space

======================================================================
REFINEMENT PHASE 4
======================================================================
Boundary cells: 12020
  Refinable (>eta_min=0.000354): 12020
  Below threshold: 0
  Cumulative refined: 10576
  Refinable cell size statistics:
    Max:    0.062500
    Mean:   0.062500
    Min:    0.062500
    Median: 0.062500
  Refining 12020 cells...
    Refined: 12020 parent cells
    Created: 24040 child cells
    Total cells: 24196
    Refinement time: 0.001s
    Cumulative refined: 22596
  Rebuilding spatial index...
  Building spatial index for 24196 cells...
   Spatial index built in 0.00s
    Spatial index rebuilt in 0.003s
  Initializing 24040 new cells...
  Initializing 24040 new cells in parallel...
   Initialized in 0.00s (192063403.3 cells/s)
    Initialization completed in 0.000s
  Starting local value iteration...
  Reinitializing ALL 24196 cells (V_lower = min(l, r), V_upper = l)
   Reinitialized 24196 cells in 0.00s (360236425.6 cells/s)
  Local VI: updating all 24196 cells
    Conservative mode: False
    Convergence tolerance: 1e-08
    Max iterations: 20000
    Updating successor cache for 24040 updated cells...
    Updating successor cache for 24040 new cells (HYBRID)...
      Affected cells: 24130
   Trajectories + spatial queries computed in 0.00s (10205117.4 tasks/s)
    Breakdown: 37.3% ODE, 62.7% queries
     Cache updated in 0.00s (8304344.4 tasks/s)
    Local Iteration   1: ||V_upper^k - V_upper^k-1||_inf = 0.22948887920685523412, ||V_lower^k - V_lower^k-1||_inf = 0.27214397257379552286
    Local Iteration   2: ||V_upper^k - V_upper^k-1||_inf = 0.21376887899884922106, ||V_lower^k - V_lower^k-1||_inf = 0.25561487287876971664
    Local Iteration   3: ||V_upper^k - V_upper^k-1||_inf = 0.19882653466302668832, ||V_lower^k - V_lower^k-1||_inf = 0.23996796058325919887
    Local Iteration   4: ||V_upper^k - V_upper^k-1||_inf = 0.16500710025677411963, ||V_lower^k - V_lower^k-1||_inf = 0.21214305298012003931
    Local Iteration   5: ||V_upper^k - V_upper^k-1||_inf = 0.15706104224856609619, ||V_lower^k - V_lower^k-1||_inf = 0.20257427299191554937
    Local Iteration   6: ||V_upper^k - V_upper^k-1||_inf = 0.14687897147945605525, ||V_lower^k - V_lower^k-1||_inf = 0.19136256897671710675
    Local Iteration   7: ||V_upper^k - V_upper^k-1||_inf = 0.13722434318565190914, ||V_lower^k - V_lower^k-1||_inf = 0.18074001536947115198
    Local Iteration   8: ||V_upper^k - V_upper^k-1||_inf = 0.12807088867699589763, ||V_lower^k - V_lower^k-1||_inf = 0.17067843483034961238
    Local Iteration   9: ||V_upper^k - V_upper^k-1||_inf = 0.11939389046564352626, ||V_lower^k - V_lower^k-1||_inf = 0.16115100407380422709
    Local Iteration  10: ||V_upper^k - V_upper^k-1||_inf = 0.11117016024869408319, ||V_lower^k - V_lower^k-1||_inf = 0.15213218505409020764
    Local Iteration  11: ||V_upper^k - V_upper^k-1||_inf = 0.09826010011074792772, ||V_lower^k - V_lower^k-1||_inf = 0.14088851141793012900
    Local Iteration  12: ||V_upper^k - V_upper^k-1||_inf = 0.08484401590762824519, ||V_lower^k - V_lower^k-1||_inf = 0.12808119764704617438
    Local Iteration  13: ||V_upper^k - V_upper^k-1||_inf = 0.08063808389376858621, ||V_lower^k - V_lower^k-1||_inf = 0.12295794974116436293
    Local Iteration  14: ||V_upper^k - V_upper^k-1||_inf = 0.07741256053801781611, ||V_lower^k - V_lower^k-1||_inf = 0.11803963175151777065
    Local Iteration  15: ||V_upper^k - V_upper^k-1||_inf = 0.07431605811649699689, ||V_lower^k - V_lower^k-1||_inf = 0.11331804648145737957
    Local Iteration  16: ||V_upper^k - V_upper^k-1||_inf = 0.07134341579183711701, ||V_lower^k - V_lower^k-1||_inf = 0.10878532462219903110
    Local Iteration  17: ||V_upper^k - V_upper^k-1||_inf = 0.06848967916016368562, ||V_lower^k - V_lower^k-1||_inf = 0.10443391163731075011
    Local Iteration  18: ||V_upper^k - V_upper^k-1||_inf = 0.06505003226529360028, ||V_lower^k - V_lower^k-1||_inf = 0.09977080795694970305
    Local Iteration  19: ||V_upper^k - V_upper^k-1||_inf = 0.06110434550007148857, ||V_lower^k - V_lower^k-1||_inf = 0.09485612776146679082
    Local Iteration  20: ||V_upper^k - V_upper^k-1||_inf = 0.05866017168006876226, ||V_lower^k - V_lower^k-1||_inf = 0.09106188265100834123
    Local Iteration  21: ||V_upper^k - V_upper^k-1||_inf = 0.05384037276342712453, ||V_lower^k - V_lower^k-1||_inf = 0.08575036930044244166
    Local Iteration  22: ||V_upper^k - V_upper^k-1||_inf = 0.05050224494062849345, ||V_lower^k - V_lower^k-1||_inf = 0.08153623465854109575
    Local Iteration  23: ||V_upper^k - V_upper^k-1||_inf = 0.04759695072546377137, ||V_lower^k - V_lower^k-1||_inf = 0.07827478527219944304
    Local Iteration  24: ||V_upper^k - V_upper^k-1||_inf = 0.04569307269644518055, ||V_lower^k - V_lower^k-1||_inf = 0.07514379386131153638
    Local Iteration  25: ||V_upper^k - V_upper^k-1||_inf = 0.04386534978858736000, ||V_lower^k - V_lower^k-1||_inf = 0.07213804210685892393
    Local Iteration  26: ||V_upper^k - V_upper^k-1||_inf = 0.03876645681010792988, ||V_lower^k - V_lower^k-1||_inf = 0.06731659354560037833
    Local Iteration  27: ||V_upper^k - V_upper^k-1||_inf = 0.03721579853770362600, ||V_lower^k - V_lower^k-1||_inf = 0.06462392980377629215
    Local Iteration  28: ||V_upper^k - V_upper^k-1||_inf = 0.03572716659619545876, ||V_lower^k - V_lower^k-1||_inf = 0.06203897261162527599
    Local Iteration  29: ||V_upper^k - V_upper^k-1||_inf = 0.03429807993234768038, ||V_lower^k - V_lower^k-1||_inf = 0.05955741370716016725
    Local Iteration  30: ||V_upper^k - V_upper^k-1||_inf = 0.03292615673505372431, ||V_lower^k - V_lower^k-1||_inf = 0.05717511715887368950
    Local Iteration  31: ||V_upper^k - V_upper^k-1||_inf = 0.03160911046565162419, ||V_lower^k - V_lower^k-1||_inf = 0.05341419133409441855
    Local Iteration  32: ||V_upper^k - V_upper^k-1||_inf = 0.03034474604702552814, ||V_lower^k - V_lower^k-1||_inf = 0.05095723612088209897
    Local Iteration  33: ||V_upper^k - V_upper^k-1||_inf = 0.02913095620514449813, ||V_lower^k - V_lower^k-1||_inf = 0.04787578602553921314
    Local Iteration  34: ||V_upper^k - V_upper^k-1||_inf = 0.02796571795693869600, ||V_lower^k - V_lower^k-1||_inf = 0.04596075458451776008
    Local Iteration  35: ||V_upper^k - V_upper^k-1||_inf = 0.02684708923866119257, ||V_lower^k - V_lower^k-1||_inf = 0.04412232440113705856
    Local Iteration  36: ||V_upper^k - V_upper^k-1||_inf = 0.02577320566911478483, ||V_lower^k - V_lower^k-1||_inf = 0.04235743142509162951
    Local Iteration  37: ||V_upper^k - V_upper^k-1||_inf = 0.02474227744235013571, ||V_lower^k - V_lower^k-1||_inf = 0.04066313416808797765
    Local Iteration  38: ||V_upper^k - V_upper^k-1||_inf = 0.02375258634465615692, ||V_lower^k - V_lower^k-1||_inf = 0.03903660880136439193
    Local Iteration  39: ||V_upper^k - V_upper^k-1||_inf = 0.02280248289086994617, ||V_lower^k - V_lower^k-1||_inf = 0.03747514444930977184
    Local Iteration  40: ||V_upper^k - V_upper^k-1||_inf = 0.02189038357523509504, ||V_lower^k - V_lower^k-1||_inf = 0.03597613867133742094
    Local Iteration  41: ||V_upper^k - V_upper^k-1||_inf = 0.02101476823222570012, ||V_lower^k - V_lower^k-1||_inf = 0.03453709312448394186
    Local Iteration  42: ||V_upper^k - V_upper^k-1||_inf = 0.02017417750293665213, ||V_lower^k - V_lower^k-1||_inf = 0.03315560939950457087
    Local Iteration  43: ||V_upper^k - V_upper^k-1||_inf = 0.01936721040281919048, ||V_lower^k - V_lower^k-1||_inf = 0.03182938502352439247
    Local Iteration  44: ||V_upper^k - V_upper^k-1||_inf = 0.01859252198670641176, ||V_lower^k - V_lower^k-1||_inf = 0.03055620962258343010
    Local Iteration  45: ||V_upper^k - V_upper^k-1||_inf = 0.01784882110723817750, ||V_lower^k - V_lower^k-1||_inf = 0.02933396123768017283
    Local Iteration  46: ||V_upper^k - V_upper^k-1||_inf = 0.01713486826294863263, ||V_lower^k - V_lower^k-1||_inf = 0.02816060278817300588
    Local Iteration  47: ||V_upper^k - V_upper^k-1||_inf = 0.01644947353243070287, ||V_lower^k - V_lower^k-1||_inf = 0.02703417867664603680
    Local Iteration  48: ||V_upper^k - V_upper^k-1||_inf = 0.01579149459113343701, ||V_lower^k - V_lower^k-1||_inf = 0.02595281152958017756
    Local Iteration  49: ||V_upper^k - V_upper^k-1||_inf = 0.01515983480748811507, ||V_lower^k - V_lower^k-1||_inf = 0.02491469906839705040
    Local Iteration  50: ||V_upper^k - V_upper^k-1||_inf = 0.01455344141518860601, ||V_lower^k - V_lower^k-1||_inf = 0.02391811110566111065
    Local Iteration  51: ||V_upper^k - V_upper^k-1||_inf = 0.01397130375858107731, ||V_lower^k - V_lower^k-1||_inf = 0.02296138666143465734
    Local Iteration  52: ||V_upper^k - V_upper^k-1||_inf = 0.01341245160823778537, ||V_lower^k - V_lower^k-1||_inf = 0.02204293119497735542
    Local Iteration  53: ||V_upper^k - V_upper^k-1||_inf = 0.01287595354390830282, ||V_lower^k - V_lower^k-1||_inf = 0.02109157469678579755
    Local Iteration  54: ||V_upper^k - V_upper^k-1||_inf = 0.01236091540215195073, ||V_lower^k - V_lower^k-1||_inf = 0.02018215864969574724
    Local Iteration  55: ||V_upper^k - V_upper^k-1||_inf = 0.01186647878606589268, ||V_lower^k - V_lower^k-1||_inf = 0.01931281629976999703
    Local Iteration  56: ||V_upper^k - V_upper^k-1||_inf = 0.01139181963462326808, ||V_lower^k - V_lower^k-1||_inf = 0.01848176400820711329
    Local Iteration  57: ||V_upper^k - V_upper^k-1||_inf = 0.01093614684923832625, ||V_lower^k - V_lower^k-1||_inf = 0.01768729756783771201
    Local Iteration  58: ||V_upper^k - V_upper^k-1||_inf = 0.01049870097526878210, ||V_lower^k - V_lower^k-1||_inf = 0.01692778868195260467
    Local Iteration  59: ||V_upper^k - V_upper^k-1||_inf = 0.01007875293625803970, ||V_lower^k - V_lower^k-1||_inf = 0.01612120350928364365
    Local Iteration  60: ||V_upper^k - V_upper^k-1||_inf = 0.00967560281880772144, ||V_lower^k - V_lower^k-1||_inf = 0.01547635536891228680
    Local Iteration  61: ||V_upper^k - V_upper^k-1||_inf = 0.00928857870605540037, ||V_lower^k - V_lower^k-1||_inf = 0.01485730115415578867
    Local Iteration  62: ||V_upper^k - V_upper^k-1||_inf = 0.00891703555781320212, ||V_lower^k - V_lower^k-1||_inf = 0.01426300910798955490
    Local Iteration  63: ||V_upper^k - V_upper^k-1||_inf = 0.00856035413550065849, ||V_lower^k - V_lower^k-1||_inf = 0.01369248874366996160
    Local Iteration  64: ||V_upper^k - V_upper^k-1||_inf = 0.00821793997008063437, ||V_lower^k - V_lower^k-1||_inf = 0.01314478919392314538
    Local Iteration  65: ||V_upper^k - V_upper^k-1||_inf = 0.00788922237127739900, ||V_lower^k - V_lower^k-1||_inf = 0.01261899762616625065
    Local Iteration  66: ||V_upper^k - V_upper^k-1||_inf = 0.00757365347642630082, ||V_lower^k - V_lower^k-1||_inf = 0.01211423772111958064
    Local Iteration  67: ||V_upper^k - V_upper^k-1||_inf = 0.00727070733736925878, ||V_lower^k - V_lower^k-1||_inf = 0.01162966821227479075
    Local Iteration  68: ||V_upper^k - V_upper^k-1||_inf = 0.00697987904387448177, ||V_lower^k - V_lower^k-1||_inf = 0.01116448148378379468
    Local Iteration  69: ||V_upper^k - V_upper^k-1||_inf = 0.00670068388211950139, ||V_lower^k - V_lower^k-1||_inf = 0.01071790222443247398
    Local Iteration  70: ||V_upper^k - V_upper^k-1||_inf = 0.00643265652683472355, ||V_lower^k - V_lower^k-1||_inf = 0.01028918613545518057
    Local Iteration  71: ||V_upper^k - V_upper^k-1||_inf = 0.00617535026576135349, ||V_lower^k - V_lower^k-1||_inf = 0.00987761869003694892
    Local Iteration  72: ||V_upper^k - V_upper^k-1||_inf = 0.00592833625513089491, ||V_lower^k - V_lower^k-1||_inf = 0.00948251394243548873
    Local Iteration  73: ||V_upper^k - V_upper^k-1||_inf = 0.00569120280492566022, ||V_lower^k - V_lower^k-1||_inf = 0.00910321338473807362
    Local Iteration  74: ||V_upper^k - V_upper^k-1||_inf = 0.00546355469272863381, ||V_lower^k - V_lower^k-1||_inf = 0.00873908484934854402
    Local Iteration  75: ||V_upper^k - V_upper^k-1||_inf = 0.00524501250501949179, ||V_lower^k - V_lower^k-1||_inf = 0.00838952145537461003
    Local Iteration  76: ||V_upper^k - V_upper^k-1||_inf = 0.00503521200481869824, ||V_lower^k - V_lower^k-1||_inf = 0.00805394059715960897
    Local Iteration  77: ||V_upper^k - V_upper^k-1||_inf = 0.00483380352462595142, ||V_lower^k - V_lower^k-1||_inf = 0.00773178297327323238
    Local Iteration  78: ||V_upper^k - V_upper^k-1||_inf = 0.00464045138364091447, ||V_lower^k - V_lower^k-1||_inf = 0.00742251165434229532
    Local Iteration  79: ||V_upper^k - V_upper^k-1||_inf = 0.00445483332829527123, ||V_lower^k - V_lower^k-1||_inf = 0.00712561118816859573
    Local Iteration  80: ||V_upper^k - V_upper^k-1||_inf = 0.00427663999516346427, ||V_lower^k - V_lower^k-1||_inf = 0.00684058674064186301
    Local Iteration  81: ||V_upper^k - V_upper^k-1||_inf = 0.00410557439535692847, ||V_lower^k - V_lower^k-1||_inf = 0.00656696327101619071
    Local Iteration  82: ||V_upper^k - V_upper^k-1||_inf = 0.00394135141954264634, ||V_lower^k - V_lower^k-1||_inf = 0.00630428474017555307
    Local Iteration  83: ||V_upper^k - V_upper^k-1||_inf = 0.00378369736276094881, ||V_lower^k - V_lower^k-1||_inf = 0.00605211335056851651
    Local Iteration  84: ||V_upper^k - V_upper^k-1||_inf = 0.00363234946825050087, ||V_lower^k - V_lower^k-1||_inf = 0.00581002881654577030
    Local Iteration  85: ||V_upper^k - V_upper^k-1||_inf = 0.00348705548952048250, ||V_lower^k - V_lower^k-1||_inf = 0.00557762766388394948
    Local Iteration  86: ||V_upper^k - V_upper^k-1||_inf = 0.00334757326993966042, ||V_lower^k - V_lower^k-1||_inf = 0.00535452255732860039
    Local Iteration  87: ||V_upper^k - V_upper^k-1||_inf = 0.00321367033914207734, ||V_lower^k - V_lower^k-1||_inf = 0.00514034165503544915
    Local Iteration  88: ||V_upper^k - V_upper^k-1||_inf = 0.00308512352557639702, ||V_lower^k - V_lower^k-1||_inf = 0.00493472798883402841
    Local Iteration  89: ||V_upper^k - V_upper^k-1||_inf = 0.00296171858455333836, ||V_lower^k - V_lower^k-1||_inf = 0.00473733886928066894
    Local Iteration  90: ||V_upper^k - V_upper^k-1||_inf = 0.00284324984117120816, ||V_lower^k - V_lower^k-1||_inf = 0.00454784531450944107
    Local Iteration  91: ||V_upper^k - V_upper^k-1||_inf = 0.00272951984752435595, ||V_lower^k - V_lower^k-1||_inf = 0.00436593150192905732
    Local Iteration  92: ||V_upper^k - V_upper^k-1||_inf = 0.00262033905362338282, ||V_lower^k - V_lower^k-1||_inf = 0.00419129424185189781
    Local Iteration  93: ||V_upper^k - V_upper^k-1||_inf = 0.00251552549147844584, ||V_lower^k - V_lower^k-1||_inf = 0.00402364247217781856
    Local Iteration  94: ||V_upper^k - V_upper^k-1||_inf = 0.00241490447181930828, ||V_lower^k - V_lower^k-1||_inf = 0.00386269677329070804
    Local Iteration  95: ||V_upper^k - V_upper^k-1||_inf = 0.00231830829294654012, ||V_lower^k - V_lower^k-1||_inf = 0.00370818890235907750
    Local Iteration  96: ||V_upper^k - V_upper^k-1||_inf = 0.00222557596122867352, ||V_lower^k - V_lower^k-1||_inf = 0.00355986134626472273
    Local Iteration  97: ||V_upper^k - V_upper^k-1||_inf = 0.00213655292277952630, ||V_lower^k - V_lower^k-1||_inf = 0.00341746689241412271
    Local Iteration  98: ||V_upper^k - V_upper^k-1||_inf = 0.00205109080586834969, ||V_lower^k - V_lower^k-1||_inf = 0.00243691238846661939
    Local Iteration  99: ||V_upper^k - V_upper^k-1||_inf = 0.00196904717363361598, ||V_lower^k - V_lower^k-1||_inf = 0.00000000000000000000
    Local Iteration 100: ||V_upper^k - V_upper^k-1||_inf = 0.00189028528668826884, ||V_lower^k - V_lower^k-1||_inf = 0.00000000000000000000
    Local Iteration 101: ||V_upper^k - V_upper^k-1||_inf = 0.00181467387522073892, ||V_lower^k - V_lower^k-1||_inf = 0.00000000000000000000
    Local Iteration 102: ||V_upper^k - V_upper^k-1||_inf = 0.00174208692021191047, ||V_lower^k - V_lower^k-1||_inf = 0.00000000000000000000
    Local Iteration 103: ||V_upper^k - V_upper^k-1||_inf = 0.00167240344340343489, ||V_lower^k - V_lower^k-1||_inf = 0.00000000000000000000
    Local Iteration 104: ||V_upper^k - V_upper^k-1||_inf = 0.00160550730566729610, ||V_lower^k - V_lower^k-1||_inf = 0.00000000000000000000
    Local Iteration 105: ||V_upper^k - V_upper^k-1||_inf = 0.00154128701344060509, ||V_lower^k - V_lower^k-1||_inf = 0.00000000000000000000
    Local Iteration 106: ||V_upper^k - V_upper^k-1||_inf = 0.00147963553290297867, ||V_lower^k - V_lower^k-1||_inf = 0.00000000000000000000
    Local Iteration 107: ||V_upper^k - V_upper^k-1||_inf = 0.00142045011158686146, ||V_lower^k - V_lower^k-1||_inf = 0.00000000000000000000
    Local Iteration 108: ||V_upper^k - V_upper^k-1||_inf = 0.00136363210712338312, ||V_lower^k - V_lower^k-1||_inf = 0.00000000000000000000
    Local Iteration 109: ||V_upper^k - V_upper^k-1||_inf = 0.00130908682283845113, ||V_lower^k - V_lower^k-1||_inf = 0.00000000000000000000
    Local Iteration 110: ||V_upper^k - V_upper^k-1||_inf = 0.00125672334992490975, ||V_lower^k - V_lower^k-1||_inf = 0.00000000000000000000
    Local Iteration 111: ||V_upper^k - V_upper^k-1||_inf = 0.00120645441592791280, ||V_lower^k - V_lower^k-1||_inf = 0.00000000000000000000
    Local Iteration 112: ||V_upper^k - V_upper^k-1||_inf = 0.00115819623929079921, ||V_lower^k - V_lower^k-1||_inf = 0.00000000000000000000
    Local Iteration 113: ||V_upper^k - V_upper^k-1||_inf = 0.00111186838971916516, ||V_lower^k - V_lower^k-1||_inf = 0.00000000000000000000
    Local Iteration 114: ||V_upper^k - V_upper^k-1||_inf = 0.00106739365413039897, ||V_lower^k - V_lower^k-1||_inf = 0.00000000000000000000
    Local Iteration 115: ||V_upper^k - V_upper^k-1||_inf = 0.00102469790796518370, ||V_lower^k - V_lower^k-1||_inf = 0.00000000000000000000
    Local Iteration 116: ||V_upper^k - V_upper^k-1||_inf = 0.00098370999164657663, ||V_lower^k - V_lower^k-1||_inf = 0.00000000000000000000
    Local Iteration 117: ||V_upper^k - V_upper^k-1||_inf = 0.00094436159198071218, ||V_lower^k - V_lower^k-1||_inf = 0.00000000000000000000
    Local Iteration 118: ||V_upper^k - V_upper^k-1||_inf = 0.00090658712830148439, ||V_lower^k - V_lower^k-1||_inf = 0.00000000000000000000
    Local Iteration 119: ||V_upper^k - V_upper^k-1||_inf = 0.00087032364316942321, ||V_lower^k - V_lower^k-1||_inf = 0.00000000000000000000
    Local Iteration 120: ||V_upper^k - V_upper^k-1||_inf = 0.00083551069744264642, ||V_lower^k - V_lower^k-1||_inf = 0.00000000000000000000
    Local Iteration 121: ||V_upper^k - V_upper^k-1||_inf = 0.00080209026954494028, ||V_lower^k - V_lower^k-1||_inf = 0.00000000000000000000
    Local Iteration 122: ||V_upper^k - V_upper^k-1||_inf = 0.00077000665876314489, ||V_lower^k - V_lower^k-1||_inf = 0.00000000000000000000
    Local Iteration 123: ||V_upper^k - V_upper^k-1||_inf = 0.00073920639241261896, ||V_lower^k - V_lower^k-1||_inf = 0.00000000000000000000
    Local Iteration 124: ||V_upper^k - V_upper^k-1||_inf = 0.00070963813671611267, ||V_lower^k - V_lower^k-1||_inf = 0.00000000000000000000
    Local Iteration 125: ||V_upper^k - V_upper^k-1||_inf = 0.00068125261124746955, ||V_lower^k - V_lower^k-1||_inf = 0.00000000000000000000
    Local Iteration 126: ||V_upper^k - V_upper^k-1||_inf = 0.00065400250679756994, ||V_lower^k - V_lower^k-1||_inf = 0.00000000000000000000
    Local Iteration 127: ||V_upper^k - V_upper^k-1||_inf = 0.00062784240652566728, ||V_lower^k - V_lower^k-1||_inf = 0.00000000000000000000
    Local Iteration 128: ||V_upper^k - V_upper^k-1||_inf = 0.00060272871026464080, ||V_lower^k - V_lower^k-1||_inf = 0.00000000000000000000
    Local Iteration 129: ||V_upper^k - V_upper^k-1||_inf = 0.00057861956185405530, ||V_lower^k - V_lower^k-1||_inf = 0.00000000000000000000
    Local Iteration 130: ||V_upper^k - V_upper^k-1||_inf = 0.00055547477937989247, ||V_lower^k - V_lower^k-1||_inf = 0.00000000000000000000
    Local Iteration 131: ||V_upper^k - V_upper^k-1||_inf = 0.00053325578820469753, ||V_lower^k - V_lower^k-1||_inf = 0.00000000000000000000
    Local Iteration 132: ||V_upper^k - V_upper^k-1||_inf = 0.00051192555667650859, ||V_lower^k - V_lower^k-1||_inf = 0.00000000000000000000
    Local Iteration 133: ||V_upper^k - V_upper^k-1||_inf = 0.00049144853440944922, ||V_lower^k - V_lower^k-1||_inf = 0.00000000000000000000
    Local Iteration 134: ||V_upper^k - V_upper^k-1||_inf = 0.00047179059303307028, ||V_lower^k - V_lower^k-1||_inf = 0.00000000000000000000
    Local Iteration 135: ||V_upper^k - V_upper^k-1||_inf = 0.00045291896931174899, ||V_lower^k - V_lower^k-1||_inf = 0.00000000000000000000
    Local Iteration 136: ||V_upper^k - V_upper^k-1||_inf = 0.00043480221053927848, ||V_lower^k - V_lower^k-1||_inf = 0.00000000000000000000
    Local Iteration 137: ||V_upper^k - V_upper^k-1||_inf = 0.00041741012211770658, ||V_lower^k - V_lower^k-1||_inf = 0.00000000000000000000
    Local Iteration 138: ||V_upper^k - V_upper^k-1||_inf = 0.00040071371723299914, ||V_lower^k - V_lower^k-1||_inf = 0.00000000000000000000
    Local Iteration 139: ||V_upper^k - V_upper^k-1||_inf = 0.00038468516854367821, ||V_lower^k - V_lower^k-1||_inf = 0.00000000000000000000
    Local Iteration 140: ||V_upper^k - V_upper^k-1||_inf = 0.00036929776180193163, ||V_lower^k - V_lower^k-1||_inf = 0.00000000000000000000
    Local Iteration 141: ||V_upper^k - V_upper^k-1||_inf = 0.00035452585132985520, ||V_lower^k - V_lower^k-1||_inf = 0.00000000000000000000
    Local Iteration 142: ||V_upper^k - V_upper^k-1||_inf = 0.00034034481727666065, ||V_lower^k - V_lower^k-1||_inf = 0.00000000000000000000
    Local Iteration 143: ||V_upper^k - V_upper^k-1||_inf = 0.00032673102458559422, ||V_lower^k - V_lower^k-1||_inf = 0.00000000000000000000
    Local Iteration 144: ||V_upper^k - V_upper^k-1||_inf = 0.00031366178360216993, ||V_lower^k - V_lower^k-1||_inf = 0.00000000000000000000
    Local Iteration 145: ||V_upper^k - V_upper^k-1||_inf = 0.00030111531225808334, ||V_lower^k - V_lower^k-1||_inf = 0.00000000000000000000
    Local Iteration 146: ||V_upper^k - V_upper^k-1||_inf = 0.00028907069976776001, ||V_lower^k - V_lower^k-1||_inf = 0.00000000000000000000
    Local Iteration 147: ||V_upper^k - V_upper^k-1||_inf = 0.00027750787177704961, ||V_lower^k - V_lower^k-1||_inf = 0.00000000000000000000
    Local Iteration 148: ||V_upper^k - V_upper^k-1||_inf = 0.00026640755690596728, ||V_lower^k - V_lower^k-1||_inf = 0.00000000000000000000
    Local Iteration 149: ||V_upper^k - V_upper^k-1||_inf = 0.00025575125462972900, ||V_lower^k - V_lower^k-1||_inf = 0.00000000000000000000
    Local Iteration 150: ||V_upper^k - V_upper^k-1||_inf = 0.00024552120444453970, ||V_lower^k - V_lower^k-1||_inf = 0.00000000000000000000
    Local Iteration 151: ||V_upper^k - V_upper^k-1||_inf = 0.00023570035626675756, ||V_lower^k - V_lower^k-1||_inf = 0.00000000000000000000
    Local Iteration 152: ||V_upper^k - V_upper^k-1||_inf = 0.00022627234201608778, ||V_lower^k - V_lower^k-1||_inf = 0.00000000000000000000
    Local Iteration 153: ||V_upper^k - V_upper^k-1||_inf = 0.00021722144833544437, ||V_lower^k - V_lower^k-1||_inf = 0.00000000000000000000
    Local Iteration 154: ||V_upper^k - V_upper^k-1||_inf = 0.00020853259040202587, ||V_lower^k - V_lower^k-1||_inf = 0.00000000000000000000
    Local Iteration 155: ||V_upper^k - V_upper^k-1||_inf = 0.00020019128678594542, ||V_lower^k - V_lower^k-1||_inf = 0.00000000000000000000
    Local Iteration 156: ||V_upper^k - V_upper^k-1||_inf = 0.00019218363531450702, ||V_lower^k - V_lower^k-1||_inf = 0.00000000000000000000
    Local Iteration 157: ||V_upper^k - V_upper^k-1||_inf = 0.00018449628990192726, ||V_lower^k - V_lower^k-1||_inf = 0.00000000000000000000
    Local Iteration 158: ||V_upper^k - V_upper^k-1||_inf = 0.00017711643830584968, ||V_lower^k - V_lower^k-1||_inf = 0.00000000000000000000
    Local Iteration 159: ||V_upper^k - V_upper^k-1||_inf = 0.00017003178077361607, ||V_lower^k - V_lower^k-1||_inf = 0.00000000000000000000
    Local Iteration 160: ||V_upper^k - V_upper^k-1||_inf = 0.00016323050954267140, ||V_lower^k - V_lower^k-1||_inf = 0.00000000000000000000
    Local Iteration 161: ||V_upper^k - V_upper^k-1||_inf = 0.00015670128916096468, ||V_lower^k - V_lower^k-1||_inf = 0.00000000000000000000
    Local Iteration 162: ||V_upper^k - V_upper^k-1||_inf = 0.00015043323759452581, ||V_lower^k - V_lower^k-1||_inf = 0.00000000000000000000
    Local Iteration 163: ||V_upper^k - V_upper^k-1||_inf = 0.00014441590809074470, ||V_lower^k - V_lower^k-1||_inf = 0.00000000000000000000
    Local Iteration 164: ||V_upper^k - V_upper^k-1||_inf = 0.00013863927176711519, ||V_lower^k - V_lower^k-1||_inf = 0.00000000000000000000
    Local Iteration 165: ||V_upper^k - V_upper^k-1||_inf = 0.00013309370089643066, ||V_lower^k - V_lower^k-1||_inf = 0.00000000000000000000
    Local Iteration 166: ||V_upper^k - V_upper^k-1||_inf = 0.00012776995286057323, ||V_lower^k - V_lower^k-1||_inf = 0.00000000000000000000
    Local Iteration 167: ||V_upper^k - V_upper^k-1||_inf = 0.00012265915474615014, ||V_lower^k - V_lower^k-1||_inf = 0.00000000000000000000
    Local Iteration 168: ||V_upper^k - V_upper^k-1||_inf = 0.00011775278855630450, ||V_lower^k - V_lower^k-1||_inf = 0.00000000000000000000
    Local Iteration 169: ||V_upper^k - V_upper^k-1||_inf = 0.00011304267701405229, ||V_lower^k - V_lower^k-1||_inf = 0.00000000000000000000
    Local Iteration 170: ||V_upper^k - V_upper^k-1||_inf = 0.00010852096993348983, ||V_lower^k - V_lower^k-1||_inf = 0.00000000000000000000
    Local Iteration 171: ||V_upper^k - V_upper^k-1||_inf = 0.00010418013113615027, ||V_lower^k - V_lower^k-1||_inf = 0.00000000000000000000
    Local Iteration 172: ||V_upper^k - V_upper^k-1||_inf = 0.00010001292589070440, ||V_lower^k - V_lower^k-1||_inf = 0.00000000000000000000
    Local Iteration 173: ||V_upper^k - V_upper^k-1||_inf = 0.00009601240885507602, ||V_lower^k - V_lower^k-1||_inf = 0.00000000000000000000
    Local Iteration 174: ||V_upper^k - V_upper^k-1||_inf = 0.00009217191250087331, ||V_lower^k - V_lower^k-1||_inf = 0.00000000000000000000
    Local Iteration 175: ||V_upper^k - V_upper^k-1||_inf = 0.00008848503600083829, ||V_lower^k - V_lower^k-1||_inf = 0.00000000000000000000
    Local Iteration 176: ||V_upper^k - V_upper^k-1||_inf = 0.00008494563456080484, ||V_lower^k - V_lower^k-1||_inf = 0.00000000000000000000
    Local Iteration 177: ||V_upper^k - V_upper^k-1||_inf = 0.00008154780917837270, ||V_lower^k - V_lower^k-1||_inf = 0.00000000000000000000
    Local Iteration 178: ||V_upper^k - V_upper^k-1||_inf = 0.00007828589681123767, ||V_lower^k - V_lower^k-1||_inf = 0.00000000000000000000
    Local Iteration 179: ||V_upper^k - V_upper^k-1||_inf = 0.00007515446093878803, ||V_lower^k - V_lower^k-1||_inf = 0.00000000000000000000
    Local Iteration 180: ||V_upper^k - V_upper^k-1||_inf = 0.00007214828250123656, ||V_lower^k - V_lower^k-1||_inf = 0.00000000000000000000
    Local Iteration 181: ||V_upper^k - V_upper^k-1||_inf = 0.00006926235120118711, ||V_lower^k - V_lower^k-1||_inf = 0.00000000000000000000
    Local Iteration 182: ||V_upper^k - V_upper^k-1||_inf = 0.00006649185715313960, ||V_lower^k - V_lower^k-1||_inf = 0.00000000000000000000
    Local Iteration 183: ||V_upper^k - V_upper^k-1||_inf = 0.00006383218286701406, ||V_lower^k - V_lower^k-1||_inf = 0.00000000000000000000
    Local Iteration 184: ||V_upper^k - V_upper^k-1||_inf = 0.00006127889555233336, ||V_lower^k - V_lower^k-1||_inf = 0.00000000000000000000
    Local Iteration 185: ||V_upper^k - V_upper^k-1||_inf = 0.00005882773973024018, ||V_lower^k - V_lower^k-1||_inf = 0.00000000000000000000
    Local Iteration 186: ||V_upper^k - V_upper^k-1||_inf = 0.00005647463014103044, ||V_lower^k - V_lower^k-1||_inf = 0.00000000000000000000
    Local Iteration 187: ||V_upper^k - V_upper^k-1||_inf = 0.00005421564493538920, ||V_lower^k - V_lower^k-1||_inf = 0.00000000000000000000
    Local Iteration 188: ||V_upper^k - V_upper^k-1||_inf = 0.00005204701913797370, ||V_lower^k - V_lower^k-1||_inf = 0.00000000000000000000
    Local Iteration 189: ||V_upper^k - V_upper^k-1||_inf = 0.00004996513837245468, ||V_lower^k - V_lower^k-1||_inf = 0.00000000000000000000
    Local Iteration 190: ||V_upper^k - V_upper^k-1||_inf = 0.00004796653283755661, ||V_lower^k - V_lower^k-1||_inf = 0.00000000000000000000
    Local Iteration 191: ||V_upper^k - V_upper^k-1||_inf = 0.00004577377865605157, ||V_lower^k - V_lower^k-1||_inf = 0.00000000000000000000
    Local Iteration 192: ||V_upper^k - V_upper^k-1||_inf = 0.00004394282750980953, ||V_lower^k - V_lower^k-1||_inf = 0.00000000000000000000
    Local Iteration 193: ||V_upper^k - V_upper^k-1||_inf = 0.00004218511440941698, ||V_lower^k - V_lower^k-1||_inf = 0.00000000000000000000
    Local Iteration 194: ||V_upper^k - V_upper^k-1||_inf = 0.00004049770983304034, ||V_lower^k - V_lower^k-1||_inf = 0.00000000000000000000
    Local Iteration 195: ||V_upper^k - V_upper^k-1||_inf = 0.00003887780143971872, ||V_lower^k - V_lower^k-1||_inf = 0.00000000000000000000
    Local Iteration 196: ||V_upper^k - V_upper^k-1||_inf = 0.00003732268938213006, ||V_lower^k - V_lower^k-1||_inf = 0.00000000000000000000
    Local Iteration 197: ||V_upper^k - V_upper^k-1||_inf = 0.00003582978180684477, ||V_lower^k - V_lower^k-1||_inf = 0.00000000000000000000
    Local Iteration 198: ||V_upper^k - V_upper^k-1||_inf = 0.00003439659053457102, ||V_lower^k - V_lower^k-1||_inf = 0.00000000000000000000
    Local Iteration 199: ||V_upper^k - V_upper^k-1||_inf = 0.00003302072691318820, ||V_lower^k - V_lower^k-1||_inf = 0.00000000000000000000
    Local Iteration 200: ||V_upper^k - V_upper^k-1||_inf = 0.00003169989783666065, ||V_lower^k - V_lower^k-1||_inf = 0.00000000000000000000
    Local Iteration 201: ||V_upper^k - V_upper^k-1||_inf = 0.00003043190192319426, ||V_lower^k - V_lower^k-1||_inf = 0.00000000000000000000
    Local Iteration 202: ||V_upper^k - V_upper^k-1||_inf = 0.00002921462584626648, ||V_lower^k - V_lower^k-1||_inf = 0.00000000000000000000
    Local Iteration 203: ||V_upper^k - V_upper^k-1||_inf = 0.00002804604081241583, ||V_lower^k - V_lower^k-1||_inf = 0.00000000000000000000
    Local Iteration 204: ||V_upper^k - V_upper^k-1||_inf = 0.00002692419917991920, ||V_lower^k - V_lower^k-1||_inf = 0.00000000000000000000
    Local Iteration 205: ||V_upper^k - V_upper^k-1||_inf = 0.00002584723121272243, ||V_lower^k - V_lower^k-1||_inf = 0.00000000000000000000
    Local Iteration 206: ||V_upper^k - V_upper^k-1||_inf = 0.00002481334196421351, ||V_lower^k - V_lower^k-1||_inf = 0.00000000000000000000
    Local Iteration 207: ||V_upper^k - V_upper^k-1||_inf = 0.00002382080828564493, ||V_lower^k - V_lower^k-1||_inf = 0.00000000000000000000
    Local Iteration 208: ||V_upper^k - V_upper^k-1||_inf = 0.00002286797595421912, ||V_lower^k - V_lower^k-1||_inf = 0.00000000000000000000
    Local Iteration 209: ||V_upper^k - V_upper^k-1||_inf = 0.00002195325691605040, ||V_lower^k - V_lower^k-1||_inf = 0.00000000000000000000
    Local Iteration 210: ||V_upper^k - V_upper^k-1||_inf = 0.00002107512663940833, ||V_lower^k - V_lower^k-1||_inf = 0.00000000000000000000
    Local Iteration 211: ||V_upper^k - V_upper^k-1||_inf = 0.00002023212157383202, ||V_lower^k - V_lower^k-1||_inf = 0.00000000000000000000
    Local Iteration 212: ||V_upper^k - V_upper^k-1||_inf = 0.00001942283671087876, ||V_lower^k - V_lower^k-1||_inf = 0.00000000000000000000
    Local Iteration 213: ||V_upper^k - V_upper^k-1||_inf = 0.00001864592324244362, ||V_lower^k - V_lower^k-1||_inf = 0.00000000000000000000
    Local Iteration 214: ||V_upper^k - V_upper^k-1||_inf = 0.00001790008631274585, ||V_lower^k - V_lower^k-1||_inf = 0.00000000000000000000
    Local Iteration 215: ||V_upper^k - V_upper^k-1||_inf = 0.00001718408286023604, ||V_lower^k - V_lower^k-1||_inf = 0.00000000000000000000
    Local Iteration 216: ||V_upper^k - V_upper^k-1||_inf = 0.00001649671954582658, ||V_lower^k - V_lower^k-1||_inf = 0.00000000000000000000
    Local Iteration 217: ||V_upper^k - V_upper^k-1||_inf = 0.00001583685076399352, ||V_lower^k - V_lower^k-1||_inf = 0.00000000000000000000
    Local Iteration 218: ||V_upper^k - V_upper^k-1||_inf = 0.00001520337673343377, ||V_lower^k - V_lower^k-1||_inf = 0.00000000000000000000
    Local Iteration 219: ||V_upper^k - V_upper^k-1||_inf = 0.00001459524166409640, ||V_lower^k - V_lower^k-1||_inf = 0.00000000000000000000
    Local Iteration 220: ||V_upper^k - V_upper^k-1||_inf = 0.00001401143199753255, ||V_lower^k - V_lower^k-1||_inf = 0.00000000000000000000
    Local Iteration 221: ||V_upper^k - V_upper^k-1||_inf = 0.00001345097471763129, ||V_lower^k - V_lower^k-1||_inf = 0.00000000000000000000
    Local Iteration 222: ||V_upper^k - V_upper^k-1||_inf = 0.00001291293572892600, ||V_lower^k - V_lower^k-1||_inf = 0.00000000000000000000
    Local Iteration 223: ||V_upper^k - V_upper^k-1||_inf = 0.00001239641829976898, ||V_lower^k - V_lower^k-1||_inf = 0.00000000000000000000
    Local Iteration 224: ||V_upper^k - V_upper^k-1||_inf = 0.00001190056156777819, ||V_lower^k - V_lower^k-1||_inf = 0.00000000000000000000
    Local Iteration 225: ||V_upper^k - V_upper^k-1||_inf = 0.00001142453910506707, ||V_lower^k - V_lower^k-1||_inf = 0.00000000000000000000
    Local Iteration 226: ||V_upper^k - V_upper^k-1||_inf = 0.00001096755754086441, ||V_lower^k - V_lower^k-1||_inf = 0.00000000000000000000
    Local Iteration 227: ||V_upper^k - V_upper^k-1||_inf = 0.00001052885523922985, ||V_lower^k - V_lower^k-1||_inf = 0.00000000000000000000
    Local Iteration 228: ||V_upper^k - V_upper^k-1||_inf = 0.00001010770102966062, ||V_lower^k - V_lower^k-1||_inf = 0.00000000000000000000
    Local Iteration 229: ||V_upper^k - V_upper^k-1||_inf = 0.00000970339298847421, ||V_lower^k - V_lower^k-1||_inf = 0.00000000000000000000
    Local Iteration 230: ||V_upper^k - V_upper^k-1||_inf = 0.00000931525726893524, ||V_lower^k - V_lower^k-1||_inf = 0.00000000000000000000
    Local Iteration 231: ||V_upper^k - V_upper^k-1||_inf = 0.00000849488479593040, ||V_lower^k - V_lower^k-1||_inf = 0.00000000000000000000
    Local Iteration 232: ||V_upper^k - V_upper^k-1||_inf = 0.00000815508940409318, ||V_lower^k - V_lower^k-1||_inf = 0.00000000000000000000
    Local Iteration 233: ||V_upper^k - V_upper^k-1||_inf = 0.00000782888582792946, ||V_lower^k - V_lower^k-1||_inf = 0.00000000000000000000
    Local Iteration 234: ||V_upper^k - V_upper^k-1||_inf = 0.00000751573039481227, ||V_lower^k - V_lower^k-1||_inf = 0.00000000000000000000
    Local Iteration 235: ||V_upper^k - V_upper^k-1||_inf = 0.00000721510117901978, ||V_lower^k - V_lower^k-1||_inf = 0.00000000000000000000
    Local Iteration 236: ||V_upper^k - V_upper^k-1||_inf = 0.00000692649713185899, ||V_lower^k - V_lower^k-1||_inf = 0.00000000000000000000
    Local Iteration 237: ||V_upper^k - V_upper^k-1||_inf = 0.00000664943724658463, ||V_lower^k - V_lower^k-1||_inf = 0.00000000000000000000
    Local Iteration 238: ||V_upper^k - V_upper^k-1||_inf = 0.00000638345975672124, ||V_lower^k - V_lower^k-1||_inf = 0.00000000000000000000
    Local Iteration 239: ||V_upper^k - V_upper^k-1||_inf = 0.00000612812136645239, ||V_lower^k - V_lower^k-1||_inf = 0.00000000000000000000
    Local Iteration 240: ||V_upper^k - V_upper^k-1||_inf = 0.00000588299651179430, ||V_lower^k - V_lower^k-1||_inf = 0.00000000000000000000
    Local Iteration 241: ||V_upper^k - V_upper^k-1||_inf = 0.00000487404393914782, ||V_lower^k - V_lower^k-1||_inf = 0.00000000000000000000
    Local Iteration 242: ||V_upper^k - V_upper^k-1||_inf = 0.00000000000000000000, ||V_lower^k - V_lower^k-1||_inf = 0.00000000000000000000

==================================================
 LOCAL CONVERGENCE ACHIEVED
==================================================
  ||V_upper^k - V_upper^k-1||_inf = 0.00000000000000000000e+00 < tolerance = 1e-08
  ||V_lower^k - V_lower^k-1||_inf = 0.00000000000000000000e+00 < tolerance = 1e-08
  Converged in 242 iterations
  V_lower increased from min(l_lower, r_lower); smallest step 0.000e+00
    Local VI completed in 242 iterations
    Final convergence values:
      ||V_upper^final - V_upper^prev||_inf = 0.00000000e+00
      ||V_lower^final - V_lower^prev||_inf = 0.00000000e+00
  Local VI completed in 242 iterations, time: 0.018s
    Final ||V_upper^k - V_upper^k-1||_inf = 0.00000000000000000000e+00
    Final ||V_lower^k - V_lower^k-1||_inf = 0.00000000000000000000e+00
  Saved visualization: /Users/i.k.tabbara/Documents/python directory/HSCC_2027/refactored_Implementations/results_hscc_2027_modified_init/ra_discount/van_der_pol_res40_eps0.001_dmin1e-08_dmax1e-08_gamma0.96_dt0.01_tau0.01_std/value_function_phase_4_complete.png
  Phase 4 completed in 0.10s with 24196 leaf cells

Classification after phase 4:
  Safe:               68 cells (  0.3%),    1.5% of state space
  Unsafe:            184 cells (  0.8%),    5.0% of state space
  Unclassified:    23944 cells ( 99.0%),   93.5% of state space

======================================================================
REFINEMENT PHASE 5
======================================================================
Boundary cells: 23944
  Refinable (>eta_min=0.000354): 23944
  Below threshold: 0
  Cumulative refined: 22596
  Refinable cell size statistics:
    Max:    0.036250
    Mean:   0.036250
    Min:    0.036250
    Median: 0.036250
  Refining 23944 cells...
    Refined: 23944 parent cells
    Created: 47888 child cells
    Total cells: 48140
    Refinement time: 0.001s
    Cumulative refined: 46540
  Rebuilding spatial index...
  Building spatial index for 48140 cells...
   Spatial index built in 0.01s
    Spatial index rebuilt in 0.007s
  Initializing 47888 new cells...
  Initializing 47888 new cells in parallel...
   Initialized in 0.00s (283991104.5 cells/s)
    Initialization completed in 0.000s
  Starting local value iteration...
  Reinitializing ALL 48140 cells (V_lower = min(l, r), V_upper = l)
   Reinitialized 48140 cells in 0.00s (408689967.8 cells/s)
  Local VI: updating all 48140 cells
    Conservative mode: False
    Convergence tolerance: 1e-08
    Max iterations: 20000
    Updating successor cache for 47888 updated cells...
    Updating successor cache for 47888 new cells (HYBRID)...
      Affected cells: 48048
   Trajectories + spatial queries computed in 0.01s (8035510.9 tasks/s)
    Breakdown: 39.2% ODE, 60.8% queries
     Cache updated in 0.01s (6618409.7 tasks/s)
    Local Iteration   1: ||V_upper^k - V_upper^k-1||_inf = 3.20365457300254696804, ||V_lower^k - V_lower^k-1||_inf = 2.43343612557344757263
    Local Iteration   2: ||V_upper^k - V_upper^k-1||_inf = 3.07133370684206141732, ||V_lower^k - V_lower^k-1||_inf = 2.27850673354390975689
    Local Iteration   3: ||V_upper^k - V_upper^k-1||_inf = 2.94848035856837853430, ||V_lower^k - V_lower^k-1||_inf = 2.14896646420215331474
    Local Iteration   4: ||V_upper^k - V_upper^k-1||_inf = 2.82698461162092007370, ||V_lower^k - V_lower^k-1||_inf = 2.04545729182368685173
    Local Iteration   5: ||V_upper^k - V_upper^k-1||_inf = 2.71390522715608328852, ||V_lower^k - V_lower^k-1||_inf = 1.92677500015073932538
    Local Iteration   6: ||V_upper^k - V_upper^k-1||_inf = 2.60234048107802395933, ||V_lower^k - V_lower^k-1||_inf = 1.79679352836435435314
    Local Iteration   7: ||V_upper^k - V_upper^k-1||_inf = 2.49824686183490296543, ||V_lower^k - V_lower^k-1||_inf = 1.72492178722977995697
    Local Iteration   8: ||V_upper^k - V_upper^k-1||_inf = 0.12642668405213974836, ||V_lower^k - V_lower^k-1||_inf = 0.24638342590380979402
    Local Iteration   9: ||V_upper^k - V_upper^k-1||_inf = 0.11958946786101787296, ||V_lower^k - V_lower^k-1||_inf = 0.21038171947322803490
    Local Iteration  10: ||V_upper^k - V_upper^k-1||_inf = 0.10425889207809224679, ||V_lower^k - V_lower^k-1||_inf = 0.16367789682614874991
    Local Iteration  11: ||V_upper^k - V_upper^k-1||_inf = 0.09599523359087269725, ||V_lower^k - V_lower^k-1||_inf = 0.13886295842891627217
    Local Iteration  12: ||V_upper^k - V_upper^k-1||_inf = 0.09116819618705407358, ||V_lower^k - V_lower^k-1||_inf = 0.13260549890635076054
    Local Iteration  13: ||V_upper^k - V_upper^k-1||_inf = 0.08704692109706257952, ||V_lower^k - V_lower^k-1||_inf = 0.12696499111152359518
    Local Iteration  14: ||V_upper^k - V_upper^k-1||_inf = 0.08356504425318012075, ||V_lower^k - V_lower^k-1||_inf = 0.12188639146706270466
    Local Iteration  15: ||V_upper^k - V_upper^k-1||_inf = 0.07802967026011753404, ||V_lower^k - V_lower^k-1||_inf = 0.11547200903920229464
    Local Iteration  16: ||V_upper^k - V_upper^k-1||_inf = 0.06889587574153832605, ||V_lower^k - V_lower^k-1||_inf = 0.10703163303167162468
    Local Iteration  17: ||V_upper^k - V_upper^k-1||_inf = 0.06277164426034276268, ||V_lower^k - V_lower^k-1||_inf = 0.10052450167201110176
    Local Iteration  18: ||V_upper^k - V_upper^k-1||_inf = 0.06026077848992894559, ||V_lower^k - V_lower^k-1||_inf = 0.09650352160513087085
    Local Iteration  19: ||V_upper^k - V_upper^k-1||_inf = 0.05785034735033167674, ||V_lower^k - V_lower^k-1||_inf = 0.09264338074092570707
    Local Iteration  20: ||V_upper^k - V_upper^k-1||_inf = 0.05553633345631847629, ||V_lower^k - V_lower^k-1||_inf = 0.08893764551128868767
    Local Iteration  21: ||V_upper^k - V_upper^k-1||_inf = 0.05331488011806573279, ||V_lower^k - V_lower^k-1||_inf = 0.08538013969083713128
    Local Iteration  22: ||V_upper^k - V_upper^k-1||_inf = 0.05059016712413078043, ||V_lower^k - V_lower^k-1||_inf = 0.08157359959549581596
    Local Iteration  23: ||V_upper^k - V_upper^k-1||_inf = 0.04799875857363145037, ||V_lower^k - V_lower^k-1||_inf = 0.07793781597097315661
    Local Iteration  24: ||V_upper^k - V_upper^k-1||_inf = 0.04444811189795161432, ||V_lower^k - V_lower^k-1||_inf = 0.07376337626175355489
    Local Iteration  25: ||V_upper^k - V_upper^k-1||_inf = 0.03995064863088193530, ||V_lower^k - V_lower^k-1||_inf = 0.06917696825062980004
    Local Iteration  26: ||V_upper^k - V_upper^k-1||_inf = 0.03786469487646337839, ||V_lower^k - V_lower^k-1||_inf = 0.06612320524381098963
    Local Iteration  27: ||V_upper^k - V_upper^k-1||_inf = 0.03619965813750913863, ||V_lower^k - V_lower^k-1||_inf = 0.06284815376059382785
    Local Iteration  28: ||V_upper^k - V_upper^k-1||_inf = 0.03475167181200877753, ||V_lower^k - V_lower^k-1||_inf = 0.06033422761016993263
    Local Iteration  29: ||V_upper^k - V_upper^k-1||_inf = 0.03336160493952844419, ||V_lower^k - V_lower^k-1||_inf = 0.05792085850576311756
    Local Iteration  30: ||V_upper^k - V_upper^k-1||_inf = 0.03202714074194723537, ||V_lower^k - V_lower^k-1||_inf = 0.05560402416553245075
    Local Iteration  31: ||V_upper^k - V_upper^k-1||_inf = 0.03074605511226935484, ||V_lower^k - V_lower^k-1||_inf = 0.05337986319891130371
    Local Iteration  32: ||V_upper^k - V_upper^k-1||_inf = 0.02951621290777861617, ||V_lower^k - V_lower^k-1||_inf = 0.05124466867095467393
    Local Iteration  33: ||V_upper^k - V_upper^k-1||_inf = 0.02833556439146744932, ||V_lower^k - V_lower^k-1||_inf = 0.04919488192411636263
    Local Iteration  34: ||V_upper^k - V_upper^k-1||_inf = 0.02720214181580871138, ||V_lower^k - V_lower^k-1||_inf = 0.04722708664715180582
    Local Iteration  35: ||V_upper^k - V_upper^k-1||_inf = 0.02611405614317641177, ||V_lower^k - V_lower^k-1||_inf = 0.04506609822949125821
    Local Iteration  36: ||V_upper^k - V_upper^k-1||_inf = 0.02506949389744939083, ||V_lower^k - V_lower^k-1||_inf = 0.04292280144839999423
    Local Iteration  37: ||V_upper^k - V_upper^k-1||_inf = 0.02406671414155137079, ||V_lower^k - V_lower^k-1||_inf = 0.04087002185718136005
    Local Iteration  38: ||V_upper^k - V_upper^k-1||_inf = 0.02310404557588929819, ||V_lower^k - V_lower^k-1||_inf = 0.03923522098289411453
    Local Iteration  39: ||V_upper^k - V_upper^k-1||_inf = 0.02217988375285373515, ||V_lower^k - V_lower^k-1||_inf = 0.03760214815470985794
    Local Iteration  40: ||V_upper^k - V_upper^k-1||_inf = 0.02129268840273956798, ||V_lower^k - V_lower^k-1||_inf = 0.03597725921564043361
    Local Iteration  41: ||V_upper^k - V_upper^k-1||_inf = 0.02044098086662998748, ||V_lower^k - V_lower^k-1||_inf = 0.03448087530825694191
    Local Iteration  42: ||V_upper^k - V_upper^k-1||_inf = 0.01962334163196483017, ||V_lower^k - V_lower^k-1||_inf = 0.03299297622346286651
    Local Iteration  43: ||V_upper^k - V_upper^k-1||_inf = 0.01883840796668623252, ||V_lower^k - V_lower^k-1||_inf = 0.03157066835521271653
    Local Iteration  44: ||V_upper^k - V_upper^k-1||_inf = 0.01808487164801875213, ||V_lower^k - V_lower^k-1||_inf = 0.03025922637415523475
    Local Iteration  45: ||V_upper^k - V_upper^k-1||_inf = 0.01736147678209798428, ||V_lower^k - V_lower^k-1||_inf = 0.02895673029137302290
    Local Iteration  46: ||V_upper^k - V_upper^k-1||_inf = 0.01666701771081408046, ||V_lower^k - V_lower^k-1||_inf = 0.02775482663849104803
    Local Iteration  47: ||V_upper^k - V_upper^k-1||_inf = 0.01600033700238151502, ||V_lower^k - V_lower^k-1||_inf = 0.02656199040815809820
    Local Iteration  48: ||V_upper^k - V_upper^k-1||_inf = 0.01536032352228627884, ||V_lower^k - V_lower^k-1||_inf = 0.02546039022325241596
    Local Iteration  49: ||V_upper^k - V_upper^k-1||_inf = 0.01474591058139479438, ||V_lower^k - V_lower^k-1||_inf = 0.02434199624287047836
    Local Iteration  50: ||V_upper^k - V_upper^k-1||_inf = 0.01415607415813902037, ||V_lower^k - V_lower^k-1||_inf = 0.02335817427997022300
    Local Iteration  51: ||V_upper^k - V_upper^k-1||_inf = 0.01358983119181345067, ||V_lower^k - V_lower^k-1||_inf = 0.02242384730877144960
    Local Iteration  52: ||V_upper^k - V_upper^k-1||_inf = 0.01304623794414089266, ||V_lower^k - V_lower^k-1||_inf = 0.02152689341642061160
    Local Iteration  53: ||V_upper^k - V_upper^k-1||_inf = 0.01252438842637526584, ||V_lower^k - V_lower^k-1||_inf = 0.02066581767976377604
    Local Iteration  54: ||V_upper^k - V_upper^k-1||_inf = 0.01202341288932029517, ||V_lower^k - V_lower^k-1||_inf = 0.01983918497257319835
    Local Iteration  55: ||V_upper^k - V_upper^k-1||_inf = 0.01154247637374744562, ||V_lower^k - V_lower^k-1||_inf = 0.01904561757367029262
    Local Iteration  56: ||V_upper^k - V_upper^k-1||_inf = 0.01108077731879758554, ||V_lower^k - V_lower^k-1||_inf = 0.01828379287072345871
    Local Iteration  57: ||V_upper^k - V_upper^k-1||_inf = 0.01063754622604567990, ||V_lower^k - V_lower^k-1||_inf = 0.01755244115589454923
    Local Iteration  58: ||V_upper^k - V_upper^k-1||_inf = 0.01021204437700382051, ||V_lower^k - V_lower^k-1||_inf = 0.01672772152600093820
    Local Iteration  59: ||V_upper^k - V_upper^k-1||_inf = 0.00980356260192366546, ||V_lower^k - V_lower^k-1||_inf = 0.01604058381080025741
    Local Iteration  60: ||V_upper^k - V_upper^k-1||_inf = 0.00941142009784673439, ||V_lower^k - V_lower^k-1||_inf = 0.01538031291654007315
    Local Iteration  61: ||V_upper^k - V_upper^k-1||_inf = 0.00903496329393285724, ||V_lower^k - V_lower^k-1||_inf = 0.01474742485823576921
    Local Iteration  62: ||V_upper^k - V_upper^k-1||_inf = 0.00867356476217553962, ||V_lower^k - V_lower^k-1||_inf = 0.01415752786390633844
    Local Iteration  63: ||V_upper^k - V_upper^k-1||_inf = 0.00832662217168853025, ||V_lower^k - V_lower^k-1||_inf = 0.01357514604875287301
    Local Iteration  64: ||V_upper^k - V_upper^k-1||_inf = 0.00799355728482098460, ||V_lower^k - V_lower^k-1||_inf = 0.01303214020680276697
    Local Iteration  65: ||V_upper^k - V_upper^k-1||_inf = 0.00767381499342814632, ||V_lower^k - V_lower^k-1||_inf = 0.01249622795695914945
    Local Iteration  66: ||V_upper^k - V_upper^k-1||_inf = 0.00736686239369102602, ||V_lower^k - V_lower^k-1||_inf = 0.01198252347560280207
    Local Iteration  67: ||V_upper^k - V_upper^k-1||_inf = 0.00707218789794336611, ||V_lower^k - V_lower^k-1||_inf = 0.01149010073644801677
    Local Iteration  68: ||V_upper^k - V_upper^k-1||_inf = 0.00678930038202563146, ||V_lower^k - V_lower^k-1||_inf = 0.01103049670699013385
    Local Iteration  69: ||V_upper^k - V_upper^k-1||_inf = 0.00651772836674460732, ||V_lower^k - V_lower^k-1||_inf = 0.01058927683871052627
    Local Iteration  70: ||V_upper^k - V_upper^k-1||_inf = 0.00625701923207483413, ||V_lower^k - V_lower^k-1||_inf = 0.01015425562414953853
    Local Iteration  71: ||V_upper^k - V_upper^k-1||_inf = 0.00600673846279184409, ||V_lower^k - V_lower^k-1||_inf = 0.00974808539918353700
    Local Iteration  72: ||V_upper^k - V_upper^k-1||_inf = 0.00576646892428017699, ||V_lower^k - V_lower^k-1||_inf = 0.00934414631822369501
    Local Iteration  73: ||V_upper^k - V_upper^k-1||_inf = 0.00553581016730894659, ||V_lower^k - V_lower^k-1||_inf = 0.00897038046549475387
    Local Iteration  74: ||V_upper^k - V_upper^k-1||_inf = 0.00531437776061660649, ||V_lower^k - V_lower^k-1||_inf = 0.00861156524687498037
    Local Iteration  75: ||V_upper^k - V_upper^k-1||_inf = 0.00510180265019193058, ||V_lower^k - V_lower^k-1||_inf = 0.00826710263699997894
    Local Iteration  76: ||V_upper^k - V_upper^k-1||_inf = 0.00489773054418425613, ||V_lower^k - V_lower^k-1||_inf = 0.00793641853151996757
    Local Iteration  77: ||V_upper^k - V_upper^k-1||_inf = 0.00470182132241687978, ||V_lower^k - V_lower^k-1||_inf = 0.00761896179025917109
    Local Iteration  78: ||V_upper^k - V_upper^k-1||_inf = 0.00451374846952021236, ||V_lower^k - V_lower^k-1||_inf = 0.00731420331864879314
    Local Iteration  79: ||V_upper^k - V_upper^k-1||_inf = 0.00433319853073940719, ||V_lower^k - V_lower^k-1||_inf = 0.00700074095746136549
    Local Iteration  80: ||V_upper^k - V_upper^k-1||_inf = 0.00415987058950982591, ||V_lower^k - V_lower^k-1||_inf = 0.00672071131916290865
    Local Iteration  81: ||V_upper^k - V_upper^k-1||_inf = 0.00399347576592942732, ||V_lower^k - V_lower^k-1||_inf = 0.00645188286639639119
    Local Iteration  82: ||V_upper^k - V_upper^k-1||_inf = 0.00383373673529224801, ||V_lower^k - V_lower^k-1||_inf = 0.00619380755174053776
    Local Iteration  83: ||V_upper^k - V_upper^k-1||_inf = 0.00368038726588056087, ||V_lower^k - V_lower^k-1||_inf = 0.00594605524967090071
    Local Iteration  84: ||V_upper^k - V_upper^k-1||_inf = 0.00353317177524534176, ||V_lower^k - V_lower^k-1||_inf = 0.00568165078550142422
    Local Iteration  85: ||V_upper^k - V_upper^k-1||_inf = 0.00339184490423552476, ||V_lower^k - V_lower^k-1||_inf = 0.00545438475408135948
    Local Iteration  86: ||V_upper^k - V_upper^k-1||_inf = 0.00325617110806611376, ||V_lower^k - V_lower^k-1||_inf = 0.00523620936391810954
    Local Iteration  87: ||V_upper^k - V_upper^k-1||_inf = 0.00312592426374345977, ||V_lower^k - V_lower^k-1||_inf = 0.00502676098936138960
    Local Iteration  88: ||V_upper^k - V_upper^k-1||_inf = 0.00300088729319372693, ||V_lower^k - V_lower^k-1||_inf = 0.00482569054978693179
    Local Iteration  89: ||V_upper^k - V_upper^k-1||_inf = 0.00288085180146598063, ||V_lower^k - V_lower^k-1||_inf = 0.00463266292779546118
    Local Iteration  90: ||V_upper^k - V_upper^k-1||_inf = 0.00276561772940733808, ||V_lower^k - V_lower^k-1||_inf = 0.00444735641068363940
    Local Iteration  91: ||V_upper^k - V_upper^k-1||_inf = 0.00265499302023104733, ||V_lower^k - V_lower^k-1||_inf = 0.00426946215425628994
    Local Iteration  92: ||V_upper^k - V_upper^k-1||_inf = 0.00254879329942180044, ||V_lower^k - V_lower^k-1||_inf = 0.00409868366808605056
    Local Iteration  93: ||V_upper^k - V_upper^k-1||_inf = 0.00244684156744492953, ||V_lower^k - V_lower^k-1||_inf = 0.00393473632136259743
    Local Iteration  94: ||V_upper^k - V_upper^k-1||_inf = 0.00234896790474713180, ||V_lower^k - V_lower^k-1||_inf = 0.00377734686850809964
    Local Iteration  95: ||V_upper^k - V_upper^k-1||_inf = 0.00225500918855724847, ||V_lower^k - V_lower^k-1||_inf = 0.00361077775226321951
    Local Iteration  96: ||V_upper^k - V_upper^k-1||_inf = 0.00216480882101495464, ||V_lower^k - V_lower^k-1||_inf = 0.00343746530580665843
    Local Iteration  97: ||V_upper^k - V_upper^k-1||_inf = 0.00207821646817435424, ||V_lower^k - V_lower^k-1||_inf = 0.00329996669357439376
    Local Iteration  98: ||V_upper^k - V_upper^k-1||_inf = 0.00199508780944738368, ||V_lower^k - V_lower^k-1||_inf = 0.00316796802583141357
    Local Iteration  99: ||V_upper^k - V_upper^k-1||_inf = 0.00191528429706949027, ||V_lower^k - V_lower^k-1||_inf = 0.00304124930479815481
    Local Iteration 100: ||V_upper^k - V_upper^k-1||_inf = 0.00183867292518670455, ||V_lower^k - V_lower^k-1||_inf = 0.00291959933260622917
    Local Iteration 101: ||V_upper^k - V_upper^k-1||_inf = 0.00176512600817924081, ||V_lower^k - V_lower^k-1||_inf = 0.00280281535930197723
    Local Iteration 102: ||V_upper^k - V_upper^k-1||_inf = 0.00169452096785206729, ||V_lower^k - V_lower^k-1||_inf = 0.00269070274492989869
    Local Iteration 103: ||V_upper^k - V_upper^k-1||_inf = 0.00162674012913798655, ||V_lower^k - V_lower^k-1||_inf = 0.00258307463513270802
    Local Iteration 104: ||V_upper^k - V_upper^k-1||_inf = 0.00156167052397247069, ||V_lower^k - V_lower^k-1||_inf = 0.00247975164972739914
    Local Iteration 105: ||V_upper^k - V_upper^k-1||_inf = 0.00149920370301356853, ||V_lower^k - V_lower^k-1||_inf = 0.00238056158373830401
    Local Iteration 106: ||V_upper^k - V_upper^k-1||_inf = 0.00143923555489302440, ||V_lower^k - V_lower^k-1||_inf = 0.00228533912038877268
    Local Iteration 107: ||V_upper^k - V_upper^k-1||_inf = 0.00138166613269730121, ||V_lower^k - V_lower^k-1||_inf = 0.00219392555557321872
    Local Iteration 108: ||V_upper^k - V_upper^k-1||_inf = 0.00132639948738941249, ||V_lower^k - V_lower^k-1||_inf = 0.00081465247185941170
    Local Iteration 109: ||V_upper^k - V_upper^k-1||_inf = 0.00127334350789383433, ||V_lower^k - V_lower^k-1||_inf = 0.00000000000000000000
    Local Iteration 110: ||V_upper^k - V_upper^k-1||_inf = 0.00122240976757808165, ||V_lower^k - V_lower^k-1||_inf = 0.00000000000000000000
    Local Iteration 111: ||V_upper^k - V_upper^k-1||_inf = 0.00117351337687495935, ||V_lower^k - V_lower^k-1||_inf = 0.00000000000000000000
    Local Iteration 112: ||V_upper^k - V_upper^k-1||_inf = 0.00112657284179996237, ||V_lower^k - V_lower^k-1||_inf = 0.00000000000000000000
    Local Iteration 113: ||V_upper^k - V_upper^k-1||_inf = 0.00108150992812796123, ||V_lower^k - V_lower^k-1||_inf = 0.00000000000000000000
    Local Iteration 114: ||V_upper^k - V_upper^k-1||_inf = 0.00103824953100284390, ||V_lower^k - V_lower^k-1||_inf = 0.00000000000000000000
    Local Iteration 115: ||V_upper^k - V_upper^k-1||_inf = 0.00099671954976272847, ||V_lower^k - V_lower^k-1||_inf = 0.00000000000000000000
    Local Iteration 116: ||V_upper^k - V_upper^k-1||_inf = 0.00095685076777221947, ||V_lower^k - V_lower^k-1||_inf = 0.00000000000000000000
    Local Iteration 117: ||V_upper^k - V_upper^k-1||_inf = 0.00091857673706133292, ||V_lower^k - V_lower^k-1||_inf = 0.00000000000000000000
    Local Iteration 118: ||V_upper^k - V_upper^k-1||_inf = 0.00088183366757887960, ||V_lower^k - V_lower^k-1||_inf = 0.00000000000000000000
    Local Iteration 119: ||V_upper^k - V_upper^k-1||_inf = 0.00084656032087572497, ||V_lower^k - V_lower^k-1||_inf = 0.00000000000000000000
    Local Iteration 120: ||V_upper^k - V_upper^k-1||_inf = 0.00081269790804069583, ||V_lower^k - V_lower^k-1||_inf = 0.00000000000000000000
    Local Iteration 121: ||V_upper^k - V_upper^k-1||_inf = 0.00078018999171906508, ||V_lower^k - V_lower^k-1||_inf = 0.00000000000000000000
    Local Iteration 122: ||V_upper^k - V_upper^k-1||_inf = 0.00074898239205030415, ||V_lower^k - V_lower^k-1||_inf = 0.00000000000000000000
    Local Iteration 123: ||V_upper^k - V_upper^k-1||_inf = 0.00071902309636829101, ||V_lower^k - V_lower^k-1||_inf = 0.00000000000000000000
    Local Iteration 124: ||V_upper^k - V_upper^k-1||_inf = 0.00069026217251355951, ||V_lower^k - V_lower^k-1||_inf = 0.00000000000000000000
    Local Iteration 125: ||V_upper^k - V_upper^k-1||_inf = 0.00066265168561301796, ||V_lower^k - V_lower^k-1||_inf = 0.00000000000000000000
    Local Iteration 126: ||V_upper^k - V_upper^k-1||_inf = 0.00063614561818849634, ||V_lower^k - V_lower^k-1||_inf = 0.00000000000000000000
    Local Iteration 127: ||V_upper^k - V_upper^k-1||_inf = 0.00061069979346095767, ||V_lower^k - V_lower^k-1||_inf = 0.00000000000000000000
    Local Iteration 128: ||V_upper^k - V_upper^k-1||_inf = 0.00058627180172251929, ||V_lower^k - V_lower^k-1||_inf = 0.00000000000000000000
    Local Iteration 129: ||V_upper^k - V_upper^k-1||_inf = 0.00056282092965361831, ||V_lower^k - V_lower^k-1||_inf = 0.00000000000000000000
    Local Iteration 130: ||V_upper^k - V_upper^k-1||_inf = 0.00054030809246747268, ||V_lower^k - V_lower^k-1||_inf = 0.00000000000000000000
    Local Iteration 131: ||V_upper^k - V_upper^k-1||_inf = 0.00051869576876877391, ||V_lower^k - V_lower^k-1||_inf = 0.00000000000000000000
    Local Iteration 132: ||V_upper^k - V_upper^k-1||_inf = 0.00049794793801802295, ||V_lower^k - V_lower^k-1||_inf = 0.00000000000000000000
    Local Iteration 133: ||V_upper^k - V_upper^k-1||_inf = 0.00047803002049730259, ||V_lower^k - V_lower^k-1||_inf = 0.00000000000000000000
    Local Iteration 134: ||V_upper^k - V_upper^k-1||_inf = 0.00045890881967741021, ||V_lower^k - V_lower^k-1||_inf = 0.00000000000000000000
    Local Iteration 135: ||V_upper^k - V_upper^k-1||_inf = 0.00044055246689031317, ||V_lower^k - V_lower^k-1||_inf = 0.00000000000000000000
    Local Iteration 136: ||V_upper^k - V_upper^k-1||_inf = 0.00042293036821470197, ||V_lower^k - V_lower^k-1||_inf = 0.00000000000000000000
    Local Iteration 137: ||V_upper^k - V_upper^k-1||_inf = 0.00040601315348611292, ||V_lower^k - V_lower^k-1||_inf = 0.00000000000000000000
    Local Iteration 138: ||V_upper^k - V_upper^k-1||_inf = 0.00038977262734666944, ||V_lower^k - V_lower^k-1||_inf = 0.00000000000000000000
    Local Iteration 139: ||V_upper^k - V_upper^k-1||_inf = 0.00037418172225280218, ||V_lower^k - V_lower^k-1||_inf = 0.00000000000000000000
    Local Iteration 140: ||V_upper^k - V_upper^k-1||_inf = 0.00035921445336268946, ||V_lower^k - V_lower^k-1||_inf = 0.00000000000000000000
    Local Iteration 141: ||V_upper^k - V_upper^k-1||_inf = 0.00034484587522818147, ||V_lower^k - V_lower^k-1||_inf = 0.00000000000000000000
    Local Iteration 142: ||V_upper^k - V_upper^k-1||_inf = 0.00033105204021905560, ||V_lower^k - V_lower^k-1||_inf = 0.00000000000000000000
    Local Iteration 143: ||V_upper^k - V_upper^k-1||_inf = 0.00031780995861029233, ||V_lower^k - V_lower^k-1||_inf = 0.00000000000000000000
    Local Iteration 144: ||V_upper^k - V_upper^k-1||_inf = 0.00030509756026588127, ||V_lower^k - V_lower^k-1||_inf = 0.00000000000000000000
    Local Iteration 145: ||V_upper^k - V_upper^k-1||_inf = 0.00029289365785524577, ||V_lower^k - V_lower^k-1||_inf = 0.00000000000000000000
    Local Iteration 146: ||V_upper^k - V_upper^k-1||_inf = 0.00028117791154103587, ||V_lower^k - V_lower^k-1||_inf = 0.00000000000000000000
    Local Iteration 147: ||V_upper^k - V_upper^k-1||_inf = 0.00026993079507939451, ||V_lower^k - V_lower^k-1||_inf = 0.00000000000000000000
    Local Iteration 148: ||V_upper^k - V_upper^k-1||_inf = 0.00025913356327621900, ||V_lower^k - V_lower^k-1||_inf = 0.00000000000000000000
    Local Iteration 149: ||V_upper^k - V_upper^k-1||_inf = 0.00024876822074516945, ||V_lower^k - V_lower^k-1||_inf = 0.00000000000000000000
    Local Iteration 150: ||V_upper^k - V_upper^k-1||_inf = 0.00023881749191536315, ||V_lower^k - V_lower^k-1||_inf = 0.00000000000000000000
    Local Iteration 151: ||V_upper^k - V_upper^k-1||_inf = 0.00022926479223874842, ||V_lower^k - V_lower^k-1||_inf = 0.00000000000000000000
    Local Iteration 152: ||V_upper^k - V_upper^k-1||_inf = 0.00022009420054919845, ||V_lower^k - V_lower^k-1||_inf = 0.00000000000000000000
    Local Iteration 153: ||V_upper^k - V_upper^k-1||_inf = 0.00021129043252723044, ||V_lower^k - V_lower^k-1||_inf = 0.00000000000000000000
    Local Iteration 154: ||V_upper^k - V_upper^k-1||_inf = 0.00020283881522614126, ||V_lower^k - V_lower^k-1||_inf = 0.00000000000000000000
    Local Iteration 155: ||V_upper^k - V_upper^k-1||_inf = 0.00019472526261709536, ||V_lower^k - V_lower^k-1||_inf = 0.00000000000000000000
    Local Iteration 156: ||V_upper^k - V_upper^k-1||_inf = 0.00018693625211241207, ||V_lower^k - V_lower^k-1||_inf = 0.00000000000000000000
    Local Iteration 157: ||V_upper^k - V_upper^k-1||_inf = 0.00017945880202791583, ||V_lower^k - V_lower^k-1||_inf = 0.00000000000000000000
    Local Iteration 158: ||V_upper^k - V_upper^k-1||_inf = 0.00017228044994679892, ||V_lower^k - V_lower^k-1||_inf = 0.00000000000000000000
    Local Iteration 159: ||V_upper^k - V_upper^k-1||_inf = 0.00016538923194892724, ||V_lower^k - V_lower^k-1||_inf = 0.00000000000000000000
    Local Iteration 160: ||V_upper^k - V_upper^k-1||_inf = 0.00015877366267096982, ||V_lower^k - V_lower^k-1||_inf = 0.00000000000000000000
    Local Iteration 161: ||V_upper^k - V_upper^k-1||_inf = 0.00015242271616413118, ||V_lower^k - V_lower^k-1||_inf = 0.00000000000000000000
    Local Iteration 162: ||V_upper^k - V_upper^k-1||_inf = 0.00014632580751756550, ||V_lower^k - V_lower^k-1||_inf = 0.00000000000000000000
    Local Iteration 163: ||V_upper^k - V_upper^k-1||_inf = 0.00014047277521686292, ||V_lower^k - V_lower^k-1||_inf = 0.00000000000000000000
    Local Iteration 164: ||V_upper^k - V_upper^k-1||_inf = 0.00013485386420818840, ||V_lower^k - V_lower^k-1||_inf = 0.00000000000000000000
    Local Iteration 165: ||V_upper^k - V_upper^k-1||_inf = 0.00012945970963986093, ||V_lower^k - V_lower^k-1||_inf = 0.00000000000000000000
    Local Iteration 166: ||V_upper^k - V_upper^k-1||_inf = 0.00012428132125426664, ||V_lower^k - V_lower^k-1||_inf = 0.00000000000000000000
    Local Iteration 167: ||V_upper^k - V_upper^k-1||_inf = 0.00011931006840409583, ||V_lower^k - V_lower^k-1||_inf = 0.00000000000000000000
    Local Iteration 168: ||V_upper^k - V_upper^k-1||_inf = 0.00011453766566793229, ||V_lower^k - V_lower^k-1||_inf = 0.00000000000000000000
    Local Iteration 169: ||V_upper^k - V_upper^k-1||_inf = 0.00010995615904121469, ||V_lower^k - V_lower^k-1||_inf = 0.00000000000000000000
    Local Iteration 170: ||V_upper^k - V_upper^k-1||_inf = 0.00010555791267956608, ||V_lower^k - V_lower^k-1||_inf = 0.00000000000000000000
    Local Iteration 171: ||V_upper^k - V_upper^k-1||_inf = 0.00010133559617238374, ||V_lower^k - V_lower^k-1||_inf = 0.00000000000000000000
    Local Iteration 172: ||V_upper^k - V_upper^k-1||_inf = 0.00009728217232548826, ||V_lower^k - V_lower^k-1||_inf = 0.00000000000000000000
    Local Iteration 173: ||V_upper^k - V_upper^k-1||_inf = 0.00009339088543246872, ||V_lower^k - V_lower^k-1||_inf = 0.00000000000000000000
    Local Iteration 174: ||V_upper^k - V_upper^k-1||_inf = 0.00008965525001516971, ||V_lower^k - V_lower^k-1||_inf = 0.00000000000000000000
    Local Iteration 175: ||V_upper^k - V_upper^k-1||_inf = 0.00008606904001456309, ||V_lower^k - V_lower^k-1||_inf = 0.00000000000000000000
    Local Iteration 176: ||V_upper^k - V_upper^k-1||_inf = 0.00008262627841398038, ||V_lower^k - V_lower^k-1||_inf = 0.00000000000000000000
    Local Iteration 177: ||V_upper^k - V_upper^k-1||_inf = 0.00007932122727742131, ||V_lower^k - V_lower^k-1||_inf = 0.00000000000000000000
    Local Iteration 178: ||V_upper^k - V_upper^k-1||_inf = 0.00007571582032677208, ||V_lower^k - V_lower^k-1||_inf = 0.00000000000000000000
    Local Iteration 179: ||V_upper^k - V_upper^k-1||_inf = 0.00007268718751370128, ||V_lower^k - V_lower^k-1||_inf = 0.00000000000000000000
    Local Iteration 180: ||V_upper^k - V_upper^k-1||_inf = 0.00006977970001315319, ||V_lower^k - V_lower^k-1||_inf = 0.00000000000000000000
    Local Iteration 181: ||V_upper^k - V_upper^k-1||_inf = 0.00006661177635733178, ||V_lower^k - V_lower^k-1||_inf = 0.00000000000000000000
    Local Iteration 182: ||V_upper^k - V_upper^k-1||_inf = 0.00006394730530303845, ||V_lower^k - V_lower^k-1||_inf = 0.00000000000000000000
    Local Iteration 183: ||V_upper^k - V_upper^k-1||_inf = 0.00006138941309091696, ||V_lower^k - V_lower^k-1||_inf = 0.00000000000000000000
    Local Iteration 184: ||V_upper^k - V_upper^k-1||_inf = 0.00005860587265492812, ||V_lower^k - V_lower^k-1||_inf = 0.00000000000000000000
    Local Iteration 185: ||V_upper^k - V_upper^k-1||_inf = 0.00005626163774873094, ||V_lower^k - V_lower^k-1||_inf = 0.00000000000000000000
    Local Iteration 186: ||V_upper^k - V_upper^k-1||_inf = 0.00005401117223878169, ||V_lower^k - V_lower^k-1||_inf = 0.00000000000000000000
    Local Iteration 187: ||V_upper^k - V_upper^k-1||_inf = 0.00005156535829411979, ||V_lower^k - V_lower^k-1||_inf = 0.00000000000000000000
    Local Iteration 188: ||V_upper^k - V_upper^k-1||_inf = 0.00004950274396235493, ||V_lower^k - V_lower^k-1||_inf = 0.00000000000000000000
    Local Iteration 189: ||V_upper^k - V_upper^k-1||_inf = 0.00004752263420386080, ||V_lower^k - V_lower^k-1||_inf = 0.00000000000000000000
    Local Iteration 190: ||V_upper^k - V_upper^k-1||_inf = 0.00004562172883570644, ||V_lower^k - V_lower^k-1||_inf = 0.00000000000000000000
    Local Iteration 191: ||V_upper^k - V_upper^k-1||_inf = 0.00004355860995676063, ||V_lower^k - V_lower^k-1||_inf = 0.00000000000000000000
    Local Iteration 192: ||V_upper^k - V_upper^k-1||_inf = 0.00004181626555849020, ||V_lower^k - V_lower^k-1||_inf = 0.00000000000000000000
    Local Iteration 193: ||V_upper^k - V_upper^k-1||_inf = 0.00004014361493615058, ||V_lower^k - V_lower^k-1||_inf = 0.00000000000000000000
    Local Iteration 194: ||V_upper^k - V_upper^k-1||_inf = 0.00003833077996900360, ||V_lower^k - V_lower^k-1||_inf = 0.00000000000000000000
    Local Iteration 195: ||V_upper^k - V_upper^k-1||_inf = 0.00003679754877024342, ||V_lower^k - V_lower^k-1||_inf = 0.00000000000000000000
    Local Iteration 196: ||V_upper^k - V_upper^k-1||_inf = 0.00003532564681943363, ||V_lower^k - V_lower^k-1||_inf = 0.00000000000000000000
    Local Iteration 197: ||V_upper^k - V_upper^k-1||_inf = 0.00003391262094665638, ||V_lower^k - V_lower^k-1||_inf = 0.00000000000000000000
    Local Iteration 198: ||V_upper^k - V_upper^k-1||_inf = 0.00003255611610879011, ||V_lower^k - V_lower^k-1||_inf = 0.00000000000000000000
    Local Iteration 199: ||V_upper^k - V_upper^k-1||_inf = 0.00003108806937035980, ||V_lower^k - V_lower^k-1||_inf = 0.00000000000000000000
    Local Iteration 200: ||V_upper^k - V_upper^k-1||_inf = 0.00002984454659554542, ||V_lower^k - V_lower^k-1||_inf = 0.00000000000000000000
    Local Iteration 201: ||V_upper^k - V_upper^k-1||_inf = 0.00002865076473172355, ||V_lower^k - V_lower^k-1||_inf = 0.00000000000000000000
    Local Iteration 202: ||V_upper^k - V_upper^k-1||_inf = 0.00002750473414245465, ||V_lower^k - V_lower^k-1||_inf = 0.00000000000000000000
    Local Iteration 203: ||V_upper^k - V_upper^k-1||_inf = 0.00002640454477675642, ||V_lower^k - V_lower^k-1||_inf = 0.00000000000000000000
    Local Iteration 204: ||V_upper^k - V_upper^k-1||_inf = 0.00002534836298568623, ||V_lower^k - V_lower^k-1||_inf = 0.00000000000000000000
    Local Iteration 205: ||V_upper^k - V_upper^k-1||_inf = 0.00002433442846625877, ||V_lower^k - V_lower^k-1||_inf = 0.00000000000000000000
    Local Iteration 206: ||V_upper^k - V_upper^k-1||_inf = 0.00002336105132760835, ||V_lower^k - V_lower^k-1||_inf = 0.00000000000000000000
    Local Iteration 207: ||V_upper^k - V_upper^k-1||_inf = 0.00002242660927450409, ||V_lower^k - V_lower^k-1||_inf = 0.00000000000000000000
    Local Iteration 208: ||V_upper^k - V_upper^k-1||_inf = 0.00002152954490352394, ||V_lower^k - V_lower^k-1||_inf = 0.00000000000000000000
    Local Iteration 209: ||V_upper^k - V_upper^k-1||_inf = 0.00002066836310738297, ||V_lower^k - V_lower^k-1||_inf = 0.00000000000000000000
    Local Iteration 210: ||V_upper^k - V_upper^k-1||_inf = 0.00001984162858308764, ||V_lower^k - V_lower^k-1||_inf = 0.00000000000000000000
    Local Iteration 211: ||V_upper^k - V_upper^k-1||_inf = 0.00001904796343976412, ||V_lower^k - V_lower^k-1||_inf = 0.00000000000000000000
    Local Iteration 212: ||V_upper^k - V_upper^k-1||_inf = 0.00001828604490217357, ||V_lower^k - V_lower^k-1||_inf = 0.00000000000000000000
    Local Iteration 213: ||V_upper^k - V_upper^k-1||_inf = 0.00001755460310608659, ||V_lower^k - V_lower^k-1||_inf = 0.00000000000000000000
    Local Iteration 214: ||V_upper^k - V_upper^k-1||_inf = 0.00001685241898184312, ||V_lower^k - V_lower^k-1||_inf = 0.00000000000000000000
    Local Iteration 215: ||V_upper^k - V_upper^k-1||_inf = 0.00001617832222256942, ||V_lower^k - V_lower^k-1||_inf = 0.00000000000000000000
    Local Iteration 216: ||V_upper^k - V_upper^k-1||_inf = 0.00001553118933366664, ||V_lower^k - V_lower^k-1||_inf = 0.00000000000000000000
    Local Iteration 217: ||V_upper^k - V_upper^k-1||_inf = 0.00001490994176031997, ||V_lower^k - V_lower^k-1||_inf = 0.00000000000000000000
    Local Iteration 218: ||V_upper^k - V_upper^k-1||_inf = 0.00001431354408990720, ||V_lower^k - V_lower^k-1||_inf = 0.00000000000000000000
    Local Iteration 219: ||V_upper^k - V_upper^k-1||_inf = 0.00001374100232631086, ||V_lower^k - V_lower^k-1||_inf = 0.00000000000000000000
    Local Iteration 220: ||V_upper^k - V_upper^k-1||_inf = 0.00001319136223325843, ||V_lower^k - V_lower^k-1||_inf = 0.00000000000000000000
    Local Iteration 221: ||V_upper^k - V_upper^k-1||_inf = 0.00001266370774392813, ||V_lower^k - V_lower^k-1||_inf = 0.00000000000000000000
    Local Iteration 222: ||V_upper^k - V_upper^k-1||_inf = 0.00001215715943417100, ||V_lower^k - V_lower^k-1||_inf = 0.00000000000000000000
    Local Iteration 223: ||V_upper^k - V_upper^k-1||_inf = 0.00001167087305680413, ||V_lower^k - V_lower^k-1||_inf = 0.00000000000000000000
    Local Iteration 224: ||V_upper^k - V_upper^k-1||_inf = 0.00001120403813453200, ||V_lower^k - V_lower^k-1||_inf = 0.00000000000000000000
    Local Iteration 225: ||V_upper^k - V_upper^k-1||_inf = 0.00001075587660915071, ||V_lower^k - V_lower^k-1||_inf = 0.00000000000000000000
    Local Iteration 226: ||V_upper^k - V_upper^k-1||_inf = 0.00001032564154478468, ||V_lower^k - V_lower^k-1||_inf = 0.00000000000000000000
    Local Iteration 227: ||V_upper^k - V_upper^k-1||_inf = 0.00000991261588299328, ||V_lower^k - V_lower^k-1||_inf = 0.00000000000000000000
    Local Iteration 228: ||V_upper^k - V_upper^k-1||_inf = 0.00000951611124767356, ||V_lower^k - V_lower^k-1||_inf = 0.00000000000000000000
    Local Iteration 229: ||V_upper^k - V_upper^k-1||_inf = 0.00000913546679776661, ||V_lower^k - V_lower^k-1||_inf = 0.00000000000000000000
    Local Iteration 230: ||V_upper^k - V_upper^k-1||_inf = 0.00000877004812585593, ||V_lower^k - V_lower^k-1||_inf = 0.00000000000000000000
    Local Iteration 231: ||V_upper^k - V_upper^k-1||_inf = 0.00000841924620082171, ||V_lower^k - V_lower^k-1||_inf = 0.00000000000000000000
    Local Iteration 232: ||V_upper^k - V_upper^k-1||_inf = 0.00000808247635278883, ||V_lower^k - V_lower^k-1||_inf = 0.00000000000000000000
    Local Iteration 233: ||V_upper^k - V_upper^k-1||_inf = 0.00000775917729867729, ||V_lower^k - V_lower^k-1||_inf = 0.00000000000000000000
    Local Iteration 234: ||V_upper^k - V_upper^k-1||_inf = 0.00000744881020673020, ||V_lower^k - V_lower^k-1||_inf = 0.00000000000000000000
    Local Iteration 235: ||V_upper^k - V_upper^k-1||_inf = 0.00000715085779846099, ||V_lower^k - V_lower^k-1||_inf = 0.00000000000000000000
    Local Iteration 236: ||V_upper^k - V_upper^k-1||_inf = 0.00000686482348652255, ||V_lower^k - V_lower^k-1||_inf = 0.00000000000000000000
    Local Iteration 237: ||V_upper^k - V_upper^k-1||_inf = 0.00000659023054706164, ||V_lower^k - V_lower^k-1||_inf = 0.00000000000000000000
    Local Iteration 238: ||V_upper^k - V_upper^k-1||_inf = 0.00000632662132517918, ||V_lower^k - V_lower^k-1||_inf = 0.00000000000000000000
    Local Iteration 239: ||V_upper^k - V_upper^k-1||_inf = 0.00000607355647217202, ||V_lower^k - V_lower^k-1||_inf = 0.00000000000000000000
    Local Iteration 240: ||V_upper^k - V_upper^k-1||_inf = 0.00000583061421328512, ||V_lower^k - V_lower^k-1||_inf = 0.00000000000000000000
    Local Iteration 241: ||V_upper^k - V_upper^k-1||_inf = 0.00000528455066509535, ||V_lower^k - V_lower^k-1||_inf = 0.00000000000000000000
    Local Iteration 242: ||V_upper^k - V_upper^k-1||_inf = 0.00000507316863849154, ||V_lower^k - V_lower^k-1||_inf = 0.00000000000000000000
    Local Iteration 243: ||V_upper^k - V_upper^k-1||_inf = 0.00000487024189295188, ||V_lower^k - V_lower^k-1||_inf = 0.00000000000000000000
    Local Iteration 244: ||V_upper^k - V_upper^k-1||_inf = 0.00000467543221723380, ||V_lower^k - V_lower^k-1||_inf = 0.00000000000000000000
    Local Iteration 245: ||V_upper^k - V_upper^k-1||_inf = 0.00000448841492854445, ||V_lower^k - V_lower^k-1||_inf = 0.00000000000000000000
    Local Iteration 246: ||V_upper^k - V_upper^k-1||_inf = 0.00000430887833140267, ||V_lower^k - V_lower^k-1||_inf = 0.00000000000000000000
    Local Iteration 247: ||V_upper^k - V_upper^k-1||_inf = 0.00000413652319814657, ||V_lower^k - V_lower^k-1||_inf = 0.00000000000000000000
    Local Iteration 248: ||V_upper^k - V_upper^k-1||_inf = 0.00000397106227022070, ||V_lower^k - V_lower^k-1||_inf = 0.00000000000000000000
    Local Iteration 249: ||V_upper^k - V_upper^k-1||_inf = 0.00000381221977941187, ||V_lower^k - V_lower^k-1||_inf = 0.00000000000000000000
    Local Iteration 250: ||V_upper^k - V_upper^k-1||_inf = 0.00000365973098823540, ||V_lower^k - V_lower^k-1||_inf = 0.00000000000000000000
    Local Iteration 251: ||V_upper^k - V_upper^k-1||_inf = 0.00000351334174870599, ||V_lower^k - V_lower^k-1||_inf = 0.00000000000000000000
    Local Iteration 252: ||V_upper^k - V_upper^k-1||_inf = 0.00000337280807875774, ||V_lower^k - V_lower^k-1||_inf = 0.00000000000000000000
    Local Iteration 253: ||V_upper^k - V_upper^k-1||_inf = 0.00000323789575560743, ||V_lower^k - V_lower^k-1||_inf = 0.00000000000000000000
    Local Iteration 254: ||V_upper^k - V_upper^k-1||_inf = 0.00000310837992538313, ||V_lower^k - V_lower^k-1||_inf = 0.00000000000000000000
    Local Iteration 255: ||V_upper^k - V_upper^k-1||_inf = 0.00000298404472836782, ||V_lower^k - V_lower^k-1||_inf = 0.00000000000000000000
    Local Iteration 256: ||V_upper^k - V_upper^k-1||_inf = 0.00000286468293923310, ||V_lower^k - V_lower^k-1||_inf = 0.00000000000000000000
    Local Iteration 257: ||V_upper^k - V_upper^k-1||_inf = 0.00000275009562166377, ||V_lower^k - V_lower^k-1||_inf = 0.00000000000000000000
    Local Iteration 258: ||V_upper^k - V_upper^k-1||_inf = 0.00000264009179679723, ||V_lower^k - V_lower^k-1||_inf = 0.00000000000000000000
    Local Iteration 259: ||V_upper^k - V_upper^k-1||_inf = 0.00000253448812492533, ||V_lower^k - V_lower^k-1||_inf = 0.00000000000000000000
    Local Iteration 260: ||V_upper^k - V_upper^k-1||_inf = 0.00000243310859992832, ||V_lower^k - V_lower^k-1||_inf = 0.00000000000000000000
    Local Iteration 261: ||V_upper^k - V_upper^k-1||_inf = 0.00000233578425593119, ||V_lower^k - V_lower^k-1||_inf = 0.00000000000000000000
    Local Iteration 262: ||V_upper^k - V_upper^k-1||_inf = 0.00000224235288569394, ||V_lower^k - V_lower^k-1||_inf = 0.00000000000000000000
    Local Iteration 263: ||V_upper^k - V_upper^k-1||_inf = 0.00000215265877026618, ||V_lower^k - V_lower^k-1||_inf = 0.00000000000000000000
    Local Iteration 264: ||V_upper^k - V_upper^k-1||_inf = 0.00000206655241945553, ||V_lower^k - V_lower^k-1||_inf = 0.00000000000000000000
    Local Iteration 265: ||V_upper^k - V_upper^k-1||_inf = 0.00000198389032267732, ||V_lower^k - V_lower^k-1||_inf = 0.00000000000000000000
    Local Iteration 266: ||V_upper^k - V_upper^k-1||_inf = 0.00000190453470977022, ||V_lower^k - V_lower^k-1||_inf = 0.00000000000000000000
    Local Iteration 267: ||V_upper^k - V_upper^k-1||_inf = 0.00000182835332137941, ||V_lower^k - V_lower^k-1||_inf = 0.00000000000000000000
    Local Iteration 268: ||V_upper^k - V_upper^k-1||_inf = 0.00000175521918852424, ||V_lower^k - V_lower^k-1||_inf = 0.00000000000000000000
    Local Iteration 269: ||V_upper^k - V_upper^k-1||_inf = 0.00000168501042098326, ||V_lower^k - V_lower^k-1||_inf = 0.00000000000000000000
    Local Iteration 270: ||V_upper^k - V_upper^k-1||_inf = 0.00000161761000414393, ||V_lower^k - V_lower^k-1||_inf = 0.00000000000000000000
    Local Iteration 271: ||V_upper^k - V_upper^k-1||_inf = 0.00000155290560397817, ||V_lower^k - V_lower^k-1||_inf = 0.00000000000000000000
    Local Iteration 272: ||V_upper^k - V_upper^k-1||_inf = 0.00000149078937981905, ||V_lower^k - V_lower^k-1||_inf = 0.00000000000000000000
    Local Iteration 273: ||V_upper^k - V_upper^k-1||_inf = 0.00000143115780462629, ||V_lower^k - V_lower^k-1||_inf = 0.00000000000000000000
    Local Iteration 274: ||V_upper^k - V_upper^k-1||_inf = 0.00000137391149244124, ||V_lower^k - V_lower^k-1||_inf = 0.00000000000000000000
    Local Iteration 275: ||V_upper^k - V_upper^k-1||_inf = 0.00000131895503274359, ||V_lower^k - V_lower^k-1||_inf = 0.00000000000000000000
    Local Iteration 276: ||V_upper^k - V_upper^k-1||_inf = 0.00000126619683143384, ||V_lower^k - V_lower^k-1||_inf = 0.00000000000000000000
    Local Iteration 277: ||V_upper^k - V_upper^k-1||_inf = 0.00000121554895817649, ||V_lower^k - V_lower^k-1||_inf = 0.00000000000000000000
    Local Iteration 278: ||V_upper^k - V_upper^k-1||_inf = 0.00000116692699984943, ||V_lower^k - V_lower^k-1||_inf = 0.00000000000000000000
    Local Iteration 279: ||V_upper^k - V_upper^k-1||_inf = 0.00000112024991985545, ||V_lower^k - V_lower^k-1||_inf = 0.00000000000000000000
    Local Iteration 280: ||V_upper^k - V_upper^k-1||_inf = 0.00000107543992306124, ||V_lower^k - V_lower^k-1||_inf = 0.00000000000000000000
    Local Iteration 281: ||V_upper^k - V_upper^k-1||_inf = 0.00000103242232613879, ||V_lower^k - V_lower^k-1||_inf = 0.00000000000000000000
    Local Iteration 282: ||V_upper^k - V_upper^k-1||_inf = 0.00000099112543309323, ||V_lower^k - V_lower^k-1||_inf = 0.00000000000000000000
    Local Iteration 283: ||V_upper^k - V_upper^k-1||_inf = 0.00000095148041576950, ||V_lower^k - V_lower^k-1||_inf = 0.00000000000000000000
    Local Iteration 284: ||V_upper^k - V_upper^k-1||_inf = 0.00000091342119913872, ||V_lower^k - V_lower^k-1||_inf = 0.00000000000000000000
    Local Iteration 285: ||V_upper^k - V_upper^k-1||_inf = 0.00000087688435117318, ||V_lower^k - V_lower^k-1||_inf = 0.00000000000000000000
    Local Iteration 286: ||V_upper^k - V_upper^k-1||_inf = 0.00000084180897712625, ||V_lower^k - V_lower^k-1||_inf = 0.00000000000000000000
    Local Iteration 287: ||V_upper^k - V_upper^k-1||_inf = 0.00000080813661804120, ||V_lower^k - V_lower^k-1||_inf = 0.00000000000000000000
    Local Iteration 288: ||V_upper^k - V_upper^k-1||_inf = 0.00000077581115331955, ||V_lower^k - V_lower^k-1||_inf = 0.00000000000000000000
    Local Iteration 289: ||V_upper^k - V_upper^k-1||_inf = 0.00000074477870718677, ||V_lower^k - V_lower^k-1||_inf = 0.00000000000000000000
    Local Iteration 290: ||V_upper^k - V_upper^k-1||_inf = 0.00000071498755889930, ||V_lower^k - V_lower^k-1||_inf = 0.00000000000000000000
    Local Iteration 291: ||V_upper^k - V_upper^k-1||_inf = 0.00000068638805654333, ||V_lower^k - V_lower^k-1||_inf = 0.00000000000000000000
    Local Iteration 292: ||V_upper^k - V_upper^k-1||_inf = 0.00000065893253428159, ||V_lower^k - V_lower^k-1||_inf = 0.00000000000000000000
    Local Iteration 293: ||V_upper^k - V_upper^k-1||_inf = 0.00000063257523291033, ||V_lower^k - V_lower^k-1||_inf = 0.00000000000000000000
    Local Iteration 294: ||V_upper^k - V_upper^k-1||_inf = 0.00000060727222359392, ||V_lower^k - V_lower^k-1||_inf = 0.00000000000000000000
    Local Iteration 295: ||V_upper^k - V_upper^k-1||_inf = 0.00000058298133465016, ||V_lower^k - V_lower^k-1||_inf = 0.00000000000000000000
    Local Iteration 296: ||V_upper^k - V_upper^k-1||_inf = 0.00000055966208126415, ||V_lower^k - V_lower^k-1||_inf = 0.00000000000000000000
    Local Iteration 297: ||V_upper^k - V_upper^k-1||_inf = 0.00000053727559801359, ||V_lower^k - V_lower^k-1||_inf = 0.00000000000000000000
    Local Iteration 298: ||V_upper^k - V_upper^k-1||_inf = 0.00000051578457409304, ||V_lower^k - V_lower^k-1||_inf = 0.00000000000000000000
    Local Iteration 299: ||V_upper^k - V_upper^k-1||_inf = 0.00000049515319112932, ||V_lower^k - V_lower^k-1||_inf = 0.00000000000000000000
    Local Iteration 300: ||V_upper^k - V_upper^k-1||_inf = 0.00000047534706348415, ||V_lower^k - V_lower^k-1||_inf = 0.00000000000000000000
    Local Iteration 301: ||V_upper^k - V_upper^k-1||_inf = 0.00000045633318094478, ||V_lower^k - V_lower^k-1||_inf = 0.00000000000000000000
    Local Iteration 302: ||V_upper^k - V_upper^k-1||_inf = 0.00000043807985370699, ||V_lower^k - V_lower^k-1||_inf = 0.00000000000000000000
    Local Iteration 303: ||V_upper^k - V_upper^k-1||_inf = 0.00000042055665955871, ||V_lower^k - V_lower^k-1||_inf = 0.00000000000000000000
    Local Iteration 304: ||V_upper^k - V_upper^k-1||_inf = 0.00000040373439317636, ||V_lower^k - V_lower^k-1||_inf = 0.00000000000000000000
    Local Iteration 305: ||V_upper^k - V_upper^k-1||_inf = 0.00000038758501744931, ||V_lower^k - V_lower^k-1||_inf = 0.00000000000000000000
    Local Iteration 306: ||V_upper^k - V_upper^k-1||_inf = 0.00000037208161675134, ||V_lower^k - V_lower^k-1||_inf = 0.00000000000000000000
    Local Iteration 307: ||V_upper^k - V_upper^k-1||_inf = 0.00000035719835208128, ||V_lower^k - V_lower^k-1||_inf = 0.00000000000000000000
    Local Iteration 308: ||V_upper^k - V_upper^k-1||_inf = 0.00000034291041799803, ||V_lower^k - V_lower^k-1||_inf = 0.00000000000000000000
    Local Iteration 309: ||V_upper^k - V_upper^k-1||_inf = 0.00000032919400127811, ||V_lower^k - V_lower^k-1||_inf = 0.00000000000000000000
    Local Iteration 310: ||V_upper^k - V_upper^k-1||_inf = 0.00000031602624122699, ||V_lower^k - V_lower^k-1||_inf = 0.00000000000000000000
    Local Iteration 311: ||V_upper^k - V_upper^k-1||_inf = 0.00000030338519157791, ||V_lower^k - V_lower^k-1||_inf = 0.00000000000000000000
    Local Iteration 312: ||V_upper^k - V_upper^k-1||_inf = 0.00000029124978391479, ||V_lower^k - V_lower^k-1||_inf = 0.00000000000000000000
    Local Iteration 313: ||V_upper^k - V_upper^k-1||_inf = 0.00000027959979255820, ||V_lower^k - V_lower^k-1||_inf = 0.00000000000000000000
    Local Iteration 314: ||V_upper^k - V_upper^k-1||_inf = 0.00000026841580085587, ||V_lower^k - V_lower^k-1||_inf = 0.00000000000000000000
    Local Iteration 315: ||V_upper^k - V_upper^k-1||_inf = 0.00000025767916882164, ||V_lower^k - V_lower^k-1||_inf = 0.00000000000000000000
    Local Iteration 316: ||V_upper^k - V_upper^k-1||_inf = 0.00000024737200206877, ||V_lower^k - V_lower^k-1||_inf = 0.00000000000000000000
    Local Iteration 317: ||V_upper^k - V_upper^k-1||_inf = 0.00000023747712198602, ||V_lower^k - V_lower^k-1||_inf = 0.00000000000000000000
    Local Iteration 318: ||V_upper^k - V_upper^k-1||_inf = 0.00000022797803710658, ||V_lower^k - V_lower^k-1||_inf = 0.00000000000000000000
    Local Iteration 319: ||V_upper^k - V_upper^k-1||_inf = 0.00000021885891562232, ||V_lower^k - V_lower^k-1||_inf = 0.00000000000000000000
    Local Iteration 320: ||V_upper^k - V_upper^k-1||_inf = 0.00000021010455899742, ||V_lower^k - V_lower^k-1||_inf = 0.00000000000000000000
    Local Iteration 321: ||V_upper^k - V_upper^k-1||_inf = 0.00000020170037663753, ||V_lower^k - V_lower^k-1||_inf = 0.00000000000000000000
    Local Iteration 322: ||V_upper^k - V_upper^k-1||_inf = 0.00000019363236157203, ||V_lower^k - V_lower^k-1||_inf = 0.00000000000000000000
    Local Iteration 323: ||V_upper^k - V_upper^k-1||_inf = 0.00000018588706710914, ||V_lower^k - V_lower^k-1||_inf = 0.00000000000000000000
    Local Iteration 324: ||V_upper^k - V_upper^k-1||_inf = 0.00000017845158442478, ||V_lower^k - V_lower^k-1||_inf = 0.00000000000000000000
    Local Iteration 325: ||V_upper^k - V_upper^k-1||_inf = 0.00000017131352104779, ||V_lower^k - V_lower^k-1||_inf = 0.00000000000000000000
    Local Iteration 326: ||V_upper^k - V_upper^k-1||_inf = 0.00000016446098020588, ||V_lower^k - V_lower^k-1||_inf = 0.00000000000000000000
    Local Iteration 327: ||V_upper^k - V_upper^k-1||_inf = 0.00000015788254099764, ||V_lower^k - V_lower^k-1||_inf = 0.00000000000000000000
    Local Iteration 328: ||V_upper^k - V_upper^k-1||_inf = 0.00000015156723935773, ||V_lower^k - V_lower^k-1||_inf = 0.00000000000000000000
    Local Iteration 329: ||V_upper^k - V_upper^k-1||_inf = 0.00000014550454978343, ||V_lower^k - V_lower^k-1||_inf = 0.00000000000000000000
    Local Iteration 330: ||V_upper^k - V_upper^k-1||_inf = 0.00000013968436779209, ||V_lower^k - V_lower^k-1||_inf = 0.00000000000000000000
    Local Iteration 331: ||V_upper^k - V_upper^k-1||_inf = 0.00000013409699308041, ||V_lower^k - V_lower^k-1||_inf = 0.00000000000000000000
    Local Iteration 332: ||V_upper^k - V_upper^k-1||_inf = 0.00000012873311335719, ||V_lower^k - V_lower^k-1||_inf = 0.00000000000000000000
    Local Iteration 333: ||V_upper^k - V_upper^k-1||_inf = 0.00000012358378882290, ||V_lower^k - V_lower^k-1||_inf = 0.00000000000000000000
    Local Iteration 334: ||V_upper^k - V_upper^k-1||_inf = 0.00000011864043726999, ||V_lower^k - V_lower^k-1||_inf = 0.00000000000000000000
    Local Iteration 335: ||V_upper^k - V_upper^k-1||_inf = 0.00000011389481977919, ||V_lower^k - V_lower^k-1||_inf = 0.00000000000000000000
    Local Iteration 336: ||V_upper^k - V_upper^k-1||_inf = 0.00000010933902698802, ||V_lower^k - V_lower^k-1||_inf = 0.00000000000000000000
    Local Iteration 337: ||V_upper^k - V_upper^k-1||_inf = 0.00000010496546590850, ||V_lower^k - V_lower^k-1||_inf = 0.00000000000000000000
    Local Iteration 338: ||V_upper^k - V_upper^k-1||_inf = 0.00000010076684727216, ||V_lower^k - V_lower^k-1||_inf = 0.00000000000000000000
    Local Iteration 339: ||V_upper^k - V_upper^k-1||_inf = 0.00000009673617338127, ||V_lower^k - V_lower^k-1||_inf = 0.00000000000000000000
    Local Iteration 340: ||V_upper^k - V_upper^k-1||_inf = 0.00000009286672644602, ||V_lower^k - V_lower^k-1||_inf = 0.00000000000000000000
    Local Iteration 341: ||V_upper^k - V_upper^k-1||_inf = 0.00000008915205738818, ||V_lower^k - V_lower^k-1||_inf = 0.00000000000000000000
    Local Iteration 342: ||V_upper^k - V_upper^k-1||_inf = 0.00000008558597509265, ||V_lower^k - V_lower^k-1||_inf = 0.00000000000000000000
    Local Iteration 343: ||V_upper^k - V_upper^k-1||_inf = 0.00000008216253608895, ||V_lower^k - V_lower^k-1||_inf = 0.00000000000000000000
    Local Iteration 344: ||V_upper^k - V_upper^k-1||_inf = 0.00000007887603464539, ||V_lower^k - V_lower^k-1||_inf = 0.00000000000000000000
    Local Iteration 345: ||V_upper^k - V_upper^k-1||_inf = 0.00000007572099325957, ||V_lower^k - V_lower^k-1||_inf = 0.00000000000000000000
    Local Iteration 346: ||V_upper^k - V_upper^k-1||_inf = 0.00000007269215352919, ||V_lower^k - V_lower^k-1||_inf = 0.00000000000000000000
    Local Iteration 347: ||V_upper^k - V_upper^k-1||_inf = 0.00000006978446738802, ||V_lower^k - V_lower^k-1||_inf = 0.00000000000000000000
    Local Iteration 348: ||V_upper^k - V_upper^k-1||_inf = 0.00000006699308869250, ||V_lower^k - V_lower^k-1||_inf = 0.00000000000000000000
    Local Iteration 349: ||V_upper^k - V_upper^k-1||_inf = 0.00000006431336514480, ||V_lower^k - V_lower^k-1||_inf = 0.00000000000000000000
    Local Iteration 350: ||V_upper^k - V_upper^k-1||_inf = 0.00000006174083053901, ||V_lower^k - V_lower^k-1||_inf = 0.00000000000000000000
    Local Iteration 351: ||V_upper^k - V_upper^k-1||_inf = 0.00000005927119731745, ||V_lower^k - V_lower^k-1||_inf = 0.00000000000000000000
    Local Iteration 352: ||V_upper^k - V_upper^k-1||_inf = 0.00000005690034942475, ||V_lower^k - V_lower^k-1||_inf = 0.00000000000000000000
    Local Iteration 353: ||V_upper^k - V_upper^k-1||_inf = 0.00000005462433544776, ||V_lower^k - V_lower^k-1||_inf = 0.00000000000000000000
    Local Iteration 354: ||V_upper^k - V_upper^k-1||_inf = 0.00000005243936202985, ||V_lower^k - V_lower^k-1||_inf = 0.00000000000000000000
    Local Iteration 355: ||V_upper^k - V_upper^k-1||_inf = 0.00000005034178754866, ||V_lower^k - V_lower^k-1||_inf = 0.00000000000000000000
    Local Iteration 356: ||V_upper^k - V_upper^k-1||_inf = 0.00000004832811604671, ||V_lower^k - V_lower^k-1||_inf = 0.00000000000000000000
    Local Iteration 357: ||V_upper^k - V_upper^k-1||_inf = 0.00000004639499140484, ||V_lower^k - V_lower^k-1||_inf = 0.00000000000000000000
    Local Iteration 358: ||V_upper^k - V_upper^k-1||_inf = 0.00000004453919174865, ||V_lower^k - V_lower^k-1||_inf = 0.00000000000000000000
    Local Iteration 359: ||V_upper^k - V_upper^k-1||_inf = 0.00000004275762407870, ||V_lower^k - V_lower^k-1||_inf = 0.00000000000000000000
    Local Iteration 360: ||V_upper^k - V_upper^k-1||_inf = 0.00000004104731911555, ||V_lower^k - V_lower^k-1||_inf = 0.00000000000000000000
    Local Iteration 361: ||V_upper^k - V_upper^k-1||_inf = 0.00000003940542635093, ||V_lower^k - V_lower^k-1||_inf = 0.00000000000000000000
    Local Iteration 362: ||V_upper^k - V_upper^k-1||_inf = 0.00000003782920929689, ||V_lower^k - V_lower^k-1||_inf = 0.00000000000000000000
    Local Iteration 363: ||V_upper^k - V_upper^k-1||_inf = 0.00000003631604092502, ||V_lower^k - V_lower^k-1||_inf = 0.00000000000000000000
    Local Iteration 364: ||V_upper^k - V_upper^k-1||_inf = 0.00000003486339928802, ||V_lower^k - V_lower^k-1||_inf = 0.00000000000000000000
    Local Iteration 365: ||V_upper^k - V_upper^k-1||_inf = 0.00000003346886331650, ||V_lower^k - V_lower^k-1||_inf = 0.00000000000000000000
    Local Iteration 366: ||V_upper^k - V_upper^k-1||_inf = 0.00000003213010878384, ||V_lower^k - V_lower^k-1||_inf = 0.00000000000000000000
    Local Iteration 367: ||V_upper^k - V_upper^k-1||_inf = 0.00000003084490443248, ||V_lower^k - V_lower^k-1||_inf = 0.00000000000000000000
    Local Iteration 368: ||V_upper^k - V_upper^k-1||_inf = 0.00000002961110825518, ||V_lower^k - V_lower^k-1||_inf = 0.00000000000000000000
    Local Iteration 369: ||V_upper^k - V_upper^k-1||_inf = 0.00000002842666392498, ||V_lower^k - V_lower^k-1||_inf = 0.00000000000000000000
    Local Iteration 370: ||V_upper^k - V_upper^k-1||_inf = 0.00000002728959736798, ||V_lower^k - V_lower^k-1||_inf = 0.00000000000000000000
    Local Iteration 371: ||V_upper^k - V_upper^k-1||_inf = 0.00000002619801347326, ||V_lower^k - V_lower^k-1||_inf = 0.00000000000000000000
    Local Iteration 372: ||V_upper^k - V_upper^k-1||_inf = 0.00000002515009293433, ||V_lower^k - V_lower^k-1||_inf = 0.00000000000000000000
    Local Iteration 373: ||V_upper^k - V_upper^k-1||_inf = 0.00000002414408921696, ||V_lower^k - V_lower^k-1||_inf = 0.00000000000000000000
    Local Iteration 374: ||V_upper^k - V_upper^k-1||_inf = 0.00000002317832564828, ||V_lower^k - V_lower^k-1||_inf = 0.00000000000000000000
    Local Iteration 375: ||V_upper^k - V_upper^k-1||_inf = 0.00000002225119262235, ||V_lower^k - V_lower^k-1||_inf = 0.00000000000000000000
    Local Iteration 376: ||V_upper^k - V_upper^k-1||_inf = 0.00000002136114491745, ||V_lower^k - V_lower^k-1||_inf = 0.00000000000000000000
    Local Iteration 377: ||V_upper^k - V_upper^k-1||_inf = 0.00000002050669912075, ||V_lower^k - V_lower^k-1||_inf = 0.00000000000000000000
    Local Iteration 378: ||V_upper^k - V_upper^k-1||_inf = 0.00000001968643115592, ||V_lower^k - V_lower^k-1||_inf = 0.00000000000000000000
    Local Iteration 379: ||V_upper^k - V_upper^k-1||_inf = 0.00000001889897390969, ||V_lower^k - V_lower^k-1||_inf = 0.00000000000000000000
    Local Iteration 380: ||V_upper^k - V_upper^k-1||_inf = 0.00000001814301495330, ||V_lower^k - V_lower^k-1||_inf = 0.00000000000000000000
    Local Iteration 381: ||V_upper^k - V_upper^k-1||_inf = 0.00000001741729435517, ||V_lower^k - V_lower^k-1||_inf = 0.00000000000000000000
    Local Iteration 382: ||V_upper^k - V_upper^k-1||_inf = 0.00000001672060258096, ||V_lower^k - V_lower^k-1||_inf = 0.00000000000000000000
    Local Iteration 383: ||V_upper^k - V_upper^k-1||_inf = 0.00000001605177847772, ||V_lower^k - V_lower^k-1||_inf = 0.00000000000000000000
    Local Iteration 384: ||V_upper^k - V_upper^k-1||_inf = 0.00000001540970733861, ||V_lower^k - V_lower^k-1||_inf = 0.00000000000000000000
    Local Iteration 385: ||V_upper^k - V_upper^k-1||_inf = 0.00000001479331904507, ||V_lower^k - V_lower^k-1||_inf = 0.00000000000000000000
    Local Iteration 386: ||V_upper^k - V_upper^k-1||_inf = 0.00000001420158628327, ||V_lower^k - V_lower^k-1||_inf = 0.00000000000000000000
    Local Iteration 387: ||V_upper^k - V_upper^k-1||_inf = 0.00000001363352283194, ||V_lower^k - V_lower^k-1||_inf = 0.00000000000000000000
    Local Iteration 388: ||V_upper^k - V_upper^k-1||_inf = 0.00000001308818191866, ||V_lower^k - V_lower^k-1||_inf = 0.00000000000000000000
    Local Iteration 389: ||V_upper^k - V_upper^k-1||_inf = 0.00000001256465464191, ||V_lower^k - V_lower^k-1||_inf = 0.00000000000000000000
    Local Iteration 390: ||V_upper^k - V_upper^k-1||_inf = 0.00000001206206845624, ||V_lower^k - V_lower^k-1||_inf = 0.00000000000000000000
    Local Iteration 391: ||V_upper^k - V_upper^k-1||_inf = 0.00000001157958571799, ||V_lower^k - V_lower^k-1||_inf = 0.00000000000000000000
    Local Iteration 392: ||V_upper^k - V_upper^k-1||_inf = 0.00000001111640228927, ||V_lower^k - V_lower^k-1||_inf = 0.00000000000000000000
    Local Iteration 393: ||V_upper^k - V_upper^k-1||_inf = 0.00000001067174619770, ||V_lower^k - V_lower^k-1||_inf = 0.00000000000000000000
    Local Iteration 394: ||V_upper^k - V_upper^k-1||_inf = 0.00000001024487634979, ||V_lower^k - V_lower^k-1||_inf = 0.00000000000000000000
    Local Iteration 395: ||V_upper^k - V_upper^k-1||_inf = 0.00000000983508129580, ||V_lower^k - V_lower^k-1||_inf = 0.00000000000000000000

==================================================
 LOCAL CONVERGENCE ACHIEVED
==================================================
  ||V_upper^k - V_upper^k-1||_inf = 9.83508129579654225252e-09 < tolerance = 1e-08
  ||V_lower^k - V_lower^k-1||_inf = 0.00000000000000000000e+00 < tolerance = 1e-08
  Converged in 395 iterations
  V_lower increased from min(l_lower, r_lower); smallest step 0.000e+00
    Local VI completed in 395 iterations
    Final convergence values:
      ||V_upper^final - V_upper^prev||_inf = 9.83508130e-09
      ||V_lower^final - V_lower^prev||_inf = 0.00000000e+00
  Local VI completed in 395 iterations, time: 0.053s
    Final ||V_upper^k - V_upper^k-1||_inf = 9.83508129579654225252e-09
    Final ||V_lower^k - V_lower^k-1||_inf = 0.00000000000000000000e+00
  Saved visualization: /Users/i.k.tabbara/Documents/python directory/HSCC_2027/refactored_Implementations/results_hscc_2027_modified_init/ra_discount/van_der_pol_res40_eps0.001_dmin1e-08_dmax1e-08_gamma0.96_dt0.01_tau0.01_std/value_function_phase_5_complete.png
  Phase 5 completed in 0.17s with 48140 leaf cells

Classification after phase 5:
  Safe:              112 cells (  0.2%),    1.6% of state space
  Unsafe:            328 cells (  0.7%),    5.2% of state space
  Unclassified:    47700 cells ( 99.1%),   93.2% of state space

======================================================================
REFINEMENT PHASE 6
======================================================================
Boundary cells: 47700
  Refinable (>eta_min=0.000354): 47700
  Below threshold: 0
  Cumulative refined: 46540
  Refinable cell size statistics:
    Max:    0.031250
    Mean:   0.031250
    Min:    0.031250
    Median: 0.031250
  Refining 47700 cells...
    Refined: 47700 parent cells
    Created: 95400 child cells
    Total cells: 95840
    Refinement time: 0.003s
    Cumulative refined: 94240
  Rebuilding spatial index...
  Building spatial index for 95840 cells...
   Spatial index built in 0.01s
    Spatial index rebuilt in 0.015s
  Initializing 95400 new cells...
  Initializing 95400 new cells in parallel...
   Initialized in 0.00s (231506197.8 cells/s)
    Initialization completed in 0.000s
  Starting local value iteration...
  Reinitializing ALL 95840 cells (V_lower = min(l, r), V_upper = l)
   Reinitialized 95840 cells in 0.00s (601349019.6 cells/s)
  Local VI: updating all 95840 cells
    Conservative mode: False
    Convergence tolerance: 1e-08
    Max iterations: 20000
    Updating successor cache for 95400 updated cells...
    Updating successor cache for 95400 new cells (HYBRID)...
      Affected cells: 95590
   Trajectories + spatial queries computed in 0.01s (9639530.6 tasks/s)
    Breakdown: 35.5% ODE, 64.5% queries
     Cache updated in 0.01s (7760136.1 tasks/s)
    Local Iteration   1: ||V_upper^k - V_upper^k-1||_inf = 4.08968913564991254361, ||V_lower^k - V_lower^k-1||_inf = 3.99484477945168681146
    Local Iteration   2: ||V_upper^k - V_upper^k-1||_inf = 3.80896525035328537001, ||V_lower^k - V_lower^k-1||_inf = 3.71362286890487425239
    Local Iteration   3: ||V_upper^k - V_upper^k-1||_inf = 3.55917803769511831291, ||V_lower^k - V_lower^k-1||_inf = 3.48878040110247589212
    Local Iteration   4: ||V_upper^k - V_upper^k-1||_inf = 3.32577992813652123516, ||V_lower^k - V_lower^k-1||_inf = 3.25776127393884529226
    Local Iteration   5: ||V_upper^k - V_upper^k-1||_inf = 3.11842335679553039895, ||V_lower^k - V_lower^k-1||_inf = 3.07007722666910876086
    Local Iteration   6: ||V_upper^k - V_upper^k-1||_inf = 2.93417459038568972929, ||V_lower^k - V_lower^k-1||_inf = 2.87882320325655438609
    Local Iteration   7: ||V_upper^k - V_upper^k-1||_inf = 2.75213777916642898802, ||V_lower^k - V_lower^k-1||_inf = 2.68559222606949976608
    Local Iteration   8: ||V_upper^k - V_upper^k-1||_inf = 2.45079179319448003938, ||V_lower^k - V_lower^k-1||_inf = 1.80589120897557853240
    Local Iteration   9: ||V_upper^k - V_upper^k-1||_inf = 2.35276012146670066016, ||V_lower^k - V_lower^k-1||_inf = 1.71847648800208174791
    Local Iteration  10: ||V_upper^k - V_upper^k-1||_inf = 2.25864971660803259823, ||V_lower^k - V_lower^k-1||_inf = 1.61712252057799821259
    Local Iteration  11: ||V_upper^k - V_upper^k-1||_inf = 2.16830372794371140088, ||V_lower^k - V_lower^k-1||_inf = 1.53162609776746982959
    Local Iteration  12: ||V_upper^k - V_upper^k-1||_inf = 2.08157157882596255405, ||V_lower^k - V_lower^k-1||_inf = 1.43905074226893114897
    Local Iteration  13: ||V_upper^k - V_upper^k-1||_inf = 1.99830871567292400748, ||V_lower^k - V_lower^k-1||_inf = 1.36880981389920330926
    Local Iteration  14: ||V_upper^k - V_upper^k-1||_inf = 1.91837636704600700277, ||V_lower^k - V_lower^k-1||_inf = 1.28399952221890867321
    Local Iteration  15: ||V_upper^k - V_upper^k-1||_inf = 1.84164131236416661608, ||V_lower^k - V_lower^k-1||_inf = 1.21526434559194829177
    Local Iteration  16: ||V_upper^k - V_upper^k-1||_inf = 1.76797565986959970274, ||V_lower^k - V_lower^k-1||_inf = 1.13779818860891701604
    Local Iteration  17: ||V_upper^k - V_upper^k-1||_inf = 1.69725663347481581233, ||V_lower^k - V_lower^k-1||_inf = 1.08170616694403820546
    Local Iteration  18: ||V_upper^k - V_upper^k-1||_inf = 1.62936636813582302885, ||V_lower^k - V_lower^k-1||_inf = 1.01073656043329718202
    Local Iteration  19: ||V_upper^k - V_upper^k-1||_inf = 1.56419171341038998335, ||V_lower^k - V_lower^k-1||_inf = 0.96267064820746850451
    Local Iteration  20: ||V_upper^k - V_upper^k-1||_inf = 1.50162404487397438402, ||V_lower^k - V_lower^k-1||_inf = 0.89757051683950961340
    Local Iteration  21: ||V_upper^k - V_upper^k-1||_inf = 1.44155908307901525767, ||V_lower^k - V_lower^k-1||_inf = 0.83507439072626921117
    Local Iteration  22: ||V_upper^k - V_upper^k-1||_inf = 1.38389671975585470953, ||V_lower^k - V_lower^k-1||_inf = 0.79318852780941639935
    Local Iteration  23: ||V_upper^k - V_upper^k-1||_inf = 1.32854085096562046786, ||V_lower^k - V_lower^k-1||_inf = 0.73593141347496615623
    Local Iteration  24: ||V_upper^k - V_upper^k-1||_inf = 1.27539921692699564915, ||V_lower^k - V_lower^k-1||_inf = 0.69873678711594566781
    Local Iteration  25: ||V_upper^k - V_upper^k-1||_inf = 1.22438324824991573436, ||V_lower^k - V_lower^k-1||_inf = 0.64837462771250919946
    Local Iteration  26: ||V_upper^k - V_upper^k-1||_inf = 1.17540791831991908722, ||V_lower^k - V_lower^k-1||_inf = 0.62042776832459245462
    Local Iteration  27: ||V_upper^k - V_upper^k-1||_inf = 1.12839160158712226156, ||V_lower^k - V_lower^k-1||_inf = 0.57401400221838549953
    Local Iteration  28: ||V_upper^k - V_upper^k-1||_inf = 1.08195270987757607983, ||V_lower^k - V_lower^k-1||_inf = 0.52752538744818688876
    Local Iteration  29: ||V_upper^k - V_upper^k-1||_inf = 1.03867460148247303664, ||V_lower^k - V_lower^k-1||_inf = 0.50642437195025946650
    Local Iteration  30: ||V_upper^k - V_upper^k-1||_inf = 0.99595005289835780715, ||V_lower^k - V_lower^k-1||_inf = 0.46358046457804458207
    Local Iteration  31: ||V_upper^k - V_upper^k-1||_inf = 0.95611205078242345046, ||V_lower^k - V_lower^k-1||_inf = 0.44503724599492278102
    Local Iteration  32: ||V_upper^k - V_upper^k-1||_inf = 0.91576236160537538566, ||V_lower^k - V_lower^k-1||_inf = 0.38016731466617093016
    Local Iteration  33: ||V_upper^k - V_upper^k-1||_inf = 0.87913186714116031695, ||V_lower^k - V_lower^k-1||_inf = 0.34237368958531955165
    Local Iteration  34: ||V_upper^k - V_upper^k-1||_inf = 0.84396659245551386430, ||V_lower^k - V_lower^k-1||_inf = 0.30609180950770220608
    Local Iteration  35: ||V_upper^k - V_upper^k-1||_inf = 0.80930567530119756903, ||V_lower^k - V_lower^k-1||_inf = 0.29384813712739410452
    Local Iteration  36: ||V_upper^k - V_upper^k-1||_inf = 0.77693344828914967515, ||V_lower^k - V_lower^k-1||_inf = 0.26041075644786193521
    Local Iteration  37: ||V_upper^k - V_upper^k-1||_inf = 0.74504251258488851661, ||V_lower^k - V_lower^k-1||_inf = 0.22831087099551106157
    Local Iteration  38: ||V_upper^k - V_upper^k-1||_inf = 0.71524081208149303812, ||V_lower^k - V_lower^k-1||_inf = 0.19749498096125428503
    Local Iteration  39: ||V_upper^k - V_upper^k-1||_inf = 0.68589794119881730694, ||V_lower^k - V_lower^k-1||_inf = 0.16791172652836772183
    Local Iteration  40: ||V_upper^k - V_upper^k-1||_inf = 0.65846202355086458358, ||V_lower^k - V_lower^k-1||_inf = 0.13951180227279658119
    Local Iteration  41: ||V_upper^k - V_upper^k-1||_inf = 0.63146311761665996354, ||V_lower^k - V_lower^k-1||_inf = 0.11309501272144750761
    Local Iteration  42: ||V_upper^k - V_upper^k-1||_inf = 0.60620459291199357832, ||V_lower^k - V_lower^k-1||_inf = 0.09041234941241060863
    Local Iteration  43: ||V_upper^k - V_upper^k-1||_inf = 0.58136193582319384277, ||V_lower^k - V_lower^k-1||_inf = 0.07986888754579368754
    Local Iteration  44: ||V_upper^k - V_upper^k-1||_inf = 0.55810745839026609794, ||V_lower^k - V_lower^k-1||_inf = 0.06717934937586828026
    Local Iteration  45: ||V_upper^k - V_upper^k-1||_inf = 0.53472679025774205730, ||V_lower^k - V_lower^k-1||_inf = 0.05849950167864803596
    Local Iteration  46: ||V_upper^k - V_upper^k-1||_inf = 0.51333771864743227287, ||V_lower^k - V_lower^k-1||_inf = 0.05052536905018578661
    Local Iteration  47: ||V_upper^k - V_upper^k-1||_inf = 0.49280420990153495087, ||V_lower^k - V_lower^k-1||_inf = 0.04376408182152990989
    Local Iteration  48: ||V_upper^k - V_upper^k-1||_inf = 0.47264222571603542455, ||V_lower^k - V_lower^k-1||_inf = 0.03824707620562817212
    Local Iteration  49: ||V_upper^k - V_upper^k-1||_inf = 0.45373653668739394318, ||V_lower^k - V_lower^k-1||_inf = 0.03199516267319951757
    Local Iteration  50: ||V_upper^k - V_upper^k-1||_inf = 0.43518331489037787030, ||V_lower^k - V_lower^k-1||_inf = 0.02959937854003341640
    Local Iteration  51: ||V_upper^k - V_upper^k-1||_inf = 0.41777598229476270442, ||V_lower^k - V_lower^k-1||_inf = 0.02419798390328414817
    Local Iteration  52: ||V_upper^k - V_upper^k-1||_inf = 0.40070281172988569951, ||V_lower^k - V_lower^k-1||_inf = 0.02112803108433908283
    Local Iteration  53: ||V_upper^k - V_upper^k-1||_inf = 0.38467469926069025599, ||V_lower^k - V_lower^k-1||_inf = 0.02028290984096553506
    Local Iteration  54: ||V_upper^k - V_upper^k-1||_inf = 0.36896319063514376735, ||V_lower^k - V_lower^k-1||_inf = 0.01947159344732690700
    Local Iteration  55: ||V_upper^k - V_upper^k-1||_inf = 0.35420466300973796336, ||V_lower^k - V_lower^k-1||_inf = 0.01869272970943386403
    Local Iteration  56: ||V_upper^k - V_upper^k-1||_inf = 0.33946390765384049093, ||V_lower^k - V_lower^k-1||_inf = 0.01794502052105650947
    Local Iteration  57: ||V_upper^k - V_upper^k-1||_inf = 0.32588535134768686907, ||V_lower^k - V_lower^k-1||_inf = 0.01722721970021423576
    Local Iteration  58: ||V_upper^k - V_upper^k-1||_inf = 0.31284993729377935656, ||V_lower^k - V_lower^k-1||_inf = 0.01653813091220568410
    Local Iteration  59: ||V_upper^k - V_upper^k-1||_inf = 0.30033593980202816232, ||V_lower^k - V_lower^k-1||_inf = 0.01587660567571741455
    Local Iteration  60: ||V_upper^k - V_upper^k-1||_inf = 0.28816977832245760371, ||V_lower^k - V_lower^k-1||_inf = 0.01524154144868872240
    Local Iteration  61: ||V_upper^k - V_upper^k-1||_inf = 0.27664298718955926404, ||V_lower^k - V_lower^k-1||_inf = 0.01463187979074120904
    Local Iteration  62: ||V_upper^k - V_upper^k-1||_inf = 0.26557726770197687127, ||V_lower^k - V_lower^k-1||_inf = 0.01404660459911155623
    Local Iteration  63: ||V_upper^k - V_upper^k-1||_inf = 0.25495417699389777422, ||V_lower^k - V_lower^k-1||_inf = 0.01348474041514707844
    Local Iteration  64: ||V_upper^k - V_upper^k-1||_inf = 0.24475600991414186991, ||V_lower^k - V_lower^k-1||_inf = 0.01294535079854114423
    Local Iteration  65: ||V_upper^k - V_upper^k-1||_inf = 0.23496576951757619511, ||V_lower^k - V_lower^k-1||_inf = 0.01242753676659946738
    Local Iteration  66: ||V_upper^k - V_upper^k-1||_inf = 0.22556713873687311844, ||V_lower^k - V_lower^k-1||_inf = 0.01193043529593551533
    Local Iteration  67: ||V_upper^k - V_upper^k-1||_inf = 0.21654445318739817816, ||V_lower^k - V_lower^k-1||_inf = 0.01145321788409808805
    Local Iteration  68: ||V_upper^k - V_upper^k-1||_inf = 0.20760049591763846122, ||V_lower^k - V_lower^k-1||_inf = 0.01099508916873415121
    Local Iteration  69: ||V_upper^k - V_upper^k-1||_inf = 0.19929647608093289946, ||V_lower^k - V_lower^k-1||_inf = 0.01055528560198476518
    Local Iteration  70: ||V_upper^k - V_upper^k-1||_inf = 0.19132461703769557126, ||V_lower^k - V_lower^k-1||_inf = 0.01013307417790537679
    Local Iteration  71: ||V_upper^k - V_upper^k-1||_inf = 0.18367163235618771955, ||V_lower^k - V_lower^k-1||_inf = 0.00972775121078914284
    Local Iteration  72: ||V_upper^k - V_upper^k-1||_inf = 0.17632476706194022409, ||V_lower^k - V_lower^k-1||_inf = 0.00933864116235755271
    Local Iteration  73: ||V_upper^k - V_upper^k-1||_inf = 0.16905908892463411552, ||V_lower^k - V_lower^k-1||_inf = 0.00896509551586324727
    Local Iteration  74: ||V_upper^k - V_upper^k-1||_inf = 0.16229672536764871982, ||V_lower^k - V_lower^k-1||_inf = 0.00860649169522872959
    Local Iteration  75: ||V_upper^k - V_upper^k-1||_inf = 0.15580485635294277769, ||V_lower^k - V_lower^k-1||_inf = 0.00826223202741960261
    Local Iteration  76: ||V_upper^k - V_upper^k-1||_inf = 0.14957266209882505437, ||V_lower^k - V_lower^k-1||_inf = 0.00793174274632280074
    Local Iteration  77: ||V_upper^k - V_upper^k-1||_inf = 0.14358975561487205552, ||V_lower^k - V_lower^k-1||_inf = 0.00761447303646989315
    Local Iteration  78: ||V_upper^k - V_upper^k-1||_inf = 0.13784616539027716442, ||V_lower^k - V_lower^k-1||_inf = 0.00730989411501109521
    Local Iteration  79: ||V_upper^k - V_upper^k-1||_inf = 0.13233231877466605786, ||V_lower^k - V_lower^k-1||_inf = 0.00701749835041065584
    Local Iteration  80: ||V_upper^k - V_upper^k-1||_inf = 0.12689232721037424501, ||V_lower^k - V_lower^k-1||_inf = 0.00673679841639421295
    Local Iteration  81: ||V_upper^k - V_upper^k-1||_inf = 0.12181663412195925522, ||V_lower^k - V_lower^k-1||_inf = 0.00646732647973843888
    Local Iteration  82: ||V_upper^k - V_upper^k-1||_inf = 0.11694396875708087946, ||V_lower^k - V_lower^k-1||_inf = 0.00620863342054889245
    Local Iteration  83: ||V_upper^k - V_upper^k-1||_inf = 0.11226621000679765094, ||V_lower^k - V_lower^k-1||_inf = 0.00596028808372695007
    Local Iteration  84: ||V_upper^k - V_upper^k-1||_inf = 0.10777556160652573825, ||V_lower^k - V_lower^k-1||_inf = 0.00572187656037786985
    Local Iteration  85: ||V_upper^k - V_upper^k-1||_inf = 0.10346453914226469428, ||V_lower^k - V_lower^k-1||_inf = 0.00549300149796275172
    Local Iteration  86: ||V_upper^k - V_upper^k-1||_inf = 0.09918227356024464370, ||V_lower^k - V_lower^k-1||_inf = 0.00527328143804423055
    Local Iteration  87: ||V_upper^k - V_upper^k-1||_inf = 0.09521498261783487016, ||V_lower^k - V_lower^k-1||_inf = 0.00506235018052246522
    Local Iteration  88: ||V_upper^k - V_upper^k-1||_inf = 0.09140638331312146703, ||V_lower^k - V_lower^k-1||_inf = 0.00485985617330156328
    Local Iteration  89: ||V_upper^k - V_upper^k-1||_inf = 0.00317040934515966377, ||V_lower^k - V_lower^k-1||_inf = 0.00466546192636949075
    Local Iteration  90: ||V_upper^k - V_upper^k-1||_inf = 0.00304359297135327334, ||V_lower^k - V_lower^k-1||_inf = 0.00447884344931472056
    Local Iteration  91: ||V_upper^k - V_upper^k-1||_inf = 0.00292184925249914379, ||V_lower^k - V_lower^k-1||_inf = 0.00429968971134213340
    Local Iteration  92: ||V_upper^k - V_upper^k-1||_inf = 0.00280497528239917471, ||V_lower^k - V_lower^k-1||_inf = 0.00412770212288844640
    Local Iteration  93: ||V_upper^k - V_upper^k-1||_inf = 0.00269277627110321022, ||V_lower^k - V_lower^k-1||_inf = 0.00396259403797290244
    Local Iteration  94: ||V_upper^k - V_upper^k-1||_inf = 0.00258506522025908625, ||V_lower^k - V_lower^k-1||_inf = 0.00376373659219739198
    Local Iteration  95: ||V_upper^k - V_upper^k-1||_inf = 0.00248166261144872058, ||V_lower^k - V_lower^k-1||_inf = 0.00361318712850948465
    Local Iteration  96: ||V_upper^k - V_upper^k-1||_inf = 0.00238239610699077231, ||V_lower^k - V_lower^k-1||_inf = 0.00346865964336910693
    Local Iteration  97: ||V_upper^k - V_upper^k-1||_inf = 0.00228710026271113781, ||V_lower^k - V_lower^k-1||_inf = 0.00332991325763434820
    Local Iteration  98: ||V_upper^k - V_upper^k-1||_inf = 0.00219561625220269369, ||V_lower^k - V_lower^k-1||_inf = 0.00319671672732897705
    Local Iteration  99: ||V_upper^k - V_upper^k-1||_inf = 0.00210779160211458511, ||V_lower^k - V_lower^k-1||_inf = 0.00306884805823581797
    Local Iteration 100: ||V_upper^k - V_upper^k-1||_inf = 0.00202347993802999560, ||V_lower^k - V_lower^k-1||_inf = 0.00294609413590637970
    Local Iteration 101: ||V_upper^k - V_upper^k-1||_inf = 0.00194254074050879966, ||V_lower^k - V_lower^k-1||_inf = 0.00282825037047013117
    Local Iteration 102: ||V_upper^k - V_upper^k-1||_inf = 0.00186483911088844434, ||V_lower^k - V_lower^k-1||_inf = 0.00271512035565132925
    Local Iteration 103: ||V_upper^k - V_upper^k-1||_inf = 0.00179024554645290657, ||V_lower^k - V_lower^k-1||_inf = 0.00260651554142528330
    Local Iteration 104: ||V_upper^k - V_upper^k-1||_inf = 0.00171863572459479003, ||V_lower^k - V_lower^k-1||_inf = 0.00250225491976827086
    Local Iteration 105: ||V_upper^k - V_upper^k-1||_inf = 0.00164989029561099509, ||V_lower^k - V_lower^k-1||_inf = 0.00240216472297753725
    Local Iteration 106: ||V_upper^k - V_upper^k-1||_inf = 0.00158389468378655751, ||V_lower^k - V_lower^k-1||_inf = 0.00230607813405843409
    Local Iteration 107: ||V_upper^k - V_upper^k-1||_inf = 0.00152053889643509813, ||V_lower^k - V_lower^k-1||_inf = 0.00221383500869609673
    Local Iteration 108: ||V_upper^k - V_upper^k-1||_inf = 0.00145971734057769725, ||V_lower^k - V_lower^k-1||_inf = 0.00212528160834825341
    Local Iteration 109: ||V_upper^k - V_upper^k-1||_inf = 0.00140132864695459089, ||V_lower^k - V_lower^k-1||_inf = 0.00204027034401432772
    Local Iteration 110: ||V_upper^k - V_upper^k-1||_inf = 0.00134527550107640601, ||V_lower^k - V_lower^k-1||_inf = 0.00195865953025375211
    Local Iteration 111: ||V_upper^k - V_upper^k-1||_inf = 0.00129146448103335115, ||V_lower^k - V_lower^k-1||_inf = 0.00188031314904360536
    Local Iteration 112: ||V_upper^k - V_upper^k-1||_inf = 0.00123980590179201614, ||V_lower^k - V_lower^k-1||_inf = 0.00180510062308186087
    Local Iteration 113: ||V_upper^k - V_upper^k-1||_inf = 0.00119021366572033549, ||V_lower^k - V_lower^k-1||_inf = 0.00173289659815858282
    Local Iteration 114: ||V_upper^k - V_upper^k-1||_inf = 0.00114260511909152276, ||V_lower^k - V_lower^k-1||_inf = 0.00166358073423223535
    Local Iteration 115: ||V_upper^k - V_upper^k-1||_inf = 0.00109690091432786130, ||V_lower^k - V_lower^k-1||_inf = 0.00159703750486294566
    Local Iteration 116: ||V_upper^k - V_upper^k-1||_inf = 0.00105302487775474699, ||V_lower^k - V_lower^k-1||_inf = 0.00153280602820456135
    Local Iteration 117: ||V_upper^k - V_upper^k-1||_inf = 0.00101090388264455863, ||V_lower^k - V_lower^k-1||_inf = 0.00147149378707638057
    Local Iteration 118: ||V_upper^k - V_upper^k-1||_inf = 0.00097046772733877518, ||V_lower^k - V_lower^k-1||_inf = 0.00141263403559332978
    Local Iteration 119: ||V_upper^k - V_upper^k-1||_inf = 0.00093164901824522445, ||V_lower^k - V_lower^k-1||_inf = 0.00135612867416959326
    Local Iteration 120: ||V_upper^k - V_upper^k-1||_inf = 0.00089438305751541464, ||V_lower^k - V_lower^k-1||_inf = 0.00130188352720280939
    Local Iteration 121: ||V_upper^k - V_upper^k-1||_inf = 0.00085860773521479611, ||V_lower^k - V_lower^k-1||_inf = 0.00124980818611469813
    Local Iteration 122: ||V_upper^k - V_upper^k-1||_inf = 0.00082426342580620496, ||V_lower^k - V_lower^k-1||_inf = 0.00119981585867011062
    Local Iteration 123: ||V_upper^k - V_upper^k-1||_inf = 0.00079129288877395620, ||V_lower^k - V_lower^k-1||_inf = 0.00115182322432330619
    Local Iteration 124: ||V_upper^k - V_upper^k-1||_inf = 0.00075964117322299858, ||V_lower^k - V_lower^k-1||_inf = 0.00110575029535037173
    Local Iteration 125: ||V_upper^k - V_upper^k-1||_inf = 0.00072925552629407760, ||V_lower^k - V_lower^k-1||_inf = 0.00106152028353635741
    Local Iteration 126: ||V_upper^k - V_upper^k-1||_inf = 0.00070008530524231366, ||V_lower^k - V_lower^k-1||_inf = 0.00101905947219490395
    Local Iteration 127: ||V_upper^k - V_upper^k-1||_inf = 0.00067208189303262153, ||V_lower^k - V_lower^k-1||_inf = 0.00097829709330710807
    Local Iteration 128: ||V_upper^k - V_upper^k-1||_inf = 0.00064519861731131625, ||V_lower^k - V_lower^k-1||_inf = 0.00093916520957482152
    Local Iteration 129: ||V_upper^k - V_upper^k-1||_inf = 0.00061939067261886430, ||V_lower^k - V_lower^k-1||_inf = 0.00090159860119182894
    Local Iteration 130: ||V_upper^k - V_upper^k-1||_inf = 0.00059461504571411104, ||V_lower^k - V_lower^k-1||_inf = 0.00086553465714415620
    Local Iteration 131: ||V_upper^k - V_upper^k-1||_inf = 0.00057083044388554598, ||V_lower^k - V_lower^k-1||_inf = 0.00083091327085839037
    Local Iteration 132: ||V_upper^k - V_upper^k-1||_inf = 0.00054799722613012476, ||V_lower^k - V_lower^k-1||_inf = 0.00079767674002405309
    Local Iteration 133: ||V_upper^k - V_upper^k-1||_inf = 0.00052607733708492053, ||V_lower^k - V_lower^k-1||_inf = 0.00076576967042309152
    Local Iteration 134: ||V_upper^k - V_upper^k-1||_inf = 0.00050503424360152233, ||V_lower^k - V_lower^k-1||_inf = 0.00073513888360616716
    Local Iteration 135: ||V_upper^k - V_upper^k-1||_inf = 0.00048483287385746136, ||V_lower^k - V_lower^k-1||_inf = 0.00070573332826192117
    Local Iteration 136: ||V_upper^k - V_upper^k-1||_inf = 0.00046543955890316312, ||V_lower^k - V_lower^k-1||_inf = 0.00067750399513144544
    Local Iteration 137: ||V_upper^k - V_upper^k-1||_inf = 0.00044682197654703597, ||V_lower^k - V_lower^k-1||_inf = 0.00065040383532618748
    Local Iteration 138: ||V_upper^k - V_upper^k-1||_inf = 0.00042894909748515501, ||V_lower^k - V_lower^k-1||_inf = 0.00062438768191313936
    Local Iteration 139: ||V_upper^k - V_upper^k-1||_inf = 0.00041179113358574999, ||V_lower^k - V_lower^k-1||_inf = 0.00059941217463661475
    Local Iteration 140: ||V_upper^k - V_upper^k-1||_inf = 0.00039531948824231972, ||V_lower^k - V_lower^k-1||_inf = 0.00057543568765115044
    Local Iteration 141: ||V_upper^k - V_upper^k-1||_inf = 0.00037950670871262672, ||V_lower^k - V_lower^k-1||_inf = 0.00055241826014510408
    Local Iteration 142: ||V_upper^k - V_upper^k-1||_inf = 0.00036432644036412179, ||V_lower^k - V_lower^k-1||_inf = 0.00053032152973929957
    Local Iteration 143: ||V_upper^k - V_upper^k-1||_inf = 0.00034975338274955640, ||V_lower^k - V_lower^k-1||_inf = 0.00050910866854972717
    Local Iteration 144: ||V_upper^k - V_upper^k-1||_inf = 0.00033576324743957425, ||V_lower^k - V_lower^k-1||_inf = 0.00048874432180773773
    Local Iteration 145: ||V_upper^k - V_upper^k-1||_inf = 0.00032233271754199180, ||V_lower^k - V_lower^k-1||_inf = 0.00046919454893542926
    Local Iteration 146: ||V_upper^k - V_upper^k-1||_inf = 0.00030943940884031219, ||V_lower^k - V_lower^k-1||_inf = 0.00045042676697801091
    Local Iteration 147: ||V_upper^k - V_upper^k-1||_inf = 0.00029706183248669974, ||V_lower^k - V_lower^k-1||_inf = 0.00043240969629889173
    Local Iteration 148: ||V_upper^k - V_upper^k-1||_inf = 0.00028517935918723203, ||V_lower^k - V_lower^k-1||_inf = 0.00041511330844693460
    Local Iteration 149: ||V_upper^k - V_upper^k-1||_inf = 0.00027377218481974309, ||V_lower^k - V_lower^k-1||_inf = 0.00039850877610905777
    Local Iteration 150: ||V_upper^k - V_upper^k-1||_inf = 0.00026282129742695361, ||V_lower^k - V_lower^k-1||_inf = 0.00038256842506469504
    Local Iteration 151: ||V_upper^k - V_upper^k-1||_inf = 0.00025230844552987484, ||V_lower^k - V_lower^k-1||_inf = 0.00036726568806210759
    Local Iteration 152: ||V_upper^k - V_upper^k-1||_inf = 0.00024221610770867961, ||V_lower^k - V_lower^k-1||_inf = 0.00035257506053962447
    Local Iteration 153: ||V_upper^k - V_upper^k-1||_inf = 0.00023252746340033173, ||V_lower^k - V_lower^k-1||_inf = 0.00033847205811803928
    Local Iteration 154: ||V_upper^k - V_upper^k-1||_inf = 0.00022322636486431843, ||V_lower^k - V_lower^k-1||_inf = 0.00032493317579331688
    Local Iteration 155: ||V_upper^k - V_upper^k-1||_inf = 0.00021429731026974524, ||V_lower^k - V_lower^k-1||_inf = 0.00031193584876158462
    Local Iteration 156: ||V_upper^k - V_upper^k-1||_inf = 0.00020572541785895525, ||V_lower^k - V_lower^k-1||_inf = 0.00029945841481112106
    Local Iteration 157: ||V_upper^k - V_upper^k-1||_inf = 0.00019749640114459770, ||V_lower^k - V_lower^k-1||_inf = 0.00028748007821867601
    Local Iteration 158: ||V_upper^k - V_upper^k-1||_inf = 0.00018959654509881352, ||V_lower^k - V_lower^k-1||_inf = 0.00002740668212147974
    Local Iteration 159: ||V_upper^k - V_upper^k-1||_inf = 0.00018201268329486129, ||V_lower^k - V_lower^k-1||_inf = 0.00000000000000000000
    Local Iteration 160: ||V_upper^k - V_upper^k-1||_inf = 0.00017473217596306696, ||V_lower^k - V_lower^k-1||_inf = 0.00000000000000000000
    Local Iteration 161: ||V_upper^k - V_upper^k-1||_inf = 0.00016774288892454445, ||V_lower^k - V_lower^k-1||_inf = 0.00000000000000000000
    Local Iteration 162: ||V_upper^k - V_upper^k-1||_inf = 0.00016103317336756259, ||V_lower^k - V_lower^k-1||_inf = 0.00000000000000000000
    Local Iteration 163: ||V_upper^k - V_upper^k-1||_inf = 0.00015459184643286036, ||V_lower^k - V_lower^k-1||_inf = 0.00000000000000000000
    Local Iteration 164: ||V_upper^k - V_upper^k-1||_inf = 0.00014840817257554591, ||V_lower^k - V_lower^k-1||_inf = 0.00000000000000000000
    Local Iteration 165: ||V_upper^k - V_upper^k-1||_inf = 0.00014247184567252411, ||V_lower^k - V_lower^k-1||_inf = 0.00000000000000000000
    Local Iteration 166: ||V_upper^k - V_upper^k-1||_inf = 0.00013677297184562336, ||V_lower^k - V_lower^k-1||_inf = 0.00000000000000000000
    Local Iteration 167: ||V_upper^k - V_upper^k-1||_inf = 0.00013130205297179863, ||V_lower^k - V_lower^k-1||_inf = 0.00000000000000000000
    Local Iteration 168: ||V_upper^k - V_upper^k-1||_inf = 0.00012604997085292630, ||V_lower^k - V_lower^k-1||_inf = 0.00000000000000000000
    Local Iteration 169: ||V_upper^k - V_upper^k-1||_inf = 0.00012100797201880942, ||V_lower^k - V_lower^k-1||_inf = 0.00000000000000000000
    Local Iteration 170: ||V_upper^k - V_upper^k-1||_inf = 0.00011616765313805701, ||V_lower^k - V_lower^k-1||_inf = 0.00000000000000000000
    Local Iteration 171: ||V_upper^k - V_upper^k-1||_inf = 0.00011152094701253473, ||V_lower^k - V_lower^k-1||_inf = 0.00000000000000000000
    Local Iteration 172: ||V_upper^k - V_upper^k-1||_inf = 0.00010706010913203324, ||V_lower^k - V_lower^k-1||_inf = 0.00000000000000000000
    Local Iteration 173: ||V_upper^k - V_upper^k-1||_inf = 0.00010277770476675198, ||V_lower^k - V_lower^k-1||_inf = 0.00000000000000000000
    Local Iteration 174: ||V_upper^k - V_upper^k-1||_inf = 0.00009866659657608180, ||V_lower^k - V_lower^k-1||_inf = 0.00000000000000000000
    Local Iteration 175: ||V_upper^k - V_upper^k-1||_inf = 0.00009471993271303858, ||V_lower^k - V_lower^k-1||_inf = 0.00000000000000000000
    Local Iteration 176: ||V_upper^k - V_upper^k-1||_inf = 0.00009093113540451707, ||V_lower^k - V_lower^k-1||_inf = 0.00000000000000000000
    Local Iteration 177: ||V_upper^k - V_upper^k-1||_inf = 0.00008729388998833651, ||V_lower^k - V_lower^k-1||_inf = 0.00000000000000000000
    Local Iteration 178: ||V_upper^k - V_upper^k-1||_inf = 0.00008380213438880305, ||V_lower^k - V_lower^k-1||_inf = 0.00000000000000000000
    Local Iteration 179: ||V_upper^k - V_upper^k-1||_inf = 0.00008045004901325085, ||V_lower^k - V_lower^k-1||_inf = 0.00000000000000000000
    Local Iteration 180: ||V_upper^k - V_upper^k-1||_inf = 0.00007723204705272087, ||V_lower^k - V_lower^k-1||_inf = 0.00000000000000000000
    Local Iteration 181: ||V_upper^k - V_upper^k-1||_inf = 0.00007414276517061212, ||V_lower^k - V_lower^k-1||_inf = 0.00000000000000000000
    Local Iteration 182: ||V_upper^k - V_upper^k-1||_inf = 0.00007117705456378769, ||V_lower^k - V_lower^k-1||_inf = 0.00000000000000000000
    Local Iteration 183: ||V_upper^k - V_upper^k-1||_inf = 0.00006832997238123630, ||V_lower^k - V_lower^k-1||_inf = 0.00000000000000000000
    Local Iteration 184: ||V_upper^k - V_upper^k-1||_inf = 0.00006559677348598686, ||V_lower^k - V_lower^k-1||_inf = 0.00000000000000000000
    Local Iteration 185: ||V_upper^k - V_upper^k-1||_inf = 0.00006297290254654738, ||V_lower^k - V_lower^k-1||_inf = 0.00000000000000000000
    Local Iteration 186: ||V_upper^k - V_upper^k-1||_inf = 0.00006045398644468551, ||V_lower^k - V_lower^k-1||_inf = 0.00000000000000000000
    Local Iteration 187: ||V_upper^k - V_upper^k-1||_inf = 0.00005803582698689813, ||V_lower^k - V_lower^k-1||_inf = 0.00000000000000000000
    Local Iteration 188: ||V_upper^k - V_upper^k-1||_inf = 0.00005571439390742220, ||V_lower^k - V_lower^k-1||_inf = 0.00000000000000000000
    Local Iteration 189: ||V_upper^k - V_upper^k-1||_inf = 0.00005348581815112544, ||V_lower^k - V_lower^k-1||_inf = 0.00000000000000000000
    Local Iteration 190: ||V_upper^k - V_upper^k-1||_inf = 0.00005134638542508038, ||V_lower^k - V_lower^k-1||_inf = 0.00000000000000000000
    Local Iteration 191: ||V_upper^k - V_upper^k-1||_inf = 0.00004929253000807718, ||V_lower^k - V_lower^k-1||_inf = 0.00000000000000000000
    Local Iteration 192: ||V_upper^k - V_upper^k-1||_inf = 0.00004732082880775409, ||V_lower^k - V_lower^k-1||_inf = 0.00000000000000000000
    Local Iteration 193: ||V_upper^k - V_upper^k-1||_inf = 0.00004490143057474933, ||V_lower^k - V_lower^k-1||_inf = 0.00000000000000000000
    Local Iteration 194: ||V_upper^k - V_upper^k-1||_inf = 0.00004260553647484320, ||V_lower^k - V_lower^k-1||_inf = 0.00000000000000000000
    Local Iteration 195: ||V_upper^k - V_upper^k-1||_inf = 0.00004042712526261972, ||V_lower^k - V_lower^k-1||_inf = 0.00000000000000000000
    Local Iteration 196: ||V_upper^k - V_upper^k-1||_inf = 0.00003836045853277163, ||V_lower^k - V_lower^k-1||_inf = 0.00000000000000000000
    Local Iteration 197: ||V_upper^k - V_upper^k-1||_inf = 0.00003661489235894935, ||V_lower^k - V_lower^k-1||_inf = 0.00000000000000000000
    Local Iteration 198: ||V_upper^k - V_upper^k-1||_inf = 0.00003515029666459140, ||V_lower^k - V_lower^k-1||_inf = 0.00000000000000000000
    Local Iteration 199: ||V_upper^k - V_upper^k-1||_inf = 0.00003353881467251386, ||V_lower^k - V_lower^k-1||_inf = 0.00000000000000000000
    Local Iteration 200: ||V_upper^k - V_upper^k-1||_inf = 0.00003200018078844012, ||V_lower^k - V_lower^k-1||_inf = 0.00000000000000000000
    Local Iteration 201: ||V_upper^k - V_upper^k-1||_inf = 0.00003063143663019276, ||V_lower^k - V_lower^k-1||_inf = 0.00000000000000000000
    Local Iteration 202: ||V_upper^k - V_upper^k-1||_inf = 0.00002940617916498498, ||V_lower^k - V_lower^k-1||_inf = 0.00000000000000000000
    Local Iteration 203: ||V_upper^k - V_upper^k-1||_inf = 0.00002822993199838553, ||V_lower^k - V_lower^k-1||_inf = 0.00000000000000000000
    Local Iteration 204: ||V_upper^k - V_upper^k-1||_inf = 0.00002710073471845020, ||V_lower^k - V_lower^k-1||_inf = 0.00000000000000000000
    Local Iteration 205: ||V_upper^k - V_upper^k-1||_inf = 0.00002601670532971224, ||V_lower^k - V_lower^k-1||_inf = 0.00000000000000000000
    Local Iteration 206: ||V_upper^k - V_upper^k-1||_inf = 0.00002497603711652373, ||V_lower^k - V_lower^k-1||_inf = 0.00000000000000000000
    Local Iteration 207: ||V_upper^k - V_upper^k-1||_inf = 0.00002397699563186280, ||V_lower^k - V_lower^k-1||_inf = 0.00000000000000000000
    Local Iteration 208: ||V_upper^k - V_upper^k-1||_inf = 0.00002301791580658829, ||V_lower^k - V_lower^k-1||_inf = 0.00000000000000000000
    Local Iteration 209: ||V_upper^k - V_upper^k-1||_inf = 0.00002209719917432477, ||V_lower^k - V_lower^k-1||_inf = 0.00000000000000000000
    Local Iteration 210: ||V_upper^k - V_upper^k-1||_inf = 0.00002121331120735179, ||V_lower^k - V_lower^k-1||_inf = 0.00000000000000000000
    Local Iteration 211: ||V_upper^k - V_upper^k-1||_inf = 0.00002036477875905771, ||V_lower^k - V_lower^k-1||_inf = 0.00000000000000000000
    Local Iteration 212: ||V_upper^k - V_upper^k-1||_inf = 0.00001955018760869536, ||V_lower^k - V_lower^k-1||_inf = 0.00000000000000000000
    Local Iteration 213: ||V_upper^k - V_upper^k-1||_inf = 0.00001876818010434757, ||V_lower^k - V_lower^k-1||_inf = 0.00000000000000000000
    Local Iteration 214: ||V_upper^k - V_upper^k-1||_inf = 0.00001766007819189975, ||V_lower^k - V_lower^k-1||_inf = 0.00000000000000000000
    Local Iteration 215: ||V_upper^k - V_upper^k-1||_inf = 0.00001661369201853586, ||V_lower^k - V_lower^k-1||_inf = 0.00000000000000000000
    Local Iteration 216: ||V_upper^k - V_upper^k-1||_inf = 0.00001562602894138556, ||V_lower^k - V_lower^k-1||_inf = 0.00000000000000000000
    Local Iteration 217: ||V_upper^k - V_upper^k-1||_inf = 0.00001469423815906131, ||V_lower^k - V_lower^k-1||_inf = 0.00000000000000000000
    Local Iteration 218: ||V_upper^k - V_upper^k-1||_inf = 0.00001389382849781024, ||V_lower^k - V_lower^k-1||_inf = 0.00000000000000000000
    Local Iteration 219: ||V_upper^k - V_upper^k-1||_inf = 0.00001333807535789782, ||V_lower^k - V_lower^k-1||_inf = 0.00000000000000000000
    Local Iteration 220: ||V_upper^k - V_upper^k-1||_inf = 0.00001280455234358189, ||V_lower^k - V_lower^k-1||_inf = 0.00000000000000000000
    Local Iteration 221: ||V_upper^k - V_upper^k-1||_inf = 0.00001229237024983861, ||V_lower^k - V_lower^k-1||_inf = 0.00000000000000000000
    Local Iteration 222: ||V_upper^k - V_upper^k-1||_inf = 0.00001180067543984508, ||V_lower^k - V_lower^k-1||_inf = 0.00000000000000000000
    Local Iteration 223: ||V_upper^k - V_upper^k-1||_inf = 0.00001132864842225129, ||V_lower^k - V_lower^k-1||_inf = 0.00000000000000000000
    Local Iteration 224: ||V_upper^k - V_upper^k-1||_inf = 0.00001087550248536124, ||V_lower^k - V_lower^k-1||_inf = 0.00000000000000000000
    Local Iteration 225: ||V_upper^k - V_upper^k-1||_inf = 0.00001044048238594679, ||V_lower^k - V_lower^k-1||_inf = 0.00000000000000000000
    Local Iteration 226: ||V_upper^k - V_upper^k-1||_inf = 0.00001002286309050889, ||V_lower^k - V_lower^k-1||_inf = 0.00000000000000000000
    Local Iteration 227: ||V_upper^k - V_upper^k-1||_inf = 0.00000962194856688855, ||V_lower^k - V_lower^k-1||_inf = 0.00000000000000000000
    Local Iteration 228: ||V_upper^k - V_upper^k-1||_inf = 0.00000923707062421299, ||V_lower^k - V_lower^k-1||_inf = 0.00000000000000000000
    Local Iteration 229: ||V_upper^k - V_upper^k-1||_inf = 0.00000886758779924447, ||V_lower^k - V_lower^k-1||_inf = 0.00000000000000000000
    Local Iteration 230: ||V_upper^k - V_upper^k-1||_inf = 0.00000851288428727469, ||V_lower^k - V_lower^k-1||_inf = 0.00000000000000000000
    Local Iteration 231: ||V_upper^k - V_upper^k-1||_inf = 0.00000817236891578372, ||V_lower^k - V_lower^k-1||_inf = 0.00000000000000000000
    Local Iteration 232: ||V_upper^k - V_upper^k-1||_inf = 0.00000784547415915237, ||V_lower^k - V_lower^k-1||_inf = 0.00000000000000000000
    Local Iteration 233: ||V_upper^k - V_upper^k-1||_inf = 0.00000753165519278628, ||V_lower^k - V_lower^k-1||_inf = 0.00000000000000000000
    Local Iteration 234: ||V_upper^k - V_upper^k-1||_inf = 0.00000723038898507481, ||V_lower^k - V_lower^k-1||_inf = 0.00000000000000000000
    Local Iteration 235: ||V_upper^k - V_upper^k-1||_inf = 0.00000694117342567183, ||V_lower^k - V_lower^k-1||_inf = 0.00000000000000000000
    Local Iteration 236: ||V_upper^k - V_upper^k-1||_inf = 0.00000666352648864496, ||V_lower^k - V_lower^k-1||_inf = 0.00000000000000000000
    Local Iteration 237: ||V_upper^k - V_upper^k-1||_inf = 0.00000639698542909914, ||V_lower^k - V_lower^k-1||_inf = 0.00000000000000000000
    Local Iteration 238: ||V_upper^k - V_upper^k-1||_inf = 0.00000614110601193519, ||V_lower^k - V_lower^k-1||_inf = 0.00000000000000000000
    Local Iteration 239: ||V_upper^k - V_upper^k-1||_inf = 0.00000589546177145778, ||V_lower^k - V_lower^k-1||_inf = 0.00000000000000000000
    Local Iteration 240: ||V_upper^k - V_upper^k-1||_inf = 0.00000565964330059946, ||V_lower^k - V_lower^k-1||_inf = 0.00000000000000000000
    Local Iteration 241: ||V_upper^k - V_upper^k-1||_inf = 0.00000543325756857549, ||V_lower^k - V_lower^k-1||_inf = 0.00000000000000000000
    Local Iteration 242: ||V_upper^k - V_upper^k-1||_inf = 0.00000521592726583246, ||V_lower^k - V_lower^k-1||_inf = 0.00000000000000000000
    Local Iteration 243: ||V_upper^k - V_upper^k-1||_inf = 0.00000500729017519916, ||V_lower^k - V_lower^k-1||_inf = 0.00000000000000000000
    Local Iteration 244: ||V_upper^k - V_upper^k-1||_inf = 0.00000480699856819121, ||V_lower^k - V_lower^k-1||_inf = 0.00000000000000000000
    Local Iteration 245: ||V_upper^k - V_upper^k-1||_inf = 0.00000461471862546356, ||V_lower^k - V_lower^k-1||_inf = 0.00000000000000000000
    Local Iteration 246: ||V_upper^k - V_upper^k-1||_inf = 0.00000443012988044502, ||V_lower^k - V_lower^k-1||_inf = 0.00000000000000000000
    Local Iteration 247: ||V_upper^k - V_upper^k-1||_inf = 0.00000425292468522722, ||V_lower^k - V_lower^k-1||_inf = 0.00000000000000000000
    Local Iteration 248: ||V_upper^k - V_upper^k-1||_inf = 0.00000408280769781813, ||V_lower^k - V_lower^k-1||_inf = 0.00000000000000000000
    Local Iteration 249: ||V_upper^k - V_upper^k-1||_inf = 0.00000391949538990539, ||V_lower^k - V_lower^k-1||_inf = 0.00000000000000000000
    Local Iteration 250: ||V_upper^k - V_upper^k-1||_inf = 0.00000376271557430918, ||V_lower^k - V_lower^k-1||_inf = 0.00000000000000000000
    Local Iteration 251: ||V_upper^k - V_upper^k-1||_inf = 0.00000361220695133681, ||V_lower^k - V_lower^k-1||_inf = 0.00000000000000000000
    Local Iteration 252: ||V_upper^k - V_upper^k-1||_inf = 0.00000346771867328335, ||V_lower^k - V_lower^k-1||_inf = 0.00000000000000000000
    Local Iteration 253: ||V_upper^k - V_upper^k-1||_inf = 0.00000332900992635201, ||V_lower^k - V_lower^k-1||_inf = 0.00000000000000000000
    Local Iteration 254: ||V_upper^k - V_upper^k-1||_inf = 0.00000319584952929793, ||V_lower^k - V_lower^k-1||_inf = 0.00000000000000000000
    Local Iteration 255: ||V_upper^k - V_upper^k-1||_inf = 0.00000306801554812601, ||V_lower^k - V_lower^k-1||_inf = 0.00000000000000000000
    Local Iteration 256: ||V_upper^k - V_upper^k-1||_inf = 0.00000294529492620097, ||V_lower^k - V_lower^k-1||_inf = 0.00000000000000000000
    Local Iteration 257: ||V_upper^k - V_upper^k-1||_inf = 0.00000282748312915293, ||V_lower^k - V_lower^k-1||_inf = 0.00000000000000000000
    Local Iteration 258: ||V_upper^k - V_upper^k-1||_inf = 0.00000271438380398682, ||V_lower^k - V_lower^k-1||_inf = 0.00000000000000000000
    Local Iteration 259: ||V_upper^k - V_upper^k-1||_inf = 0.00000260580845182734, ||V_lower^k - V_lower^k-1||_inf = 0.00000000000000000000
    Local Iteration 260: ||V_upper^k - V_upper^k-1||_inf = 0.00000250157611375425, ||V_lower^k - V_lower^k-1||_inf = 0.00000000000000000000
    Local Iteration 261: ||V_upper^k - V_upper^k-1||_inf = 0.00000240151306920408, ||V_lower^k - V_lower^k-1||_inf = 0.00000000000000000000
    Local Iteration 262: ||V_upper^k - V_upper^k-1||_inf = 0.00000230545254643591, ||V_lower^k - V_lower^k-1||_inf = 0.00000000000000000000
    Local Iteration 263: ||V_upper^k - V_upper^k-1||_inf = 0.00000221323444457848, ||V_lower^k - V_lower^k-1||_inf = 0.00000000000000000000
    Local Iteration 264: ||V_upper^k - V_upper^k-1||_inf = 0.00000212470506679534, ||V_lower^k - V_lower^k-1||_inf = 0.00000000000000000000
    Local Iteration 265: ||V_upper^k - V_upper^k-1||_inf = 0.00000203971686412352, ||V_lower^k - V_lower^k-1||_inf = 0.00000000000000000000
    Local Iteration 266: ||V_upper^k - V_upper^k-1||_inf = 0.00000195812818955858, ||V_lower^k - V_lower^k-1||_inf = 0.00000000000000000000
    Local Iteration 267: ||V_upper^k - V_upper^k-1||_inf = 0.00000187980306197624, ||V_lower^k - V_lower^k-1||_inf = 0.00000000000000000000
    Local Iteration 268: ||V_upper^k - V_upper^k-1||_inf = 0.00000180461093949719, ||V_lower^k - V_lower^k-1||_inf = 0.00000000000000000000
    Local Iteration 269: ||V_upper^k - V_upper^k-1||_inf = 0.00000173242650191730, ||V_lower^k - V_lower^k-1||_inf = 0.00000000000000000000
    Local Iteration 270: ||V_upper^k - V_upper^k-1||_inf = 0.00000166312944184061, ||V_lower^k - V_lower^k-1||_inf = 0.00000000000000000000
    Local Iteration 271: ||V_upper^k - V_upper^k-1||_inf = 0.00000159660426416699, ||V_lower^k - V_lower^k-1||_inf = 0.00000000000000000000
    Local Iteration 272: ||V_upper^k - V_upper^k-1||_inf = 0.00000153274009360031, ||V_lower^k - V_lower^k-1||_inf = 0.00000000000000000000
    Local Iteration 273: ||V_upper^k - V_upper^k-1||_inf = 0.00000147143048985629, ||V_lower^k - V_lower^k-1||_inf = 0.00000000000000000000
    Local Iteration 274: ||V_upper^k - V_upper^k-1||_inf = 0.00000141257327026204, ||V_lower^k - V_lower^k-1||_inf = 0.00000000000000000000
    Local Iteration 275: ||V_upper^k - V_upper^k-1||_inf = 0.00000135607033945156, ||V_lower^k - V_lower^k-1||_inf = 0.00000000000000000000
    Local Iteration 276: ||V_upper^k - V_upper^k-1||_inf = 0.00000130182752587350, ||V_lower^k - V_lower^k-1||_inf = 0.00000000000000000000
    Local Iteration 277: ||V_upper^k - V_upper^k-1||_inf = 0.00000124975442483856, ||V_lower^k - V_lower^k-1||_inf = 0.00000000000000000000
    Local Iteration 278: ||V_upper^k - V_upper^k-1||_inf = 0.00000119976424784501, ||V_lower^k - V_lower^k-1||_inf = 0.00000000000000000000
    Local Iteration 279: ||V_upper^k - V_upper^k-1||_inf = 0.00000115177367793122, ||V_lower^k - V_lower^k-1||_inf = 0.00000000000000000000
    Local Iteration 280: ||V_upper^k - V_upper^k-1||_inf = 0.00000110570273081397, ||V_lower^k - V_lower^k-1||_inf = 0.00000000000000000000
    Local Iteration 281: ||V_upper^k - V_upper^k-1||_inf = 0.00000106147462158141, ||V_lower^k - V_lower^k-1||_inf = 0.00000000000000000000
    Local Iteration 282: ||V_upper^k - V_upper^k-1||_inf = 0.00000101901563671815, ||V_lower^k - V_lower^k-1||_inf = 0.00000000000000000000
    Local Iteration 283: ||V_upper^k - V_upper^k-1||_inf = 0.00000097825501124942, ||V_lower^k - V_lower^k-1||_inf = 0.00000000000000000000
    Local Iteration 284: ||V_upper^k - V_upper^k-1||_inf = 0.00000093912481079945, ||V_lower^k - V_lower^k-1||_inf = 0.00000000000000000000
    Local Iteration 285: ||V_upper^k - V_upper^k-1||_inf = 0.00000090155981836747, ||V_lower^k - V_lower^k-1||_inf = 0.00000000000000000000
    Local Iteration 286: ||V_upper^k - V_upper^k-1||_inf = 0.00000086549742563277, ||V_lower^k - V_lower^k-1||_inf = 0.00000000000000000000
    Local Iteration 287: ||V_upper^k - V_upper^k-1||_inf = 0.00000083087752860746, ||V_lower^k - V_lower^k-1||_inf = 0.00000000000000000000
    Local Iteration 288: ||V_upper^k - V_upper^k-1||_inf = 0.00000079764242746316, ||V_lower^k - V_lower^k-1||_inf = 0.00000000000000000000
    Local Iteration 289: ||V_upper^k - V_upper^k-1||_inf = 0.00000076573673036464, ||V_lower^k - V_lower^k-1||_inf = 0.00000000000000000000
    Local Iteration 290: ||V_upper^k - V_upper^k-1||_inf = 0.00000073510726115005, ||V_lower^k - V_lower^k-1||_inf = 0.00000000000000000000
    Local Iteration 291: ||V_upper^k - V_upper^k-1||_inf = 0.00000070570297070405, ||V_lower^k - V_lower^k-1||_inf = 0.00000000000000000000
    Local Iteration 292: ||V_upper^k - V_upper^k-1||_inf = 0.00000067747485187589, ||V_lower^k - V_lower^k-1||_inf = 0.00000000000000000000
    Local Iteration 293: ||V_upper^k - V_upper^k-1||_inf = 0.00000065037585780085, ||V_lower^k - V_lower^k-1||_inf = 0.00000000000000000000
    Local Iteration 294: ||V_upper^k - V_upper^k-1||_inf = 0.00000062436082348882, ||V_lower^k - V_lower^k-1||_inf = 0.00000000000000000000
    Local Iteration 295: ||V_upper^k - V_upper^k-1||_inf = 0.00000059938639054926, ||V_lower^k - V_lower^k-1||_inf = 0.00000000000000000000
    Local Iteration 296: ||V_upper^k - V_upper^k-1||_inf = 0.00000057541093492729, ||V_lower^k - V_lower^k-1||_inf = 0.00000000000000000000
    Local Iteration 297: ||V_upper^k - V_upper^k-1||_inf = 0.00000055239449753020, ||V_lower^k - V_lower^k-1||_inf = 0.00000000000000000000
    Local Iteration 298: ||V_upper^k - V_upper^k-1||_inf = 0.00000053029871762899, ||V_lower^k - V_lower^k-1||_inf = 0.00000000000000000000
    Local Iteration 299: ||V_upper^k - V_upper^k-1||_inf = 0.00000050908676892383, ||V_lower^k - V_lower^k-1||_inf = 0.00000000000000000000
    Local Iteration 300: ||V_upper^k - V_upper^k-1||_inf = 0.00000048872329816688, ||V_lower^k - V_lower^k-1||_inf = 0.00000000000000000000
    Local Iteration 301: ||V_upper^k - V_upper^k-1||_inf = 0.00000046917436624021, ||V_lower^k - V_lower^k-1||_inf = 0.00000000000000000000
    Local Iteration 302: ||V_upper^k - V_upper^k-1||_inf = 0.00000045040739159060, ||V_lower^k - V_lower^k-1||_inf = 0.00000000000000000000
    Local Iteration 303: ||V_upper^k - V_upper^k-1||_inf = 0.00000043239109592697, ||V_lower^k - V_lower^k-1||_inf = 0.00000000000000000000
    Local Iteration 304: ||V_upper^k - V_upper^k-1||_inf = 0.00000041509545208989, ||V_lower^k - V_lower^k-1||_inf = 0.00000000000000000000
    Local Iteration 305: ||V_upper^k - V_upper^k-1||_inf = 0.00000039849163400630, ||V_lower^k - V_lower^k-1||_inf = 0.00000000000000000000
    Local Iteration 306: ||V_upper^k - V_upper^k-1||_inf = 0.00000038255196864605, ||V_lower^k - V_lower^k-1||_inf = 0.00000000000000000000
    Local Iteration 307: ||V_upper^k - V_upper^k-1||_inf = 0.00000036724988990021, ||V_lower^k - V_lower^k-1||_inf = 0.00000000000000000000
    Local Iteration 308: ||V_upper^k - V_upper^k-1||_inf = 0.00000035255989430420, ||V_lower^k - V_lower^k-1||_inf = 0.00000000000000000000
    Local Iteration 309: ||V_upper^k - V_upper^k-1||_inf = 0.00000033845749853203, ||V_lower^k - V_lower^k-1||_inf = 0.00000000000000000000
    Local Iteration 310: ||V_upper^k - V_upper^k-1||_inf = 0.00000032491919859075, ||V_lower^k - V_lower^k-1||_inf = 0.00000000000000000000
    Local Iteration 311: ||V_upper^k - V_upper^k-1||_inf = 0.00000031192243064712, ||V_lower^k - V_lower^k-1||_inf = 0.00000000000000000000
    Local Iteration 312: ||V_upper^k - V_upper^k-1||_inf = 0.00000029944553342123, ||V_lower^k - V_lower^k-1||_inf = 0.00000000000000000000
    Local Iteration 313: ||V_upper^k - V_upper^k-1||_inf = 0.00000028746771208438, ||V_lower^k - V_lower^k-1||_inf = 0.00000000000000000000
    Local Iteration 314: ||V_upper^k - V_upper^k-1||_inf = 0.00000027596900360101, ||V_lower^k - V_lower^k-1||_inf = 0.00000000000000000000
    Local Iteration 315: ||V_upper^k - V_upper^k-1||_inf = 0.00000026493024345697, ||V_lower^k - V_lower^k-1||_inf = 0.00000000000000000000
    Local Iteration 316: ||V_upper^k - V_upper^k-1||_inf = 0.00000025433303371869, ||V_lower^k - V_lower^k-1||_inf = 0.00000000000000000000
    Local Iteration 317: ||V_upper^k - V_upper^k-1||_inf = 0.00000024415971236994, ||V_lower^k - V_lower^k-1||_inf = 0.00000000000000000000
    Local Iteration 318: ||V_upper^k - V_upper^k-1||_inf = 0.00000023439332387514, ||V_lower^k - V_lower^k-1||_inf = 0.00000000000000000000
    Local Iteration 319: ||V_upper^k - V_upper^k-1||_inf = 0.00000022501759092014, ||V_lower^k - V_lower^k-1||_inf = 0.00000000000000000000
    Local Iteration 320: ||V_upper^k - V_upper^k-1||_inf = 0.00000021601688728333, ||V_lower^k - V_lower^k-1||_inf = 0.00000000000000000000
    Local Iteration 321: ||V_upper^k - V_upper^k-1||_inf = 0.00000020737621179200, ||V_lower^k - V_lower^k-1||_inf = 0.00000000000000000000
    Local Iteration 322: ||V_upper^k - V_upper^k-1||_inf = 0.00000019908116332032, ||V_lower^k - V_lower^k-1||_inf = 0.00000000000000000000
    Local Iteration 323: ||V_upper^k - V_upper^k-1||_inf = 0.00000019111791678751, ||V_lower^k - V_lower^k-1||_inf = 0.00000000000000000000
    Local Iteration 324: ||V_upper^k - V_upper^k-1||_inf = 0.00000018347320011601, ||V_lower^k - V_lower^k-1||_inf = 0.00000000000000000000
    Local Iteration 325: ||V_upper^k - V_upper^k-1||_inf = 0.00000017613427211137, ||V_lower^k - V_lower^k-1||_inf = 0.00000000000000000000
    Local Iteration 326: ||V_upper^k - V_upper^k-1||_inf = 0.00000016908890122691, ||V_lower^k - V_lower^k-1||_inf = 0.00000000000000000000
    Local Iteration 327: ||V_upper^k - V_upper^k-1||_inf = 0.00000016232534517783, ||V_lower^k - V_lower^k-1||_inf = 0.00000000000000000000
    Local Iteration 328: ||V_upper^k - V_upper^k-1||_inf = 0.00000015583233137072, ||V_lower^k - V_lower^k-1||_inf = 0.00000000000000000000
    Local Iteration 329: ||V_upper^k - V_upper^k-1||_inf = 0.00000014959903811589, ||V_lower^k - V_lower^k-1||_inf = 0.00000000000000000000
    Local Iteration 330: ||V_upper^k - V_upper^k-1||_inf = 0.00000014361507659126, ||V_lower^k - V_lower^k-1||_inf = 0.00000000000000000000
    Local Iteration 331: ||V_upper^k - V_upper^k-1||_inf = 0.00000013787047352761, ||V_lower^k - V_lower^k-1||_inf = 0.00000000000000000000
    Local Iteration 332: ||V_upper^k - V_upper^k-1||_inf = 0.00000013235565458650, ||V_lower^k - V_lower^k-1||_inf = 0.00000000000000000000
    Local Iteration 333: ||V_upper^k - V_upper^k-1||_inf = 0.00000012706142840304, ||V_lower^k - V_lower^k-1||_inf = 0.00000000000000000000
    Local Iteration 334: ||V_upper^k - V_upper^k-1||_inf = 0.00000012197897126692, ||V_lower^k - V_lower^k-1||_inf = 0.00000000000000000000
    Local Iteration 335: ||V_upper^k - V_upper^k-1||_inf = 0.00000011709981241624, ||V_lower^k - V_lower^k-1||_inf = 0.00000000000000000000
    Local Iteration 336: ||V_upper^k - V_upper^k-1||_inf = 0.00000011241581991959, ||V_lower^k - V_lower^k-1||_inf = 0.00000000000000000000
    Local Iteration 337: ||V_upper^k - V_upper^k-1||_inf = 0.00000010791918712281, ||V_lower^k - V_lower^k-1||_inf = 0.00000000000000000000
    Local Iteration 338: ||V_upper^k - V_upper^k-1||_inf = 0.00000010360241963790, ||V_lower^k - V_lower^k-1||_inf = 0.00000000000000000000
    Local Iteration 339: ||V_upper^k - V_upper^k-1||_inf = 0.00000009945832285238, ||V_lower^k - V_lower^k-1||_inf = 0.00000000000000000000
    Local Iteration 340: ||V_upper^k - V_upper^k-1||_inf = 0.00000009547998993829, ||V_lower^k - V_lower^k-1||_inf = 0.00000000000000000000
    Local Iteration 341: ||V_upper^k - V_upper^k-1||_inf = 0.00000009166079034076, ||V_lower^k - V_lower^k-1||_inf = 0.00000000000000000000
    Local Iteration 342: ||V_upper^k - V_upper^k-1||_inf = 0.00000008799435872713, ||V_lower^k - V_lower^k-1||_inf = 0.00000000000000000000
    Local Iteration 343: ||V_upper^k - V_upper^k-1||_inf = 0.00000008447458437804, ||V_lower^k - V_lower^k-1||_inf = 0.00000000000000000000
    Local Iteration 344: ||V_upper^k - V_upper^k-1||_inf = 0.00000008109560100292, ||V_lower^k - V_lower^k-1||_inf = 0.00000000000000000000
    Local Iteration 345: ||V_upper^k - V_upper^k-1||_inf = 0.00000007785177696280, ||V_lower^k - V_lower^k-1||_inf = 0.00000000000000000000
    Local Iteration 346: ||V_upper^k - V_upper^k-1||_inf = 0.00000007473770588429, ||V_lower^k - V_lower^k-1||_inf = 0.00000000000000000000
    Local Iteration 347: ||V_upper^k - V_upper^k-1||_inf = 0.00000007174819764892, ||V_lower^k - V_lower^k-1||_inf = 0.00000000000000000000
    Local Iteration 348: ||V_upper^k - V_upper^k-1||_inf = 0.00000006887826974296, ||V_lower^k - V_lower^k-1||_inf = 0.00000000000000000000
    Local Iteration 349: ||V_upper^k - V_upper^k-1||_inf = 0.00000006612313895324, ||V_lower^k - V_lower^k-1||_inf = 0.00000000000000000000
    Local Iteration 350: ||V_upper^k - V_upper^k-1||_inf = 0.00000006347821339511, ||V_lower^k - V_lower^k-1||_inf = 0.00000000000000000000
    Local Iteration 351: ||V_upper^k - V_upper^k-1||_inf = 0.00000006093908485931, ||V_lower^k - V_lower^k-1||_inf = 0.00000000000000000000
    Local Iteration 352: ||V_upper^k - V_upper^k-1||_inf = 0.00000005850152146494, ||V_lower^k - V_lower^k-1||_inf = 0.00000000000000000000
    Local Iteration 353: ||V_upper^k - V_upper^k-1||_inf = 0.00000005616146060634, ||V_lower^k - V_lower^k-1||_inf = 0.00000000000000000000
    Local Iteration 354: ||V_upper^k - V_upper^k-1||_inf = 0.00000005391500218209, ||V_lower^k - V_lower^k-1||_inf = 0.00000000000000000000
    Local Iteration 355: ||V_upper^k - V_upper^k-1||_inf = 0.00000005175840209480, ||V_lower^k - V_lower^k-1||_inf = 0.00000000000000000000
    Local Iteration 356: ||V_upper^k - V_upper^k-1||_inf = 0.00000004968806601101, ||V_lower^k - V_lower^k-1||_inf = 0.00000000000000000000
    Local Iteration 357: ||V_upper^k - V_upper^k-1||_inf = 0.00000004770054337057, ||V_lower^k - V_lower^k-1||_inf = 0.00000000000000000000
    Local Iteration 358: ||V_upper^k - V_upper^k-1||_inf = 0.00000004579252163575, ||V_lower^k - V_lower^k-1||_inf = 0.00000000000000000000
    Local Iteration 359: ||V_upper^k - V_upper^k-1||_inf = 0.00000004396082077032, ||V_lower^k - V_lower^k-1||_inf = 0.00000000000000000000
    Local Iteration 360: ||V_upper^k - V_upper^k-1||_inf = 0.00000004220238793950, ||V_lower^k - V_lower^k-1||_inf = 0.00000000000000000000
    Local Iteration 361: ||V_upper^k - V_upper^k-1||_inf = 0.00000004051429242192, ||V_lower^k - V_lower^k-1||_inf = 0.00000000000000000000
    Local Iteration 362: ||V_upper^k - V_upper^k-1||_inf = 0.00000003889372072505, ||V_lower^k - V_lower^k-1||_inf = 0.00000000000000000000
    Local Iteration 363: ||V_upper^k - V_upper^k-1||_inf = 0.00000003733797189605, ||V_lower^k - V_lower^k-1||_inf = 0.00000000000000000000
    Local Iteration 364: ||V_upper^k - V_upper^k-1||_inf = 0.00000003584445302020, ||V_lower^k - V_lower^k-1||_inf = 0.00000000000000000000
    Local Iteration 365: ||V_upper^k - V_upper^k-1||_inf = 0.00000003441067489940, ||V_lower^k - V_lower^k-1||_inf = 0.00000000000000000000
    Local Iteration 366: ||V_upper^k - V_upper^k-1||_inf = 0.00000003303424790342, ||V_lower^k - V_lower^k-1||_inf = 0.00000000000000000000
    Local Iteration 367: ||V_upper^k - V_upper^k-1||_inf = 0.00000003171287798728, ||V_lower^k - V_lower^k-1||_inf = 0.00000000000000000000
    Local Iteration 368: ||V_upper^k - V_upper^k-1||_inf = 0.00000003044436286779, ||V_lower^k - V_lower^k-1||_inf = 0.00000000000000000000
    Local Iteration 369: ||V_upper^k - V_upper^k-1||_inf = 0.00000002922658835308, ||V_lower^k - V_lower^k-1||_inf = 0.00000000000000000000
    Local Iteration 370: ||V_upper^k - V_upper^k-1||_inf = 0.00000002805752481896, ||V_lower^k - V_lower^k-1||_inf = 0.00000000000000000000
    Local Iteration 371: ||V_upper^k - V_upper^k-1||_inf = 0.00000002693522382620, ||V_lower^k - V_lower^k-1||_inf = 0.00000000000000000000
    Local Iteration 372: ||V_upper^k - V_upper^k-1||_inf = 0.00000002585781487315, ||V_lower^k - V_lower^k-1||_inf = 0.00000000000000000000
    Local Iteration 373: ||V_upper^k - V_upper^k-1||_inf = 0.00000002482350227822, ||V_lower^k - V_lower^k-1||_inf = 0.00000000000000000000
    Local Iteration 374: ||V_upper^k - V_upper^k-1||_inf = 0.00000002178238099839, ||V_lower^k - V_lower^k-1||_inf = 0.00000000000000000000
    Local Iteration 375: ||V_upper^k - V_upper^k-1||_inf = 0.00000000000000000000, ||V_lower^k - V_lower^k-1||_inf = 0.00000000000000000000

==================================================
 LOCAL CONVERGENCE ACHIEVED
==================================================
  ||V_upper^k - V_upper^k-1||_inf = 0.00000000000000000000e+00 < tolerance = 1e-08
  ||V_lower^k - V_lower^k-1||_inf = 0.00000000000000000000e+00 < tolerance = 1e-08
  Converged in 375 iterations
  V_lower increased from min(l_lower, r_lower); smallest step 0.000e+00
    Local VI completed in 375 iterations
    Final convergence values:
      ||V_upper^final - V_upper^prev||_inf = 0.00000000e+00
      ||V_lower^final - V_lower^prev||_inf = 0.00000000e+00
  Local VI completed in 375 iterations, time: 0.079s
    Final ||V_upper^k - V_upper^k-1||_inf = 0.00000000000000000000e+00
    Final ||V_lower^k - V_lower^k-1||_inf = 0.00000000000000000000e+00
  Saved visualization: /Users/i.k.tabbara/Documents/python directory/HSCC_2027/refactored_Implementations/results_hscc_2027_modified_init/ra_discount/van_der_pol_res40_eps0.001_dmin1e-08_dmax1e-08_gamma0.96_dt0.01_tau0.01_std/value_function_phase_6_complete.png
  Phase 6 completed in 0.18s with 95840 leaf cells

Classification after phase 6:
  Safe:              482 cells (  0.5%),    2.0% of state space
  Unsafe:           5458 cells (  5.7%),   10.2% of state space
  Unclassified:    89900 cells ( 93.8%),   87.8% of state space

======================================================================
REFINEMENT PHASE 7
======================================================================
Boundary cells: 89900
  Refinable (>eta_min=0.000354): 89900
  Below threshold: 0
  Cumulative refined: 94240
  Refinable cell size statistics:
    Max:    0.018125
    Mean:   0.018125
    Min:    0.018125
    Median: 0.018125
  Refining 89900 cells...
    Refined: 89900 parent cells
    Created: 179800 child cells
    Total cells: 185740
    Refinement time: 0.006s
    Cumulative refined: 184140
  Rebuilding spatial index...
  Building spatial index for 185740 cells...
   Spatial index built in 0.03s
    Spatial index rebuilt in 0.030s
  Initializing 179800 new cells...
  Initializing 179800 new cells in parallel...
   Initialized in 0.00s (548309480.8 cells/s)
    Initialization completed in 0.000s
  Starting local value iteration...
  Reinitializing ALL 185740 cells (V_lower = min(l, r), V_upper = l)
   Reinitialized 185740 cells in 0.00s (575196026.2 cells/s)
  Local VI: updating all 185740 cells
    Conservative mode: False
    Convergence tolerance: 1e-08
    Max iterations: 20000
    Updating successor cache for 179800 updated cells...
    Updating successor cache for 179800 new cells (HYBRID)...
      Affected cells: 180116
   Trajectories + spatial queries computed in 0.02s (11779505.4 tasks/s)
    Breakdown: 38.2% ODE, 61.8% queries
     Cache updated in 0.02s (8968319.6 tasks/s)
    Local Iteration   1: ||V_upper^k - V_upper^k-1||_inf = 4.08968913564991254361, ||V_lower^k - V_lower^k-1||_inf = 3.99484477945168681146
    Local Iteration   2: ||V_upper^k - V_upper^k-1||_inf = 3.80896525035328537001, ||V_lower^k - V_lower^k-1||_inf = 3.71362286890487425239
    Local Iteration   3: ||V_upper^k - V_upper^k-1||_inf = 3.55917803769511831291, ||V_lower^k - V_lower^k-1||_inf = 3.48878040110247589212
    Local Iteration   4: ||V_upper^k - V_upper^k-1||_inf = 3.32577992813652123516, ||V_lower^k - V_lower^k-1||_inf = 3.25776127393884529226
    Local Iteration   5: ||V_upper^k - V_upper^k-1||_inf = 3.11842335679553039895, ||V_lower^k - V_lower^k-1||_inf = 3.07007722666910876086
    Local Iteration   6: ||V_upper^k - V_upper^k-1||_inf = 2.93417459038568972929, ||V_lower^k - V_lower^k-1||_inf = 2.87882320325655438609
    Local Iteration   7: ||V_upper^k - V_upper^k-1||_inf = 2.75213777916642898802, ||V_lower^k - V_lower^k-1||_inf = 2.71505301479622573879
    Local Iteration   8: ||V_upper^k - V_upper^k-1||_inf = 2.59058560169354556990, ||V_lower^k - V_lower^k-1||_inf = 2.54464281499507594120
    Local Iteration   9: ||V_upper^k - V_upper^k-1||_inf = 2.35276012146670066016, ||V_lower^k - V_lower^k-1||_inf = 1.71847648800208174791
    Local Iteration  10: ||V_upper^k - V_upper^k-1||_inf = 2.25864971660803259823, ||V_lower^k - V_lower^k-1||_inf = 1.61712252057799821259
    Local Iteration  11: ||V_upper^k - V_upper^k-1||_inf = 2.16830372794371140088, ||V_lower^k - V_lower^k-1||_inf = 1.53162609776746982959
    Local Iteration  12: ||V_upper^k - V_upper^k-1||_inf = 2.08157157882596255405, ||V_lower^k - V_lower^k-1||_inf = 1.43905074226893114897
    Local Iteration  13: ||V_upper^k - V_upper^k-1||_inf = 1.99830871567292400748, ||V_lower^k - V_lower^k-1||_inf = 1.36880981389920330926
    Local Iteration  14: ||V_upper^k - V_upper^k-1||_inf = 1.91837636704600700277, ||V_lower^k - V_lower^k-1||_inf = 1.28399952221890867321
    Local Iteration  15: ||V_upper^k - V_upper^k-1||_inf = 1.84164131236416661608, ||V_lower^k - V_lower^k-1||_inf = 1.21526434559194829177
    Local Iteration  16: ||V_upper^k - V_upper^k-1||_inf = 1.76797565986959970274, ||V_lower^k - V_lower^k-1||_inf = 1.13779818860891701604
    Local Iteration  17: ||V_upper^k - V_upper^k-1||_inf = 1.69725663347481581233, ||V_lower^k - V_lower^k-1||_inf = 1.08170616694403820546
    Local Iteration  18: ||V_upper^k - V_upper^k-1||_inf = 1.62936636813582302885, ||V_lower^k - V_lower^k-1||_inf = 1.01073656043329718202
    Local Iteration  19: ||V_upper^k - V_upper^k-1||_inf = 1.56419171341038998335, ||V_lower^k - V_lower^k-1||_inf = 0.96267064820746850451
    Local Iteration  20: ||V_upper^k - V_upper^k-1||_inf = 1.50162404487397438402, ||V_lower^k - V_lower^k-1||_inf = 0.89757051683950961340
    Local Iteration  21: ||V_upper^k - V_upper^k-1||_inf = 1.44155908307901525767, ||V_lower^k - V_lower^k-1||_inf = 0.83772150228641761860
    Local Iteration  22: ||V_upper^k - V_upper^k-1||_inf = 1.38389671975585470953, ||V_lower^k - V_lower^k-1||_inf = 0.79318852780941639935
    Local Iteration  23: ||V_upper^k - V_upper^k-1||_inf = 1.32854085096562046786, ||V_lower^k - V_lower^k-1||_inf = 0.74545083106750231750
    Local Iteration  24: ||V_upper^k - V_upper^k-1||_inf = 1.27539921692699564915, ||V_lower^k - V_lower^k-1||_inf = 0.70091981042260409485
    Local Iteration  25: ||V_upper^k - V_upper^k-1||_inf = 1.22438324824991573436, ||V_lower^k - V_lower^k-1||_inf = 0.64837462771250919946
    Local Iteration  26: ||V_upper^k - V_upper^k-1||_inf = 1.17540791831991908722, ||V_lower^k - V_lower^k-1||_inf = 0.62042776832459245462
    Local Iteration  27: ||V_upper^k - V_upper^k-1||_inf = 1.12839160158712226156, ||V_lower^k - V_lower^k-1||_inf = 0.57401400221838549953
    Local Iteration  28: ||V_upper^k - V_upper^k-1||_inf = 1.08195270987757607983, ||V_lower^k - V_lower^k-1||_inf = 0.53719687758681289314
    Local Iteration  29: ||V_upper^k - V_upper^k-1||_inf = 1.03867460148247303664, ||V_lower^k - V_lower^k-1||_inf = 0.50642437195025946650
    Local Iteration  30: ||V_upper^k - V_upper^k-1||_inf = 0.99595005289835780715, ||V_lower^k - V_lower^k-1||_inf = 0.47155258770254371292
    Local Iteration  31: ||V_upper^k - V_upper^k-1||_inf = 0.95611205078242345046, ||V_lower^k - V_lower^k-1||_inf = 0.44503724599492278102
    Local Iteration  32: ||V_upper^k - V_upper^k-1||_inf = 0.91576236160537538566, ||V_lower^k - V_lower^k-1||_inf = 0.40555230096068950463
    Local Iteration  33: ||V_upper^k - V_upper^k-1||_inf = 0.87913186714116031695, ||V_lower^k - V_lower^k-1||_inf = 0.37292916254495667161
    Local Iteration  34: ||V_upper^k - V_upper^k-1||_inf = 0.84396659245551386430, ||V_lower^k - V_lower^k-1||_inf = 0.33542506354895385012
    Local Iteration  35: ||V_upper^k - V_upper^k-1||_inf = 0.80930567530119756903, ||V_lower^k - V_lower^k-1||_inf = 0.29942112851279112373
    Local Iteration  36: ||V_upper^k - V_upper^k-1||_inf = 0.77693344828914967515, ||V_lower^k - V_lower^k-1||_inf = 0.28498023375943026814
    Local Iteration  37: ||V_upper^k - V_upper^k-1||_inf = 0.74504251258488851661, ||V_lower^k - V_lower^k-1||_inf = 0.25426305684295191778
    Local Iteration  38: ||V_upper^k - V_upper^k-1||_inf = 0.71524081208149303812, ||V_lower^k - V_lower^k-1||_inf = 0.22240907937479748036
    Local Iteration  39: ||V_upper^k - V_upper^k-1||_inf = 0.68589794119881730694, ||V_lower^k - V_lower^k-1||_inf = 0.21041129870946301272
    Local Iteration  40: ||V_upper^k - V_upper^k-1||_inf = 0.65846202355086458358, ||V_lower^k - V_lower^k-1||_inf = 0.18415609056515447328
    Local Iteration  41: ||V_upper^k - V_upper^k-1||_inf = 0.63146311761665996354, ||V_lower^k - V_lower^k-1||_inf = 0.15597372995588931754
    Local Iteration  42: ||V_upper^k - V_upper^k-1||_inf = 0.60620459291199357832, ||V_lower^k - V_lower^k-1||_inf = 0.14396889997235257086
    Local Iteration  43: ||V_upper^k - V_upper^k-1||_inf = 0.58136193582319384277, ||V_lower^k - V_lower^k-1||_inf = 0.12376191722015500440
    Local Iteration  44: ||V_upper^k - V_upper^k-1||_inf = 0.55810745839026609794, ||V_lower^k - V_lower^k-1||_inf = 0.11703390081854020410
    Local Iteration  45: ||V_upper^k - V_upper^k-1||_inf = 0.53472679025774205730, ||V_lower^k - V_lower^k-1||_inf = 0.09487484949518992794
    Local Iteration  46: ||V_upper^k - V_upper^k-1||_inf = 0.51333771864743227287, ||V_lower^k - V_lower^k-1||_inf = 0.07189572210047751044
    Local Iteration  47: ||V_upper^k - V_upper^k-1||_inf = 0.49280420990153495087, ||V_lower^k - V_lower^k-1||_inf = 0.04983575980155358076
    Local Iteration  48: ||V_upper^k - V_upper^k-1||_inf = 0.47264222571603542455, ||V_lower^k - V_lower^k-1||_inf = 0.03758315737252521105
    Local Iteration  49: ||V_upper^k - V_upper^k-1||_inf = 0.45373653668739394318, ||V_lower^k - V_lower^k-1||_inf = 0.02751186815480316517
    Local Iteration  50: ||V_upper^k - V_upper^k-1||_inf = 0.43518331489037787030, ||V_lower^k - V_lower^k-1||_inf = 0.02264400050660120289
    Local Iteration  51: ||V_upper^k - V_upper^k-1||_inf = 0.41777598229476270442, ||V_lower^k - V_lower^k-1||_inf = 0.02168315324645397890
    Local Iteration  52: ||V_upper^k - V_upper^k-1||_inf = 0.40103783248255470140, ||V_lower^k - V_lower^k-1||_inf = 0.02081582711659579754
    Local Iteration  53: ||V_upper^k - V_upper^k-1||_inf = 0.38499631918325250002, ||V_lower^k - V_lower^k-1||_inf = 0.01995373380551090925
    Local Iteration  54: ||V_upper^k - V_upper^k-1||_inf = 0.36959646641592242000, ||V_lower^k - V_lower^k-1||_inf = 0.01915558445329046400
    Local Iteration  55: ||V_upper^k - V_upper^k-1||_inf = 0.35481260775928546991, ||V_lower^k - V_lower^k-1||_inf = 0.01838936107515881657
    Local Iteration  56: ||V_upper^k - V_upper^k-1||_inf = 0.34062010344891402447, ||V_lower^k - V_lower^k-1||_inf = 0.01765378663215244615
    Local Iteration  57: ||V_upper^k - V_upper^k-1||_inf = 0.32699529931095749902, ||V_lower^k - V_lower^k-1||_inf = 0.01694763516686631499
    Local Iteration  58: ||V_upper^k - V_upper^k-1||_inf = 0.31391548733851915021, ||V_lower^k - V_lower^k-1||_inf = 0.01626972976019164241
    Local Iteration  59: ||V_upper^k - V_upper^k-1||_inf = 0.30135886784497839530, ||V_lower^k - V_lower^k-1||_inf = 0.01561894056978396783
    Local Iteration  60: ||V_upper^k - V_upper^k-1||_inf = 0.28930451313117921952, ||V_lower^k - V_lower^k-1||_inf = 0.01499418294699256249
    Local Iteration  61: ||V_upper^k - V_upper^k-1||_inf = 0.27773233260593205296, ||V_lower^k - V_lower^k-1||_inf = 0.01439441562911286665
    Local Iteration  62: ||V_upper^k - V_upper^k-1||_inf = 0.26662303930169478638, ||V_lower^k - V_lower^k-1||_inf = 0.01381863900394836309
    Local Iteration  63: ||V_upper^k - V_upper^k-1||_inf = 0.25595811772962695496, ||V_lower^k - V_lower^k-1||_inf = 0.01326589344379042190
    Local Iteration  64: ||V_upper^k - V_upper^k-1||_inf = 0.24571979302044189009, ||V_lower^k - V_lower^k-1||_inf = 0.01273525770603878282
    Local Iteration  65: ||V_upper^k - V_upper^k-1||_inf = 0.23589100129962420338, ||V_lower^k - V_lower^k-1||_inf = 0.01222584739779725149
    Local Iteration  66: ||V_upper^k - V_upper^k-1||_inf = 0.22645536124763920860, ||V_lower^k - V_lower^k-1||_inf = 0.01173681350188532369
    Local Iteration  67: ||V_upper^k - V_upper^k-1||_inf = 0.21739714679773361472, ||V_lower^k - V_lower^k-1||_inf = 0.01126734096180992406
    Local Iteration  68: ||V_upper^k - V_upper^k-1||_inf = 0.20870126092582425015, ||V_lower^k - V_lower^k-1||_inf = 0.01081664732333753598
    Local Iteration  69: ||V_upper^k - V_upper^k-1||_inf = 0.20035321048879128902, ||V_lower^k - V_lower^k-1||_inf = 0.01038398143040403232
    Local Iteration  70: ||V_upper^k - V_upper^k-1||_inf = 0.19233908206923963635, ||V_lower^k - V_lower^k-1||_inf = 0.00996862217318789101
    Local Iteration  71: ||V_upper^k - V_upper^k-1||_inf = 0.18464551878647006422, ||V_lower^k - V_lower^k-1||_inf = 0.00956987728626035317
    Local Iteration  72: ||V_upper^k - V_upper^k-1||_inf = 0.17725969803501123723, ||V_lower^k - V_lower^k-1||_inf = 0.00918708219480993127
    Local Iteration  73: ||V_upper^k - V_upper^k-1||_inf = 0.17016931011361077775, ||V_lower^k - V_lower^k-1||_inf = 0.00881959890701752847
    Local Iteration  74: ||V_upper^k - V_upper^k-1||_inf = 0.16336253770906633553, ||V_lower^k - V_lower^k-1||_inf = 0.00846681495073683954
    Local Iteration  75: ||V_upper^k - V_upper^k-1||_inf = 0.15682803620070367989, ||V_lower^k - V_lower^k-1||_inf = 0.00812814235270736818
    Local Iteration  76: ||V_upper^k - V_upper^k-1||_inf = 0.15055491475267551715, ||V_lower^k - V_lower^k-1||_inf = 0.00780301665859906013
    Local Iteration  77: ||V_upper^k - V_upper^k-1||_inf = 0.14453271816256851867, ||V_lower^k - V_lower^k-1||_inf = 0.00749089599225510883
    Local Iteration  78: ||V_upper^k - V_upper^k-1||_inf = 0.13875140943606578681, ||V_lower^k - V_lower^k-1||_inf = 0.00719126015256488227
    Local Iteration  79: ||V_upper^k - V_upper^k-1||_inf = 0.13320135305862312869, ||V_lower^k - V_lower^k-1||_inf = 0.00690360974646228587
    Local Iteration  80: ||V_upper^k - V_upper^k-1||_inf = 0.12787329893627819022, ||V_lower^k - V_lower^k-1||_inf = 0.00662746535660380109
    Local Iteration  81: ||V_upper^k - V_upper^k-1||_inf = 0.12275836697882708259, ||V_lower^k - V_lower^k-1||_inf = 0.00636236674233967014
    Local Iteration  82: ||V_upper^k - V_upper^k-1||_inf = 0.11784803229967397153, ||V_lower^k - V_lower^k-1||_inf = 0.00610787207264609777
    Local Iteration  83: ||V_upper^k - V_upper^k-1||_inf = 0.11313411100768699935, ||V_lower^k - V_lower^k-1||_inf = 0.00586239614242417550
    Local Iteration  84: ||V_upper^k - V_upper^k-1||_inf = 0.10860874656737952437, ||V_lower^k - V_lower^k-1||_inf = 0.00562790029672721737
    Local Iteration  85: ||V_upper^k - V_upper^k-1||_inf = 0.10426439670468433396, ||V_lower^k - V_lower^k-1||_inf = 0.00540278428485813089
    Local Iteration  86: ||V_upper^k - V_upper^k-1||_inf = 0.10009382083649695505, ||V_lower^k - V_lower^k-1||_inf = 0.00518667291346380788
    Local Iteration  87: ||V_upper^k - V_upper^k-1||_inf = 0.09609006800303707130, ||V_lower^k - V_lower^k-1||_inf = 0.00497920599692525112
    Local Iteration  88: ||V_upper^k - V_upper^k-1||_inf = 0.09224646528291559344, ||V_lower^k - V_lower^k-1||_inf = 0.00478003775704824441
    Local Iteration  89: ||V_upper^k - V_upper^k-1||_inf = 0.08855660667159896693, ||V_lower^k - V_lower^k-1||_inf = 0.00458883624676631463
    Local Iteration  90: ||V_upper^k - V_upper^k-1||_inf = 0.08501434240473501602, ||V_lower^k - V_lower^k-1||_inf = 0.00440528279689565705
    Local Iteration  91: ||V_upper^k - V_upper^k-1||_inf = 0.08161376870854561427, ||V_lower^k - V_lower^k-1||_inf = 0.00422907148501983077
    Local Iteration  92: ||V_upper^k - V_upper^k-1||_inf = 0.07834921796020377638, ||V_lower^k - V_lower^k-1||_inf = 0.00405990862561904364
    Local Iteration  93: ||V_upper^k - V_upper^k-1||_inf = 0.07521524924179562310, ||V_lower^k - V_lower^k-1||_inf = 0.00389751228059427579
    Local Iteration  94: ||V_upper^k - V_upper^k-1||_inf = 0.07220663927212379873, ||V_lower^k - V_lower^k-1||_inf = 0.00374161178937050531
    Local Iteration  95: ||V_upper^k - V_upper^k-1||_inf = 0.00234103360856244280, ||V_lower^k - V_lower^k-1||_inf = 0.00359194731779569065
    Local Iteration  96: ||V_upper^k - V_upper^k-1||_inf = 0.00224739226421994537, ||V_lower^k - V_lower^k-1||_inf = 0.00344826942508386081
    Local Iteration  97: ||V_upper^k - V_upper^k-1||_inf = 0.00215749657365114922, ||V_lower^k - V_lower^k-1||_inf = 0.00331033864808050193
    Local Iteration  98: ||V_upper^k - V_upper^k-1||_inf = 0.00207119671070510325, ||V_lower^k - V_lower^k-1||_inf = 0.00317792510215728075
    Local Iteration  99: ||V_upper^k - V_upper^k-1||_inf = 0.00198834884227690190, ||V_lower^k - V_lower^k-1||_inf = 0.00305080809807098396
    Local Iteration 100: ||V_upper^k - V_upper^k-1||_inf = 0.00190881488858582471, ||V_lower^k - V_lower^k-1||_inf = 0.00292877577414815682
    Local Iteration 101: ||V_upper^k - V_upper^k-1||_inf = 0.00183246229304238895, ||V_lower^k - V_lower^k-1||_inf = 0.00281162474318222277
    Local Iteration 102: ||V_upper^k - V_upper^k-1||_inf = 0.00175916380132069144, ||V_lower^k - V_lower^k-1||_inf = 0.00269915975345492998
    Local Iteration 103: ||V_upper^k - V_upper^k-1||_inf = 0.00168879724926786212, ||V_lower^k - V_lower^k-1||_inf = 0.00259119336331673639
    Local Iteration 104: ||V_upper^k - V_upper^k-1||_inf = 0.00162124535929714791, ||V_lower^k - V_lower^k-1||_inf = 0.00248754562878406721
    Local Iteration 105: ||V_upper^k - V_upper^k-1||_inf = 0.00155639554492526672, ||V_lower^k - V_lower^k-1||_inf = 0.00238804380363270841
    Local Iteration 106: ||V_upper^k - V_upper^k-1||_inf = 0.00149413972312825716, ||V_lower^k - V_lower^k-1||_inf = 0.00229252205148739591
    Local Iteration 107: ||V_upper^k - V_upper^k-1||_inf = 0.00143437413420312646, ||V_lower^k - V_lower^k-1||_inf = 0.00220082116942790090
    Local Iteration 108: ||V_upper^k - V_upper^k-1||_inf = 0.00137699916883500181, ||V_lower^k - V_lower^k-1||_inf = 0.00211278832265078542
    Local Iteration 109: ||V_upper^k - V_upper^k-1||_inf = 0.00132191920208159924, ||V_lower^k - V_lower^k-1||_inf = 0.00202827678974475123
    Local Iteration 110: ||V_upper^k - V_upper^k-1||_inf = 0.00126904243399833527, ||V_lower^k - V_lower^k-1||_inf = 0.00194714571815496340
    Local Iteration 111: ||V_upper^k - V_upper^k-1||_inf = 0.00121828073663840172, ||V_lower^k - V_lower^k-1||_inf = 0.00186925988942876486
    Local Iteration 112: ||V_upper^k - V_upper^k-1||_inf = 0.00116954950717286510, ||V_lower^k - V_lower^k-1||_inf = 0.00179448949385161566
    Local Iteration 113: ||V_upper^k - V_upper^k-1||_inf = 0.00112276752688595174, ||V_lower^k - V_lower^k-1||_inf = 0.00172270991409755048
    Local Iteration 114: ||V_upper^k - V_upper^k-1||_inf = 0.00107785682581051229, ||V_lower^k - V_lower^k-1||_inf = 0.00165380151753364429
    Local Iteration 115: ||V_upper^k - V_upper^k-1||_inf = 0.00103474255277809235, ||V_lower^k - V_lower^k-1||_inf = 0.00158764945683230463
    Local Iteration 116: ||V_upper^k - V_upper^k-1||_inf = 0.00099335285066696685, ||V_lower^k - V_lower^k-1||_inf = 0.00152414347855901050
    Local Iteration 117: ||V_upper^k - V_upper^k-1||_inf = 0.00095361873664028679, ||V_lower^k - V_lower^k-1||_inf = 0.00146317773941664897
    Local Iteration 118: ||V_upper^k - V_upper^k-1||_inf = 0.00091547398717467532, ||V_lower^k - V_lower^k-1||_inf = 0.00140465062983998606
    Local Iteration 119: ||V_upper^k - V_upper^k-1||_inf = 0.00087885502768768678, ||V_lower^k - V_lower^k-1||_inf = 0.00134846460464638218
    Local Iteration 120: ||V_upper^k - V_upper^k-1||_inf = 0.00084370082658017861, ||V_lower^k - V_lower^k-1||_inf = 0.00129452602046052634
    Local Iteration 121: ||V_upper^k - V_upper^k-1||_inf = 0.00080995279351697008, ||V_lower^k - V_lower^k-1||_inf = 0.00124274497964210751
    Local Iteration 122: ||V_upper^k - V_upper^k-1||_inf = 0.00077755468177629142, ||V_lower^k - V_lower^k-1||_inf = 0.00119303518045642265
    Local Iteration 123: ||V_upper^k - V_upper^k-1||_inf = 0.00074645249450523872, ||V_lower^k - V_lower^k-1||_inf = 0.00114531377323816644
    Local Iteration 124: ||V_upper^k - V_upper^k-1||_inf = 0.00071659439472502966, ||V_lower^k - V_lower^k-1||_inf = 0.00109950122230863950
    Local Iteration 125: ||V_upper^k - V_upper^k-1||_inf = 0.00068793061893602722, ||V_lower^k - V_lower^k-1||_inf = 0.00105552117341629198
    Local Iteration 126: ||V_upper^k - V_upper^k-1||_inf = 0.00066041339417858592, ||V_lower^k - V_lower^k-1||_inf = 0.00101330032647964016
    Local Iteration 127: ||V_upper^k - V_upper^k-1||_inf = 0.00063399685841144214, ||V_lower^k - V_lower^k-1||_inf = 0.00097276831342045511
    Local Iteration 128: ||V_upper^k - V_upper^k-1||_inf = 0.00060863698407498390, ||V_lower^k - V_lower^k-1||_inf = 0.00093385758088363607
    Local Iteration 129: ||V_upper^k - V_upper^k-1||_inf = 0.00058429150471198468, ||V_lower^k - V_lower^k-1||_inf = 0.00089650327764829313
    Local Iteration 130: ||V_upper^k - V_upper^k-1||_inf = 0.00056091984452350495, ||V_lower^k - V_lower^k-1||_inf = 0.00086064314654235932
    Local Iteration 131: ||V_upper^k - V_upper^k-1||_inf = 0.00053848305074256399, ||V_lower^k - V_lower^k-1||_inf = 0.00082621742068066453
    Local Iteration 132: ||V_upper^k - V_upper^k-1||_inf = 0.00051694372871286150, ||V_lower^k - V_lower^k-1||_inf = 0.00079316872385343934
    Local Iteration 133: ||V_upper^k - V_upper^k-1||_inf = 0.00049626597956434551, ||V_lower^k - V_lower^k-1||_inf = 0.00076144197489930177
    Local Iteration 134: ||V_upper^k - V_upper^k-1||_inf = 0.00047641534038177051, ||V_lower^k - V_lower^k-1||_inf = 0.00073098429590333011
    Local Iteration 135: ||V_upper^k - V_upper^k-1||_inf = 0.00045735872676650087, ||V_lower^k - V_lower^k-1||_inf = 0.00070174492406719496
    Local Iteration 136: ||V_upper^k - V_upper^k-1||_inf = 0.00043906437769584104, ||V_lower^k - V_lower^k-1||_inf = 0.00067367512710450952
    Local Iteration 137: ||V_upper^k - V_upper^k-1||_inf = 0.00042150180258800768, ||V_lower^k - V_lower^k-1||_inf = 0.00064672812202032880
    Local Iteration 138: ||V_upper^k - V_upper^k-1||_inf = 0.00040464173048448612, ||V_lower^k - V_lower^k-1||_inf = 0.00062085899713951523
    Local Iteration 139: ||V_upper^k - V_upper^k-1||_inf = 0.00038845606126510640, ||V_lower^k - V_lower^k-1||_inf = 0.00059602463725393420
    Local Iteration 140: ||V_upper^k - V_upper^k-1||_inf = 0.00037291781881450270, ||V_lower^k - V_lower^k-1||_inf = 0.00057218365176377704
    Local Iteration 141: ||V_upper^k - V_upper^k-1||_inf = 0.00035800110606192329, ||V_lower^k - V_lower^k-1||_inf = 0.00054929630569322541
    Local Iteration 142: ||V_upper^k - V_upper^k-1||_inf = 0.00034368106181944646, ||V_lower^k - V_lower^k-1||_inf = 0.00052732445346549695
    Local Iteration 143: ||V_upper^k - V_upper^k-1||_inf = 0.00032993381934666877, ||V_lower^k - V_lower^k-1||_inf = 0.00050623147532687790
    Local Iteration 144: ||V_upper^k - V_upper^k-1||_inf = 0.00031673646657280185, ||V_lower^k - V_lower^k-1||_inf = 0.00048598221631380133
    Local Iteration 145: ||V_upper^k - V_upper^k-1||_inf = 0.00030406700790988964, ||V_lower^k - V_lower^k-1||_inf = 0.00046654292766125025
    Local Iteration 146: ||V_upper^k - V_upper^k-1||_inf = 0.00029190432759349395, ||V_lower^k - V_lower^k-1||_inf = 0.00044788121055479996
    Local Iteration 147: ||V_upper^k - V_upper^k-1||_inf = 0.00028022815448975474, ||V_lower^k - V_lower^k-1||_inf = 0.00042996596213260713
    Local Iteration 148: ||V_upper^k - V_upper^k-1||_inf = 0.00026901902831016379, ||V_lower^k - V_lower^k-1||_inf = 0.00041276732364730305
    Local Iteration 149: ||V_upper^k - V_upper^k-1||_inf = 0.00025825826717775727, ||V_lower^k - V_lower^k-1||_inf = 0.00039625663070141058
    Local Iteration 150: ||V_upper^k - V_upper^k-1||_inf = 0.00024792793649064653, ||V_lower^k - V_lower^k-1||_inf = 0.00038040636547335450
    Local Iteration 151: ||V_upper^k - V_upper^k-1||_inf = 0.00023801081903102039, ||V_lower^k - V_lower^k-1||_inf = 0.00036519011085442074
    Local Iteration 152: ||V_upper^k - V_upper^k-1||_inf = 0.00022849038626977965, ||V_lower^k - V_lower^k-1||_inf = 0.00035058250642024461
    Local Iteration 153: ||V_upper^k - V_upper^k-1||_inf = 0.00021935077081898860, ||V_lower^k - V_lower^k-1||_inf = 0.00033655920616343371
    Local Iteration 154: ||V_upper^k - V_upper^k-1||_inf = 0.00021057673998622906, ||V_lower^k - V_lower^k-1||_inf = 0.00032309683791689661
    Local Iteration 155: ||V_upper^k - V_upper^k-1||_inf = 0.00020215367038677913, ||V_lower^k - V_lower^k-1||_inf = 0.00031017296440022119
    Local Iteration 156: ||V_upper^k - V_upper^k-1||_inf = 0.00019406752357130786, ||V_lower^k - V_lower^k-1||_inf = 0.00029776604582421214
    Local Iteration 157: ||V_upper^k - V_upper^k-1||_inf = 0.00018630482262845536, ||V_lower^k - V_lower^k-1||_inf = 0.00028585540399124389
    Local Iteration 158: ||V_upper^k - V_upper^k-1||_inf = 0.00017885262972331707, ||V_lower^k - V_lower^k-1||_inf = 0.00027442118783159355
    Local Iteration 159: ||V_upper^k - V_upper^k-1||_inf = 0.00017169852453438475, ||V_lower^k - V_lower^k-1||_inf = 0.00026344434031832977
    Local Iteration 160: ||V_upper^k - V_upper^k-1||_inf = 0.00016483058355300922, ||V_lower^k - V_lower^k-1||_inf = 0.00025290656670559717
    Local Iteration 161: ||V_upper^k - V_upper^k-1||_inf = 0.00015823736021088877, ||V_lower^k - V_lower^k-1||_inf = 0.00024279030403737308
    Local Iteration 162: ||V_upper^k - V_upper^k-1||_inf = 0.00015190786580245291, ||V_lower^k - V_lower^k-1||_inf = 0.00023307869187587805
    Local Iteration 163: ||V_upper^k - V_upper^k-1||_inf = 0.00014583155117035493, ||V_lower^k - V_lower^k-1||_inf = 0.00022375554420084320
    Local Iteration 164: ||V_upper^k - V_upper^k-1||_inf = 0.00013999828912354077, ||V_lower^k - V_lower^k-1||_inf = 0.00021480532243280896
    Local Iteration 165: ||V_upper^k - V_upper^k-1||_inf = 0.00013439835755859903, ||V_lower^k - V_lower^k-1||_inf = 0.00020621310953549635
    Local Iteration 166: ||V_upper^k - V_upper^k-1||_inf = 0.00012902242325625547, ||V_lower^k - V_lower^k-1||_inf = 0.00019796458515407723
    Local Iteration 167: ||V_upper^k - V_upper^k-1||_inf = 0.00012386152632600563, ||V_lower^k - V_lower^k-1||_inf = 0.00019004600174791358
    Local Iteration 168: ||V_upper^k - V_upper^k-1||_inf = 0.00011890706527296511, ||V_lower^k - V_lower^k-1||_inf = 0.00018244416167799687
    Local Iteration 169: ||V_upper^k - V_upper^k-1||_inf = 0.00011415078266204665, ||V_lower^k - V_lower^k-1||_inf = 0.00017514639521087720
    Local Iteration 170: ||V_upper^k - V_upper^k-1||_inf = 0.00010958475135556438, ||V_lower^k - V_lower^k-1||_inf = 0.00016814053940244263
    Local Iteration 171: ||V_upper^k - V_upper^k-1||_inf = 0.00010520136130134179, ||V_lower^k - V_lower^k-1||_inf = 0.00016043015770562637
    Local Iteration 172: ||V_upper^k - V_upper^k-1||_inf = 0.00010099330684928791, ||V_lower^k - V_lower^k-1||_inf = 0.00015401295139740121
    Local Iteration 173: ||V_upper^k - V_upper^k-1||_inf = 0.00009695357457531603, ||V_lower^k - V_lower^k-1||_inf = 0.00012004198734876436
    Local Iteration 174: ||V_upper^k - V_upper^k-1||_inf = 0.00009307543159230353, ||V_lower^k - V_lower^k-1||_inf = 0.00000000000000000000
    Local Iteration 175: ||V_upper^k - V_upper^k-1||_inf = 0.00008935241432861158, ||V_lower^k - V_lower^k-1||_inf = 0.00000000000000000000
    Local Iteration 176: ||V_upper^k - V_upper^k-1||_inf = 0.00008577831775546723, ||V_lower^k - V_lower^k-1||_inf = 0.00000000000000000000
    Local Iteration 177: ||V_upper^k - V_upper^k-1||_inf = 0.00008234718504524841, ||V_lower^k - V_lower^k-1||_inf = 0.00000000000000000000
    Local Iteration 178: ||V_upper^k - V_upper^k-1||_inf = 0.00007905329764343848, ||V_lower^k - V_lower^k-1||_inf = 0.00000000000000000000
    Local Iteration 179: ||V_upper^k - V_upper^k-1||_inf = 0.00007589116573770093, ||V_lower^k - V_lower^k-1||_inf = 0.00000000000000000000
    Local Iteration 180: ||V_upper^k - V_upper^k-1||_inf = 0.00007285551910819299, ||V_lower^k - V_lower^k-1||_inf = 0.00000000000000000000
    Local Iteration 181: ||V_upper^k - V_upper^k-1||_inf = 0.00006994129834386525, ||V_lower^k - V_lower^k-1||_inf = 0.00000000000000000000
    Local Iteration 182: ||V_upper^k - V_upper^k-1||_inf = 0.00006714364641011075, ||V_lower^k - V_lower^k-1||_inf = 0.00000000000000000000
    Local Iteration 183: ||V_upper^k - V_upper^k-1||_inf = 0.00006445790055370623, ||V_lower^k - V_lower^k-1||_inf = 0.00000000000000000000
    Local Iteration 184: ||V_upper^k - V_upper^k-1||_inf = 0.00006187958453155785, ||V_lower^k - V_lower^k-1||_inf = 0.00000000000000000000
    Local Iteration 185: ||V_upper^k - V_upper^k-1||_inf = 0.00005940440115029559, ||V_lower^k - V_lower^k-1||_inf = 0.00000000000000000000
    Local Iteration 186: ||V_upper^k - V_upper^k-1||_inf = 0.00005702822510428372, ||V_lower^k - V_lower^k-1||_inf = 0.00000000000000000000
    Local Iteration 187: ||V_upper^k - V_upper^k-1||_inf = 0.00005474709610011220, ||V_lower^k - V_lower^k-1||_inf = 0.00000000000000000000
    Local Iteration 188: ||V_upper^k - V_upper^k-1||_inf = 0.00005255721225610782, ||V_lower^k - V_lower^k-1||_inf = 0.00000000000000000000
    Local Iteration 189: ||V_upper^k - V_upper^k-1||_inf = 0.00005045492376586362, ||V_lower^k - V_lower^k-1||_inf = 0.00000000000000000000
    Local Iteration 190: ||V_upper^k - V_upper^k-1||_inf = 0.00004843672681522889, ||V_lower^k - V_lower^k-1||_inf = 0.00000000000000000000
    Local Iteration 191: ||V_upper^k - V_upper^k-1||_inf = 0.00004649925774261976, ||V_lower^k - V_lower^k-1||_inf = 0.00000000000000000000
    Local Iteration 192: ||V_upper^k - V_upper^k-1||_inf = 0.00004463928743291489, ||V_lower^k - V_lower^k-1||_inf = 0.00000000000000000000
    Local Iteration 193: ||V_upper^k - V_upper^k-1||_inf = 0.00004285371593559827, ||V_lower^k - V_lower^k-1||_inf = 0.00000000000000000000
    Local Iteration 194: ||V_upper^k - V_upper^k-1||_inf = 0.00004113956729817430, ||V_lower^k - V_lower^k-1||_inf = 0.00000000000000000000
    Local Iteration 195: ||V_upper^k - V_upper^k-1||_inf = 0.00003949398460624737, ||V_lower^k - V_lower^k-1||_inf = 0.00000000000000000000
    Local Iteration 196: ||V_upper^k - V_upper^k-1||_inf = 0.00003791422522199752, ||V_lower^k - V_lower^k-1||_inf = 0.00000000000000000000
    Local Iteration 197: ||V_upper^k - V_upper^k-1||_inf = 0.00003639765621311767, ||V_lower^k - V_lower^k-1||_inf = 0.00000000000000000000
    Local Iteration 198: ||V_upper^k - V_upper^k-1||_inf = 0.00003494174996459306, ||V_lower^k - V_lower^k-1||_inf = 0.00000000000000000000
    Local Iteration 199: ||V_upper^k - V_upper^k-1||_inf = 0.00003354407996600934, ||V_lower^k - V_lower^k-1||_inf = 0.00000000000000000000
    Local Iteration 200: ||V_upper^k - V_upper^k-1||_inf = 0.00003220231676736901, ||V_lower^k - V_lower^k-1||_inf = 0.00000000000000000000
    Local Iteration 201: ||V_upper^k - V_upper^k-1||_inf = 0.00003091422409667432, ||V_lower^k - V_lower^k-1||_inf = 0.00000000000000000000
    Local Iteration 202: ||V_upper^k - V_upper^k-1||_inf = 0.00002967765513280736, ||V_lower^k - V_lower^k-1||_inf = 0.00000000000000000000
    Local Iteration 203: ||V_upper^k - V_upper^k-1||_inf = 0.00002849054892749509, ||V_lower^k - V_lower^k-1||_inf = 0.00000000000000000000
    Local Iteration 204: ||V_upper^k - V_upper^k-1||_inf = 0.00002718387818531056, ||V_lower^k - V_lower^k-1||_inf = 0.00000000000000000000
    Local Iteration 205: ||V_upper^k - V_upper^k-1||_inf = 0.00002604491547059183, ||V_lower^k - V_lower^k-1||_inf = 0.00000000000000000000
    Local Iteration 206: ||V_upper^k - V_upper^k-1||_inf = 0.00002500311885176811, ||V_lower^k - V_lower^k-1||_inf = 0.00000000000000000000
    Local Iteration 207: ||V_upper^k - V_upper^k-1||_inf = 0.00002400299409769741, ||V_lower^k - V_lower^k-1||_inf = 0.00000000000000000000
    Local Iteration 208: ||V_upper^k - V_upper^k-1||_inf = 0.00002304287433378948, ||V_lower^k - V_lower^k-1||_inf = 0.00000000000000000000
    Local Iteration 209: ||V_upper^k - V_upper^k-1||_inf = 0.00002212115936043793, ||V_lower^k - V_lower^k-1||_inf = 0.00000000000000000000
    Local Iteration 210: ||V_upper^k - V_upper^k-1||_inf = 0.00002123631298602045, ||V_lower^k - V_lower^k-1||_inf = 0.00000000000000000000
    Local Iteration 211: ||V_upper^k - V_upper^k-1||_inf = 0.00002038686046657961, ||V_lower^k - V_lower^k-1||_inf = 0.00000000000000000000
    Local Iteration 212: ||V_upper^k - V_upper^k-1||_inf = 0.00001957138604791642, ||V_lower^k - V_lower^k-1||_inf = 0.00000000000000000000
    Local Iteration 213: ||V_upper^k - V_upper^k-1||_inf = 0.00001849171796212664, ||V_lower^k - V_lower^k-1||_inf = 0.00000000000000000000
    Local Iteration 214: ||V_upper^k - V_upper^k-1||_inf = 0.00001752870941295991, ||V_lower^k - V_lower^k-1||_inf = 0.00000000000000000000
    Local Iteration 215: ||V_upper^k - V_upper^k-1||_inf = 0.00001682756103644150, ||V_lower^k - V_lower^k-1||_inf = 0.00000000000000000000
    Local Iteration 216: ||V_upper^k - V_upper^k-1||_inf = 0.00001615445859498387, ||V_lower^k - V_lower^k-1||_inf = 0.00000000000000000000
    Local Iteration 217: ||V_upper^k - V_upper^k-1||_inf = 0.00001550828025118447, ||V_lower^k - V_lower^k-1||_inf = 0.00000000000000000000
    Local Iteration 218: ||V_upper^k - V_upper^k-1||_inf = 0.00001443343644697676, ||V_lower^k - V_lower^k-1||_inf = 0.00000000000000000000
    Local Iteration 219: ||V_upper^k - V_upper^k-1||_inf = 0.00001385609898909771, ||V_lower^k - V_lower^k-1||_inf = 0.00000000000000000000
    Local Iteration 220: ||V_upper^k - V_upper^k-1||_inf = 0.00001311047086305248, ||V_lower^k - V_lower^k-1||_inf = 0.00000000000000000000
    Local Iteration 221: ||V_upper^k - V_upper^k-1||_inf = 0.00001258605202853036, ||V_lower^k - V_lower^k-1||_inf = 0.00000000000000000000
    Local Iteration 222: ||V_upper^k - V_upper^k-1||_inf = 0.00001208260994738916, ||V_lower^k - V_lower^k-1||_inf = 0.00000000000000000000
    Local Iteration 223: ||V_upper^k - V_upper^k-1||_inf = 0.00001135790944599150, ||V_lower^k - V_lower^k-1||_inf = 0.00000000000000000000
    Local Iteration 224: ||V_upper^k - V_upper^k-1||_inf = 0.00001072935806941891, ||V_lower^k - V_lower^k-1||_inf = 0.00000000000000000000
    Local Iteration 225: ||V_upper^k - V_upper^k-1||_inf = 0.00001030018374664218, ||V_lower^k - V_lower^k-1||_inf = 0.00000000000000000000
    Local Iteration 226: ||V_upper^k - V_upper^k-1||_inf = 0.00000988817639677647, ||V_lower^k - V_lower^k-1||_inf = 0.00000000000000000000
    Local Iteration 227: ||V_upper^k - V_upper^k-1||_inf = 0.00000949264934090540, ||V_lower^k - V_lower^k-1||_inf = 0.00000000000000000000
    Local Iteration 228: ||V_upper^k - V_upper^k-1||_inf = 0.00000911294336726918, ||V_lower^k - V_lower^k-1||_inf = 0.00000000000000000000
    Local Iteration 229: ||V_upper^k - V_upper^k-1||_inf = 0.00000874842563257844, ||V_lower^k - V_lower^k-1||_inf = 0.00000000000000000000
    Local Iteration 230: ||V_upper^k - V_upper^k-1||_inf = 0.00000839848860727528, ||V_lower^k - V_lower^k-1||_inf = 0.00000000000000000000
    Local Iteration 231: ||V_upper^k - V_upper^k-1||_inf = 0.00000806254906298427, ||V_lower^k - V_lower^k-1||_inf = 0.00000000000000000000
    Local Iteration 232: ||V_upper^k - V_upper^k-1||_inf = 0.00000774004710046492, ||V_lower^k - V_lower^k-1||_inf = 0.00000000000000000000
    Local Iteration 233: ||V_upper^k - V_upper^k-1||_inf = 0.00000743044521644631, ||V_lower^k - V_lower^k-1||_inf = 0.00000000000000000000
    Local Iteration 234: ||V_upper^k - V_upper^k-1||_inf = 0.00000713322740778844, ||V_lower^k - V_lower^k-1||_inf = 0.00000000000000000000
    Local Iteration 235: ||V_upper^k - V_upper^k-1||_inf = 0.00000684789831147692, ||V_lower^k - V_lower^k-1||_inf = 0.00000000000000000000
    Local Iteration 236: ||V_upper^k - V_upper^k-1||_inf = 0.00000657398237901785, ||V_lower^k - V_lower^k-1||_inf = 0.00000000000000000000
    Local Iteration 237: ||V_upper^k - V_upper^k-1||_inf = 0.00000631102308385712, ||V_lower^k - V_lower^k-1||_inf = 0.00000000000000000000
    Local Iteration 238: ||V_upper^k - V_upper^k-1||_inf = 0.00000605858216050283, ||V_lower^k - V_lower^k-1||_inf = 0.00000000000000000000
    Local Iteration 239: ||V_upper^k - V_upper^k-1||_inf = 0.00000581623887408272, ||V_lower^k - V_lower^k-1||_inf = 0.00000000000000000000
    Local Iteration 240: ||V_upper^k - V_upper^k-1||_inf = 0.00000558358931911941, ||V_lower^k - V_lower^k-1||_inf = 0.00000000000000000000
    Local Iteration 241: ||V_upper^k - V_upper^k-1||_inf = 0.00000536024574635465, ||V_lower^k - V_lower^k-1||_inf = 0.00000000000000000000
    Local Iteration 242: ||V_upper^k - V_upper^k-1||_inf = 0.00000514583591650045, ||V_lower^k - V_lower^k-1||_inf = 0.00000000000000000000
    Local Iteration 243: ||V_upper^k - V_upper^k-1||_inf = 0.00000494000247984043, ||V_lower^k - V_lower^k-1||_inf = 0.00000000000000000000
    Local Iteration 244: ||V_upper^k - V_upper^k-1||_inf = 0.00000474240238064682, ||V_lower^k - V_lower^k-1||_inf = 0.00000000000000000000
    Local Iteration 245: ||V_upper^k - V_upper^k-1||_inf = 0.00000455270628542094, ||V_lower^k - V_lower^k-1||_inf = 0.00000000000000000000
    Local Iteration 246: ||V_upper^k - V_upper^k-1||_inf = 0.00000437059803400411, ||V_lower^k - V_lower^k-1||_inf = 0.00000000000000000000
    Local Iteration 247: ||V_upper^k - V_upper^k-1||_inf = 0.00000419577411264394, ||V_lower^k - V_lower^k-1||_inf = 0.00000000000000000000
    Local Iteration 248: ||V_upper^k - V_upper^k-1||_inf = 0.00000402794314813818, ||V_lower^k - V_lower^k-1||_inf = 0.00000000000000000000
    Local Iteration 249: ||V_upper^k - V_upper^k-1||_inf = 0.00000386682542221266, ||V_lower^k - V_lower^k-1||_inf = 0.00000000000000000000
    Local Iteration 250: ||V_upper^k - V_upper^k-1||_inf = 0.00000371215240532415, ||V_lower^k - V_lower^k-1||_inf = 0.00000000000000000000
    Local Iteration 251: ||V_upper^k - V_upper^k-1||_inf = 0.00000356366630911119, ||V_lower^k - V_lower^k-1||_inf = 0.00000000000000000000
    Local Iteration 252: ||V_upper^k - V_upper^k-1||_inf = 0.00000342111965674674, ||V_lower^k - V_lower^k-1||_inf = 0.00000000000000000000
    Local Iteration 253: ||V_upper^k - V_upper^k-1||_inf = 0.00000328427487047686, ||V_lower^k - V_lower^k-1||_inf = 0.00000000000000000000
    Local Iteration 254: ||V_upper^k - V_upper^k-1||_inf = 0.00000315290387565779, ||V_lower^k - V_lower^k-1||_inf = 0.00000000000000000000
    Local Iteration 255: ||V_upper^k - V_upper^k-1||_inf = 0.00000302678772063149, ||V_lower^k - V_lower^k-1||_inf = 0.00000000000000000000
    Local Iteration 256: ||V_upper^k - V_upper^k-1||_inf = 0.00000290571621180623, ||V_lower^k - V_lower^k-1||_inf = 0.00000000000000000000
    Local Iteration 257: ||V_upper^k - V_upper^k-1||_inf = 0.00000278948756333397, ||V_lower^k - V_lower^k-1||_inf = 0.00000000000000000000
    Local Iteration 258: ||V_upper^k - V_upper^k-1||_inf = 0.00000267790806080061, ||V_lower^k - V_lower^k-1||_inf = 0.00000000000000000000
    Local Iteration 259: ||V_upper^k - V_upper^k-1||_inf = 0.00000257079173836859, ||V_lower^k - V_lower^k-1||_inf = 0.00000000000000000000
    Local Iteration 260: ||V_upper^k - V_upper^k-1||_inf = 0.00000246796006883384, ||V_lower^k - V_lower^k-1||_inf = 0.00000000000000000000
    Local Iteration 261: ||V_upper^k - V_upper^k-1||_inf = 0.00000236924166608049, ||V_lower^k - V_lower^k-1||_inf = 0.00000000000000000000
    Local Iteration 262: ||V_upper^k - V_upper^k-1||_inf = 0.00000227447199943728, ||V_lower^k - V_lower^k-1||_inf = 0.00000000000000000000
    Local Iteration 263: ||V_upper^k - V_upper^k-1||_inf = 0.00000218349311945978, ||V_lower^k - V_lower^k-1||_inf = 0.00000000000000000000
    Local Iteration 264: ||V_upper^k - V_upper^k-1||_inf = 0.00000209615339468139, ||V_lower^k - V_lower^k-1||_inf = 0.00000000000000000000
    Local Iteration 265: ||V_upper^k - V_upper^k-1||_inf = 0.00000201230725889414, ||V_lower^k - V_lower^k-1||_inf = 0.00000000000000000000
    Local Iteration 266: ||V_upper^k - V_upper^k-1||_inf = 0.00000193181496853837, ||V_lower^k - V_lower^k-1||_inf = 0.00000000000000000000
    Local Iteration 267: ||V_upper^k - V_upper^k-1||_inf = 0.00000185454236979683, ||V_lower^k - V_lower^k-1||_inf = 0.00000000000000000000
    Local Iteration 268: ||V_upper^k - V_upper^k-1||_inf = 0.00000178036067500496, ||V_lower^k - V_lower^k-1||_inf = 0.00000000000000000000
    Local Iteration 269: ||V_upper^k - V_upper^k-1||_inf = 0.00000170914624800476, ||V_lower^k - V_lower^k-1||_inf = 0.00000000000000000000
    Local Iteration 270: ||V_upper^k - V_upper^k-1||_inf = 0.00000164078039808457, ||V_lower^k - V_lower^k-1||_inf = 0.00000000000000000000
    Local Iteration 271: ||V_upper^k - V_upper^k-1||_inf = 0.00000157514918216119, ||V_lower^k - V_lower^k-1||_inf = 0.00000000000000000000
    Local Iteration 272: ||V_upper^k - V_upper^k-1||_inf = 0.00000151214321487474, ||V_lower^k - V_lower^k-1||_inf = 0.00000000000000000000
    Local Iteration 273: ||V_upper^k - V_upper^k-1||_inf = 0.00000145165748627975, ||V_lower^k - V_lower^k-1||_inf = 0.00000000000000000000
    Local Iteration 274: ||V_upper^k - V_upper^k-1||_inf = 0.00000139359118682856, ||V_lower^k - V_lower^k-1||_inf = 0.00000000000000000000
    Local Iteration 275: ||V_upper^k - V_upper^k-1||_inf = 0.00000133784753935542, ||V_lower^k - V_lower^k-1||_inf = 0.00000000000000000000
    Local Iteration 276: ||V_upper^k - V_upper^k-1||_inf = 0.00000128433363778120, ||V_lower^k - V_lower^k-1||_inf = 0.00000000000000000000
    Local Iteration 277: ||V_upper^k - V_upper^k-1||_inf = 0.00000123296029226995, ||V_lower^k - V_lower^k-1||_inf = 0.00000000000000000000
    Local Iteration 278: ||V_upper^k - V_upper^k-1||_inf = 0.00000118364188057915, ||V_lower^k - V_lower^k-1||_inf = 0.00000000000000000000
    Local Iteration 279: ||V_upper^k - V_upper^k-1||_inf = 0.00000113629620535599, ||V_lower^k - V_lower^k-1||_inf = 0.00000000000000000000
    Local Iteration 280: ||V_upper^k - V_upper^k-1||_inf = 0.00000109084435714175, ||V_lower^k - V_lower^k-1||_inf = 0.00000000000000000000
    Local Iteration 281: ||V_upper^k - V_upper^k-1||_inf = 0.00000104721058285608, ||V_lower^k - V_lower^k-1||_inf = 0.00000000000000000000
    Local Iteration 282: ||V_upper^k - V_upper^k-1||_inf = 0.00000100532215954184, ||V_lower^k - V_lower^k-1||_inf = 0.00000000000000000000
    Local Iteration 283: ||V_upper^k - V_upper^k-1||_inf = 0.00000096510927316016, ||V_lower^k - V_lower^k-1||_inf = 0.00000000000000000000
    Local Iteration 284: ||V_upper^k - V_upper^k-1||_inf = 0.00000092650490223376, ||V_lower^k - V_lower^k-1||_inf = 0.00000000000000000000
    Local Iteration 285: ||V_upper^k - V_upper^k-1||_inf = 0.00000088944470614441, ||V_lower^k - V_lower^k-1||_inf = 0.00000000000000000000
    Local Iteration 286: ||V_upper^k - V_upper^k-1||_inf = 0.00000085386691789863, ||V_lower^k - V_lower^k-1||_inf = 0.00000000000000000000
    Local Iteration 287: ||V_upper^k - V_upper^k-1||_inf = 0.00000081971224118269, ||V_lower^k - V_lower^k-1||_inf = 0.00000000000000000000
    Local Iteration 288: ||V_upper^k - V_upper^k-1||_inf = 0.00000078692375153538, ||V_lower^k - V_lower^k-1||_inf = 0.00000000000000000000
    Local Iteration 289: ||V_upper^k - V_upper^k-1||_inf = 0.00000075544680147396, ||V_lower^k - V_lower^k-1||_inf = 0.00000000000000000000
    Local Iteration 290: ||V_upper^k - V_upper^k-1||_inf = 0.00000072522892941500, ||V_lower^k - V_lower^k-1||_inf = 0.00000000000000000000
    Local Iteration 291: ||V_upper^k - V_upper^k-1||_inf = 0.00000069621977223840, ||V_lower^k - V_lower^k-1||_inf = 0.00000000000000000000
    Local Iteration 292: ||V_upper^k - V_upper^k-1||_inf = 0.00000066837098134887, ||V_lower^k - V_lower^k-1||_inf = 0.00000000000000000000
    Local Iteration 293: ||V_upper^k - V_upper^k-1||_inf = 0.00000064163614209491, ||V_lower^k - V_lower^k-1||_inf = 0.00000000000000000000
    Local Iteration 294: ||V_upper^k - V_upper^k-1||_inf = 0.00000061597069641112, ||V_lower^k - V_lower^k-1||_inf = 0.00000000000000000000
    Local Iteration 295: ||V_upper^k - V_upper^k-1||_inf = 0.00000059133186855467, ||V_lower^k - V_lower^k-1||_inf = 0.00000000000000000000
    Local Iteration 296: ||V_upper^k - V_upper^k-1||_inf = 0.00000056767859381248, ||V_lower^k - V_lower^k-1||_inf = 0.00000000000000000000
    Local Iteration 297: ||V_upper^k - V_upper^k-1||_inf = 0.00000054497145005999, ||V_lower^k - V_lower^k-1||_inf = 0.00000000000000000000
    Local Iteration 298: ||V_upper^k - V_upper^k-1||_inf = 0.00000052317259205759, ||V_lower^k - V_lower^k-1||_inf = 0.00000000000000000000
    Local Iteration 299: ||V_upper^k - V_upper^k-1||_inf = 0.00000050224568837528, ||V_lower^k - V_lower^k-1||_inf = 0.00000000000000000000
    Local Iteration 300: ||V_upper^k - V_upper^k-1||_inf = 0.00000048215586084027, ||V_lower^k - V_lower^k-1||_inf = 0.00000000000000000000
    Local Iteration 301: ||V_upper^k - V_upper^k-1||_inf = 0.00000046286962640666, ||V_lower^k - V_lower^k-1||_inf = 0.00000000000000000000
    Local Iteration 302: ||V_upper^k - V_upper^k-1||_inf = 0.00000044435484135039, ||V_lower^k - V_lower^k-1||_inf = 0.00000000000000000000
    Local Iteration 303: ||V_upper^k - V_upper^k-1||_inf = 0.00000042658064769638, ||V_lower^k - V_lower^k-1||_inf = 0.00000000000000000000
    Local Iteration 304: ||V_upper^k - V_upper^k-1||_inf = 0.00000040951742178852, ||V_lower^k - V_lower^k-1||_inf = 0.00000000000000000000
    Local Iteration 305: ||V_upper^k - V_upper^k-1||_inf = 0.00000039313672491698, ||V_lower^k - V_lower^k-1||_inf = 0.00000000000000000000
    Local Iteration 306: ||V_upper^k - V_upper^k-1||_inf = 0.00000037741125592030, ||V_lower^k - V_lower^k-1||_inf = 0.00000000000000000000
    Local Iteration 307: ||V_upper^k - V_upper^k-1||_inf = 0.00000036231480568349, ||V_lower^k - V_lower^k-1||_inf = 0.00000000000000000000
    Local Iteration 308: ||V_upper^k - V_upper^k-1||_inf = 0.00000034782221345615, ||V_lower^k - V_lower^k-1||_inf = 0.00000000000000000000
    Local Iteration 309: ||V_upper^k - V_upper^k-1||_inf = 0.00000033390932491790, ||V_lower^k - V_lower^k-1||_inf = 0.00000000000000000000
    Local Iteration 310: ||V_upper^k - V_upper^k-1||_inf = 0.00000032055295192119, ||V_lower^k - V_lower^k-1||_inf = 0.00000000000000000000
    Local Iteration 311: ||V_upper^k - V_upper^k-1||_inf = 0.00000030773083384434, ||V_lower^k - V_lower^k-1||_inf = 0.00000000000000000000
    Local Iteration 312: ||V_upper^k - V_upper^k-1||_inf = 0.00000029542160049057, ||V_lower^k - V_lower^k-1||_inf = 0.00000000000000000000
    Local Iteration 313: ||V_upper^k - V_upper^k-1||_inf = 0.00000028360473647094, ||V_lower^k - V_lower^k-1||_inf = 0.00000000000000000000
    Local Iteration 314: ||V_upper^k - V_upper^k-1||_inf = 0.00000027226054701211, ||V_lower^k - V_lower^k-1||_inf = 0.00000000000000000000
    Local Iteration 315: ||V_upper^k - V_upper^k-1||_inf = 0.00000026137012513162, ||V_lower^k - V_lower^k-1||_inf = 0.00000000000000000000
    Local Iteration 316: ||V_upper^k - V_upper^k-1||_inf = 0.00000025091532012636, ||V_lower^k - V_lower^k-1||_inf = 0.00000000000000000000
    Local Iteration 317: ||V_upper^k - V_upper^k-1||_inf = 0.00000024087870732130, ||V_lower^k - V_lower^k-1||_inf = 0.00000000000000000000
    Local Iteration 318: ||V_upper^k - V_upper^k-1||_inf = 0.00000023124355902845, ||V_lower^k - V_lower^k-1||_inf = 0.00000000000000000000
    Local Iteration 319: ||V_upper^k - V_upper^k-1||_inf = 0.00000022199381666731, ||V_lower^k - V_lower^k-1||_inf = 0.00000000000000000000
    Local Iteration 320: ||V_upper^k - V_upper^k-1||_inf = 0.00000021311406400062, ||V_lower^k - V_lower^k-1||_inf = 0.00000000000000000000
    Local Iteration 321: ||V_upper^k - V_upper^k-1||_inf = 0.00000020458950144060, ||V_lower^k - V_lower^k-1||_inf = 0.00000000000000000000
    Local Iteration 322: ||V_upper^k - V_upper^k-1||_inf = 0.00000019640592138297, ||V_lower^k - V_lower^k-1||_inf = 0.00000000000000000000
    Local Iteration 323: ||V_upper^k - V_upper^k-1||_inf = 0.00000018854968452765, ||V_lower^k - V_lower^k-1||_inf = 0.00000000000000000000
    Local Iteration 324: ||V_upper^k - V_upper^k-1||_inf = 0.00000018100769714655, ||V_lower^k - V_lower^k-1||_inf = 0.00000000000000000000
    Local Iteration 325: ||V_upper^k - V_upper^k-1||_inf = 0.00000017376738926069, ||V_lower^k - V_lower^k-1||_inf = 0.00000000000000000000
    Local Iteration 326: ||V_upper^k - V_upper^k-1||_inf = 0.00000016681669369026, ||V_lower^k - V_lower^k-1||_inf = 0.00000000000000000000
    Local Iteration 327: ||V_upper^k - V_upper^k-1||_inf = 0.00000016014402594265, ||V_lower^k - V_lower^k-1||_inf = 0.00000000000000000000
    Local Iteration 328: ||V_upper^k - V_upper^k-1||_inf = 0.00000015373826490494, ||V_lower^k - V_lower^k-1||_inf = 0.00000000000000000000
    Local Iteration 329: ||V_upper^k - V_upper^k-1||_inf = 0.00000014758873430874, ||V_lower^k - V_lower^k-1||_inf = 0.00000000000000000000
    Local Iteration 330: ||V_upper^k - V_upper^k-1||_inf = 0.00000014168518493639, ||V_lower^k - V_lower^k-1||_inf = 0.00000000000000000000
    Local Iteration 331: ||V_upper^k - V_upper^k-1||_inf = 0.00000013601777753894, ||V_lower^k - V_lower^k-1||_inf = 0.00000000000000000000
    Local Iteration 332: ||V_upper^k - V_upper^k-1||_inf = 0.00000013057706643738, ||V_lower^k - V_lower^k-1||_inf = 0.00000000000000000000
    Local Iteration 333: ||V_upper^k - V_upper^k-1||_inf = 0.00000012535398377989, ||V_lower^k - V_lower^k-1||_inf = 0.00000000000000000000
    Local Iteration 334: ||V_upper^k - V_upper^k-1||_inf = 0.00000012033982442869, ||V_lower^k - V_lower^k-1||_inf = 0.00000000000000000000
    Local Iteration 335: ||V_upper^k - V_upper^k-1||_inf = 0.00000011552623145154, ||V_lower^k - V_lower^k-1||_inf = 0.00000000000000000000
    Local Iteration 336: ||V_upper^k - V_upper^k-1||_inf = 0.00000011090518219348, ||V_lower^k - V_lower^k-1||_inf = 0.00000000000000000000
    Local Iteration 337: ||V_upper^k - V_upper^k-1||_inf = 0.00000010646897490574, ||V_lower^k - V_lower^k-1||_inf = 0.00000000000000000000
    Local Iteration 338: ||V_upper^k - V_upper^k-1||_inf = 0.00000010221021590951, ||V_lower^k - V_lower^k-1||_inf = 0.00000000000000000000
    Local Iteration 339: ||V_upper^k - V_upper^k-1||_inf = 0.00000009812180727313, ||V_lower^k - V_lower^k-1||_inf = 0.00000000000000000000
    Local Iteration 340: ||V_upper^k - V_upper^k-1||_inf = 0.00000009419693498221, ||V_lower^k - V_lower^k-1||_inf = 0.00000000000000000000
    Local Iteration 341: ||V_upper^k - V_upper^k-1||_inf = 0.00000009042905758292, ||V_lower^k - V_lower^k-1||_inf = 0.00000000000000000000
    Local Iteration 342: ||V_upper^k - V_upper^k-1||_inf = 0.00000008681189527960, ||V_lower^k - V_lower^k-1||_inf = 0.00000000000000000000
    Local Iteration 343: ||V_upper^k - V_upper^k-1||_inf = 0.00000008333941946842, ||V_lower^k - V_lower^k-1||_inf = 0.00000000000000000000
    Local Iteration 344: ||V_upper^k - V_upper^k-1||_inf = 0.00000008000584268968, ||V_lower^k - V_lower^k-1||_inf = 0.00000000000000000000
    Local Iteration 345: ||V_upper^k - V_upper^k-1||_inf = 0.00000007680560898209, ||V_lower^k - V_lower^k-1||_inf = 0.00000000000000000000
    Local Iteration 346: ||V_upper^k - V_upper^k-1||_inf = 0.00000007373338462281, ||V_lower^k - V_lower^k-1||_inf = 0.00000000000000000000
    Local Iteration 347: ||V_upper^k - V_upper^k-1||_inf = 0.00000007078404923790, ||V_lower^k - V_lower^k-1||_inf = 0.00000000000000000000
    Local Iteration 348: ||V_upper^k - V_upper^k-1||_inf = 0.00000006795268726838, ||V_lower^k - V_lower^k-1||_inf = 0.00000000000000000000
    Local Iteration 349: ||V_upper^k - V_upper^k-1||_inf = 0.00000006523457977765, ||V_lower^k - V_lower^k-1||_inf = 0.00000000000000000000
    Local Iteration 350: ||V_upper^k - V_upper^k-1||_inf = 0.00000006262519658654, ||V_lower^k - V_lower^k-1||_inf = 0.00000000000000000000
    Local Iteration 351: ||V_upper^k - V_upper^k-1||_inf = 0.00000006012018872308, ||V_lower^k - V_lower^k-1||_inf = 0.00000000000000000000
    Local Iteration 352: ||V_upper^k - V_upper^k-1||_inf = 0.00000005771538117416, ||V_lower^k - V_lower^k-1||_inf = 0.00000000000000000000
    Local Iteration 353: ||V_upper^k - V_upper^k-1||_inf = 0.00000005540676592719, ||V_lower^k - V_lower^k-1||_inf = 0.00000000000000000000
    Local Iteration 354: ||V_upper^k - V_upper^k-1||_inf = 0.00000005319049529010, ||V_lower^k - V_lower^k-1||_inf = 0.00000000000000000000
    Local Iteration 355: ||V_upper^k - V_upper^k-1||_inf = 0.00000005106287547850, ||V_lower^k - V_lower^k-1||_inf = 0.00000000000000000000
    Local Iteration 356: ||V_upper^k - V_upper^k-1||_inf = 0.00000004902036045936, ||V_lower^k - V_lower^k-1||_inf = 0.00000000000000000000
    Local Iteration 357: ||V_upper^k - V_upper^k-1||_inf = 0.00000004705954604098, ||V_lower^k - V_lower^k-1||_inf = 0.00000000000000000000
    Local Iteration 358: ||V_upper^k - V_upper^k-1||_inf = 0.00000004517716419934, ||V_lower^k - V_lower^k-1||_inf = 0.00000000000000000000
    Local Iteration 359: ||V_upper^k - V_upper^k-1||_inf = 0.00000004337007763137, ||V_lower^k - V_lower^k-1||_inf = 0.00000000000000000000
    Local Iteration 360: ||V_upper^k - V_upper^k-1||_inf = 0.00000004163527452612, ||V_lower^k - V_lower^k-1||_inf = 0.00000000000000000000
    Local Iteration 361: ||V_upper^k - V_upper^k-1||_inf = 0.00000003996986354507, ||V_lower^k - V_lower^k-1||_inf = 0.00000000000000000000
    Local Iteration 362: ||V_upper^k - V_upper^k-1||_inf = 0.00000003837106900327, ||V_lower^k - V_lower^k-1||_inf = 0.00000000000000000000
    Local Iteration 363: ||V_upper^k - V_upper^k-1||_inf = 0.00000003683622624314, ||V_lower^k - V_lower^k-1||_inf = 0.00000000000000000000
    Local Iteration 364: ||V_upper^k - V_upper^k-1||_inf = 0.00000003536277719341, ||V_lower^k - V_lower^k-1||_inf = 0.00000000000000000000
    Local Iteration 365: ||V_upper^k - V_upper^k-1||_inf = 0.00000003394826610568, ||V_lower^k - V_lower^k-1||_inf = 0.00000000000000000000
    Local Iteration 366: ||V_upper^k - V_upper^k-1||_inf = 0.00000003259033546145, ||V_lower^k - V_lower^k-1||_inf = 0.00000000000000000000
    Local Iteration 367: ||V_upper^k - V_upper^k-1||_inf = 0.00000003128672204299, ||V_lower^k - V_lower^k-1||_inf = 0.00000000000000000000
    Local Iteration 368: ||V_upper^k - V_upper^k-1||_inf = 0.00000003003525316127, ||V_lower^k - V_lower^k-1||_inf = 0.00000000000000000000
    Local Iteration 369: ||V_upper^k - V_upper^k-1||_inf = 0.00000002883384303482, ||V_lower^k - V_lower^k-1||_inf = 0.00000000000000000000
    Local Iteration 370: ||V_upper^k - V_upper^k-1||_inf = 0.00000002768048931343, ||V_lower^k - V_lower^k-1||_inf = 0.00000000000000000000
    Local Iteration 371: ||V_upper^k - V_upper^k-1||_inf = 0.00000002657326974089, ||V_lower^k - V_lower^k-1||_inf = 0.00000000000000000000
    Local Iteration 372: ||V_upper^k - V_upper^k-1||_inf = 0.00000002551033895125, ||V_lower^k - V_lower^k-1||_inf = 0.00000000000000000000
    Local Iteration 373: ||V_upper^k - V_upper^k-1||_inf = 0.00000002448992539320, ||V_lower^k - V_lower^k-1||_inf = 0.00000000000000000000
    Local Iteration 374: ||V_upper^k - V_upper^k-1||_inf = 0.00000002351032837748, ||V_lower^k - V_lower^k-1||_inf = 0.00000000000000000000
    Local Iteration 375: ||V_upper^k - V_upper^k-1||_inf = 0.00000002256991524238, ||V_lower^k - V_lower^k-1||_inf = 0.00000000000000000000
    Local Iteration 376: ||V_upper^k - V_upper^k-1||_inf = 0.00000002166711863268, ||V_lower^k - V_lower^k-1||_inf = 0.00000000000000000000
    Local Iteration 377: ||V_upper^k - V_upper^k-1||_inf = 0.00000002080043388737, ||V_lower^k - V_lower^k-1||_inf = 0.00000000000000000000
    Local Iteration 378: ||V_upper^k - V_upper^k-1||_inf = 0.00000001996841653188, ||V_lower^k - V_lower^k-1||_inf = 0.00000000000000000000
    Local Iteration 379: ||V_upper^k - V_upper^k-1||_inf = 0.00000001916967987060, ||V_lower^k - V_lower^k-1||_inf = 0.00000000000000000000
    Local Iteration 380: ||V_upper^k - V_upper^k-1||_inf = 0.00000001840289267578, ||V_lower^k - V_lower^k-1||_inf = 0.00000000000000000000
    Local Iteration 381: ||V_upper^k - V_upper^k-1||_inf = 0.00000001766677696875, ||V_lower^k - V_lower^k-1||_inf = 0.00000000000000000000
    Local Iteration 382: ||V_upper^k - V_upper^k-1||_inf = 0.00000001696010589000, ||V_lower^k - V_lower^k-1||_inf = 0.00000000000000000000
    Local Iteration 383: ||V_upper^k - V_upper^k-1||_inf = 0.00000001628170165440, ||V_lower^k - V_lower^k-1||_inf = 0.00000000000000000000
    Local Iteration 384: ||V_upper^k - V_upper^k-1||_inf = 0.00000001563043358822, ||V_lower^k - V_lower^k-1||_inf = 0.00000000000000000000
    Local Iteration 385: ||V_upper^k - V_upper^k-1||_inf = 0.00000001500521624469, ||V_lower^k - V_lower^k-1||_inf = 0.00000000000000000000
    Local Iteration 386: ||V_upper^k - V_upper^k-1||_inf = 0.00000001440500759491, ||V_lower^k - V_lower^k-1||_inf = 0.00000000000000000000
    Local Iteration 387: ||V_upper^k - V_upper^k-1||_inf = 0.00000001382880729111, ||V_lower^k - V_lower^k-1||_inf = 0.00000000000000000000
    Local Iteration 388: ||V_upper^k - V_upper^k-1||_inf = 0.00000001327565499947, ||V_lower^k - V_lower^k-1||_inf = 0.00000000000000000000
    Local Iteration 389: ||V_upper^k - V_upper^k-1||_inf = 0.00000001274462879949, ||V_lower^k - V_lower^k-1||_inf = 0.00000000000000000000
    Local Iteration 390: ||V_upper^k - V_upper^k-1||_inf = 0.00000001223484364751, ||V_lower^k - V_lower^k-1||_inf = 0.00000000000000000000
    Local Iteration 391: ||V_upper^k - V_upper^k-1||_inf = 0.00000001174544990161, ||V_lower^k - V_lower^k-1||_inf = 0.00000000000000000000
    Local Iteration 392: ||V_upper^k - V_upper^k-1||_inf = 0.00000000660727249937, ||V_lower^k - V_lower^k-1||_inf = 0.00000000000000000000

==================================================
 LOCAL CONVERGENCE ACHIEVED
==================================================
  ||V_upper^k - V_upper^k-1||_inf = 6.60727249937296736373e-09 < tolerance = 1e-08
  ||V_lower^k - V_lower^k-1||_inf = 0.00000000000000000000e+00 < tolerance = 1e-08
  Converged in 392 iterations
  V_lower increased from min(l_lower, r_lower); smallest step 0.000e+00
    Local VI completed in 392 iterations
    Final convergence values:
      ||V_upper^final - V_upper^prev||_inf = 6.60727250e-09
      ||V_lower^final - V_lower^prev||_inf = 0.00000000e+00
  Local VI completed in 392 iterations, time: 0.137s
    Final ||V_upper^k - V_upper^k-1||_inf = 6.60727249937296736373e-09
    Final ||V_lower^k - V_lower^k-1||_inf = 0.00000000000000000000e+00
  Saved visualization: /Users/i.k.tabbara/Documents/python directory/HSCC_2027/refactored_Implementations/results_hscc_2027_modified_init/ra_discount/van_der_pol_res40_eps0.001_dmin1e-08_dmax1e-08_gamma0.96_dt0.01_tau0.01_std/value_function_phase_7_complete.png
  Phase 7 completed in 0.26s with 185740 leaf cells

Classification after phase 7:
  Safe:             2350 cells (  1.3%),    2.9% of state space
  Unsafe:           7908 cells (  4.3%),   11.4% of state space
  Unclassified:   175482 cells ( 94.5%),   85.7% of state space

======================================================================
REFINEMENT PHASE 8
======================================================================
Boundary cells: 175482
  Refinable (>eta_min=0.000354): 175482
  Below threshold: 0
  Cumulative refined: 184140
  Refinable cell size statistics:
    Max:    0.015625
    Mean:   0.015625
    Min:    0.015625
    Median: 0.015625
  Refining 175482 cells...
    Refined: 175482 parent cells
    Created: 350964 child cells
    Total cells: 361222
    Refinement time: 0.010s
    Cumulative refined: 359622
  Rebuilding spatial index...
  Building spatial index for 361222 cells...
   Spatial index built in 0.06s
    Spatial index rebuilt in 0.061s
  Initializing 350964 new cells...
  Initializing 350964 new cells in parallel...
   Initialized in 0.00s (432798917.8 cells/s)
    Initialization completed in 0.001s
  Starting local value iteration...
  Reinitializing ALL 361222 cells (V_lower = min(l, r), V_upper = l)
   Reinitialized 361222 cells in 0.00s (576994158.5 cells/s)
  Local VI: updating all 361222 cells
    Conservative mode: False
    Convergence tolerance: 1e-08
    Max iterations: 20000
    Updating successor cache for 350964 updated cells...
    Updating successor cache for 350964 new cells (HYBRID)...
      Affected cells: 351350
   Trajectories + spatial queries computed in 0.03s (11084586.8 tasks/s)
    Breakdown: 36.6% ODE, 63.4% queries
     Cache updated in 0.04s (8678371.1 tasks/s)
    Local Iteration   1: ||V_upper^k - V_upper^k-1||_inf = 4.08968913564991254361, ||V_lower^k - V_lower^k-1||_inf = 3.99484477945168681146
    Local Iteration   2: ||V_upper^k - V_upper^k-1||_inf = 3.80896525035328537001, ||V_lower^k - V_lower^k-1||_inf = 3.71362286890487425239
    Local Iteration   3: ||V_upper^k - V_upper^k-1||_inf = 3.55917803769511831291, ||V_lower^k - V_lower^k-1||_inf = 3.48878040110247589212
    Local Iteration   4: ||V_upper^k - V_upper^k-1||_inf = 3.32577992813652123516, ||V_lower^k - V_lower^k-1||_inf = 3.25776127393884529226
    Local Iteration   5: ||V_upper^k - V_upper^k-1||_inf = 3.11842335679553039895, ||V_lower^k - V_lower^k-1||_inf = 3.07007722666910876086
    Local Iteration   6: ||V_upper^k - V_upper^k-1||_inf = 2.93417459038568972929, ||V_lower^k - V_lower^k-1||_inf = 2.87882320325655438609
    Local Iteration   7: ||V_upper^k - V_upper^k-1||_inf = 2.75213777916642898802, ||V_lower^k - V_lower^k-1||_inf = 2.71505301479622573879
    Local Iteration   8: ||V_upper^k - V_upper^k-1||_inf = 2.59058560169354556990, ||V_lower^k - V_lower^k-1||_inf = 2.57861667739507582908
    Local Iteration   9: ||V_upper^k - V_upper^k-1||_inf = 2.43208842647777778723, ||V_lower^k - V_lower^k-1||_inf = 2.40712110829653047617
    Local Iteration  10: ||V_upper^k - V_upper^k-1||_inf = 2.26511739080180340977, ||V_lower^k - V_lower^k-1||_inf = 2.26670430587138804768
    Local Iteration  11: ||V_upper^k - V_upper^k-1||_inf = 2.16830372794371140088, ||V_lower^k - V_lower^k-1||_inf = 2.12223399332541928786
    Local Iteration  12: ||V_upper^k - V_upper^k-1||_inf = 2.08157157882596255405, ||V_lower^k - V_lower^k-1||_inf = 1.98562860396246154693
    Local Iteration  13: ||V_upper^k - V_upper^k-1||_inf = 1.99830871567292400748, ||V_lower^k - V_lower^k-1||_inf = 1.85809246218690082841
    Local Iteration  14: ||V_upper^k - V_upper^k-1||_inf = 1.91837636704600700277, ||V_lower^k - V_lower^k-1||_inf = 1.77911241472572445588
    Local Iteration  15: ||V_upper^k - V_upper^k-1||_inf = 1.84164131236416661608, ||V_lower^k - V_lower^k-1||_inf = 1.66636923724529184554
    Local Iteration  16: ||V_upper^k - V_upper^k-1||_inf = 1.76797565986959970274, ||V_lower^k - V_lower^k-1||_inf = 1.58794601670059876142
    Local Iteration  17: ||V_upper^k - V_upper^k-1||_inf = 1.69725663347481581233, ||V_lower^k - V_lower^k-1||_inf = 1.48611280436732595689
    Local Iteration  18: ||V_upper^k - V_upper^k-1||_inf = 1.62936636813582302885, ||V_lower^k - V_lower^k-1||_inf = 1.06727646238961781933
    Local Iteration  19: ||V_upper^k - V_upper^k-1||_inf = 1.56419171341038998335, ||V_lower^k - V_lower^k-1||_inf = 1.01954803561220530561
    Local Iteration  20: ||V_upper^k - V_upper^k-1||_inf = 1.50162404487397438402, ||V_lower^k - V_lower^k-1||_inf = 0.95700868229861169034
    Local Iteration  21: ||V_upper^k - V_upper^k-1||_inf = 1.44155908307901525767, ||V_lower^k - V_lower^k-1||_inf = 0.91408589639813464522
    Local Iteration  22: ||V_upper^k - V_upper^k-1||_inf = 1.38389671975585470953, ||V_lower^k - V_lower^k-1||_inf = 0.85644962838432681096
    Local Iteration  23: ||V_upper^k - V_upper^k-1||_inf = 1.32854085096562046786, ||V_lower^k - V_lower^k-1||_inf = 0.77204413650716241513
    Local Iteration  24: ||V_upper^k - V_upper^k-1||_inf = 1.27539921692699564915, ||V_lower^k - V_lower^k-1||_inf = 0.73926601400373126438
    Local Iteration  25: ||V_upper^k - V_upper^k-1||_inf = 1.22438324824991573436, ||V_lower^k - V_lower^k-1||_inf = 0.68416580022150830231
    Local Iteration  26: ||V_upper^k - V_upper^k-1||_inf = 1.17540791831991908722, ||V_lower^k - V_lower^k-1||_inf = 0.65679916821264783255
    Local Iteration  27: ||V_upper^k - V_upper^k-1||_inf = 1.12839160158712226156, ||V_lower^k - V_lower^k-1||_inf = 0.60601881119095113437
    Local Iteration  28: ||V_upper^k - V_upper^k-1||_inf = 1.08195270987757607983, ||V_lower^k - V_lower^k-1||_inf = 0.58177805874331300906
    Local Iteration  29: ||V_upper^k - V_upper^k-1||_inf = 1.03867460148247303664, ||V_lower^k - V_lower^k-1||_inf = 0.53497888171211749331
    Local Iteration  30: ||V_upper^k - V_upper^k-1||_inf = 0.99595005289835780715, ||V_lower^k - V_lower^k-1||_inf = 0.51357972644363281134
    Local Iteration  31: ||V_upper^k - V_upper^k-1||_inf = 0.95611205078242345046, ||V_lower^k - V_lower^k-1||_inf = 0.47044960489168285989
    Local Iteration  32: ||V_upper^k - V_upper^k-1||_inf = 0.91576236160537538566, ||V_lower^k - V_lower^k-1||_inf = 0.45163162069601547888
    Local Iteration  33: ||V_upper^k - V_upper^k-1||_inf = 0.87913186714116031695, ||V_lower^k - V_lower^k-1||_inf = 0.41188290067373845016
    Local Iteration  34: ||V_upper^k - V_upper^k-1||_inf = 0.84396659245551386430, ||V_lower^k - V_lower^k-1||_inf = 0.39540758464678893436
    Local Iteration  35: ||V_upper^k - V_upper^k-1||_inf = 0.80930567530119756903, ||V_lower^k - V_lower^k-1||_inf = 0.35877516427425848455
    Local Iteration  36: ||V_upper^k - V_upper^k-1||_inf = 0.77693344828914967515, ||V_lower^k - V_lower^k-1||_inf = 0.34442415770328810298
    Local Iteration  37: ||V_upper^k - V_upper^k-1||_inf = 0.74504251258488851661, ||V_lower^k - V_lower^k-1||_inf = 0.31066371908796402979
    Local Iteration  38: ||V_upper^k - V_upper^k-1||_inf = 0.71524081208149303812, ||V_lower^k - V_lower^k-1||_inf = 0.27825369801725291508
    Local Iteration  39: ||V_upper^k - V_upper^k-1||_inf = 0.68589794119881730694, ||V_lower^k - V_lower^k-1||_inf = 0.26712355009656280069
    Local Iteration  40: ||V_upper^k - V_upper^k-1||_inf = 0.65846202355086458358, ||V_lower^k - V_lower^k-1||_inf = 0.25643860809270030421
    Local Iteration  41: ||V_upper^k - V_upper^k-1||_inf = 0.63146311761665996354, ||V_lower^k - V_lower^k-1||_inf = 0.21595745266464566603
    Local Iteration  42: ||V_upper^k - V_upper^k-1||_inf = 0.60620459291199357832, ||V_lower^k - V_lower^k-1||_inf = 0.18890238647975116093
    Local Iteration  43: ||V_upper^k - V_upper^k-1||_inf = 0.58136193582319384277, ||V_lower^k - V_lower^k-1||_inf = 0.18134629102056110117
    Local Iteration  44: ||V_upper^k - V_upper^k-1||_inf = 0.55810745839026609794, ||V_lower^k - V_lower^k-1||_inf = 0.15641234202456233415
    Local Iteration  45: ||V_upper^k - V_upper^k-1||_inf = 0.53472679025774205730, ||V_lower^k - V_lower^k-1||_inf = 0.13247575098840347341
    Local Iteration  46: ||V_upper^k - V_upper^k-1||_inf = 0.51333771864743227287, ||V_lower^k - V_lower^k-1||_inf = 0.10949662359369105591
    Local Iteration  47: ||V_upper^k - V_upper^k-1||_inf = 0.49280420990153495087, ||V_lower^k - V_lower^k-1||_inf = 0.08743666129476712623
    Local Iteration  48: ||V_upper^k - V_upper^k-1||_inf = 0.47264222571603542455, ||V_lower^k - V_lower^k-1||_inf = 0.08393919484297646116
    Local Iteration  49: ||V_upper^k - V_upper^k-1||_inf = 0.45373653668739394318, ||V_lower^k - V_lower^k-1||_inf = 0.06360873358828816881
    Local Iteration  50: ||V_upper^k - V_upper^k-1||_inf = 0.43518331489037787030, ||V_lower^k - V_lower^k-1||_inf = 0.06106438424475663096
    Local Iteration  51: ||V_upper^k - V_upper^k-1||_inf = 0.41777598229476270442, ||V_lower^k - V_lower^k-1||_inf = 0.04808954908072149426
    Local Iteration  52: ||V_upper^k - V_upper^k-1||_inf = 0.40103783248255470140, ||V_lower^k - V_lower^k-1||_inf = 0.04616596711749265669
    Local Iteration  53: ||V_upper^k - V_upper^k-1||_inf = 0.38499631918325250002, ||V_lower^k - V_lower^k-1||_inf = 0.04301774038968630975
    Local Iteration  54: ||V_upper^k - V_upper^k-1||_inf = 0.36959646641592242000, ||V_lower^k - V_lower^k-1||_inf = 0.04044015722133464941
    Local Iteration  55: ||V_upper^k - V_upper^k-1||_inf = 0.35481260775928546991, ||V_lower^k - V_lower^k-1||_inf = 0.03222589389428376361
    Local Iteration  56: ||V_upper^k - V_upper^k-1||_inf = 0.34062010344891402447, ||V_lower^k - V_lower^k-1||_inf = 0.03093685813851243527
    Local Iteration  57: ||V_upper^k - V_upper^k-1||_inf = 0.32699529931095749902, ||V_lower^k - V_lower^k-1||_inf = 0.02243167639193366369
    Local Iteration  58: ||V_upper^k - V_upper^k-1||_inf = 0.31391548733851915021, ||V_lower^k - V_lower^k-1||_inf = 0.01850898101050940658
    Local Iteration  59: ||V_upper^k - V_upper^k-1||_inf = 0.30135886784497839530, ||V_lower^k - V_lower^k-1||_inf = 0.01556482386199270485
    Local Iteration  60: ||V_upper^k - V_upper^k-1||_inf = 0.28930451313117921952, ||V_lower^k - V_lower^k-1||_inf = 0.01494223090751300997
    Local Iteration  61: ||V_upper^k - V_upper^k-1||_inf = 0.27773233260593205296, ||V_lower^k - V_lower^k-1||_inf = 0.01434454167121251844
    Local Iteration  62: ||V_upper^k - V_upper^k-1||_inf = 0.26662303930169478638, ||V_lower^k - V_lower^k-1||_inf = 0.01377076000436400216
    Local Iteration  63: ||V_upper^k - V_upper^k-1||_inf = 0.25595811772962695496, ||V_lower^k - V_lower^k-1||_inf = 0.01321992960418943985
    Local Iteration  64: ||V_upper^k - V_upper^k-1||_inf = 0.24571979302044189009, ||V_lower^k - V_lower^k-1||_inf = 0.01269113242002184450
    Local Iteration  65: ||V_upper^k - V_upper^k-1||_inf = 0.23589100129962420338, ||V_lower^k - V_lower^k-1||_inf = 0.01218348712322098182
    Local Iteration  66: ||V_upper^k - V_upper^k-1||_inf = 0.22645536124763920860, ||V_lower^k - V_lower^k-1||_inf = 0.01169614763829213144
    Local Iteration  67: ||V_upper^k - V_upper^k-1||_inf = 0.21739714679773361472, ||V_lower^k - V_lower^k-1||_inf = 0.01122830173276045951
    Local Iteration  68: ||V_upper^k - V_upper^k-1||_inf = 0.20870126092582425015, ||V_lower^k - V_lower^k-1||_inf = 0.01077916966345005001
    Local Iteration  69: ||V_upper^k - V_upper^k-1||_inf = 0.20035321048879128902, ||V_lower^k - V_lower^k-1||_inf = 0.01034800287691203802
    Local Iteration  70: ||V_upper^k - V_upper^k-1||_inf = 0.19233908206923963635, ||V_lower^k - V_lower^k-1||_inf = 0.00993408276183554984
    Local Iteration  71: ||V_upper^k - V_upper^k-1||_inf = 0.18464551878647006422, ||V_lower^k - V_lower^k-1||_inf = 0.00953671945136211341
    Local Iteration  72: ||V_upper^k - V_upper^k-1||_inf = 0.17725969803501123723, ||V_lower^k - V_lower^k-1||_inf = 0.00915525067330763553
    Local Iteration  73: ||V_upper^k - V_upper^k-1||_inf = 0.17016931011361077775, ||V_lower^k - V_lower^k-1||_inf = 0.00878904064637534010
    Local Iteration  74: ||V_upper^k - V_upper^k-1||_inf = 0.16336253770906633553, ||V_lower^k - V_lower^k-1||_inf = 0.00843747902052033316
    Local Iteration  75: ||V_upper^k - V_upper^k-1||_inf = 0.15682803620070367989, ||V_lower^k - V_lower^k-1||_inf = 0.00809997985969951317
    Local Iteration  76: ||V_upper^k - V_upper^k-1||_inf = 0.15055491475267551715, ||V_lower^k - V_lower^k-1||_inf = 0.00777598066531151599
    Local Iteration  77: ||V_upper^k - V_upper^k-1||_inf = 0.14453271816256851867, ||V_lower^k - V_lower^k-1||_inf = 0.00746494143869907978
    Local Iteration  78: ||V_upper^k - V_upper^k-1||_inf = 0.13875140943606578681, ||V_lower^k - V_lower^k-1||_inf = 0.00716634378115110771
    Local Iteration  79: ||V_upper^k - V_upper^k-1||_inf = 0.13320135305862312869, ||V_lower^k - V_lower^k-1||_inf = 0.00687969002990507228
    Local Iteration  80: ||V_upper^k - V_upper^k-1||_inf = 0.12787329893627819022, ||V_lower^k - V_lower^k-1||_inf = 0.00660450242870885829
    Local Iteration  81: ||V_upper^k - V_upper^k-1||_inf = 0.12275836697882708259, ||V_lower^k - V_lower^k-1||_inf = 0.00634032233156051062
    Local Iteration  82: ||V_upper^k - V_upper^k-1||_inf = 0.11784803229967397153, ||V_lower^k - V_lower^k-1||_inf = 0.00608670943829808797
    Local Iteration  83: ||V_upper^k - V_upper^k-1||_inf = 0.11313411100768699935, ||V_lower^k - V_lower^k-1||_inf = 0.00584324106076616889
    Local Iteration  84: ||V_upper^k - V_upper^k-1||_inf = 0.10860874656737952437, ||V_lower^k - V_lower^k-1||_inf = 0.00560951141833551659
    Local Iteration  85: ||V_upper^k - V_upper^k-1||_inf = 0.10426439670468433396, ||V_lower^k - V_lower^k-1||_inf = 0.00538513096160209148
    Local Iteration  86: ||V_upper^k - V_upper^k-1||_inf = 0.10009382083649695505, ||V_lower^k - V_lower^k-1||_inf = 0.00516972572313800782
    Local Iteration  87: ||V_upper^k - V_upper^k-1||_inf = 0.09609006800303707130, ||V_lower^k - V_lower^k-1||_inf = 0.00496293669421248029
    Local Iteration  88: ||V_upper^k - V_upper^k-1||_inf = 0.09224646528291559344, ||V_lower^k - V_lower^k-1||_inf = 0.00476441922644398053
    Local Iteration  89: ||V_upper^k - V_upper^k-1||_inf = 0.08855660667159896693, ||V_lower^k - V_lower^k-1||_inf = 0.00457384245738622075
    Local Iteration  90: ||V_upper^k - V_upper^k-1||_inf = 0.08501434240473501602, ||V_lower^k - V_lower^k-1||_inf = 0.00439088875909077192
    Local Iteration  91: ||V_upper^k - V_upper^k-1||_inf = 0.08161376870854561427, ||V_lower^k - V_lower^k-1||_inf = 0.00421525320872714881
    Local Iteration  92: ||V_upper^k - V_upper^k-1||_inf = 0.07834921796020377638, ||V_lower^k - V_lower^k-1||_inf = 0.00404664308037805398
    Local Iteration  93: ||V_upper^k - V_upper^k-1||_inf = 0.07521524924179562310, ||V_lower^k - V_lower^k-1||_inf = 0.00388477735716293016
    Local Iteration  94: ||V_upper^k - V_upper^k-1||_inf = 0.07220663927212379873, ||V_lower^k - V_lower^k-1||_inf = 0.00372938626287641628
    Local Iteration  95: ||V_upper^k - V_upper^k-1||_inf = 0.06931837370123883346, ||V_lower^k - V_lower^k-1||_inf = 0.00358021081236135907
    Local Iteration  96: ||V_upper^k - V_upper^k-1||_inf = 0.06654563875318927901, ||V_lower^k - V_lower^k-1||_inf = 0.00343700237986691026
    Local Iteration  97: ||V_upper^k - V_upper^k-1||_inf = 0.06388381320306170397, ||V_lower^k - V_lower^k-1||_inf = 0.00329952228467222941
    Local Iteration  98: ||V_upper^k - V_upper^k-1||_inf = 0.06132846067493923081, ||V_lower^k - V_lower^k-1||_inf = 0.00316754139328534468
    Local Iteration  99: ||V_upper^k - V_upper^k-1||_inf = 0.05887532224794166102, ||V_lower^k - V_lower^k-1||_inf = 0.00304083973755392423
    Local Iteration 100: ||V_upper^k - V_upper^k-1||_inf = 0.05652030935802399014, ||V_lower^k - V_lower^k-1||_inf = 0.00291920614805177281
    Local Iteration 101: ||V_upper^k - V_upper^k-1||_inf = 0.05425949698370303304, ||V_lower^k - V_lower^k-1||_inf = 0.00280243790212969524
    Local Iteration 102: ||V_upper^k - V_upper^k-1||_inf = 0.05208911710435491088, ||V_lower^k - V_lower^k-1||_inf = 0.00269034038604451520
    Local Iteration 103: ||V_upper^k - V_upper^k-1||_inf = 0.05000555242018071833, ||V_lower^k - V_lower^k-1||_inf = 0.00258272677060273487
    Local Iteration 104: ||V_upper^k - V_upper^k-1||_inf = 0.04800533032337348655, ||V_lower^k - V_lower^k-1||_inf = 0.00247941769977862159
    Local Iteration 105: ||V_upper^k - V_upper^k-1||_inf = 0.04608511711043854903, ||V_lower^k - V_lower^k-1||_inf = 0.00238024099178747728
    Local Iteration 106: ||V_upper^k - V_upper^k-1||_inf = 0.04424171242602100568, ||V_lower^k - V_lower^k-1||_inf = 0.00228503135211597513
    Local Iteration 107: ||V_upper^k - V_upper^k-1||_inf = 0.04247204392898016462, ||V_lower^k - V_lower^k-1||_inf = 0.00219363009803134196
    Local Iteration 108: ||V_upper^k - V_upper^k-1||_inf = 0.04077316217182095498, ||V_lower^k - V_lower^k-1||_inf = 0.00210588489411008689
    Local Iteration 109: ||V_upper^k - V_upper^k-1||_inf = 0.03914223568494811650, ||V_lower^k - V_lower^k-1||_inf = 0.00202164949834568453
    Local Iteration 110: ||V_upper^k - V_upper^k-1||_inf = 0.03757654625755019184, ||V_lower^k - V_lower^k-1||_inf = 0.00194078351841185659
    Local Iteration 111: ||V_upper^k - V_upper^k-1||_inf = 0.03607348440724818250, ||V_lower^k - V_lower^k-1||_inf = 0.00186315217767538122
    Local Iteration 112: ||V_upper^k - V_upper^k-1||_inf = 0.00118238913383872032, ||V_lower^k - V_lower^k-1||_inf = 0.00178862609056836680
    Local Iteration 113: ||V_upper^k - V_upper^k-1||_inf = 0.00113509356848517234, ||V_lower^k - V_lower^k-1||_inf = 0.00171708104694563018
    Local Iteration 114: ||V_upper^k - V_upper^k-1||_inf = 0.00108968982574576476, ||V_lower^k - V_lower^k-1||_inf = 0.00164839780506780692
    Local Iteration 115: ||V_upper^k - V_upper^k-1||_inf = 0.00104610223271593347, ||V_lower^k - V_lower^k-1||_inf = 0.00158246189286509464
    Local Iteration 116: ||V_upper^k - V_upper^k-1||_inf = 0.00100425814340729738, ||V_lower^k - V_lower^k-1||_inf = 0.00151916341715049169
    Local Iteration 117: ||V_upper^k - V_upper^k-1||_inf = 0.00096408781767100618, ||V_lower^k - V_lower^k-1||_inf = 0.00145839688046446592
    Local Iteration 118: ||V_upper^k - V_upper^k-1||_inf = 0.00092552430496416552, ||V_lower^k - V_lower^k-1||_inf = 0.00140006100524588811
    Local Iteration 119: ||V_upper^k - V_upper^k-1||_inf = 0.00088850333276559862, ||V_lower^k - V_lower^k-1||_inf = 0.00134405856503605481
    Local Iteration 120: ||V_upper^k - V_upper^k-1||_inf = 0.00085296319945497509, ||V_lower^k - V_lower^k-1||_inf = 0.00129029622243461220
    Local Iteration 121: ||V_upper^k - V_upper^k-1||_inf = 0.00081884467147677609, ||V_lower^k - V_lower^k-1||_inf = 0.00123868437353722924
    Local Iteration 122: ||V_upper^k - V_upper^k-1||_inf = 0.00078609088461770518, ||V_lower^k - V_lower^k-1||_inf = 0.00118913699859573771
    Local Iteration 123: ||V_upper^k - V_upper^k-1||_inf = 0.00075464724923299774, ||V_lower^k - V_lower^k-1||_inf = 0.00114157151865191056
    Local Iteration 124: ||V_upper^k - V_upper^k-1||_inf = 0.00072446135926367873, ||V_lower^k - V_lower^k-1||_inf = 0.00109590865790583358
    Local Iteration 125: ||V_upper^k - V_upper^k-1||_inf = 0.00069548290489313165, ||V_lower^k - V_lower^k-1||_inf = 0.00105207231158959899
    Local Iteration 126: ||V_upper^k - V_upper^k-1||_inf = 0.00066766358869740743, ||V_lower^k - V_lower^k-1||_inf = 0.00100998941912601448
    Local Iteration 127: ||V_upper^k - V_upper^k-1||_inf = 0.00064095704514951189, ||V_lower^k - V_lower^k-1||_inf = 0.00096958984236097598
    Local Iteration 128: ||V_upper^k - V_upper^k-1||_inf = 0.00061531876334353086, ||V_lower^k - V_lower^k-1||_inf = 0.00093080624866653458
    Local Iteration 129: ||V_upper^k - V_upper^k-1||_inf = 0.00059070601280978956, ||V_lower^k - V_lower^k-1||_inf = 0.00089357399871987583
    Local Iteration 130: ||V_upper^k - V_upper^k-1||_inf = 0.00056707777229739707, ||V_lower^k - V_lower^k-1||_inf = 0.00085783103877107997
    Local Iteration 131: ||V_upper^k - V_upper^k-1||_inf = 0.00054439466140549994, ||V_lower^k - V_lower^k-1||_inf = 0.00082351779722023705
    Local Iteration 132: ||V_upper^k - V_upper^k-1||_inf = 0.00052261887494928043, ||V_lower^k - V_lower^k-1||_inf = 0.00079057708533142659
    Local Iteration 133: ||V_upper^k - V_upper^k-1||_inf = 0.00050171411995130963, ||V_lower^k - V_lower^k-1||_inf = 0.00075895400191816967
    Local Iteration 134: ||V_upper^k - V_upper^k-1||_inf = 0.00048164555515325773, ||V_lower^k - V_lower^k-1||_inf = 0.00072859584184144233
    Local Iteration 135: ||V_upper^k - V_upper^k-1||_inf = 0.00046237973294712721, ||V_lower^k - V_lower^k-1||_inf = 0.00069945200816778560
    Local Iteration 136: ||V_upper^k - V_upper^k-1||_inf = 0.00044388454362924261, ||V_lower^k - V_lower^k-1||_inf = 0.00067147392784107363
    Local Iteration 137: ||V_upper^k - V_upper^k-1||_inf = 0.00042612916188407290, ||V_lower^k - V_lower^k-1||_inf = 0.00064461497072743068
    Local Iteration 138: ||V_upper^k - V_upper^k-1||_inf = 0.00040908399540870964, ||V_lower^k - V_lower^k-1||_inf = 0.00061883037189833234
    Local Iteration 139: ||V_upper^k - V_upper^k-1||_inf = 0.00039272063559236091, ||V_lower^k - V_lower^k-1||_inf = 0.00059407715702240044
    Local Iteration 140: ||V_upper^k - V_upper^k-1||_inf = 0.00037701181016866654, ||V_lower^k - V_lower^k-1||_inf = 0.00057031407074150352
    Local Iteration 141: ||V_upper^k - V_upper^k-1||_inf = 0.00036193133776192023, ||V_lower^k - V_lower^k-1||_inf = 0.00054750150791184338
    Local Iteration 142: ||V_upper^k - V_upper^k-1||_inf = 0.00034745408425144314, ||V_lower^k - V_lower^k-1||_inf = 0.00052560144759536929
    Local Iteration 143: ||V_upper^k - V_upper^k-1||_inf = 0.00033355592088138517, ||V_lower^k - V_lower^k-1||_inf = 0.00050457738969155418
    Local Iteration 144: ||V_upper^k - V_upper^k-1||_inf = 0.00032021368404613025, ||V_lower^k - V_lower^k-1||_inf = 0.00048439429410389312
    Local Iteration 145: ||V_upper^k - V_upper^k-1||_inf = 0.00030740513668428560, ||V_lower^k - V_lower^k-1||_inf = 0.00046501852233973677
    Local Iteration 146: ||V_upper^k - V_upper^k-1||_inf = 0.00029510893121691400, ||V_lower^k - V_lower^k-1||_inf = 0.00044641778144614841
    Local Iteration 147: ||V_upper^k - V_upper^k-1||_inf = 0.00028330457396823737, ||V_lower^k - V_lower^k-1||_inf = 0.00042856107018830226
    Local Iteration 148: ||V_upper^k - V_upper^k-1||_inf = 0.00027197239100950829, ||V_lower^k - V_lower^k-1||_inf = 0.00041141862738076906
    Local Iteration 149: ||V_upper^k - V_upper^k-1||_inf = 0.00026109349536912810, ||V_lower^k - V_lower^k-1||_inf = 0.00039496188228553900
    Local Iteration 150: ||V_upper^k - V_upper^k-1||_inf = 0.00025064975555436249, ||V_lower^k - V_lower^k-1||_inf = 0.00037916340699411730
    Local Iteration 151: ||V_upper^k - V_upper^k-1||_inf = 0.00024062376533218795, ||V_lower^k - V_lower^k-1||_inf = 0.00036399687071435316
    Local Iteration 152: ||V_upper^k - V_upper^k-1||_inf = 0.00023099881471890047, ||V_lower^k - V_lower^k-1||_inf = 0.00034943699588577820
    Local Iteration 153: ||V_upper^k - V_upper^k-1||_inf = 0.00022175886213014404, ||V_lower^k - V_lower^k-1||_inf = 0.00033545951605034631
    Local Iteration 154: ||V_upper^k - V_upper^k-1||_inf = 0.00021288850764493873, ||V_lower^k - V_lower^k-1||_inf = 0.00032204113540833332
    Local Iteration 155: ||V_upper^k - V_upper^k-1||_inf = 0.00020437296733914105, ||V_lower^k - V_lower^k-1||_inf = 0.00030915948999199992
    Local Iteration 156: ||V_upper^k - V_upper^k-1||_inf = 0.00019619804864557571, ||V_lower^k - V_lower^k-1||_inf = 0.00029679311039232034
    Local Iteration 157: ||V_upper^k - V_upper^k-1||_inf = 0.00018835012669975257, ||V_lower^k - V_lower^k-1||_inf = 0.00028492138597662701
    Local Iteration 158: ||V_upper^k - V_upper^k-1||_inf = 0.00018081612163176226, ||V_lower^k - V_lower^k-1||_inf = 0.00027352453053756162
    Local Iteration 159: ||V_upper^k - V_upper^k-1||_inf = 0.00017358347676649189, ||V_lower^k - V_lower^k-1||_inf = 0.00026258354931605991
    Local Iteration 160: ||V_upper^k - V_upper^k-1||_inf = 0.00016664013769583218, ||V_lower^k - V_lower^k-1||_inf = 0.00025208020734341675
    Local Iteration 161: ||V_upper^k - V_upper^k-1||_inf = 0.00015997453218799876, ||V_lower^k - V_lower^k-1||_inf = 0.00024199699904968019
    Local Iteration 162: ||V_upper^k - V_upper^k-1||_inf = 0.00015357555090047886, ||V_lower^k - V_lower^k-1||_inf = 0.00023231711908769295
    Local Iteration 163: ||V_upper^k - V_upper^k-1||_inf = 0.00014743252886445946, ||V_lower^k - V_lower^k-1||_inf = 0.00022302443432418561
    Local Iteration 164: ||V_upper^k - V_upper^k-1||_inf = 0.00014153522770988126, ||V_lower^k - V_lower^k-1||_inf = 0.00021410345695121839
    Local Iteration 165: ||V_upper^k - V_upper^k-1||_inf = 0.00013587381860148597, ||V_lower^k - V_lower^k-1||_inf = 0.00020553931867316969
    Local Iteration 166: ||V_upper^k - V_upper^k-1||_inf = 0.00013043886585742664, ||V_lower^k - V_lower^k-1||_inf = 0.00019731774592624245
    Local Iteration 167: ||V_upper^k - V_upper^k-1||_inf = 0.00012522131122312975, ||V_lower^k - V_lower^k-1||_inf = 0.00018942503608919328
    Local Iteration 168: ||V_upper^k - V_upper^k-1||_inf = 0.00012021245877420457, ||V_lower^k - V_lower^k-1||_inf = 0.00018184803464562499
    Local Iteration 169: ||V_upper^k - V_upper^k-1||_inf = 0.00011540396042323620, ||V_lower^k - V_lower^k-1||_inf = 0.00017457411325980023
    Local Iteration 170: ||V_upper^k - V_upper^k-1||_inf = 0.00011078780200630663, ||V_lower^k - V_lower^k-1||_inf = 0.00016759114872940805
    Local Iteration 171: ||V_upper^k - V_upper^k-1||_inf = 0.00010635628992605424, ||V_lower^k - V_lower^k-1||_inf = 0.00016088750278023169
    Local Iteration 172: ||V_upper^k - V_upper^k-1||_inf = 0.00010210203832901202, ||V_lower^k - V_lower^k-1||_inf = 0.00015445200266902236
    Local Iteration 173: ||V_upper^k - V_upper^k-1||_inf = 0.00009801795679585147, ||V_lower^k - V_lower^k-1||_inf = 0.00014827392256226181
    Local Iteration 174: ||V_upper^k - V_upper^k-1||_inf = 0.00009409723852401740, ||V_lower^k - V_lower^k-1||_inf = 0.00014234296565977106
    Local Iteration 175: ||V_upper^k - V_upper^k-1||_inf = 0.00009033334898305681, ||V_lower^k - V_lower^k-1||_inf = 0.00013664924703338027
    Local Iteration 176: ||V_upper^k - V_upper^k-1||_inf = 0.00008672001502373463, ||V_lower^k - V_lower^k-1||_inf = 0.00013118327715204523
    Local Iteration 177: ||V_upper^k - V_upper^k-1||_inf = 0.00008325121442278520, ||V_lower^k - V_lower^k-1||_inf = 0.00012593594606596318
    Local Iteration 178: ||V_upper^k - V_upper^k-1||_inf = 0.00007992116584587387, ||V_lower^k - V_lower^k-1||_inf = 0.00012089850822332490
    Local Iteration 179: ||V_upper^k - V_upper^k-1||_inf = 0.00007672431921203898, ||V_lower^k - V_lower^k-1||_inf = 0.00011606256789439178
    Local Iteration 180: ||V_upper^k - V_upper^k-1||_inf = 0.00007365534644355738, ||V_lower^k - V_lower^k-1||_inf = 0.00011142006517861607
    Local Iteration 181: ||V_upper^k - V_upper^k-1||_inf = 0.00007070913258581512, ||V_lower^k - V_lower^k-1||_inf = 0.00010696326257147136
    Local Iteration 182: ||V_upper^k - V_upper^k-1||_inf = 0.00006788076728238258, ||V_lower^k - V_lower^k-1||_inf = 0.00010268473206861235
    Local Iteration 183: ||V_upper^k - V_upper^k-1||_inf = 0.00006516553659108738, ||V_lower^k - V_lower^k-1||_inf = 0.00009857734278586813
    Local Iteration 184: ||V_upper^k - V_upper^k-1||_inf = 0.00006255891512744398, ||V_lower^k - V_lower^k-1||_inf = 0.00009463424907443351
    Local Iteration 185: ||V_upper^k - V_upper^k-1||_inf = 0.00006005655852234617, ||V_lower^k - V_lower^k-1||_inf = 0.00009084887911145608
    Local Iteration 186: ||V_upper^k - V_upper^k-1||_inf = 0.00005765429618145228, ||V_lower^k - V_lower^k-1||_inf = 0.00008721492394699786
    Local Iteration 187: ||V_upper^k - V_upper^k-1||_inf = 0.00005534812433419418, ||V_lower^k - V_lower^k-1||_inf = 0.00008372632698911775
    Local Iteration 188: ||V_upper^k - V_upper^k-1||_inf = 0.00005313419936082650, ||V_lower^k - V_lower^k-1||_inf = 0.00008037727390955299
    Local Iteration 189: ||V_upper^k - V_upper^k-1||_inf = 0.00005100883138639339, ||V_lower^k - V_lower^k-1||_inf = 0.00007716218295317104
    Local Iteration 190: ||V_upper^k - V_upper^k-1||_inf = 0.00004896847813093766, ||V_lower^k - V_lower^k-1||_inf = 0.00007407569563504419
    Local Iteration 191: ||V_upper^k - V_upper^k-1||_inf = 0.00004700973900570015, ||V_lower^k - V_lower^k-1||_inf = 0.00007095878199393411
    Local Iteration 192: ||V_upper^k - V_upper^k-1||_inf = 0.00004512934944547211, ||V_lower^k - V_lower^k-1||_inf = 0.00006812043071417685
    Local Iteration 193: ||V_upper^k - V_upper^k-1||_inf = 0.00004332417546765329, ||V_lower^k - V_lower^k-1||_inf = 0.00006539561348560975
    Local Iteration 194: ||V_upper^k - V_upper^k-1||_inf = 0.00004159120844894712, ||V_lower^k - V_lower^k-1||_inf = 0.00006277978894618529
    Local Iteration 195: ||V_upper^k - V_upper^k-1||_inf = 0.00003992756011098931, ||V_lower^k - V_lower^k-1||_inf = 0.00006026859738833784
    Local Iteration 196: ||V_upper^k - V_upper^k-1||_inf = 0.00003833045770654968, ||V_lower^k - V_lower^k-1||_inf = 0.00005785785349280434
    Local Iteration 197: ||V_upper^k - V_upper^k-1||_inf = 0.00003679723939828763, ||V_lower^k - V_lower^k-1||_inf = 0.00005554353935309226
    Local Iteration 198: ||V_upper^k - V_upper^k-1||_inf = 0.00003532534982235609, ||V_lower^k - V_lower^k-1||_inf = 0.00005332179777896859
    Local Iteration 199: ||V_upper^k - V_upper^k-1||_inf = 0.00003391233582946177, ||V_lower^k - V_lower^k-1||_inf = 0.00005118892586780969
    Local Iteration 200: ||V_upper^k - V_upper^k-1||_inf = 0.00003255584239628324, ||V_lower^k - V_lower^k-1||_inf = 0.00004914136883309747
    Local Iteration 201: ||V_upper^k - V_upper^k-1||_inf = 0.00003125360870043193, ||V_lower^k - V_lower^k-1||_inf = 0.00004717571407977339
    Local Iteration 202: ||V_upper^k - V_upper^k-1||_inf = 0.00003000346435241472, ||V_lower^k - V_lower^k-1||_inf = 0.00004528868551658262
    Local Iteration 203: ||V_upper^k - V_upper^k-1||_inf = 0.00002880332577831805, ||V_lower^k - V_lower^k-1||_inf = 0.00004347713809591935
    Local Iteration 204: ||V_upper^k - V_upper^k-1||_inf = 0.00002765119274718536, ||V_lower^k - V_lower^k-1||_inf = 0.00004173805257208247
    Local Iteration 205: ||V_upper^k - V_upper^k-1||_inf = 0.00002654514503729792, ||V_lower^k - V_lower^k-1||_inf = 0.00004006853046919915
    Local Iteration 206: ||V_upper^k - V_upper^k-1||_inf = 0.00002548333923580603, ||V_lower^k - V_lower^k-1||_inf = 0.00003846578925043118
    Local Iteration 207: ||V_upper^k - V_upper^k-1||_inf = 0.00002446400566637381, ||V_lower^k - V_lower^k-1||_inf = 0.00003692715768041394
    Local Iteration 208: ||V_upper^k - V_upper^k-1||_inf = 0.00002348544543971887, ||V_lower^k - V_lower^k-1||_inf = 0.00003545007137319741
    Local Iteration 209: ||V_upper^k - V_upper^k-1||_inf = 0.00002240852008815279, ||V_lower^k - V_lower^k-1||_inf = 0.00003403206851826954
    Local Iteration 210: ||V_upper^k - V_upper^k-1||_inf = 0.00002151217928462670, ||V_lower^k - V_lower^k-1||_inf = 0.00003267078577753868
    Local Iteration 211: ||V_upper^k - V_upper^k-1||_inf = 0.00002065169211324167, ||V_lower^k - V_lower^k-1||_inf = 0.00003136395434643713
    Local Iteration 212: ||V_upper^k - V_upper^k-1||_inf = 0.00001982562442871198, ||V_lower^k - V_lower^k-1||_inf = 0.00003001219645980832
    Local Iteration 213: ||V_upper^k - V_upper^k-1||_inf = 0.00001903259945156346, ||V_lower^k - V_lower^k-1||_inf = 0.00002881170860141594
    Local Iteration 214: ||V_upper^k - V_upper^k-1||_inf = 0.00001827129547350091, ||V_lower^k - V_lower^k-1||_inf = 0.00002765924025735934
    Local Iteration 215: ||V_upper^k - V_upper^k-1||_inf = 0.00001754044365456087, ||V_lower^k - V_lower^k-1||_inf = 0.00002655287064706497
    Local Iteration 216: ||V_upper^k - V_upper^k-1||_inf = 0.00001683882590837839, ||V_lower^k - V_lower^k-1||_inf = 0.00002549075582118231
    Local Iteration 217: ||V_upper^k - V_upper^k-1||_inf = 0.00001616527287204327, ||V_lower^k - V_lower^k-1||_inf = 0.00002447112558833506
    Local Iteration 218: ||V_upper^k - V_upper^k-1||_inf = 0.00001551866195716157, ||V_lower^k - V_lower^k-1||_inf = 0.00002349228056480160
    Local Iteration 219: ||V_upper^k - V_upper^k-1||_inf = 0.00001489791547887510, ||V_lower^k - V_lower^k-1||_inf = 0.00002255258934220959
    Local Iteration 220: ||V_upper^k - V_upper^k-1||_inf = 0.00001430199885972007, ||V_lower^k - V_lower^k-1||_inf = 0.00002165048576852123
    Local Iteration 221: ||V_upper^k - V_upper^k-1||_inf = 0.00001372991890533125, ||V_lower^k - V_lower^k-1||_inf = 0.00002078446633778039
    Local Iteration 222: ||V_upper^k - V_upper^k-1||_inf = 0.00001318072214911802, ||V_lower^k - V_lower^k-1||_inf = 0.00001995308768426910
    Local Iteration 223: ||V_upper^k - V_upper^k-1||_inf = 0.00001265349326315331, ||V_lower^k - V_lower^k-1||_inf = 0.00001915496417689838
    Local Iteration 224: ||V_upper^k - V_upper^k-1||_inf = 0.00001214735353262714, ||V_lower^k - V_lower^k-1||_inf = 0.00001838876560982243
    Local Iteration 225: ||V_upper^k - V_upper^k-1||_inf = 0.00001166145939132207, ||V_lower^k - V_lower^k-1||_inf = 0.00001765321498542954
    Local Iteration 226: ||V_upper^k - V_upper^k-1||_inf = 0.00001119500101566919, ||V_lower^k - V_lower^k-1||_inf = 0.00001694708638601234
    Local Iteration 227: ||V_upper^k - V_upper^k-1||_inf = 0.00001074720097504243, ||V_lower^k - V_lower^k-1||_inf = 0.00001626920293057183
    Local Iteration 228: ||V_upper^k - V_upper^k-1||_inf = 0.00001031731293604074, ||V_lower^k - V_lower^k-1||_inf = 0.00001561843481334897
    Local Iteration 229: ||V_upper^k - V_upper^k-1||_inf = 0.00000990462041859910, ||V_lower^k - V_lower^k-1||_inf = 0.00001499369742081504
    Local Iteration 230: ||V_upper^k - V_upper^k-1||_inf = 0.00000950843560185513, ||V_lower^k - V_lower^k-1||_inf = 0.00001439394952398241
    Local Iteration 231: ||V_upper^k - V_upper^k-1||_inf = 0.00000912809817778091, ||V_lower^k - V_lower^k-1||_inf = 0.00001381819154302311
    Local Iteration 232: ||V_upper^k - V_upper^k-1||_inf = 0.00000876297425066969, ||V_lower^k - V_lower^k-1||_inf = 0.00001326546388130217
    Local Iteration 233: ||V_upper^k - V_upper^k-1||_inf = 0.00000841245528064290, ||V_lower^k - V_lower^k-1||_inf = 0.00001273484532605013
    Local Iteration 234: ||V_upper^k - V_upper^k-1||_inf = 0.00000807595706941717, ||V_lower^k - V_lower^k-1||_inf = 0.00001222545151300812
    Local Iteration 235: ||V_upper^k - V_upper^k-1||_inf = 0.00000775291878664050, ||V_lower^k - V_lower^k-1||_inf = 0.00001173643345248775
    Local Iteration 236: ||V_upper^k - V_upper^k-1||_inf = 0.00000744280203517487, ||V_lower^k - V_lower^k-1||_inf = 0.00001126697611438828
    Local Iteration 237: ||V_upper^k - V_upper^k-1||_inf = 0.00000714508995376789, ||V_lower^k - V_lower^k-1||_inf = 0.00001081629706981273
    Local Iteration 238: ||V_upper^k - V_upper^k-1||_inf = 0.00000685928635561718, ||V_lower^k - V_lower^k-1||_inf = 0.00001038364518702022
    Local Iteration 239: ||V_upper^k - V_upper^k-1||_inf = 0.00000658491490139251, ||V_lower^k - V_lower^k-1||_inf = 0.00000996829937953940
    Local Iteration 240: ||V_upper^k - V_upper^k-1||_inf = 0.00000632151830533681, ||V_lower^k - V_lower^k-1||_inf = 0.00000956956740435784
    Local Iteration 241: ||V_upper^k - V_upper^k-1||_inf = 0.00000606865757312334, ||V_lower^k - V_lower^k-1||_inf = 0.00000918678470818353
    Local Iteration 242: ||V_upper^k - V_upper^k-1||_inf = 0.00000582591127019840, ||V_lower^k - V_lower^k-1||_inf = 0.00000881931331985617
    Local Iteration 243: ||V_upper^k - V_upper^k-1||_inf = 0.00000559287481939047, ||V_lower^k - V_lower^k-1||_inf = 0.00000846654078706194
    Local Iteration 244: ||V_upper^k - V_upper^k-1||_inf = 0.00000536915982661486, ||V_lower^k - V_lower^k-1||_inf = 0.00000812787915557944
    Local Iteration 245: ||V_upper^k - V_upper^k-1||_inf = 0.00000515439343355026, ||V_lower^k - V_lower^k-1||_inf = 0.00000780276398935627
    Local Iteration 246: ||V_upper^k - V_upper^k-1||_inf = 0.00000494821769620825, ||V_lower^k - V_lower^k-1||_inf = 0.00000749065342978201
    Local Iteration 247: ||V_upper^k - V_upper^k-1||_inf = 0.00000475028898835991, ||V_lower^k - V_lower^k-1||_inf = 0.00000719102729259075
    Local Iteration 248: ||V_upper^k - V_upper^k-1||_inf = 0.00000456027742882551, ||V_lower^k - V_lower^k-1||_inf = 0.00000690338620088710
    Local Iteration 249: ||V_upper^k - V_upper^k-1||_inf = 0.00000437786633167250, ||V_lower^k - V_lower^k-1||_inf = 0.00000662725075285163
    Local Iteration 250: ||V_upper^k - V_upper^k-1||_inf = 0.00000420275167840559, ||V_lower^k - V_lower^k-1||_inf = 0.00000636216072273757
    Local Iteration 251: ||V_upper^k - V_upper^k-1||_inf = 0.00000403464161126937, ||V_lower^k - V_lower^k-1||_inf = 0.00000610767429382806
    Local Iteration 252: ||V_upper^k - V_upper^k-1||_inf = 0.00000387325594681860, ||V_lower^k - V_lower^k-1||_inf = 0.00000586336732207493
    Local Iteration 253: ||V_upper^k - V_upper^k-1||_inf = 0.00000371832570894585, ||V_lower^k - V_lower^k-1||_inf = 0.00000562883262919195
    Local Iteration 254: ||V_upper^k - V_upper^k-1||_inf = 0.00000356959268058802, ||V_lower^k - V_lower^k-1||_inf = 0.00000540367932402427
    Local Iteration 255: ||V_upper^k - V_upper^k-1||_inf = 0.00000342680897336450, ||V_lower^k - V_lower^k-1||_inf = 0.00000518753215106329
    Local Iteration 256: ||V_upper^k - V_upper^k-1||_inf = 0.00000328973661442992, ||V_lower^k - V_lower^k-1||_inf = 0.00000498003086502077
    Local Iteration 257: ||V_upper^k - V_upper^k-1||_inf = 0.00000315814714985273, ||V_lower^k - V_lower^k-1||_inf = 0.00000478082963041994
    Local Iteration 258: ||V_upper^k - V_upper^k-1||_inf = 0.00000303182126385863, ||V_lower^k - V_lower^k-1||_inf = 0.00000458959644520313
    Local Iteration 259: ||V_upper^k - V_upper^k-1||_inf = 0.00000291054841330428, ||V_lower^k - V_lower^k-1||_inf = 0.00000440601258739501
    Local Iteration 260: ||V_upper^k - V_upper^k-1||_inf = 0.00000279412647677211, ||V_lower^k - V_lower^k-1||_inf = 0.00000422977208389920
    Local Iteration 261: ||V_upper^k - V_upper^k-1||_inf = 0.00000268236141770122, ||V_lower^k - V_lower^k-1||_inf = 0.00000406058120054324
    Local Iteration 262: ||V_upper^k - V_upper^k-1||_inf = 0.00000257506696099317, ||V_lower^k - V_lower^k-1||_inf = 0.00000371574796544403
    Local Iteration 263: ||V_upper^k - V_upper^k-1||_inf = 0.00000247206428255344, ||V_lower^k - V_lower^k-1||_inf = 0.00000356711804682628
    Local Iteration 264: ||V_upper^k - V_upper^k-1||_inf = 0.00000237318171125130, ||V_lower^k - V_lower^k-1||_inf = 0.00000342443332495323
    Local Iteration 265: ||V_upper^k - V_upper^k-1||_inf = 0.00000227825444280125, ||V_lower^k - V_lower^k-1||_inf = 0.00000328745599195509
    Local Iteration 266: ||V_upper^k - V_upper^k-1||_inf = 0.00000218712426508920, ||V_lower^k - V_lower^k-1||_inf = 0.00000182171973772188
    Local Iteration 267: ||V_upper^k - V_upper^k-1||_inf = 0.00000209963929448564, ||V_lower^k - V_lower^k-1||_inf = 0.00000000000000000000
    Local Iteration 268: ||V_upper^k - V_upper^k-1||_inf = 0.00000201565372270622, ||V_lower^k - V_lower^k-1||_inf = 0.00000000000000000000
    Local Iteration 269: ||V_upper^k - V_upper^k-1||_inf = 0.00000193502757379797, ||V_lower^k - V_lower^k-1||_inf = 0.00000000000000000000
    Local Iteration 270: ||V_upper^k - V_upper^k-1||_inf = 0.00000185762647084605, ||V_lower^k - V_lower^k-1||_inf = 0.00000000000000000000
    Local Iteration 271: ||V_upper^k - V_upper^k-1||_inf = 0.00000178332141201221, ||V_lower^k - V_lower^k-1||_inf = 0.00000000000000000000
    Local Iteration 272: ||V_upper^k - V_upper^k-1||_inf = 0.00000171198855553172, ||V_lower^k - V_lower^k-1||_inf = 0.00000000000000000000
    Local Iteration 273: ||V_upper^k - V_upper^k-1||_inf = 0.00000164350901331045, ||V_lower^k - V_lower^k-1||_inf = 0.00000000000000000000
    Local Iteration 274: ||V_upper^k - V_upper^k-1||_inf = 0.00000157776865277803, ||V_lower^k - V_lower^k-1||_inf = 0.00000000000000000000
    Local Iteration 275: ||V_upper^k - V_upper^k-1||_inf = 0.00000151465790666691, ||V_lower^k - V_lower^k-1||_inf = 0.00000000000000000000
    Local Iteration 276: ||V_upper^k - V_upper^k-1||_inf = 0.00000145407159040023, ||V_lower^k - V_lower^k-1||_inf = 0.00000000000000000000
    Local Iteration 277: ||V_upper^k - V_upper^k-1||_inf = 0.00000139590872678422, ||V_lower^k - V_lower^k-1||_inf = 0.00000000000000000000
    Local Iteration 278: ||V_upper^k - V_upper^k-1||_inf = 0.00000134007237771286, ||V_lower^k - V_lower^k-1||_inf = 0.00000000000000000000
    Local Iteration 279: ||V_upper^k - V_upper^k-1||_inf = 0.00000128646948260434, ||V_lower^k - V_lower^k-1||_inf = 0.00000000000000000000
    Local Iteration 280: ||V_upper^k - V_upper^k-1||_inf = 0.00000123501070330017, ||V_lower^k - V_lower^k-1||_inf = 0.00000000000000000000
    Local Iteration 281: ||V_upper^k - V_upper^k-1||_inf = 0.00000118561027516816, ||V_lower^k - V_lower^k-1||_inf = 0.00000000000000000000
    Local Iteration 282: ||V_upper^k - V_upper^k-1||_inf = 0.00000113818586416144, ||V_lower^k - V_lower^k-1||_inf = 0.00000000000000000000
    Local Iteration 283: ||V_upper^k - V_upper^k-1||_inf = 0.00000109265842959498, ||V_lower^k - V_lower^k-1||_inf = 0.00000000000000000000
    Local Iteration 284: ||V_upper^k - V_upper^k-1||_inf = 0.00000104895209241118, ||V_lower^k - V_lower^k-1||_inf = 0.00000000000000000000
    Local Iteration 285: ||V_upper^k - V_upper^k-1||_inf = 0.00000100699400871473, ||V_lower^k - V_lower^k-1||_inf = 0.00000000000000000000
    Local Iteration 286: ||V_upper^k - V_upper^k-1||_inf = 0.00000096671424836614, ||V_lower^k - V_lower^k-1||_inf = 0.00000000000000000000
    Local Iteration 287: ||V_upper^k - V_upper^k-1||_inf = 0.00000092804567843149, ||V_lower^k - V_lower^k-1||_inf = 0.00000000000000000000
    Local Iteration 288: ||V_upper^k - V_upper^k-1||_inf = 0.00000089092385129424, ||V_lower^k - V_lower^k-1||_inf = 0.00000000000000000000
    Local Iteration 289: ||V_upper^k - V_upper^k-1||_inf = 0.00000085528689724247, ||V_lower^k - V_lower^k-1||_inf = 0.00000000000000000000
    Local Iteration 290: ||V_upper^k - V_upper^k-1||_inf = 0.00000082107542135277, ||V_lower^k - V_lower^k-1||_inf = 0.00000000000000000000
    Local Iteration 291: ||V_upper^k - V_upper^k-1||_inf = 0.00000078823240449866, ||V_lower^k - V_lower^k-1||_inf = 0.00000000000000000000
    Local Iteration 292: ||V_upper^k - V_upper^k-1||_inf = 0.00000075670310831871, ||V_lower^k - V_lower^k-1||_inf = 0.00000000000000000000
    Local Iteration 293: ||V_upper^k - V_upper^k-1||_inf = 0.00000072643498398596, ||V_lower^k - V_lower^k-1||_inf = 0.00000000000000000000
    Local Iteration 294: ||V_upper^k - V_upper^k-1||_inf = 0.00000069737758462652, ||V_lower^k - V_lower^k-1||_inf = 0.00000000000000000000
    Local Iteration 295: ||V_upper^k - V_upper^k-1||_inf = 0.00000066948248124146, ||V_lower^k - V_lower^k-1||_inf = 0.00000000000000000000
    Local Iteration 296: ||V_upper^k - V_upper^k-1||_inf = 0.00000064270318199180, ||V_lower^k - V_lower^k-1||_inf = 0.00000000000000000000
    Local Iteration 297: ||V_upper^k - V_upper^k-1||_inf = 0.00000061699505471213, ||V_lower^k - V_lower^k-1||_inf = 0.00000000000000000000
    Local Iteration 298: ||V_upper^k - V_upper^k-1||_inf = 0.00000059231525252365, ||V_lower^k - V_lower^k-1||_inf = 0.00000000000000000000
    Local Iteration 299: ||V_upper^k - V_upper^k-1||_inf = 0.00000056862264242270, ||V_lower^k - V_lower^k-1||_inf = 0.00000000000000000000
    Local Iteration 300: ||V_upper^k - V_upper^k-1||_inf = 0.00000054587773672580, ||V_lower^k - V_lower^k-1||_inf = 0.00000000000000000000
    Local Iteration 301: ||V_upper^k - V_upper^k-1||_inf = 0.00000052404262725676, ||V_lower^k - V_lower^k-1||_inf = 0.00000000000000000000
    Local Iteration 302: ||V_upper^k - V_upper^k-1||_inf = 0.00000050308092216649, ||V_lower^k - V_lower^k-1||_inf = 0.00000000000000000000
    Local Iteration 303: ||V_upper^k - V_upper^k-1||_inf = 0.00000048295768527983, ||V_lower^k - V_lower^k-1||_inf = 0.00000000000000000000
    Local Iteration 304: ||V_upper^k - V_upper^k-1||_inf = 0.00000046363937786864, ||V_lower^k - V_lower^k-1||_inf = 0.00000000000000000000
    Local Iteration 305: ||V_upper^k - V_upper^k-1||_inf = 0.00000044509380275389, ||V_lower^k - V_lower^k-1||_inf = 0.00000000000000000000
    Local Iteration 306: ||V_upper^k - V_upper^k-1||_inf = 0.00000042729005064374, ||V_lower^k - V_lower^k-1||_inf = 0.00000000000000000000
    Local Iteration 307: ||V_upper^k - V_upper^k-1||_inf = 0.00000041019844861799, ||V_lower^k - V_lower^k-1||_inf = 0.00000000000000000000
    Local Iteration 308: ||V_upper^k - V_upper^k-1||_inf = 0.00000039379051067327, ||V_lower^k - V_lower^k-1||_inf = 0.00000000000000000000
    Local Iteration 309: ||V_upper^k - V_upper^k-1||_inf = 0.00000037803889024634, ||V_lower^k - V_lower^k-1||_inf = 0.00000000000000000000
    Local Iteration 310: ||V_upper^k - V_upper^k-1||_inf = 0.00000036291733463649, ||V_lower^k - V_lower^k-1||_inf = 0.00000000000000000000
    Local Iteration 311: ||V_upper^k - V_upper^k-1||_inf = 0.00000034840064125103, ||V_lower^k - V_lower^k-1||_inf = 0.00000000000000000000
    Local Iteration 312: ||V_upper^k - V_upper^k-1||_inf = 0.00000033446461560099, ||V_lower^k - V_lower^k-1||_inf = 0.00000000000000000000
    Local Iteration 313: ||V_upper^k - V_upper^k-1||_inf = 0.00000032108603097695, ||V_lower^k - V_lower^k-1||_inf = 0.00000000000000000000
    Local Iteration 314: ||V_upper^k - V_upper^k-1||_inf = 0.00000030824258973787, ||V_lower^k - V_lower^k-1||_inf = 0.00000000000000000000
    Local Iteration 315: ||V_upper^k - V_upper^k-1||_inf = 0.00000029591288614835, ||V_lower^k - V_lower^k-1||_inf = 0.00000000000000000000
    Local Iteration 316: ||V_upper^k - V_upper^k-1||_inf = 0.00000028407637070242, ||V_lower^k - V_lower^k-1||_inf = 0.00000000000000000000
    Local Iteration 317: ||V_upper^k - V_upper^k-1||_inf = 0.00000027271331587432, ||V_lower^k - V_lower^k-1||_inf = 0.00000000000000000000
    Local Iteration 318: ||V_upper^k - V_upper^k-1||_inf = 0.00000026180478323935, ||V_lower^k - V_lower^k-1||_inf = 0.00000000000000000000
    Local Iteration 319: ||V_upper^k - V_upper^k-1||_inf = 0.00000025133259190978, ||V_lower^k - V_lower^k-1||_inf = 0.00000000000000000000
    Local Iteration 320: ||V_upper^k - V_upper^k-1||_inf = 0.00000024127928823338, ||V_lower^k - V_lower^k-1||_inf = 0.00000000000000000000
    Local Iteration 321: ||V_upper^k - V_upper^k-1||_inf = 0.00000023162811670405, ||V_lower^k - V_lower^k-1||_inf = 0.00000000000000000000
    Local Iteration 322: ||V_upper^k - V_upper^k-1||_inf = 0.00000021883860824994, ||V_lower^k - V_lower^k-1||_inf = 0.00000000000000000000
    Local Iteration 323: ||V_upper^k - V_upper^k-1||_inf = 0.00000020890751493928, ||V_lower^k - V_lower^k-1||_inf = 0.00000000000000000000
    Local Iteration 324: ||V_upper^k - V_upper^k-1||_inf = 0.00000020055121434171, ||V_lower^k - V_lower^k-1||_inf = 0.00000000000000000000
    Local Iteration 325: ||V_upper^k - V_upper^k-1||_inf = 0.00000017183758025336, ||V_lower^k - V_lower^k-1||_inf = 0.00000000000000000000
    Local Iteration 326: ||V_upper^k - V_upper^k-1||_inf = 0.00000016496407704323, ||V_lower^k - V_lower^k-1||_inf = 0.00000000000000000000
    Local Iteration 327: ||V_upper^k - V_upper^k-1||_inf = 0.00000015836551396150, ||V_lower^k - V_lower^k-1||_inf = 0.00000000000000000000
    Local Iteration 328: ||V_upper^k - V_upper^k-1||_inf = 0.00000015203089340304, ||V_lower^k - V_lower^k-1||_inf = 0.00000000000000000000
    Local Iteration 329: ||V_upper^k - V_upper^k-1||_inf = 0.00000014594965766692, ||V_lower^k - V_lower^k-1||_inf = 0.00000000000000000000
    Local Iteration 330: ||V_upper^k - V_upper^k-1||_inf = 0.00000014011167136024, ||V_lower^k - V_lower^k-1||_inf = 0.00000000000000000000
    Local Iteration 331: ||V_upper^k - V_upper^k-1||_inf = 0.00000013450720450583, ||V_lower^k - V_lower^k-1||_inf = 0.00000000000000000000
    Local Iteration 332: ||V_upper^k - V_upper^k-1||_inf = 0.00000012912691632560, ||V_lower^k - V_lower^k-1||_inf = 0.00000000000000000000
    Local Iteration 333: ||V_upper^k - V_upper^k-1||_inf = 0.00000012396183967257, ||V_lower^k - V_lower^k-1||_inf = 0.00000000000000000000
    Local Iteration 334: ||V_upper^k - V_upper^k-1||_inf = 0.00000011900336608567, ||V_lower^k - V_lower^k-1||_inf = 0.00000000000000000000
    Local Iteration 335: ||V_upper^k - V_upper^k-1||_inf = 0.00000011424323144225, ||V_lower^k - V_lower^k-1||_inf = 0.00000000000000000000
    Local Iteration 336: ||V_upper^k - V_upper^k-1||_inf = 0.00000010967350218456, ||V_lower^k - V_lower^k-1||_inf = 0.00000000000000000000
    Local Iteration 337: ||V_upper^k - V_upper^k-1||_inf = 0.00000010528656209717, ||V_lower^k - V_lower^k-1||_inf = 0.00000000000000000000
    Local Iteration 338: ||V_upper^k - V_upper^k-1||_inf = 0.00000010107509961329, ||V_lower^k - V_lower^k-1||_inf = 0.00000000000000000000
    Local Iteration 339: ||V_upper^k - V_upper^k-1||_inf = 0.00000009703209562875, ||V_lower^k - V_lower^k-1||_inf = 0.00000000000000000000
    Local Iteration 340: ||V_upper^k - V_upper^k-1||_inf = 0.00000009315081180360, ||V_lower^k - V_lower^k-1||_inf = 0.00000000000000000000
    Local Iteration 341: ||V_upper^k - V_upper^k-1||_inf = 0.00000008942477933146, ||V_lower^k - V_lower^k-1||_inf = 0.00000000000000000000
    Local Iteration 342: ||V_upper^k - V_upper^k-1||_inf = 0.00000008584778815820, ||V_lower^k - V_lower^k-1||_inf = 0.00000000000000000000
    Local Iteration 343: ||V_upper^k - V_upper^k-1||_inf = 0.00000008241387663187, ||V_lower^k - V_lower^k-1||_inf = 0.00000000000000000000
    Local Iteration 344: ||V_upper^k - V_upper^k-1||_inf = 0.00000007911732156660, ||V_lower^k - V_lower^k-1||_inf = 0.00000000000000000000
    Local Iteration 345: ||V_upper^k - V_upper^k-1||_inf = 0.00000007595262870393, ||V_lower^k - V_lower^k-1||_inf = 0.00000000000000000000
    Local Iteration 346: ||V_upper^k - V_upper^k-1||_inf = 0.00000007291452355578, ||V_lower^k - V_lower^k-1||_inf = 0.00000000000000000000
    Local Iteration 347: ||V_upper^k - V_upper^k-1||_inf = 0.00000006999794261355, ||V_lower^k - V_lower^k-1||_inf = 0.00000000000000000000
    Local Iteration 348: ||V_upper^k - V_upper^k-1||_inf = 0.00000006719802490900, ||V_lower^k - V_lower^k-1||_inf = 0.00000000000000000000
    Local Iteration 349: ||V_upper^k - V_upper^k-1||_inf = 0.00000006451010391264, ||V_lower^k - V_lower^k-1||_inf = 0.00000000000000000000
    Local Iteration 350: ||V_upper^k - V_upper^k-1||_inf = 0.00000006192969975614, ||V_lower^k - V_lower^k-1||_inf = 0.00000000000000000000
    Local Iteration 351: ||V_upper^k - V_upper^k-1||_inf = 0.00000005945251176589, ||V_lower^k - V_lower^k-1||_inf = 0.00000000000000000000
    Local Iteration 352: ||V_upper^k - V_upper^k-1||_inf = 0.00000005707441129526, ||V_lower^k - V_lower^k-1||_inf = 0.00000000000000000000
    Local Iteration 353: ||V_upper^k - V_upper^k-1||_inf = 0.00000005479143484345, ||V_lower^k - V_lower^k-1||_inf = 0.00000000000000000000
    Local Iteration 354: ||V_upper^k - V_upper^k-1||_inf = 0.00000005259977744971, ||V_lower^k - V_lower^k-1||_inf = 0.00000000000000000000
    Local Iteration 355: ||V_upper^k - V_upper^k-1||_inf = 0.00000005049578635172, ||V_lower^k - V_lower^k-1||_inf = 0.00000000000000000000
    Local Iteration 356: ||V_upper^k - V_upper^k-1||_inf = 0.00000004847595489765, ||V_lower^k - V_lower^k-1||_inf = 0.00000000000000000000
    Local Iteration 357: ||V_upper^k - V_upper^k-1||_inf = 0.00000004653691670175, ||V_lower^k - V_lower^k-1||_inf = 0.00000000000000000000
    Local Iteration 358: ||V_upper^k - V_upper^k-1||_inf = 0.00000004467544003368, ||V_lower^k - V_lower^k-1||_inf = 0.00000000000000000000
    Local Iteration 359: ||V_upper^k - V_upper^k-1||_inf = 0.00000004288842243233, ||V_lower^k - V_lower^k-1||_inf = 0.00000000000000000000
    Local Iteration 360: ||V_upper^k - V_upper^k-1||_inf = 0.00000004117288553504, ||V_lower^k - V_lower^k-1||_inf = 0.00000000000000000000
    Local Iteration 361: ||V_upper^k - V_upper^k-1||_inf = 0.00000003952597011363, ||V_lower^k - V_lower^k-1||_inf = 0.00000000000000000000
    Local Iteration 362: ||V_upper^k - V_upper^k-1||_inf = 0.00000003794493130909, ||V_lower^k - V_lower^k-1||_inf = 0.00000000000000000000
    Local Iteration 363: ||V_upper^k - V_upper^k-1||_inf = 0.00000003642713405673, ||V_lower^k - V_lower^k-1||_inf = 0.00000000000000000000
    Local Iteration 364: ||V_upper^k - V_upper^k-1||_inf = 0.00000003497004869446, ||V_lower^k - V_lower^k-1||_inf = 0.00000000000000000000
    Local Iteration 365: ||V_upper^k - V_upper^k-1||_inf = 0.00000003357124674668, ||V_lower^k - V_lower^k-1||_inf = 0.00000000000000000000
    Local Iteration 366: ||V_upper^k - V_upper^k-1||_inf = 0.00000003222839687681, ||V_lower^k - V_lower^k-1||_inf = 0.00000000000000000000
    Local Iteration 367: ||V_upper^k - V_upper^k-1||_inf = 0.00000003093926100174, ||V_lower^k - V_lower^k-1||_inf = 0.00000000000000000000
    Local Iteration 368: ||V_upper^k - V_upper^k-1||_inf = 0.00000002970169056167, ||V_lower^k - V_lower^k-1||_inf = 0.00000000000000000000
    Local Iteration 369: ||V_upper^k - V_upper^k-1||_inf = 0.00000002851362293920, ||V_lower^k - V_lower^k-1||_inf = 0.00000000000000000000
    Local Iteration 370: ||V_upper^k - V_upper^k-1||_inf = 0.00000002737307802163, ||V_lower^k - V_lower^k-1||_inf = 0.00000000000000000000
    Local Iteration 371: ||V_upper^k - V_upper^k-1||_inf = 0.00000002627815490077, ||V_lower^k - V_lower^k-1||_inf = 0.00000000000000000000
    Local Iteration 372: ||V_upper^k - V_upper^k-1||_inf = 0.00000002522702870474, ||V_lower^k - V_lower^k-1||_inf = 0.00000000000000000000
    Local Iteration 373: ||V_upper^k - V_upper^k-1||_inf = 0.00000002421794755655, ||V_lower^k - V_lower^k-1||_inf = 0.00000000000000000000
    Local Iteration 374: ||V_upper^k - V_upper^k-1||_inf = 0.00000002324922965429, ||V_lower^k - V_lower^k-1||_inf = 0.00000000000000000000
    Local Iteration 375: ||V_upper^k - V_upper^k-1||_inf = 0.00000002231926046812, ||V_lower^k - V_lower^k-1||_inf = 0.00000000000000000000
    Local Iteration 376: ||V_upper^k - V_upper^k-1||_inf = 0.00000002142649004939, ||V_lower^k - V_lower^k-1||_inf = 0.00000000000000000000
    Local Iteration 377: ||V_upper^k - V_upper^k-1||_inf = 0.00000002056943044741, ||V_lower^k - V_lower^k-1||_inf = 0.00000000000000000000
    Local Iteration 378: ||V_upper^k - V_upper^k-1||_inf = 0.00000001974665322952, ||V_lower^k - V_lower^k-1||_inf = 0.00000000000000000000
    Local Iteration 379: ||V_upper^k - V_upper^k-1||_inf = 0.00000001895678710034, ||V_lower^k - V_lower^k-1||_inf = 0.00000000000000000000
    Local Iteration 380: ||V_upper^k - V_upper^k-1||_inf = 0.00000001819851561632, ||V_lower^k - V_lower^k-1||_inf = 0.00000000000000000000
    Local Iteration 381: ||V_upper^k - V_upper^k-1||_inf = 0.00000001747057499167, ||V_lower^k - V_lower^k-1||_inf = 0.00000000000000000000
    Local Iteration 382: ||V_upper^k - V_upper^k-1||_inf = 0.00000001677175199200, ||V_lower^k - V_lower^k-1||_inf = 0.00000000000000000000
    Local Iteration 383: ||V_upper^k - V_upper^k-1||_inf = 0.00000001610088191232, ||V_lower^k - V_lower^k-1||_inf = 0.00000000000000000000
    Local Iteration 384: ||V_upper^k - V_upper^k-1||_inf = 0.00000001545684663583, ||V_lower^k - V_lower^k-1||_inf = 0.00000000000000000000
    Local Iteration 385: ||V_upper^k - V_upper^k-1||_inf = 0.00000001483857277040, ||V_lower^k - V_lower^k-1||_inf = 0.00000000000000000000
    Local Iteration 386: ||V_upper^k - V_upper^k-1||_inf = 0.00000001424502985958, ||V_lower^k - V_lower^k-1||_inf = 0.00000000000000000000
    Local Iteration 387: ||V_upper^k - V_upper^k-1||_inf = 0.00000001367522866520, ||V_lower^k - V_lower^k-1||_inf = 0.00000000000000000000
    Local Iteration 388: ||V_upper^k - V_upper^k-1||_inf = 0.00000001312821951859, ||V_lower^k - V_lower^k-1||_inf = 0.00000000000000000000
    Local Iteration 389: ||V_upper^k - V_upper^k-1||_inf = 0.00000001260309073785, ||V_lower^k - V_lower^k-1||_inf = 0.00000000000000000000
    Local Iteration 390: ||V_upper^k - V_upper^k-1||_inf = 0.00000001209896710833, ||V_lower^k - V_lower^k-1||_inf = 0.00000000000000000000
    Local Iteration 391: ||V_upper^k - V_upper^k-1||_inf = 0.00000001161500842400, ||V_lower^k - V_lower^k-1||_inf = 0.00000000000000000000
    Local Iteration 392: ||V_upper^k - V_upper^k-1||_inf = 0.00000001115040808704, ||V_lower^k - V_lower^k-1||_inf = 0.00000000000000000000
    Local Iteration 393: ||V_upper^k - V_upper^k-1||_inf = 0.00000001070439176356, ||V_lower^k - V_lower^k-1||_inf = 0.00000000000000000000
    Local Iteration 394: ||V_upper^k - V_upper^k-1||_inf = 0.00000001027621609302, ||V_lower^k - V_lower^k-1||_inf = 0.00000000000000000000
    Local Iteration 395: ||V_upper^k - V_upper^k-1||_inf = 0.00000000986516744930, ||V_lower^k - V_lower^k-1||_inf = 0.00000000000000000000

==================================================
 LOCAL CONVERGENCE ACHIEVED
==================================================
  ||V_upper^k - V_upper^k-1||_inf = 9.86516744929532543328e-09 < tolerance = 1e-08
  ||V_lower^k - V_lower^k-1||_inf = 0.00000000000000000000e+00 < tolerance = 1e-08
  Converged in 395 iterations
  V_lower increased from min(l_lower, r_lower); smallest step 0.000e+00
    Local VI completed in 395 iterations
    Final convergence values:
      ||V_upper^final - V_upper^prev||_inf = 9.86516745e-09
      ||V_lower^final - V_lower^prev||_inf = 0.00000000e+00
  Local VI completed in 395 iterations, time: 0.344s
    Final ||V_upper^k - V_upper^k-1||_inf = 9.86516744929532543328e-09
    Final ||V_lower^k - V_lower^k-1||_inf = 0.00000000000000000000e+00
  Saved visualization: /Users/i.k.tabbara/Documents/python directory/HSCC_2027/refactored_Implementations/results_hscc_2027_modified_init/ra_discount/van_der_pol_res40_eps0.001_dmin1e-08_dmax1e-08_gamma0.96_dt0.01_tau0.01_std/value_function_phase_8_complete.png
  Phase 8 completed in 0.51s with 361222 leaf cells

Classification after phase 8:
  Safe:            13178 cells (  3.6%),    5.5% of state space
  Unsafe:          20834 cells (  5.8%),   14.6% of state space
  Unclassified:   327210 cells ( 90.6%),   79.9% of state space

======================================================================
REFINEMENT PHASE 9
======================================================================
Boundary cells: 327210
  Refinable (>eta_min=0.000354): 327210
  Below threshold: 0
  Cumulative refined: 359622
  Refinable cell size statistics:
    Max:    0.009063
    Mean:   0.009062
    Min:    0.009062
    Median: 0.009062
  Refining 327210 cells...
    Refined: 327210 parent cells
    Created: 654420 child cells
    Total cells: 688432
    Refinement time: 0.020s
    Cumulative refined: 686832
  Rebuilding spatial index...
  Building spatial index for 688432 cells...
   Spatial index built in 0.12s
    Spatial index rebuilt in 0.123s
  Initializing 654420 new cells...
  Initializing 654420 new cells in parallel...
   Initialized in 0.00s (506092803.0 cells/s)
    Initialization completed in 0.001s
  Starting local value iteration...
  Reinitializing ALL 688432 cells (V_lower = min(l, r), V_upper = l)
   Reinitialized 688432 cells in 0.00s (490919061.3 cells/s)
  Local VI: updating all 688432 cells
    Conservative mode: False
    Convergence tolerance: 1e-08
    Max iterations: 20000
    Updating successor cache for 654420 updated cells...
    Updating successor cache for 654420 new cells (HYBRID)...
      Affected cells: 655059
   Trajectories + spatial queries computed in 0.06s (11397955.1 tasks/s)
    Breakdown: 36.8% ODE, 63.2% queries
     Cache updated in 0.08s (8722107.7 tasks/s)
    Local Iteration   1: ||V_upper^k - V_upper^k-1||_inf = 4.08968913564991254361, ||V_lower^k - V_lower^k-1||_inf = 3.99484477945168681146
    Local Iteration   2: ||V_upper^k - V_upper^k-1||_inf = 3.80896525035328537001, ||V_lower^k - V_lower^k-1||_inf = 3.71362286890487425239
    Local Iteration   3: ||V_upper^k - V_upper^k-1||_inf = 3.55917803769511831291, ||V_lower^k - V_lower^k-1||_inf = 3.48878040110247589212
    Local Iteration   4: ||V_upper^k - V_upper^k-1||_inf = 3.32577992813652123516, ||V_lower^k - V_lower^k-1||_inf = 3.25776127393884529226
    Local Iteration   5: ||V_upper^k - V_upper^k-1||_inf = 3.11842335679553039895, ||V_lower^k - V_lower^k-1||_inf = 3.07007722666910876086
    Local Iteration   6: ||V_upper^k - V_upper^k-1||_inf = 2.93417459038568972929, ||V_lower^k - V_lower^k-1||_inf = 2.87882320325655438609
    Local Iteration   7: ||V_upper^k - V_upper^k-1||_inf = 2.75213777916642898802, ||V_lower^k - V_lower^k-1||_inf = 2.71505301479622573879
    Local Iteration   8: ||V_upper^k - V_upper^k-1||_inf = 2.59058560169354556990, ||V_lower^k - V_lower^k-1||_inf = 2.57861667739507582908
    Local Iteration   9: ||V_upper^k - V_upper^k-1||_inf = 2.43208842647777778723, ||V_lower^k - V_lower^k-1||_inf = 2.40712110829653047617
    Local Iteration  10: ||V_upper^k - V_upper^k-1||_inf = 2.26511739080180340977, ||V_lower^k - V_lower^k-1||_inf = 2.26670430587138804768
    Local Iteration  11: ||V_upper^k - V_upper^k-1||_inf = 2.16830372794371140088, ||V_lower^k - V_lower^k-1||_inf = 2.12223399332541928786
    Local Iteration  12: ||V_upper^k - V_upper^k-1||_inf = 2.08157157882596255405, ||V_lower^k - V_lower^k-1||_inf = 1.98562860396246154693
    Local Iteration  13: ||V_upper^k - V_upper^k-1||_inf = 1.99830871567292400748, ||V_lower^k - V_lower^k-1||_inf = 1.85809246218690082841
    Local Iteration  14: ||V_upper^k - V_upper^k-1||_inf = 1.91837636704600700277, ||V_lower^k - V_lower^k-1||_inf = 1.77911241472572445588
    Local Iteration  15: ||V_upper^k - V_upper^k-1||_inf = 1.84164131236416661608, ||V_lower^k - V_lower^k-1||_inf = 1.66636923724529184554
    Local Iteration  16: ||V_upper^k - V_upper^k-1||_inf = 1.76797565986959970274, ||V_lower^k - V_lower^k-1||_inf = 1.58794601670059876142
    Local Iteration  17: ||V_upper^k - V_upper^k-1||_inf = 1.69725663347481581233, ||V_lower^k - V_lower^k-1||_inf = 1.48611280436732595689
    Local Iteration  18: ||V_upper^k - V_upper^k-1||_inf = 1.62936636813582302885, ||V_lower^k - V_lower^k-1||_inf = 1.41915901148614986838
    Local Iteration  19: ||V_upper^k - V_upper^k-1||_inf = 1.56419171341038998335, ||V_lower^k - V_lower^k-1||_inf = 1.02206466834936793298
    Local Iteration  20: ||V_upper^k - V_upper^k-1||_inf = 1.50162404487397438402, ||V_lower^k - V_lower^k-1||_inf = 0.95700868229861169034
    Local Iteration  21: ||V_upper^k - V_upper^k-1||_inf = 1.44155908307901525767, ||V_lower^k - V_lower^k-1||_inf = 0.91872833500666728490
    Local Iteration  22: ||V_upper^k - V_upper^k-1||_inf = 1.38389671975585470953, ||V_lower^k - V_lower^k-1||_inf = 0.87974901612355538294
    Local Iteration  23: ||V_upper^k - V_upper^k-1||_inf = 1.32854085096562046786, ||V_lower^k - V_lower^k-1||_inf = 0.82219164324895366303
    Local Iteration  24: ||V_upper^k - V_upper^k-1||_inf = 1.27539921692699564915, ||V_lower^k - V_lower^k-1||_inf = 0.77750140229472120001
    Local Iteration  25: ||V_upper^k - V_upper^k-1||_inf = 1.22438324824991573436, ||V_lower^k - V_lower^k-1||_inf = 0.73420376373677265214
    Local Iteration  26: ||V_upper^k - V_upper^k-1||_inf = 1.17540791831991908722, ||V_lower^k - V_lower^k-1||_inf = 0.66850884738016136399
    Local Iteration  27: ||V_upper^k - V_upper^k-1||_inf = 1.12839160158712226156, ||V_lower^k - V_lower^k-1||_inf = 0.64176849348495501602
    Local Iteration  28: ||V_upper^k - V_upper^k-1||_inf = 1.08195270987757607983, ||V_lower^k - V_lower^k-1||_inf = 0.60530611342477613768
    Local Iteration  29: ||V_upper^k - V_upper^k-1||_inf = 1.03867460148247303664, ||V_lower^k - V_lower^k-1||_inf = 0.56886691110152987072
    Local Iteration  30: ||V_upper^k - V_upper^k-1||_inf = 0.99595005289835780715, ||V_lower^k - V_lower^k-1||_inf = 0.54611223465746872030
    Local Iteration  31: ||V_upper^k - V_upper^k-1||_inf = 0.95611205078242345046, ||V_lower^k - V_lower^k-1||_inf = 0.50258429007673366407
    Local Iteration  32: ||V_upper^k - V_upper^k-1||_inf = 0.91576236160537538566, ||V_lower^k - V_lower^k-1||_inf = 0.45163162069601547888
    Local Iteration  33: ||V_upper^k - V_upper^k-1||_inf = 0.87913186714116031695, ||V_lower^k - V_lower^k-1||_inf = 0.43356635586817482420
    Local Iteration  34: ||V_upper^k - V_upper^k-1||_inf = 0.84396659245551386430, ||V_lower^k - V_lower^k-1||_inf = 0.39540758464678893436
    Local Iteration  35: ||V_upper^k - V_upper^k-1||_inf = 0.80930567530119756903, ||V_lower^k - V_lower^k-1||_inf = 0.37959128126091740141
    Local Iteration  36: ||V_upper^k - V_upper^k-1||_inf = 0.77693344828914967515, ||V_lower^k - V_lower^k-1||_inf = 0.34442415770328810298
    Local Iteration  37: ||V_upper^k - V_upper^k-1||_inf = 0.74504251258488851661, ||V_lower^k - V_lower^k-1||_inf = 0.33064719139515658108
    Local Iteration  38: ||V_upper^k - V_upper^k-1||_inf = 0.71524081208149303812, ||V_lower^k - V_lower^k-1||_inf = 0.31742130373935034671
    Local Iteration  39: ||V_upper^k - V_upper^k-1||_inf = 0.68589794119881730694, ||V_lower^k - V_lower^k-1||_inf = 0.28630768351146768103
    Local Iteration  40: ||V_upper^k - V_upper^k-1||_inf = 0.65846202355086458358, ||V_lower^k - V_lower^k-1||_inf = 0.27485537617100896934
    Local Iteration  41: ||V_upper^k - V_upper^k-1||_inf = 0.63146311761665996354, ||V_lower^k - V_lower^k-1||_inf = 0.24618106376899229204
    Local Iteration  42: ||V_upper^k - V_upper^k-1||_inf = 0.60620459291199357832, ||V_lower^k - V_lower^k-1||_inf = 0.22499925191323616458
    Local Iteration  43: ||V_upper^k - V_upper^k-1||_inf = 0.58175024143651332675, ||V_lower^k - V_lower^k-1||_inf = 0.20990757490853401146
    Local Iteration  44: ||V_upper^k - V_upper^k-1||_inf = 0.55848023177905281589, ||V_lower^k - V_lower^k-1||_inf = 0.18453837845122339489
    Local Iteration  45: ||V_upper^k - V_upper^k-1||_inf = 0.53614102250789064108, ||V_lower^k - V_lower^k-1||_inf = 0.17715684331317449463
    Local Iteration  46: ||V_upper^k - V_upper^k-1||_inf = 0.51469538160757499767, ||V_lower^k - V_lower^k-1||_inf = 0.15377659185811698439
    Local Iteration  47: ||V_upper^k - V_upper^k-1||_inf = 0.49410756634327201997, ||V_lower^k - V_lower^k-1||_inf = 0.14762552818379226505
    Local Iteration  48: ||V_upper^k - V_upper^k-1||_inf = 0.47434326368954105035, ||V_lower^k - V_lower^k-1||_inf = 0.14172050705644057000
    Local Iteration  49: ||V_upper^k - V_upper^k-1||_inf = 0.45536953314195938169, ||V_lower^k - V_lower^k-1||_inf = 0.12103515690509886182
    Local Iteration  50: ||V_upper^k - V_upper^k-1||_inf = 0.43715475181628105084, ||V_lower^k - V_lower^k-1||_inf = 0.10117722075981078200
    Local Iteration  51: ||V_upper^k - V_upper^k-1||_inf = 0.41966856174362976439, ||V_lower^k - V_lower^k-1||_inf = 0.09713013192941832852
    Local Iteration  52: ||V_upper^k - V_upper^k-1||_inf = 0.40288181927388455605, ||V_lower^k - V_lower^k-1||_inf = 0.07882905797792083558
    Local Iteration  53: ||V_upper^k - V_upper^k-1||_inf = 0.38676654650292918713, ||V_lower^k - V_lower^k-1||_inf = 0.07567589565880394886
    Local Iteration  54: ||V_upper^k - V_upper^k-1||_inf = 0.37129588464281204629, ||V_lower^k - V_lower^k-1||_inf = 0.05880962590510385724
    Local Iteration  55: ||V_upper^k - V_upper^k-1||_inf = 0.35644404925709954890, ||V_lower^k - V_lower^k-1||_inf = 0.05645724086889974958
    Local Iteration  56: ||V_upper^k - V_upper^k-1||_inf = 0.34218628728681554918, ||V_lower^k - V_lower^k-1||_inf = 0.04091328666388976965
    Local Iteration  57: ||V_upper^k - V_upper^k-1||_inf = 0.32849883579534289169, ||V_lower^k - V_lower^k-1||_inf = 0.03927675519733420106
    Local Iteration  58: ||V_upper^k - V_upper^k-1||_inf = 0.31535888236352921377, ||V_lower^k - V_lower^k-1||_inf = 0.02737070929760304638
    Local Iteration  59: ||V_upper^k - V_upper^k-1||_inf = 0.30135886784497839530, ||V_lower^k - V_lower^k-1||_inf = 0.02398704920146499386
    Local Iteration  60: ||V_upper^k - V_upper^k-1||_inf = 0.28930451313117921952, ||V_lower^k - V_lower^k-1||_inf = 0.02142832514543979716
    Local Iteration  61: ||V_upper^k - V_upper^k-1||_inf = 0.27773233260593205296, ||V_lower^k - V_lower^k-1||_inf = 0.01786832926897130580
    Local Iteration  62: ||V_upper^k - V_upper^k-1||_inf = 0.26662303930169478638, ||V_lower^k - V_lower^k-1||_inf = 0.01441003014389050096
    Local Iteration  63: ||V_upper^k - V_upper^k-1||_inf = 0.25595811772962695496, ||V_lower^k - V_lower^k-1||_inf = 0.01318948245151235765
    Local Iteration  64: ||V_upper^k - V_upper^k-1||_inf = 0.24571979302044189009, ||V_lower^k - V_lower^k-1||_inf = 0.01266190315345189221
    Local Iteration  65: ||V_upper^k - V_upper^k-1||_inf = 0.23589100129962420338, ||V_lower^k - V_lower^k-1||_inf = 0.01215542702731381430
    Local Iteration  66: ||V_upper^k - V_upper^k-1||_inf = 0.22645536124763920860, ||V_lower^k - V_lower^k-1||_inf = 0.01166920994622122620
    Local Iteration  67: ||V_upper^k - V_upper^k-1||_inf = 0.21739714679773361472, ||V_lower^k - V_lower^k-1||_inf = 0.01120244154837241046
    Local Iteration  68: ||V_upper^k - V_upper^k-1||_inf = 0.20870126092582425015, ||V_lower^k - V_lower^k-1||_inf = 0.01075434388643747852
    Local Iteration  69: ||V_upper^k - V_upper^k-1||_inf = 0.20035321048879128902, ||V_lower^k - V_lower^k-1||_inf = 0.01032417013097999825
    Local Iteration  70: ||V_upper^k - V_upper^k-1||_inf = 0.19233908206923963635, ||V_lower^k - V_lower^k-1||_inf = 0.00991120332574080276
    Local Iteration  71: ||V_upper^k - V_upper^k-1||_inf = 0.18464551878647006422, ||V_lower^k - V_lower^k-1||_inf = 0.00951475519271116621
    Local Iteration  72: ||V_upper^k - V_upper^k-1||_inf = 0.17725969803501123723, ||V_lower^k - V_lower^k-1||_inf = 0.00913416498500271845
    Local Iteration  73: ||V_upper^k - V_upper^k-1||_inf = 0.17016931011361077775, ||V_lower^k - V_lower^k-1||_inf = 0.00876879838560259972
    Local Iteration  74: ||V_upper^k - V_upper^k-1||_inf = 0.16336253770906633553, ||V_lower^k - V_lower^k-1||_inf = 0.00841804645017849018
    Local Iteration  75: ||V_upper^k - V_upper^k-1||_inf = 0.15682803620070367989, ||V_lower^k - V_lower^k-1||_inf = 0.00808132459217136834
    Local Iteration  76: ||V_upper^k - V_upper^k-1||_inf = 0.15055491475267551715, ||V_lower^k - V_lower^k-1||_inf = 0.00775807160848451804
    Local Iteration  77: ||V_upper^k - V_upper^k-1||_inf = 0.14453271816256851867, ||V_lower^k - V_lower^k-1||_inf = 0.00744774874414513843
    Local Iteration  78: ||V_upper^k - V_upper^k-1||_inf = 0.13875140943606578681, ||V_lower^k - V_lower^k-1||_inf = 0.00714983879437933179
    Local Iteration  79: ||V_upper^k - V_upper^k-1||_inf = 0.13320135305862312869, ||V_lower^k - V_lower^k-1||_inf = 0.00686384524260413853
    Local Iteration  80: ||V_upper^k - V_upper^k-1||_inf = 0.12787329893627819022, ||V_lower^k - V_lower^k-1||_inf = 0.00658929143289999075
    Local Iteration  81: ||V_upper^k - V_upper^k-1||_inf = 0.12275836697882708259, ||V_lower^k - V_lower^k-1||_inf = 0.00632571977558399334
    Local Iteration  82: ||V_upper^k - V_upper^k-1||_inf = 0.11784803229967397153, ||V_lower^k - V_lower^k-1||_inf = 0.00607269098456061918
    Local Iteration  83: ||V_upper^k - V_upper^k-1||_inf = 0.11313411100768699935, ||V_lower^k - V_lower^k-1||_inf = 0.00582978334517819663
    Local Iteration  84: ||V_upper^k - V_upper^k-1||_inf = 0.10860874656737952437, ||V_lower^k - V_lower^k-1||_inf = 0.00559659201137105433
    Local Iteration  85: ||V_upper^k - V_upper^k-1||_inf = 0.10426439670468433396, ||V_lower^k - V_lower^k-1||_inf = 0.00537272833091623214
    Local Iteration  86: ||V_upper^k - V_upper^k-1||_inf = 0.10009382083649695505, ||V_lower^k - V_lower^k-1||_inf = 0.00515781919767957509
    Local Iteration  87: ||V_upper^k - V_upper^k-1||_inf = 0.09609006800303707130, ||V_lower^k - V_lower^k-1||_inf = 0.00495150642977239264
    Local Iteration  88: ||V_upper^k - V_upper^k-1||_inf = 0.09224646528291559344, ||V_lower^k - V_lower^k-1||_inf = 0.00475344617258149915
    Local Iteration  89: ||V_upper^k - V_upper^k-1||_inf = 0.08855660667159896693, ||V_lower^k - V_lower^k-1||_inf = 0.00456330832567823641
    Local Iteration  90: ||V_upper^k - V_upper^k-1||_inf = 0.08501434240473501602, ||V_lower^k - V_lower^k-1||_inf = 0.00438077599265110362
    Local Iteration  91: ||V_upper^k - V_upper^k-1||_inf = 0.08161376870854561427, ||V_lower^k - V_lower^k-1||_inf = 0.00420554495294506170
    Local Iteration  92: ||V_upper^k - V_upper^k-1||_inf = 0.07834921796020377638, ||V_lower^k - V_lower^k-1||_inf = 0.00403732315482725757
    Local Iteration  93: ||V_upper^k - V_upper^k-1||_inf = 0.07521524924179562310, ||V_lower^k - V_lower^k-1||_inf = 0.00387583022863416393
    Local Iteration  94: ||V_upper^k - V_upper^k-1||_inf = 0.07220663927212379873, ||V_lower^k - V_lower^k-1||_inf = 0.00372079701948879737
    Local Iteration  95: ||V_upper^k - V_upper^k-1||_inf = 0.06931837370123883346, ||V_lower^k - V_lower^k-1||_inf = 0.00357196513870924881
    Local Iteration  96: ||V_upper^k - V_upper^k-1||_inf = 0.06654563875318927901, ||V_lower^k - V_lower^k-1||_inf = 0.00342908653316087442
    Local Iteration  97: ||V_upper^k - V_upper^k-1||_inf = 0.06388381320306170397, ||V_lower^k - V_lower^k-1||_inf = 0.00329192307183444333
    Local Iteration  98: ||V_upper^k - V_upper^k-1||_inf = 0.06132846067493923081, ||V_lower^k - V_lower^k-1||_inf = 0.00316024614896107114
    Local Iteration  99: ||V_upper^k - V_upper^k-1||_inf = 0.05887532224794166102, ||V_lower^k - V_lower^k-1||_inf = 0.00303383630300262108
    Local Iteration 100: ||V_upper^k - V_upper^k-1||_inf = 0.05652030935802399014, ||V_lower^k - V_lower^k-1||_inf = 0.00291248285088252512
    Local Iteration 101: ||V_upper^k - V_upper^k-1||_inf = 0.05425949698370303304, ||V_lower^k - V_lower^k-1||_inf = 0.00279598353684722134
    Local Iteration 102: ||V_upper^k - V_upper^k-1||_inf = 0.05208911710435491088, ||V_lower^k - V_lower^k-1||_inf = 0.00268414419537332805
    Local Iteration 103: ||V_upper^k - V_upper^k-1||_inf = 0.05000555242018071833, ||V_lower^k - V_lower^k-1||_inf = 0.00257677842755840020
    Local Iteration 104: ||V_upper^k - V_upper^k-1||_inf = 0.04800533032337348655, ||V_lower^k - V_lower^k-1||_inf = 0.00247370729045606058
    Local Iteration 105: ||V_upper^k - V_upper^k-1||_inf = 0.04608511711043854903, ||V_lower^k - V_lower^k-1||_inf = 0.00237475899883781566
    Local Iteration 106: ||V_upper^k - V_upper^k-1||_inf = 0.04424171242602100568, ||V_lower^k - V_lower^k-1||_inf = 0.00227976863888430803
    Local Iteration 107: ||V_upper^k - V_upper^k-1||_inf = 0.04247204392898016462, ||V_lower^k - V_lower^k-1||_inf = 0.00218857789332893571
    Local Iteration 108: ||V_upper^k - V_upper^k-1||_inf = 0.04077316217182095498, ||V_lower^k - V_lower^k-1||_inf = 0.00210103477759577412
    Local Iteration 109: ||V_upper^k - V_upper^k-1||_inf = 0.03914223568494811650, ||V_lower^k - V_lower^k-1||_inf = 0.00201699338649194426
    Local Iteration 110: ||V_upper^k - V_upper^k-1||_inf = 0.03757654625755019184, ||V_lower^k - V_lower^k-1||_inf = 0.00193631365103226483
    Local Iteration 111: ||V_upper^k - V_upper^k-1||_inf = 0.03607348440724818250, ||V_lower^k - V_lower^k-1||_inf = 0.00185886110499097756
    Local Iteration 112: ||V_upper^k - V_upper^k-1||_inf = 0.03463054503095825548, ||V_lower^k - V_lower^k-1||_inf = 0.00178450666079133652
    Local Iteration 113: ||V_upper^k - V_upper^k-1||_inf = 0.03324532322971991694, ||V_lower^k - V_lower^k-1||_inf = 0.00171312639435968611
    Local Iteration 114: ||V_upper^k - V_upper^k-1||_inf = 0.03191551030053112192, ||V_lower^k - V_lower^k-1||_inf = 0.00164460133858529423
    Local Iteration 115: ||V_upper^k - V_upper^k-1||_inf = 0.03063888988850987233, ||V_lower^k - V_lower^k-1||_inf = 0.00157881728504188218
    Local Iteration 116: ||V_upper^k - V_upper^k-1||_inf = 0.02941333429296947438, ||V_lower^k - V_lower^k-1||_inf = 0.00151566459364020634
    Local Iteration 117: ||V_upper^k - V_upper^k-1||_inf = 0.02823680092125069319, ||V_lower^k - V_lower^k-1||_inf = 0.00145503800989459781
    Local Iteration 118: ||V_upper^k - V_upper^k-1||_inf = 0.02710732888440066379, ||V_lower^k - V_lower^k-1||_inf = 0.00139683648949881500
    Local Iteration 119: ||V_upper^k - V_upper^k-1||_inf = 0.00088610726759900948, ||V_lower^k - V_lower^k-1||_inf = 0.00134096302991886657
    Local Iteration 120: ||V_upper^k - V_upper^k-1||_inf = 0.00085066297689504952, ||V_lower^k - V_lower^k-1||_inf = 0.00128732450872210899
    Local Iteration 121: ||V_upper^k - V_upper^k-1||_inf = 0.00081663645781924685, ||V_lower^k - V_lower^k-1||_inf = 0.00123583152837322338
    Local Iteration 122: ||V_upper^k - V_upper^k-1||_inf = 0.00078397099950647774, ||V_lower^k - V_lower^k-1||_inf = 0.00118639826723829570
    Local Iteration 123: ||V_upper^k - V_upper^k-1||_inf = 0.00075261215952621835, ||V_lower^k - V_lower^k-1||_inf = 0.00113894233654876498
    Local Iteration 124: ||V_upper^k - V_upper^k-1||_inf = 0.00072250767314517052, ||V_lower^k - V_lower^k-1||_inf = 0.00109338464308681230
    Local Iteration 125: ||V_upper^k - V_upper^k-1||_inf = 0.00069360736621936273, ||V_lower^k - V_lower^k-1||_inf = 0.00104964925736334216
    Local Iteration 126: ||V_upper^k - V_upper^k-1||_inf = 0.00066586307157058718, ||V_lower^k - V_lower^k-1||_inf = 0.00100766328706880862
    Local Iteration 127: ||V_upper^k - V_upper^k-1||_inf = 0.00063922854870776362, ||V_lower^k - V_lower^k-1||_inf = 0.00096735675558605461
    Local Iteration 128: ||V_upper^k - V_upper^k-1||_inf = 0.00061365940675945328, ||V_lower^k - V_lower^k-1||_inf = 0.00092866248536261145
    Local Iteration 129: ||V_upper^k - V_upper^k-1||_inf = 0.00058911303048907529, ||V_lower^k - V_lower^k-1||_inf = 0.00089151598594810685
    Local Iteration 130: ||V_upper^k - V_upper^k-1||_inf = 0.00056554850926951276, ||V_lower^k - V_lower^k-1||_inf = 0.00085585534651018425
    Local Iteration 131: ||V_upper^k - V_upper^k-1||_inf = 0.00054292656889873107, ||V_lower^k - V_lower^k-1||_inf = 0.00082162113264977812
    Local Iteration 132: ||V_upper^k - V_upper^k-1||_inf = 0.00052120950614278037, ||V_lower^k - V_lower^k-1||_inf = 0.00078875628734378575
    Local Iteration 133: ||V_upper^k - V_upper^k-1||_inf = 0.00050036112589707006, ||V_lower^k - V_lower^k-1||_inf = 0.00075720603585003460
    Local Iteration 134: ||V_upper^k - V_upper^k-1||_inf = 0.00048034668086118816, ||V_lower^k - V_lower^k-1||_inf = 0.00072691779441603349
    Local Iteration 135: ||V_upper^k - V_upper^k-1||_inf = 0.00046113281362674188, ||V_lower^k - V_lower^k-1||_inf = 0.00069784108263938951
    Local Iteration 136: ||V_upper^k - V_upper^k-1||_inf = 0.00044268750108167332, ||V_lower^k - V_lower^k-1||_inf = 0.00066992743933381657
    Local Iteration 137: ||V_upper^k - V_upper^k-1||_inf = 0.00042498000103840736, ||V_lower^k - V_lower^k-1||_inf = 0.00064313034176046238
    Local Iteration 138: ||V_upper^k - V_upper^k-1||_inf = 0.00040798080099687089, ||V_lower^k - V_lower^k-1||_inf = 0.00061740512809004347
    Local Iteration 139: ||V_upper^k - V_upper^k-1||_inf = 0.00039166156895699585, ||V_lower^k - V_lower^k-1||_inf = 0.00059270892296644194
    Local Iteration 140: ||V_upper^k - V_upper^k-1||_inf = 0.00037599510619871612, ||V_lower^k - V_lower^k-1||_inf = 0.00056900056604778509
    Local Iteration 141: ||V_upper^k - V_upper^k-1||_inf = 0.00036095530195076782, ||V_lower^k - V_lower^k-1||_inf = 0.00054624054340587404
    Local Iteration 142: ||V_upper^k - V_upper^k-1||_inf = 0.00034651708987273704, ||V_lower^k - V_lower^k-1||_inf = 0.00052439092166963776
    Local Iteration 143: ||V_upper^k - V_upper^k-1||_inf = 0.00033265640627782797, ||V_lower^k - V_lower^k-1||_inf = 0.00050341528480285329
    Local Iteration 144: ||V_upper^k - V_upper^k-1||_inf = 0.00031935015002671450, ||V_lower^k - V_lower^k-1||_inf = 0.00048327867341073881
    Local Iteration 145: ||V_upper^k - V_upper^k-1||_inf = 0.00030657614402564669, ||V_lower^k - V_lower^k-1||_inf = 0.00046394752647430960
    Local Iteration 146: ||V_upper^k - V_upper^k-1||_inf = 0.00029431309826462131, ||V_lower^k - V_lower^k-1||_inf = 0.00044538962541533673
    Local Iteration 147: ||V_upper^k - V_upper^k-1||_inf = 0.00028254057433403645, ||V_lower^k - V_lower^k-1||_inf = 0.00042757404039872257
    Local Iteration 148: ||V_upper^k - V_upper^k-1||_inf = 0.00027123895136067517, ||V_lower^k - V_lower^k-1||_inf = 0.00041047107878277450
    Local Iteration 149: ||V_upper^k - V_upper^k-1||_inf = 0.00026038939330624757, ||V_lower^k - V_lower^k-1||_inf = 0.00039405223563146290
    Local Iteration 150: ||V_upper^k - V_upper^k-1||_inf = 0.00024997381757399777, ||V_lower^k - V_lower^k-1||_inf = 0.00037829014620620501
    Local Iteration 151: ||V_upper^k - V_upper^k-1||_inf = 0.00023997486487103720, ||V_lower^k - V_lower^k-1||_inf = 0.00036315854035795687
    Local Iteration 152: ||V_upper^k - V_upper^k-1||_inf = 0.00023037587027619540, ||V_lower^k - V_lower^k-1||_inf = 0.00034863219874363763
    Local Iteration 153: ||V_upper^k - V_upper^k-1||_inf = 0.00022116083546514734, ||V_lower^k - V_lower^k-1||_inf = 0.00033468691079389240
    Local Iteration 154: ||V_upper^k - V_upper^k-1||_inf = 0.00021231440204654093, ||V_lower^k - V_lower^k-1||_inf = 0.00032129943436213712
    Local Iteration 155: ||V_upper^k - V_upper^k-1||_inf = 0.00020382182596467889, ||V_lower^k - V_lower^k-1||_inf = 0.00030844745698765160
    Local Iteration 156: ||V_upper^k - V_upper^k-1||_inf = 0.00019566895292609174, ||V_lower^k - V_lower^k-1||_inf = 0.00029610955870814585
    Local Iteration 157: ||V_upper^k - V_upper^k-1||_inf = 0.00018784219480904793, ||V_lower^k - V_lower^k-1||_inf = 0.00028426517635981967
    Local Iteration 158: ||V_upper^k - V_upper^k-1||_inf = 0.00018032850701668601, ||V_lower^k - V_lower^k-1||_inf = 0.00027289456930542667
    Local Iteration 159: ||V_upper^k - V_upper^k-1||_inf = 0.00017311536673601845, ||V_lower^k - V_lower^k-1||_inf = 0.00026197878653320961
    Local Iteration 160: ||V_upper^k - V_upper^k-1||_inf = 0.00016619075206657750, ||V_lower^k - V_lower^k-1||_inf = 0.00025149963507188101
    Local Iteration 161: ||V_upper^k - V_upper^k-1||_inf = 0.00015954312198391456, ||V_lower^k - V_lower^k-1||_inf = 0.00024143964966900650
    Local Iteration 162: ||V_upper^k - V_upper^k-1||_inf = 0.00015316139710455819, ||V_lower^k - V_lower^k-1||_inf = 0.00023178206368224593
    Local Iteration 163: ||V_upper^k - V_upper^k-1||_inf = 0.00014703494122037582, ||V_lower^k - V_lower^k-1||_inf = 0.00022251078113495575
    Local Iteration 164: ||V_upper^k - V_upper^k-1||_inf = 0.00014115354357156079, ||V_lower^k - V_lower^k-1||_inf = 0.00021361034988955779
    Local Iteration 165: ||V_upper^k - V_upper^k-1||_inf = 0.00013550740182869834, ||V_lower^k - V_lower^k-1||_inf = 0.00020506593589397510
    Local Iteration 166: ||V_upper^k - V_upper^k-1||_inf = 0.00013008710575555023, ||V_lower^k - V_lower^k-1||_inf = 0.00019686329845821672
    Local Iteration 167: ||V_upper^k - V_upper^k-1||_inf = 0.00012488362152532828, ||V_lower^k - V_lower^k-1||_inf = 0.00018898876651988767
    Local Iteration 168: ||V_upper^k - V_upper^k-1||_inf = 0.00011988827666431544, ||V_lower^k - V_lower^k-1||_inf = 0.00018142921585909220
    Local Iteration 169: ||V_upper^k - V_upper^k-1||_inf = 0.00011509274559774263, ||V_lower^k - V_lower^k-1||_inf = 0.00017417204722472868
    Local Iteration 170: ||V_upper^k - V_upper^k-1||_inf = 0.00011048903577383275, ||V_lower^k - V_lower^k-1||_inf = 0.00016720516533573915
    Local Iteration 171: ||V_upper^k - V_upper^k-1||_inf = 0.00010606947434287930, ||V_lower^k - V_lower^k-1||_inf = 0.00016051695872230974
    Local Iteration 172: ||V_upper^k - V_upper^k-1||_inf = 0.00010182669536916390, ||V_lower^k - V_lower^k-1||_inf = 0.00015409628037341746
    Local Iteration 173: ||V_upper^k - V_upper^k-1||_inf = 0.00009775362755439724, ||V_lower^k - V_lower^k-1||_inf = 0.00014793242915848081
    Local Iteration 174: ||V_upper^k - V_upper^k-1||_inf = 0.00009384348245222132, ||V_lower^k - V_lower^k-1||_inf = 0.00014201513199214172
    Local Iteration 175: ||V_upper^k - V_upper^k-1||_inf = 0.00009008974315413243, ||V_lower^k - V_lower^k-1||_inf = 0.00013633452671245588
    Local Iteration 176: ||V_upper^k - V_upper^k-1||_inf = 0.00008648615342796715, ||V_lower^k - V_lower^k-1||_inf = 0.00013088114564395762
    Local Iteration 177: ||V_upper^k - V_upper^k-1||_inf = 0.00008302670729084844, ||V_lower^k - V_lower^k-1||_inf = 0.00012564589981819930
    Local Iteration 178: ||V_upper^k - V_upper^k-1||_inf = 0.00007970563899921466, ||V_lower^k - V_lower^k-1||_inf = 0.00012062006382547149
    Local Iteration 179: ||V_upper^k - V_upper^k-1||_inf = 0.00007651741343924607, ||V_lower^k - V_lower^k-1||_inf = 0.00011579526127245259
    Local Iteration 180: ||V_upper^k - V_upper^k-1||_inf = 0.00007345671690167622, ||V_lower^k - V_lower^k-1||_inf = 0.00011116345082155419
    Local Iteration 181: ||V_upper^k - V_upper^k-1||_inf = 0.00007051844822560929, ||V_lower^k - V_lower^k-1||_inf = 0.00010671691278869204
    Local Iteration 182: ||V_upper^k - V_upper^k-1||_inf = 0.00006769771029658503, ||V_lower^k - V_lower^k-1||_inf = 0.00010244823627714433
    Local Iteration 183: ||V_upper^k - V_upper^k-1||_inf = 0.00006498980188472171, ||V_lower^k - V_lower^k-1||_inf = 0.00009835030682605857
    Local Iteration 184: ||V_upper^k - V_upper^k-1||_inf = 0.00006239020980933273, ||V_lower^k - V_lower^k-1||_inf = 0.00009441629455301647
    Local Iteration 185: ||V_upper^k - V_upper^k-1||_inf = 0.00005989460141695943, ||V_lower^k - V_lower^k-1||_inf = 0.00009063964277089597
    Local Iteration 186: ||V_upper^k - V_upper^k-1||_inf = 0.00005749881736028103, ||V_lower^k - V_lower^k-1||_inf = 0.00008701405706006008
    Local Iteration 187: ||V_upper^k - V_upper^k-1||_inf = 0.00005519886466586973, ||V_lower^k - V_lower^k-1||_inf = 0.00008353349477765743
    Local Iteration 188: ||V_upper^k - V_upper^k-1||_inf = 0.00005299091007923489, ||V_lower^k - V_lower^k-1||_inf = 0.00008019215498655113
    Local Iteration 189: ||V_upper^k - V_upper^k-1||_inf = 0.00005087127367606561, ||V_lower^k - V_lower^k-1||_inf = 0.00007698446878708922
    Local Iteration 190: ||V_upper^k - V_upper^k-1||_inf = 0.00004883642272902292, ||V_lower^k - V_lower^k-1||_inf = 0.00007390509003560568
    Local Iteration 191: ||V_upper^k - V_upper^k-1||_inf = 0.00004688296581986196, ||V_lower^k - V_lower^k-1||_inf = 0.00007094888643418141
    Local Iteration 192: ||V_upper^k - V_upper^k-1||_inf = 0.00004500764718706751, ||V_lower^k - V_lower^k-1||_inf = 0.00006811093097681400
    Local Iteration 193: ||V_upper^k - V_upper^k-1||_inf = 0.00004320734129958481, ||V_lower^k - V_lower^k-1||_inf = 0.00006538649373774162
    Local Iteration 194: ||V_upper^k - V_upper^k-1||_inf = 0.00004147904764760144, ||V_lower^k - V_lower^k-1||_inf = 0.00006277103398823181
    Local Iteration 195: ||V_upper^k - V_upper^k-1||_inf = 0.00003981988574169740, ||V_lower^k - V_lower^k-1||_inf = 0.00006026019262870262
    Local Iteration 196: ||V_upper^k - V_upper^k-1||_inf = 0.00003822709031202950, ||V_lower^k - V_lower^k-1||_inf = 0.00005784978492355455
    Local Iteration 197: ||V_upper^k - V_upper^k-1||_inf = 0.00003669800669954830, ||V_lower^k - V_lower^k-1||_inf = 0.00005553579352661226
    Local Iteration 198: ||V_upper^k - V_upper^k-1||_inf = 0.00003523008643156636, ||V_lower^k - V_lower^k-1||_inf = 0.00005331436178554775
    Local Iteration 199: ||V_upper^k - V_upper^k-1||_inf = 0.00003382088297430364, ||V_lower^k - V_lower^k-1||_inf = 0.00005118178731412597
    Local Iteration 200: ||V_upper^k - V_upper^k-1||_inf = 0.00003246804765533141, ||V_lower^k - V_lower^k-1||_inf = 0.00004913451582156075
    Local Iteration 201: ||V_upper^k - V_upper^k-1||_inf = 0.00003116932574911816, ||V_lower^k - V_lower^k-1||_inf = 0.00004716913518869846
    Local Iteration 202: ||V_upper^k - V_upper^k-1||_inf = 0.00002992255271915348, ||V_lower^k - V_lower^k-1||_inf = 0.00004528236978115058
    Local Iteration 203: ||V_upper^k - V_upper^k-1||_inf = 0.00002872565061038735, ||V_lower^k - V_lower^k-1||_inf = 0.00004347107498990448
    Local Iteration 204: ||V_upper^k - V_upper^k-1||_inf = 0.00002757662458597189, ||V_lower^k - V_lower^k-1||_inf = 0.00004173223199030831
    Local Iteration 205: ||V_upper^k - V_upper^k-1||_inf = 0.00002647355960253299, ||V_lower^k - V_lower^k-1||_inf = 0.00004006294271069596
    Local Iteration 206: ||V_upper^k - V_upper^k-1||_inf = 0.00002541461721843166, ||V_lower^k - V_lower^k-1||_inf = 0.00003846042500226811
    Local Iteration 207: ||V_upper^k - V_upper^k-1||_inf = 0.00002439803252969440, ||V_lower^k - V_lower^k-1||_inf = 0.00003692200800217737
    Local Iteration 208: ||V_upper^k - V_upper^k-1||_inf = 0.00002342211122850660, ||V_lower^k - V_lower^k-1||_inf = 0.00003544512768209032
    Local Iteration 209: ||V_upper^k - V_upper^k-1||_inf = 0.00002248522677936632, ||V_lower^k - V_lower^k-1||_inf = 0.00003402732257480666
    Local Iteration 210: ||V_upper^k - V_upper^k-1||_inf = 0.00002158581770819165, ||V_lower^k - V_lower^k-1||_inf = 0.00003266622967181443
    Local Iteration 211: ||V_upper^k - V_upper^k-1||_inf = 0.00002072238499986400, ||V_lower^k - V_lower^k-1||_inf = 0.00003135958048494181
    Local Iteration 212: ||V_upper^k - V_upper^k-1||_inf = 0.00001989348959986948, ||V_lower^k - V_lower^k-1||_inf = 0.00003010519726554417
    Local Iteration 213: ||V_upper^k - V_upper^k-1||_inf = 0.00001909775001587469, ||V_lower^k - V_lower^k-1||_inf = 0.00002890098937492237
    Local Iteration 214: ||V_upper^k - V_upper^k-1||_inf = 0.00001833384001523970, ||V_lower^k - V_lower^k-1||_inf = 0.00002774494979992546
    Local Iteration 215: ||V_upper^k - V_upper^k-1||_inf = 0.00001760048641463009, ||V_lower^k - V_lower^k-1||_inf = 0.00002663515180792843
    Local Iteration 216: ||V_upper^k - V_upper^k-1||_inf = 0.00001689646695804485, ||V_lower^k - V_lower^k-1||_inf = 0.00002556974573561131
    Local Iteration 217: ||V_upper^k - V_upper^k-1||_inf = 0.00001622060827972304, ||V_lower^k - V_lower^k-1||_inf = 0.00002454695590618685
    Local Iteration 218: ||V_upper^k - V_upper^k-1||_inf = 0.00001557178394853410, ||V_lower^k - V_lower^k-1||_inf = 0.00002356507766993940
    Local Iteration 219: ||V_upper^k - V_upper^k-1||_inf = 0.00001494891259059270, ||V_lower^k - V_lower^k-1||_inf = 0.00002262247456314185
    Local Iteration 220: ||V_upper^k - V_upper^k-1||_inf = 0.00001435095608696898, ||V_lower^k - V_lower^k-1||_inf = 0.00002171757558061614
    Local Iteration 221: ||V_upper^k - V_upper^k-1||_inf = 0.00001377691784349024, ||V_lower^k - V_lower^k-1||_inf = 0.00002084887255739153
    Local Iteration 222: ||V_upper^k - V_upper^k-1||_inf = 0.00001322584112975060, ||V_lower^k - V_lower^k-1||_inf = 0.00001996509258795216
    Local Iteration 223: ||V_upper^k - V_upper^k-1||_inf = 0.00001269680748456061, ||V_lower^k - V_lower^k-1||_inf = 0.00001916648888443411
    Local Iteration 224: ||V_upper^k - V_upper^k-1||_inf = 0.00001218893518517818, ||V_lower^k - V_lower^k-1||_inf = 0.00001839982932905671
    Local Iteration 225: ||V_upper^k - V_upper^k-1||_inf = 0.00001170137777777104, ||V_lower^k - V_lower^k-1||_inf = 0.00001766383615589448
    Local Iteration 226: ||V_upper^k - V_upper^k-1||_inf = 0.00001123332266666019, ||V_lower^k - V_lower^k-1||_inf = 0.00001695728270965870
    Local Iteration 227: ||V_upper^k - V_upper^k-1||_inf = 0.00001078398975999379, ||V_lower^k - V_lower^k-1||_inf = 0.00001627899140127232
    Local Iteration 228: ||V_upper^k - V_upper^k-1||_inf = 0.00001035263016959404, ||V_lower^k - V_lower^k-1||_inf = 0.00001562783174522146
    Local Iteration 229: ||V_upper^k - V_upper^k-1||_inf = 0.00000993852496281028, ||V_lower^k - V_lower^k-1||_inf = 0.00001500271847541259
    Local Iteration 230: ||V_upper^k - V_upper^k-1||_inf = 0.00000954098396429786, ||V_lower^k - V_lower^k-1||_inf = 0.00001440260973639609
    Local Iteration 231: ||V_upper^k - V_upper^k-1||_inf = 0.00000915934460572594, ||V_lower^k - V_lower^k-1||_inf = 0.00001382650534694022
    Local Iteration 232: ||V_upper^k - V_upper^k-1||_inf = 0.00000879297082149690, ||V_lower^k - V_lower^k-1||_inf = 0.00001327344513306263
    Local Iteration 233: ||V_upper^k - V_upper^k-1||_inf = 0.00000844125198863702, ||V_lower^k - V_lower^k-1||_inf = 0.00001274250732774009
    Local Iteration 234: ||V_upper^k - V_upper^k-1||_inf = 0.00000810360190909155, ||V_lower^k - V_lower^k-1||_inf = 0.00001223280703463052
    Local Iteration 235: ||V_upper^k - V_upper^k-1||_inf = 0.00000777945783272791, ||V_lower^k - V_lower^k-1||_inf = 0.00001174349475324530
    Local Iteration 236: ||V_upper^k - V_upper^k-1||_inf = 0.00000746827951941879, ||V_lower^k - V_lower^k-1||_inf = 0.00001127375496311547
    Local Iteration 237: ||V_upper^k - V_upper^k-1||_inf = 0.00000716954833864206, ||V_lower^k - V_lower^k-1||_inf = 0.00001082280476459086
    Local Iteration 238: ||V_upper^k - V_upper^k-1||_inf = 0.00000688276640509639, ||V_lower^k - V_lower^k-1||_inf = 0.00001038989257400724
    Local Iteration 239: ||V_upper^k - V_upper^k-1||_inf = 0.00000660745574889252, ||V_lower^k - V_lower^k-1||_inf = 0.00000997429687104692
    Local Iteration 240: ||V_upper^k - V_upper^k-1||_inf = 0.00000634315751893682, ||V_lower^k - V_lower^k-1||_inf = 0.00000957532499620505
    Local Iteration 241: ||V_upper^k - V_upper^k-1||_inf = 0.00000608943121817934, ||V_lower^k - V_lower^k-1||_inf = 0.00000919231199635685
    Local Iteration 242: ||V_upper^k - V_upper^k-1||_inf = 0.00000584585396945217, ||V_lower^k - V_lower^k-1||_inf = 0.00000882461951650257
    Local Iteration 243: ||V_upper^k - V_upper^k-1||_inf = 0.00000561201981067408, ||V_lower^k - V_lower^k-1||_inf = 0.00000847163473584247
    Local Iteration 244: ||V_upper^k - V_upper^k-1||_inf = 0.00000538753901824712, ||V_lower^k - V_lower^k-1||_inf = 0.00000813276934640879
    Local Iteration 245: ||V_upper^k - V_upper^k-1||_inf = 0.00000517203745751724, ||V_lower^k - V_lower^k-1||_inf = 0.00000780745857255244
    Local Iteration 246: ||V_upper^k - V_upper^k-1||_inf = 0.00000496515595921655, ||V_lower^k - V_lower^k-1||_inf = 0.00000749516022965032
    Local Iteration 247: ||V_upper^k - V_upper^k-1||_inf = 0.00000476654972084789, ||V_lower^k - V_lower^k-1||_inf = 0.00000719535382046432
    Local Iteration 248: ||V_upper^k - V_upper^k-1||_inf = 0.00000457588773201397, ||V_lower^k - V_lower^k-1||_inf = 0.00000690753966764573
    Local Iteration 249: ||V_upper^k - V_upper^k-1||_inf = 0.00000439285222273340, ||V_lower^k - V_lower^k-1||_inf = 0.00000663123808093992
    Local Iteration 250: ||V_upper^k - V_upper^k-1||_inf = 0.00000421713813382407, ||V_lower^k - V_lower^k-1||_inf = 0.00000636598855770232
    Local Iteration 251: ||V_upper^k - V_upper^k-1||_inf = 0.00000404845260847110, ||V_lower^k - V_lower^k-1||_inf = 0.00000606706376863516
    Local Iteration 252: ||V_upper^k - V_upper^k-1||_inf = 0.00000388651450413225, ||V_lower^k - V_lower^k-1||_inf = 0.00000582438121788975
    Local Iteration 253: ||V_upper^k - V_upper^k-1||_inf = 0.00000373105392396696, ||V_lower^k - V_lower^k-1||_inf = 0.00000558083719430123
    Local Iteration 254: ||V_upper^k - V_upper^k-1||_inf = 0.00000358181176700829, ||V_lower^k - V_lower^k-1||_inf = 0.00000535760370652918
    Local Iteration 255: ||V_upper^k - V_upper^k-1||_inf = 0.00000343853929632796, ||V_lower^k - V_lower^k-1||_inf = 0.00000513424997054116
    Local Iteration 256: ||V_upper^k - V_upper^k-1||_inf = 0.00000330099772447485, ||V_lower^k - V_lower^k-1||_inf = 0.00000492887997171952
    Local Iteration 257: ||V_upper^k - V_upper^k-1||_inf = 0.00000316895781549585, ||V_lower^k - V_lower^k-1||_inf = 0.00000473172477285074
    Local Iteration 258: ||V_upper^k - V_upper^k-1||_inf = 0.00000304219950287601, ||V_lower^k - V_lower^k-1||_inf = 0.00000454245578193671
    Local Iteration 259: ||V_upper^k - V_upper^k-1||_inf = 0.00000292051152276098, ||V_lower^k - V_lower^k-1||_inf = 0.00000436075755065924
    Local Iteration 260: ||V_upper^k - V_upper^k-1||_inf = 0.00000280369106185053, ||V_lower^k - V_lower^k-1||_inf = 0.00000418632724863287
    Local Iteration 261: ||V_upper^k - V_upper^k-1||_inf = 0.00000269154341937651, ||V_lower^k - V_lower^k-1||_inf = 0.00000401887415868755
    Local Iteration 262: ||V_upper^k - V_upper^k-1||_inf = 0.00000258388168260145, ||V_lower^k - V_lower^k-1||_inf = 0.00000385811919234006
    Local Iteration 263: ||V_upper^k - V_upper^k-1||_inf = 0.00000248052641529739, ||V_lower^k - V_lower^k-1||_inf = 0.00000370379442464644
    Local Iteration 264: ||V_upper^k - V_upper^k-1||_inf = 0.00000238130535868549, ||V_lower^k - V_lower^k-1||_inf = 0.00000355564264766059
    Local Iteration 265: ||V_upper^k - V_upper^k-1||_inf = 0.00000228605314433807, ||V_lower^k - V_lower^k-1||_inf = 0.00000341341694175417
    Local Iteration 266: ||V_upper^k - V_upper^k-1||_inf = 0.00000219461101856455, ||V_lower^k - V_lower^k-1||_inf = 0.00000327688026408400
    Local Iteration 267: ||V_upper^k - V_upper^k-1||_inf = 0.00000210682657782197, ||V_lower^k - V_lower^k-1||_inf = 0.00000314580505352064
    Local Iteration 268: ||V_upper^k - V_upper^k-1||_inf = 0.00000202255351470909, ||V_lower^k - V_lower^k-1||_inf = 0.00000301997285137981
    Local Iteration 269: ||V_upper^k - V_upper^k-1||_inf = 0.00000194165137412072, ||V_lower^k - V_lower^k-1||_inf = 0.00000289917393732463
    Local Iteration 270: ||V_upper^k - V_upper^k-1||_inf = 0.00000186398531915589, ||V_lower^k - V_lower^k-1||_inf = 0.00000278320697983163
    Local Iteration 271: ||V_upper^k - V_upper^k-1||_inf = 0.00000178942590638965, ||V_lower^k - V_lower^k-1||_inf = 0.00000267187870063838
    Local Iteration 272: ||V_upper^k - V_upper^k-1||_inf = 0.00000171784887013407, ||V_lower^k - V_lower^k-1||_inf = 0.00000256500355261283
    Local Iteration 273: ||V_upper^k - V_upper^k-1||_inf = 0.00000164913491532871, ||V_lower^k - V_lower^k-1||_inf = 0.00000246240341050832
    Local Iteration 274: ||V_upper^k - V_upper^k-1||_inf = 0.00000158316951871556, ||V_lower^k - V_lower^k-1||_inf = 0.00000236390727408799
    Local Iteration 275: ||V_upper^k - V_upper^k-1||_inf = 0.00000151984273796694, ||V_lower^k - V_lower^k-1||_inf = 0.00000226935098312447
    Local Iteration 276: ||V_upper^k - V_upper^k-1||_inf = 0.00000145904902844826, ||V_lower^k - V_lower^k-1||_inf = 0.00000217857694379949
    Local Iteration 277: ||V_upper^k - V_upper^k-1||_inf = 0.00000140068706731033, ||V_lower^k - V_lower^k-1||_inf = 0.00000209143386604751
    Local Iteration 278: ||V_upper^k - V_upper^k-1||_inf = 0.00000134465958461792, ||V_lower^k - V_lower^k-1||_inf = 0.00000200777651140561
    Local Iteration 279: ||V_upper^k - V_upper^k-1||_inf = 0.00000129087320123320, ||V_lower^k - V_lower^k-1||_inf = 0.00000192746545094939
    Local Iteration 280: ||V_upper^k - V_upper^k-1||_inf = 0.00000123923827318387, ||V_lower^k - V_lower^k-1||_inf = 0.00000185036683291141
    Local Iteration 281: ||V_upper^k - V_upper^k-1||_inf = 0.00000118966874225652, ||V_lower^k - V_lower^k-1||_inf = 0.00000177635215959495
    Local Iteration 282: ||V_upper^k - V_upper^k-1||_inf = 0.00000114208199256626, ||V_lower^k - V_lower^k-1||_inf = 0.00000170529807321116
    Local Iteration 283: ||V_upper^k - V_upper^k-1||_inf = 0.00000109639871286361, ||V_lower^k - V_lower^k-1||_inf = 0.00000163708615028271
    Local Iteration 284: ||V_upper^k - V_upper^k-1||_inf = 0.00000105254276434906, ||V_lower^k - V_lower^k-1||_inf = 0.00000157160270427140
    Local Iteration 285: ||V_upper^k - V_upper^k-1||_inf = 0.00000101044105377510, ||V_lower^k - V_lower^k-1||_inf = 0.00000150873859610055
    Local Iteration 286: ||V_upper^k - V_upper^k-1||_inf = 0.00000097002341162409, ||V_lower^k - V_lower^k-1||_inf = 0.00000144838905225653
    Local Iteration 287: ||V_upper^k - V_upper^k-1||_inf = 0.00000093122247515913, ||V_lower^k - V_lower^k-1||_inf = 0.00000139045349016626
    Local Iteration 288: ||V_upper^k - V_upper^k-1||_inf = 0.00000089397357615276, ||V_lower^k - V_lower^k-1||_inf = 0.00000133483535055961
    Local Iteration 289: ||V_upper^k - V_upper^k-1||_inf = 0.00000085821463310665, ||V_lower^k - V_lower^k-1||_inf = 0.00000128144193653723
    Local Iteration 290: ||V_upper^k - V_upper^k-1||_inf = 0.00000082388604778238, ||V_lower^k - V_lower^k-1||_inf = 0.00000123018425907574
    Local Iteration 291: ||V_upper^k - V_upper^k-1||_inf = 0.00000079093060587109, ||V_lower^k - V_lower^k-1||_inf = 0.00000118097688871271
    Local Iteration 292: ||V_upper^k - V_upper^k-1||_inf = 0.00000075929338163624, ||V_lower^k - V_lower^k-1||_inf = 0.00000113373781316420
    Local Iteration 293: ||V_upper^k - V_upper^k-1||_inf = 0.00000072892164637079, ||V_lower^k - V_lower^k-1||_inf = 0.00000108838830063763
    Local Iteration 294: ||V_upper^k - V_upper^k-1||_inf = 0.00000069976478051596, ||V_lower^k - V_lower^k-1||_inf = 0.00000104485276861213
    Local Iteration 295: ||V_upper^k - V_upper^k-1||_inf = 0.00000067177418929532, ||V_lower^k - V_lower^k-1||_inf = 0.00000100305865786764
    Local Iteration 296: ||V_upper^k - V_upper^k-1||_inf = 0.00000064490322172351, ||V_lower^k - V_lower^k-1||_inf = 0.00000096293631155294
    Local Iteration 297: ||V_upper^k - V_upper^k-1||_inf = 0.00000061910709285457, ||V_lower^k - V_lower^k-1||_inf = 0.00000092441885909082
    Local Iteration 298: ||V_upper^k - V_upper^k-1||_inf = 0.00000059434280914039, ||V_lower^k - V_lower^k-1||_inf = 0.00000088744210472719
    Local Iteration 299: ||V_upper^k - V_upper^k-1||_inf = 0.00000057056909677477, ||V_lower^k - V_lower^k-1||_inf = 0.00000081791398288977
    Local Iteration 300: ||V_upper^k - V_upper^k-1||_inf = 0.00000054774633290378, ||V_lower^k - V_lower^k-1||_inf = 0.00000078519742357418
    Local Iteration 301: ||V_upper^k - V_upper^k-1||_inf = 0.00000052583647958763, ||V_lower^k - V_lower^k-1||_inf = 0.00000075378952663121
    Local Iteration 302: ||V_upper^k - V_upper^k-1||_inf = 0.00000050480302040412, ||V_lower^k - V_lower^k-1||_inf = 0.00000036169494208724
    Local Iteration 303: ||V_upper^k - V_upper^k-1||_inf = 0.00000048461089958796, ||V_lower^k - V_lower^k-1||_inf = 0.00000000000000000000
    Local Iteration 304: ||V_upper^k - V_upper^k-1||_inf = 0.00000046522646360444, ||V_lower^k - V_lower^k-1||_inf = 0.00000000000000000000
    Local Iteration 305: ||V_upper^k - V_upper^k-1||_inf = 0.00000044661740506026, ||V_lower^k - V_lower^k-1||_inf = 0.00000000000000000000
    Local Iteration 306: ||V_upper^k - V_upper^k-1||_inf = 0.00000042693913414084, ||V_lower^k - V_lower^k-1||_inf = 0.00000000000000000000
    Local Iteration 307: ||V_upper^k - V_upper^k-1||_inf = 0.00000040986156877520, ||V_lower^k - V_lower^k-1||_inf = 0.00000000000000000000
    Local Iteration 308: ||V_upper^k - V_upper^k-1||_inf = 0.00000039346710602420, ||V_lower^k - V_lower^k-1||_inf = 0.00000000000000000000
    Local Iteration 309: ||V_upper^k - V_upper^k-1||_inf = 0.00000037772842178323, ||V_lower^k - V_lower^k-1||_inf = 0.00000000000000000000
    Local Iteration 310: ||V_upper^k - V_upper^k-1||_inf = 0.00000036261928491190, ||V_lower^k - V_lower^k-1||_inf = 0.00000000000000000000
    Local Iteration 311: ||V_upper^k - V_upper^k-1||_inf = 0.00000034811451351542, ||V_lower^k - V_lower^k-1||_inf = 0.00000000000000000000
    Local Iteration 312: ||V_upper^k - V_upper^k-1||_inf = 0.00000033418993297481, ||V_lower^k - V_lower^k-1||_inf = 0.00000000000000000000
    Local Iteration 313: ||V_upper^k - V_upper^k-1||_inf = 0.00000032082233565581, ||V_lower^k - V_lower^k-1||_inf = 0.00000000000000000000
    Local Iteration 314: ||V_upper^k - V_upper^k-1||_inf = 0.00000030798944222958, ||V_lower^k - V_lower^k-1||_inf = 0.00000000000000000000
    Local Iteration 315: ||V_upper^k - V_upper^k-1||_inf = 0.00000029566986454040, ||V_lower^k - V_lower^k-1||_inf = 0.00000000000000000000
    Local Iteration 316: ||V_upper^k - V_upper^k-1||_inf = 0.00000028384306995878, ||V_lower^k - V_lower^k-1||_inf = 0.00000000000000000000
    Local Iteration 317: ||V_upper^k - V_upper^k-1||_inf = 0.00000027248934716043, ||V_lower^k - V_lower^k-1||_inf = 0.00000000000000000000
    Local Iteration 318: ||V_upper^k - V_upper^k-1||_inf = 0.00000026158977327401, ||V_lower^k - V_lower^k-1||_inf = 0.00000000000000000000
    Local Iteration 319: ||V_upper^k - V_upper^k-1||_inf = 0.00000025112618234305, ||V_lower^k - V_lower^k-1||_inf = 0.00000000000000000000
    Local Iteration 320: ||V_upper^k - V_upper^k-1||_inf = 0.00000024108113504933, ||V_lower^k - V_lower^k-1||_inf = 0.00000000000000000000
    Local Iteration 321: ||V_upper^k - V_upper^k-1||_inf = 0.00000023143788964736, ||V_lower^k - V_lower^k-1||_inf = 0.00000000000000000000
    Local Iteration 322: ||V_upper^k - V_upper^k-1||_inf = 0.00000022218037406146, ||V_lower^k - V_lower^k-1||_inf = 0.00000000000000000000
    Local Iteration 323: ||V_upper^k - V_upper^k-1||_inf = 0.00000021329315909901, ||V_lower^k - V_lower^k-1||_inf = 0.00000000000000000000
    Local Iteration 324: ||V_upper^k - V_upper^k-1||_inf = 0.00000020476143273504, ||V_lower^k - V_lower^k-1||_inf = 0.00000000000000000000
    Local Iteration 325: ||V_upper^k - V_upper^k-1||_inf = 0.00000019657097542564, ||V_lower^k - V_lower^k-1||_inf = 0.00000000000000000000
    Local Iteration 326: ||V_upper^k - V_upper^k-1||_inf = 0.00000018870813640862, ||V_lower^k - V_lower^k-1||_inf = 0.00000000000000000000
    Local Iteration 327: ||V_upper^k - V_upper^k-1||_inf = 0.00000018115981095227, ||V_lower^k - V_lower^k-1||_inf = 0.00000000000000000000
    Local Iteration 328: ||V_upper^k - V_upper^k-1||_inf = 0.00000017391341851418, ||V_lower^k - V_lower^k-1||_inf = 0.00000000000000000000
    Local Iteration 329: ||V_upper^k - V_upper^k-1||_inf = 0.00000016695688177361, ||V_lower^k - V_lower^k-1||_inf = 0.00000000000000000000
    Local Iteration 330: ||V_upper^k - V_upper^k-1||_inf = 0.00000016027860650267, ||V_lower^k - V_lower^k-1||_inf = 0.00000000000000000000
    Local Iteration 331: ||V_upper^k - V_upper^k-1||_inf = 0.00000015386746224256, ||V_lower^k - V_lower^k-1||_inf = 0.00000000000000000000
    Local Iteration 332: ||V_upper^k - V_upper^k-1||_inf = 0.00000014771276375286, ||V_lower^k - V_lower^k-1||_inf = 0.00000000000000000000
    Local Iteration 333: ||V_upper^k - V_upper^k-1||_inf = 0.00000014180425320275, ||V_lower^k - V_lower^k-1||_inf = 0.00000000000000000000
    Local Iteration 334: ||V_upper^k - V_upper^k-1||_inf = 0.00000013613208307464, ||V_lower^k - V_lower^k-1||_inf = 0.00000000000000000000
    Local Iteration 335: ||V_upper^k - V_upper^k-1||_inf = 0.00000013068679975165, ||V_lower^k - V_lower^k-1||_inf = 0.00000000000000000000
    Local Iteration 336: ||V_upper^k - V_upper^k-1||_inf = 0.00000012545932776159, ||V_lower^k - V_lower^k-1||_inf = 0.00000000000000000000
    Local Iteration 337: ||V_upper^k - V_upper^k-1||_inf = 0.00000012044095465112, ||V_lower^k - V_lower^k-1||_inf = 0.00000000000000000000
    Local Iteration 338: ||V_upper^k - V_upper^k-1||_inf = 0.00000011502436284251, ||V_lower^k - V_lower^k-1||_inf = 0.00000000000000000000
    Local Iteration 339: ||V_upper^k - V_upper^k-1||_inf = 0.00000011042338832881, ||V_lower^k - V_lower^k-1||_inf = 0.00000000000000000000
    Local Iteration 340: ||V_upper^k - V_upper^k-1||_inf = 0.00000010600645279565, ||V_lower^k - V_lower^k-1||_inf = 0.00000000000000000000
    Local Iteration 341: ||V_upper^k - V_upper^k-1||_inf = 0.00000010176619468383, ||V_lower^k - V_lower^k-1||_inf = 0.00000000000000000000
    Local Iteration 342: ||V_upper^k - V_upper^k-1||_inf = 0.00000009769554689647, ||V_lower^k - V_lower^k-1||_inf = 0.00000000000000000000
    Local Iteration 343: ||V_upper^k - V_upper^k-1||_inf = 0.00000009378772502062, ||V_lower^k - V_lower^k-1||_inf = 0.00000000000000000000
    Local Iteration 344: ||V_upper^k - V_upper^k-1||_inf = 0.00000009003621601979, ||V_lower^k - V_lower^k-1||_inf = 0.00000000000000000000
    Local Iteration 345: ||V_upper^k - V_upper^k-1||_inf = 0.00000008556232640297, ||V_lower^k - V_lower^k-1||_inf = 0.00000000000000000000
    Local Iteration 346: ||V_upper^k - V_upper^k-1||_inf = 0.00000008213983334685, ||V_lower^k - V_lower^k-1||_inf = 0.00000000000000000000
    Local Iteration 347: ||V_upper^k - V_upper^k-1||_inf = 0.00000007885424001298, ||V_lower^k - V_lower^k-1||_inf = 0.00000000000000000000
    Local Iteration 348: ||V_upper^k - V_upper^k-1||_inf = 0.00000007570007041246, ||V_lower^k - V_lower^k-1||_inf = 0.00000000000000000000
    Local Iteration 349: ||V_upper^k - V_upper^k-1||_inf = 0.00000007162878113747, ||V_lower^k - V_lower^k-1||_inf = 0.00000000000000000000
    Local Iteration 350: ||V_upper^k - V_upper^k-1||_inf = 0.00000006876362989197, ||V_lower^k - V_lower^k-1||_inf = 0.00000000000000000000
    Local Iteration 351: ||V_upper^k - V_upper^k-1||_inf = 0.00000006601308469629, ||V_lower^k - V_lower^k-1||_inf = 0.00000000000000000000
    Local Iteration 352: ||V_upper^k - V_upper^k-1||_inf = 0.00000006337256130844, ||V_lower^k - V_lower^k-1||_inf = 0.00000000000000000000
    Local Iteration 353: ||V_upper^k - V_upper^k-1||_inf = 0.00000006083765885610, ||V_lower^k - V_lower^k-1||_inf = 0.00000000000000000000
    Local Iteration 354: ||V_upper^k - V_upper^k-1||_inf = 0.00000005777035429245, ||V_lower^k - V_lower^k-1||_inf = 0.00000000000000000000
    Local Iteration 355: ||V_upper^k - V_upper^k-1||_inf = 0.00000005545954012075, ||V_lower^k - V_lower^k-1||_inf = 0.00000000000000000000
    Local Iteration 356: ||V_upper^k - V_upper^k-1||_inf = 0.00000005320655681004, ||V_lower^k - V_lower^k-1||_inf = 0.00000000000000000000
    Local Iteration 357: ||V_upper^k - V_upper^k-1||_inf = 0.00000005107829453764, ||V_lower^k - V_lower^k-1||_inf = 0.00000000000000000000
    Local Iteration 358: ||V_upper^k - V_upper^k-1||_inf = 0.00000004903516275614, ||V_lower^k - V_lower^k-1||_inf = 0.00000000000000000000
    Local Iteration 359: ||V_upper^k - V_upper^k-1||_inf = 0.00000004599778631140, ||V_lower^k - V_lower^k-1||_inf = 0.00000000000000000000
    Local Iteration 360: ||V_upper^k - V_upper^k-1||_inf = 0.00000004295042299132, ||V_lower^k - V_lower^k-1||_inf = 0.00000000000000000000
    Local Iteration 361: ||V_upper^k - V_upper^k-1||_inf = 0.00000004123240607167, ||V_lower^k - V_lower^k-1||_inf = 0.00000000000000000000
    Local Iteration 362: ||V_upper^k - V_upper^k-1||_inf = 0.00000003943899301138, ||V_lower^k - V_lower^k-1||_inf = 0.00000000000000000000
    Local Iteration 363: ||V_upper^k - V_upper^k-1||_inf = 0.00000003719980523120, ||V_lower^k - V_lower^k-1||_inf = 0.00000000000000000000
    Local Iteration 364: ||V_upper^k - V_upper^k-1||_inf = 0.00000003537808410031, ||V_lower^k - V_lower^k-1||_inf = 0.00000000000000000000
    Local Iteration 365: ||V_upper^k - V_upper^k-1||_inf = 0.00000003350755466508, ||V_lower^k - V_lower^k-1||_inf = 0.00000000000000000000
    Local Iteration 366: ||V_upper^k - V_upper^k-1||_inf = 0.00000003216725247847, ||V_lower^k - V_lower^k-1||_inf = 0.00000000000000000000
    Local Iteration 367: ||V_upper^k - V_upper^k-1||_inf = 0.00000003088056237933, ||V_lower^k - V_lower^k-1||_inf = 0.00000000000000000000
    Local Iteration 368: ||V_upper^k - V_upper^k-1||_inf = 0.00000002964533988416, ||V_lower^k - V_lower^k-1||_inf = 0.00000000000000000000
    Local Iteration 369: ||V_upper^k - V_upper^k-1||_inf = 0.00000002845952628879, ||V_lower^k - V_lower^k-1||_inf = 0.00000000000000000000
    Local Iteration 370: ||V_upper^k - V_upper^k-1||_inf = 0.00000002732114523724, ||V_lower^k - V_lower^k-1||_inf = 0.00000000000000000000
    Local Iteration 371: ||V_upper^k - V_upper^k-1||_inf = 0.00000002622829942775, ||V_lower^k - V_lower^k-1||_inf = 0.00000000000000000000
    Local Iteration 372: ||V_upper^k - V_upper^k-1||_inf = 0.00000002517916745064, ||V_lower^k - V_lower^k-1||_inf = 0.00000000000000000000
    Local Iteration 373: ||V_upper^k - V_upper^k-1||_inf = 0.00000002417200075262, ||V_lower^k - V_lower^k-1||_inf = 0.00000000000000000000
    Local Iteration 374: ||V_upper^k - V_upper^k-1||_inf = 0.00000002320512072251, ||V_lower^k - V_lower^k-1||_inf = 0.00000000000000000000
    Local Iteration 375: ||V_upper^k - V_upper^k-1||_inf = 0.00000002227691589361, ||V_lower^k - V_lower^k-1||_inf = 0.00000000000000000000
    Local Iteration 376: ||V_upper^k - V_upper^k-1||_inf = 0.00000002138583925787, ||V_lower^k - V_lower^k-1||_inf = 0.00000000000000000000
    Local Iteration 377: ||V_upper^k - V_upper^k-1||_inf = 0.00000002053040568755, ||V_lower^k - V_lower^k-1||_inf = 0.00000000000000000000
    Local Iteration 378: ||V_upper^k - V_upper^k-1||_inf = 0.00000001970918946005, ||V_lower^k - V_lower^k-1||_inf = 0.00000000000000000000
    Local Iteration 379: ||V_upper^k - V_upper^k-1||_inf = 0.00000001892082188165, ||V_lower^k - V_lower^k-1||_inf = 0.00000000000000000000
    Local Iteration 380: ||V_upper^k - V_upper^k-1||_inf = 0.00000001816398900638, ||V_lower^k - V_lower^k-1||_inf = 0.00000000000000000000
    Local Iteration 381: ||V_upper^k - V_upper^k-1||_inf = 0.00000001743742944613, ||V_lower^k - V_lower^k-1||_inf = 0.00000000000000000000
    Local Iteration 382: ||V_upper^k - V_upper^k-1||_inf = 0.00000001673993226828, ||V_lower^k - V_lower^k-1||_inf = 0.00000000000000000000
    Local Iteration 383: ||V_upper^k - V_upper^k-1||_inf = 0.00000001607033497755, ||V_lower^k - V_lower^k-1||_inf = 0.00000000000000000000
    Local Iteration 384: ||V_upper^k - V_upper^k-1||_inf = 0.00000001542752157845, ||V_lower^k - V_lower^k-1||_inf = 0.00000000000000000000
    Local Iteration 385: ||V_upper^k - V_upper^k-1||_inf = 0.00000001481042071531, ||V_lower^k - V_lower^k-1||_inf = 0.00000000000000000000
    Local Iteration 386: ||V_upper^k - V_upper^k-1||_inf = 0.00000001421800388670, ||V_lower^k - V_lower^k-1||_inf = 0.00000000000000000000
    Local Iteration 387: ||V_upper^k - V_upper^k-1||_inf = 0.00000001364928373123, ||V_lower^k - V_lower^k-1||_inf = 0.00000000000000000000
    Local Iteration 388: ||V_upper^k - V_upper^k-1||_inf = 0.00000001310331238198, ||V_lower^k - V_lower^k-1||_inf = 0.00000000000000000000
    Local Iteration 389: ||V_upper^k - V_upper^k-1||_inf = 0.00000001257917988670, ||V_lower^k - V_lower^k-1||_inf = 0.00000000000000000000
    Local Iteration 390: ||V_upper^k - V_upper^k-1||_inf = 0.00000001207601269123, ||V_lower^k - V_lower^k-1||_inf = 0.00000000000000000000
    Local Iteration 391: ||V_upper^k - V_upper^k-1||_inf = 0.00000001159297218358, ||V_lower^k - V_lower^k-1||_inf = 0.00000000000000000000
    Local Iteration 392: ||V_upper^k - V_upper^k-1||_inf = 0.00000001112925329624, ||V_lower^k - V_lower^k-1||_inf = 0.00000000000000000000
    Local Iteration 393: ||V_upper^k - V_upper^k-1||_inf = 0.00000001068408316439, ||V_lower^k - V_lower^k-1||_inf = 0.00000000000000000000
    Local Iteration 394: ||V_upper^k - V_upper^k-1||_inf = 0.00000001025671983782, ||V_lower^k - V_lower^k-1||_inf = 0.00000000000000000000
    Local Iteration 395: ||V_upper^k - V_upper^k-1||_inf = 0.00000000984645104430, ||V_lower^k - V_lower^k-1||_inf = 0.00000000000000000000

==================================================
 LOCAL CONVERGENCE ACHIEVED
==================================================
  ||V_upper^k - V_upper^k-1||_inf = 9.84645104430327988624e-09 < tolerance = 1e-08
  ||V_lower^k - V_lower^k-1||_inf = 0.00000000000000000000e+00 < tolerance = 1e-08
  Converged in 395 iterations
  V_lower increased from min(l_lower, r_lower); smallest step 0.000e+00
    Local VI completed in 395 iterations
    Final convergence values:
      ||V_upper^final - V_upper^prev||_inf = 9.84645104e-09
      ||V_lower^final - V_lower^prev||_inf = 0.00000000e+00
  Local VI completed in 395 iterations, time: 0.519s
    Final ||V_upper^k - V_upper^k-1||_inf = 9.84645104430327988624e-09
    Final ||V_lower^k - V_lower^k-1||_inf = 0.00000000000000000000e+00
  Saved visualization: /Users/i.k.tabbara/Documents/python directory/HSCC_2027/refactored_Implementations/results_hscc_2027_modified_init/ra_discount/van_der_pol_res40_eps0.001_dmin1e-08_dmax1e-08_gamma0.96_dt0.01_tau0.01_std/value_function_phase_9_complete.png
  Phase 9 completed in 0.83s with 688432 leaf cells

Classification after phase 9:
  Safe:            26641 cells (  3.9%),    7.2% of state space
  Unsafe:          33362 cells (  4.8%),   16.1% of state space
  Unclassified:   628429 cells ( 91.3%),   76.7% of state space

======================================================================
REFINEMENT PHASE 10
======================================================================
Boundary cells: 628429
  Refinable (>eta_min=0.000354): 628429
  Below threshold: 0
  Cumulative refined: 686832
  Refinable cell size statistics:
    Max:    0.007812
    Mean:   0.007812
    Min:    0.007812
    Median: 0.007812
  Refining 628429 cells...
    Refined: 628429 parent cells
    Created: 1256858 child cells
    Total cells: 1316861
    Refinement time: 0.044s
    Cumulative refined: 1315261
  Rebuilding spatial index...
  Building spatial index for 1316861 cells...
   Spatial index built in 0.24s
    Spatial index rebuilt in 0.237s
  Initializing 1256858 new cells...
  Initializing 1256858 new cells in parallel...
   Initialized in 0.00s (460760204.6 cells/s)
    Initialization completed in 0.003s
  Starting local value iteration...
  Reinitializing ALL 1316861 cells (V_lower = min(l, r), V_upper = l)
   Reinitialized 1316861 cells in 0.00s (493869113.5 cells/s)
  Local VI: updating all 1316861 cells
    Conservative mode: False
    Convergence tolerance: 1e-08
    Max iterations: 20000
    Updating successor cache for 1256858 updated cells...
    Updating successor cache for 1256858 new cells (HYBRID)...
      Affected cells: 1257683
   Trajectories + spatial queries computed in 0.11s (11544801.7 tasks/s)
    Breakdown: 37.7% ODE, 62.3% queries
     Cache updated in 0.14s (8707414.6 tasks/s)
    Local Iteration   1: ||V_upper^k - V_upper^k-1||_inf = 4.08968913564991254361, ||V_lower^k - V_lower^k-1||_inf = 3.99484477945168681146
    Local Iteration   2: ||V_upper^k - V_upper^k-1||_inf = 3.80896525035328537001, ||V_lower^k - V_lower^k-1||_inf = 3.71362286890487425239
    Local Iteration   3: ||V_upper^k - V_upper^k-1||_inf = 3.55917803769511831291, ||V_lower^k - V_lower^k-1||_inf = 3.48878040110247589212
    Local Iteration   4: ||V_upper^k - V_upper^k-1||_inf = 3.32577992813652123516, ||V_lower^k - V_lower^k-1||_inf = 3.25776127393884529226
    Local Iteration   5: ||V_upper^k - V_upper^k-1||_inf = 3.11842335679553039895, ||V_lower^k - V_lower^k-1||_inf = 3.07007722666910876086
    Local Iteration   6: ||V_upper^k - V_upper^k-1||_inf = 2.93417459038568972929, ||V_lower^k - V_lower^k-1||_inf = 2.87882320325655438609
    Local Iteration   7: ||V_upper^k - V_upper^k-1||_inf = 2.75213777916642898802, ||V_lower^k - V_lower^k-1||_inf = 2.71505301479622573879
    Local Iteration   8: ||V_upper^k - V_upper^k-1||_inf = 2.59058560169354556990, ||V_lower^k - V_lower^k-1||_inf = 2.57861667739507582908
    Local Iteration   9: ||V_upper^k - V_upper^k-1||_inf = 2.43208842647777778723, ||V_lower^k - V_lower^k-1||_inf = 2.40712110829653047617
    Local Iteration  10: ||V_upper^k - V_upper^k-1||_inf = 2.26511739080180340977, ||V_lower^k - V_lower^k-1||_inf = 2.26670430587138804768
    Local Iteration  11: ||V_upper^k - V_upper^k-1||_inf = 2.16830372794371140088, ||V_lower^k - V_lower^k-1||_inf = 2.12223399332541928786
    Local Iteration  12: ||V_upper^k - V_upper^k-1||_inf = 2.08157157882596255405, ||V_lower^k - V_lower^k-1||_inf = 1.98562860396246154693
    Local Iteration  13: ||V_upper^k - V_upper^k-1||_inf = 1.99830871567292400748, ||V_lower^k - V_lower^k-1||_inf = 1.85809246218690082841
    Local Iteration  14: ||V_upper^k - V_upper^k-1||_inf = 1.91837636704600700277, ||V_lower^k - V_lower^k-1||_inf = 1.77911241472572445588
    Local Iteration  15: ||V_upper^k - V_upper^k-1||_inf = 1.84164131236416661608, ||V_lower^k - V_lower^k-1||_inf = 1.68963053836084542425
    Local Iteration  16: ||V_upper^k - V_upper^k-1||_inf = 1.76797565986959970274, ||V_lower^k - V_lower^k-1||_inf = 1.59879956245528331849
    Local Iteration  17: ||V_upper^k - V_upper^k-1||_inf = 1.69725663347481581233, ||V_lower^k - V_lower^k-1||_inf = 1.53269132444617994793
    Local Iteration  18: ||V_upper^k - V_upper^k-1||_inf = 1.62936636813582302885, ||V_lower^k - V_lower^k-1||_inf = 1.47036130992303060161
    Local Iteration  19: ||V_upper^k - V_upper^k-1||_inf = 1.56419171341038998335, ||V_lower^k - V_lower^k-1||_inf = 1.40770214279293348625
    Local Iteration  20: ||V_upper^k - V_upper^k-1||_inf = 1.50162404487397438402, ||V_lower^k - V_lower^k-1||_inf = 1.31759339650138196376
    Local Iteration  21: ||V_upper^k - V_upper^k-1||_inf = 1.44155908307901525767, ||V_lower^k - V_lower^k-1||_inf = 1.23373650833471160126
    Local Iteration  22: ||V_upper^k - V_upper^k-1||_inf = 1.38389671975585470953, ||V_lower^k - V_lower^k-1||_inf = 1.15516658503238911493
    Local Iteration  23: ||V_upper^k - V_upper^k-1||_inf = 1.32854085096562046786, ||V_lower^k - V_lower^k-1||_inf = 1.08056355160264727644
    Local Iteration  24: ||V_upper^k - V_upper^k-1||_inf = 1.27539921692699564915, ||V_lower^k - V_lower^k-1||_inf = 1.00939091385505097520
    Local Iteration  25: ||V_upper^k - V_upper^k-1||_inf = 1.22438324824991573436, ||V_lower^k - V_lower^k-1||_inf = 0.96621454783194837823
    Local Iteration  26: ||V_upper^k - V_upper^k-1||_inf = 1.17540791831991908722, ||V_lower^k - V_lower^k-1||_inf = 0.90177598185829688227
    Local Iteration  27: ||V_upper^k - V_upper^k-1||_inf = 1.12839160158712226156, ||V_lower^k - V_lower^k-1||_inf = 0.72122628726235971097
    Local Iteration  28: ||V_upper^k - V_upper^k-1||_inf = 1.08195270987757607983, ||V_lower^k - V_lower^k-1||_inf = 0.68881953885025604123
    Local Iteration  29: ||V_upper^k - V_upper^k-1||_inf = 1.03867460148247303664, ||V_lower^k - V_lower^k-1||_inf = 0.65956296086416887903
    Local Iteration  30: ||V_upper^k - V_upper^k-1||_inf = 0.99595005289835780715, ||V_lower^k - V_lower^k-1||_inf = 0.61891072707244587647
    Local Iteration  31: ||V_upper^k - V_upper^k-1||_inf = 0.95611205078242345046, ||V_lower^k - V_lower^k-1||_inf = 0.59100667544591156677
    Local Iteration  32: ||V_upper^k - V_upper^k-1||_inf = 0.91768989202316553211, ||V_lower^k - V_lower^k-1||_inf = 0.55197135799165764070
    Local Iteration  33: ||V_upper^k - V_upper^k-1||_inf = 0.88098229634223890194, ||V_lower^k - V_lower^k-1||_inf = 0.52989250367199125513
    Local Iteration  34: ||V_upper^k - V_upper^k-1||_inf = 0.84574300448854933254, ||V_lower^k - V_lower^k-1||_inf = 0.49101670616993531304
    Local Iteration  35: ||V_upper^k - V_upper^k-1||_inf = 0.81191328430900733260, ||V_lower^k - V_lower^k-1||_inf = 0.45369594056796158643
    Local Iteration  36: ||V_upper^k - V_upper^k-1||_inf = 0.77943675293664704817, ||V_lower^k - V_lower^k-1||_inf = 0.43554810294524309855
    Local Iteration  37: ||V_upper^k - V_upper^k-1||_inf = 0.74825928281918119289, ||V_lower^k - V_lower^k-1||_inf = 0.40115328536646405189
    Local Iteration  38: ||V_upper^k - V_upper^k-1||_inf = 0.71811700820888491048, ||V_lower^k - V_lower^k-1||_inf = 0.38451516307368471814
    Local Iteration  39: ||V_upper^k - V_upper^k-1||_inf = 0.68939232788052950962, ||V_lower^k - V_lower^k-1||_inf = 0.35284057882820685226
    Local Iteration  40: ||V_upper^k - V_upper^k-1||_inf = 0.66181663476530827595, ||V_lower^k - V_lower^k-1||_inf = 0.33872695567507860037
    Local Iteration  41: ||V_upper^k - V_upper^k-1||_inf = 0.63534396937469594935, ||V_lower^k - V_lower^k-1||_inf = 0.32517787744807546968
    Local Iteration  42: ||V_upper^k - V_upper^k-1||_inf = 0.60993021059970797815, ||V_lower^k - V_lower^k-1||_inf = 0.29715423248106831444
    Local Iteration  43: ||V_upper^k - V_upper^k-1||_inf = 0.58553300217571968567, ||V_lower^k - V_lower^k-1||_inf = 0.28526806318182551525
    Local Iteration  44: ||V_upper^k - V_upper^k-1||_inf = 0.56211168208869088936, ||V_lower^k - V_lower^k-1||_inf = 0.27385734065455241693
    Local Iteration  45: ||V_upper^k - V_upper^k-1||_inf = 0.53962721480514330707, ||V_lower^k - V_lower^k-1||_inf = 0.26290304702837030693
    Local Iteration  46: ||V_upper^k - V_upper^k-1||_inf = 0.51804212621293754815, ||V_lower^k - V_lower^k-1||_inf = 0.23910126057698144475
    Local Iteration  47: ||V_upper^k - V_upper^k-1||_inf = 0.49732044116441997961, ||V_lower^k - V_lower^k-1||_inf = 0.22953721015390221583
    Local Iteration  48: ||V_upper^k - V_upper^k-1||_inf = 0.47742762351784318042, ||V_lower^k - V_lower^k-1||_inf = 0.22035572174774609167
    Local Iteration  49: ||V_upper^k - V_upper^k-1||_inf = 0.45702422294554279070, ||V_lower^k - V_lower^k-1||_inf = 0.20716989443733840881
    Local Iteration  50: ||V_upper^k - V_upper^k-1||_inf = 0.43874325402772107463, ||V_lower^k - V_lower^k-1||_inf = 0.18712879293061662755
    Local Iteration  51: ||V_upper^k - V_upper^k-1||_inf = 0.42119352386661218501, ||V_lower^k - V_lower^k-1||_inf = 0.17964364121339199132
    Local Iteration  52: ||V_upper^k - V_upper^k-1||_inf = 0.40434578291194767097, ||V_lower^k - V_lower^k-1||_inf = 0.16117376206479722134
    Local Iteration  53: ||V_upper^k - V_upper^k-1||_inf = 0.38817195159546974415, ||V_lower^k - V_lower^k-1||_inf = 0.15472681158220530362
    Local Iteration  54: ||V_upper^k - V_upper^k-1||_inf = 0.37264507353165093884, ||V_lower^k - V_lower^k-1||_inf = 0.14853773911891710036
    Local Iteration  55: ||V_upper^k - V_upper^k-1||_inf = 0.35644404925709954890, ||V_lower^k - V_lower^k-1||_inf = 0.12861241928388772449
    Local Iteration  56: ||V_upper^k - V_upper^k-1||_inf = 0.34218628728681554918, ||V_lower^k - V_lower^k-1||_inf = 0.12346792251253221884
    Local Iteration  57: ||V_upper^k - V_upper^k-1||_inf = 0.32849883579534289169, ||V_lower^k - V_lower^k-1||_inf = 0.10854572647572266475
    Local Iteration  58: ||V_upper^k - V_upper^k-1||_inf = 0.31535888236352921377, ||V_lower^k - V_lower^k-1||_inf = 0.10420389741669378036
    Local Iteration  59: ||V_upper^k - V_upper^k-1||_inf = 0.30274452706898802301, ||V_lower^k - V_lower^k-1||_inf = 0.10003574152002603359
    Local Iteration  60: ||V_upper^k - V_upper^k-1||_inf = 0.29063474598622851541, ||V_lower^k - V_lower^k-1||_inf = 0.08683353748720329390
    Local Iteration  61: ||V_upper^k - V_upper^k-1||_inf = 0.27900935614677935259, ||V_lower^k - V_lower^k-1||_inf = 0.08336019598771515771
    Local Iteration  62: ||V_upper^k - V_upper^k-1||_inf = 0.26784898190090816739, ||V_lower^k - V_lower^k-1||_inf = 0.07119304475106569274
    Local Iteration  63: ||V_upper^k - V_upper^k-1||_inf = 0.25713502262487186734, ||V_lower^k - V_lower^k-1||_inf = 0.05951257956388222858
    Local Iteration  64: ||V_upper^k - V_upper^k-1||_inf = 0.24684962171987695490, ||V_lower^k - V_lower^k-1||_inf = 0.04829933298418609411
    Local Iteration  65: ||V_upper^k - V_upper^k-1||_inf = 0.23697563685108186116, ||V_lower^k - V_lower^k-1||_inf = 0.04636735966481864146
    Local Iteration  66: ||V_upper^k - V_upper^k-1||_inf = 0.22749661137703858227, ||V_lower^k - V_lower^k-1||_inf = 0.03603323161697069565
    Local Iteration  67: ||V_upper^k - V_upper^k-1||_inf = 0.21839674692195701344, ||V_lower^k - V_lower^k-1||_inf = 0.03459190235229187005
    Local Iteration  68: ||V_upper^k - V_upper^k-1||_inf = 0.20966087704507874179, ||V_lower^k - V_lower^k-1||_inf = 0.03320822625820019081
    Local Iteration  69: ||V_upper^k - V_upper^k-1||_inf = 0.20127444196327556880, ||V_lower^k - V_lower^k-1||_inf = 0.03187989720787218206
    Local Iteration  70: ||V_upper^k - V_upper^k-1||_inf = 0.19322346428474454494, ||V_lower^k - V_lower^k-1||_inf = 0.02310264109983301006
    Local Iteration  71: ||V_upper^k - V_upper^k-1||_inf = 0.18549452571335472983, ||V_lower^k - V_lower^k-1||_inf = 0.01467647523611539939
    Local Iteration  72: ||V_upper^k - V_upper^k-1||_inf = 0.17807474468482054064, ||V_lower^k - V_lower^k-1||_inf = 0.01408941622667078675
    Local Iteration  73: ||V_upper^k - V_upper^k-1||_inf = 0.17095175489742769903, ||V_lower^k - V_lower^k-1||_inf = 0.01352583957760394862
    Local Iteration  74: ||V_upper^k - V_upper^k-1||_inf = 0.16411368470153059329, ||V_lower^k - V_lower^k-1||_inf = 0.01093692639609644690
    Local Iteration  75: ||V_upper^k - V_upper^k-1||_inf = 0.15754913731346936734, ||V_lower^k - V_lower^k-1||_inf = 0.00968256510816253857
    Local Iteration  76: ||V_upper^k - V_upper^k-1||_inf = 0.15124717182093058709, ||V_lower^k - V_lower^k-1||_inf = 0.00929526250383605479
    Local Iteration  77: ||V_upper^k - V_upper^k-1||_inf = 0.14519728494809336361, ||V_lower^k - V_lower^k-1||_inf = 0.00858599522796418824
    Local Iteration  78: ||V_upper^k - V_upper^k-1||_inf = 0.13938939355016960464, ||V_lower^k - V_lower^k-1||_inf = 0.00791633603467276070
    Local Iteration  79: ||V_upper^k - V_upper^k-1||_inf = 0.13381381780816281601, ||V_lower^k - V_lower^k-1||_inf = 0.00759968259328584750
    Local Iteration  80: ||V_upper^k - V_upper^k-1||_inf = 0.12846126509583633002, ||V_lower^k - V_lower^k-1||_inf = 0.00729569528955441304
    Local Iteration  81: ||V_upper^k - V_upper^k-1||_inf = 0.12332281449200285794, ||V_lower^k - V_lower^k-1||_inf = 0.00673942857797332762
    Local Iteration  82: ||V_upper^k - V_upper^k-1||_inf = 0.11838990191232273697, ||V_lower^k - V_lower^k-1||_inf = 0.00646985143485438730
    Local Iteration  83: ||V_upper^k - V_upper^k-1||_inf = 0.11365430583582983304, ||V_lower^k - V_lower^k-1||_inf = 0.00591730496813468176
    Local Iteration  84: ||V_upper^k - V_upper^k-1||_inf = 0.10910813360239662861, ||V_lower^k - V_lower^k-1||_inf = 0.00567714653867865127
    Local Iteration  85: ||V_upper^k - V_upper^k-1||_inf = 0.10474380825830074959, ||V_lower^k - V_lower^k-1||_inf = 0.00535098980803208613
    Local Iteration  86: ||V_upper^k - V_upper^k-1||_inf = 0.10055405592796873293, ||V_lower^k - V_lower^k-1||_inf = 0.00513695021571081156
    Local Iteration  87: ||V_upper^k - V_upper^k-1||_inf = 0.09653189369084996807, ||V_lower^k - V_lower^k-1||_inf = 0.00493147220708237133
    Local Iteration  88: ||V_upper^k - V_upper^k-1||_inf = 0.09267061794321597434, ||V_lower^k - V_lower^k-1||_inf = 0.00473421331879908536
    Local Iteration  89: ||V_upper^k - V_upper^k-1||_inf = 0.08896379322548733648, ||V_lower^k - V_lower^k-1||_inf = 0.00454484478604710862
    Local Iteration  90: ||V_upper^k - V_upper^k-1||_inf = 0.08540524149646783192, ||V_lower^k - V_lower^k-1||_inf = 0.00436305099460522483
    Local Iteration  91: ||V_upper^k - V_upper^k-1||_inf = 0.08198903183660913307, ||V_lower^k - V_lower^k-1||_inf = 0.00418852895482102472
    Local Iteration  92: ||V_upper^k - V_upper^k-1||_inf = 0.07870947056314475665, ||V_lower^k - V_lower^k-1||_inf = 0.00402098779662818373
    Local Iteration  93: ||V_upper^k - V_upper^k-1||_inf = 0.07556109174061896583, ||V_lower^k - V_lower^k-1||_inf = 0.00386014828476305416
    Local Iteration  94: ||V_upper^k - V_upper^k-1||_inf = 0.07253864807099420775, ||V_lower^k - V_lower^k-1||_inf = 0.00370574235337252367
    Local Iteration  95: ||V_upper^k - V_upper^k-1||_inf = 0.06963710214815443944, ||V_lower^k - V_lower^k-1||_inf = 0.00355751265923763549
    Local Iteration  96: ||V_upper^k - V_upper^k-1||_inf = 0.06685161806222825187, ||V_lower^k - V_lower^k-1||_inf = 0.00341521215286812174
    Local Iteration  97: ||V_upper^k - V_upper^k-1||_inf = 0.06417755333973912402, ||V_lower^k - V_lower^k-1||_inf = 0.00327860366675339354
    Local Iteration  98: ||V_upper^k - V_upper^k-1||_inf = 0.06161045120614955239, ||V_lower^k - V_lower^k-1||_inf = 0.00314745952008325947
    Local Iteration  99: ||V_upper^k - V_upper^k-1||_inf = 0.05914603315790356586, ||V_lower^k - V_lower^k-1||_inf = 0.00302156113927992687
    Local Iteration 100: ||V_upper^k - V_upper^k-1||_inf = 0.05678019183158741767, ||V_lower^k - V_lower^k-1||_inf = 0.00290069869370873645
    Local Iteration 101: ||V_upper^k - V_upper^k-1||_inf = 0.05450898415832391986, ||V_lower^k - V_lower^k-1||_inf = 0.00278467074596037978
    Local Iteration 102: ||V_upper^k - V_upper^k-1||_inf = 0.05232862479199096306, ||V_lower^k - V_lower^k-1||_inf = 0.00267328391612196847
    Local Iteration 103: ||V_upper^k - V_upper^k-1||_inf = 0.05023547980031131677, ||V_lower^k - V_lower^k-1||_inf = 0.00256635255947709057
    Local Iteration 104: ||V_upper^k - V_upper^k-1||_inf = 0.04822606060829886382, ||V_lower^k - V_lower^k-1||_inf = 0.00246369845709800556
    Local Iteration 105: ||V_upper^k - V_upper^k-1||_inf = 0.04629701818396690649, ||V_lower^k - V_lower^k-1||_inf = 0.00236515051881408533
    Local Iteration 106: ||V_upper^k - V_upper^k-1||_inf = 0.04444513745660823301, ||V_lower^k - V_lower^k-1||_inf = 0.00227054449806152192
    Local Iteration 107: ||V_upper^k - V_upper^k-1||_inf = 0.04266733195834390008, ||V_lower^k - V_lower^k-1||_inf = 0.00217972271813906410
    Local Iteration 108: ||V_upper^k - V_upper^k-1||_inf = 0.04096063868001013908, ||V_lower^k - V_lower^k-1||_inf = 0.00209253380941350209
    Local Iteration 109: ||V_upper^k - V_upper^k-1||_inf = 0.03932221313280973019, ||V_lower^k - V_lower^k-1||_inf = 0.00200883245703695895
    Local Iteration 110: ||V_upper^k - V_upper^k-1||_inf = 0.03774932460749734486, ||V_lower^k - V_lower^k-1||_inf = 0.00192847915875548476
    Local Iteration 111: ||V_upper^k - V_upper^k-1||_inf = 0.03623935162319744802, ||V_lower^k - V_lower^k-1||_inf = 0.00185133999240526259
    Local Iteration 112: ||V_upper^k - V_upper^k-1||_inf = 0.03478977755826954954, ||V_lower^k - V_lower^k-1||_inf = 0.00177728639270904876
    Local Iteration 113: ||V_upper^k - V_upper^k-1||_inf = 0.03339818645593876922, ||V_lower^k - V_lower^k-1||_inf = 0.00170619493700068653
    Local Iteration 114: ||V_upper^k - V_upper^k-1||_inf = 0.03206225899770120957, ||V_lower^k - V_lower^k-1||_inf = 0.00163794713952065962
    Local Iteration 115: ||V_upper^k - V_upper^k-1||_inf = 0.03077976863779316452, ||V_lower^k - V_lower^k-1||_inf = 0.00157242925393983463
    Local Iteration 116: ||V_upper^k - V_upper^k-1||_inf = 0.02954857789228143572, ||V_lower^k - V_lower^k-1||_inf = 0.00150953208378223902
    Local Iteration 117: ||V_upper^k - V_upper^k-1||_inf = 0.02836663477659017579, ||V_lower^k - V_lower^k-1||_inf = 0.00144915080043095390
    Local Iteration 118: ||V_upper^k - V_upper^k-1||_inf = 0.02723196938552656376, ||V_lower^k - V_lower^k-1||_inf = 0.00139118476841371130
    Local Iteration 119: ||V_upper^k - V_upper^k-1||_inf = 0.02614269061010550399, ||V_lower^k - V_lower^k-1||_inf = 0.00133553737767716507
    Local Iteration 120: ||V_upper^k - V_upper^k-1||_inf = 0.02509698298570128133, ||V_lower^k - V_lower^k-1||_inf = 0.00128211588257007986
    Local Iteration 121: ||V_upper^k - V_upper^k-1||_inf = 0.02409310366627322869, ||V_lower^k - V_lower^k-1||_inf = 0.00123083124726727777
    Local Iteration 122: ||V_upper^k - V_upper^k-1||_inf = 0.02312937951962229857, ||V_lower^k - V_lower^k-1||_inf = 0.00118159799737658361
    Local Iteration 123: ||V_upper^k - V_upper^k-1||_inf = 0.02220420433883740774, ||V_lower^k - V_lower^k-1||_inf = 0.00113433407748152193
    Local Iteration 124: ||V_upper^k - V_upper^k-1||_inf = 0.02131603616528390810, ||V_lower^k - V_lower^k-1||_inf = 0.00108896071438226161
    Local Iteration 125: ||V_upper^k - V_upper^k-1||_inf = 0.02046339471867255483, ||V_lower^k - V_lower^k-1||_inf = 0.00104540228580696920
    Local Iteration 126: ||V_upper^k - V_upper^k-1||_inf = 0.01964485892992565153, ||V_lower^k - V_lower^k-1||_inf = 0.00100358619437469071
    Local Iteration 127: ||V_upper^k - V_upper^k-1||_inf = 0.01885906457272862324, ||V_lower^k - V_lower^k-1||_inf = 0.00096344274659970405
    Local Iteration 128: ||V_upper^k - V_upper^k-1||_inf = 0.01810470198981947720, ||V_lower^k - V_lower^k-1||_inf = 0.00092490503673571534
    Local Iteration 129: ||V_upper^k - V_upper^k-1||_inf = 0.01738051391022669631, ||V_lower^k - V_lower^k-1||_inf = 0.00088790883526628644
    Local Iteration 130: ||V_upper^k - V_upper^k-1||_inf = 0.01668529335381762832, ||V_lower^k - V_lower^k-1||_inf = 0.00085239248185563568
    Local Iteration 131: ||V_upper^k - V_upper^k-1||_inf = 0.01601788161966492471, ||V_lower^k - V_lower^k-1||_inf = 0.00081829678258140900
    Local Iteration 132: ||V_upper^k - V_upper^k-1||_inf = 0.01537716635487832578, ||V_lower^k - V_lower^k-1||_inf = 0.00078556491127815264
    Local Iteration 133: ||V_upper^k - V_upper^k-1||_inf = 0.01476207970068319289, ||V_lower^k - V_lower^k-1||_inf = 0.00075414231482702834
    Local Iteration 134: ||V_upper^k - V_upper^k-1||_inf = 0.01417159651265586379, ||V_lower^k - V_lower^k-1||_inf = 0.00072397662223394610
    Local Iteration 135: ||V_upper^k - V_upper^k-1||_inf = 0.01360473265214962729, ||V_lower^k - V_lower^k-1||_inf = 0.00069501755734458978
    Local Iteration 136: ||V_upper^k - V_upper^k-1||_inf = 0.00044485043264926027, ||V_lower^k - V_lower^k-1||_inf = 0.00066721685505080619
    Local Iteration 137: ||V_upper^k - V_upper^k-1||_inf = 0.00042705641534328959, ||V_lower^k - V_lower^k-1||_inf = 0.00064052818084877304
    Local Iteration 138: ||V_upper^k - V_upper^k-1||_inf = 0.00040997415872955772, ||V_lower^k - V_lower^k-1||_inf = 0.00061490705361482226
    Local Iteration 139: ||V_upper^k - V_upper^k-1||_inf = 0.00039357519238037569, ||V_lower^k - V_lower^k-1||_inf = 0.00059031077147022812
    Local Iteration 140: ||V_upper^k - V_upper^k-1||_inf = 0.00037783218468516021, ||V_lower^k - V_lower^k-1||_inf = 0.00056669834061142017
    Local Iteration 141: ||V_upper^k - V_upper^k-1||_inf = 0.00036271889729775405, ||V_lower^k - V_lower^k-1||_inf = 0.00054403040698696239
    Local Iteration 142: ||V_upper^k - V_upper^k-1||_inf = 0.00034821014140584347, ||V_lower^k - V_lower^k-1||_inf = 0.00052226919070748334
    Local Iteration 143: ||V_upper^k - V_upper^k-1||_inf = 0.00033428173574961018, ||V_lower^k - V_lower^k-1||_inf = 0.00050137842307918477
    Local Iteration 144: ||V_upper^k - V_upper^k-1||_inf = 0.00032091046631962591, ||V_lower^k - V_lower^k-1||_inf = 0.00048132328615601780
    Local Iteration 145: ||V_upper^k - V_upper^k-1||_inf = 0.00030807404766684116, ||V_lower^k - V_lower^k-1||_inf = 0.00046207035470977736
    Local Iteration 146: ||V_upper^k - V_upper^k-1||_inf = 0.00029575108576016754, ||V_lower^k - V_lower^k-1||_inf = 0.00044358754052138509
    Local Iteration 147: ||V_upper^k - V_upper^k-1||_inf = 0.00028392104232976070, ||V_lower^k - V_lower^k-1||_inf = 0.00042584403890053024
    Local Iteration 148: ||V_upper^k - V_upper^k-1||_inf = 0.00027256420063657017, ||V_lower^k - V_lower^k-1||_inf = 0.00040881027734450924
    Local Iteration 149: ||V_upper^k - V_upper^k-1||_inf = 0.00026166163261110743, ||V_lower^k - V_lower^k-1||_inf = 0.00039245786625072797
    Local Iteration 150: ||V_upper^k - V_upper^k-1||_inf = 0.00025119516730666338, ||V_lower^k - V_lower^k-1||_inf = 0.00037675955160069996
    Local Iteration 151: ||V_upper^k - V_upper^k-1||_inf = 0.00024114736061439657, ||V_lower^k - V_lower^k-1||_inf = 0.00036168916953667127
    Local Iteration 152: ||V_upper^k - V_upper^k-1||_inf = 0.00023150146618982053, ||V_lower^k - V_lower^k-1||_inf = 0.00034722160275520511
    Local Iteration 153: ||V_upper^k - V_upper^k-1||_inf = 0.00022224140754222802, ||V_lower^k - V_lower^k-1||_inf = 0.00033333273864499628
    Local Iteration 154: ||V_upper^k - V_upper^k-1||_inf = 0.00021335175124053817, ||V_lower^k - V_lower^k-1||_inf = 0.00031999942909919678
    Local Iteration 155: ||V_upper^k - V_upper^k-1||_inf = 0.00020481768119091654, ||V_lower^k - V_lower^k-1||_inf = 0.00030719945193522814
    Local Iteration 156: ||V_upper^k - V_upper^k-1||_inf = 0.00019662497394328047, ||V_lower^k - V_lower^k-1||_inf = 0.00029491147385781943
    Local Iteration 157: ||V_upper^k - V_upper^k-1||_inf = 0.00018875997498554948, ||V_lower^k - V_lower^k-1||_inf = 0.00028311501490350683
    Local Iteration 158: ||V_upper^k - V_upper^k-1||_inf = 0.00018120957598612717, ||V_lower^k - V_lower^k-1||_inf = 0.00027179041430736624
    Local Iteration 159: ||V_upper^k - V_upper^k-1||_inf = 0.00017396119294668189, ||V_lower^k - V_lower^k-1||_inf = 0.00026091879773507132
    Local Iteration 160: ||V_upper^k - V_upper^k-1||_inf = 0.00016700274522881472, ||V_lower^k - V_lower^k-1||_inf = 0.00025048204582566857
    Local Iteration 161: ||V_upper^k - V_upper^k-1||_inf = 0.00016032263541966227, ||V_lower^k - V_lower^k-1||_inf = 0.00024046276399264203
    Local Iteration 162: ||V_upper^k - V_upper^k-1||_inf = 0.00015390973000287567, ||V_lower^k - V_lower^k-1||_inf = 0.00023084425343293611
    Local Iteration 163: ||V_upper^k - V_upper^k-1||_inf = 0.00014775334080276105, ||V_lower^k - V_lower^k-1||_inf = 0.00022161048329561849
    Local Iteration 164: ||V_upper^k - V_upper^k-1||_inf = 0.00014184320717065086, ||V_lower^k - V_lower^k-1||_inf = 0.00021274606396379410
    Local Iteration 165: ||V_upper^k - V_upper^k-1||_inf = 0.00013616947888382474, ||V_lower^k - V_lower^k-1||_inf = 0.00020423622140524223
    Local Iteration 166: ||V_upper^k - V_upper^k-1||_inf = 0.00013072269972847200, ||V_lower^k - V_lower^k-1||_inf = 0.00019606677254903251
    Local Iteration 167: ||V_upper^k - V_upper^k-1||_inf = 0.00012549379173933334, ||V_lower^k - V_lower^k-1||_inf = 0.00018822410164707169
    Local Iteration 168: ||V_upper^k - V_upper^k-1||_inf = 0.00012047404006976020, ||V_lower^k - V_lower^k-1||_inf = 0.00018069513758118844
    Local Iteration 169: ||V_upper^k - V_upper^k-1||_inf = 0.00011565507846696957, ||V_lower^k - V_lower^k-1||_inf = 0.00017346733207794073
    Local Iteration 170: ||V_upper^k - V_upper^k-1||_inf = 0.00011102887532829075, ||V_lower^k - V_lower^k-1||_inf = 0.00016652863879482345
    Local Iteration 171: ||V_upper^k - V_upper^k-1||_inf = 0.00010658772031515908, ||V_lower^k - V_lower^k-1||_inf = 0.00015986749324303036
    Local Iteration 172: ||V_upper^k - V_upper^k-1||_inf = 0.00010232421150255244, ||V_lower^k - V_lower^k-1||_inf = 0.00015347279351330930
    Local Iteration 173: ||V_upper^k - V_upper^k-1||_inf = 0.00009823124304245015, ||V_lower^k - V_lower^k-1||_inf = 0.00014733388177277668
    Local Iteration 174: ||V_upper^k - V_upper^k-1||_inf = 0.00009430199332075202, ||V_lower^k - V_lower^k-1||_inf = 0.00014144052650186560
    Local Iteration 175: ||V_upper^k - V_upper^k-1||_inf = 0.00009052991358792189, ||V_lower^k - V_lower^k-1||_inf = 0.00013578290544179108
    Local Iteration 176: ||V_upper^k - V_upper^k-1||_inf = 0.00008690871704440488, ||V_lower^k - V_lower^k-1||_inf = 0.00013035158922411949
    Local Iteration 177: ||V_upper^k - V_upper^k-1||_inf = 0.00008343236836262863, ||V_lower^k - V_lower^k-1||_inf = 0.00012513752565515481
    Local Iteration 178: ||V_upper^k - V_upper^k-1||_inf = 0.00008009507362812343, ||V_lower^k - V_lower^k-1||_inf = 0.00012013202462894841
    Local Iteration 179: ||V_upper^k - V_upper^k-1||_inf = 0.00007689127068299852, ||V_lower^k - V_lower^k-1||_inf = 0.00011532674364379044
    Local Iteration 180: ||V_upper^k - V_upper^k-1||_inf = 0.00007381561985567858, ||V_lower^k - V_lower^k-1||_inf = 0.00011071367389803907
    Local Iteration 181: ||V_upper^k - V_upper^k-1||_inf = 0.00007086299506145130, ||V_lower^k - V_lower^k-1||_inf = 0.00010628512694211721
    Local Iteration 182: ||V_upper^k - V_upper^k-1||_inf = 0.00006802847525899333, ||V_lower^k - V_lower^k-1||_inf = 0.00010203372186443245
    Local Iteration 183: ||V_upper^k - V_upper^k-1||_inf = 0.00006530733624863366, ||V_lower^k - V_lower^k-1||_inf = 0.00009795237298985526
    Local Iteration 184: ||V_upper^k - V_upper^k-1||_inf = 0.00006269504279868819, ||V_lower^k - V_lower^k-1||_inf = 0.00009403427807026105
    Local Iteration 185: ||V_upper^k - V_upper^k-1||_inf = 0.00006018724108674081, ||V_lower^k - V_lower^k-1||_inf = 0.00009027290694745048
    Local Iteration 186: ||V_upper^k - V_upper^k-1||_inf = 0.00005777975144327131, ||V_lower^k - V_lower^k-1||_inf = 0.00008666199066955250
    Local Iteration 187: ||V_upper^k - V_upper^k-1||_inf = 0.00005546856138554041, ||V_lower^k - V_lower^k-1||_inf = 0.00008319551104277048
    Local Iteration 188: ||V_upper^k - V_upper^k-1||_inf = 0.00005324981893011860, ||V_lower^k - V_lower^k-1||_inf = 0.00007986769060105959
    Local Iteration 189: ||V_upper^k - V_upper^k-1||_inf = 0.00005111982617291380, ||V_lower^k - V_lower^k-1||_inf = 0.00007667298297701734
    Local Iteration 190: ||V_upper^k - V_upper^k-1||_inf = 0.00004907503312599737, ||V_lower^k - V_lower^k-1||_inf = 0.00007360606365793671
    Local Iteration 191: ||V_upper^k - V_upper^k-1||_inf = 0.00004711203180095746, ||V_lower^k - V_lower^k-1||_inf = 0.00007066182111161909
    Local Iteration 192: ||V_upper^k - V_upper^k-1||_inf = 0.00004522755052891912, ||V_lower^k - V_lower^k-1||_inf = 0.00006783534826715430
    Local Iteration 193: ||V_upper^k - V_upper^k-1||_inf = 0.00004341844850776233, ||V_lower^k - V_lower^k-1||_inf = 0.00006512193433646824
    Local Iteration 194: ||V_upper^k - V_upper^k-1||_inf = 0.00004168171056745178, ||V_lower^k - V_lower^k-1||_inf = 0.00006251705696300939
    Local Iteration 195: ||V_upper^k - V_upper^k-1||_inf = 0.00004001444214475364, ||V_lower^k - V_lower^k-1||_inf = 0.00006001637468448914
    Local Iteration 196: ||V_upper^k - V_upper^k-1||_inf = 0.00003841386445896356, ||V_lower^k - V_lower^k-1||_inf = 0.00005761571969710943
    Local Iteration 197: ||V_upper^k - V_upper^k-1||_inf = 0.00003687730988060495, ||V_lower^k - V_lower^k-1||_inf = 0.00005531109090922519
    Local Iteration 198: ||V_upper^k - V_upper^k-1||_inf = 0.00003540221748538075, ||V_lower^k - V_lower^k-1||_inf = 0.00005309864727285609
    Local Iteration 199: ||V_upper^k - V_upper^k-1||_inf = 0.00003398612878596546, ||V_lower^k - V_lower^k-1||_inf = 0.00005097470138194196
    Local Iteration 200: ||V_upper^k - V_upper^k-1||_inf = 0.00003262668363452682, ||V_lower^k - V_lower^k-1||_inf = 0.00004893571332666418
    Local Iteration 201: ||V_upper^k - V_upper^k-1||_inf = 0.00003132161628914575, ||V_lower^k - V_lower^k-1||_inf = 0.00004697828479359760
    Local Iteration 202: ||V_upper^k - V_upper^k-1||_inf = 0.00003006875163757993, ||V_lower^k - V_lower^k-1||_inf = 0.00004509915340185377
    Local Iteration 203: ||V_upper^k - V_upper^k-1||_inf = 0.00002886600157207667, ||V_lower^k - V_lower^k-1||_inf = 0.00004329518726577954
    Local Iteration 204: ||V_upper^k - V_upper^k-1||_inf = 0.00002771136150919360, ||V_lower^k - V_lower^k-1||_inf = 0.00004156337977514828
    Local Iteration 205: ||V_upper^k - V_upper^k-1||_inf = 0.00002660290704882594, ||V_lower^k - V_lower^k-1||_inf = 0.00003990084458414247
    Local Iteration 206: ||V_upper^k - V_upper^k-1||_inf = 0.00002553879076687296, ||V_lower^k - V_lower^k-1||_inf = 0.00003830481080077674
    Local Iteration 207: ||V_upper^k - V_upper^k-1||_inf = 0.00002451723913619798, ||V_lower^k - V_lower^k-1||_inf = 0.00003677261836874566
    Local Iteration 208: ||V_upper^k - V_upper^k-1||_inf = 0.00002353654957075007, ||V_lower^k - V_lower^k-1||_inf = 0.00003530171363399582
    Local Iteration 209: ||V_upper^k - V_upper^k-1||_inf = 0.00002259508758792003, ||V_lower^k - V_lower^k-1||_inf = 0.00003388964508863599
    Local Iteration 210: ||V_upper^k - V_upper^k-1||_inf = 0.00002169128408440320, ||V_lower^k - V_lower^k-1||_inf = 0.00003253405928509059
    Local Iteration 211: ||V_upper^k - V_upper^k-1||_inf = 0.00002082363272102705, ||V_lower^k - V_lower^k-1||_inf = 0.00003123269691368699
    Local Iteration 212: ||V_upper^k - V_upper^k-1||_inf = 0.00001999068741218599, ||V_lower^k - V_lower^k-1||_inf = 0.00002998338903713945
    Local Iteration 213: ||V_upper^k - V_upper^k-1||_inf = 0.00001919105991569854, ||V_lower^k - V_lower^k-1||_inf = 0.00002878405347565393
    Local Iteration 214: ||V_upper^k - V_upper^k-1||_inf = 0.00001842341751907058, ||V_lower^k - V_lower^k-1||_inf = 0.00002763269133662779
    Local Iteration 215: ||V_upper^k - V_upper^k-1||_inf = 0.00001768648081830774, ||V_lower^k - V_lower^k-1||_inf = 0.00002652738368316265
    Local Iteration 216: ||V_upper^k - V_upper^k-1||_inf = 0.00001697902158557542, ||V_lower^k - V_lower^k-1||_inf = 0.00002546628833583614
    Local Iteration 217: ||V_upper^k - V_upper^k-1||_inf = 0.00001629986072215241, ||V_lower^k - V_lower^k-1||_inf = 0.00002444763680240273
    Local Iteration 218: ||V_upper^k - V_upper^k-1||_inf = 0.00001562076512977908, ||V_lower^k - V_lower^k-1||_inf = 0.00002346973133030656
    Local Iteration 219: ||V_upper^k - V_upper^k-1||_inf = 0.00001499593452458788, ||V_lower^k - V_lower^k-1||_inf = 0.00002253094207709428
    Local Iteration 220: ||V_upper^k - V_upper^k-1||_inf = 0.00001439609714360437, ||V_lower^k - V_lower^k-1||_inf = 0.00002162970439401057
    Local Iteration 221: ||V_upper^k - V_upper^k-1||_inf = 0.00001382025325786016, ||V_lower^k - V_lower^k-1||_inf = 0.00002076451621825005
    Local Iteration 222: ||V_upper^k - V_upper^k-1||_inf = 0.00001326744312754575, ||V_lower^k - V_lower^k-1||_inf = 0.00001993393556952010
    Local Iteration 223: ||V_upper^k - V_upper^k-1||_inf = 0.00001273674540244393, ||V_lower^k - V_lower^k-1||_inf = 0.00001913657814673931
    Local Iteration 224: ||V_upper^k - V_upper^k-1||_inf = 0.00001222727558634619, ||V_lower^k - V_lower^k-1||_inf = 0.00001837111502086972
    Local Iteration 225: ||V_upper^k - V_upper^k-1||_inf = 0.00001173818456289233, ||V_lower^k - V_lower^k-1||_inf = 0.00001763627042003491
    Local Iteration 226: ||V_upper^k - V_upper^k-1||_inf = 0.00001126865718037662, ||V_lower^k - V_lower^k-1||_inf = 0.00001693081960323355
    Local Iteration 227: ||V_upper^k - V_upper^k-1||_inf = 0.00001081791089316156, ||V_lower^k - V_lower^k-1||_inf = 0.00001625358681910420
    Local Iteration 228: ||V_upper^k - V_upper^k-1||_inf = 0.00001038519445743512, ||V_lower^k - V_lower^k-1||_inf = 0.00001560344334634005
    Local Iteration 229: ||V_upper^k - V_upper^k-1||_inf = 0.00000996978667913771, ||V_lower^k - V_lower^k-1||_inf = 0.00001497930561248641
    Local Iteration 230: ||V_upper^k - V_upper^k-1||_inf = 0.00000957099521197219, ||V_lower^k - V_lower^k-1||_inf = 0.00001438013338798694
    Local Iteration 231: ||V_upper^k - V_upper^k-1||_inf = 0.00000918815540349330, ||V_lower^k - V_lower^k-1||_inf = 0.00001380492805246747
    Local Iteration 232: ||V_upper^k - V_upper^k-1||_inf = 0.00000882062918735357, ||V_lower^k - V_lower^k-1||_inf = 0.00001325273093036880
    Local Iteration 233: ||V_upper^k - V_upper^k-1||_inf = 0.00000846780401985941, ||V_lower^k - V_lower^k-1||_inf = 0.00001272262169315405
    Local Iteration 234: ||V_upper^k - V_upper^k-1||_inf = 0.00000812909185906504, ||V_lower^k - V_lower^k-1||_inf = 0.00001221371682542786
    Local Iteration 235: ||V_upper^k - V_upper^k-1||_inf = 0.00000780392818470243, ||V_lower^k - V_lower^k-1||_inf = 0.00001172516815241075
    Local Iteration 236: ||V_upper^k - V_upper^k-1||_inf = 0.00000749177105731434, ||V_lower^k - V_lower^k-1||_inf = 0.00001125616142631433
    Local Iteration 237: ||V_upper^k - V_upper^k-1||_inf = 0.00000719210021502177, ||V_lower^k - V_lower^k-1||_inf = 0.00001080591496926178
    Local Iteration 238: ||V_upper^k - V_upper^k-1||_inf = 0.00000690441620642090, ||V_lower^k - V_lower^k-1||_inf = 0.00001037367837049128
    Local Iteration 239: ||V_upper^k - V_upper^k-1||_inf = 0.00000662823955816406, ||V_lower^k - V_lower^k-1||_inf = 0.00000995873123567164
    Local Iteration 240: ||V_upper^k - V_upper^k-1||_inf = 0.00000636310997583750, ||V_lower^k - V_lower^k-1||_inf = 0.00000956038198624476
    Local Iteration 241: ||V_upper^k - V_upper^k-1||_inf = 0.00000610858557680400, ||V_lower^k - V_lower^k-1||_inf = 0.00000917796670679499
    Local Iteration 242: ||V_upper^k - V_upper^k-1||_inf = 0.00000586424215373184, ||V_lower^k - V_lower^k-1||_inf = 0.00000881084803852319
    Local Iteration 243: ||V_upper^k - V_upper^k-1||_inf = 0.00000562967246758256, ||V_lower^k - V_lower^k-1||_inf = 0.00000845841411698225
    Local Iteration 244: ||V_upper^k - V_upper^k-1||_inf = 0.00000540448556887926, ||V_lower^k - V_lower^k-1||_inf = 0.00000812007755230296
    Local Iteration 245: ||V_upper^k - V_upper^k-1||_inf = 0.00000518830614612410, ||V_lower^k - V_lower^k-1||_inf = 0.00000779527445021085
    Local Iteration 246: ||V_upper^k - V_upper^k-1||_inf = 0.00000498077390027913, ||V_lower^k - V_lower^k-1||_inf = 0.00000748346347220240
    Local Iteration 247: ||V_upper^k - V_upper^k-1||_inf = 0.00000478154294426796, ||V_lower^k - V_lower^k-1||_inf = 0.00000718412493331432
    Local Iteration 248: ||V_upper^k - V_upper^k-1||_inf = 0.00000459028122649724, ||V_lower^k - V_lower^k-1||_inf = 0.00000689675993598173
    Local Iteration 249: ||V_upper^k - V_upper^k-1||_inf = 0.00000440666997743736, ||V_lower^k - V_lower^k-1||_inf = 0.00000662088953854248
    Local Iteration 250: ||V_upper^k - V_upper^k-1||_inf = 0.00000422413034673891, ||V_lower^k - V_lower^k-1||_inf = 0.00000635605395700076
    Local Iteration 251: ||V_upper^k - V_upper^k-1||_inf = 0.00000405516513286936, ||V_lower^k - V_lower^k-1||_inf = 0.00000610181179872075
    Local Iteration 252: ||V_upper^k - V_upper^k-1||_inf = 0.00000389295852755459, ||V_lower^k - V_lower^k-1||_inf = 0.00000585773932677190
    Local Iteration 253: ||V_upper^k - V_upper^k-1||_inf = 0.00000373724018645241, ||V_lower^k - V_lower^k-1||_inf = 0.00000562342975370103
    Local Iteration 254: ||V_upper^k - V_upper^k-1||_inf = 0.00000358775057899432, ||V_lower^k - V_lower^k-1||_inf = 0.00000539849256355298
    Local Iteration 255: ||V_upper^k - V_upper^k-1||_inf = 0.00000344424055583455, ||V_lower^k - V_lower^k-1||_inf = 0.00000518255286101086
    Local Iteration 256: ||V_upper^k - V_upper^k-1||_inf = 0.00000330647093360117, ||V_lower^k - V_lower^k-1||_inf = 0.00000497525074657044
    Local Iteration 257: ||V_upper^k - V_upper^k-1||_inf = 0.00000317421209625712, ||V_lower^k - V_lower^k-1||_inf = 0.00000477624071670762
    Local Iteration 258: ||V_upper^k - V_upper^k-1||_inf = 0.00000304724361240684, ||V_lower^k - V_lower^k-1||_inf = 0.00000458519108803931
    Local Iteration 259: ||V_upper^k - V_upper^k-1||_inf = 0.00000292535386791056, ||V_lower^k - V_lower^k-1||_inf = 0.00000440178344451774
    Local Iteration 260: ||V_upper^k - V_upper^k-1||_inf = 0.00000280833971319414, ||V_lower^k - V_lower^k-1||_inf = 0.00000422571210673703
    Local Iteration 261: ||V_upper^k - V_upper^k-1||_inf = 0.00000269600612466637, ||V_lower^k - V_lower^k-1||_inf = 0.00000405668362246754
    Local Iteration 262: ||V_upper^k - V_upper^k-1||_inf = 0.00000258816587967971, ||V_lower^k - V_lower^k-1||_inf = 0.00000389441627756884
    Local Iteration 263: ||V_upper^k - V_upper^k-1||_inf = 0.00000248463924449252, ||V_lower^k - V_lower^k-1||_inf = 0.00000373863962646609
    Local Iteration 264: ||V_upper^k - V_upper^k-1||_inf = 0.00000238525367471283, ||V_lower^k - V_lower^k-1||_inf = 0.00000358909404140744
    Local Iteration 265: ||V_upper^k - V_upper^k-1||_inf = 0.00000228984352772431, ||V_lower^k - V_lower^k-1||_inf = 0.00000344553027975115
    Local Iteration 266: ||V_upper^k - V_upper^k-1||_inf = 0.00000219824978661534, ||V_lower^k - V_lower^k-1||_inf = 0.00000330770906856111
    Local Iteration 267: ||V_upper^k - V_upper^k-1||_inf = 0.00000211031979515072, ||V_lower^k - V_lower^k-1||_inf = 0.00000317540070581866
    Local Iteration 268: ||V_upper^k - V_upper^k-1||_inf = 0.00000202590700334469, ||V_lower^k - V_lower^k-1||_inf = 0.00000304838467758592
    Local Iteration 269: ||V_upper^k - V_upper^k-1||_inf = 0.00000194487072321091, ||V_lower^k - V_lower^k-1||_inf = 0.00000292644929048248
    Local Iteration 270: ||V_upper^k - V_upper^k-1||_inf = 0.00000186707589428247, ||V_lower^k - V_lower^k-1||_inf = 0.00000280939131886318
    Local Iteration 271: ||V_upper^k - V_upper^k-1||_inf = 0.00000179239285851117, ||V_lower^k - V_lower^k-1||_inf = 0.00000269701566610865
    Local Iteration 272: ||V_upper^k - V_upper^k-1||_inf = 0.00000172069714417072, ||V_lower^k - V_lower^k-1||_inf = 0.00000258913503946431
    Local Iteration 273: ||V_upper^k - V_upper^k-1||_inf = 0.00000165186925840389, ||V_lower^k - V_lower^k-1||_inf = 0.00000248556963788573
    Local Iteration 274: ||V_upper^k - V_upper^k-1||_inf = 0.00000158579448806773, ||V_lower^k - V_lower^k-1||_inf = 0.00000238614685237031
    Local Iteration 275: ||V_upper^k - V_upper^k-1||_inf = 0.00000152236270854502, ||V_lower^k - V_lower^k-1||_inf = 0.00000229070097827549
    Local Iteration 276: ||V_upper^k - V_upper^k-1||_inf = 0.00000146146820020322, ||V_lower^k - V_lower^k-1||_inf = 0.00000219907293914447
    Local Iteration 277: ||V_upper^k - V_upper^k-1||_inf = 0.00000140300947219509, ||V_lower^k - V_lower^k-1||_inf = 0.00000211111002157869
    Local Iteration 278: ||V_upper^k - V_upper^k-1||_inf = 0.00000134688909330728, ||V_lower^k - V_lower^k-1||_inf = 0.00000202666562071555
    Local Iteration 279: ||V_upper^k - V_upper^k-1||_inf = 0.00000129301352957499, ||V_lower^k - V_lower^k-1||_inf = 0.00000194559899588692
    Local Iteration 280: ||V_upper^k - V_upper^k-1||_inf = 0.00000124129298839199, ||V_lower^k - V_lower^k-1||_inf = 0.00000186777503605144
    Local Iteration 281: ||V_upper^k - V_upper^k-1||_inf = 0.00000119164126885631, ||V_lower^k - V_lower^k-1||_inf = 0.00000179306403460939
    Local Iteration 282: ||V_upper^k - V_upper^k-1||_inf = 0.00000114397561810206, ||V_lower^k - V_lower^k-1||_inf = 0.00000172134147322501
    Local Iteration 283: ||V_upper^k - V_upper^k-1||_inf = 0.00000109821659337798, ||V_lower^k - V_lower^k-1||_inf = 0.00000165248781429601
    Local Iteration 284: ||V_upper^k - V_upper^k-1||_inf = 0.00000105428792964286, ||V_lower^k - V_lower^k-1||_inf = 0.00000158638830172417
    Local Iteration 285: ||V_upper^k - V_upper^k-1||_inf = 0.00000101211641245715, ||V_lower^k - V_lower^k-1||_inf = 0.00000152293276965521
    Local Iteration 286: ||V_upper^k - V_upper^k-1||_inf = 0.00000097163175595886, ||V_lower^k - V_lower^k-1||_inf = 0.00000146201545886899
    Local Iteration 287: ||V_upper^k - V_upper^k-1||_inf = 0.00000093276648572051, ||V_lower^k - V_lower^k-1||_inf = 0.00000140353484051424
    Local Iteration 288: ||V_upper^k - V_upper^k-1||_inf = 0.00000089545582629169, ||V_lower^k - V_lower^k-1||_inf = 0.00000134739344689367
    Local Iteration 289: ||V_upper^k - V_upper^k-1||_inf = 0.00000085963759324002, ||V_lower^k - V_lower^k-1||_inf = 0.00000129349770901792
    Local Iteration 290: ||V_upper^k - V_upper^k-1||_inf = 0.00000082525208951042, ||V_lower^k - V_lower^k-1||_inf = 0.00000117733723594227
    Local Iteration 291: ||V_upper^k - V_upper^k-1||_inf = 0.00000079224200593000, ||V_lower^k - V_lower^k-1||_inf = 0.00000113024374650458
    Local Iteration 292: ||V_upper^k - V_upper^k-1||_inf = 0.00000076055232569280, ||V_lower^k - V_lower^k-1||_inf = 0.00000108503399664440
    Local Iteration 293: ||V_upper^k - V_upper^k-1||_inf = 0.00000073013023266509, ||V_lower^k - V_lower^k-1||_inf = 0.00000104163263677862
    Local Iteration 294: ||V_upper^k - V_upper^k-1||_inf = 0.00000070092502335848, ||V_lower^k - V_lower^k-1||_inf = 0.00000099996733130748
    Local Iteration 295: ||V_upper^k - V_upper^k-1||_inf = 0.00000067288802242415, ||V_lower^k - V_lower^k-1||_inf = 0.00000095996863805518
    Local Iteration 296: ||V_upper^k - V_upper^k-1||_inf = 0.00000064597250152718, ||V_lower^k - V_lower^k-1||_inf = 0.00000092156989253297
    Local Iteration 297: ||V_upper^k - V_upper^k-1||_inf = 0.00000062013360146609, ||V_lower^k - V_lower^k-1||_inf = 0.00000088470709683165
    Local Iteration 298: ||V_upper^k - V_upper^k-1||_inf = 0.00000059532825740745, ||V_lower^k - V_lower^k-1||_inf = 0.00000084931881295839
    Local Iteration 299: ||V_upper^k - V_upper^k-1||_inf = 0.00000057151512711115, ||V_lower^k - V_lower^k-1||_inf = 0.00000081534606044005
    Local Iteration 300: ||V_upper^k - V_upper^k-1||_inf = 0.00000054865452202671, ||V_lower^k - V_lower^k-1||_inf = 0.00000078273221802245
    Local Iteration 301: ||V_upper^k - V_upper^k-1||_inf = 0.00000052670834114564, ||V_lower^k - V_lower^k-1||_inf = 0.00000075142292930155
    Local Iteration 302: ||V_upper^k - V_upper^k-1||_inf = 0.00000050564000749981, ||V_lower^k - V_lower^k-1||_inf = 0.00000072136601212949
    Local Iteration 303: ||V_upper^k - V_upper^k-1||_inf = 0.00000048541440719982, ||V_lower^k - V_lower^k-1||_inf = 0.00000069251137164431
    Local Iteration 304: ||V_upper^k - V_upper^k-1||_inf = 0.00000046518804120858, ||V_lower^k - V_lower^k-1||_inf = 0.00000066481091677854
    Local Iteration 305: ||V_upper^k - V_upper^k-1||_inf = 0.00000044658051956023, ||V_lower^k - V_lower^k-1||_inf = 0.00000063821848010739
    Local Iteration 306: ||V_upper^k - V_upper^k-1||_inf = 0.00000042871729877782, ||V_lower^k - V_lower^k-1||_inf = 0.00000061268974090310
    Local Iteration 307: ||V_upper^k - V_upper^k-1||_inf = 0.00000041156860682671, ||V_lower^k - V_lower^k-1||_inf = 0.00000058818215126698
    Local Iteration 308: ||V_upper^k - V_upper^k-1||_inf = 0.00000039510586255364, ||V_lower^k - V_lower^k-1||_inf = 0.00000056465486521630
    Local Iteration 309: ||V_upper^k - V_upper^k-1||_inf = 0.00000037930162805150, ||V_lower^k - V_lower^k-1||_inf = 0.00000054206867060764
    Local Iteration 310: ||V_upper^k - V_upper^k-1||_inf = 0.00000036412956292944, ||V_lower^k - V_lower^k-1||_inf = 0.00000052038592378334
    Local Iteration 311: ||V_upper^k - V_upper^k-1||_inf = 0.00000034956438041226, ||V_lower^k - V_lower^k-1||_inf = 0.00000049957048683201
    Local Iteration 312: ||V_upper^k - V_upper^k-1||_inf = 0.00000033558180519577, ||V_lower^k - V_lower^k-1||_inf = 0.00000047958766735873
    Local Iteration 313: ||V_upper^k - V_upper^k-1||_inf = 0.00000032215853298794, ||V_lower^k - V_lower^k-1||_inf = 0.00000046040416066438
    Local Iteration 314: ||V_upper^k - V_upper^k-1||_inf = 0.00000030927219166842, ||V_lower^k - V_lower^k-1||_inf = 0.00000044198799423780
    Local Iteration 315: ||V_upper^k - V_upper^k-1||_inf = 0.00000029690130400168, ||V_lower^k - V_lower^k-1||_inf = 0.00000042430847446829
    Local Iteration 316: ||V_upper^k - V_upper^k-1||_inf = 0.00000028502525184162, ||V_lower^k - V_lower^k-1||_inf = 0.00000040733613548956
    Local Iteration 317: ||V_upper^k - V_upper^k-1||_inf = 0.00000027362424176795, ||V_lower^k - V_lower^k-1||_inf = 0.00000039104269006997
    Local Iteration 318: ||V_upper^k - V_upper^k-1||_inf = 0.00000026267927209723, ||V_lower^k - V_lower^k-1||_inf = 0.00000037540098246718
    Local Iteration 319: ||V_upper^k - V_upper^k-1||_inf = 0.00000025217210121334, ||V_lower^k - V_lower^k-1||_inf = 0.00000036038494316849
    Local Iteration 320: ||V_upper^k - V_upper^k-1||_inf = 0.00000024208521716481, ||V_lower^k - V_lower^k-1||_inf = 0.00000034596954544175
    Local Iteration 321: ||V_upper^k - V_upper^k-1||_inf = 0.00000023240180847822, ||V_lower^k - V_lower^k-1||_inf = 0.00000033213076362408
    Local Iteration 322: ||V_upper^k - V_upper^k-1||_inf = 0.00000022310573613909, ||V_lower^k - V_lower^k-1||_inf = 0.00000031884553307912
    Local Iteration 323: ||V_upper^k - V_upper^k-1||_inf = 0.00000021418150669353, ||V_lower^k - V_lower^k-1||_inf = 0.00000030609171175595
    Local Iteration 324: ||V_upper^k - V_upper^k-1||_inf = 0.00000020561424642579, ||V_lower^k - V_lower^k-1||_inf = 0.00000029384804328571
    Local Iteration 325: ||V_upper^k - V_upper^k-1||_inf = 0.00000019738967656875, ||V_lower^k - V_lower^k-1||_inf = 0.00000028209412155429
    Local Iteration 326: ||V_upper^k - V_upper^k-1||_inf = 0.00000018949408950600, ||V_lower^k - V_lower^k-1||_inf = 0.00000027081035669211
    Local Iteration 327: ||V_upper^k - V_upper^k-1||_inf = 0.00000018191432592576, ||V_lower^k - V_lower^k-1||_inf = 0.00000025997794242443
    Local Iteration 328: ||V_upper^k - V_upper^k-1||_inf = 0.00000017463775288873, ||V_lower^k - V_lower^k-1||_inf = 0.00000024957882472745
    Local Iteration 329: ||V_upper^k - V_upper^k-1||_inf = 0.00000016765224277318, ||V_lower^k - V_lower^k-1||_inf = 0.00000023959567173835
    Local Iteration 330: ||V_upper^k - V_upper^k-1||_inf = 0.00000016094615306226, ||V_lower^k - V_lower^k-1||_inf = 0.00000023001184486882
    Local Iteration 331: ||V_upper^k - V_upper^k-1||_inf = 0.00000015450830693977, ||V_lower^k - V_lower^k-1||_inf = 0.00000022081137107407
    Local Iteration 332: ||V_upper^k - V_upper^k-1||_inf = 0.00000014832797466218, ||V_lower^k - V_lower^k-1||_inf = 0.00000021197891623110
    Local Iteration 333: ||V_upper^k - V_upper^k-1||_inf = 0.00000014239485567569, ||V_lower^k - V_lower^k-1||_inf = 0.00000020349975958186
    Local Iteration 334: ||V_upper^k - V_upper^k-1||_inf = 0.00000013669906144866, ||V_lower^k - V_lower^k-1||_inf = 0.00000019535976919859
    Local Iteration 335: ||V_upper^k - V_upper^k-1||_inf = 0.00000013123109899071, ||V_lower^k - V_lower^k-1||_inf = 0.00000018754537843064
    Local Iteration 336: ||V_upper^k - V_upper^k-1||_inf = 0.00000012598185503109, ||V_lower^k - V_lower^k-1||_inf = 0.00000018004356329342
    Local Iteration 337: ||V_upper^k - V_upper^k-1||_inf = 0.00000012094258082984, ||V_lower^k - V_lower^k-1||_inf = 0.00000017284182076168
    Local Iteration 338: ||V_upper^k - V_upper^k-1||_inf = 0.00000011610487759665, ||V_lower^k - V_lower^k-1||_inf = 0.00000016592814793121
    Local Iteration 339: ||V_upper^k - V_upper^k-1||_inf = 0.00000011146068249278, ||V_lower^k - V_lower^k-1||_inf = 0.00000015929102201396
    Local Iteration 340: ||V_upper^k - V_upper^k-1||_inf = 0.00000010700225519307, ||V_lower^k - V_lower^k-1||_inf = 0.00000015291938113341
    Local Iteration 341: ||V_upper^k - V_upper^k-1||_inf = 0.00000010272216498535, ||V_lower^k - V_lower^k-1||_inf = 0.00000014680260588807
    Local Iteration 342: ||V_upper^k - V_upper^k-1||_inf = 0.00000009861327838593, ||V_lower^k - V_lower^k-1||_inf = 0.00000014093050165255
    Local Iteration 343: ||V_upper^k - V_upper^k-1||_inf = 0.00000009466874725050, ||V_lower^k - V_lower^k-1||_inf = 0.00000013529328158644
    Local Iteration 344: ||V_upper^k - V_upper^k-1||_inf = 0.00000009088199736048, ||V_lower^k - V_lower^k-1||_inf = 0.00000012988155032299
    Local Iteration 345: ||V_upper^k - V_upper^k-1||_inf = 0.00000008724671746606, ||V_lower^k - V_lower^k-1||_inf = 0.00000012468628831007
    Local Iteration 346: ||V_upper^k - V_upper^k-1||_inf = 0.00000008375684876742, ||V_lower^k - V_lower^k-1||_inf = 0.00000011969883677766
    Local Iteration 347: ||V_upper^k - V_upper^k-1||_inf = 0.00000008040657481672, ||V_lower^k - V_lower^k-1||_inf = 0.00000011491088330656
    Local Iteration 348: ||V_upper^k - V_upper^k-1||_inf = 0.00000007719031182405, ||V_lower^k - V_lower^k-1||_inf = 0.00000011031444797430
    Local Iteration 349: ||V_upper^k - V_upper^k-1||_inf = 0.00000007410269935109, ||V_lower^k - V_lower^k-1||_inf = 0.00000010590187005532
    Local Iteration 350: ||V_upper^k - V_upper^k-1||_inf = 0.00000007113859137705, ||V_lower^k - V_lower^k-1||_inf = 0.00000010166579525311
    Local Iteration 351: ||V_upper^k - V_upper^k-1||_inf = 0.00000006829304772196, ||V_lower^k - V_lower^k-1||_inf = 0.00000009759916344299
    Local Iteration 352: ||V_upper^k - V_upper^k-1||_inf = 0.00000006556132581308, ||V_lower^k - V_lower^k-1||_inf = 0.00000009369519690527
    Local Iteration 353: ||V_upper^k - V_upper^k-1||_inf = 0.00000006293887278056, ||V_lower^k - V_lower^k-1||_inf = 0.00000008994738902906
    Local Iteration 354: ||V_upper^k - V_upper^k-1||_inf = 0.00000006042131786934, ||V_lower^k - V_lower^k-1||_inf = 0.00000008634949346789
    Local Iteration 355: ||V_upper^k - V_upper^k-1||_inf = 0.00000005800446515457, ||V_lower^k - V_lower^k-1||_inf = 0.00000008289551372918
    Local Iteration 356: ||V_upper^k - V_upper^k-1||_inf = 0.00000005568428654838, ||V_lower^k - V_lower^k-1||_inf = 0.00000007957969318001
    Local Iteration 357: ||V_upper^k - V_upper^k-1||_inf = 0.00000005345691508645, ||V_lower^k - V_lower^k-1||_inf = 0.00000007639650545281
    Local Iteration 358: ||V_upper^k - V_upper^k-1||_inf = 0.00000005131863848299, ||V_lower^k - V_lower^k-1||_inf = 0.00000007334064523470
    Local Iteration 359: ||V_upper^k - V_upper^k-1||_inf = 0.00000004926589294367, ||V_lower^k - V_lower^k-1||_inf = 0.00000007040701942531
    Local Iteration 360: ||V_upper^k - V_upper^k-1||_inf = 0.00000004729525722592, ||V_lower^k - V_lower^k-1||_inf = 0.00000006759073864830
    Local Iteration 361: ||V_upper^k - V_upper^k-1||_inf = 0.00000004540344693689, ||V_lower^k - V_lower^k-1||_inf = 0.00000006488710910237
    Local Iteration 362: ||V_upper^k - V_upper^k-1||_inf = 0.00000004358730905941, ||V_lower^k - V_lower^k-1||_inf = 0.00000006229162473827
    Local Iteration 363: ||V_upper^k - V_upper^k-1||_inf = 0.00000004184381669703, ||V_lower^k - V_lower^k-1||_inf = 0.00000005979995974874
    Local Iteration 364: ||V_upper^k - V_upper^k-1||_inf = 0.00000004017006402915, ||V_lower^k - V_lower^k-1||_inf = 0.00000005740796135879
    Local Iteration 365: ||V_upper^k - V_upper^k-1||_inf = 0.00000003856326146799, ||V_lower^k - V_lower^k-1||_inf = 0.00000005511164290444
    Local Iteration 366: ||V_upper^k - V_upper^k-1||_inf = 0.00000003702073100927, ||V_lower^k - V_lower^k-1||_inf = 0.00000005290717718826
    Local Iteration 367: ||V_upper^k - V_upper^k-1||_inf = 0.00000003553990176890, ||V_lower^k - V_lower^k-1||_inf = 0.00000005079089010073
    Local Iteration 368: ||V_upper^k - V_upper^k-1||_inf = 0.00000003411830569814, ||V_lower^k - V_lower^k-1||_inf = 0.00000004875925449670
    Local Iteration 369: ||V_upper^k - V_upper^k-1||_inf = 0.00000003275357347022, ||V_lower^k - V_lower^k-1||_inf = 0.00000004680888431683
    Local Iteration 370: ||V_upper^k - V_upper^k-1||_inf = 0.00000003144343053141, ||V_lower^k - V_lower^k-1||_inf = 0.00000004493652894416
    Local Iteration 371: ||V_upper^k - V_upper^k-1||_inf = 0.00000003018569331015, ||V_lower^k - V_lower^k-1||_inf = 0.00000004313906778639
    Local Iteration 372: ||V_upper^k - V_upper^k-1||_inf = 0.00000002897826557774, ||V_lower^k - V_lower^k-1||_inf = 0.00000004141350507494
    Local Iteration 373: ||V_upper^k - V_upper^k-1||_inf = 0.00000002781913495463, ||V_lower^k - V_lower^k-1||_inf = 0.00000003975696487194
    Local Iteration 374: ||V_upper^k - V_upper^k-1||_inf = 0.00000002670636955645, ||V_lower^k - V_lower^k-1||_inf = 0.00000003816668627706
    Local Iteration 375: ||V_upper^k - V_upper^k-1||_inf = 0.00000002563811477419, ||V_lower^k - V_lower^k-1||_inf = 0.00000003664001882598
    Local Iteration 376: ||V_upper^k - V_upper^k-1||_inf = 0.00000002461259018322, ||V_lower^k - V_lower^k-1||_inf = 0.00000003517441807294
    Local Iteration 377: ||V_upper^k - V_upper^k-1||_inf = 0.00000002362808657589, ||V_lower^k - V_lower^k-1||_inf = 0.00000003376744135002
    Local Iteration 378: ||V_upper^k - V_upper^k-1||_inf = 0.00000002268296311286, ||V_lower^k - V_lower^k-1||_inf = 0.00000003241674369602
    Local Iteration 379: ||V_upper^k - V_upper^k-1||_inf = 0.00000002177564458834, ||V_lower^k - V_lower^k-1||_inf = 0.00000003112007394818
    Local Iteration 380: ||V_upper^k - V_upper^k-1||_inf = 0.00000002090461880481, ||V_lower^k - V_lower^k-1||_inf = 0.00000002987527099025
    Local Iteration 381: ||V_upper^k - V_upper^k-1||_inf = 0.00000002006843405262, ||V_lower^k - V_lower^k-1||_inf = 0.00000002868026015064
    Local Iteration 382: ||V_upper^k - V_upper^k-1||_inf = 0.00000001926569669051, ||V_lower^k - V_lower^k-1||_inf = 0.00000002753304974462
    Local Iteration 383: ||V_upper^k - V_upper^k-1||_inf = 0.00000001849506882289, ||V_lower^k - V_lower^k-1||_inf = 0.00000002643172775483
    Local Iteration 384: ||V_upper^k - V_upper^k-1||_inf = 0.00000001775526606998, ||V_lower^k - V_lower^k-1||_inf = 0.00000002537445864464
    Local Iteration 385: ||V_upper^k - V_upper^k-1||_inf = 0.00000001704505542718, ||V_lower^k - V_lower^k-1||_inf = 0.00000002435948029885
    Local Iteration 386: ||V_upper^k - V_upper^k-1||_inf = 0.00000001636325321009, ||V_lower^k - V_lower^k-1||_inf = 0.00000002338510108690
    Local Iteration 387: ||V_upper^k - V_upper^k-1||_inf = 0.00000001570872308169, ||V_lower^k - V_lower^k-1||_inf = 0.00000002244969704342
    Local Iteration 388: ||V_upper^k - V_upper^k-1||_inf = 0.00000001508037415842, ||V_lower^k - V_lower^k-1||_inf = 0.00000002155170916169
    Local Iteration 389: ||V_upper^k - V_upper^k-1||_inf = 0.00000001447715919208, ||V_lower^k - V_lower^k-1||_inf = 0.00000002068964079522
    Local Iteration 390: ||V_upper^k - V_upper^k-1||_inf = 0.00000001389807282440, ||V_lower^k - V_lower^k-1||_inf = 0.00000001986205516341
    Local Iteration 391: ||V_upper^k - V_upper^k-1||_inf = 0.00000001334214991142, ||V_lower^k - V_lower^k-1||_inf = 0.00000001906757295687
    Local Iteration 392: ||V_upper^k - V_upper^k-1||_inf = 0.00000001280846391497, ||V_lower^k - V_lower^k-1||_inf = 0.00000001830487003860
    Local Iteration 393: ||V_upper^k - V_upper^k-1||_inf = 0.00000001229612535837, ||V_lower^k - V_lower^k-1||_inf = 0.00000001757267523706
    Local Iteration 394: ||V_upper^k - V_upper^k-1||_inf = 0.00000001180428034403, ||V_lower^k - V_lower^k-1||_inf = 0.00000001686976822757
    Local Iteration 395: ||V_upper^k - V_upper^k-1||_inf = 0.00000001133210913027, ||V_lower^k - V_lower^k-1||_inf = 0.00000001619497749847
    Local Iteration 396: ||V_upper^k - V_upper^k-1||_inf = 0.00000001087882476506, ||V_lower^k - V_lower^k-1||_inf = 0.00000001554717839853
    Local Iteration 397: ||V_upper^k - V_upper^k-1||_inf = 0.00000001044367177446, ||V_lower^k - V_lower^k-1||_inf = 0.00000001492529126259
    Local Iteration 398: ||V_upper^k - V_upper^k-1||_inf = 0.00000001002592490348, ||V_lower^k - V_lower^k-1||_inf = 0.00000001432827961209
    Local Iteration 399: ||V_upper^k - V_upper^k-1||_inf = 0.00000000962488790734, ||V_lower^k - V_lower^k-1||_inf = 0.00000001375514842760
    Local Iteration 400: ||V_upper^k - V_upper^k-1||_inf = 0.00000000923989239105, ||V_lower^k - V_lower^k-1||_inf = 0.00000001320494249050
    Local Iteration 401: ||V_upper^k - V_upper^k-1||_inf = 0.00000000887029669541, ||V_lower^k - V_lower^k-1||_inf = 0.00000001267674479088
    Local Iteration 402: ||V_upper^k - V_upper^k-1||_inf = 0.00000000851548482759, ||V_lower^k - V_lower^k-1||_inf = 0.00000001216967499924
    Local Iteration 403: ||V_upper^k - V_upper^k-1||_inf = 0.00000000817486543449, ||V_lower^k - V_lower^k-1||_inf = 0.00000001168288799927
    Local Iteration 404: ||V_upper^k - V_upper^k-1||_inf = 0.00000000784787081711, ||V_lower^k - V_lower^k-1||_inf = 0.00000001121557247930
    Local Iteration 405: ||V_upper^k - V_upper^k-1||_inf = 0.00000000753395598442, ||V_lower^k - V_lower^k-1||_inf = 0.00000001076694958013
    Local Iteration 406: ||V_upper^k - V_upper^k-1||_inf = 0.00000000723259774505, ||V_lower^k - V_lower^k-1||_inf = 0.00000001033627159693
    Local Iteration 407: ||V_upper^k - V_upper^k-1||_inf = 0.00000000694329383524, ||V_lower^k - V_lower^k-1||_inf = 0.00000000992282073305

==================================================
 LOCAL CONVERGENCE ACHIEVED
==================================================
  ||V_upper^k - V_upper^k-1||_inf = 6.94329383524342864606e-09 < tolerance = 1e-08
  ||V_lower^k - V_lower^k-1||_inf = 9.92282073304905805977e-09 < tolerance = 1e-08
  Converged in 407 iterations
  V_lower increased from min(l_lower, r_lower); smallest step 0.000e+00
    Local VI completed in 407 iterations
    Final convergence values:
      ||V_upper^final - V_upper^prev||_inf = 6.94329384e-09
      ||V_lower^final - V_lower^prev||_inf = 9.92282073e-09
  Local VI completed in 407 iterations, time: 1.028s
    Final ||V_upper^k - V_upper^k-1||_inf = 6.94329383524342864606e-09
    Final ||V_lower^k - V_lower^k-1||_inf = 9.92282073304905805977e-09
  Saved visualization: /Users/i.k.tabbara/Documents/python directory/HSCC_2027/refactored_Implementations/results_hscc_2027_modified_init/ra_discount/van_der_pol_res40_eps0.001_dmin1e-08_dmax1e-08_gamma0.96_dt0.01_tau0.01_std/value_function_phase_10_complete.png
  Phase 10 completed in 1.43s with 1316861 leaf cells

Classification after phase 10:
  Safe:            89407 cells (  6.8%),   11.0% of state space
  Unsafe:          99716 cells (  7.6%),   20.2% of state space
  Unclassified:  1127738 cells ( 85.6%),   68.8% of state space

======================================================================
REFINEMENT PHASE 11
======================================================================
Boundary cells: 1127738
  Refinable (>eta_min=0.000354): 1127738
  Below threshold: 0
  Cumulative refined: 1315261
  Refinable cell size statistics:
    Max:    0.004531
    Mean:   0.004531
    Min:    0.004531
    Median: 0.004531
  Refining 1127738 cells...
    Refined: 1127738 parent cells
    Created: 2255476 child cells
    Total cells: 2444599
    Refinement time: 0.081s
    Cumulative refined: 2442999
  Rebuilding spatial index...
  Building spatial index for 2444599 cells...
   Spatial index built in 0.46s
    Spatial index rebuilt in 0.455s
  Initializing 2255476 new cells...
  Initializing 2255476 new cells in parallel...
   Initialized in 0.00s (484848719.4 cells/s)
    Initialization completed in 0.005s
  Starting local value iteration...
  Reinitializing ALL 2444599 cells (V_lower = min(l, r), V_upper = l)
   Reinitialized 2444599 cells in 0.01s (436779274.1 cells/s)
  Local VI: updating all 2444599 cells
    Conservative mode: False
    Convergence tolerance: 1e-08
    Max iterations: 20000
    Updating successor cache for 2255476 updated cells...
    Updating successor cache for 2255476 new cells (HYBRID)...
      Affected cells: 2256833
   Trajectories + spatial queries computed in 0.21s (10667301.6 tasks/s)
    Breakdown: 36.2% ODE, 63.8% queries
     Cache updated in 0.28s (8084728.1 tasks/s)
    Local Iteration   1: ||V_upper^k - V_upper^k-1||_inf = 4.08968913564991254361, ||V_lower^k - V_lower^k-1||_inf = 3.99484477945168681146
    Local Iteration   2: ||V_upper^k - V_upper^k-1||_inf = 3.80896525035328537001, ||V_lower^k - V_lower^k-1||_inf = 3.71362286890487425239
    Local Iteration   3: ||V_upper^k - V_upper^k-1||_inf = 3.55917803769511831291, ||V_lower^k - V_lower^k-1||_inf = 3.48878040110247589212
    Local Iteration   4: ||V_upper^k - V_upper^k-1||_inf = 3.32577992813652123516, ||V_lower^k - V_lower^k-1||_inf = 3.25776127393884529226
    Local Iteration   5: ||V_upper^k - V_upper^k-1||_inf = 3.11842335679553039895, ||V_lower^k - V_lower^k-1||_inf = 3.07007722666910876086
    Local Iteration   6: ||V_upper^k - V_upper^k-1||_inf = 2.93417459038568972929, ||V_lower^k - V_lower^k-1||_inf = 2.87882320325655438609
    Local Iteration   7: ||V_upper^k - V_upper^k-1||_inf = 2.75213777916642898802, ||V_lower^k - V_lower^k-1||_inf = 2.71505301479622573879
    Local Iteration   8: ||V_upper^k - V_upper^k-1||_inf = 2.59058560169354556990, ||V_lower^k - V_lower^k-1||_inf = 2.57861667739507582908
    Local Iteration   9: ||V_upper^k - V_upper^k-1||_inf = 2.43208842647777778723, ||V_lower^k - V_lower^k-1||_inf = 2.40712110829653047617
    Local Iteration  10: ||V_upper^k - V_upper^k-1||_inf = 2.26511739080180340977, ||V_lower^k - V_lower^k-1||_inf = 2.26670430587138804768
    Local Iteration  11: ||V_upper^k - V_upper^k-1||_inf = 2.16830372794371140088, ||V_lower^k - V_lower^k-1||_inf = 2.12223399332541928786
    Local Iteration  12: ||V_upper^k - V_upper^k-1||_inf = 2.08157157882596255405, ||V_lower^k - V_lower^k-1||_inf = 1.98562860396246154693
    Local Iteration  13: ||V_upper^k - V_upper^k-1||_inf = 1.99830871567292400748, ||V_lower^k - V_lower^k-1||_inf = 1.85809246218690082841
    Local Iteration  14: ||V_upper^k - V_upper^k-1||_inf = 1.91837636704600700277, ||V_lower^k - V_lower^k-1||_inf = 1.77911241472572445588
    Local Iteration  15: ||V_upper^k - V_upper^k-1||_inf = 1.84164131236416661608, ||V_lower^k - V_lower^k-1||_inf = 1.68963053836084542425
    Local Iteration  16: ||V_upper^k - V_upper^k-1||_inf = 1.76797565986959970274, ||V_lower^k - V_lower^k-1||_inf = 1.59879956245528331849
    Local Iteration  17: ||V_upper^k - V_upper^k-1||_inf = 1.69725663347481581233, ||V_lower^k - V_lower^k-1||_inf = 1.53269132444617994793
    Local Iteration  18: ||V_upper^k - V_upper^k-1||_inf = 1.62936636813582302885, ||V_lower^k - V_lower^k-1||_inf = 1.47036130992303060161
    Local Iteration  19: ||V_upper^k - V_upper^k-1||_inf = 1.56419171341038998335, ||V_lower^k - V_lower^k-1||_inf = 1.40770214279293348625
    Local Iteration  20: ||V_upper^k - V_upper^k-1||_inf = 1.50162404487397438402, ||V_lower^k - V_lower^k-1||_inf = 1.31759339650138196376
    Local Iteration  21: ||V_upper^k - V_upper^k-1||_inf = 1.44155908307901525767, ||V_lower^k - V_lower^k-1||_inf = 1.23373650833471160126
    Local Iteration  22: ||V_upper^k - V_upper^k-1||_inf = 1.38389671975585470953, ||V_lower^k - V_lower^k-1||_inf = 1.15516658503238911493
    Local Iteration  23: ||V_upper^k - V_upper^k-1||_inf = 1.32854085096562046786, ||V_lower^k - V_lower^k-1||_inf = 1.09772880998145949683
    Local Iteration  24: ||V_upper^k - V_upper^k-1||_inf = 1.27539921692699564915, ||V_lower^k - V_lower^k-1||_inf = 1.05336817882696953674
    Local Iteration  25: ||V_upper^k - V_upper^k-1||_inf = 1.22438324824991573436, ||V_lower^k - V_lower^k-1||_inf = 0.98864651917968626726
    Local Iteration  26: ||V_upper^k - V_upper^k-1||_inf = 1.17540791831991908722, ||V_lower^k - V_lower^k-1||_inf = 0.92692980873911556827
    Local Iteration  27: ||V_upper^k - V_upper^k-1||_inf = 1.12839160158712226156, ||V_lower^k - V_lower^k-1||_inf = 0.86514514181972002049
    Local Iteration  28: ||V_upper^k - V_upper^k-1||_inf = 1.08197402211611137801, ||V_lower^k - V_lower^k-1||_inf = 0.69607175229219730994
    Local Iteration  29: ||V_upper^k - V_upper^k-1||_inf = 1.03869506123146670973, ||V_lower^k - V_lower^k-1||_inf = 0.66468214634099043181
    Local Iteration  30: ||V_upper^k - V_upper^k-1||_inf = 0.99714725878220811239, ||V_lower^k - V_lower^k-1||_inf = 0.62231559349758414079
    Local Iteration  31: ||V_upper^k - V_upper^k-1||_inf = 0.95726136843091980122, ||V_lower^k - V_lower^k-1||_inf = 0.59742296975768094391
    Local Iteration  32: ||V_upper^k - V_upper^k-1||_inf = 0.91897091369368300029, ||V_lower^k - V_lower^k-1||_inf = 0.57038812606996625032
    Local Iteration  33: ||V_upper^k - V_upper^k-1||_inf = 0.88221207714593563587, ||V_lower^k - V_lower^k-1||_inf = 0.53290491157350250440
    Local Iteration  34: ||V_upper^k - V_upper^k-1||_inf = 0.84692359406009820599, ||V_lower^k - V_lower^k-1||_inf = 0.51158871511056247527
    Local Iteration  35: ||V_upper^k - V_upper^k-1||_inf = 0.81304665029769429552, ||V_lower^k - V_lower^k-1||_inf = 0.47415227304517065798
    Local Iteration  36: ||V_upper^k - V_upper^k-1||_inf = 0.78052478428578653258, ||V_lower^k - V_lower^k-1||_inf = 0.45518618212336381390
    Local Iteration  37: ||V_upper^k - V_upper^k-1||_inf = 0.74930379291435489364, ||V_lower^k - V_lower^k-1||_inf = 0.42068475711589881083
    Local Iteration  38: ||V_upper^k - V_upper^k-1||_inf = 0.71933164119778070233, ||V_lower^k - V_lower^k-1||_inf = 0.38756338910873233683
    Local Iteration  39: ||V_upper^k - V_upper^k-1||_inf = 0.69055837554986942983, ||V_lower^k - V_lower^k-1||_inf = 0.37206085354438300783
    Local Iteration  40: ||V_upper^k - V_upper^k-1||_inf = 0.66293604052787458158, ||V_lower^k - V_lower^k-1||_inf = 0.35608461133954760758
    Local Iteration  41: ||V_upper^k - V_upper^k-1||_inf = 0.63641859890675966938, ||V_lower^k - V_lower^k-1||_inf = 0.32787475275741917446
    Local Iteration  42: ||V_upper^k - V_upper^k-1||_inf = 0.61096185495048915826, ||V_lower^k - V_lower^k-1||_inf = 0.31475976264712235420
    Local Iteration  43: ||V_upper^k - V_upper^k-1||_inf = 0.58652338075246956972, ||V_lower^k - V_lower^k-1||_inf = 0.30120164077075800568
    Local Iteration  44: ||V_upper^k - V_upper^k-1||_inf = 0.56306244552237083578, ||V_lower^k - V_lower^k-1||_inf = 0.27624336332824001028
    Local Iteration  45: ||V_upper^k - V_upper^k-1||_inf = 0.54053994770147595350, ||V_lower^k - V_lower^k-1||_inf = 0.26519362879511043651
    Local Iteration  46: ||V_upper^k - V_upper^k-1||_inf = 0.51891834979341688872, ||V_lower^k - V_lower^k-1||_inf = 0.25372969686151342072
    Local Iteration  47: ||V_upper^k - V_upper^k-1||_inf = 0.49816161580168016876, ||V_lower^k - V_lower^k-1||_inf = 0.23164821031012988728
    Local Iteration  48: ||V_upper^k - V_upper^k-1||_inf = 0.47823515116961301530, ||V_lower^k - V_lower^k-1||_inf = 0.22238228189772468735
    Local Iteration  49: ||V_upper^k - V_upper^k-1||_inf = 0.45910574512282842363, ||V_lower^k - V_lower^k-1||_inf = 0.21348699062181569763
    Local Iteration  50: ||V_upper^k - V_upper^k-1||_inf = 0.44074151531791527781, ||V_lower^k - V_lower^k-1||_inf = 0.20494751099694308305
    Local Iteration  51: ||V_upper^k - V_upper^k-1||_inf = 0.42311185470519863117, ||V_lower^k - V_lower^k-1||_inf = 0.18546547705700627828
    Local Iteration  52: ||V_upper^k - V_upper^k-1||_inf = 0.40550150968385512140, ||V_lower^k - V_lower^k-1||_inf = 0.17632560608270858582
    Local Iteration  53: ||V_upper^k - V_upper^k-1||_inf = 0.38928144929650088102, ||V_lower^k - V_lower^k-1||_inf = 0.16927258183940024905
    Local Iteration  54: ||V_upper^k - V_upper^k-1||_inf = 0.37371019132464083912, ||V_lower^k - V_lower^k-1||_inf = 0.15210222113216975703
    Local Iteration  55: ||V_upper^k - V_upper^k-1||_inf = 0.35773927059038485021, ||V_lower^k - V_lower^k-1||_inf = 0.14259622955416043077
    Local Iteration  56: ||V_upper^k - V_upper^k-1||_inf = 0.34342969976676945842, ||V_lower^k - V_lower^k-1||_inf = 0.12690890123568573933
    Local Iteration  57: ||V_upper^k - V_upper^k-1||_inf = 0.32969251177609865122, ||V_lower^k - V_lower^k-1||_inf = 0.12183254518625830087
    Local Iteration  58: ||V_upper^k - V_upper^k-1||_inf = 0.31650481130505470073, ||V_lower^k - V_lower^k-1||_inf = 0.11695924337880797550
    Local Iteration  59: ||V_upper^k - V_upper^k-1||_inf = 0.30384461885285246607, ||V_lower^k - V_lower^k-1||_inf = 0.10308009927163391817
    Local Iteration  60: ||V_upper^k - V_upper^k-1||_inf = 0.29169083409873836077, ||V_lower^k - V_lower^k-1||_inf = 0.09895689530076856588
    Local Iteration  61: ||V_upper^k - V_upper^k-1||_inf = 0.28002320073478881302, ||V_lower^k - V_lower^k-1||_inf = 0.09499861948873783435
    Local Iteration  62: ||V_upper^k - V_upper^k-1||_inf = 0.26882227270539726938, ||V_lower^k - V_lower^k-1||_inf = 0.08271924104793310084
    Local Iteration  63: ||V_upper^k - V_upper^k-1||_inf = 0.25713502262487186734, ||V_lower^k - V_lower^k-1||_inf = 0.07682475662227830626
    Local Iteration  64: ||V_upper^k - V_upper^k-1||_inf = 0.24684962171987695490, ||V_lower^k - V_lower^k-1||_inf = 0.07375176635738717179
    Local Iteration  65: ||V_upper^k - V_upper^k-1||_inf = 0.23697563685108186116, ||V_lower^k - V_lower^k-1||_inf = 0.06298704964087886715
    Local Iteration  66: ||V_upper^k - V_upper^k-1||_inf = 0.22749661137703858227, ||V_lower^k - V_lower^k-1||_inf = 0.06046756765524372024
    Local Iteration  67: ||V_upper^k - V_upper^k-1||_inf = 0.21839674692195701344, ||V_lower^k - V_lower^k-1||_inf = 0.05804886494903396810
    Local Iteration  68: ||V_upper^k - V_upper^k-1||_inf = 0.20966087704507874179, ||V_lower^k - V_lower^k-1||_inf = 0.04852493254013728885
    Local Iteration  69: ||V_upper^k - V_upper^k-1||_inf = 0.20127444196327556880, ||V_lower^k - V_lower^k-1||_inf = 0.03938195742759648121
    Local Iteration  70: ||V_upper^k - V_upper^k-1||_inf = 0.19322346428474454494, ||V_lower^k - V_lower^k-1||_inf = 0.03780667913049262641
    Local Iteration  71: ||V_upper^k - V_upper^k-1||_inf = 0.18549452571335472983, ||V_lower^k - V_lower^k-1||_inf = 0.02938051326677501573
    Local Iteration  72: ||V_upper^k - V_upper^k-1||_inf = 0.17807474468482054064, ||V_lower^k - V_lower^k-1||_inf = 0.02820529273610400400
    Local Iteration  73: ||V_upper^k - V_upper^k-1||_inf = 0.17095175489742769903, ||V_lower^k - V_lower^k-1||_inf = 0.02707708102665984384
    Local Iteration  74: ||V_upper^k - V_upper^k-1||_inf = 0.16411368470153059329, ||V_lower^k - V_lower^k-1||_inf = 0.01962214874505777140
    Local Iteration  75: ||V_upper^k - V_upper^k-1||_inf = 0.15754913731346936734, ||V_lower^k - V_lower^k-1||_inf = 0.01246541375471979518
    Local Iteration  76: ||V_upper^k - V_upper^k-1||_inf = 0.15124717182093058709, ||V_lower^k - V_lower^k-1||_inf = 0.01196679720453100448
    Local Iteration  77: ||V_upper^k - V_upper^k-1||_inf = 0.14519728494809336361, ||V_lower^k - V_lower^k-1||_inf = 0.01148812531634976764
    Local Iteration  78: ||V_upper^k - V_upper^k-1||_inf = 0.13938939355016960464, ||V_lower^k - V_lower^k-1||_inf = 0.00858143179957879254
    Local Iteration  79: ||V_upper^k - V_upper^k-1||_inf = 0.13381381780816281601, ||V_lower^k - V_lower^k-1||_inf = 0.00822385336659389732
    Local Iteration  80: ||V_upper^k - V_upper^k-1||_inf = 0.12846126509583633002, ||V_lower^k - V_lower^k-1||_inf = 0.00789489923193015253
    Local Iteration  81: ||V_upper^k - V_upper^k-1||_inf = 0.12332281449200285794, ||V_lower^k - V_lower^k-1||_inf = 0.00729248551104780263
    Local Iteration  82: ||V_upper^k - V_upper^k-1||_inf = 0.11838990191232273697, ||V_lower^k - V_lower^k-1||_inf = 0.00700078609060589274
    Local Iteration  83: ||V_upper^k - V_upper^k-1||_inf = 0.11365430583582983304, ||V_lower^k - V_lower^k-1||_inf = 0.00645476426769921174
    Local Iteration  84: ||V_upper^k - V_upper^k-1||_inf = 0.10910813360239662861, ||V_lower^k - V_lower^k-1||_inf = 0.00619657369699125327
    Local Iteration  85: ||V_upper^k - V_upper^k-1||_inf = 0.10474380825830074959, ||V_lower^k - V_lower^k-1||_inf = 0.00594871074911160203
    Local Iteration  86: ||V_upper^k - V_upper^k-1||_inf = 0.10055405592796873293, ||V_lower^k - V_lower^k-1||_inf = 0.00571076231914713350
    Local Iteration  87: ||V_upper^k - V_upper^k-1||_inf = 0.09653189369084996807, ||V_lower^k - V_lower^k-1||_inf = 0.00548233182638124816
    Local Iteration  88: ||V_upper^k - V_upper^k-1||_inf = 0.09267061794321597434, ||V_lower^k - V_lower^k-1||_inf = 0.00482480891438988313
    Local Iteration  89: ||V_upper^k - V_upper^k-1||_inf = 0.08896379322548733648, ||V_lower^k - V_lower^k-1||_inf = 0.00453993256238734155
    Local Iteration  90: ||V_upper^k - V_upper^k-1||_inf = 0.08540524149646783192, ||V_lower^k - V_lower^k-1||_inf = 0.00435833525989184900
    Local Iteration  91: ||V_upper^k - V_upper^k-1||_inf = 0.08198903183660913307, ||V_lower^k - V_lower^k-1||_inf = 0.00418400184949617449
    Local Iteration  92: ||V_upper^k - V_upper^k-1||_inf = 0.07870947056314475665, ||V_lower^k - V_lower^k-1||_inf = 0.00401664177551633306
    Local Iteration  93: ||V_upper^k - V_upper^k-1||_inf = 0.07556109174061896583, ||V_lower^k - V_lower^k-1||_inf = 0.00385597610449567307
    Local Iteration  94: ||V_upper^k - V_upper^k-1||_inf = 0.07253864807099420775, ||V_lower^k - V_lower^k-1||_inf = 0.00370173706031584615
    Local Iteration  95: ||V_upper^k - V_upper^k-1||_inf = 0.06963710214815443944, ||V_lower^k - V_lower^k-1||_inf = 0.00355366757790322174
    Local Iteration  96: ||V_upper^k - V_upper^k-1||_inf = 0.06685161806222825187, ||V_lower^k - V_lower^k-1||_inf = 0.00341152087478709121
    Local Iteration  97: ||V_upper^k - V_upper^k-1||_inf = 0.06417755333973912402, ||V_lower^k - V_lower^k-1||_inf = 0.00327506003979560756
    Local Iteration  98: ||V_upper^k - V_upper^k-1||_inf = 0.06161045120614955239, ||V_lower^k - V_lower^k-1||_inf = 0.00314405763820377326
    Local Iteration  99: ||V_upper^k - V_upper^k-1||_inf = 0.05914603315790356586, ||V_lower^k - V_lower^k-1||_inf = 0.00301829533267562733
    Local Iteration 100: ||V_upper^k - V_upper^k-1||_inf = 0.05678019183158741767, ||V_lower^k - V_lower^k-1||_inf = 0.00289756351936860945
    Local Iteration 101: ||V_upper^k - V_upper^k-1||_inf = 0.05450898415832391986, ||V_lower^k - V_lower^k-1||_inf = 0.00278166097859386396
    Local Iteration 102: ||V_upper^k - V_upper^k-1||_inf = 0.05232862479199096306, ||V_lower^k - V_lower^k-1||_inf = 0.00267039453945010219
    Local Iteration 103: ||V_upper^k - V_upper^k-1||_inf = 0.05023547980031131677, ||V_lower^k - V_lower^k-1||_inf = 0.00256357875787210227
    Local Iteration 104: ||V_upper^k - V_upper^k-1||_inf = 0.04822606060829886382, ||V_lower^k - V_lower^k-1||_inf = 0.00246103560755721318
    Local Iteration 105: ||V_upper^k - V_upper^k-1||_inf = 0.04629701818396690649, ||V_lower^k - V_lower^k-1||_inf = 0.00236259418325492770
    Local Iteration 106: ||V_upper^k - V_upper^k-1||_inf = 0.04444513745660823301, ||V_lower^k - V_lower^k-1||_inf = 0.00226809041592473254
    Local Iteration 107: ||V_upper^k - V_upper^k-1||_inf = 0.04266733195834390008, ||V_lower^k - V_lower^k-1||_inf = 0.00217736679928774018
    Local Iteration 108: ||V_upper^k - V_upper^k-1||_inf = 0.04096063868001013908, ||V_lower^k - V_lower^k-1||_inf = 0.00209027212731623113
    Local Iteration 109: ||V_upper^k - V_upper^k-1||_inf = 0.03932221313280973019, ||V_lower^k - V_lower^k-1||_inf = 0.00200666124222358133
    Local Iteration 110: ||V_upper^k - V_upper^k-1||_inf = 0.03774932460749734486, ||V_lower^k - V_lower^k-1||_inf = 0.00192639479253464002
    Local Iteration 111: ||V_upper^k - V_upper^k-1||_inf = 0.03623935162319744802, ||V_lower^k - V_lower^k-1||_inf = 0.00184933900083325553
    Local Iteration 112: ||V_upper^k - V_upper^k-1||_inf = 0.03478977755826954954, ||V_lower^k - V_lower^k-1||_inf = 0.00177536544079992531
    Local Iteration 113: ||V_upper^k - V_upper^k-1||_inf = 0.03339818645593876922, ||V_lower^k - V_lower^k-1||_inf = 0.00170435082316792302
    Local Iteration 114: ||V_upper^k - V_upper^k-1||_inf = 0.03206225899770120957, ||V_lower^k - V_lower^k-1||_inf = 0.00163617679024120888
    Local Iteration 115: ||V_upper^k - V_upper^k-1||_inf = 0.03077976863779316452, ||V_lower^k - V_lower^k-1||_inf = 0.00157072971863155691
    Local Iteration 116: ||V_upper^k - V_upper^k-1||_inf = 0.02954857789228143572, ||V_lower^k - V_lower^k-1||_inf = 0.00150790052988630102
    Local Iteration 117: ||V_upper^k - V_upper^k-1||_inf = 0.02836663477659017579, ||V_lower^k - V_lower^k-1||_inf = 0.00144758450869084815
    Local Iteration 118: ||V_upper^k - V_upper^k-1||_inf = 0.02723196938552656376, ||V_lower^k - V_lower^k-1||_inf = 0.00138968112834321478
    Local Iteration 119: ||V_upper^k - V_upper^k-1||_inf = 0.02614269061010550399, ||V_lower^k - V_lower^k-1||_inf = 0.00133409388320948619
    Local Iteration 120: ||V_upper^k - V_upper^k-1||_inf = 0.02509698298570128133, ||V_lower^k - V_lower^k-1||_inf = 0.00128073012788110230
    Local Iteration 121: ||V_upper^k - V_upper^k-1||_inf = 0.02409310366627322869, ||V_lower^k - V_lower^k-1||_inf = 0.00122950092276585821
    Local Iteration 122: ||V_upper^k - V_upper^k-1||_inf = 0.02312937951962229857, ||V_lower^k - V_lower^k-1||_inf = 0.00118032088585522457
    Local Iteration 123: ||V_upper^k - V_upper^k-1||_inf = 0.02220420433883740774, ||V_lower^k - V_lower^k-1||_inf = 0.00113310805042101531
    Local Iteration 124: ||V_upper^k - V_upper^k-1||_inf = 0.02131603616528390810, ||V_lower^k - V_lower^k-1||_inf = 0.00108778372840417567
    Local Iteration 125: ||V_upper^k - V_upper^k-1||_inf = 0.02046339471867255483, ||V_lower^k - V_lower^k-1||_inf = 0.00104427237926800823
    Local Iteration 126: ||V_upper^k - V_upper^k-1||_inf = 0.01964485892992565153, ||V_lower^k - V_lower^k-1||_inf = 0.00100250148409728942
    Local Iteration 127: ||V_upper^k - V_upper^k-1||_inf = 0.01885906457272862324, ||V_lower^k - V_lower^k-1||_inf = 0.00096240142473339590
    Local Iteration 128: ||V_upper^k - V_upper^k-1||_inf = 0.01810470198981947720, ||V_lower^k - V_lower^k-1||_inf = 0.00092390536774406007
    Local Iteration 129: ||V_upper^k - V_upper^k-1||_inf = 0.01738051391022669631, ||V_lower^k - V_lower^k-1||_inf = 0.00088694915303429850
    Local Iteration 130: ||V_upper^k - V_upper^k-1||_inf = 0.01668529335381762832, ||V_lower^k - V_lower^k-1||_inf = 0.00085147118691292559
    Local Iteration 131: ||V_upper^k - V_upper^k-1||_inf = 0.01601788161966492471, ||V_lower^k - V_lower^k-1||_inf = 0.00081741233943640954
    Local Iteration 132: ||V_upper^k - V_upper^k-1||_inf = 0.01537716635487832578, ||V_lower^k - V_lower^k-1||_inf = 0.00078471584585895413
    Local Iteration 133: ||V_upper^k - V_upper^k-1||_inf = 0.01476207970068319289, ||V_lower^k - V_lower^k-1||_inf = 0.00075332721202459388
    Local Iteration 134: ||V_upper^k - V_upper^k-1||_inf = 0.01417159651265586379, ||V_lower^k - V_lower^k-1||_inf = 0.00072319412354360929
    Local Iteration 135: ||V_upper^k - V_upper^k-1||_inf = 0.01360473265214962729, ||V_lower^k - V_lower^k-1||_inf = 0.00069426635860186589
    Local Iteration 136: ||V_upper^k - V_upper^k-1||_inf = 0.01306054334606364387, ||V_lower^k - V_lower^k-1||_inf = 0.00066649570425779056
    Local Iteration 137: ||V_upper^k - V_upper^k-1||_inf = 0.01253812161222109776, ||V_lower^k - V_lower^k-1||_inf = 0.00063983587608748040
    Local Iteration 138: ||V_upper^k - V_upper^k-1||_inf = 0.01198150534287465568, ||V_lower^k - V_lower^k-1||_inf = 0.00061424244104398007
    Local Iteration 139: ||V_upper^k - V_upper^k-1||_inf = 0.00039280107828686302, ||V_lower^k - V_lower^k-1||_inf = 0.00058967274340222114
    Local Iteration 140: ||V_upper^k - V_upper^k-1||_inf = 0.00037708903515538874, ||V_lower^k - V_lower^k-1||_inf = 0.00056608583366613355
    Local Iteration 141: ||V_upper^k - V_upper^k-1||_inf = 0.00036200547374917302, ||V_lower^k - V_lower^k-1||_inf = 0.00054344240031948751
    Local Iteration 142: ||V_upper^k - V_upper^k-1||_inf = 0.00034752525479920561, ||V_lower^k - V_lower^k-1||_inf = 0.00052170470430670801
    Local Iteration 143: ||V_upper^k - V_upper^k-1||_inf = 0.00033362424460723662, ||V_lower^k - V_lower^k-1||_inf = 0.00050083651613444004
    Local Iteration 144: ||V_upper^k - V_upper^k-1||_inf = 0.00032027927482294709, ||V_lower^k - V_lower^k-1||_inf = 0.00048080305548906140
    Local Iteration 145: ||V_upper^k - V_upper^k-1||_inf = 0.00030746810383002962, ||V_lower^k - V_lower^k-1||_inf = 0.00046157093326949956
    Local Iteration 146: ||V_upper^k - V_upper^k-1||_inf = 0.00029516937967682781, ||V_lower^k - V_lower^k-1||_inf = 0.00044310809593871986
    Local Iteration 147: ||V_upper^k - V_upper^k-1||_inf = 0.00028336260448975480, ||V_lower^k - V_lower^k-1||_inf = 0.00042538377210117086
    Local Iteration 148: ||V_upper^k - V_upper^k-1||_inf = 0.00027202810031016437, ||V_lower^k - V_lower^k-1||_inf = 0.00040836842121712291
    Local Iteration 149: ||V_upper^k - V_upper^k-1||_inf = 0.00026114697629775821, ||V_lower^k - V_lower^k-1||_inf = 0.00039203368436843862
    Local Iteration 150: ||V_upper^k - V_upper^k-1||_inf = 0.00025070109724584753, ||V_lower^k - V_lower^k-1||_inf = 0.00037635233699370198
    Local Iteration 151: ||V_upper^k - V_upper^k-1||_inf = 0.00024067305335601346, ||V_lower^k - V_lower^k-1||_inf = 0.00036129824351395327
    Local Iteration 152: ||V_upper^k - V_upper^k-1||_inf = 0.00023104613122177341, ||V_lower^k - V_lower^k-1||_inf = 0.00034684631377339577
    Local Iteration 153: ||V_upper^k - V_upper^k-1||_inf = 0.00022180428597290240, ||V_lower^k - V_lower^k-1||_inf = 0.00033297246122245862
    Local Iteration 154: ||V_upper^k - V_upper^k-1||_inf = 0.00021293211453398634, ||V_lower^k - V_lower^k-1||_inf = 0.00031965356277356086
    Local Iteration 155: ||V_upper^k - V_upper^k-1||_inf = 0.00020441482995262657, ||V_lower^k - V_lower^k-1||_inf = 0.00030686742026261871
    Local Iteration 156: ||V_upper^k - V_upper^k-1||_inf = 0.00019623823675452186, ||V_lower^k - V_lower^k-1||_inf = 0.00029459272345211396
    Local Iteration 157: ||V_upper^k - V_upper^k-1||_inf = 0.00018838870728434074, ||V_lower^k - V_lower^k-1||_inf = 0.00028280901451402905
    Local Iteration 158: ||V_upper^k - V_upper^k-1||_inf = 0.00018085315899296715, ||V_lower^k - V_lower^k-1||_inf = 0.00027149665393346768
    Local Iteration 159: ||V_upper^k - V_upper^k-1||_inf = 0.00017361903263324839, ||V_lower^k - V_lower^k-1||_inf = 0.00026063678777612891
    Local Iteration 160: ||V_upper^k - V_upper^k-1||_inf = 0.00016667427132791837, ||V_lower^k - V_lower^k-1||_inf = 0.00025021131626508375
    Local Iteration 161: ||V_upper^k - V_upper^k-1||_inf = 0.00016000730047480193, ||V_lower^k - V_lower^k-1||_inf = 0.00024020286361448040
    Local Iteration 162: ||V_upper^k - V_upper^k-1||_inf = 0.00015360700845580989, ||V_lower^k - V_lower^k-1||_inf = 0.00023059474906990136
    Local Iteration 163: ||V_upper^k - V_upper^k-1||_inf = 0.00014746272811757763, ||V_lower^k - V_lower^k-1||_inf = 0.00022137095910710562
    Local Iteration 164: ||V_upper^k - V_upper^k-1||_inf = 0.00014156421899287445, ||V_lower^k - V_lower^k-1||_inf = 0.00021251612074282139
    Local Iteration 165: ||V_upper^k - V_upper^k-1||_inf = 0.00013590165023315975, ||V_lower^k - V_lower^k-1||_inf = 0.00020401547591310850
    Local Iteration 166: ||V_upper^k - V_upper^k-1||_inf = 0.00013046558422383312, ||V_lower^k - V_lower^k-1||_inf = 0.00019585485687658409
    Local Iteration 167: ||V_upper^k - V_upper^k-1||_inf = 0.00012524696085487990, ||V_lower^k - V_lower^k-1||_inf = 0.00018802066260152021
    Local Iteration 168: ||V_upper^k - V_upper^k-1||_inf = 0.00012023708242068490, ||V_lower^k - V_lower^k-1||_inf = 0.00018049983609746013
    Local Iteration 169: ||V_upper^k - V_upper^k-1||_inf = 0.00011542759912385727, ||V_lower^k - V_lower^k-1||_inf = 0.00017327984265356165
    Local Iteration 170: ||V_upper^k - V_upper^k-1||_inf = 0.00011081049515890284, ||V_lower^k - V_lower^k-1||_inf = 0.00016634864894741856
    Local Iteration 171: ||V_upper^k - V_upper^k-1||_inf = 0.00010637807535254697, ||V_lower^k - V_lower^k-1||_inf = 0.00015969470298952222
    Local Iteration 172: ||V_upper^k - V_upper^k-1||_inf = 0.00010212295233844515, ||V_lower^k - V_lower^k-1||_inf = 0.00015330691486994128
    Local Iteration 173: ||V_upper^k - V_upper^k-1||_inf = 0.00009803803424490742, ||V_lower^k - V_lower^k-1||_inf = 0.00014717463827514359
    Local Iteration 174: ||V_upper^k - V_upper^k-1||_inf = 0.00009411651287511108, ||V_lower^k - V_lower^k-1||_inf = 0.00014128765274413774
    Local Iteration 175: ||V_upper^k - V_upper^k-1||_inf = 0.00009035185236010656, ||V_lower^k - V_lower^k-1||_inf = 0.00013563614663437236
    Local Iteration 176: ||V_upper^k - V_upper^k-1||_inf = 0.00008673777826570224, ||V_lower^k - V_lower^k-1||_inf = 0.00013021070076899748
    Local Iteration 177: ||V_upper^k - V_upper^k-1||_inf = 0.00008326826713507432, ||V_lower^k - V_lower^k-1||_inf = 0.00012500227273823730
    Local Iteration 178: ||V_upper^k - V_upper^k-1||_inf = 0.00007993753644967134, ||V_lower^k - V_lower^k-1||_inf = 0.00012000218182870804
    Local Iteration 179: ||V_upper^k - V_upper^k-1||_inf = 0.00007674003499168452, ||V_lower^k - V_lower^k-1||_inf = 0.00011520209455555958
    Local Iteration 180: ||V_upper^k - V_upper^k-1||_inf = 0.00007367043359201718, ||V_lower^k - V_lower^k-1||_inf = 0.00011059401077333740
    Local Iteration 181: ||V_upper^k - V_upper^k-1||_inf = 0.00007072361624833640, ||V_lower^k - V_lower^k-1||_inf = 0.00010617025034240397
    Local Iteration 182: ||V_upper^k - V_upper^k-1||_inf = 0.00006789467159840296, ||V_lower^k - V_lower^k-1||_inf = 0.00010192344032870782
    Local Iteration 183: ||V_upper^k - V_upper^k-1||_inf = 0.00006517888473446683, ||V_lower^k - V_lower^k-1||_inf = 0.00009784650271555924
    Local Iteration 184: ||V_upper^k - V_upper^k-1||_inf = 0.00006257172934508821, ||V_lower^k - V_lower^k-1||_inf = 0.00009393264260693698
    Local Iteration 185: ||V_upper^k - V_upper^k-1||_inf = 0.00006006886017128460, ||V_lower^k - V_lower^k-1||_inf = 0.00009017533690265948
    Local Iteration 186: ||V_upper^k - V_upper^k-1||_inf = 0.00005766610576443329, ||V_lower^k - V_lower^k-1||_inf = 0.00008656832342655288
    Local Iteration 187: ||V_upper^k - V_upper^k-1||_inf = 0.00005535946153385589, ||V_lower^k - V_lower^k-1||_inf = 0.00008310559048949106
    Local Iteration 188: ||V_upper^k - V_upper^k-1||_inf = 0.00005314508307250167, ||V_lower^k - V_lower^k-1||_inf = 0.00007978136686991131
    Local Iteration 189: ||V_upper^k - V_upper^k-1||_inf = 0.00005101927974960154, ||V_lower^k - V_lower^k-1||_inf = 0.00007659011219511482
    Local Iteration 190: ||V_upper^k - V_upper^k-1||_inf = 0.00004897850855961757, ||V_lower^k - V_lower^k-1||_inf = 0.00007352650770731019
    Local Iteration 191: ||V_upper^k - V_upper^k-1||_inf = 0.00004701936821723289, ||V_lower^k - V_lower^k-1||_inf = 0.00007058544739901775
    Local Iteration 192: ||V_upper^k - V_upper^k-1||_inf = 0.00004513859348854359, ||V_lower^k - V_lower^k-1||_inf = 0.00006776202950305719
    Local Iteration 193: ||V_upper^k - V_upper^k-1||_inf = 0.00004333304974900190, ||V_lower^k - V_lower^k-1||_inf = 0.00006505154832293480
    Local Iteration 194: ||V_upper^k - V_upper^k-1||_inf = 0.00004159972775904174, ||V_lower^k - V_lower^k-1||_inf = 0.00006244948639001747
    Local Iteration 195: ||V_upper^k - V_upper^k-1||_inf = 0.00003993573864868015, ||V_lower^k - V_lower^k-1||_inf = 0.00005995150693441668
    Local Iteration 196: ||V_upper^k - V_upper^k-1||_inf = 0.00003833830910273295, ||V_lower^k - V_lower^k-1||_inf = 0.00005755344665704003
    Local Iteration 197: ||V_upper^k - V_upper^k-1||_inf = 0.00003680477673862360, ||V_lower^k - V_lower^k-1||_inf = 0.00005525130879075846
    Local Iteration 198: ||V_upper^k - V_upper^k-1||_inf = 0.00003533258566907856, ||V_lower^k - V_lower^k-1||_inf = 0.00005304125643912816
    Local Iteration 199: ||V_upper^k - V_upper^k-1||_inf = 0.00003391928224231544, ||V_lower^k - V_lower^k-1||_inf = 0.00005091960618156303
    Local Iteration 200: ||V_upper^k - V_upper^k-1||_inf = 0.00003256251095262285, ||V_lower^k - V_lower^k-1||_inf = 0.00004888282193430044
    Local Iteration 201: ||V_upper^k - V_upper^k-1||_inf = 0.00003126001051451794, ||V_lower^k - V_lower^k-1||_inf = 0.00004692750905692855
    Local Iteration 202: ||V_upper^k - V_upper^k-1||_inf = 0.00003000961009393718, ||V_lower^k - V_lower^k-1||_inf = 0.00004505040869465129
    Local Iteration 203: ||V_upper^k - V_upper^k-1||_inf = 0.00002880922569017974, ||V_lower^k - V_lower^k-1||_inf = 0.00004324839234686535
    Local Iteration 204: ||V_upper^k - V_upper^k-1||_inf = 0.00002765685666257251, ||V_lower^k - V_lower^k-1||_inf = 0.00004151845665299053
    Local Iteration 205: ||V_upper^k - V_upper^k-1||_inf = 0.00002655058239606960, ||V_lower^k - V_lower^k-1||_inf = 0.00003985771838687106
    Local Iteration 206: ||V_upper^k - V_upper^k-1||_inf = 0.00002548855910022678, ||V_lower^k - V_lower^k-1||_inf = 0.00003826340965139622
    Local Iteration 207: ||V_upper^k - V_upper^k-1||_inf = 0.00002446901673621777, ||V_lower^k - V_lower^k-1||_inf = 0.00003673287326534029
    Local Iteration 208: ||V_upper^k - V_upper^k-1||_inf = 0.00002349025606676906, ||V_lower^k - V_lower^k-1||_inf = 0.00003526355833472666
    Local Iteration 209: ||V_upper^k - V_upper^k-1||_inf = 0.00002255064582409828, ||V_lower^k - V_lower^k-1||_inf = 0.00003385301600133765
    Local Iteration 210: ||V_upper^k - V_upper^k-1||_inf = 0.00002164861999113431, ||V_lower^k - V_lower^k-1||_inf = 0.00003249889536128408
    Local Iteration 211: ||V_upper^k - V_upper^k-1||_inf = 0.00002078267519148893, ||V_lower^k - V_lower^k-1||_inf = 0.00003119893954683277
    Local Iteration 212: ||V_upper^k - V_upper^k-1||_inf = 0.00001995136818382938, ||V_lower^k - V_lower^k-1||_inf = 0.00002995098196495948
    Local Iteration 213: ||V_upper^k - V_upper^k-1||_inf = 0.00001915331345647621, ||V_lower^k - V_lower^k-1||_inf = 0.00002875294268636110
    Local Iteration 214: ||V_upper^k - V_upper^k-1||_inf = 0.00001838718091821717, ||V_lower^k - V_lower^k-1||_inf = 0.00002760282497890664
    Local Iteration 215: ||V_upper^k - V_upper^k-1||_inf = 0.00001765169368148848, ||V_lower^k - V_lower^k-1||_inf = 0.00002649871197975035
    Local Iteration 216: ||V_upper^k - V_upper^k-1||_inf = 0.00001694562593422896, ||V_lower^k - V_lower^k-1||_inf = 0.00002543876350056032
    Local Iteration 217: ||V_upper^k - V_upper^k-1||_inf = 0.00001626780089685983, ||V_lower^k - V_lower^k-1||_inf = 0.00002442121296053793
    Local Iteration 218: ||V_upper^k - V_upper^k-1||_inf = 0.00001561708886098546, ||V_lower^k - V_lower^k-1||_inf = 0.00002344436444211642
    Local Iteration 219: ||V_upper^k - V_upper^k-1||_inf = 0.00001499240530654605, ||V_lower^k - V_lower^k-1||_inf = 0.00002250658986443176
    Local Iteration 220: ||V_upper^k - V_upper^k-1||_inf = 0.00001439270909428422, ||V_lower^k - V_lower^k-1||_inf = 0.00002160632626985453
    Local Iteration 221: ||V_upper^k - V_upper^k-1||_inf = 0.00001381700073051282, ||V_lower^k - V_lower^k-1||_inf = 0.00002074207321906029
    Local Iteration 222: ||V_upper^k - V_upper^k-1||_inf = 0.00001326432070129232, ||V_lower^k - V_lower^k-1||_inf = 0.00001991239029029788
    Local Iteration 223: ||V_upper^k - V_upper^k-1||_inf = 0.00001273374787324062, ||V_lower^k - V_lower^k-1||_inf = 0.00001911589467868600
    Local Iteration 224: ||V_upper^k - V_upper^k-1||_inf = 0.00001222439795831097, ||V_lower^k - V_lower^k-1||_inf = 0.00001835125889153852
    Local Iteration 225: ||V_upper^k - V_upper^k-1||_inf = 0.00001173542203997854, ||V_lower^k - V_lower^k-1||_inf = 0.00001761720853587698
    Local Iteration 226: ||V_upper^k - V_upper^k-1||_inf = 0.00001126600515837940, ||V_lower^k - V_lower^k-1||_inf = 0.00001691252019444194
    Local Iteration 227: ||V_upper^k - V_upper^k-1||_inf = 0.00001081536495204424, ||V_lower^k - V_lower^k-1||_inf = 0.00001623601938666424
    Local Iteration 228: ||V_upper^k - V_upper^k-1||_inf = 0.00001038275035396247, ||V_lower^k - V_lower^k-1||_inf = 0.00001558657861119769
    Local Iteration 229: ||V_upper^k - V_upper^k-1||_inf = 0.00000996744033980398, ||V_lower^k - V_lower^k-1||_inf = 0.00001496311546674977
    Local Iteration 230: ||V_upper^k - V_upper^k-1||_inf = 0.00000956874272621183, ||V_lower^k - V_lower^k-1||_inf = 0.00001436459084807977
    Local Iteration 231: ||V_upper^k - V_upper^k-1||_inf = 0.00000918599301716336, ||V_lower^k - V_lower^k-1||_inf = 0.00001379000721415659
    Local Iteration 232: ||V_upper^k - V_upper^k-1||_inf = 0.00000881855329647681, ||V_lower^k - V_lower^k-1||_inf = 0.00001323840692559034
    Local Iteration 233: ||V_upper^k - V_upper^k-1||_inf = 0.00000846581116461774, ||V_lower^k - V_lower^k-1||_inf = 0.00001270887064856670
    Local Iteration 234: ||V_upper^k - V_upper^k-1||_inf = 0.00000812717871803302, ||V_lower^k - V_lower^k-1||_inf = 0.00001220051582262401
    Local Iteration 235: ||V_upper^k - V_upper^k-1||_inf = 0.00000780209156931171, ||V_lower^k - V_lower^k-1||_inf = 0.00001171249518971908
    Local Iteration 236: ||V_upper^k - V_upper^k-1||_inf = 0.00000749000790653922, ||V_lower^k - V_lower^k-1||_inf = 0.00001124399538213032
    Local Iteration 237: ||V_upper^k - V_upper^k-1||_inf = 0.00000719040759027765, ||V_lower^k - V_lower^k-1||_inf = 0.00001079423556684512
    Local Iteration 238: ||V_upper^k - V_upper^k-1||_inf = 0.00000690279128666654, ||V_lower^k - V_lower^k-1||_inf = 0.00001036246614417131
    Local Iteration 239: ||V_upper^k - V_upper^k-1||_inf = 0.00000662667963519987, ||V_lower^k - V_lower^k-1||_inf = 0.00000994796749840445
    Local Iteration 240: ||V_upper^k - V_upper^k-1||_inf = 0.00000636161244979189, ||V_lower^k - V_lower^k-1||_inf = 0.00000955004879846827
    Local Iteration 241: ||V_upper^k - V_upper^k-1||_inf = 0.00000610714795180021, ||V_lower^k - V_lower^k-1||_inf = 0.00000916804684652952
    Local Iteration 242: ||V_upper^k - V_upper^k-1||_inf = 0.00000586286203372819, ||V_lower^k - V_lower^k-1||_inf = 0.00000880132497266834
    Local Iteration 243: ||V_upper^k - V_upper^k-1||_inf = 0.00000562834755237907, ||V_lower^k - V_lower^k-1||_inf = 0.00000844927197376160
    Local Iteration 244: ||V_upper^k - V_upper^k-1||_inf = 0.00000540321365028391, ||V_lower^k - V_lower^k-1||_inf = 0.00000811130109481116
    Local Iteration 245: ||V_upper^k - V_upper^k-1||_inf = 0.00000518708510427255, ||V_lower^k - V_lower^k-1||_inf = 0.00000778684905101870
    Local Iteration 246: ||V_upper^k - V_upper^k-1||_inf = 0.00000497960170010164, ||V_lower^k - V_lower^k-1||_inf = 0.00000747537508897795
    Local Iteration 247: ||V_upper^k - V_upper^k-1||_inf = 0.00000478041763209758, ||V_lower^k - V_lower^k-1||_inf = 0.00000717636008541883
    Local Iteration 248: ||V_upper^k - V_upper^k-1||_inf = 0.00000458920092681369, ||V_lower^k - V_lower^k-1||_inf = 0.00000688930568200208
    Local Iteration 249: ||V_upper^k - V_upper^k-1||_inf = 0.00000440563288974114, ||V_lower^k - V_lower^k-1||_inf = 0.00000661373345472199
    Local Iteration 250: ||V_upper^k - V_upper^k-1||_inf = 0.00000422940757415150, ||V_lower^k - V_lower^k-1||_inf = 0.00000634918411653311
    Local Iteration 251: ||V_upper^k - V_upper^k-1||_inf = 0.00000406023127118544, ||V_lower^k - V_lower^k-1||_inf = 0.00000609521675187178
    Local Iteration 252: ||V_upper^k - V_upper^k-1||_inf = 0.00000389782202033802, ||V_lower^k - V_lower^k-1||_inf = 0.00000585140808179692
    Local Iteration 253: ||V_upper^k - V_upper^k-1||_inf = 0.00000374190913952450, ||V_lower^k - V_lower^k-1||_inf = 0.00000561735175852506
    Local Iteration 254: ||V_upper^k - V_upper^k-1||_inf = 0.00000359223277394351, ||V_lower^k - V_lower^k-1||_inf = 0.00000539265768818403
    Local Iteration 255: ||V_upper^k - V_upper^k-1||_inf = 0.00000344854346298578, ||V_lower^k - V_lower^k-1||_inf = 0.00000517695138065667
    Local Iteration 256: ||V_upper^k - V_upper^k-1||_inf = 0.00000331060172446634, ||V_lower^k - V_lower^k-1||_inf = 0.00000496987332543042
    Local Iteration 257: ||V_upper^k - V_upper^k-1||_inf = 0.00000317313015656149, ||V_lower^k - V_lower^k-1||_inf = 0.00000477107839241319
    Local Iteration 258: ||V_upper^k - V_upper^k-1||_inf = 0.00000304620495029904, ||V_lower^k - V_lower^k-1||_inf = 0.00000458023525671667
    Local Iteration 259: ||V_upper^k - V_upper^k-1||_inf = 0.00000292435675228708, ||V_lower^k - V_lower^k-1||_inf = 0.00000439702584644801
    Local Iteration 260: ||V_upper^k - V_upper^k-1||_inf = 0.00000280738248219559, ||V_lower^k - V_lower^k-1||_inf = 0.00000422114481259009
    Local Iteration 261: ||V_upper^k - V_upper^k-1||_inf = 0.00000269508718290777, ||V_lower^k - V_lower^k-1||_inf = 0.00000405229902008648
    Local Iteration 262: ||V_upper^k - V_upper^k-1||_inf = 0.00000258728369559146, ||V_lower^k - V_lower^k-1||_inf = 0.00000389020705928301
    Local Iteration 263: ||V_upper^k - V_upper^k-1||_inf = 0.00000248379234776780, ||V_lower^k - V_lower^k-1||_inf = 0.00000373459877691170
    Local Iteration 264: ||V_upper^k - V_upper^k-1||_inf = 0.00000238444065385708, ||V_lower^k - V_lower^k-1||_inf = 0.00000358521482583524
    Local Iteration 265: ||V_upper^k - V_upper^k-1||_inf = 0.00000228906302770280, ||V_lower^k - V_lower^k-1||_inf = 0.00000344180623280182
    Local Iteration 266: ||V_upper^k - V_upper^k-1||_inf = 0.00000219750050659469, ||V_lower^k - V_lower^k-1||_inf = 0.00000330413398348974
    Local Iteration 267: ||V_upper^k - V_upper^k-1||_inf = 0.00000210960048633090, ||V_lower^k - V_lower^k-1||_inf = 0.00000317196862415015
    Local Iteration 268: ||V_upper^k - V_upper^k-1||_inf = 0.00000202521646687766, ||V_lower^k - V_lower^k-1||_inf = 0.00000304508987918416
    Local Iteration 269: ||V_upper^k - V_upper^k-1||_inf = 0.00000194420780820256, ||V_lower^k - V_lower^k-1||_inf = 0.00000292328628401678
    Local Iteration 270: ||V_upper^k - V_upper^k-1||_inf = 0.00000186643949587446, ||V_lower^k - V_lower^k-1||_inf = 0.00000280635483265611
    Local Iteration 271: ||V_upper^k - V_upper^k-1||_inf = 0.00000179178191603948, ||V_lower^k - V_lower^k-1||_inf = 0.00000269410063934987
    Local Iteration 272: ||V_upper^k - V_upper^k-1||_inf = 0.00000172011063939790, ||V_lower^k - V_lower^k-1||_inf = 0.00000258633661377588
    Local Iteration 273: ||V_upper^k - V_upper^k-1||_inf = 0.00000165130621382199, ||V_lower^k - V_lower^k-1||_inf = 0.00000248288314922484
    Local Iteration 274: ||V_upper^k - V_upper^k-1||_inf = 0.00000158525396526911, ||V_lower^k - V_lower^k-1||_inf = 0.00000238356782325585
    Local Iteration 275: ||V_upper^k - V_upper^k-1||_inf = 0.00000152184380665834, ||V_lower^k - V_lower^k-1||_inf = 0.00000228822511032561
    Local Iteration 276: ||V_upper^k - V_upper^k-1||_inf = 0.00000146097005439201, ||V_lower^k - V_lower^k-1||_inf = 0.00000219669610591259
    Local Iteration 277: ||V_upper^k - V_upper^k-1||_inf = 0.00000140253125221633, ||V_lower^k - V_lower^k-1||_inf = 0.00000210882826167608
    Local Iteration 278: ||V_upper^k - V_upper^k-1||_inf = 0.00000134643000212768, ||V_lower^k - V_lower^k-1||_inf = 0.00000202447513120904
    Local Iteration 279: ||V_upper^k - V_upper^k-1||_inf = 0.00000129257280204257, ||V_lower^k - V_lower^k-1||_inf = 0.00000194349612596068
    Local Iteration 280: ||V_upper^k - V_upper^k-1||_inf = 0.00000124086988996087, ||V_lower^k - V_lower^k-1||_inf = 0.00000186575628092225
    Local Iteration 281: ||V_upper^k - V_upper^k-1||_inf = 0.00000119123509436243, ||V_lower^k - V_lower^k-1||_inf = 0.00000179112602968536
    Local Iteration 282: ||V_upper^k - V_upper^k-1||_inf = 0.00000114358569058793, ||V_lower^k - V_lower^k-1||_inf = 0.00000171948098849795
    Local Iteration 283: ||V_upper^k - V_upper^k-1||_inf = 0.00000109784226296442, ||V_lower^k - V_lower^k-1||_inf = 0.00000165070174895803
    Local Iteration 284: ||V_upper^k - V_upper^k-1||_inf = 0.00000105392857244584, ||V_lower^k - V_lower^k-1||_inf = 0.00000158467367899971
    Local Iteration 285: ||V_upper^k - V_upper^k-1||_inf = 0.00000101177142954801, ||V_lower^k - V_lower^k-1||_inf = 0.00000152128673183972
    Local Iteration 286: ||V_upper^k - V_upper^k-1||_inf = 0.00000097130057236609, ||V_lower^k - V_lower^k-1||_inf = 0.00000146043526256613
    Local Iteration 287: ||V_upper^k - V_upper^k-1||_inf = 0.00000093163826496672, ||V_lower^k - V_lower^k-1||_inf = 0.00000140201785206349
    Local Iteration 288: ||V_upper^k - V_upper^k-1||_inf = 0.00000089258820386742, ||V_lower^k - V_lower^k-1||_inf = 0.00000134593713798095
    Local Iteration 289: ||V_upper^k - V_upper^k-1||_inf = 0.00000085688467571272, ||V_lower^k - V_lower^k-1||_inf = 0.00000129209965246170
    Local Iteration 290: ||V_upper^k - V_upper^k-1||_inf = 0.00000082260928868421, ||V_lower^k - V_lower^k-1||_inf = 0.00000124041566636324
    Local Iteration 291: ||V_upper^k - V_upper^k-1||_inf = 0.00000078970491713684, ||V_lower^k - V_lower^k-1||_inf = 0.00000119079903970871
    Local Iteration 292: ||V_upper^k - V_upper^k-1||_inf = 0.00000075811672045137, ||V_lower^k - V_lower^k-1||_inf = 0.00000114316707812036
    Local Iteration 293: ||V_upper^k - V_upper^k-1||_inf = 0.00000072779205163331, ||V_lower^k - V_lower^k-1||_inf = 0.00000109744039499555
    Local Iteration 294: ||V_upper^k - V_upper^k-1||_inf = 0.00000069868036956798, ||V_lower^k - V_lower^k-1||_inf = 0.00000105354277919573
    Local Iteration 295: ||V_upper^k - V_upper^k-1||_inf = 0.00000067073315478526, ||V_lower^k - V_lower^k-1||_inf = 0.00000101140106802790
    Local Iteration 296: ||V_upper^k - V_upper^k-1||_inf = 0.00000064390382859385, ||V_lower^k - V_lower^k-1||_inf = 0.00000097094502530678
    Local Iteration 297: ||V_upper^k - V_upper^k-1||_inf = 0.00000061814767545010, ||V_lower^k - V_lower^k-1||_inf = 0.00000093210722429451
    Local Iteration 298: ||V_upper^k - V_upper^k-1||_inf = 0.00000059342176843209, ||V_lower^k - V_lower^k-1||_inf = 0.00000089482293532273
    Local Iteration 299: ||V_upper^k - V_upper^k-1||_inf = 0.00000056968489769481, ||V_lower^k - V_lower^k-1||_inf = 0.00000085903001790982
    Local Iteration 300: ||V_upper^k - V_upper^k-1||_inf = 0.00000054689750178702, ||V_lower^k - V_lower^k-1||_inf = 0.00000082466881719343
    Local Iteration 301: ||V_upper^k - V_upper^k-1||_inf = 0.00000052502160171554, ||V_lower^k - V_lower^k-1||_inf = 0.00000075857391272054
    Local Iteration 302: ||V_upper^k - V_upper^k-1||_inf = 0.00000050402073764691, ||V_lower^k - V_lower^k-1||_inf = 0.00000072823095621172
    Local Iteration 303: ||V_upper^k - V_upper^k-1||_inf = 0.00000048385990814104, ||V_lower^k - V_lower^k-1||_inf = 0.00000069910171796325
    Local Iteration 304: ||V_upper^k - V_upper^k-1||_inf = 0.00000046450551181540, ||V_lower^k - V_lower^k-1||_inf = 0.00000067113764924473
    Local Iteration 305: ||V_upper^k - V_upper^k-1||_inf = 0.00000044592529134278, ||V_lower^k - V_lower^k-1||_inf = 0.00000064429214327494
    Local Iteration 306: ||V_upper^k - V_upper^k-1||_inf = 0.00000042808827968907, ||V_lower^k - V_lower^k-1||_inf = 0.00000061852045754394
    Local Iteration 307: ||V_upper^k - V_upper^k-1||_inf = 0.00000041096474850151, ||V_lower^k - V_lower^k-1||_inf = 0.00000059377963924218
    Local Iteration 308: ||V_upper^k - V_upper^k-1||_inf = 0.00000039452615856145, ||V_lower^k - V_lower^k-1||_inf = 0.00000057002845367249
    Local Iteration 309: ||V_upper^k - V_upper^k-1||_inf = 0.00000037874511221899, ||V_lower^k - V_lower^k-1||_inf = 0.00000054722731552559
    Local Iteration 310: ||V_upper^k - V_upper^k-1||_inf = 0.00000036359530773023, ||V_lower^k - V_lower^k-1||_inf = 0.00000052533822290457
    Local Iteration 311: ||V_upper^k - V_upper^k-1||_inf = 0.00000034905149542102, ||V_lower^k - V_lower^k-1||_inf = 0.00000050432469398839
    Local Iteration 312: ||V_upper^k - V_upper^k-1||_inf = 0.00000033508943560418, ||V_lower^k - V_lower^k-1||_inf = 0.00000048415170622885
    Local Iteration 313: ||V_upper^k - V_upper^k-1||_inf = 0.00000032168585818001, ||V_lower^k - V_lower^k-1||_inf = 0.00000046478563797970
    Local Iteration 314: ||V_upper^k - V_upper^k-1||_inf = 0.00000030881842385281, ||V_lower^k - V_lower^k-1||_inf = 0.00000044619421246051
    Local Iteration 315: ||V_upper^k - V_upper^k-1||_inf = 0.00000029646568689870, ||V_lower^k - V_lower^k-1||_inf = 0.00000042834644396209
    Local Iteration 316: ||V_upper^k - V_upper^k-1||_inf = 0.00000028460705942275, ||V_lower^k - V_lower^k-1||_inf = 0.00000041121258620361
    Local Iteration 317: ||V_upper^k - V_upper^k-1||_inf = 0.00000027322277704584, ||V_lower^k - V_lower^k-1||_inf = 0.00000039476408275546
    Local Iteration 318: ||V_upper^k - V_upper^k-1||_inf = 0.00000026229386596401, ||V_lower^k - V_lower^k-1||_inf = 0.00000037897351944525
    Local Iteration 319: ||V_upper^k - V_upper^k-1||_inf = 0.00000025180211132545, ||V_lower^k - V_lower^k-1||_inf = 0.00000036381457866744
    Local Iteration 320: ||V_upper^k - V_upper^k-1||_inf = 0.00000024173002687243, ||V_lower^k - V_lower^k-1||_inf = 0.00000034926199552074
    Local Iteration 321: ||V_upper^k - V_upper^k-1||_inf = 0.00000023206082579753, ||V_lower^k - V_lower^k-1||_inf = 0.00000033529151569991
    Local Iteration 322: ||V_upper^k - V_upper^k-1||_inf = 0.00000022277839276563, ||V_lower^k - V_lower^k-1||_inf = 0.00000032187985507191
    Local Iteration 323: ||V_upper^k - V_upper^k-1||_inf = 0.00000021386725705501, ||V_lower^k - V_lower^k-1||_inf = 0.00000030900466086904
    Local Iteration 324: ||V_upper^k - V_upper^k-1||_inf = 0.00000020531256677281, ||V_lower^k - V_lower^k-1||_inf = 0.00000029664447443427
    Local Iteration 325: ||V_upper^k - V_upper^k-1||_inf = 0.00000019710006410189, ||V_lower^k - V_lower^k-1||_inf = 0.00000028477869545690
    Local Iteration 326: ||V_upper^k - V_upper^k-1||_inf = 0.00000018921606153782, ||V_lower^k - V_lower^k-1||_inf = 0.00000027338754763863
    Local Iteration 327: ||V_upper^k - V_upper^k-1||_inf = 0.00000018164741907631, ||V_lower^k - V_lower^k-1||_inf = 0.00000026245204573308
    Local Iteration 328: ||V_upper^k - V_upper^k-1||_inf = 0.00000017438152231325, ||V_lower^k - V_lower^k-1||_inf = 0.00000025195396390376
    Local Iteration 329: ||V_upper^k - V_upper^k-1||_inf = 0.00000016740626142072, ||V_lower^k - V_lower^k-1||_inf = 0.00000024187580534761
    Local Iteration 330: ||V_upper^k - V_upper^k-1||_inf = 0.00000016071001096389, ||V_lower^k - V_lower^k-1||_inf = 0.00000023220077313370
    Local Iteration 331: ||V_upper^k - V_upper^k-1||_inf = 0.00000015428161052534, ||V_lower^k - V_lower^k-1||_inf = 0.00000022291274220835
    Local Iteration 332: ||V_upper^k - V_upper^k-1||_inf = 0.00000014811034610432, ||V_lower^k - V_lower^k-1||_inf = 0.00000021399623252002
    Local Iteration 333: ||V_upper^k - V_upper^k-1||_inf = 0.00000014218593226015, ||V_lower^k - V_lower^k-1||_inf = 0.00000020543638321922
    Local Iteration 334: ||V_upper^k - V_upper^k-1||_inf = 0.00000013649849496975, ||V_lower^k - V_lower^k-1||_inf = 0.00000019721892789045
    Local Iteration 335: ||V_upper^k - V_upper^k-1||_inf = 0.00000013103855517096, ||V_lower^k - V_lower^k-1||_inf = 0.00000018933017077483
    Local Iteration 336: ||V_upper^k - V_upper^k-1||_inf = 0.00000012579701296412, ||V_lower^k - V_lower^k-1||_inf = 0.00000018175696394384
    Local Iteration 337: ||V_upper^k - V_upper^k-1||_inf = 0.00000012076513244555, ||V_lower^k - V_lower^k-1||_inf = 0.00000017448668538609
    Local Iteration 338: ||V_upper^k - V_upper^k-1||_inf = 0.00000011593452714773, ||V_lower^k - V_lower^k-1||_inf = 0.00000016750721797064
    Local Iteration 339: ||V_upper^k - V_upper^k-1||_inf = 0.00000011129714606182, ||V_lower^k - V_lower^k-1||_inf = 0.00000016080692925182
    Local Iteration 340: ||V_upper^k - V_upper^k-1||_inf = 0.00000010684526021935, ||V_lower^k - V_lower^k-1||_inf = 0.00000015437465208175
    Local Iteration 341: ||V_upper^k - V_upper^k-1||_inf = 0.00000010257144981057, ||V_lower^k - V_lower^k-1||_inf = 0.00000014819966599848
    Local Iteration 342: ||V_upper^k - V_upper^k-1||_inf = 0.00000009846859181815, ||V_lower^k - V_lower^k-1||_inf = 0.00000014227167935854
    Local Iteration 343: ||V_upper^k - V_upper^k-1||_inf = 0.00000009452984814543, ||V_lower^k - V_lower^k-1||_inf = 0.00000013658081218419
    Local Iteration 344: ||V_upper^k - V_upper^k-1||_inf = 0.00000009074865421961, ||V_lower^k - V_lower^k-1||_inf = 0.00000013111757969683
    Local Iteration 345: ||V_upper^k - V_upper^k-1||_inf = 0.00000008711870805082, ||V_lower^k - V_lower^k-1||_inf = 0.00000012587287650895
    Local Iteration 346: ||V_upper^k - V_upper^k-1||_inf = 0.00000008363395972879, ||V_lower^k - V_lower^k-1||_inf = 0.00000012083796144860
    Local Iteration 347: ||V_upper^k - V_upper^k-1||_inf = 0.00000008028860133964, ||V_lower^k - V_lower^k-1||_inf = 0.00000011600444299065
    Local Iteration 348: ||V_upper^k - V_upper^k-1||_inf = 0.00000007707705728605, ||V_lower^k - V_lower^k-1||_inf = 0.00000011136426527103
    Local Iteration 349: ||V_upper^k - V_upper^k-1||_inf = 0.00000007399397499461, ||V_lower^k - V_lower^k-1||_inf = 0.00000010690969466018
    Local Iteration 350: ||V_upper^k - V_upper^k-1||_inf = 0.00000007103421599483, ||V_lower^k - V_lower^k-1||_inf = 0.00000010263330687378
    Local Iteration 351: ||V_upper^k - V_upper^k-1||_inf = 0.00000006819284735503, ||V_lower^k - V_lower^k-1||_inf = 0.00000009852797459883
    Local Iteration 352: ||V_upper^k - V_upper^k-1||_inf = 0.00000006546513346083, ||V_lower^k - V_lower^k-1||_inf = 0.00000009458685561487
    Local Iteration 353: ||V_upper^k - V_upper^k-1||_inf = 0.00000006284652812240, ||V_lower^k - V_lower^k-1||_inf = 0.00000009080338139028
    Local Iteration 354: ||V_upper^k - V_upper^k-1||_inf = 0.00000006033266699750, ||V_lower^k - V_lower^k-1||_inf = 0.00000008717124613467
    Local Iteration 355: ||V_upper^k - V_upper^k-1||_inf = 0.00000005791936031760, ||V_lower^k - V_lower^k-1||_inf = 0.00000008368439628928
    Local Iteration 356: ||V_upper^k - V_upper^k-1||_inf = 0.00000005560258590490, ||V_lower^k - V_lower^k-1||_inf = 0.00000008033702043771
    Local Iteration 357: ||V_upper^k - V_upper^k-1||_inf = 0.00000005337848246870, ||V_lower^k - V_lower^k-1||_inf = 0.00000007712353962020
    Local Iteration 358: ||V_upper^k - V_upper^k-1||_inf = 0.00000005124334316996, ||V_lower^k - V_lower^k-1||_inf = 0.00000007403859803539
    Local Iteration 359: ||V_upper^k - V_upper^k-1||_inf = 0.00000004919360944316, ||V_lower^k - V_lower^k-1||_inf = 0.00000007107705411398
    Local Iteration 360: ||V_upper^k - V_upper^k-1||_inf = 0.00000004722586506543, ||V_lower^k - V_lower^k-1||_inf = 0.00000006823397194942
    Local Iteration 361: ||V_upper^k - V_upper^k-1||_inf = 0.00000004533683046281, ||V_lower^k - V_lower^k-1||_inf = 0.00000006550461307144
    Local Iteration 362: ||V_upper^k - V_upper^k-1||_inf = 0.00000004352335724430, ||V_lower^k - V_lower^k-1||_inf = 0.00000006288442854858
    Local Iteration 363: ||V_upper^k - V_upper^k-1||_inf = 0.00000004178242295453, ||V_lower^k - V_lower^k-1||_inf = 0.00000006036905140664
    Local Iteration 364: ||V_upper^k - V_upper^k-1||_inf = 0.00000004011112603635, ||V_lower^k - V_lower^k-1||_inf = 0.00000005795428935037
    Local Iteration 365: ||V_upper^k - V_upper^k-1||_inf = 0.00000003850668099489, ||V_lower^k - V_lower^k-1||_inf = 0.00000005563611777636
    Local Iteration 366: ||V_upper^k - V_upper^k-1||_inf = 0.00000003696641375510, ||V_lower^k - V_lower^k-1||_inf = 0.00000005341067306531
    Local Iteration 367: ||V_upper^k - V_upper^k-1||_inf = 0.00000003548775720489, ||V_lower^k - V_lower^k-1||_inf = 0.00000005127424614269
    Local Iteration 368: ||V_upper^k - V_upper^k-1||_inf = 0.00000003406824691670, ||V_lower^k - V_lower^k-1||_inf = 0.00000004922327629699
    Local Iteration 369: ||V_upper^k - V_upper^k-1||_inf = 0.00000003270551704003, ||V_lower^k - V_lower^k-1||_inf = 0.00000004725434524511
    Local Iteration 370: ||V_upper^k - V_upper^k-1||_inf = 0.00000003139729635843, ||V_lower^k - V_lower^k-1||_inf = 0.00000004536417143530
    Local Iteration 371: ||V_upper^k - V_upper^k-1||_inf = 0.00000003014140450409, ||V_lower^k - V_lower^k-1||_inf = 0.00000004354960457789
    Local Iteration 372: ||V_upper^k - V_upper^k-1||_inf = 0.00000002893574832393, ||V_lower^k - V_lower^k-1||_inf = 0.00000004180762039477
    Local Iteration 373: ||V_upper^k - V_upper^k-1||_inf = 0.00000002777831839097, ||V_lower^k - V_lower^k-1||_inf = 0.00000004013531557898
    Local Iteration 374: ||V_upper^k - V_upper^k-1||_inf = 0.00000002666718565533, ||V_lower^k - V_lower^k-1||_inf = 0.00000003852990295582
    Local Iteration 375: ||V_upper^k - V_upper^k-1||_inf = 0.00000002560049822912, ||V_lower^k - V_lower^k-1||_inf = 0.00000003698870683759
    Local Iteration 376: ||V_upper^k - V_upper^k-1||_inf = 0.00000002457647829995, ||V_lower^k - V_lower^k-1||_inf = 0.00000003550915856409
    Local Iteration 377: ||V_upper^k - V_upper^k-1||_inf = 0.00000002359341916796, ||V_lower^k - V_lower^k-1||_inf = 0.00000003405511634243
    Local Iteration 378: ||V_upper^k - V_upper^k-1||_inf = 0.00000002264968240124, ||V_lower^k - V_lower^k-1||_inf = 0.00000003269291168874
    Local Iteration 379: ||V_upper^k - V_upper^k-1||_inf = 0.00000002174369510519, ||V_lower^k - V_lower^k-1||_inf = 0.00000003138519522119
    Local Iteration 380: ||V_upper^k - V_upper^k-1||_inf = 0.00000002087394730098, ||V_lower^k - V_lower^k-1||_inf = 0.00000003012978741234
    Local Iteration 381: ||V_upper^k - V_upper^k-1||_inf = 0.00000002003898940894, ||V_lower^k - V_lower^k-1||_inf = 0.00000002892459591585
    Local Iteration 382: ||V_upper^k - V_upper^k-1||_inf = 0.00000001923742983258, ||V_lower^k - V_lower^k-1||_inf = 0.00000002774015373854
    Local Iteration 383: ||V_upper^k - V_upper^k-1||_inf = 0.00000001846793263928, ||V_lower^k - V_lower^k-1||_inf = 0.00000002663054758900
    Local Iteration 384: ||V_upper^k - V_upper^k-1||_inf = 0.00000001772921533371, ||V_lower^k - V_lower^k-1||_inf = 0.00000002556532568544
    Local Iteration 385: ||V_upper^k - V_upper^k-1||_inf = 0.00000001702004672036, ||V_lower^k - V_lower^k-1||_inf = 0.00000002451841932139
    Local Iteration 386: ||V_upper^k - V_upper^k-1||_inf = 0.00000001633924485155, ||V_lower^k - V_lower^k-1||_inf = 0.00000002353768254853
    Local Iteration 387: ||V_upper^k - V_upper^k-1||_inf = 0.00000001564464261111, ||V_lower^k - V_lower^k-1||_inf = 0.00000002257378654992
    Local Iteration 388: ||V_upper^k - V_upper^k-1||_inf = 0.00000001501885690667, ||V_lower^k - V_lower^k-1||_inf = 0.00000002167083508792
    Local Iteration 389: ||V_upper^k - V_upper^k-1||_inf = 0.00000001441810263040, ||V_lower^k - V_lower^k-1||_inf = 0.00000002080400168441
    Local Iteration 390: ||V_upper^k - V_upper^k-1||_inf = 0.00000001384137852518, ||V_lower^k - V_lower^k-1||_inf = 0.00000001995203356868
    Local Iteration 391: ||V_upper^k - V_upper^k-1||_inf = 0.00000001328772338418, ||V_lower^k - V_lower^k-1||_inf = 0.00000001915395222593
    Local Iteration 392: ||V_upper^k - V_upper^k-1||_inf = 0.00000001271159175028, ||V_lower^k - V_lower^k-1||_inf = 0.00000001836953907426
    Local Iteration 393: ||V_upper^k - V_upper^k-1||_inf = 0.00000001220312808027, ||V_lower^k - V_lower^k-1||_inf = 0.00000001763475751129
    Local Iteration 394: ||V_upper^k - V_upper^k-1||_inf = 0.00000001171500295705, ||V_lower^k - V_lower^k-1||_inf = 0.00000001691254337719
    Local Iteration 395: ||V_upper^k - V_upper^k-1||_inf = 0.00000001124640283877, ||V_lower^k - V_lower^k-1||_inf = 0.00000001623604164210
    Local Iteration 396: ||V_upper^k - V_upper^k-1||_inf = 0.00000001079654672522, ||V_lower^k - V_lower^k-1||_inf = 0.00000001558659997642
    Local Iteration 397: ||V_upper^k - V_upper^k-1||_inf = 0.00000001036468485621, ||V_lower^k - V_lower^k-1||_inf = 0.00000001496313597736
    Local Iteration 398: ||V_upper^k - V_upper^k-1||_inf = 0.00000000995009746196, ||V_lower^k - V_lower^k-1||_inf = 0.00000001436461053827
    Local Iteration 399: ||V_upper^k - V_upper^k-1||_inf = 0.00000000955209356349, ||V_lower^k - V_lower^k-1||_inf = 0.00000001377630844835
    Local Iteration 400: ||V_upper^k - V_upper^k-1||_inf = 0.00000000917000982095, ||V_lower^k - V_lower^k-1||_inf = 0.00000001322525611041
    Local Iteration 401: ||V_upper^k - V_upper^k-1||_inf = 0.00000000880320942811, ||V_lower^k - V_lower^k-1||_inf = 0.00000001268501054204
    Local Iteration 402: ||V_upper^k - V_upper^k-1||_inf = 0.00000000845108105098, ||V_lower^k - V_lower^k-1||_inf = 0.00000001216685991985
    Local Iteration 403: ||V_upper^k - V_upper^k-1||_inf = 0.00000000811303780894, ||V_lower^k - V_lower^k-1||_inf = 0.00000001166989969563
    Local Iteration 404: ||V_upper^k - V_upper^k-1||_inf = 0.00000000778851629659, ||V_lower^k - V_lower^k-1||_inf = 0.00000001119326238363
    Local Iteration 405: ||V_upper^k - V_upper^k-1||_inf = 0.00000000747697564472, ||V_lower^k - V_lower^k-1||_inf = 0.00000001073611604088
    Local Iteration 406: ||V_upper^k - V_upper^k-1||_inf = 0.00000000717789661893, ||V_lower^k - V_lower^k-1||_inf = 0.00000001029766281001
    Local Iteration 407: ||V_upper^k - V_upper^k-1||_inf = 0.00000000689078075418, ||V_lower^k - V_lower^k-1||_inf = 0.00000000988487054940

==================================================
 LOCAL CONVERGENCE ACHIEVED
==================================================
  ||V_upper^k - V_upper^k-1||_inf = 6.89078075417725288236e-09 < tolerance = 1e-08
  ||V_lower^k - V_lower^k-1||_inf = 9.88487054939866262559e-09 < tolerance = 1e-08
  Converged in 407 iterations
  V_lower increased from min(l_lower, r_lower); smallest step 0.000e+00
    Local VI completed in 407 iterations
    Final convergence values:
      ||V_upper^final - V_upper^prev||_inf = 6.89078075e-09
      ||V_lower^final - V_lower^prev||_inf = 9.88487055e-09
  Local VI completed in 407 iterations, time: 1.957s
    Final ||V_upper^k - V_upper^k-1||_inf = 6.89078075417725288236e-09
    Final ||V_lower^k - V_lower^k-1||_inf = 9.88487054939866262559e-09
  Saved visualization: /Users/i.k.tabbara/Documents/python directory/HSCC_2027/refactored_Implementations/results_hscc_2027_modified_init/ra_discount/van_der_pol_res40_eps0.001_dmin1e-08_dmax1e-08_gamma0.96_dt0.01_tau0.01_std/value_function_phase_11_complete.png
  Phase 11 completed in 2.65s with 2444599 leaf cells

Classification after phase 11:
  Safe:           127080 cells (  5.2%),   12.1% of state space
  Unsafe:         127618 cells (  5.2%),   21.0% of state space
  Unclassified:  2189901 cells ( 89.6%),   66.8% of state space

======================================================================
REFINEMENT PHASE 12
======================================================================
Boundary cells: 2189901
  Refinable (>eta_min=0.000354): 2189901
  Below threshold: 0
  Cumulative refined: 2442999
  Refinable cell size statistics:
    Max:    0.003906
    Mean:   0.003906
    Min:    0.003906
    Median: 0.003906
  Refining 2189901 cells...
    Refined: 2189901 parent cells
    Created: 4379802 child cells
    Total cells: 4634500
    Refinement time: 0.189s
    Cumulative refined: 4632900
  Rebuilding spatial index...
  Building spatial index for 4634500 cells...
   Spatial index built in 0.90s
    Spatial index rebuilt in 0.902s
  Initializing 4379802 new cells...
  Initializing 4379802 new cells in parallel...
   Initialized in 0.01s (480096681.4 cells/s)
    Initialization completed in 0.009s
  Starting local value iteration...
  Reinitializing ALL 4634500 cells (V_lower = min(l, r), V_upper = l)
   Reinitialized 4634500 cells in 0.01s (454559587.2 cells/s)
  Local VI: updating all 4634500 cells
    Conservative mode: False
    Convergence tolerance: 1e-08
    Max iterations: 20000
    Updating successor cache for 4379802 updated cells...
    Updating successor cache for 4379802 new cells (HYBRID)...
      Affected cells: 4381494
   Trajectories + spatial queries computed in 0.36s (12122598.5 tasks/s)
    Breakdown: 38.7% ODE, 61.3% queries
     Cache updated in 0.56s (7802908.4 tasks/s)
    Local Iteration   1: ||V_upper^k - V_upper^k-1||_inf = 4.08968913564991254361, ||V_lower^k - V_lower^k-1||_inf = 3.99484477945168681146
    Local Iteration   2: ||V_upper^k - V_upper^k-1||_inf = 3.80896525035328537001, ||V_lower^k - V_lower^k-1||_inf = 3.71362286890487425239
    Local Iteration   3: ||V_upper^k - V_upper^k-1||_inf = 3.55917803769511831291, ||V_lower^k - V_lower^k-1||_inf = 3.48878040110247589212
    Local Iteration   4: ||V_upper^k - V_upper^k-1||_inf = 3.32577992813652123516, ||V_lower^k - V_lower^k-1||_inf = 3.25776127393884529226
    Local Iteration   5: ||V_upper^k - V_upper^k-1||_inf = 3.11842335679553039895, ||V_lower^k - V_lower^k-1||_inf = 3.07007722666910876086
    Local Iteration   6: ||V_upper^k - V_upper^k-1||_inf = 2.93417459038568972929, ||V_lower^k - V_lower^k-1||_inf = 2.87882320325655438609
    Local Iteration   7: ||V_upper^k - V_upper^k-1||_inf = 2.75213777916642898802, ||V_lower^k - V_lower^k-1||_inf = 2.71505301479622573879
    Local Iteration   8: ||V_upper^k - V_upper^k-1||_inf = 2.59058560169354556990, ||V_lower^k - V_lower^k-1||_inf = 2.57861667739507582908
    Local Iteration   9: ||V_upper^k - V_upper^k-1||_inf = 2.43208842647777778723, ||V_lower^k - V_lower^k-1||_inf = 2.40712110829653047617
    Local Iteration  10: ||V_upper^k - V_upper^k-1||_inf = 2.26511739080180340977, ||V_lower^k - V_lower^k-1||_inf = 2.26670430587138804768
    Local Iteration  11: ||V_upper^k - V_upper^k-1||_inf = 2.17011512123787531081, ||V_lower^k - V_lower^k-1||_inf = 2.12223399332541928786
    Local Iteration  12: ||V_upper^k - V_upper^k-1||_inf = 2.08331051638836006745, ||V_lower^k - V_lower^k-1||_inf = 1.98562860396246154693
    Local Iteration  13: ||V_upper^k - V_upper^k-1||_inf = 1.99997809573282570028, ||V_lower^k - V_lower^k-1||_inf = 1.85809246218690082841
    Local Iteration  14: ||V_upper^k - V_upper^k-1||_inf = 1.91997897190351252128, ||V_lower^k - V_lower^k-1||_inf = 1.77911241472572445588
    Local Iteration  15: ||V_upper^k - V_upper^k-1||_inf = 1.84317981302737199378, ||V_lower^k - V_lower^k-1||_inf = 1.68963053836084542425
    Local Iteration  16: ||V_upper^k - V_upper^k-1||_inf = 1.76945262050627682981, ||V_lower^k - V_lower^k-1||_inf = 1.59879956245528331849
    Local Iteration  17: ||V_upper^k - V_upper^k-1||_inf = 1.69867451568602589873, ||V_lower^k - V_lower^k-1||_inf = 1.53269132444617994793
    Local Iteration  18: ||V_upper^k - V_upper^k-1||_inf = 1.63072753505858480949, ||V_lower^k - V_lower^k-1||_inf = 1.47036130992303060161
    Local Iteration  19: ||V_upper^k - V_upper^k-1||_inf = 1.56549843365624119507, ||V_lower^k - V_lower^k-1||_inf = 1.40770214279293348625
    Local Iteration  20: ||V_upper^k - V_upper^k-1||_inf = 1.50287849630999170714, ||V_lower^k - V_lower^k-1||_inf = 1.31759339650138196376
    Local Iteration  21: ||V_upper^k - V_upper^k-1||_inf = 1.44276335645759190562, ||V_lower^k - V_lower^k-1||_inf = 1.23891568979504418380
    Local Iteration  22: ||V_upper^k - V_upper^k-1||_inf = 1.38505282219928815834, ||V_lower^k - V_lower^k-1||_inf = 1.18758137026897858668
    Local Iteration  23: ||V_upper^k - V_upper^k-1||_inf = 1.32965070931131679188, ||V_lower^k - V_lower^k-1||_inf = 1.12009475320338824922
    Local Iteration  24: ||V_upper^k - V_upper^k-1||_inf = 1.27646468093886400474, ||V_lower^k - V_lower^k-1||_inf = 1.07529096307525273701
    Local Iteration  25: ||V_upper^k - V_upper^k-1||_inf = 1.22540609370130937350, ||V_lower^k - V_lower^k-1||_inf = 1.03186264171728403483
    Local Iteration  26: ||V_upper^k - V_upper^k-1||_inf = 1.17638984995325701632, ||V_lower^k - V_lower^k-1||_inf = 0.99000018032288816805
    Local Iteration  27: ||V_upper^k - V_upper^k-1||_inf = 1.12933425595512648698, ||V_lower^k - V_lower^k-1||_inf = 0.93079144725926488135
    Local Iteration  28: ||V_upper^k - V_upper^k-1||_inf = 1.08416088571692159626, ||V_lower^k - V_lower^k-1||_inf = 0.89182041933959754765
    Local Iteration  29: ||V_upper^k - V_upper^k-1||_inf = 1.04079445028824446595, ||V_lower^k - V_lower^k-1||_inf = 0.83381951064888393255
    Local Iteration  30: ||V_upper^k - V_upper^k-1||_inf = 0.99916267227671484719, ||V_lower^k - V_lower^k-1||_inf = 0.78097301498990279178
    Local Iteration  31: ||V_upper^k - V_upper^k-1||_inf = 0.95919616538564611563, ||V_lower^k - V_lower^k-1||_inf = 0.72954868017635177146
    Local Iteration  32: ||V_upper^k - V_upper^k-1||_inf = 0.92082831877022031097, ||V_lower^k - V_lower^k-1||_inf = 0.68032467401231899728
    Local Iteration  33: ||V_upper^k - V_upper^k-1||_inf = 0.88399518601941151630, ||V_lower^k - V_lower^k-1||_inf = 0.56755790238964809458
    Local Iteration  34: ||V_upper^k - V_upper^k-1||_inf = 0.84863537857863502456, ||V_lower^k - V_lower^k-1||_inf = 0.54485558629406216635
    Local Iteration  35: ||V_upper^k - V_upper^k-1||_inf = 0.81468996343548960581, ||V_lower^k - V_lower^k-1||_inf = 0.51099749899432989064
    Local Iteration  36: ||V_upper^k - V_upper^k-1||_inf = 0.78210236489807005711, ||V_lower^k - V_lower^k-1||_inf = 0.48958741912446657185
    Local Iteration  37: ||V_upper^k - V_upper^k-1||_inf = 0.75081827030214709495, ||V_lower^k - V_lower^k-1||_inf = 0.47000392235948784680
    Local Iteration  38: ||V_upper^k - V_upper^k-1||_inf = 0.72078553949006118895, ||V_lower^k - V_lower^k-1||_inf = 0.44952607837012897862
    Local Iteration  39: ||V_upper^k - V_upper^k-1||_inf = 0.69195411791045868810, ||V_lower^k - V_lower^k-1||_inf = 0.43154503523532383724
    Local Iteration  40: ||V_upper^k - V_upper^k-1||_inf = 0.66427595319404031393, ||V_lower^k - V_lower^k-1||_inf = 0.40446784981748573617
    Local Iteration  41: ||V_upper^k - V_upper^k-1||_inf = 0.63770491506627868805, ||V_lower^k - V_lower^k-1||_inf = 0.38828913582478624678
    Local Iteration  42: ||V_upper^k - V_upper^k-1||_inf = 0.61219671846362755385, ||V_lower^k - V_lower^k-1||_inf = 0.36955935982601340051
    Local Iteration  43: ||V_upper^k - V_upper^k-1||_inf = 0.58770884972508241617, ||V_lower^k - V_lower^k-1||_inf = 0.34560319910817693945
    Local Iteration  44: ||V_upper^k - V_upper^k-1||_inf = 0.56420049573607911064, ||V_lower^k - V_lower^k-1||_inf = 0.33014482292869312685
    Local Iteration  45: ||V_upper^k - V_upper^k-1||_inf = 0.54163247590663599063, ||V_lower^k - V_lower^k-1||_inf = 0.31612509950998524122
    Local Iteration  46: ||V_upper^k - V_upper^k-1||_inf = 0.51996717687037052880, ||V_lower^k - V_lower^k-1||_inf = 0.30305120282396980080
    Local Iteration  47: ||V_upper^k - V_upper^k-1||_inf = 0.49916848979555572541, ||V_lower^k - V_lower^k-1||_inf = 0.29092915471101099545
    Local Iteration  48: ||V_upper^k - V_upper^k-1||_inf = 0.47920175020373345642, ||V_lower^k - V_lower^k-1||_inf = 0.27139595532236959752
    Local Iteration  49: ||V_upper^k - V_upper^k-1||_inf = 0.45989059023667405723, ||V_lower^k - V_lower^k-1||_inf = 0.25813682984535946119
    Local Iteration  50: ||V_upper^k - V_upper^k-1||_inf = 0.44149496662720710827, ||V_lower^k - V_lower^k-1||_inf = 0.23976920638504092831
    Local Iteration  51: ||V_upper^k - V_upper^k-1||_inf = 0.42383516796211878619, ||V_lower^k - V_lower^k-1||_inf = 0.22019495899333099698
    Local Iteration  52: ||V_upper^k - V_upper^k-1||_inf = 0.40688176124363401032, ||V_lower^k - V_lower^k-1||_inf = 0.21105026153886724538
    Local Iteration  53: ||V_upper^k - V_upper^k-1||_inf = 0.39060649079388864990, ||V_lower^k - V_lower^k-1||_inf = 0.20121411066929884015
    Local Iteration  54: ||V_upper^k - V_upper^k-1||_inf = 0.37498223116213308392, ||V_lower^k - V_lower^k-1||_inf = 0.18561363286790194538
    Local Iteration  55: ||V_upper^k - V_upper^k-1||_inf = 0.35998294191564772504, ||V_lower^k - V_lower^k-1||_inf = 0.17789102079571039727
    Local Iteration  56: ||V_upper^k - V_upper^k-1||_inf = 0.34558362423902183602, ||V_lower^k - V_lower^k-1||_inf = 0.16982707562388971168
    Local Iteration  57: ||V_upper^k - V_upper^k-1||_inf = 0.33176027926946094482, ||V_lower^k - V_lower^k-1||_inf = 0.16303399259893411322
    Local Iteration  58: ||V_upper^k - V_upper^k-1||_inf = 0.31848986809868251591, ||V_lower^k - V_lower^k-1||_inf = 0.14951004425065042569
    Local Iteration  59: ||V_upper^k - V_upper^k-1||_inf = 0.30575027337473520417, ||V_lower^k - V_lower^k-1||_inf = 0.14352964248062438646
    Local Iteration  60: ||V_upper^k - V_upper^k-1||_inf = 0.29352026243974577158, ||V_lower^k - V_lower^k-1||_inf = 0.13754542128529176348
    Local Iteration  61: ||V_upper^k - V_upper^k-1||_inf = 0.28177945194215592295, ||V_lower^k - V_lower^k-1||_inf = 0.12477485829041914944
    Local Iteration  62: ||V_upper^k - V_upper^k-1||_inf = 0.27050827386446968381, ||V_lower^k - V_lower^k-1||_inf = 0.11978386395880236126
    Local Iteration  63: ||V_upper^k - V_upper^k-1||_inf = 0.25968794290989088980, ||V_lower^k - V_lower^k-1||_inf = 0.11499250940045027680
    Local Iteration  64: ||V_upper^k - V_upper^k-1||_inf = 0.24930042519349521202, ||V_lower^k - V_lower^k-1||_inf = 0.11028957940817538108
    Local Iteration  65: ||V_upper^k - V_upper^k-1||_inf = 0.23932840818575540354, ||V_lower^k - V_lower^k-1||_inf = 0.09933975391289698309
    Local Iteration  66: ||V_upper^k - V_upper^k-1||_inf = 0.22975527185832519961, ||V_lower^k - V_lower^k-1||_inf = 0.09536616375638110044
    Local Iteration  67: ||V_upper^k - V_upper^k-1||_inf = 0.22056506098399217275, ||V_lower^k - V_lower^k-1||_inf = 0.09155151720612586530
    Local Iteration  68: ||V_upper^k - V_upper^k-1||_inf = 0.21170963322803737494, ||V_lower^k - V_lower^k-1||_inf = 0.08780177879842290811
    Local Iteration  69: ||V_upper^k - V_upper^k-1||_inf = 0.20324124789891587217, ||V_lower^k - V_lower^k-1||_inf = 0.08428970764648599512
    Local Iteration  70: ||V_upper^k - V_upper^k-1||_inf = 0.19511159798295923951, ||V_lower^k - V_lower^k-1||_inf = 0.07528071510789918763
    Local Iteration  71: ||V_upper^k - V_upper^k-1||_inf = 0.18701646958292794665, ||V_lower^k - V_lower^k-1||_inf = 0.07136885245550239620
    Local Iteration  72: ||V_upper^k - V_upper^k-1||_inf = 0.17953581079961083988, ||V_lower^k - V_lower^k-1||_inf = 0.06851409835728228259
    Local Iteration  73: ||V_upper^k - V_upper^k-1||_inf = 0.17235437836762640407, ||V_lower^k - V_lower^k-1||_inf = 0.06577353442299098407
    Local Iteration  74: ||V_upper^k - V_upper^k-1||_inf = 0.16546020323292134901, ||V_lower^k - V_lower^k-1||_inf = 0.06314259304607133805
    Local Iteration  75: ||V_upper^k - V_upper^k-1||_inf = 0.15884179510360449394, ||V_lower^k - V_lower^k-1||_inf = 0.05582877943183206515
    Local Iteration  76: ||V_upper^k - V_upper^k-1||_inf = 0.15248812329946032085, ||V_lower^k - V_lower^k-1||_inf = 0.05359562825455876922
    Local Iteration  77: ||V_upper^k - V_upper^k-1||_inf = 0.14638859836748188692, ||V_lower^k - V_lower^k-1||_inf = 0.05145180312437643011
    Local Iteration  78: ||V_upper^k - V_upper^k-1||_inf = 0.14053305443278263365, ||V_lower^k - V_lower^k-1||_inf = 0.04939373099940137790
    Local Iteration  79: ||V_upper^k - V_upper^k-1||_inf = 0.13491173225547131720, ||V_lower^k - V_lower^k-1||_inf = 0.04741798175942531224
    Local Iteration  80: ||V_upper^k - V_upper^k-1||_inf = 0.12951526296525245341, ||V_lower^k - V_lower^k-1||_inf = 0.04145449782303943509
    Local Iteration  81: ||V_upper^k - V_upper^k-1||_inf = 0.12433465244664232419, ||V_lower^k - V_lower^k-1||_inf = 0.03979631791011786768
    Local Iteration  82: ||V_upper^k - V_upper^k-1||_inf = 0.11936126634877664010, ||V_lower^k - V_lower^k-1||_inf = 0.03820446519371316352
    Local Iteration  83: ||V_upper^k - V_upper^k-1||_inf = 0.11458681569482556672, ||V_lower^k - V_lower^k-1||_inf = 0.03667628658596462643
    Local Iteration  84: ||V_upper^k - V_upper^k-1||_inf = 0.11000334306703253573, ||V_lower^k - V_lower^k-1||_inf = 0.03161122201898002027
    Local Iteration  85: ||V_upper^k - V_upper^k-1||_inf = 0.10560320934435123152, ||V_lower^k - V_lower^k-1||_inf = 0.03034677313822081723
    Local Iteration  86: ||V_upper^k - V_upper^k-1||_inf = 0.10137908097057718448, ||V_lower^k - V_lower^k-1||_inf = 0.02913290221269197733
    Local Iteration  87: ||V_upper^k - V_upper^k-1||_inf = 0.09732391773175408378, ||V_lower^k - V_lower^k-1||_inf = 0.02465165724795627400
    Local Iteration  88: ||V_upper^k - V_upper^k-1||_inf = 0.09343096102248392432, ||V_lower^k - V_lower^k-1||_inf = 0.02366559095803802415
    Local Iteration  89: ||V_upper^k - V_upper^k-1||_inf = 0.08969372258158456179, ||V_lower^k - V_lower^k-1||_inf = 0.02271896731971650985
    Local Iteration  90: ||V_upper^k - V_upper^k-1||_inf = 0.08610597367832117932, ||V_lower^k - V_lower^k-1||_inf = 0.01875424857459610795
    Local Iteration  91: ||V_upper^k - V_upper^k-1||_inf = 0.08266173473118833270, ||V_lower^k - V_lower^k-1||_inf = 0.01800407863161226918
    Local Iteration  92: ||V_upper^k - V_upper^k-1||_inf = 0.07935526534194078940, ||V_lower^k - V_lower^k-1||_inf = 0.01728391548634777841
    Local Iteration  93: ||V_upper^k - V_upper^k-1||_inf = 0.07618105472826315616, ||V_lower^k - V_lower^k-1||_inf = 0.01377618608266494016
    Local Iteration  94: ||V_upper^k - V_upper^k-1||_inf = 0.07313381253913261992, ||V_lower^k - V_lower^k-1||_inf = 0.01322513863935834144
    Local Iteration  95: ||V_upper^k - V_upper^k-1||_inf = 0.07020846003756731069, ||V_lower^k - V_lower^k-1||_inf = 0.01269613309378400667
    Local Iteration  96: ||V_upper^k - V_upper^k-1||_inf = 0.06740012163606462492, ||V_lower^k - V_lower^k-1||_inf = 0.00959271861208725596
    Local Iteration  97: ||V_upper^k - V_upper^k-1||_inf = 0.06470411677062203049, ||V_lower^k - V_lower^k-1||_inf = 0.00920900986760377072
    Local Iteration  98: ||V_upper^k - V_upper^k-1||_inf = 0.06211595209979714483, ||V_lower^k - V_lower^k-1||_inf = 0.00634890308127204761
    Local Iteration  99: ||V_upper^k - V_upper^k-1||_inf = 0.05963131401580525764, ||V_lower^k - V_lower^k-1||_inf = 0.00609494695802116626
    Local Iteration 100: ||V_upper^k - V_upper^k-1||_inf = 0.05724606145517305289, ||V_lower^k - V_lower^k-1||_inf = 0.00585114907970031572
    Local Iteration 101: ||V_upper^k - V_upper^k-1||_inf = 0.05495621899696612189, ||V_lower^k - V_lower^k-1||_inf = 0.00332070964198833557
    Local Iteration 102: ||V_upper^k - V_upper^k-1||_inf = 0.05275797023708747591, ||V_lower^k - V_lower^k-1||_inf = 0.00318788125630880409
    Local Iteration 103: ||V_upper^k - V_upper^k-1||_inf = 0.05064765142760398187, ||V_lower^k - V_lower^k-1||_inf = 0.00306036600605644887
    Local Iteration 104: ||V_upper^k - V_upper^k-1||_inf = 0.04862174537049981926, ||V_lower^k - V_lower^k-1||_inf = 0.00263549037869000025
    Local Iteration 105: ||V_upper^k - V_upper^k-1||_inf = 0.04667687555567982816, ||V_lower^k - V_lower^k-1||_inf = 0.00253007076354239829
    Local Iteration 106: ||V_upper^k - V_upper^k-1||_inf = 0.04480980053345264003, ||V_lower^k - V_lower^k-1||_inf = 0.00241943802901529309
    Local Iteration 107: ||V_upper^k - V_upper^k-1||_inf = 0.04301740851211453137, ||V_lower^k - V_lower^k-1||_inf = 0.00222143466996188588
    Local Iteration 108: ||V_upper^k - V_upper^k-1||_inf = 0.04129671217162994568, ||V_lower^k - V_lower^k-1||_inf = 0.00213257728316341294
    Local Iteration 109: ||V_upper^k - V_upper^k-1||_inf = 0.03964484368476475090, ||V_lower^k - V_lower^k-1||_inf = 0.00204727419183687448
    Local Iteration 110: ||V_upper^k - V_upper^k-1||_inf = 0.03805904993737416198, ||V_lower^k - V_lower^k-1||_inf = 0.00191427539290782434
    Local Iteration 111: ||V_upper^k - V_upper^k-1||_inf = 0.03653668793987919355, ||V_lower^k - V_lower^k-1||_inf = 0.00183605381588432953
    Local Iteration 112: ||V_upper^k - V_upper^k-1||_inf = 0.03507522042228402442, ||V_lower^k - V_lower^k-1||_inf = 0.00176102778179232367
    Local Iteration 113: ||V_upper^k - V_upper^k-1||_inf = 0.03367221160539266012, ||V_lower^k - V_lower^k-1||_inf = 0.00168906677697625018
    Local Iteration 114: ||V_upper^k - V_upper^k-1||_inf = 0.03232532314117694816, ||V_lower^k - V_lower^k-1||_inf = 0.00162004561693637750
    Local Iteration 115: ||V_upper^k - V_upper^k-1||_inf = 0.03103231021552987218, ||V_lower^k - V_lower^k-1||_inf = 0.00155384422878274836
    Local Iteration 116: ||V_upper^k - V_upper^k-1||_inf = 0.02979101780690867479, ||V_lower^k - V_lower^k-1||_inf = 0.00149034744256840851
    Local Iteration 117: ||V_upper^k - V_upper^k-1||_inf = 0.02859937709463232502, ||V_lower^k - V_lower^k-1||_inf = 0.00142944479113718548
    Local Iteration 118: ||V_upper^k - V_upper^k-1||_inf = 0.02745540201084703535, ||V_lower^k - V_lower^k-1||_inf = 0.00137103031814185539
    Local Iteration 119: ||V_upper^k - V_upper^k-1||_inf = 0.02635718593041315103, ||V_lower^k - V_lower^k-1||_inf = 0.00131500239389634524
    Local Iteration 120: ||V_upper^k - V_upper^k-1||_inf = 0.02530289849319662318, ||V_lower^k - V_lower^k-1||_inf = 0.00126126353874388142
    Local Iteration 121: ||V_upper^k - V_upper^k-1||_inf = 0.02429078255346875728, ||V_lower^k - V_lower^k-1||_inf = 0.00120972025363476343
    Local Iteration 122: ||V_upper^k - V_upper^k-1||_inf = 0.02331915125133000519, ||V_lower^k - V_lower^k-1||_inf = 0.00116028285761782604
    Local Iteration 123: ||V_upper^k - V_upper^k-1||_inf = 0.02238638520127680595, ||V_lower^k - V_lower^k-1||_inf = 0.00111286533196583090
    Local Iteration 124: ||V_upper^k - V_upper^k-1||_inf = 0.02149092979322573399, ||V_lower^k - V_lower^k-1||_inf = 0.00106738517066146121
    Local Iteration 125: ||V_upper^k - V_upper^k-1||_inf = 0.02063129260149670213, ||V_lower^k - V_lower^k-1||_inf = 0.00102376323698730523
    Local Iteration 126: ||V_upper^k - V_upper^k-1||_inf = 0.01980604089743683363, ||V_lower^k - V_lower^k-1||_inf = 0.00098192362596802307
    Local Iteration 127: ||V_upper^k - V_upper^k-1||_inf = 0.01901379926153936098, ||V_lower^k - V_lower^k-1||_inf = 0.00094179353242784813
    Local Iteration 128: ||V_upper^k - V_upper^k-1||_inf = 0.01825324729107778363, ||V_lower^k - V_lower^k-1||_inf = 0.00090330312443298588
    Local Iteration 129: ||V_upper^k - V_upper^k-1||_inf = 0.01752311739943467062, ||V_lower^k - V_lower^k-1||_inf = 0.00086638542190029671
    Local Iteration 130: ||V_upper^k - V_upper^k-1||_inf = 0.01682219270345728518, ||V_lower^k - V_lower^k-1||_inf = 0.00083097618016050867
    Local Iteration 131: ||V_upper^k - V_upper^k-1||_inf = 0.01614930499531899363, ||V_lower^k - V_lower^k-1||_inf = 0.00079701377827418735
    Local Iteration 132: ||V_upper^k - V_upper^k-1||_inf = 0.01550333279550623194, ||V_lower^k - V_lower^k-1||_inf = 0.00076443911190667360
    Local Iteration 133: ||V_upper^k - V_upper^k-1||_inf = 0.01488319948368598336, ||V_lower^k - V_lower^k-1||_inf = 0.00073319549057544037
    Local Iteration 134: ||V_upper^k - V_upper^k-1||_inf = 0.01428787150433854375, ||V_lower^k - V_lower^k-1||_inf = 0.00070322853909213917
    Local Iteration 135: ||V_upper^k - V_upper^k-1||_inf = 0.01371635664416500158, ||V_lower^k - V_lower^k-1||_inf = 0.00067448610302740450
    Local Iteration 136: ||V_upper^k - V_upper^k-1||_inf = 0.01316770237839839930, ||V_lower^k - V_lower^k-1||_inf = 0.00064691815803482981
    Local Iteration 137: ||V_upper^k - V_upper^k-1||_inf = 0.01264099428326246471, ||V_lower^k - V_lower^k-1||_inf = 0.00062047672287626754
    Local Iteration 138: ||V_upper^k - V_upper^k-1||_inf = 0.01213535451193196654, ||V_lower^k - V_lower^k-1||_inf = 0.00059511577599784260
    Local Iteration 139: ||V_upper^k - V_upper^k-1||_inf = 0.01164994033145468587, ||V_lower^k - V_lower^k-1||_inf = 0.00057079117551078057
    Local Iteration 140: ||V_upper^k - V_upper^k-1||_inf = 0.01118394271819649760, ||V_lower^k - V_lower^k-1||_inf = 0.00054749351768756428
    Local Iteration 141: ||V_upper^k - V_upper^k-1||_inf = 0.01073658500946863756, ||V_lower^k - V_lower^k-1||_inf = 0.00052559377698006143
    Local Iteration 142: ||V_upper^k - V_upper^k-1||_inf = 0.01030712160908989206, ||V_lower^k - V_lower^k-1||_inf = 0.00050457002590085891
    Local Iteration 143: ||V_upper^k - V_upper^k-1||_inf = 0.00989483674472629512, ||V_lower^k - V_lower^k-1||_inf = 0.00048438722486482400
    Local Iteration 144: ||V_upper^k - V_upper^k-1||_inf = 0.00949904327493724353, ||V_lower^k - V_lower^k-1||_inf = 0.00046501173587023062
    Local Iteration 145: ||V_upper^k - V_upper^k-1||_inf = 0.00911908154393975372, ||V_lower^k - V_lower^k-1||_inf = 0.00044641126643542133
    Local Iteration 146: ||V_upper^k - V_upper^k-1||_inf = 0.00875431828218216357, ||V_lower^k - V_lower^k-1||_inf = 0.00042782546680350010
    Local Iteration 147: ||V_upper^k - V_upper^k-1||_inf = 0.00840414555089487661, ||V_lower^k - V_lower^k-1||_inf = 0.00041071244813136072
    Local Iteration 148: ||V_upper^k - V_upper^k-1||_inf = 0.00806797972885908189, ||V_lower^k - V_lower^k-1||_inf = 0.00039428395020610699
    Local Iteration 149: ||V_upper^k - V_upper^k-1||_inf = 0.00774526053970471789, ||V_lower^k - V_lower^k-1||_inf = 0.00037851259219786118
    Local Iteration 150: ||V_upper^k - V_upper^k-1||_inf = 0.00740173881198852128, ||V_lower^k - V_lower^k-1||_inf = 0.00036337208850994659
    Local Iteration 151: ||V_upper^k - V_upper^k-1||_inf = 0.00023997486487103720, ||V_lower^k - V_lower^k-1||_inf = 0.00034883720496954769
    Local Iteration 152: ||V_upper^k - V_upper^k-1||_inf = 0.00023037587027619540, ||V_lower^k - V_lower^k-1||_inf = 0.00033488371677076537
    Local Iteration 153: ||V_upper^k - V_upper^k-1||_inf = 0.00022116083546514734, ||V_lower^k - V_lower^k-1||_inf = 0.00032148836809993506
    Local Iteration 154: ||V_upper^k - V_upper^k-1||_inf = 0.00021231440204654093, ||V_lower^k - V_lower^k-1||_inf = 0.00030862883337593773
    Local Iteration 155: ||V_upper^k - V_upper^k-1||_inf = 0.00020382182596467889, ||V_lower^k - V_lower^k-1||_inf = 0.00029628368004089994
    Local Iteration 156: ||V_upper^k - V_upper^k-1||_inf = 0.00019566895292609174, ||V_lower^k - V_lower^k-1||_inf = 0.00028443233283926422
    Local Iteration 157: ||V_upper^k - V_upper^k-1||_inf = 0.00018784219480904793, ||V_lower^k - V_lower^k-1||_inf = 0.00027305503952569296
    Local Iteration 158: ||V_upper^k - V_upper^k-1||_inf = 0.00018032850701668601, ||V_lower^k - V_lower^k-1||_inf = 0.00026213283794466503
    Local Iteration 159: ||V_upper^k - V_upper^k-1||_inf = 0.00017311536673601845, ||V_lower^k - V_lower^k-1||_inf = 0.00025164752442687760
    Local Iteration 160: ||V_upper^k - V_upper^k-1||_inf = 0.00016619075206657750, ||V_lower^k - V_lower^k-1||_inf = 0.00024158162344980246
    Local Iteration 161: ||V_upper^k - V_upper^k-1||_inf = 0.00015954312198391456, ||V_lower^k - V_lower^k-1||_inf = 0.00023191835851180988
    Local Iteration 162: ||V_upper^k - V_upper^k-1||_inf = 0.00015316139710455819, ||V_lower^k - V_lower^k-1||_inf = 0.00022264162417133700
    Local Iteration 163: ||V_upper^k - V_upper^k-1||_inf = 0.00014703494122037582, ||V_lower^k - V_lower^k-1||_inf = 0.00021373595920448369
    Local Iteration 164: ||V_upper^k - V_upper^k-1||_inf = 0.00014115354357156079, ||V_lower^k - V_lower^k-1||_inf = 0.00020518652083630420
    Local Iteration 165: ||V_upper^k - V_upper^k-1||_inf = 0.00013550740182869834, ||V_lower^k - V_lower^k-1||_inf = 0.00019697906000285242
    Local Iteration 166: ||V_upper^k - V_upper^k-1||_inf = 0.00013008710575555023, ||V_lower^k - V_lower^k-1||_inf = 0.00018909989760273853
    Local Iteration 167: ||V_upper^k - V_upper^k-1||_inf = 0.00012488362152532828, ||V_lower^k - V_lower^k-1||_inf = 0.00018153590169862899
    Local Iteration 168: ||V_upper^k - V_upper^k-1||_inf = 0.00011988827666431544, ||V_lower^k - V_lower^k-1||_inf = 0.00017427446563068362
    Local Iteration 169: ||V_upper^k - V_upper^k-1||_inf = 0.00011509274559774263, ||V_lower^k - V_lower^k-1||_inf = 0.00016730348700545652
    Local Iteration 170: ||V_upper^k - V_upper^k-1||_inf = 0.00011048903577383275, ||V_lower^k - V_lower^k-1||_inf = 0.00016061134752523836
    Local Iteration 171: ||V_upper^k - V_upper^k-1||_inf = 0.00010606947434287930, ||V_lower^k - V_lower^k-1||_inf = 0.00015418689362422903
    Local Iteration 172: ||V_upper^k - V_upper^k-1||_inf = 0.00010182669536916390, ||V_lower^k - V_lower^k-1||_inf = 0.00014801941787925994
    Local Iteration 173: ||V_upper^k - V_upper^k-1||_inf = 0.00009775362755439724, ||V_lower^k - V_lower^k-1||_inf = 0.00014209864116408993
    Local Iteration 174: ||V_upper^k - V_upper^k-1||_inf = 0.00009384348245222132, ||V_lower^k - V_lower^k-1||_inf = 0.00013635972097872720
    Local Iteration 175: ||V_upper^k - V_upper^k-1||_inf = 0.00009008974315413243, ||V_lower^k - V_lower^k-1||_inf = 0.00013090533213957816
    Local Iteration 176: ||V_upper^k - V_upper^k-1||_inf = 0.00008648615342796715, ||V_lower^k - V_lower^k-1||_inf = 0.00012566911885399535
    Local Iteration 177: ||V_upper^k - V_upper^k-1||_inf = 0.00008302670729084844, ||V_lower^k - V_lower^k-1||_inf = 0.00012064235409983562
    Local Iteration 178: ||V_upper^k - V_upper^k-1||_inf = 0.00007970563899921466, ||V_lower^k - V_lower^k-1||_inf = 0.00011581665993584201
    Local Iteration 179: ||V_upper^k - V_upper^k-1||_inf = 0.00007651741343924607, ||V_lower^k - V_lower^k-1||_inf = 0.00011118399353840817
    Local Iteration 180: ||V_upper^k - V_upper^k-1||_inf = 0.00007345671690167622, ||V_lower^k - V_lower^k-1||_inf = 0.00010665673901490581
    Local Iteration 181: ||V_upper^k - V_upper^k-1||_inf = 0.00007051844822560929, ||V_lower^k - V_lower^k-1||_inf = 0.00010239046945430957
    Local Iteration 182: ||V_upper^k - V_upper^k-1||_inf = 0.00006769771029658503, ||V_lower^k - V_lower^k-1||_inf = 0.00009829485067613724
    Local Iteration 183: ||V_upper^k - V_upper^k-1||_inf = 0.00006498980188472171, ||V_lower^k - V_lower^k-1||_inf = 0.00009436305664909175
    Local Iteration 184: ||V_upper^k - V_upper^k-1||_inf = 0.00006239020980933273, ||V_lower^k - V_lower^k-1||_inf = 0.00009058853438312798
    Local Iteration 185: ||V_upper^k - V_upper^k-1||_inf = 0.00005989460141695943, ||V_lower^k - V_lower^k-1||_inf = 0.00008696499300780286
    Local Iteration 186: ||V_upper^k - V_upper^k-1||_inf = 0.00005749881736028103, ||V_lower^k - V_lower^k-1||_inf = 0.00008348639328749070
    Local Iteration 187: ||V_upper^k - V_upper^k-1||_inf = 0.00005519886466586973, ||V_lower^k - V_lower^k-1||_inf = 0.00008012367733764786
    Local Iteration 188: ||V_upper^k - V_upper^k-1||_inf = 0.00005299091007923489, ||V_lower^k - V_lower^k-1||_inf = 0.00007691873024414210
    Local Iteration 189: ||V_upper^k - V_upper^k-1||_inf = 0.00005087127367606561, ||V_lower^k - V_lower^k-1||_inf = 0.00007384198103437640
    Local Iteration 190: ||V_upper^k - V_upper^k-1||_inf = 0.00004883642272902292, ||V_lower^k - V_lower^k-1||_inf = 0.00007052403613301257
    Local Iteration 191: ||V_upper^k - V_upper^k-1||_inf = 0.00004688296581986196, ||V_lower^k - V_lower^k-1||_inf = 0.00006770307468769213
    Local Iteration 192: ||V_upper^k - V_upper^k-1||_inf = 0.00004500764718706751, ||V_lower^k - V_lower^k-1||_inf = 0.00006499495170018445
    Local Iteration 193: ||V_upper^k - V_upper^k-1||_inf = 0.00004320734129958481, ||V_lower^k - V_lower^k-1||_inf = 0.00006239515363217710
    Local Iteration 194: ||V_upper^k - V_upper^k-1||_inf = 0.00004147904764760144, ||V_lower^k - V_lower^k-1||_inf = 0.00005989934748688993
    Local Iteration 195: ||V_upper^k - V_upper^k-1||_inf = 0.00003981988574169740, ||V_lower^k - V_lower^k-1||_inf = 0.00005750337358741424
    Local Iteration 196: ||V_upper^k - V_upper^k-1||_inf = 0.00003822709031202950, ||V_lower^k - V_lower^k-1||_inf = 0.00005520323864391776
    Local Iteration 197: ||V_upper^k - V_upper^k-1||_inf = 0.00003669800669954830, ||V_lower^k - V_lower^k-1||_inf = 0.00005299510909816097
    Local Iteration 198: ||V_upper^k - V_upper^k-1||_inf = 0.00003523008643156636, ||V_lower^k - V_lower^k-1||_inf = 0.00005082456794076114
    Local Iteration 199: ||V_upper^k - V_upper^k-1||_inf = 0.00003382088297430364, ||V_lower^k - V_lower^k-1||_inf = 0.00004879158522313066
    Local Iteration 200: ||V_upper^k - V_upper^k-1||_inf = 0.00003246804765533141, ||V_lower^k - V_lower^k-1||_inf = 0.00004683992181420539
    Local Iteration 201: ||V_upper^k - V_upper^k-1||_inf = 0.00003116932574911816, ||V_lower^k - V_lower^k-1||_inf = 0.00004496632494163720
    Local Iteration 202: ||V_upper^k - V_upper^k-1||_inf = 0.00002992255271915348, ||V_lower^k - V_lower^k-1||_inf = 0.00004316513490137128
    Local Iteration 203: ||V_upper^k - V_upper^k-1||_inf = 0.00002872565061038735, ||V_lower^k - V_lower^k-1||_inf = 0.00004143852950531642
    Local Iteration 204: ||V_upper^k - V_upper^k-1||_inf = 0.00002757662458597189, ||V_lower^k - V_lower^k-1||_inf = 0.00003978098832510372
    Local Iteration 205: ||V_upper^k - V_upper^k-1||_inf = 0.00002647355960253299, ||V_lower^k - V_lower^k-1||_inf = 0.00003818974879209950
    Local Iteration 206: ||V_upper^k - V_upper^k-1||_inf = 0.00002541461721843166, ||V_lower^k - V_lower^k-1||_inf = 0.00003666215884041545
    Local Iteration 207: ||V_upper^k - V_upper^k-1||_inf = 0.00002439803252969440, ||V_lower^k - V_lower^k-1||_inf = 0.00003519567248679890
    Local Iteration 208: ||V_upper^k - V_upper^k-1||_inf = 0.00002342211122850660, ||V_lower^k - V_lower^k-1||_inf = 0.00003378784558732690
    Local Iteration 209: ||V_upper^k - V_upper^k-1||_inf = 0.00002248522677936632, ||V_lower^k - V_lower^k-1||_inf = 0.00003243633176383380
    Local Iteration 210: ||V_upper^k - V_upper^k-1||_inf = 0.00002158581770819165, ||V_lower^k - V_lower^k-1||_inf = 0.00003113887849328040
    Local Iteration 211: ||V_upper^k - V_upper^k-1||_inf = 0.00002072238499986400, ||V_lower^k - V_lower^k-1||_inf = 0.00002989332335354925
    Local Iteration 212: ||V_upper^k - V_upper^k-1||_inf = 0.00001989348959986948, ||V_lower^k - V_lower^k-1||_inf = 0.00002869759041940732
    Local Iteration 213: ||V_upper^k - V_upper^k-1||_inf = 0.00001909775001587469, ||V_lower^k - V_lower^k-1||_inf = 0.00002754968680263102
    Local Iteration 214: ||V_upper^k - V_upper^k-1||_inf = 0.00001833384001523970, ||V_lower^k - V_lower^k-1||_inf = 0.00002644769933052575
    Local Iteration 215: ||V_upper^k - V_upper^k-1||_inf = 0.00001760048641463009, ||V_lower^k - V_lower^k-1||_inf = 0.00002538979135730467
    Local Iteration 216: ||V_upper^k - V_upper^k-1||_inf = 0.00001689646695804485, ||V_lower^k - V_lower^k-1||_inf = 0.00002433048620720940
    Local Iteration 217: ||V_upper^k - V_upper^k-1||_inf = 0.00001622060827972304, ||V_lower^k - V_lower^k-1||_inf = 0.00002335726675892105
    Local Iteration 218: ||V_upper^k - V_upper^k-1||_inf = 0.00001557178394853410, ||V_lower^k - V_lower^k-1||_inf = 0.00002242297608856417
    Local Iteration 219: ||V_upper^k - V_upper^k-1||_inf = 0.00001494891259059270, ||V_lower^k - V_lower^k-1||_inf = 0.00002152605704502160
    Local Iteration 220: ||V_upper^k - V_upper^k-1||_inf = 0.00001435095608696898, ||V_lower^k - V_lower^k-1||_inf = 0.00002066501476322071
    Local Iteration 221: ||V_upper^k - V_upper^k-1||_inf = 0.00001377691784349024, ||V_lower^k - V_lower^k-1||_inf = 0.00001983841417269185
    Local Iteration 222: ||V_upper^k - V_upper^k-1||_inf = 0.00001322584112975060, ||V_lower^k - V_lower^k-1||_inf = 0.00001904487760578418
    Local Iteration 223: ||V_upper^k - V_upper^k-1||_inf = 0.00001269680748456061, ||V_lower^k - V_lower^k-1||_inf = 0.00001828308250155280
    Local Iteration 224: ||V_upper^k - V_upper^k-1||_inf = 0.00001218893518517818, ||V_lower^k - V_lower^k-1||_inf = 0.00001755175920149066
    Local Iteration 225: ||V_upper^k - V_upper^k-1||_inf = 0.00001170137777777104, ||V_lower^k - V_lower^k-1||_inf = 0.00001684968883343104
    Local Iteration 226: ||V_upper^k - V_upper^k-1||_inf = 0.00001123332266666019, ||V_lower^k - V_lower^k-1||_inf = 0.00001617570128009378
    Local Iteration 227: ||V_upper^k - V_upper^k-1||_inf = 0.00001078398975999379, ||V_lower^k - V_lower^k-1||_inf = 0.00001552867322889007
    Local Iteration 228: ||V_upper^k - V_upper^k-1||_inf = 0.00001035263016959404, ||V_lower^k - V_lower^k-1||_inf = 0.00001490752629973446
    Local Iteration 229: ||V_upper^k - V_upper^k-1||_inf = 0.00000993852496281028, ||V_lower^k - V_lower^k-1||_inf = 0.00001431122524774508
    Local Iteration 230: ||V_upper^k - V_upper^k-1||_inf = 0.00000954098396429786, ||V_lower^k - V_lower^k-1||_inf = 0.00001373877623783525
    Local Iteration 231: ||V_upper^k - V_upper^k-1||_inf = 0.00000915934460572594, ||V_lower^k - V_lower^k-1||_inf = 0.00001318922518832186
    Local Iteration 232: ||V_upper^k - V_upper^k-1||_inf = 0.00000879297082149690, ||V_lower^k - V_lower^k-1||_inf = 0.00001266165618078898
    Local Iteration 233: ||V_upper^k - V_upper^k-1||_inf = 0.00000844125198863702, ||V_lower^k - V_lower^k-1||_inf = 0.00001215518993355740
    Local Iteration 234: ||V_upper^k - V_upper^k-1||_inf = 0.00000810360190909155, ||V_lower^k - V_lower^k-1||_inf = 0.00001166898233621508
    Local Iteration 235: ||V_upper^k - V_upper^k-1||_inf = 0.00000777945783272791, ||V_lower^k - V_lower^k-1||_inf = 0.00001120222304276647
    Local Iteration 236: ||V_upper^k - V_upper^k-1||_inf = 0.00000746827951941879, ||V_lower^k - V_lower^k-1||_inf = 0.00001075413412105581
    Local Iteration 237: ||V_upper^k - V_upper^k-1||_inf = 0.00000716954833864206, ||V_lower^k - V_lower^k-1||_inf = 0.00001032396875621356
    Local Iteration 238: ||V_upper^k - V_upper^k-1||_inf = 0.00000688276640509639, ||V_lower^k - V_lower^k-1||_inf = 0.00000991101000596503
    Local Iteration 239: ||V_upper^k - V_upper^k-1||_inf = 0.00000660745574889252, ||V_lower^k - V_lower^k-1||_inf = 0.00000951456960572643
    Local Iteration 240: ||V_upper^k - V_upper^k-1||_inf = 0.00000634315751893682, ||V_lower^k - V_lower^k-1||_inf = 0.00000913398682149738
    Local Iteration 241: ||V_upper^k - V_upper^k-1||_inf = 0.00000608943121817934, ||V_lower^k - V_lower^k-1||_inf = 0.00000876862734863748
    Local Iteration 242: ||V_upper^k - V_upper^k-1||_inf = 0.00000584585396945217, ||V_lower^k - V_lower^k-1||_inf = 0.00000841788225469198
    Local Iteration 243: ||V_upper^k - V_upper^k-1||_inf = 0.00000561201981067408, ||V_lower^k - V_lower^k-1||_inf = 0.00000808116696450432
    Local Iteration 244: ||V_upper^k - V_upper^k-1||_inf = 0.00000538753901824712, ||V_lower^k - V_lower^k-1||_inf = 0.00000775792028592415
    Local Iteration 245: ||V_upper^k - V_upper^k-1||_inf = 0.00000517203745751724, ||V_lower^k - V_lower^k-1||_inf = 0.00000744760347448720
    Local Iteration 246: ||V_upper^k - V_upper^k-1||_inf = 0.00000496515595921655, ||V_lower^k - V_lower^k-1||_inf = 0.00000714969933550771
    Local Iteration 247: ||V_upper^k - V_upper^k-1||_inf = 0.00000476654972084789, ||V_lower^k - V_lower^k-1||_inf = 0.00000686371136208739
    Local Iteration 248: ||V_upper^k - V_upper^k-1||_inf = 0.00000457588773201397, ||V_lower^k - V_lower^k-1||_inf = 0.00000658916290760390
    Local Iteration 249: ||V_upper^k - V_upper^k-1||_inf = 0.00000439285222273340, ||V_lower^k - V_lower^k-1||_inf = 0.00000632559639129974
    Local Iteration 250: ||V_upper^k - V_upper^k-1||_inf = 0.00000421713813382407, ||V_lower^k - V_lower^k-1||_inf = 0.00000607257253564775
    Local Iteration 251: ||V_upper^k - V_upper^k-1||_inf = 0.00000404845260847110, ||V_lower^k - V_lower^k-1||_inf = 0.00000582966963422185
    Local Iteration 252: ||V_upper^k - V_upper^k-1||_inf = 0.00000388651450413225, ||V_lower^k - V_lower^k-1||_inf = 0.00000559648284885296
    Local Iteration 253: ||V_upper^k - V_upper^k-1||_inf = 0.00000373105392396696, ||V_lower^k - V_lower^k-1||_inf = 0.00000537262353489883
    Local Iteration 254: ||V_upper^k - V_upper^k-1||_inf = 0.00000358181176700829, ||V_lower^k - V_lower^k-1||_inf = 0.00000515771859350289
    Local Iteration 255: ||V_upper^k - V_upper^k-1||_inf = 0.00000343853929632796, ||V_lower^k - V_lower^k-1||_inf = 0.00000495140984976277
    Local Iteration 256: ||V_upper^k - V_upper^k-1||_inf = 0.00000330099772447485, ||V_lower^k - V_lower^k-1||_inf = 0.00000475335345577226
    Local Iteration 257: ||V_upper^k - V_upper^k-1||_inf = 0.00000316895781549585, ||V_lower^k - V_lower^k-1||_inf = 0.00000456321931754137
    Local Iteration 258: ||V_upper^k - V_upper^k-1||_inf = 0.00000304219950287601, ||V_lower^k - V_lower^k-1||_inf = 0.00000438069054483972
    Local Iteration 259: ||V_upper^k - V_upper^k-1||_inf = 0.00000292051152276098, ||V_lower^k - V_lower^k-1||_inf = 0.00000420546292304613
    Local Iteration 260: ||V_upper^k - V_upper^k-1||_inf = 0.00000280369106185053, ||V_lower^k - V_lower^k-1||_inf = 0.00000403724440612429
    Local Iteration 261: ||V_upper^k - V_upper^k-1||_inf = 0.00000269154341937651, ||V_lower^k - V_lower^k-1||_inf = 0.00000387575462987931
    Local Iteration 262: ||V_upper^k - V_upper^k-1||_inf = 0.00000258388168260145, ||V_lower^k - V_lower^k-1||_inf = 0.00000372072444468414
    Local Iteration 263: ||V_upper^k - V_upper^k-1||_inf = 0.00000248052641529739, ||V_lower^k - V_lower^k-1||_inf = 0.00000357189546689678
    Local Iteration 264: ||V_upper^k - V_upper^k-1||_inf = 0.00000238130535868549, ||V_lower^k - V_lower^k-1||_inf = 0.00000342901964822091
    Local Iteration 265: ||V_upper^k - V_upper^k-1||_inf = 0.00000228410791171376, ||V_lower^k - V_lower^k-1||_inf = 0.00000328921191400536
    Local Iteration 266: ||V_upper^k - V_upper^k-1||_inf = 0.00000219274359524521, ||V_lower^k - V_lower^k-1||_inf = 0.00000315764343744515
    Local Iteration 267: ||V_upper^k - V_upper^k-1||_inf = 0.00000210503385143540, ||V_lower^k - V_lower^k-1||_inf = 0.00000303133769994734
    Local Iteration 268: ||V_upper^k - V_upper^k-1||_inf = 0.00000202083249737798, ||V_lower^k - V_lower^k-1||_inf = 0.00000291008419194946
    Local Iteration 269: ||V_upper^k - V_upper^k-1||_inf = 0.00000193999919748285, ||V_lower^k - V_lower^k-1||_inf = 0.00000279368082427148
    Local Iteration 270: ||V_upper^k - V_upper^k-1||_inf = 0.00000186239922958355, ||V_lower^k - V_lower^k-1||_inf = 0.00000268193359130063
    Local Iteration 271: ||V_upper^k - V_upper^k-1||_inf = 0.00000178790326040020, ||V_lower^k - V_lower^k-1||_inf = 0.00000257465624764860
    Local Iteration 272: ||V_upper^k - V_upper^k-1||_inf = 0.00000171638712998419, ||V_lower^k - V_lower^k-1||_inf = 0.00000247166999774266
    Local Iteration 273: ||V_upper^k - V_upper^k-1||_inf = 0.00000164773164478482, ||V_lower^k - V_lower^k-1||_inf = 0.00000237280319783295
    Local Iteration 274: ||V_upper^k - V_upper^k-1||_inf = 0.00000158182237899343, ||V_lower^k - V_lower^k-1||_inf = 0.00000227789106991963
    Local Iteration 275: ||V_upper^k - V_upper^k-1||_inf = 0.00000151854948383369, ||V_lower^k - V_lower^k-1||_inf = 0.00000218677542712284
    Local Iteration 276: ||V_upper^k - V_upper^k-1||_inf = 0.00000145780750448035, ||V_lower^k - V_lower^k-1||_inf = 0.00000209930441003793
    Local Iteration 277: ||V_upper^k - V_upper^k-1||_inf = 0.00000139949520430113, ||V_lower^k - V_lower^k-1||_inf = 0.00000201533223363642
    Local Iteration 278: ||V_upper^k - V_upper^k-1||_inf = 0.00000134351539612909, ||V_lower^k - V_lower^k-1||_inf = 0.00000193471894429096
    Local Iteration 279: ||V_upper^k - V_upper^k-1||_inf = 0.00000128977478028393, ||V_lower^k - V_lower^k-1||_inf = 0.00000185733018651933
    Local Iteration 280: ||V_upper^k - V_upper^k-1||_inf = 0.00000123818378907257, ||V_lower^k - V_lower^k-1||_inf = 0.00000178303697905855
    Local Iteration 281: ||V_upper^k - V_upper^k-1||_inf = 0.00000118865643750967, ||V_lower^k - V_lower^k-1||_inf = 0.00000171171549989621
    Local Iteration 282: ||V_upper^k - V_upper^k-1||_inf = 0.00000114111018000928, ||V_lower^k - V_lower^k-1||_inf = 0.00000164324687990036
    Local Iteration 283: ||V_upper^k - V_upper^k-1||_inf = 0.00000109546577280891, ||V_lower^k - V_lower^k-1||_inf = 0.00000157751700470435
    Local Iteration 284: ||V_upper^k - V_upper^k-1||_inf = 0.00000105164714189655, ||V_lower^k - V_lower^k-1||_inf = 0.00000151441632451617
    Local Iteration 285: ||V_upper^k - V_upper^k-1||_inf = 0.00000100958125622069, ||V_lower^k - V_lower^k-1||_inf = 0.00000145383967153553
    Local Iteration 286: ||V_upper^k - V_upper^k-1||_inf = 0.00000096919800597186, ||V_lower^k - V_lower^k-1||_inf = 0.00000139568608467411
    Local Iteration 287: ||V_upper^k - V_upper^k-1||_inf = 0.00000093043008573299, ||V_lower^k - V_lower^k-1||_inf = 0.00000133985864128714
    Local Iteration 288: ||V_upper^k - V_upper^k-1||_inf = 0.00000089321288230367, ||V_lower^k - V_lower^k-1||_inf = 0.00000128626429563565
    Local Iteration 289: ||V_upper^k - V_upper^k-1||_inf = 0.00000085748436701152, ||V_lower^k - V_lower^k-1||_inf = 0.00000123481372381023
    Local Iteration 290: ||V_upper^k - V_upper^k-1||_inf = 0.00000082318499233106, ||V_lower^k - V_lower^k-1||_inf = 0.00000118542117485782
    Local Iteration 291: ||V_upper^k - V_upper^k-1||_inf = 0.00000079025759263782, ||V_lower^k - V_lower^k-1||_inf = 0.00000113800432786351
    Local Iteration 292: ||V_upper^k - V_upper^k-1||_inf = 0.00000075864728893231, ||V_lower^k - V_lower^k-1||_inf = 0.00000109248415474897
    Local Iteration 293: ||V_upper^k - V_upper^k-1||_inf = 0.00000072830139737501, ||V_lower^k - V_lower^k-1||_inf = 0.00000104878478855901
    Local Iteration 294: ||V_upper^k - V_upper^k-1||_inf = 0.00000069916934148001, ||V_lower^k - V_lower^k-1||_inf = 0.00000100683339701665
    Local Iteration 295: ||V_upper^k - V_upper^k-1||_inf = 0.00000067120256782081, ||V_lower^k - V_lower^k-1||_inf = 0.00000096656006113598
    Local Iteration 296: ||V_upper^k - V_upper^k-1||_inf = 0.00000064435446510798, ||V_lower^k - V_lower^k-1||_inf = 0.00000092789765869054
    Local Iteration 297: ||V_upper^k - V_upper^k-1||_inf = 0.00000061858028650366, ||V_lower^k - V_lower^k-1||_inf = 0.00000089078175234292
    Local Iteration 298: ||V_upper^k - V_upper^k-1||_inf = 0.00000059383707504351, ||V_lower^k - V_lower^k-1||_inf = 0.00000085515048224920
    Local Iteration 299: ||V_upper^k - V_upper^k-1||_inf = 0.00000057008359204177, ||V_lower^k - V_lower^k-1||_inf = 0.00000082072060091542
    Local Iteration 300: ||V_upper^k - V_upper^k-1||_inf = 0.00000054728024836010, ||V_lower^k - V_lower^k-1||_inf = 0.00000078789177687880
    Local Iteration 301: ||V_upper^k - V_upper^k-1||_inf = 0.00000052538903842570, ||V_lower^k - V_lower^k-1||_inf = 0.00000075637610580365
    Local Iteration 302: ||V_upper^k - V_upper^k-1||_inf = 0.00000050437347688867, ||V_lower^k - V_lower^k-1||_inf = 0.00000072612106157150
    Local Iteration 303: ||V_upper^k - V_upper^k-1||_inf = 0.00000048419853781312, ||V_lower^k - V_lower^k-1||_inf = 0.00000069707621910864
    Local Iteration 304: ||V_upper^k - V_upper^k-1||_inf = 0.00000046483059630060, ||V_lower^k - V_lower^k-1||_inf = 0.00000066919317034430
    Local Iteration 305: ||V_upper^k - V_upper^k-1||_inf = 0.00000044623737244857, ||V_lower^k - V_lower^k-1||_inf = 0.00000064242544353053
    Local Iteration 306: ||V_upper^k - V_upper^k-1||_inf = 0.00000042838787755063, ||V_lower^k - V_lower^k-1||_inf = 0.00000061672842578931
    Local Iteration 307: ||V_upper^k - V_upper^k-1||_inf = 0.00000041125236244861, ||V_lower^k - V_lower^k-1||_inf = 0.00000059205928875773
    Local Iteration 308: ||V_upper^k - V_upper^k-1||_inf = 0.00000039480226795066, ||V_lower^k - V_lower^k-1||_inf = 0.00000056837691720743
    Local Iteration 309: ||V_upper^k - V_upper^k-1||_inf = 0.00000037901017723263, ||V_lower^k - V_lower^k-1||_inf = 0.00000054564184051913
    Local Iteration 310: ||V_upper^k - V_upper^k-1||_inf = 0.00000036082522093296, ||V_lower^k - V_lower^k-1||_inf = 0.00000052381616689836
    Local Iteration 311: ||V_upper^k - V_upper^k-1||_inf = 0.00000034639221209564, ||V_lower^k - V_lower^k-1||_inf = 0.00000050286352022243
    Local Iteration 312: ||V_upper^k - V_upper^k-1||_inf = 0.00000033253652361182, ||V_lower^k - V_lower^k-1||_inf = 0.00000048245025364080
    Local Iteration 313: ||V_upper^k - V_upper^k-1||_inf = 0.00000031923506266734, ||V_lower^k - V_lower^k-1||_inf = 0.00000046315224349517
    Local Iteration 314: ||V_upper^k - V_upper^k-1||_inf = 0.00000030646566016065, ||V_lower^k - V_lower^k-1||_inf = 0.00000044462615375536
    Local Iteration 315: ||V_upper^k - V_upper^k-1||_inf = 0.00000029420703375422, ||V_lower^k - V_lower^k-1||_inf = 0.00000042672663950209
    Local Iteration 316: ||V_upper^k - V_upper^k-1||_inf = 0.00000028243875240405, ||V_lower^k - V_lower^k-1||_inf = 0.00000040965757392200
    Local Iteration 317: ||V_upper^k - V_upper^k-1||_inf = 0.00000027114120230789, ||V_lower^k - V_lower^k-1||_inf = 0.00000039327127096512
    Local Iteration 318: ||V_upper^k - V_upper^k-1||_inf = 0.00000026029555421558, ||V_lower^k - V_lower^k-1||_inf = 0.00000037754042012652
    Local Iteration 319: ||V_upper^k - V_upper^k-1||_inf = 0.00000024988373204695, ||V_lower^k - V_lower^k-1||_inf = 0.00000036243880332146
    Local Iteration 320: ||V_upper^k - V_upper^k-1||_inf = 0.00000023988838276508, ||V_lower^k - V_lower^k-1||_inf = 0.00000034794125118860
    Local Iteration 321: ||V_upper^k - V_upper^k-1||_inf = 0.00000023029284745447, ||V_lower^k - V_lower^k-1||_inf = 0.00000033402360114105
    Local Iteration 322: ||V_upper^k - V_upper^k-1||_inf = 0.00000022108113355629, ||V_lower^k - V_lower^k-1||_inf = 0.00000032065031430509
    Local Iteration 323: ||V_upper^k - V_upper^k-1||_inf = 0.00000021218825470586, ||V_lower^k - V_lower^k-1||_inf = 0.00000030782430173289
    Local Iteration 324: ||V_upper^k - V_upper^k-1||_inf = 0.00000020370072451763, ||V_lower^k - V_lower^k-1||_inf = 0.00000029551132966357
    Local Iteration 325: ||V_upper^k - V_upper^k-1||_inf = 0.00000019555269553692, ||V_lower^k - V_lower^k-1||_inf = 0.00000028369087647703
    Local Iteration 326: ||V_upper^k - V_upper^k-1||_inf = 0.00000018773058771545, ||V_lower^k - V_lower^k-1||_inf = 0.00000027234324141795
    Local Iteration 327: ||V_upper^k - V_upper^k-1||_inf = 0.00000018022136420683, ||V_lower^k - V_lower^k-1||_inf = 0.00000026144951176123
    Local Iteration 328: ||V_upper^k - V_upper^k-1||_inf = 0.00000017301250963856, ||V_lower^k - V_lower^k-1||_inf = 0.00000025097142354144
    Local Iteration 329: ||V_upper^k - V_upper^k-1||_inf = 0.00000016609200925301, ||V_lower^k - V_lower^k-1||_inf = 0.00000024093256659978
    Local Iteration 330: ||V_upper^k - V_upper^k-1||_inf = 0.00000015944832888289, ||V_lower^k - V_lower^k-1||_inf = 0.00000023129526393579
    Local Iteration 331: ||V_upper^k - V_upper^k-1||_inf = 0.00000015307039572758, ||V_lower^k - V_lower^k-1||_inf = 0.00000022204345337836
    Local Iteration 332: ||V_upper^k - V_upper^k-1||_inf = 0.00000014694757989847, ||V_lower^k - V_lower^k-1||_inf = 0.00000021316171524322
    Local Iteration 333: ||V_upper^k - V_upper^k-1||_inf = 0.00000014106967670254, ||V_lower^k - V_lower^k-1||_inf = 0.00000020463524663349
    Local Iteration 334: ||V_upper^k - V_upper^k-1||_inf = 0.00000013542688963443, ||V_lower^k - V_lower^k-1||_inf = 0.00000019644983676815
    Local Iteration 335: ||V_upper^k - V_upper^k-1||_inf = 0.00000013000981404906, ||V_lower^k - V_lower^k-1||_inf = 0.00000018859184329743
    Local Iteration 336: ||V_upper^k - V_upper^k-1||_inf = 0.00000012480942148709, ||V_lower^k - V_lower^k-1||_inf = 0.00000018104816956553
    Local Iteration 337: ||V_upper^k - V_upper^k-1||_inf = 0.00000011959860176667, ||V_lower^k - V_lower^k-1||_inf = 0.00000017380624278291
    Local Iteration 338: ||V_upper^k - V_upper^k-1||_inf = 0.00000011481465769601, ||V_lower^k - V_lower^k-1||_inf = 0.00000016685399307159
    Local Iteration 339: ||V_upper^k - V_upper^k-1||_inf = 0.00000011022207138817, ||V_lower^k - V_lower^k-1||_inf = 0.00000016017983334873
    Local Iteration 340: ||V_upper^k - V_upper^k-1||_inf = 0.00000010581318853264, ||V_lower^k - V_lower^k-1||_inf = 0.00000015377264001478
    Local Iteration 341: ||V_upper^k - V_upper^k-1||_inf = 0.00000010158066099133, ||V_lower^k - V_lower^k-1||_inf = 0.00000014762173441419
    Local Iteration 342: ||V_upper^k - V_upper^k-1||_inf = 0.00000009751743455168, ||V_lower^k - V_lower^k-1||_inf = 0.00000014171686503762
    Local Iteration 343: ||V_upper^k - V_upper^k-1||_inf = 0.00000009361673716961, ||V_lower^k - V_lower^k-1||_inf = 0.00000013604819043612
    Local Iteration 344: ||V_upper^k - V_upper^k-1||_inf = 0.00000008987206768283, ||V_lower^k - V_lower^k-1||_inf = 0.00000013060626281867
    Local Iteration 345: ||V_upper^k - V_upper^k-1||_inf = 0.00000008627718497552, ||V_lower^k - V_lower^k-1||_inf = 0.00000012538201230593
    Local Iteration 346: ||V_upper^k - V_upper^k-1||_inf = 0.00000008282609757650, ||V_lower^k - V_lower^k-1||_inf = 0.00000012036673181369
    Local Iteration 347: ||V_upper^k - V_upper^k-1||_inf = 0.00000007951305367344, ||V_lower^k - V_lower^k-1||_inf = 0.00000011555206254114
    Local Iteration 348: ||V_upper^k - V_upper^k-1||_inf = 0.00000007633253152650, ||V_lower^k - V_lower^k-1||_inf = 0.00000011092998003950
    Local Iteration 349: ||V_upper^k - V_upper^k-1||_inf = 0.00000007327923026544, ||V_lower^k - V_lower^k-1||_inf = 0.00000010649278083791
    Local Iteration 350: ||V_upper^k - V_upper^k-1||_inf = 0.00000007028740501991, ||V_lower^k - V_lower^k-1||_inf = 0.00000010223306960440
    Local Iteration 351: ||V_upper^k - V_upper^k-1||_inf = 0.00000006747590881911, ||V_lower^k - V_lower^k-1||_inf = 0.00000009814374682022
    Local Iteration 352: ||V_upper^k - V_upper^k-1||_inf = 0.00000006477687246635, ||V_lower^k - V_lower^k-1||_inf = 0.00000009421799694741
    Local Iteration 353: ||V_upper^k - V_upper^k-1||_inf = 0.00000006218579756769, ||V_lower^k - V_lower^k-1||_inf = 0.00000009044927706952
    Local Iteration 354: ||V_upper^k - V_upper^k-1||_inf = 0.00000005969836566498, ||V_lower^k - V_lower^k-1||_inf = 0.00000008683130598674
    Local Iteration 355: ||V_upper^k - V_upper^k-1||_inf = 0.00000005731043103839, ||V_lower^k - V_lower^k-1||_inf = 0.00000008335805374727
    Local Iteration 356: ||V_upper^k - V_upper^k-1||_inf = 0.00000005501801379685, ||V_lower^k - V_lower^k-1||_inf = 0.00000008002373159738
    Local Iteration 357: ||V_upper^k - V_upper^k-1||_inf = 0.00000005281729324498, ||V_lower^k - V_lower^k-1||_inf = 0.00000007682278233348
    Local Iteration 358: ||V_upper^k - V_upper^k-1||_inf = 0.00000005070460151518, ||V_lower^k - V_lower^k-1||_inf = 0.00000007374987104014
    Local Iteration 359: ||V_upper^k - V_upper^k-1||_inf = 0.00000004867641745457, ||V_lower^k - V_lower^k-1||_inf = 0.00000007079987619854
    Local Iteration 360: ||V_upper^k - V_upper^k-1||_inf = 0.00000004672936075639, ||V_lower^k - V_lower^k-1||_inf = 0.00000006796788115059
    Local Iteration 361: ||V_upper^k - V_upper^k-1||_inf = 0.00000004486018632613, ||V_lower^k - V_lower^k-1||_inf = 0.00000006524916590457
    Local Iteration 362: ||V_upper^k - V_upper^k-1||_inf = 0.00000004306577887309, ||V_lower^k - V_lower^k-1||_inf = 0.00000006263919926839
    Local Iteration 363: ||V_upper^k - V_upper^k-1||_inf = 0.00000004134314771816, ||V_lower^k - V_lower^k-1||_inf = 0.00000006013363129765
    Local Iteration 364: ||V_upper^k - V_upper^k-1||_inf = 0.00000003968942180944, ||V_lower^k - V_lower^k-1||_inf = 0.00000005772828604575
    Local Iteration 365: ||V_upper^k - V_upper^k-1||_inf = 0.00000003810184493706, ||V_lower^k - V_lower^k-1||_inf = 0.00000005541915460392
    Local Iteration 366: ||V_upper^k - V_upper^k-1||_inf = 0.00000003657777113958, ||V_lower^k - V_lower^k-1||_inf = 0.00000005320238841976
    Local Iteration 367: ||V_upper^k - V_upper^k-1||_inf = 0.00000003511466029399, ||V_lower^k - V_lower^k-1||_inf = 0.00000005107429288297
    Local Iteration 368: ||V_upper^k - V_upper^k-1||_inf = 0.00000003371007388223, ||V_lower^k - V_lower^k-1||_inf = 0.00000004903132116765
    Local Iteration 369: ||V_upper^k - V_upper^k-1||_inf = 0.00000003236167092694, ||V_lower^k - V_lower^k-1||_inf = 0.00000004707006832094
    Local Iteration 370: ||V_upper^k - V_upper^k-1||_inf = 0.00000003106720408987, ||V_lower^k - V_lower^k-1||_inf = 0.00000004518726558811
    Local Iteration 371: ||V_upper^k - V_upper^k-1||_inf = 0.00000002982451592627, ||V_lower^k - V_lower^k-1||_inf = 0.00000004337977496458
    Local Iteration 372: ||V_upper^k - V_upper^k-1||_inf = 0.00000002863153528922, ||V_lower^k - V_lower^k-1||_inf = 0.00000004164458396600
    Local Iteration 373: ||V_upper^k - V_upper^k-1||_inf = 0.00000002748627387765, ||V_lower^k - V_lower^k-1||_inf = 0.00000003997880060736
    Local Iteration 374: ||V_upper^k - V_upper^k-1||_inf = 0.00000002638682292255, ||V_lower^k - V_lower^k-1||_inf = 0.00000003837964858306
    Local Iteration 375: ||V_upper^k - V_upper^k-1||_inf = 0.00000002533135000564, ||V_lower^k - V_lower^k-1||_inf = 0.00000003684446263974
    Local Iteration 376: ||V_upper^k - V_upper^k-1||_inf = 0.00000002431809600542, ||V_lower^k - V_lower^k-1||_inf = 0.00000003537068413415
    Local Iteration 377: ||V_upper^k - V_upper^k-1||_inf = 0.00000002334537216520, ||V_lower^k - V_lower^k-1||_inf = 0.00000003395585676879
    Local Iteration 378: ||V_upper^k - V_upper^k-1||_inf = 0.00000002241155727859, ||V_lower^k - V_lower^k-1||_inf = 0.00000003259762249803
    Local Iteration 379: ||V_upper^k - V_upper^k-1||_inf = 0.00000002151509498745, ||V_lower^k - V_lower^k-1||_inf = 0.00000003129371759811
    Local Iteration 380: ||V_upper^k - V_upper^k-1||_inf = 0.00000002065449118795, ||V_lower^k - V_lower^k-1||_inf = 0.00000003004196889419
    Local Iteration 381: ||V_upper^k - V_upper^k-1||_inf = 0.00000001982831154043, ||V_lower^k - V_lower^k-1||_inf = 0.00000002884029013842
    Local Iteration 382: ||V_upper^k - V_upper^k-1||_inf = 0.00000001903517907882, ||V_lower^k - V_lower^k-1||_inf = 0.00000002768667853288
    Local Iteration 383: ||V_upper^k - V_upper^k-1||_inf = 0.00000001827377191566, ||V_lower^k - V_lower^k-1||_inf = 0.00000002657921139157
    Local Iteration 384: ||V_upper^k - V_upper^k-1||_inf = 0.00000001754282103904, ||V_lower^k - V_lower^k-1||_inf = 0.00000002551604293591
    Local Iteration 385: ||V_upper^k - V_upper^k-1||_inf = 0.00000001684110819748, ||V_lower^k - V_lower^k-1||_inf = 0.00000002449540121847
    Local Iteration 386: ||V_upper^k - V_upper^k-1||_inf = 0.00000001616746386958, ||V_lower^k - V_lower^k-1||_inf = 0.00000002351558516973
    Local Iteration 387: ||V_upper^k - V_upper^k-1||_inf = 0.00000001552076531479, ||V_lower^k - V_lower^k-1||_inf = 0.00000002257496176294
    Local Iteration 388: ||V_upper^k - V_upper^k-1||_inf = 0.00000001489993470220, ||V_lower^k - V_lower^k-1||_inf = 0.00000002167196329242
    Local Iteration 389: ||V_upper^k - V_upper^k-1||_inf = 0.00000001430393731411, ||V_lower^k - V_lower^k-1||_inf = 0.00000002080508476073
    Local Iteration 390: ||V_upper^k - V_upper^k-1||_inf = 0.00000001373177982155, ||V_lower^k - V_lower^k-1||_inf = 0.00000001997288137030
    Local Iteration 391: ||V_upper^k - V_upper^k-1||_inf = 0.00000001318250862869, ||V_lower^k - V_lower^k-1||_inf = 0.00000001917396611549
    Local Iteration 392: ||V_upper^k - V_upper^k-1||_inf = 0.00000001265520828354, ||V_lower^k - V_lower^k-1||_inf = 0.00000001840700747087
    Local Iteration 393: ||V_upper^k - V_upper^k-1||_inf = 0.00000001214899995220, ||V_lower^k - V_lower^k-1||_inf = 0.00000001767072717203
    Local Iteration 394: ||V_upper^k - V_upper^k-1||_inf = 0.00000001166303995411, ||V_lower^k - V_lower^k-1||_inf = 0.00000001696389808515
    Local Iteration 395: ||V_upper^k - V_upper^k-1||_inf = 0.00000001119651835595, ||V_lower^k - V_lower^k-1||_inf = 0.00000001628534216174
    Local Iteration 396: ||V_upper^k - V_upper^k-1||_inf = 0.00000001074865762171, ||V_lower^k - V_lower^k-1||_inf = 0.00000001563392847528
    Local Iteration 397: ||V_upper^k - V_upper^k-1||_inf = 0.00000001031871131684, ||V_lower^k - V_lower^k-1||_inf = 0.00000001500857133626
    Local Iteration 398: ||V_upper^k - V_upper^k-1||_inf = 0.00000000990596286417, ||V_lower^k - V_lower^k-1||_inf = 0.00000001440822848281
    Local Iteration 399: ||V_upper^k - V_upper^k-1||_inf = 0.00000000950972434960, ||V_lower^k - V_lower^k-1||_inf = 0.00000001383189934350
    Local Iteration 400: ||V_upper^k - V_upper^k-1||_inf = 0.00000000912933537562, ||V_lower^k - V_lower^k-1||_inf = 0.00000001327862336976
    Local Iteration 401: ||V_upper^k - V_upper^k-1||_inf = 0.00000000876416196059, ||V_lower^k - V_lower^k-1||_inf = 0.00000001274434478730
    Local Iteration 402: ||V_upper^k - V_upper^k-1||_inf = 0.00000000841359548217, ||V_lower^k - V_lower^k-1||_inf = 0.00000001223457099580
    Local Iteration 403: ||V_upper^k - V_upper^k-1||_inf = 0.00000000807705166288, ||V_lower^k - V_lower^k-1||_inf = 0.00000001174518815597
    Local Iteration 404: ||V_upper^k - V_upper^k-1||_inf = 0.00000000775396959637, ||V_lower^k - V_lower^k-1||_inf = 0.00000001127538062973
    Local Iteration 405: ||V_upper^k - V_upper^k-1||_inf = 0.00000000744381081251, ||V_lower^k - V_lower^k-1||_inf = 0.00000001082436540454
    Local Iteration 406: ||V_upper^k - V_upper^k-1||_inf = 0.00000000714605838001, ||V_lower^k - V_lower^k-1||_inf = 0.00000001039139078836
    Local Iteration 407: ||V_upper^k - V_upper^k-1||_inf = 0.00000000686021604481, ||V_lower^k - V_lower^k-1||_inf = 0.00000000996553996041

==================================================
 LOCAL CONVERGENCE ACHIEVED
==================================================
  ||V_upper^k - V_upper^k-1||_inf = 6.86021604480990828609e-09 < tolerance = 1e-08
  ||V_lower^k - V_lower^k-1||_inf = 9.96553996041481218347e-09 < tolerance = 1e-08
  Converged in 407 iterations
  V_lower increased from min(l_lower, r_lower); smallest step 0.000e+00
    Local VI completed in 407 iterations
    Final convergence values:
      ||V_upper^final - V_upper^prev||_inf = 6.86021604e-09
      ||V_lower^final - V_lower^prev||_inf = 9.96553996e-09
  Local VI completed in 407 iterations, time: 3.265s
    Final ||V_upper^k - V_upper^k-1||_inf = 6.86021604480990828609e-09
    Final ||V_lower^k - V_lower^k-1||_inf = 9.96553996041481218347e-09
  Saved visualization: /Users/i.k.tabbara/Documents/python directory/HSCC_2027/refactored_Implementations/results_hscc_2027_modified_init/ra_discount/van_der_pol_res40_eps0.001_dmin1e-08_dmax1e-08_gamma0.96_dt0.01_tau0.01_std/value_function_phase_12_complete.png
  Phase 12 completed in 4.57s with 4634500 leaf cells

Classification after phase 12:
  Safe:           415107 cells (  9.0%),   16.5% of state space
  Unsafe:         316754 cells (  6.8%),   23.9% of state space
  Unclassified:  3902639 cells ( 84.2%),   59.5% of state space

======================================================================
REFINEMENT PHASE 13
======================================================================
Boundary cells: 3902639
  Refinable (>eta_min=0.000354): 3902639
  Below threshold: 0
  Cumulative refined: 4632900
  Refinable cell size statistics:
    Max:    0.002266
    Mean:   0.002266
    Min:    0.002266
    Median: 0.002266
  Refining 3902639 cells...
    Refined: 3902639 parent cells
    Created: 7805278 child cells
    Total cells: 8537139
    Refinement time: 0.536s
    Cumulative refined: 8535539
  Rebuilding spatial index...
  Building spatial index for 8537139 cells...
   Spatial index built in 1.80s
    Spatial index rebuilt in 1.795s
  Initializing 7805278 new cells...
  Initializing 7805278 new cells in parallel...
   Initialized in 0.03s (288417623.6 cells/s)
    Initialization completed in 0.027s
  Starting local value iteration...
  Reinitializing ALL 8537139 cells (V_lower = min(l, r), V_upper = l)
   Reinitialized 8537139 cells in 0.02s (440244045.0 cells/s)
  Local VI: updating all 8537139 cells
    Conservative mode: False
    Convergence tolerance: 1e-08
    Max iterations: 20000
    Updating successor cache for 7805278 updated cells...
    Updating successor cache for 7805278 new cells (HYBRID)...
      Affected cells: 7808155
   Trajectories + spatial queries computed in 0.72s (10799643.7 tasks/s)
    Breakdown: 34.2% ODE, 65.8% queries
     Cache updated in 1.13s (6907835.2 tasks/s)
    Local Iteration   1: ||V_upper^k - V_upper^k-1||_inf = 4.08968913564991254361, ||V_lower^k - V_lower^k-1||_inf = 3.99484477945168681146
    Local Iteration   2: ||V_upper^k - V_upper^k-1||_inf = 3.80896525035328537001, ||V_lower^k - V_lower^k-1||_inf = 3.71362286890487425239
    Local Iteration   3: ||V_upper^k - V_upper^k-1||_inf = 3.55917803769511831291, ||V_lower^k - V_lower^k-1||_inf = 3.48878040110247589212
    Local Iteration   4: ||V_upper^k - V_upper^k-1||_inf = 3.32577992813652123516, ||V_lower^k - V_lower^k-1||_inf = 3.25776127393884529226
    Local Iteration   5: ||V_upper^k - V_upper^k-1||_inf = 3.11842335679553039895, ||V_lower^k - V_lower^k-1||_inf = 3.07007722666910876086
    Local Iteration   6: ||V_upper^k - V_upper^k-1||_inf = 2.93417459038568972929, ||V_lower^k - V_lower^k-1||_inf = 2.87882320325655438609
    Local Iteration   7: ||V_upper^k - V_upper^k-1||_inf = 2.75213777916642898802, ||V_lower^k - V_lower^k-1||_inf = 2.71505301479622573879
    Local Iteration   8: ||V_upper^k - V_upper^k-1||_inf = 2.59058560169354556990, ||V_lower^k - V_lower^k-1||_inf = 2.57861667739507582908
    Local Iteration   9: ||V_upper^k - V_upper^k-1||_inf = 2.43208842647777778723, ||V_lower^k - V_lower^k-1||_inf = 2.40712110829653047617
    Local Iteration  10: ||V_upper^k - V_upper^k-1||_inf = 2.26511739080180340977, ||V_lower^k - V_lower^k-1||_inf = 2.26670430587138804768
    Local Iteration  11: ||V_upper^k - V_upper^k-1||_inf = 2.17237528138514601750, ||V_lower^k - V_lower^k-1||_inf = 2.12223399332541928786
    Local Iteration  12: ||V_upper^k - V_upper^k-1||_inf = 2.08548027012974035443, ||V_lower^k - V_lower^k-1||_inf = 1.98562860396246154693
    Local Iteration  13: ||V_upper^k - V_upper^k-1||_inf = 2.00206105932455047380, ||V_lower^k - V_lower^k-1||_inf = 1.85809246218690082841
    Local Iteration  14: ||V_upper^k - V_upper^k-1||_inf = 1.92197861695156824169, ||V_lower^k - V_lower^k-1||_inf = 1.77911241472572445588
    Local Iteration  15: ||V_upper^k - V_upper^k-1||_inf = 1.84509947227350545873, ||V_lower^k - V_lower^k-1||_inf = 1.68963053836084542425
    Local Iteration  16: ||V_upper^k - V_upper^k-1||_inf = 1.77129549338256531144, ||V_lower^k - V_lower^k-1||_inf = 1.59879956245528331849
    Local Iteration  17: ||V_upper^k - V_upper^k-1||_inf = 1.70044367364726256575, ||V_lower^k - V_lower^k-1||_inf = 1.53269132444617994793
    Local Iteration  18: ||V_upper^k - V_upper^k-1||_inf = 1.63242592670137209865, ||V_lower^k - V_lower^k-1||_inf = 1.47036130992303060161
    Local Iteration  19: ||V_upper^k - V_upper^k-1||_inf = 1.56712888963331709036, ||V_lower^k - V_lower^k-1||_inf = 1.40770214279293348625
    Local Iteration  20: ||V_upper^k - V_upper^k-1||_inf = 1.50444373404798437122, ||V_lower^k - V_lower^k-1||_inf = 1.31759339650138196376
    Local Iteration  21: ||V_upper^k - V_upper^k-1||_inf = 1.44426598468606504078, ||V_lower^k - V_lower^k-1||_inf = 1.23891568979504418380
    Local Iteration  22: ||V_upper^k - V_upper^k-1||_inf = 1.38649534529862239474, ||V_lower^k - V_lower^k-1||_inf = 1.18758137026897858668
    Local Iteration  23: ||V_upper^k - V_upper^k-1||_inf = 1.33103553148667730355, ||V_lower^k - V_lower^k-1||_inf = 1.12009475320338824922
    Local Iteration  24: ||V_upper^k - V_upper^k-1||_inf = 1.27779411022721034463, ||V_lower^k - V_lower^k-1||_inf = 1.07529096307525273701
    Local Iteration  25: ||V_upper^k - V_upper^k-1||_inf = 1.22668234581812196637, ||V_lower^k - V_lower^k-1||_inf = 1.03186264171728403483
    Local Iteration  26: ||V_upper^k - V_upper^k-1||_inf = 1.17761505198539695449, ||V_lower^k - V_lower^k-1||_inf = 0.99000018032288816805
    Local Iteration  27: ||V_upper^k - V_upper^k-1||_inf = 1.13051044990598104079, ||V_lower^k - V_lower^k-1||_inf = 0.93079144725926488135
    Local Iteration  28: ||V_upper^k - V_upper^k-1||_inf = 1.08529003190974182580, ||V_lower^k - V_lower^k-1||_inf = 0.89182041933959754765
    Local Iteration  29: ||V_upper^k - V_upper^k-1||_inf = 1.04187843063335217053, ||V_lower^k - V_lower^k-1||_inf = 0.83381951064888393255
    Local Iteration  30: ||V_upper^k - V_upper^k-1||_inf = 1.00020329340801783502, ||V_lower^k - V_lower^k-1||_inf = 0.78097301498990279178
    Local Iteration  31: ||V_upper^k - V_upper^k-1||_inf = 0.96019516167169716159, ||V_lower^k - V_lower^k-1||_inf = 0.74793311710206222820
    Local Iteration  32: ||V_upper^k - V_upper^k-1||_inf = 0.92178735520482923960, ||V_lower^k - V_lower^k-1||_inf = 0.71801579241797963693
    Local Iteration  33: ||V_upper^k - V_upper^k-1||_inf = 0.88491586099663599452, ||V_lower^k - V_lower^k-1||_inf = 0.67062070255883787784
    Local Iteration  34: ||V_upper^k - V_upper^k-1||_inf = 0.84951922655677059026, ||V_lower^k - V_lower^k-1||_inf = 0.54858303917495743196
    Local Iteration  35: ||V_upper^k - V_upper^k-1||_inf = 0.81553845749449971336, ||V_lower^k - V_lower^k-1||_inf = 0.51442085045808760846
    Local Iteration  36: ||V_upper^k - V_upper^k-1||_inf = 0.78291691919471961825, ||V_lower^k - V_lower^k-1||_inf = 0.49185283612350161331
    Local Iteration  37: ||V_upper^k - V_upper^k-1||_inf = 0.75160024242693079799, ||V_lower^k - V_lower^k-1||_inf = 0.47186769498110281429
    Local Iteration  38: ||V_upper^k - V_upper^k-1||_inf = 0.72153623272985356607, ||V_lower^k - V_lower^k-1||_inf = 0.45269450982822173613
    Local Iteration  39: ||V_upper^k - V_upper^k-1||_inf = 0.69267478342065935681, ||V_lower^k - V_lower^k-1||_inf = 0.43401396793943747277
    Local Iteration  40: ||V_upper^k - V_upper^k-1||_inf = 0.66496779208383305360, ||V_lower^k - V_lower^k-1||_inf = 0.41582939025264370470
    Local Iteration  41: ||V_upper^k - V_upper^k-1||_inf = 0.63836908040047968260, ||V_lower^k - V_lower^k-1||_inf = 0.38828913582478624678
    Local Iteration  42: ||V_upper^k - V_upper^k-1||_inf = 0.61283431718446046421, ||V_lower^k - V_lower^k-1||_inf = 0.37275757039179480135
    Local Iteration  43: ||V_upper^k - V_upper^k-1||_inf = 0.58832094449708205453, ||V_lower^k - V_lower^k-1||_inf = 0.35687396493208328740
    Local Iteration  44: ||V_upper^k - V_upper^k-1||_inf = 0.56478810671719870129, ||V_lower^k - V_lower^k-1||_inf = 0.34166600803290891886
    Local Iteration  45: ||V_upper^k - V_upper^k-1||_inf = 0.54219658244851076656, ||V_lower^k - V_lower^k-1||_inf = 0.31850790829809583204
    Local Iteration  46: ||V_upper^k - V_upper^k-1||_inf = 0.52050871915057028705, ||V_lower^k - V_lower^k-1||_inf = 0.30576759196617198100
    Local Iteration  47: ||V_upper^k - V_upper^k-1||_inf = 0.49968837038454749777, ||V_lower^k - V_lower^k-1||_inf = 0.29312340120918012332
    Local Iteration  48: ||V_upper^k - V_upper^k-1||_inf = 0.47970083556916554013, ||V_lower^k - V_lower^k-1||_inf = 0.28040736965629464716
    Local Iteration  49: ||V_upper^k - V_upper^k-1||_inf = 0.46051280214639889188, ||V_lower^k - V_lower^k-1||_inf = 0.26054011710947477809
    Local Iteration  50: ||V_upper^k - V_upper^k-1||_inf = 0.44209229006054295841, ||V_lower^k - V_lower^k-1||_inf = 0.25011851242509580695
    Local Iteration  51: ||V_upper^k - V_upper^k-1||_inf = 0.42440859845812123341, ||V_lower^k - V_lower^k-1||_inf = 0.24011377192809196801
    Local Iteration  52: ||V_upper^k - V_upper^k-1||_inf = 0.40743225451979636631, ||V_lower^k - V_lower^k-1||_inf = 0.22130844667894655764
    Local Iteration  53: ||V_upper^k - V_upper^k-1||_inf = 0.39113496433900452054, ||V_lower^k - V_lower^k-1||_inf = 0.21245610881178866869
    Local Iteration  54: ||V_upper^k - V_upper^k-1||_inf = 0.37548956576544434416, ||V_lower^k - V_lower^k-1||_inf = 0.19512512106217627661
    Local Iteration  55: ||V_upper^k - V_upper^k-1||_inf = 0.36046998313482653264, ||V_lower^k - V_lower^k-1||_inf = 0.18702183095032670623
    Local Iteration  56: ||V_upper^k - V_upper^k-1||_inf = 0.34605118380943344913, ||V_lower^k - V_lower^k-1||_inf = 0.17222798445572723436
    Local Iteration  57: ||V_upper^k - V_upper^k-1||_inf = 0.33220913645705607564, ||V_lower^k - V_lower^k-1||_inf = 0.16449396279326058967
    Local Iteration  58: ||V_upper^k - V_upper^k-1||_inf = 0.31892077099877386148, ||V_lower^k - V_lower^k-1||_inf = 0.15791420428153013500
    Local Iteration  59: ||V_upper^k - V_upper^k-1||_inf = 0.30616394015882286705, ||V_lower^k - V_lower^k-1||_inf = 0.15159763611026891295
    Local Iteration  60: ||V_upper^k - V_upper^k-1||_inf = 0.29391738255246996347, ||V_lower^k - V_lower^k-1||_inf = 0.14553373066585817419
    Local Iteration  61: ||V_upper^k - V_upper^k-1||_inf = 0.28216068725037113385, ||V_lower^k - V_lower^k-1||_inf = 0.13322801847694182298
    Local Iteration  62: ||V_upper^k - V_upper^k-1||_inf = 0.27087425976035628405, ||V_lower^k - V_lower^k-1||_inf = 0.12720998748315701099
    Local Iteration  63: ||V_upper^k - V_upper^k-1||_inf = 0.26003928936994202825, ||V_lower^k - V_lower^k-1||_inf = 0.12212158798383074276
    Local Iteration  64: ||V_upper^k - V_upper^k-1||_inf = 0.24963771779514432048, ||V_lower^k - V_lower^k-1||_inf = 0.11123428140465760339
    Local Iteration  65: ||V_upper^k - V_upper^k-1||_inf = 0.23965220908333856320, ||V_lower^k - V_lower^k-1||_inf = 0.10678491014847132923
    Local Iteration  66: ||V_upper^k - V_upper^k-1||_inf = 0.23006612072000501290, ||V_lower^k - V_lower^k-1||_inf = 0.10192839018754826230
    Local Iteration  67: ||V_upper^k - V_upper^k-1||_inf = 0.22086347589120480794, ||V_lower^k - V_lower^k-1||_inf = 0.09785125458004631516
    Local Iteration  68: ||V_upper^k - V_upper^k-1||_inf = 0.21202893685555662673, ||V_lower^k - V_lower^k-1||_inf = 0.09393720439684447032
    Local Iteration  69: ||V_upper^k - V_upper^k-1||_inf = 0.20354777938133433723, ||V_lower^k - V_lower^k-1||_inf = 0.08505999186178583860
    Local Iteration  70: ||V_upper^k - V_upper^k-1||_inf = 0.19540586820608096819, ||V_lower^k - V_lower^k-1||_inf = 0.08165759218731441504
    Local Iteration  71: ||V_upper^k - V_upper^k-1||_inf = 0.18758963347783774722, ||V_lower^k - V_lower^k-1||_inf = 0.07839128849982182623
    Local Iteration  72: ||V_upper^k - V_upper^k-1||_inf = 0.18008604813872422512, ||V_lower^k - V_lower^k-1||_inf = 0.07479762693923043548
    Local Iteration  73: ||V_upper^k - V_upper^k-1||_inf = 0.17288260621317524945, ||V_lower^k - V_lower^k-1||_inf = 0.06725779701018951007
    Local Iteration  74: ||V_upper^k - V_upper^k-1||_inf = 0.16596730196464823393, ||V_lower^k - V_lower^k-1||_inf = 0.06456748512978194299
    Local Iteration  75: ||V_upper^k - V_upper^k-1||_inf = 0.15932860988606228902, ||V_lower^k - V_lower^k-1||_inf = 0.06198478572459065195
    Local Iteration  76: ||V_upper^k - V_upper^k-1||_inf = 0.15295546549061977970, ||V_lower^k - V_lower^k-1||_inf = 0.05950539429560701421
    Local Iteration  77: ||V_upper^k - V_upper^k-1||_inf = 0.14668447598635245277, ||V_lower^k - V_lower^k-1||_inf = 0.05675172965775950040
    Local Iteration  78: ||V_upper^k - V_upper^k-1||_inf = 0.14081709694689834023, ||V_lower^k - V_lower^k-1||_inf = 0.05448166047144913093
    Local Iteration  79: ||V_upper^k - V_upper^k-1||_inf = 0.13518441306902240218, ||V_lower^k - V_lower^k-1||_inf = 0.04823562938658228216
    Local Iteration  80: ||V_upper^k - V_upper^k-1||_inf = 0.12973667039129005429, ||V_lower^k - V_lower^k-1||_inf = 0.04619870317935356741
    Local Iteration  81: ||V_upper^k - V_upper^k-1||_inf = 0.12454720357563842104, ||V_lower^k - V_lower^k-1||_inf = 0.04435075505217943304
    Local Iteration  82: ||V_upper^k - V_upper^k-1||_inf = 0.11956531543261289530, ||V_lower^k - V_lower^k-1||_inf = 0.03882879453389846691
    Local Iteration  83: ||V_upper^k - V_upper^k-1||_inf = 0.11478270281530836283, ||V_lower^k - V_lower^k-1||_inf = 0.03727564275254251214
    Local Iteration  84: ||V_upper^k - V_upper^k-1||_inf = 0.11017431231193684782, ||V_lower^k - V_lower^k-1||_inf = 0.03573898930080686431
    Local Iteration  85: ||V_upper^k - V_upper^k-1||_inf = 0.10576733981945936336, ||V_lower^k - V_lower^k-1||_inf = 0.03430942972877458474
    Local Iteration  86: ||V_upper^k - V_upper^k-1||_inf = 0.10153664622668098771, ||V_lower^k - V_lower^k-1||_inf = 0.02962112366339558767
    Local Iteration  87: ||V_upper^k - V_upper^k-1||_inf = 0.09747518037761374043, ||V_lower^k - V_lower^k-1||_inf = 0.02843627871685976138
    Local Iteration  88: ||V_upper^k - V_upper^k-1||_inf = 0.09357617316250918527, ||V_lower^k - V_lower^k-1||_inf = 0.02729882756818537148
    Local Iteration  89: ||V_upper^k - V_upper^k-1||_inf = 0.08969372258158456179, ||V_lower^k - V_lower^k-1||_inf = 0.02271896731971650985
    Local Iteration  90: ||V_upper^k - V_upper^k-1||_inf = 0.08610597367832117932, ||V_lower^k - V_lower^k-1||_inf = 0.02181020862692785445
    Local Iteration  91: ||V_upper^k - V_upper^k-1||_inf = 0.08266173473118833270, ||V_lower^k - V_lower^k-1||_inf = 0.02093780028185074360
    Local Iteration  92: ||V_upper^k - V_upper^k-1||_inf = 0.07935526534194078940, ||V_lower^k - V_lower^k-1||_inf = 0.02010028827057670775
    Local Iteration  93: ||V_upper^k - V_upper^k-1||_inf = 0.07618105472826315616, ||V_lower^k - V_lower^k-1||_inf = 0.01659255886689386950
    Local Iteration  94: ||V_upper^k - V_upper^k-1||_inf = 0.07313381253913261992, ||V_lower^k - V_lower^k-1||_inf = 0.01592885651221812027
    Local Iteration  95: ||V_upper^k - V_upper^k-1||_inf = 0.07020846003756731069, ||V_lower^k - V_lower^k-1||_inf = 0.01529170225172939157
    Local Iteration  96: ||V_upper^k - V_upper^k-1||_inf = 0.06740012163606462492, ||V_lower^k - V_lower^k-1||_inf = 0.01468003416166020758
    Local Iteration  97: ||V_upper^k - V_upper^k-1||_inf = 0.06470411677062203049, ||V_lower^k - V_lower^k-1||_inf = 0.01170075625923133744
    Local Iteration  98: ||V_upper^k - V_upper^k-1||_inf = 0.06211595209979714483, ||V_lower^k - V_lower^k-1||_inf = 0.01123272600886207617
    Local Iteration  99: ||V_upper^k - V_upper^k-1||_inf = 0.05963131401580525764, ||V_lower^k - V_lower^k-1||_inf = 0.01078341696850759757
    Local Iteration 100: ||V_upper^k - V_upper^k-1||_inf = 0.05724606145517305289, ||V_lower^k - V_lower^k-1||_inf = 0.00814754255422428519
    Local Iteration 101: ||V_upper^k - V_upper^k-1||_inf = 0.05495621899696612189, ||V_lower^k - V_lower^k-1||_inf = 0.00782164085205531295
    Local Iteration 102: ||V_upper^k - V_upper^k-1||_inf = 0.05275797023708747591, ||V_lower^k - V_lower^k-1||_inf = 0.00750877521797310016
    Local Iteration 103: ||V_upper^k - V_upper^k-1||_inf = 0.05064765142760398187, ||V_lower^k - V_lower^k-1||_inf = 0.00517672223217773703
    Local Iteration 104: ||V_upper^k - V_upper^k-1||_inf = 0.04862174537049981926, ||V_lower^k - V_lower^k-1||_inf = 0.00496965334289063004
    Local Iteration 105: ||V_upper^k - V_upper^k-1||_inf = 0.04667687555567982816, ||V_lower^k - V_lower^k-1||_inf = 0.00477086720917500179
    Local Iteration 106: ||V_upper^k - V_upper^k-1||_inf = 0.04480980053345264003, ||V_lower^k - V_lower^k-1||_inf = 0.00458003252080800560
    Local Iteration 107: ||V_upper^k - V_upper^k-1||_inf = 0.04301740851211453137, ||V_lower^k - V_lower^k-1||_inf = 0.00267688047188065215
    Local Iteration 108: ||V_upper^k - V_upper^k-1||_inf = 0.04129671217162994568, ||V_lower^k - V_lower^k-1||_inf = 0.00256980525300543050
    Local Iteration 109: ||V_upper^k - V_upper^k-1||_inf = 0.03964484368476475090, ||V_lower^k - V_lower^k-1||_inf = 0.00214056392403887130
    Local Iteration 110: ||V_upper^k - V_upper^k-1||_inf = 0.03805904993737416198, ||V_lower^k - V_lower^k-1||_inf = 0.00196538322416339728
    Local Iteration 111: ||V_upper^k - V_upper^k-1||_inf = 0.03653668793987919355, ||V_lower^k - V_lower^k-1||_inf = 0.00188676789519685861
    Local Iteration 112: ||V_upper^k - V_upper^k-1||_inf = 0.03507522042228402442, ||V_lower^k - V_lower^k-1||_inf = 0.00181129717938898621
    Local Iteration 113: ||V_upper^k - V_upper^k-1||_inf = 0.03367221160539266012, ||V_lower^k - V_lower^k-1||_inf = 0.00173884529221342635
    Local Iteration 114: ||V_upper^k - V_upper^k-1||_inf = 0.03232532314117694816, ||V_lower^k - V_lower^k-1||_inf = 0.00166929148052488707
    Local Iteration 115: ||V_upper^k - V_upper^k-1||_inf = 0.03103231021552987218, ||V_lower^k - V_lower^k-1||_inf = 0.00154334701325975487
    Local Iteration 116: ||V_upper^k - V_upper^k-1||_inf = 0.02979101780690867479, ||V_lower^k - V_lower^k-1||_inf = 0.00148027475714287288
    Local Iteration 117: ||V_upper^k - V_upper^k-1||_inf = 0.02859937709463232502, ||V_lower^k - V_lower^k-1||_inf = 0.00141977947962744488
    Local Iteration 118: ||V_upper^k - V_upper^k-1||_inf = 0.02745540201084703535, ||V_lower^k - V_lower^k-1||_inf = 0.00136175591721419270
    Local Iteration 119: ||V_upper^k - V_upper^k-1||_inf = 0.02635718593041315103, ||V_lower^k - V_lower^k-1||_inf = 0.00130610310510185373
    Local Iteration 120: ||V_upper^k - V_upper^k-1||_inf = 0.02530289849319662318, ||V_lower^k - V_lower^k-1||_inf = 0.00125272420168330567
    Local Iteration 121: ||V_upper^k - V_upper^k-1||_inf = 0.02429078255346875728, ||V_lower^k - V_lower^k-1||_inf = 0.00120152632020580422
    Local Iteration 122: ||V_upper^k - V_upper^k-1||_inf = 0.02331915125133000519, ||V_lower^k - V_lower^k-1||_inf = 0.00115242036730144048
    Local Iteration 123: ||V_upper^k - V_upper^k-1||_inf = 0.02238638520127680595, ||V_lower^k - V_lower^k-1||_inf = 0.00110532088810909659
    Local Iteration 124: ||V_upper^k - V_upper^k-1||_inf = 0.02149092979322573399, ||V_lower^k - V_lower^k-1||_inf = 0.00106014591771748726
    Local Iteration 125: ||V_upper^k - V_upper^k-1||_inf = 0.02063129260149670213, ||V_lower^k - V_lower^k-1||_inf = 0.00101681683867333589
    Local Iteration 126: ||V_upper^k - V_upper^k-1||_inf = 0.01980604089743683363, ||V_lower^k - V_lower^k-1||_inf = 0.00097525824430453462
    Local Iteration 127: ||V_upper^k - V_upper^k-1||_inf = 0.01901379926153936098, ||V_lower^k - V_lower^k-1||_inf = 0.00093539780762303196
    Local Iteration 128: ||V_upper^k - V_upper^k-1||_inf = 0.01825324729107778363, ||V_lower^k - V_lower^k-1||_inf = 0.00089792025781202517
    Local Iteration 129: ||V_upper^k - V_upper^k-1||_inf = 0.01752311739943467062, ||V_lower^k - V_lower^k-1||_inf = 0.00086119636942212988
    Local Iteration 130: ||V_upper^k - V_upper^k-1||_inf = 0.01682219270345728518, ||V_lower^k - V_lower^k-1||_inf = 0.00082597383568874111
    Local Iteration 131: ||V_upper^k - V_upper^k-1||_inf = 0.01614930499531899363, ||V_lower^k - V_lower^k-1||_inf = 0.00079219130210559513
    Local Iteration 132: ||V_upper^k - V_upper^k-1||_inf = 0.01550333279550623194, ||V_lower^k - V_lower^k-1||_inf = 0.00075944560903378269
    Local Iteration 133: ||V_upper^k - V_upper^k-1||_inf = 0.01488319948368598336, ||V_lower^k - V_lower^k-1||_inf = 0.00072873732168253838
    Local Iteration 134: ||V_upper^k - V_upper^k-1||_inf = 0.01428787150433854375, ||V_lower^k - V_lower^k-1||_inf = 0.00069893032560652477
    Local Iteration 135: ||V_upper^k - V_upper^k-1||_inf = 0.01371635664416500158, ||V_lower^k - V_lower^k-1||_inf = 0.00067078455220920957
    Local Iteration 136: ||V_upper^k - V_upper^k-1||_inf = 0.01316770237839839930, ||V_lower^k - V_lower^k-1||_inf = 0.00064395317012084195
    Local Iteration 137: ||V_upper^k - V_upper^k-1||_inf = 0.01264099428326246471, ||V_lower^k - V_lower^k-1||_inf = 0.00061819504331600897
    Local Iteration 138: ||V_upper^k - V_upper^k-1||_inf = 0.01213535451193196654, ||V_lower^k - V_lower^k-1||_inf = 0.00059346724158336819
    Local Iteration 139: ||V_upper^k - V_upper^k-1||_inf = 0.01164994033145468587, ||V_lower^k - V_lower^k-1||_inf = 0.00056972855192003423
    Local Iteration 140: ||V_upper^k - V_upper^k-1||_inf = 0.01118394271819649760, ||V_lower^k - V_lower^k-1||_inf = 0.00054693940984323376
    Local Iteration 141: ||V_upper^k - V_upper^k-1||_inf = 0.01073658500946863756, ||V_lower^k - V_lower^k-1||_inf = 0.00052506183344950413
    Local Iteration 142: ||V_upper^k - V_upper^k-1||_inf = 0.01030712160908989206, ||V_lower^k - V_lower^k-1||_inf = 0.00050405936011152334
    Local Iteration 143: ||V_upper^k - V_upper^k-1||_inf = 0.00989483674472629512, ||V_lower^k - V_lower^k-1||_inf = 0.00048389698570706213
    Local Iteration 144: ||V_upper^k - V_upper^k-1||_inf = 0.00949904327493724353, ||V_lower^k - V_lower^k-1||_inf = 0.00046454110627877979
    Local Iteration 145: ||V_upper^k - V_upper^k-1||_inf = 0.00911908154393975372, ||V_lower^k - V_lower^k-1||_inf = 0.00044595946202762894
    Local Iteration 146: ||V_upper^k - V_upper^k-1||_inf = 0.00875431828218216357, ||V_lower^k - V_lower^k-1||_inf = 0.00042812108354652392
    Local Iteration 147: ||V_upper^k - V_upper^k-1||_inf = 0.00840414555089487661, ||V_lower^k - V_lower^k-1||_inf = 0.00041099624020466373
    Local Iteration 148: ||V_upper^k - V_upper^k-1||_inf = 0.00806797972885908189, ||V_lower^k - V_lower^k-1||_inf = 0.00039455639059647780
    Local Iteration 149: ||V_upper^k - V_upper^k-1||_inf = 0.00774526053970471789, ||V_lower^k - V_lower^k-1||_inf = 0.00037877413497261828
    Local Iteration 150: ||V_upper^k - V_upper^k-1||_inf = 0.00743545011811652841, ||V_lower^k - V_lower^k-1||_inf = 0.00036362316957371486
    Local Iteration 151: ||V_upper^k - V_upper^k-1||_inf = 0.00713803211339186783, ||V_lower^k - V_lower^k-1||_inf = 0.00034887504561798705
    Local Iteration 152: ||V_upper^k - V_upper^k-1||_inf = 0.00685251082885619291, ||V_lower^k - V_lower^k-1||_inf = 0.00033492004379326746
    Local Iteration 153: ||V_upper^k - V_upper^k-1||_inf = 0.00657841039570194411, ||V_lower^k - V_lower^k-1||_inf = 0.00032152324204153676
    Local Iteration 154: ||V_upper^k - V_upper^k-1||_inf = 0.00021231440204654093, ||V_lower^k - V_lower^k-1||_inf = 0.00030866231235987529
    Local Iteration 155: ||V_upper^k - V_upper^k-1||_inf = 0.00020382182596467889, ||V_lower^k - V_lower^k-1||_inf = 0.00029631581986548031
    Local Iteration 156: ||V_upper^k - V_upper^k-1||_inf = 0.00019566895292609174, ||V_lower^k - V_lower^k-1||_inf = 0.00028446318707086096
    Local Iteration 157: ||V_upper^k - V_upper^k-1||_inf = 0.00018784219480904793, ||V_lower^k - V_lower^k-1||_inf = 0.00027308465958802725
    Local Iteration 158: ||V_upper^k - V_upper^k-1||_inf = 0.00018032850701668601, ||V_lower^k - V_lower^k-1||_inf = 0.00026216127320450623
    Local Iteration 159: ||V_upper^k - V_upper^k-1||_inf = 0.00017311536673601845, ||V_lower^k - V_lower^k-1||_inf = 0.00025167482227632636
    Local Iteration 160: ||V_upper^k - V_upper^k-1||_inf = 0.00016619075206657750, ||V_lower^k - V_lower^k-1||_inf = 0.00024160782938527359
    Local Iteration 161: ||V_upper^k - V_upper^k-1||_inf = 0.00015954312198391456, ||V_lower^k - V_lower^k-1||_inf = 0.00023194351620986226
    Local Iteration 162: ||V_upper^k - V_upper^k-1||_inf = 0.00015316139710455819, ||V_lower^k - V_lower^k-1||_inf = 0.00022266577556146784
    Local Iteration 163: ||V_upper^k - V_upper^k-1||_inf = 0.00014703494122037582, ||V_lower^k - V_lower^k-1||_inf = 0.00021375914453900923
    Local Iteration 164: ||V_upper^k - V_upper^k-1||_inf = 0.00014115354357156079, ||V_lower^k - V_lower^k-1||_inf = 0.00020520877875744841
    Local Iteration 165: ||V_upper^k - V_upper^k-1||_inf = 0.00013550740182869834, ||V_lower^k - V_lower^k-1||_inf = 0.00019700042760715034
    Local Iteration 166: ||V_upper^k - V_upper^k-1||_inf = 0.00013008710575555023, ||V_lower^k - V_lower^k-1||_inf = 0.00018912041050286443
    Local Iteration 167: ||V_upper^k - V_upper^k-1||_inf = 0.00012488362152532828, ||V_lower^k - V_lower^k-1||_inf = 0.00018155559408274992
    Local Iteration 168: ||V_upper^k - V_upper^k-1||_inf = 0.00011988827666431544, ||V_lower^k - V_lower^k-1||_inf = 0.00017429337031943989
    Local Iteration 169: ||V_upper^k - V_upper^k-1||_inf = 0.00011509274559774263, ||V_lower^k - V_lower^k-1||_inf = 0.00016732163550666227
    Local Iteration 170: ||V_upper^k - V_upper^k-1||_inf = 0.00011048903577383275, ||V_lower^k - V_lower^k-1||_inf = 0.00016062877008639603
    Local Iteration 171: ||V_upper^k - V_upper^k-1||_inf = 0.00010606947434287930, ||V_lower^k - V_lower^k-1||_inf = 0.00015420361928293993
    Local Iteration 172: ||V_upper^k - V_upper^k-1||_inf = 0.00010182669536916390, ||V_lower^k - V_lower^k-1||_inf = 0.00014803547451162219
    Local Iteration 173: ||V_upper^k - V_upper^k-1||_inf = 0.00009775362755439724, ||V_lower^k - V_lower^k-1||_inf = 0.00014211405553115741
    Local Iteration 174: ||V_upper^k - V_upper^k-1||_inf = 0.00009384348245222132, ||V_lower^k - V_lower^k-1||_inf = 0.00013642949330991113
    Local Iteration 175: ||V_upper^k - V_upper^k-1||_inf = 0.00009008974315413243, ||V_lower^k - V_lower^k-1||_inf = 0.00013097231357751468
    Local Iteration 176: ||V_upper^k - V_upper^k-1||_inf = 0.00008648615342796715, ||V_lower^k - V_lower^k-1||_inf = 0.00012573342103441376
    Local Iteration 177: ||V_upper^k - V_upper^k-1||_inf = 0.00008302670729084844, ||V_lower^k - V_lower^k-1||_inf = 0.00012070408419303721
    Local Iteration 178: ||V_upper^k - V_upper^k-1||_inf = 0.00007970563899921466, ||V_lower^k - V_lower^k-1||_inf = 0.00011587592082531583
    Local Iteration 179: ||V_upper^k - V_upper^k-1||_inf = 0.00007651741343924607, ||V_lower^k - V_lower^k-1||_inf = 0.00011124088399230327
    Local Iteration 180: ||V_upper^k - V_upper^k-1||_inf = 0.00007345671690167622, ||V_lower^k - V_lower^k-1||_inf = 0.00010673636411786657
    Local Iteration 181: ||V_upper^k - V_upper^k-1||_inf = 0.00007051844822560929, ||V_lower^k - V_lower^k-1||_inf = 0.00010246690955315182
    Local Iteration 182: ||V_upper^k - V_upper^k-1||_inf = 0.00006769771029658503, ||V_lower^k - V_lower^k-1||_inf = 0.00009836823317102604
    Local Iteration 183: ||V_upper^k - V_upper^k-1||_inf = 0.00006498980188472171, ||V_lower^k - V_lower^k-1||_inf = 0.00009408541281219658
    Local Iteration 184: ||V_upper^k - V_upper^k-1||_inf = 0.00006239020980933273, ||V_lower^k - V_lower^k-1||_inf = 0.00009032199629970851
    Local Iteration 185: ||V_upper^k - V_upper^k-1||_inf = 0.00005989460141695943, ||V_lower^k - V_lower^k-1||_inf = 0.00008670911644772031
    Local Iteration 186: ||V_upper^k - V_upper^k-1||_inf = 0.00005749881736028103, ||V_lower^k - V_lower^k-1||_inf = 0.00008324075178981123
    Local Iteration 187: ||V_upper^k - V_upper^k-1||_inf = 0.00005519886466586973, ||V_lower^k - V_lower^k-1||_inf = 0.00007991112171821884
    Local Iteration 188: ||V_upper^k - V_upper^k-1||_inf = 0.00005299091007923489, ||V_lower^k - V_lower^k-1||_inf = 0.00007671467684948995
    Local Iteration 189: ||V_upper^k - V_upper^k-1||_inf = 0.00005087127367606561, ||V_lower^k - V_lower^k-1||_inf = 0.00007343614955412372
    Local Iteration 190: ||V_upper^k - V_upper^k-1||_inf = 0.00004883642272902292, ||V_lower^k - V_lower^k-1||_inf = 0.00007049870357195894
    Local Iteration 191: ||V_upper^k - V_upper^k-1||_inf = 0.00004688296581986196, ||V_lower^k - V_lower^k-1||_inf = 0.00006767875542908045
    Local Iteration 192: ||V_upper^k - V_upper^k-1||_inf = 0.00004500764718706751, ||V_lower^k - V_lower^k-1||_inf = 0.00006497160521191730
    Local Iteration 193: ||V_upper^k - V_upper^k-1||_inf = 0.00004320734129958481, ||V_lower^k - V_lower^k-1||_inf = 0.00006237274100344067
    Local Iteration 194: ||V_upper^k - V_upper^k-1||_inf = 0.00004147904764760144, ||V_lower^k - V_lower^k-1||_inf = 0.00005987783136330313
    Local Iteration 195: ||V_upper^k - V_upper^k-1||_inf = 0.00003981988574169740, ||V_lower^k - V_lower^k-1||_inf = 0.00005748271810877099
    Local Iteration 196: ||V_upper^k - V_upper^k-1||_inf = 0.00003822709031202950, ||V_lower^k - V_lower^k-1||_inf = 0.00005518340938442013
    Local Iteration 197: ||V_upper^k - V_upper^k-1||_inf = 0.00003669800669954830, ||V_lower^k - V_lower^k-1||_inf = 0.00005297607300904341
    Local Iteration 198: ||V_upper^k - V_upper^k-1||_inf = 0.00003523008643156636, ||V_lower^k - V_lower^k-1||_inf = 0.00005085703008868162
    Local Iteration 199: ||V_upper^k - V_upper^k-1||_inf = 0.00003382088297430364, ||V_lower^k - V_lower^k-1||_inf = 0.00004882274888513426
    Local Iteration 200: ||V_upper^k - V_upper^k-1||_inf = 0.00003246804765533141, ||V_lower^k - V_lower^k-1||_inf = 0.00004686983892972880
    Local Iteration 201: ||V_upper^k - V_upper^k-1||_inf = 0.00003116932574911816, ||V_lower^k - V_lower^k-1||_inf = 0.00004499504537253964
    Local Iteration 202: ||V_upper^k - V_upper^k-1||_inf = 0.00002992255271915348, ||V_lower^k - V_lower^k-1||_inf = 0.00004319524355763825
    Local Iteration 203: ||V_upper^k - V_upper^k-1||_inf = 0.00002872565061038735, ||V_lower^k - V_lower^k-1||_inf = 0.00004146743381533283
    Local Iteration 204: ||V_upper^k - V_upper^k-1||_inf = 0.00002757662458597189, ||V_lower^k - V_lower^k-1||_inf = 0.00003980873646271949
    Local Iteration 205: ||V_upper^k - V_upper^k-1||_inf = 0.00002647355960253299, ||V_lower^k - V_lower^k-1||_inf = 0.00003821638700421068
    Local Iteration 206: ||V_upper^k - V_upper^k-1||_inf = 0.00002541461721843166, ||V_lower^k - V_lower^k-1||_inf = 0.00003668773152404228
    Local Iteration 207: ||V_upper^k - V_upper^k-1||_inf = 0.00002439803252969440, ||V_lower^k - V_lower^k-1||_inf = 0.00003522022226308064
    Local Iteration 208: ||V_upper^k - V_upper^k-1||_inf = 0.00002342211122850660, ||V_lower^k - V_lower^k-1||_inf = 0.00003381141337255734
    Local Iteration 209: ||V_upper^k - V_upper^k-1||_inf = 0.00002248522677936632, ||V_lower^k - V_lower^k-1||_inf = 0.00003245637446271598
    Local Iteration 210: ||V_upper^k - V_upper^k-1||_inf = 0.00002158581770819165, ||V_lower^k - V_lower^k-1||_inf = 0.00003115811948420735
    Local Iteration 211: ||V_upper^k - V_upper^k-1||_inf = 0.00002072238499986400, ||V_lower^k - V_lower^k-1||_inf = 0.00002991179470483902
    Local Iteration 212: ||V_upper^k - V_upper^k-1||_inf = 0.00001989348959986948, ||V_lower^k - V_lower^k-1||_inf = 0.00002871532291664548
    Local Iteration 213: ||V_upper^k - V_upper^k-1||_inf = 0.00001909775001587469, ||V_lower^k - V_lower^k-1||_inf = 0.00002756670999997973
    Local Iteration 214: ||V_upper^k - V_upper^k-1||_inf = 0.00001833384001523970, ||V_lower^k - V_lower^k-1||_inf = 0.00002646404159998054
    Local Iteration 215: ||V_upper^k - V_upper^k-1||_inf = 0.00001760048641463009, ||V_lower^k - V_lower^k-1||_inf = 0.00002540547993598130
    Local Iteration 216: ||V_upper^k - V_upper^k-1||_inf = 0.00001689646695804485, ||V_lower^k - V_lower^k-1||_inf = 0.00002438926073854207
    Local Iteration 217: ||V_upper^k - V_upper^k-1||_inf = 0.00001622060827972304, ||V_lower^k - V_lower^k-1||_inf = 0.00002341369030900041
    Local Iteration 218: ||V_upper^k - V_upper^k-1||_inf = 0.00001557178394853410, ||V_lower^k - V_lower^k-1||_inf = 0.00002247714269664033
    Local Iteration 219: ||V_upper^k - V_upper^k-1||_inf = 0.00001494891259059270, ||V_lower^k - V_lower^k-1||_inf = 0.00002157805698877477
    Local Iteration 220: ||V_upper^k - V_upper^k-1||_inf = 0.00001435095608696898, ||V_lower^k - V_lower^k-1||_inf = 0.00002071493470922383
    Local Iteration 221: ||V_upper^k - V_upper^k-1||_inf = 0.00001377691784349024, ||V_lower^k - V_lower^k-1||_inf = 0.00001988633732085483
    Local Iteration 222: ||V_upper^k - V_upper^k-1||_inf = 0.00001322584112975060, ||V_lower^k - V_lower^k-1||_inf = 0.00001909088382802068
    Local Iteration 223: ||V_upper^k - V_upper^k-1||_inf = 0.00001269680748456061, ||V_lower^k - V_lower^k-1||_inf = 0.00001832724847489984
    Local Iteration 224: ||V_upper^k - V_upper^k-1||_inf = 0.00001218893518517818, ||V_lower^k - V_lower^k-1||_inf = 0.00001759415853590387
    Local Iteration 225: ||V_upper^k - V_upper^k-1||_inf = 0.00001170137777777104, ||V_lower^k - V_lower^k-1||_inf = 0.00001689039219446775
    Local Iteration 226: ||V_upper^k - V_upper^k-1||_inf = 0.00001123332266666019, ||V_lower^k - V_lower^k-1||_inf = 0.00001621477650668904
    Local Iteration 227: ||V_upper^k - V_upper^k-1||_inf = 0.00001078398975999379, ||V_lower^k - V_lower^k-1||_inf = 0.00001556618544642146
    Local Iteration 228: ||V_upper^k - V_upper^k-1||_inf = 0.00001035263016959404, ||V_lower^k - V_lower^k-1||_inf = 0.00001494353802856464
    Local Iteration 229: ||V_upper^k - V_upper^k-1||_inf = 0.00000993852496281028, ||V_lower^k - V_lower^k-1||_inf = 0.00001434579650742200
    Local Iteration 230: ||V_upper^k - V_upper^k-1||_inf = 0.00000954098396429786, ||V_lower^k - V_lower^k-1||_inf = 0.00001377196464712513
    Local Iteration 231: ||V_upper^k - V_upper^k-1||_inf = 0.00000915934460572594, ||V_lower^k - V_lower^k-1||_inf = 0.00001322108606124011
    Local Iteration 232: ||V_upper^k - V_upper^k-1||_inf = 0.00000879297082149690, ||V_lower^k - V_lower^k-1||_inf = 0.00001269224261879053
    Local Iteration 233: ||V_upper^k - V_upper^k-1||_inf = 0.00000844125198863702, ||V_lower^k - V_lower^k-1||_inf = 0.00001218455291403893
    Local Iteration 234: ||V_upper^k - V_upper^k-1||_inf = 0.00000810360190909155, ||V_lower^k - V_lower^k-1||_inf = 0.00001169717079747736
    Local Iteration 235: ||V_upper^k - V_upper^k-1||_inf = 0.00000777945783272791, ||V_lower^k - V_lower^k-1||_inf = 0.00001122928396557824
    Local Iteration 236: ||V_upper^k - V_upper^k-1||_inf = 0.00000746827951941879, ||V_lower^k - V_lower^k-1||_inf = 0.00001078011260695512
    Local Iteration 237: ||V_upper^k - V_upper^k-1||_inf = 0.00000716954833864206, ||V_lower^k - V_lower^k-1||_inf = 0.00001034890810267691
    Local Iteration 238: ||V_upper^k - V_upper^k-1||_inf = 0.00000688276640509639, ||V_lower^k - V_lower^k-1||_inf = 0.00000993495177856982
    Local Iteration 239: ||V_upper^k - V_upper^k-1||_inf = 0.00000660745574889252, ||V_lower^k - V_lower^k-1||_inf = 0.00000953755370742705
    Local Iteration 240: ||V_upper^k - V_upper^k-1||_inf = 0.00000634315751893682, ||V_lower^k - V_lower^k-1||_inf = 0.00000915605155912998
    Local Iteration 241: ||V_upper^k - V_upper^k-1||_inf = 0.00000608943121817934, ||V_lower^k - V_lower^k-1||_inf = 0.00000878980949676477
    Local Iteration 242: ||V_upper^k - V_upper^k-1||_inf = 0.00000584585396945217, ||V_lower^k - V_lower^k-1||_inf = 0.00000843821711689417
    Local Iteration 243: ||V_upper^k - V_upper^k-1||_inf = 0.00000561201981067408, ||V_lower^k - V_lower^k-1||_inf = 0.00000810068843221838
    Local Iteration 244: ||V_upper^k - V_upper^k-1||_inf = 0.00000538753901824712, ||V_lower^k - V_lower^k-1||_inf = 0.00000777666089492966
    Local Iteration 245: ||V_upper^k - V_upper^k-1||_inf = 0.00000517203745751724, ||V_lower^k - V_lower^k-1||_inf = 0.00000746559445913248
    Local Iteration 246: ||V_upper^k - V_upper^k-1||_inf = 0.00000496515595921655, ||V_lower^k - V_lower^k-1||_inf = 0.00000716697068076718
    Local Iteration 247: ||V_upper^k - V_upper^k-1||_inf = 0.00000476654972084789, ||V_lower^k - V_lower^k-1||_inf = 0.00000688029185353650
    Local Iteration 248: ||V_upper^k - V_upper^k-1||_inf = 0.00000457588773201397, ||V_lower^k - V_lower^k-1||_inf = 0.00000660508017939505
    Local Iteration 249: ||V_upper^k - V_upper^k-1||_inf = 0.00000439285222273340, ||V_lower^k - V_lower^k-1||_inf = 0.00000634087697221926
    Local Iteration 250: ||V_upper^k - V_upper^k-1||_inf = 0.00000421713813382407, ||V_lower^k - V_lower^k-1||_inf = 0.00000608724189333048
    Local Iteration 251: ||V_upper^k - V_upper^k-1||_inf = 0.00000404845260847110, ||V_lower^k - V_lower^k-1||_inf = 0.00000584375221759724
    Local Iteration 252: ||V_upper^k - V_upper^k-1||_inf = 0.00000388651450413225, ||V_lower^k - V_lower^k-1||_inf = 0.00000561000212889333
    Local Iteration 253: ||V_upper^k - V_upper^k-1||_inf = 0.00000373105392396696, ||V_lower^k - V_lower^k-1||_inf = 0.00000538560204373759
    Local Iteration 254: ||V_upper^k - V_upper^k-1||_inf = 0.00000358181176700829, ||V_lower^k - V_lower^k-1||_inf = 0.00000517017796198809
    Local Iteration 255: ||V_upper^k - V_upper^k-1||_inf = 0.00000343853929632796, ||V_lower^k - V_lower^k-1||_inf = 0.00000496337084350857
    Local Iteration 256: ||V_upper^k - V_upper^k-1||_inf = 0.00000330099772447485, ||V_lower^k - V_lower^k-1||_inf = 0.00000476483600976823
    Local Iteration 257: ||V_upper^k - V_upper^k-1||_inf = 0.00000316895781549585, ||V_lower^k - V_lower^k-1||_inf = 0.00000457424256937749
    Local Iteration 258: ||V_upper^k - V_upper^k-1||_inf = 0.00000304219950287601, ||V_lower^k - V_lower^k-1||_inf = 0.00000439127286660239
    Local Iteration 259: ||V_upper^k - V_upper^k-1||_inf = 0.00000292051152276098, ||V_lower^k - V_lower^k-1||_inf = 0.00000421562195193830
    Local Iteration 260: ||V_upper^k - V_upper^k-1||_inf = 0.00000280369106185053, ||V_lower^k - V_lower^k-1||_inf = 0.00000404699707386077
    Local Iteration 261: ||V_upper^k - V_upper^k-1||_inf = 0.00000269154341937651, ||V_lower^k - V_lower^k-1||_inf = 0.00000388511719090633
    Local Iteration 262: ||V_upper^k - V_upper^k-1||_inf = 0.00000258388168260145, ||V_lower^k - V_lower^k-1||_inf = 0.00000372971250327008
    Local Iteration 263: ||V_upper^k - V_upper^k-1||_inf = 0.00000248052641529739, ||V_lower^k - V_lower^k-1||_inf = 0.00000358052400313928
    Local Iteration 264: ||V_upper^k - V_upper^k-1||_inf = 0.00000238130535868549, ||V_lower^k - V_lower^k-1||_inf = 0.00000343730304301370
    Local Iteration 265: ||V_upper^k - V_upper^k-1||_inf = 0.00000228605314433807, ||V_lower^k - V_lower^k-1||_inf = 0.00000329981092129315
    Local Iteration 266: ||V_upper^k - V_upper^k-1||_inf = 0.00000219461101856455, ||V_lower^k - V_lower^k-1||_inf = 0.00000316781848444143
    Local Iteration 267: ||V_upper^k - V_upper^k-1||_inf = 0.00000210682657782197, ||V_lower^k - V_lower^k-1||_inf = 0.00000304110574506377
    Local Iteration 268: ||V_upper^k - V_upper^k-1||_inf = 0.00000202255351470909, ||V_lower^k - V_lower^k-1||_inf = 0.00000291946151526122
    Local Iteration 269: ||V_upper^k - V_upper^k-1||_inf = 0.00000194165137412072, ||V_lower^k - V_lower^k-1||_inf = 0.00000280268305465077
    Local Iteration 270: ||V_upper^k - V_upper^k-1||_inf = 0.00000186398531915589, ||V_lower^k - V_lower^k-1||_inf = 0.00000269057573246473
    Local Iteration 271: ||V_upper^k - V_upper^k-1||_inf = 0.00000178942590638965, ||V_lower^k - V_lower^k-1||_inf = 0.00000258295270316614
    Local Iteration 272: ||V_upper^k - V_upper^k-1||_inf = 0.00000171784887013407, ||V_lower^k - V_lower^k-1||_inf = 0.00000247963459503950
    Local Iteration 273: ||V_upper^k - V_upper^k-1||_inf = 0.00000164913491532871, ||V_lower^k - V_lower^k-1||_inf = 0.00000238044921123792
    Local Iteration 274: ||V_upper^k - V_upper^k-1||_inf = 0.00000158316951871556, ||V_lower^k - V_lower^k-1||_inf = 0.00000228523124278840
    Local Iteration 275: ||V_upper^k - V_upper^k-1||_inf = 0.00000151984273796694, ||V_lower^k - V_lower^k-1||_inf = 0.00000219382199307687
    Local Iteration 276: ||V_upper^k - V_upper^k-1||_inf = 0.00000145780750448035, ||V_lower^k - V_lower^k-1||_inf = 0.00000210606911335380
    Local Iteration 277: ||V_upper^k - V_upper^k-1||_inf = 0.00000139949520430113, ||V_lower^k - V_lower^k-1||_inf = 0.00000202182634881964
    Local Iteration 278: ||V_upper^k - V_upper^k-1||_inf = 0.00000134351539612909, ||V_lower^k - V_lower^k-1||_inf = 0.00000194095329486685
    Local Iteration 279: ||V_upper^k - V_upper^k-1||_inf = 0.00000128977478028393, ||V_lower^k - V_lower^k-1||_inf = 0.00000186331516307218
    Local Iteration 280: ||V_upper^k - V_upper^k-1||_inf = 0.00000123818378907257, ||V_lower^k - V_lower^k-1||_inf = 0.00000178878255654930
    Local Iteration 281: ||V_upper^k - V_upper^k-1||_inf = 0.00000118865643750967, ||V_lower^k - V_lower^k-1||_inf = 0.00000171723125428732
    Local Iteration 282: ||V_upper^k - V_upper^k-1||_inf = 0.00000114111018000928, ||V_lower^k - V_lower^k-1||_inf = 0.00000164854200411583
    Local Iteration 283: ||V_upper^k - V_upper^k-1||_inf = 0.00000109546577280891, ||V_lower^k - V_lower^k-1||_inf = 0.00000158260032395119
    Local Iteration 284: ||V_upper^k - V_upper^k-1||_inf = 0.00000105164714189655, ||V_lower^k - V_lower^k-1||_inf = 0.00000151929631099315
    Local Iteration 285: ||V_upper^k - V_upper^k-1||_inf = 0.00000100958125622069, ||V_lower^k - V_lower^k-1||_inf = 0.00000145852445855342
    Local Iteration 286: ||V_upper^k - V_upper^k-1||_inf = 0.00000096919800597186, ||V_lower^k - V_lower^k-1||_inf = 0.00000140018348021128
    Local Iteration 287: ||V_upper^k - V_upper^k-1||_inf = 0.00000093043008573299, ||V_lower^k - V_lower^k-1||_inf = 0.00000134417614100283
    Local Iteration 288: ||V_upper^k - V_upper^k-1||_inf = 0.00000089321288230367, ||V_lower^k - V_lower^k-1||_inf = 0.00000129040909536271
    Local Iteration 289: ||V_upper^k - V_upper^k-1||_inf = 0.00000085748436701152, ||V_lower^k - V_lower^k-1||_inf = 0.00000123879273154820
    Local Iteration 290: ||V_upper^k - V_upper^k-1||_inf = 0.00000082318499233106, ||V_lower^k - V_lower^k-1||_inf = 0.00000118924102228628
    Local Iteration 291: ||V_upper^k - V_upper^k-1||_inf = 0.00000079025759263782, ||V_lower^k - V_lower^k-1||_inf = 0.00000114167138139483
    Local Iteration 292: ||V_upper^k - V_upper^k-1||_inf = 0.00000075864728893231, ||V_lower^k - V_lower^k-1||_inf = 0.00000109600452613903
    Local Iteration 293: ||V_upper^k - V_upper^k-1||_inf = 0.00000072830139737501, ||V_lower^k - V_lower^k-1||_inf = 0.00000105216434509347
    Local Iteration 294: ||V_upper^k - V_upper^k-1||_inf = 0.00000069916934148001, ||V_lower^k - V_lower^k-1||_inf = 0.00000101007777128973
    Local Iteration 295: ||V_upper^k - V_upper^k-1||_inf = 0.00000067120256782081, ||V_lower^k - V_lower^k-1||_inf = 0.00000096967466043814
    Local Iteration 296: ||V_upper^k - V_upper^k-1||_inf = 0.00000064435446510798, ||V_lower^k - V_lower^k-1||_inf = 0.00000093088767402062
    Local Iteration 297: ||V_upper^k - V_upper^k-1||_inf = 0.00000061858028650366, ||V_lower^k - V_lower^k-1||_inf = 0.00000089365216705979
    Local Iteration 298: ||V_upper^k - V_upper^k-1||_inf = 0.00000059383707504351, ||V_lower^k - V_lower^k-1||_inf = 0.00000085790608037740
    Local Iteration 299: ||V_upper^k - V_upper^k-1||_inf = 0.00000057008359204177, ||V_lower^k - V_lower^k-1||_inf = 0.00000082358983716231
    Local Iteration 300: ||V_upper^k - V_upper^k-1||_inf = 0.00000054728024836010, ||V_lower^k - V_lower^k-1||_inf = 0.00000079064624367582
    Local Iteration 301: ||V_upper^k - V_upper^k-1||_inf = 0.00000052538903842570, ||V_lower^k - V_lower^k-1||_inf = 0.00000075902039392878
    Local Iteration 302: ||V_upper^k - V_upper^k-1||_inf = 0.00000050437347688867, ||V_lower^k - V_lower^k-1||_inf = 0.00000072865957817163
    Local Iteration 303: ||V_upper^k - V_upper^k-1||_inf = 0.00000048419853781312, ||V_lower^k - V_lower^k-1||_inf = 0.00000069951319504476
    Local Iteration 304: ||V_upper^k - V_upper^k-1||_inf = 0.00000046483059630060, ||V_lower^k - V_lower^k-1||_inf = 0.00000067153266724297
    Local Iteration 305: ||V_upper^k - V_upper^k-1||_inf = 0.00000044623737244857, ||V_lower^k - V_lower^k-1||_inf = 0.00000064467136055326
    Local Iteration 306: ||V_upper^k - V_upper^k-1||_inf = 0.00000042838787755063, ||V_lower^k - V_lower^k-1||_inf = 0.00000061888450613113
    Local Iteration 307: ||V_upper^k - V_upper^k-1||_inf = 0.00000041125236244861, ||V_lower^k - V_lower^k-1||_inf = 0.00000059412912588588
    Local Iteration 308: ||V_upper^k - V_upper^k-1||_inf = 0.00000039480226795066, ||V_lower^k - V_lower^k-1||_inf = 0.00000057036396085045
    Local Iteration 309: ||V_upper^k - V_upper^k-1||_inf = 0.00000037901017723263, ||V_lower^k - V_lower^k-1||_inf = 0.00000054754940241643
    Local Iteration 310: ||V_upper^k - V_upper^k-1||_inf = 0.00000036384977014333, ||V_lower^k - V_lower^k-1||_inf = 0.00000052564742631977
    Local Iteration 311: ||V_upper^k - V_upper^k-1||_inf = 0.00000034929577933760, ||V_lower^k - V_lower^k-1||_inf = 0.00000050462152926698
    Local Iteration 312: ||V_upper^k - V_upper^k-1||_inf = 0.00000033532394816409, ||V_lower^k - V_lower^k-1||_inf = 0.00000048443666809630
    Local Iteration 313: ||V_upper^k - V_upper^k-1||_inf = 0.00000032191099023753, ||V_lower^k - V_lower^k-1||_inf = 0.00000046505920137245
    Local Iteration 314: ||V_upper^k - V_upper^k-1||_inf = 0.00000030903455062803, ||V_lower^k - V_lower^k-1||_inf = 0.00000044645683331755
    Local Iteration 315: ||V_upper^k - V_upper^k-1||_inf = 0.00000029667316860291, ||V_lower^k - V_lower^k-1||_inf = 0.00000042859855998485
    Local Iteration 316: ||V_upper^k - V_upper^k-1||_inf = 0.00000028480624185879, ||V_lower^k - V_lower^k-1||_inf = 0.00000041145461758545
    Local Iteration 317: ||V_upper^k - V_upper^k-1||_inf = 0.00000027341399218444, ||V_lower^k - V_lower^k-1||_inf = 0.00000039499643288204
    Local Iteration 318: ||V_upper^k - V_upper^k-1||_inf = 0.00000026247743249706, ||V_lower^k - V_lower^k-1||_inf = 0.00000037914213574148
    Local Iteration 319: ||V_upper^k - V_upper^k-1||_inf = 0.00000025197833519718, ||V_lower^k - V_lower^k-1||_inf = 0.00000036335288119923
    Local Iteration 320: ||V_upper^k - V_upper^k-1||_inf = 0.00000024189920178929, ||V_lower^k - V_lower^k-1||_inf = 0.00000034881876595126
    Local Iteration 321: ||V_upper^k - V_upper^k-1||_inf = 0.00000023222323371772, ||V_lower^k - V_lower^k-1||_inf = 0.00000033486601531321
    Local Iteration 322: ||V_upper^k - V_upper^k-1||_inf = 0.00000022293430436901, ||V_lower^k - V_lower^k-1||_inf = 0.00000032147137470068
    Local Iteration 323: ||V_upper^k - V_upper^k-1||_inf = 0.00000021401693219425, ||V_lower^k - V_lower^k-1||_inf = 0.00000030861251971265
    Local Iteration 324: ||V_upper^k - V_upper^k-1||_inf = 0.00000020545625490648, ||V_lower^k - V_lower^k-1||_inf = 0.00000029626801892415
    Local Iteration 325: ||V_upper^k - V_upper^k-1||_inf = 0.00000019723800471022, ||V_lower^k - V_lower^k-1||_inf = 0.00000028441729816718
    Local Iteration 326: ||V_upper^k - V_upper^k-1||_inf = 0.00000018934848452181, ||V_lower^k - V_lower^k-1||_inf = 0.00000027304060624049
    Local Iteration 327: ||V_upper^k - V_upper^k-1||_inf = 0.00000018177454514094, ||V_lower^k - V_lower^k-1||_inf = 0.00000026166626958328
    Local Iteration 328: ||V_upper^k - V_upper^k-1||_inf = 0.00000017450356333530, ||V_lower^k - V_lower^k-1||_inf = 0.00000025119961879995
    Local Iteration 329: ||V_upper^k - V_upper^k-1||_inf = 0.00000016752342080189, ||V_lower^k - V_lower^k-1||_inf = 0.00000024115163404795
    Local Iteration 330: ||V_upper^k - V_upper^k-1||_inf = 0.00000016082248396981, ||V_lower^k - V_lower^k-1||_inf = 0.00000023150556868603
    Local Iteration 331: ||V_upper^k - V_upper^k-1||_inf = 0.00000015307039572758, ||V_lower^k - V_lower^k-1||_inf = 0.00000022224534593859
    Local Iteration 332: ||V_upper^k - V_upper^k-1||_inf = 0.00000014694757989847, ||V_lower^k - V_lower^k-1||_inf = 0.00000021335553210105
    Local Iteration 333: ||V_upper^k - V_upper^k-1||_inf = 0.00000014106967670254, ||V_lower^k - V_lower^k-1||_inf = 0.00000020482131081700
    Local Iteration 334: ||V_upper^k - V_upper^k-1||_inf = 0.00000013542688963443, ||V_lower^k - V_lower^k-1||_inf = 0.00000019662845838432
    Local Iteration 335: ||V_upper^k - V_upper^k-1||_inf = 0.00000013000981404906, ||V_lower^k - V_lower^k-1||_inf = 0.00000018876332004895
    Local Iteration 336: ||V_upper^k - V_upper^k-1||_inf = 0.00000012480942148709, ||V_lower^k - V_lower^k-1||_inf = 0.00000018121278724699
    Local Iteration 337: ||V_upper^k - V_upper^k-1||_inf = 0.00000011981704462761, ||V_lower^k - V_lower^k-1||_inf = 0.00000017396427575711
    Local Iteration 338: ||V_upper^k - V_upper^k-1||_inf = 0.00000011502436284251, ||V_lower^k - V_lower^k-1||_inf = 0.00000016700570472683
    Local Iteration 339: ||V_upper^k - V_upper^k-1||_inf = 0.00000011042338832881, ||V_lower^k - V_lower^k-1||_inf = 0.00000016032547653776
    Local Iteration 340: ||V_upper^k - V_upper^k-1||_inf = 0.00000010600645279565, ||V_lower^k - V_lower^k-1||_inf = 0.00000015391245747624
    Local Iteration 341: ||V_upper^k - V_upper^k-1||_inf = 0.00000010176619468383, ||V_lower^k - V_lower^k-1||_inf = 0.00000014775595917720
    Local Iteration 342: ||V_upper^k - V_upper^k-1||_inf = 0.00000009769554689647, ||V_lower^k - V_lower^k-1||_inf = 0.00000014184572081011
    Local Iteration 343: ||V_upper^k - V_upper^k-1||_inf = 0.00000009378772502062, ||V_lower^k - V_lower^k-1||_inf = 0.00000013617189197770
    Local Iteration 344: ||V_upper^k - V_upper^k-1||_inf = 0.00000009003621601979, ||V_lower^k - V_lower^k-1||_inf = 0.00000013072501629859
    Local Iteration 345: ||V_upper^k - V_upper^k-1||_inf = 0.00000008643476737900, ||V_lower^k - V_lower^k-1||_inf = 0.00000012549601564665
    Local Iteration 346: ||V_upper^k - V_upper^k-1||_inf = 0.00000008297737668384, ||V_lower^k - V_lower^k-1||_inf = 0.00000012047617502078
    Local Iteration 347: ||V_upper^k - V_upper^k-1||_inf = 0.00000007965828161649, ||V_lower^k - V_lower^k-1||_inf = 0.00000011565712801995
    Local Iteration 348: ||V_upper^k - V_upper^k-1||_inf = 0.00000007647195035183, ||V_lower^k - V_lower^k-1||_inf = 0.00000011103084289915
    Local Iteration 349: ||V_upper^k - V_upper^k-1||_inf = 0.00000007341307233775, ||V_lower^k - V_lower^k-1||_inf = 0.00000010658960918319
    Local Iteration 350: ||V_upper^k - V_upper^k-1||_inf = 0.00000007047654944424, ||V_lower^k - V_lower^k-1||_inf = 0.00000010232602481586
    Local Iteration 351: ||V_upper^k - V_upper^k-1||_inf = 0.00000006765748746647, ||V_lower^k - V_lower^k-1||_inf = 0.00000009823298382323
    Local Iteration 352: ||V_upper^k - V_upper^k-1||_inf = 0.00000006495118796781, ||V_lower^k - V_lower^k-1||_inf = 0.00000009430366447030
    Local Iteration 353: ||V_upper^k - V_upper^k-1||_inf = 0.00000006235314044910, ||V_lower^k - V_lower^k-1||_inf = 0.00000009053151789149
    Local Iteration 354: ||V_upper^k - V_upper^k-1||_inf = 0.00000005985901483114, ||V_lower^k - V_lower^k-1||_inf = 0.00000008691025717583
    Local Iteration 355: ||V_upper^k - V_upper^k-1||_inf = 0.00000005746465423789, ||V_lower^k - V_lower^k-1||_inf = 0.00000008343384688879
    Local Iteration 356: ||V_upper^k - V_upper^k-1||_inf = 0.00000005516606806838, ||V_lower^k - V_lower^k-1||_inf = 0.00000008009649301324
    Local Iteration 357: ||V_upper^k - V_upper^k-1||_inf = 0.00000005295942534564, ||V_lower^k - V_lower^k-1||_inf = 0.00000007689263329271
    Local Iteration 358: ||V_upper^k - V_upper^k-1||_inf = 0.00000005066035486942, ||V_lower^k - V_lower^k-1||_inf = 0.00000007381692796100
    Local Iteration 359: ||V_upper^k - V_upper^k-1||_inf = 0.00000004863394067465, ||V_lower^k - V_lower^k-1||_inf = 0.00000007086425084256
    Local Iteration 360: ||V_upper^k - V_upper^k-1||_inf = 0.00000004638217177227, ||V_lower^k - V_lower^k-1||_inf = 0.00000006802968080886
    Local Iteration 361: ||V_upper^k - V_upper^k-1||_inf = 0.00000004452688490137, ||V_lower^k - V_lower^k-1||_inf = 0.00000006530849357651
    Local Iteration 362: ||V_upper^k - V_upper^k-1||_inf = 0.00000004274580950532, ||V_lower^k - V_lower^k-1||_inf = 0.00000006269615383345
    Local Iteration 363: ||V_upper^k - V_upper^k-1||_inf = 0.00000004103597712511, ||V_lower^k - V_lower^k-1||_inf = 0.00000006018830768011
    Local Iteration 364: ||V_upper^k - V_upper^k-1||_inf = 0.00000003900410928533, ||V_lower^k - V_lower^k-1||_inf = 0.00000005778077537290
    Local Iteration 365: ||V_upper^k - V_upper^k-1||_inf = 0.00000003744394491392, ||V_lower^k - V_lower^k-1||_inf = 0.00000005546954435799
    Local Iteration 366: ||V_upper^k - V_upper^k-1||_inf = 0.00000003594618711736, ||V_lower^k - V_lower^k-1||_inf = 0.00000005325076258367
    Local Iteration 367: ||V_upper^k - V_upper^k-1||_inf = 0.00000003450833963267, ||V_lower^k - V_lower^k-1||_inf = 0.00000005112073208032
    Local Iteration 368: ||V_upper^k - V_upper^k-1||_inf = 0.00000003312800604736, ||V_lower^k - V_lower^k-1||_inf = 0.00000004907590279711
    Local Iteration 369: ||V_upper^k - V_upper^k-1||_inf = 0.00000003180288580546, ||V_lower^k - V_lower^k-1||_inf = 0.00000004711286668522
    Local Iteration 370: ||V_upper^k - V_upper^k-1||_inf = 0.00000003053077037325, ||V_lower^k - V_lower^k-1||_inf = 0.00000004522835201782
    Local Iteration 371: ||V_upper^k - V_upper^k-1||_inf = 0.00000002930953955832, ||V_lower^k - V_lower^k-1||_inf = 0.00000004341921793710
    Local Iteration 372: ||V_upper^k - V_upper^k-1||_inf = 0.00000002813715797598, ||V_lower^k - V_lower^k-1||_inf = 0.00000004168244921962
    Local Iteration 373: ||V_upper^k - V_upper^k-1||_inf = 0.00000002701167165694, ||V_lower^k - V_lower^k-1||_inf = 0.00000004001515125083
    Local Iteration 374: ||V_upper^k - V_upper^k-1||_inf = 0.00000002593120479067, ||V_lower^k - V_lower^k-1||_inf = 0.00000003841454520080
    Local Iteration 375: ||V_upper^k - V_upper^k-1||_inf = 0.00000002484111683251, ||V_lower^k - V_lower^k-1||_inf = 0.00000003687796339277
    Local Iteration 376: ||V_upper^k - V_upper^k-1||_inf = 0.00000002384747215921, ||V_lower^k - V_lower^k-1||_inf = 0.00000003540284485706
    Local Iteration 377: ||V_upper^k - V_upper^k-1||_inf = 0.00000002289357327284, ||V_lower^k - V_lower^k-1||_inf = 0.00000003398673106278
    Local Iteration 378: ||V_upper^k - V_upper^k-1||_inf = 0.00000002197783034193, ||V_lower^k - V_lower^k-1||_inf = 0.00000003262726182026
    Local Iteration 379: ||V_upper^k - V_upper^k-1||_inf = 0.00000002109871712825, ||V_lower^k - V_lower^k-1||_inf = 0.00000003132217134745
    Local Iteration 380: ||V_upper^k - V_upper^k-1||_inf = 0.00000002025476844312, ||V_lower^k - V_lower^k-1||_inf = 0.00000003006928449356
    Local Iteration 381: ||V_upper^k - V_upper^k-1||_inf = 0.00000001944457770540, ||V_lower^k - V_lower^k-1||_inf = 0.00000002886651311381
    Local Iteration 382: ||V_upper^k - V_upper^k-1||_inf = 0.00000001866679459718, ||V_lower^k - V_lower^k-1||_inf = 0.00000002771185258926
    Local Iteration 383: ||V_upper^k - V_upper^k-1||_inf = 0.00000001792012281329, ||V_lower^k - V_lower^k-1||_inf = 0.00000002660337848569
    Local Iteration 384: ||V_upper^k - V_upper^k-1||_inf = 0.00000001720331790076, ||V_lower^k - V_lower^k-1||_inf = 0.00000002553924334626
    Local Iteration 385: ||V_upper^k - V_upper^k-1||_inf = 0.00000001651518518473, ||V_lower^k - V_lower^k-1||_inf = 0.00000002451767361241
    Local Iteration 386: ||V_upper^k - V_upper^k-1||_inf = 0.00000001585457777734, ||V_lower^k - V_lower^k-1||_inf = 0.00000002353696666792
    Local Iteration 387: ||V_upper^k - V_upper^k-1||_inf = 0.00000001522039466625, ||V_lower^k - V_lower^k-1||_inf = 0.00000002259548800120
    Local Iteration 388: ||V_upper^k - V_upper^k-1||_inf = 0.00000001461157887960, ||V_lower^k - V_lower^k-1||_inf = 0.00000002169166848115
    Local Iteration 389: ||V_upper^k - V_upper^k-1||_inf = 0.00000001402711572441, ||V_lower^k - V_lower^k-1||_inf = 0.00000002082400174191
    Local Iteration 390: ||V_upper^k - V_upper^k-1||_inf = 0.00000001346603109544, ||V_lower^k - V_lower^k-1||_inf = 0.00000001999104167223
    Local Iteration 391: ||V_upper^k - V_upper^k-1||_inf = 0.00000001292738985162, ||V_lower^k - V_lower^k-1||_inf = 0.00000001919140000534
    Local Iteration 392: ||V_upper^k - V_upper^k-1||_inf = 0.00000001241029425755, ||V_lower^k - V_lower^k-1||_inf = 0.00000001842374400513
    Local Iteration 393: ||V_upper^k - V_upper^k-1||_inf = 0.00000001191388248725, ||V_lower^k - V_lower^k-1||_inf = 0.00000001768679424492
    Local Iteration 394: ||V_upper^k - V_upper^k-1||_inf = 0.00000001143732718776, ||V_lower^k - V_lower^k-1||_inf = 0.00000001697932247512
    Local Iteration 395: ||V_upper^k - V_upper^k-1||_inf = 0.00000001097983410025, ||V_lower^k - V_lower^k-1||_inf = 0.00000001630014957612
    Local Iteration 396: ||V_upper^k - V_upper^k-1||_inf = 0.00000001054064073624, ||V_lower^k - V_lower^k-1||_inf = 0.00000001564814359307
    Local Iteration 397: ||V_upper^k - V_upper^k-1||_inf = 0.00000001011901510679, ||V_lower^k - V_lower^k-1||_inf = 0.00000001502221784935
    Local Iteration 398: ||V_upper^k - V_upper^k-1||_inf = 0.00000000971425450252, ||V_lower^k - V_lower^k-1||_inf = 0.00000001442132913538
    Local Iteration 399: ||V_upper^k - V_upper^k-1||_inf = 0.00000000932568432242, ||V_lower^k - V_lower^k-1||_inf = 0.00000001384447596996
    Local Iteration 400: ||V_upper^k - V_upper^k-1||_inf = 0.00000000895265694952, ||V_lower^k - V_lower^k-1||_inf = 0.00000001329069693116
    Local Iteration 401: ||V_upper^k - V_upper^k-1||_inf = 0.00000000859455067154, ||V_lower^k - V_lower^k-1||_inf = 0.00000001275906905392
    Local Iteration 402: ||V_upper^k - V_upper^k-1||_inf = 0.00000000825076864468, ||V_lower^k - V_lower^k-1||_inf = 0.00000001224870629176
    Local Iteration 403: ||V_upper^k - V_upper^k-1||_inf = 0.00000000792073789889, ||V_lower^k - V_lower^k-1||_inf = 0.00000001175875804009
    Local Iteration 404: ||V_upper^k - V_upper^k-1||_inf = 0.00000000760390838294, ||V_lower^k - V_lower^k-1||_inf = 0.00000001128840771849
    Local Iteration 405: ||V_upper^k - V_upper^k-1||_inf = 0.00000000729975204762, ||V_lower^k - V_lower^k-1||_inf = 0.00000001083687140975
    Local Iteration 406: ||V_upper^k - V_upper^k-1||_inf = 0.00000000700776196572, ||V_lower^k - V_lower^k-1||_inf = 0.00000001040339655336
    Local Iteration 407: ||V_upper^k - V_upper^k-1||_inf = 0.00000000672745148709, ||V_lower^k - V_lower^k-1||_inf = 0.00000000998726069122

==================================================
 LOCAL CONVERGENCE ACHIEVED
==================================================
  ||V_upper^k - V_upper^k-1||_inf = 6.72745148708648106441e-09 < tolerance = 1e-08
  ||V_lower^k - V_lower^k-1||_inf = 9.98726069122302218262e-09 < tolerance = 1e-08
  Converged in 407 iterations
  V_lower increased from min(l_lower, r_lower); smallest step 0.000e+00
    Local VI completed in 407 iterations
    Final convergence values:
      ||V_upper^final - V_upper^prev||_inf = 6.72745149e-09
      ||V_lower^final - V_lower^prev||_inf = 9.98726069e-09
  Local VI completed in 407 iterations, time: 6.394s
    Final ||V_upper^k - V_upper^k-1||_inf = 6.72745148708648106441e-09
    Final ||V_lower^k - V_lower^k-1||_inf = 9.98726069122302218262e-09
  Saved visualization: /Users/i.k.tabbara/Documents/python directory/HSCC_2027/refactored_Implementations/results_hscc_2027_modified_init/ra_discount/van_der_pol_res40_eps0.001_dmin1e-08_dmax1e-08_gamma0.96_dt0.01_tau0.01_std/value_function_phase_13_complete.png
  Phase 13 completed in 9.05s with 8537139 leaf cells

Classification after phase 13:
  Safe:           666681 cells (  7.8%),   18.5% of state space
  Unsafe:         396742 cells (  4.6%),   24.5% of state space
  Unclassified:  7473716 cells ( 87.5%),   57.0% of state space

======================================================================
REFINEMENT PHASE 14
======================================================================
Boundary cells: 7473716
  Refinable (>eta_min=0.000354): 7473716
  Below threshold: 0
  Cumulative refined: 8535539
  Refinable cell size statistics:
    Max:    0.001953
    Mean:   0.001953
    Min:    0.001953
    Median: 0.001953
  Refining 7473716 cells...
    Refined: 7473716 parent cells
    Created: 14947432 child cells
    Total cells: 16010855
    Refinement time: 1.904s
    Cumulative refined: 16009255
  Rebuilding spatial index...
  Building spatial index for 16010855 cells...
   Spatial index built in 3.39s
    Spatial index rebuilt in 3.395s
  Initializing 14947432 new cells...
  Initializing 14947432 new cells in parallel...
   Initialized in 0.04s (352221916.0 cells/s)
    Initialization completed in 0.042s
  Starting local value iteration...
  Reinitializing ALL 16010855 cells (V_lower = min(l, r), V_upper = l)
   Reinitialized 16010855 cells in 0.04s (393100166.6 cells/s)
  Local VI: updating all 16010855 cells
    Conservative mode: False
    Convergence tolerance: 1e-08
    Max iterations: 20000
    Updating successor cache for 14947432 updated cells...
    Updating successor cache for 14947432 new cells (HYBRID)...
      Affected cells: 14951039
   Trajectories + spatial queries computed in 1.80s (8299643.3 tasks/s)
    Breakdown: 37.1% ODE, 62.9% queries
     Cache updated in 2.52s (5936911.7 tasks/s)
    Local Iteration   1: ||V_upper^k - V_upper^k-1||_inf = 4.08968913564991254361, ||V_lower^k - V_lower^k-1||_inf = 3.99484477945168681146
    Local Iteration   2: ||V_upper^k - V_upper^k-1||_inf = 3.80896525035328537001, ||V_lower^k - V_lower^k-1||_inf = 3.71362286890487425239
    Local Iteration   3: ||V_upper^k - V_upper^k-1||_inf = 3.55917803769511831291, ||V_lower^k - V_lower^k-1||_inf = 3.48878040110247589212
    Local Iteration   4: ||V_upper^k - V_upper^k-1||_inf = 3.32577992813652123516, ||V_lower^k - V_lower^k-1||_inf = 3.25776127393884529226
    Local Iteration   5: ||V_upper^k - V_upper^k-1||_inf = 3.11842335679553039895, ||V_lower^k - V_lower^k-1||_inf = 3.07007722666910876086
    Local Iteration   6: ||V_upper^k - V_upper^k-1||_inf = 2.93417459038568972929, ||V_lower^k - V_lower^k-1||_inf = 2.87882320325655438609
    Local Iteration   7: ||V_upper^k - V_upper^k-1||_inf = 2.75213777916642898802, ||V_lower^k - V_lower^k-1||_inf = 2.71505301479622573879
    Local Iteration   8: ||V_upper^k - V_upper^k-1||_inf = 2.59058560169354556990, ||V_lower^k - V_lower^k-1||_inf = 2.57861667739507582908
    Local Iteration   9: ||V_upper^k - V_upper^k-1||_inf = 2.43208842647777778723, ||V_lower^k - V_lower^k-1||_inf = 2.40712110829653047617
    Local Iteration  10: ||V_upper^k - V_upper^k-1||_inf = 2.26511739080180340977, ||V_lower^k - V_lower^k-1||_inf = 2.26670430587138804768
    Local Iteration  11: ||V_upper^k - V_upper^k-1||_inf = 2.17397451716910605768, ||V_lower^k - V_lower^k-1||_inf = 2.12223399332541928786
    Local Iteration  12: ||V_upper^k - V_upper^k-1||_inf = 2.08701553648234172655, ||V_lower^k - V_lower^k-1||_inf = 1.98562860396246154693
    Local Iteration  13: ||V_upper^k - V_upper^k-1||_inf = 2.00353491502304814631, ||V_lower^k - V_lower^k-1||_inf = 1.85809246218690082841
    Local Iteration  14: ||V_upper^k - V_upper^k-1||_inf = 1.92339351842212602506, ||V_lower^k - V_lower^k-1||_inf = 1.77911241472572445588
    Local Iteration  15: ||V_upper^k - V_upper^k-1||_inf = 1.84645777768524088636, ||V_lower^k - V_lower^k-1||_inf = 1.68963053836084542425
    Local Iteration  16: ||V_upper^k - V_upper^k-1||_inf = 1.77259946657783107327, ||V_lower^k - V_lower^k-1||_inf = 1.59879956245528331849
    Local Iteration  17: ||V_upper^k - V_upper^k-1||_inf = 1.70169548791471791915, ||V_lower^k - V_lower^k-1||_inf = 1.53269132444617994793
    Local Iteration  18: ||V_upper^k - V_upper^k-1||_inf = 1.63362766839812922903, ||V_lower^k - V_lower^k-1||_inf = 1.47036130992303060161
    Local Iteration  19: ||V_upper^k - V_upper^k-1||_inf = 1.56828256166220381118, ||V_lower^k - V_lower^k-1||_inf = 1.40770214279293348625
    Local Iteration  20: ||V_upper^k - V_upper^k-1||_inf = 1.50555125919571564097, ||V_lower^k - V_lower^k-1||_inf = 1.31759339650138196376
    Local Iteration  21: ||V_upper^k - V_upper^k-1||_inf = 1.44532920882788706862, ||V_lower^k - V_lower^k-1||_inf = 1.25190786483574623134
    Local Iteration  22: ||V_upper^k - V_upper^k-1||_inf = 1.38751604047477172799, ||V_lower^k - V_lower^k-1||_inf = 1.20177019226523373874
    Local Iteration  23: ||V_upper^k - V_upper^k-1||_inf = 1.33201539885578057465, ||V_lower^k - V_lower^k-1||_inf = 1.15369938457462417603
    Local Iteration  24: ||V_upper^k - V_upper^k-1||_inf = 1.27873478290154940495, ||V_lower^k - V_lower^k-1||_inf = 1.08679183971665960229
    Local Iteration  25: ||V_upper^k - V_upper^k-1||_inf = 1.22758539158548751757, ||V_lower^k - V_lower^k-1||_inf = 1.04332016612799294286
    Local Iteration  26: ||V_upper^k - V_upper^k-1||_inf = 1.17848197592206793693, ||V_lower^k - V_lower^k-1||_inf = 1.00158735948287325179
    Local Iteration  27: ||V_upper^k - V_upper^k-1||_inf = 1.13134269688518518393, ||V_lower^k - V_lower^k-1||_inf = 0.96147383548426534894
    Local Iteration  28: ||V_upper^k - V_upper^k-1||_inf = 1.08608898900977757229, ||V_lower^k - V_lower^k-1||_inf = 0.90464614242110741316
    Local Iteration  29: ||V_upper^k - V_upper^k-1||_inf = 1.04264542944938654045, ||V_lower^k - V_lower^k-1||_inf = 0.86832305963145939298
    Local Iteration  30: ||V_upper^k - V_upper^k-1||_inf = 1.00093961227141092785, ||V_lower^k - V_lower^k-1||_inf = 0.81626830821599127841
    Local Iteration  31: ||V_upper^k - V_upper^k-1||_inf = 0.96090202778055444632, ||V_lower^k - V_lower^k-1||_inf = 0.78340011600011161264
    Local Iteration  32: ||V_upper^k - V_upper^k-1||_inf = 0.92246594666933223738, ||V_lower^k - V_lower^k-1||_inf = 0.75206411136010697938
    Local Iteration  33: ||V_upper^k - V_upper^k-1||_inf = 0.88556730880255896121, ||V_lower^k - V_lower^k-1||_inf = 0.72194238583148540034
    Local Iteration  34: ||V_upper^k - V_upper^k-1||_inf = 0.85014461645045658056, ||V_lower^k - V_lower^k-1||_inf = 0.67696058104526535271
    Local Iteration  35: ||V_upper^k - V_upper^k-1||_inf = 0.81613883179243829069, ||V_lower^k - V_lower^k-1||_inf = 0.63342488478834513277
    Local Iteration  36: ||V_upper^k - V_upper^k-1||_inf = 0.78349327852074068801, ||V_lower^k - V_lower^k-1||_inf = 0.59211690790927506978
    Local Iteration  37: ||V_upper^k - V_upper^k-1||_inf = 0.75215354737991102496, ||V_lower^k - V_lower^k-1||_inf = 0.50234535838384208883
    Local Iteration  38: ||V_upper^k - V_upper^k-1||_inf = 0.72206740548471448626, ||V_lower^k - V_lower^k-1||_inf = 0.48195233467463166610
    Local Iteration  39: ||V_upper^k - V_upper^k-1||_inf = 0.69318470926532582688, ||V_lower^k - V_lower^k-1||_inf = 0.46210007212130432830
    Local Iteration  40: ||V_upper^k - V_upper^k-1||_inf = 0.66545732089471276716, ||V_lower^k - V_lower^k-1||_inf = 0.44306526793549511067
    Local Iteration  41: ||V_upper^k - V_upper^k-1||_inf = 0.63883902805892434085, ||V_lower^k - V_lower^k-1||_inf = 0.41592380956468860687
    Local Iteration  42: ||V_upper^k - V_upper^k-1||_inf = 0.61328546693656726951, ||V_lower^k - V_lower^k-1||_inf = 0.39928685718210110700
    Local Iteration  43: ||V_upper^k - V_upper^k-1||_inf = 0.58875404825910460094, ||V_lower^k - V_lower^k-1||_inf = 0.38238197423252440199
    Local Iteration  44: ||V_upper^k - V_upper^k-1||_inf = 0.56520388632874041246, ||V_lower^k - V_lower^k-1||_inf = 0.36708669526322346144
    Local Iteration  45: ||V_upper^k - V_upper^k-1||_inf = 0.54259573087559076487, ||V_lower^k - V_lower^k-1||_inf = 0.35240322745269447857
    Local Iteration  46: ||V_upper^k - V_upper^k-1||_inf = 0.52089190164056708987, ||V_lower^k - V_lower^k-1||_inf = 0.32893326090848284959
    Local Iteration  47: ||V_upper^k - V_upper^k-1||_inf = 0.50005622557494444624, ||V_lower^k - V_lower^k-1||_inf = 0.31577593047214352895
    Local Iteration  48: ||V_upper^k - V_upper^k-1||_inf = 0.48005397655194659290, ||V_lower^k - V_lower^k-1||_inf = 0.29405896329560859970
    Local Iteration  49: ||V_upper^k - V_upper^k-1||_inf = 0.46085181748986875361, ||V_lower^k - V_lower^k-1||_inf = 0.28229660476378420908
    Local Iteration  50: ||V_upper^k - V_upper^k-1||_inf = 0.44241774479027395905, ||V_lower^k - V_lower^k-1||_inf = 0.27054559022506147192
    Local Iteration  51: ||V_upper^k - V_upper^k-1||_inf = 0.42472103499866303844, ||V_lower^k - V_lower^k-1||_inf = 0.25972376661605900416
    Local Iteration  52: ||V_upper^k - V_upper^k-1||_inf = 0.40773219359871648582, ||V_lower^k - V_lower^k-1||_inf = 0.24933481595141662734
    Local Iteration  53: ||V_upper^k - V_upper^k-1||_inf = 0.39142290585476779974, ||V_lower^k - V_lower^k-1||_inf = 0.23890330960270622640
    Local Iteration  54: ||V_upper^k - V_upper^k-1||_inf = 0.37576598962057711217, ||V_lower^k - V_lower^k-1||_inf = 0.22934717721859795847
    Local Iteration  55: ||V_upper^k - V_upper^k-1||_inf = 0.36073535003575396551, ||V_lower^k - V_lower^k-1||_inf = 0.22017329012985403791
    Local Iteration  56: ||V_upper^k - V_upper^k-1||_inf = 0.34630593603432380245, ||V_lower^k - V_lower^k-1||_inf = 0.20492909391730629309
    Local Iteration  57: ||V_upper^k - V_upper^k-1||_inf = 0.33245369859295081927, ||V_lower^k - V_lower^k-1||_inf = 0.19673193016061404914
    Local Iteration  58: ||V_upper^k - V_upper^k-1||_inf = 0.31915555064923278872, ||V_lower^k - V_lower^k-1||_inf = 0.18886265295418949717
    Local Iteration  59: ||V_upper^k - V_upper^k-1||_inf = 0.30638932862326345719, ||V_lower^k - V_lower^k-1||_inf = 0.18075858478450343436
    Local Iteration  60: ||V_upper^k - V_upper^k-1||_inf = 0.29413375547833292556, ||V_lower^k - V_lower^k-1||_inf = 0.16768397192204534396
    Local Iteration  61: ||V_upper^k - V_upper^k-1||_inf = 0.28236840525919959521, ||V_lower^k - V_lower^k-1||_inf = 0.16097661304516350245
    Local Iteration  62: ||V_upper^k - V_upper^k-1||_inf = 0.27107366904883162251, ||V_lower^k - V_lower^k-1||_inf = 0.15453754852335696568
    Local Iteration  63: ||V_upper^k - V_upper^k-1||_inf = 0.26023072228687832430, ||V_lower^k - V_lower^k-1||_inf = 0.14835604658242271259
    Local Iteration  64: ||V_upper^k - V_upper^k-1||_inf = 0.24982149339540321575, ||V_lower^k - V_lower^k-1||_inf = 0.14242180471912579964
    Local Iteration  65: ||V_upper^k - V_upper^k-1||_inf = 0.23982863365958706492, ||V_lower^k - V_lower^k-1||_inf = 0.13131302446694248509
    Local Iteration  66: ||V_upper^k - V_upper^k-1||_inf = 0.23023548831320356234, ||V_lower^k - V_lower^k-1||_inf = 0.12606050348826478014
    Local Iteration  67: ||V_upper^k - V_upper^k-1||_inf = 0.22102606878067540541, ||V_lower^k - V_lower^k-1||_inf = 0.12101808334873419282
    Local Iteration  68: ||V_upper^k - V_upper^k-1||_inf = 0.21218502602944838697, ||V_lower^k - V_lower^k-1||_inf = 0.11617736001478481955
    Local Iteration  69: ||V_upper^k - V_upper^k-1||_inf = 0.20369762498827043151, ||V_lower^k - V_lower^k-1||_inf = 0.11153026561419340790
    Local Iteration  70: ||V_upper^k - V_upper^k-1||_inf = 0.19554971998873960093, ||V_lower^k - V_lower^k-1||_inf = 0.10706905498962566992
    Local Iteration  71: ||V_upper^k - V_upper^k-1||_inf = 0.18772773118919000579, ||V_lower^k - V_lower^k-1||_inf = 0.10251358310949391928
    Local Iteration  72: ||V_upper^k - V_upper^k-1||_inf = 0.18021862194162241444, ||V_lower^k - V_lower^k-1||_inf = 0.09841303978511416195
    Local Iteration  73: ||V_upper^k - V_upper^k-1||_inf = 0.17300987706395751231, ||V_lower^k - V_lower^k-1||_inf = 0.09066108276929256415
    Local Iteration  74: ||V_upper^k - V_upper^k-1||_inf = 0.16608948198139919517, ||V_lower^k - V_lower^k-1||_inf = 0.08703463945852085715
    Local Iteration  75: ||V_upper^k - V_upper^k-1||_inf = 0.15944590270214323291, ||V_lower^k - V_lower^k-1||_inf = 0.08355325388018002009
    Local Iteration  76: ||V_upper^k - V_upper^k-1||_inf = 0.15306806659405747251, ||V_lower^k - V_lower^k-1||_inf = 0.08021112372497281318
    Local Iteration  77: ||V_upper^k - V_upper^k-1||_inf = 0.14694534393029518027, ||V_lower^k - V_lower^k-1||_inf = 0.07340466567242788509
    Local Iteration  78: ||V_upper^k - V_upper^k-1||_inf = 0.14106753017308337750, ||V_lower^k - V_lower^k-1||_inf = 0.06687046594198474414
    Local Iteration  79: ||V_upper^k - V_upper^k-1||_inf = 0.13542482896616003796, ||V_lower^k - V_lower^k-1||_inf = 0.06419564730430535326
    Local Iteration  80: ||V_upper^k - V_upper^k-1||_inf = 0.12991219844765661273, ||V_lower^k - V_lower^k-1||_inf = 0.06134073794556141324
    Local Iteration  81: ||V_upper^k - V_upper^k-1||_inf = 0.12471571050975036044, ||V_lower^k - V_lower^k-1||_inf = 0.05888710842773896281
    Local Iteration  82: ||V_upper^k - V_upper^k-1||_inf = 0.11972708208936033714, ||V_lower^k - V_lower^k-1||_inf = 0.05334833236945051016
    Local Iteration  83: ||V_upper^k - V_upper^k-1||_inf = 0.11493799880578589589, ||V_lower^k - V_lower^k-1||_inf = 0.05121439907467249808
    Local Iteration  84: ||V_upper^k - V_upper^k-1||_inf = 0.11034047885355446894, ||V_lower^k - V_lower^k-1||_inf = 0.04916582311168560260
    Local Iteration  85: ||V_upper^k - V_upper^k-1||_inf = 0.10592685969941227631, ||V_lower^k - V_lower^k-1||_inf = 0.04719919018721817350
    Local Iteration  86: ||V_upper^k - V_upper^k-1||_inf = 0.10168978531143579858, ||V_lower^k - V_lower^k-1||_inf = 0.04531122257972944323
    Local Iteration  87: ||V_upper^k - V_upper^k-1||_inf = 0.09762219389897835997, ||V_lower^k - V_lower^k-1||_inf = 0.04079505580368049389
    Local Iteration  88: ||V_upper^k - V_upper^k-1||_inf = 0.09371730614301920781, ||V_lower^k - V_lower^k-1||_inf = 0.03916325357153327413
    Local Iteration  89: ||V_upper^k - V_upper^k-1||_inf = 0.08996861389729843284, ||V_lower^k - V_lower^k-1||_inf = 0.03759672342867194372
    Local Iteration  90: ||V_upper^k - V_upper^k-1||_inf = 0.08636986934140650218, ||V_lower^k - V_lower^k-1||_inf = 0.03609285449152506431
    Local Iteration  91: ||V_upper^k - V_upper^k-1||_inf = 0.08291507456775024099, ||V_lower^k - V_lower^k-1||_inf = 0.03464914031186405730
    Local Iteration  92: ||V_upper^k - V_upper^k-1||_inf = 0.07959847158504021469, ||V_lower^k - V_lower^k-1||_inf = 0.03096678122486552776
    Local Iteration  93: ||V_upper^k - V_upper^k-1||_inf = 0.07641453272163860333, ||V_lower^k - V_lower^k-1||_inf = 0.02972810997587091442
    Local Iteration  94: ||V_upper^k - V_upper^k-1||_inf = 0.07335795141277305642, ||V_lower^k - V_lower^k-1||_inf = 0.02853898557683608173
    Local Iteration  95: ||V_upper^k - V_upper^k-1||_inf = 0.07042363335626213028, ||V_lower^k - V_lower^k-1||_inf = 0.02739742615376264401
    Local Iteration  96: ||V_upper^k - V_upper^k-1||_inf = 0.06760668802201164063, ||V_lower^k - V_lower^k-1||_inf = 0.02630152910761213852
    Local Iteration  97: ||V_upper^k - V_upper^k-1||_inf = 0.06490242050113116667, ||V_lower^k - V_lower^k-1||_inf = 0.02524946794330764493
    Local Iteration  98: ||V_upper^k - V_upper^k-1||_inf = 0.06230632368108592056, ||V_lower^k - V_lower^k-1||_inf = 0.02423948922557533914
    Local Iteration  99: ||V_upper^k - V_upper^k-1||_inf = 0.05981407073384247680, ||V_lower^k - V_lower^k-1||_inf = 0.02147238977616162947
    Local Iteration 100: ||V_upper^k - V_upper^k-1||_inf = 0.05742150790448877218, ||V_lower^k - V_lower^k-1||_inf = 0.02061349418511516235
    Local Iteration 101: ||V_upper^k - V_upper^k-1||_inf = 0.05512464758830921963, ||V_lower^k - V_lower^k-1||_inf = 0.01978895441771055114
    Local Iteration 102: ||V_upper^k - V_upper^k-1||_inf = 0.05291966168477684612, ||V_lower^k - V_lower^k-1||_inf = 0.01899739624100212770
    Local Iteration 103: ||V_upper^k - V_upper^k-1||_inf = 0.05080287521738577339, ||V_lower^k - V_lower^k-1||_inf = 0.01823750039136204371
    Local Iteration 104: ||V_upper^k - V_upper^k-1||_inf = 0.04877076020869033912, ||V_lower^k - V_lower^k-1||_inf = 0.01598128304876610811
    Local Iteration 105: ||V_upper^k - V_upper^k-1||_inf = 0.04681992980034272583, ||V_lower^k - V_lower^k-1||_inf = 0.01534203172681546101
    Local Iteration 106: ||V_upper^k - V_upper^k-1||_inf = 0.04494713260832901291, ||V_lower^k - V_lower^k-1||_inf = 0.01472835045774284479
    Local Iteration 107: ||V_upper^k - V_upper^k-1||_inf = 0.04314924730399585795, ||V_lower^k - V_lower^k-1||_inf = 0.01413921643943313183
    Local Iteration 108: ||V_upper^k - V_upper^k-1||_inf = 0.04142327741183601808, ||V_lower^k - V_lower^k-1||_inf = 0.01357364778185580351
    Local Iteration 109: ||V_upper^k - V_upper^k-1||_inf = 0.03976634631536257736, ||V_lower^k - V_lower^k-1||_inf = 0.01303070187058157428
    Local Iteration 110: ||V_upper^k - V_upper^k-1||_inf = 0.03817569246274807315, ||V_lower^k - V_lower^k-1||_inf = 0.01126463017041739664
    Local Iteration 111: ||V_upper^k - V_upper^k-1||_inf = 0.03664866476423815633, ||V_lower^k - V_lower^k-1||_inf = 0.01081404496360070105
    Local Iteration 112: ||V_upper^k - V_upper^k-1||_inf = 0.03518271817366862980, ||V_lower^k - V_lower^k-1||_inf = 0.01038148316505667357
    Local Iteration 113: ||V_upper^k - V_upper^k-1||_inf = 0.03377540944672188100, ||V_lower^k - V_lower^k-1||_inf = 0.00996622383845440982
    Local Iteration 114: ||V_upper^k - V_upper^k-1||_inf = 0.03242439306885300243, ||V_lower^k - V_lower^k-1||_inf = 0.00956757488491622940
    Local Iteration 115: ||V_upper^k - V_upper^k-1||_inf = 0.03112741734609888317, ||V_lower^k - V_lower^k-1||_inf = 0.00812756823859834762
    Local Iteration 116: ||V_upper^k - V_upper^k-1||_inf = 0.02988232065225492756, ||V_lower^k - V_lower^k-1||_inf = 0.00780246550905441816
    Local Iteration 117: ||V_upper^k - V_upper^k-1||_inf = 0.02868702782616473074, ||V_lower^k - V_lower^k-1||_inf = 0.00749036688869224310
    Local Iteration 118: ||V_upper^k - V_upper^k-1||_inf = 0.02753954671311813901, ||V_lower^k - V_lower^k-1||_inf = 0.00719075221314455226
    Local Iteration 119: ||V_upper^k - V_upper^k-1||_inf = 0.02643796484459341387, ||V_lower^k - V_lower^k-1||_inf = 0.00596768752171732489
    Local Iteration 120: ||V_upper^k - V_upper^k-1||_inf = 0.02538044625080967606, ||V_lower^k - V_lower^k-1||_inf = 0.00572898002084862995
    Local Iteration 121: ||V_upper^k - V_upper^k-1||_inf = 0.02436522840077728902, ||V_lower^k - V_lower^k-1||_inf = 0.00549982082001468711
    Local Iteration 122: ||V_upper^k - V_upper^k-1||_inf = 0.02339061926474619510, ||V_lower^k - V_lower^k-1||_inf = 0.00527982798721409949
    Local Iteration 123: ||V_upper^k - V_upper^k-1||_inf = 0.02245499449415634674, ||V_lower^k - V_lower^k-1||_inf = 0.00424102219889292004
    Local Iteration 124: ||V_upper^k - V_upper^k-1||_inf = 0.02155679471439009287, ||V_lower^k - V_lower^k-1||_inf = 0.00407138131093720199
    Local Iteration 125: ||V_upper^k - V_upper^k-1||_inf = 0.02069452292581448749, ||V_lower^k - V_lower^k-1||_inf = 0.00390852605849971446
    Local Iteration 126: ||V_upper^k - V_upper^k-1||_inf = 0.01986674200878190549, ||V_lower^k - V_lower^k-1||_inf = 0.00298945718056358931
    Local Iteration 127: ||V_upper^k - V_upper^k-1||_inf = 0.01907207232843062886, ||V_lower^k - V_lower^k-1||_inf = 0.00286987889334104629
    Local Iteration 128: ||V_upper^k - V_upper^k-1||_inf = 0.01830918943529340204, ||V_lower^k - V_lower^k-1||_inf = 0.00275508373760740416
    Local Iteration 129: ||V_upper^k - V_upper^k-1||_inf = 0.01757682185788166443, ||V_lower^k - V_lower^k-1||_inf = 0.00264488038810310744
    Local Iteration 130: ||V_upper^k - V_upper^k-1||_inf = 0.01687374898356639938, ||V_lower^k - V_lower^k-1||_inf = 0.00186427239822499827
    Local Iteration 131: ||V_upper^k - V_upper^k-1||_inf = 0.01619879902422374091, ||V_lower^k - V_lower^k-1||_inf = 0.00178970150229599764
    Local Iteration 132: ||V_upper^k - V_upper^k-1||_inf = 0.01555084706325478988, ||V_lower^k - V_lower^k-1||_inf = 0.00171811344220415899
    Local Iteration 133: ||V_upper^k - V_upper^k-1||_inf = 0.01492881318072459933, ||V_lower^k - V_lower^k-1||_inf = 0.00164938890451599152
    Local Iteration 134: ||V_upper^k - V_upper^k-1||_inf = 0.01433166065349561480, ||V_lower^k - V_lower^k-1||_inf = 0.00098638219360450488
    Local Iteration 135: ||V_upper^k - V_upper^k-1||_inf = 0.01375839422735579062, ||V_lower^k - V_lower^k-1||_inf = 0.00094692690586032496
    Local Iteration 136: ||V_upper^k - V_upper^k-1||_inf = 0.01320805845826155886, ||V_lower^k - V_lower^k-1||_inf = 0.00090904982962591169
    Local Iteration 137: ||V_upper^k - V_upper^k-1||_inf = 0.01267973611993109505, ||V_lower^k - V_lower^k-1||_inf = 0.00087268783644087536
    Local Iteration 138: ||V_upper^k - V_upper^k-1||_inf = 0.01217254667513385097, ||V_lower^k - V_lower^k-1||_inf = 0.00083778032298324062
    Local Iteration 139: ||V_upper^k - V_upper^k-1||_inf = 0.01168564480812849492, ||V_lower^k - V_lower^k-1||_inf = 0.00056800621040186197
    Local Iteration 140: ||V_upper^k - V_upper^k-1||_inf = 0.01121821901580335665, ||V_lower^k - V_lower^k-1||_inf = 0.00054528596198578742
    Local Iteration 141: ||V_upper^k - V_upper^k-1||_inf = 0.01076949025517122058, ||V_lower^k - V_lower^k-1||_inf = 0.00052305097425221596
    Local Iteration 142: ||V_upper^k - V_upper^k-1||_inf = 0.01033871064496437106, ||V_lower^k - V_lower^k-1||_inf = 0.00050212893528212704
    Local Iteration 143: ||V_upper^k - V_upper^k-1||_inf = 0.00992516221916579615, ||V_lower^k - V_lower^k-1||_inf = 0.00048204377787084210
    Local Iteration 144: ||V_upper^k - V_upper^k-1||_inf = 0.00952815573039916472, ||V_lower^k - V_lower^k-1||_inf = 0.00046276202675600737
    Local Iteration 145: ||V_upper^k - V_upper^k-1||_inf = 0.00914702950118319660, ||V_lower^k - V_lower^k-1||_inf = 0.00044425154568576708
    Local Iteration 146: ||V_upper^k - V_upper^k-1||_inf = 0.00878114832113586867, ||V_lower^k - V_lower^k-1||_inf = 0.00042648148385833647
    Local Iteration 147: ||V_upper^k - V_upper^k-1||_inf = 0.00842990238829043406, ||V_lower^k - V_lower^k-1||_inf = 0.00040942222450400349
    Local Iteration 148: ||V_upper^k - V_upper^k-1||_inf = 0.00809270629275881705, ||V_lower^k - V_lower^k-1||_inf = 0.00039304533552384294
    Local Iteration 149: ||V_upper^k - V_upper^k-1||_inf = 0.00776899804104846329, ||V_lower^k - V_lower^k-1||_inf = 0.00037732352210288929
    Local Iteration 150: ||V_upper^k - V_upper^k-1||_inf = 0.00745823811940652358, ||V_lower^k - V_lower^k-1||_inf = 0.00036223058121877261
    Local Iteration 151: ||V_upper^k - V_upper^k-1||_inf = 0.00715990859463026298, ||V_lower^k - V_lower^k-1||_inf = 0.00034774135797002205
    Local Iteration 152: ||V_upper^k - V_upper^k-1||_inf = 0.00687351225084505135, ||V_lower^k - V_lower^k-1||_inf = 0.00033383170365122120
    Local Iteration 153: ||V_upper^k - V_upper^k-1||_inf = 0.00659857176081124919, ||V_lower^k - V_lower^k-1||_inf = 0.00032046875125119143
    Local Iteration 154: ||V_upper^k - V_upper^k-1||_inf = 0.00633462889037879860, ||V_lower^k - V_lower^k-1||_inf = 0.00030765000120114381
    Local Iteration 155: ||V_upper^k - V_upper^k-1||_inf = 0.00608124373476364669, ||V_lower^k - V_lower^k-1||_inf = 0.00029534400115309792
    Local Iteration 156: ||V_upper^k - V_upper^k-1||_inf = 0.00583799398537310048, ||V_lower^k - V_lower^k-1||_inf = 0.00028353024110697438
    Local Iteration 157: ||V_upper^k - V_upper^k-1||_inf = 0.00560447422595817570, ||V_lower^k - V_lower^k-1||_inf = 0.00027218903146269610
    Local Iteration 158: ||V_upper^k - V_upper^k-1||_inf = 0.00538029525691984846, ||V_lower^k - V_lower^k-1||_inf = 0.00026130147020418833
    Local Iteration 159: ||V_upper^k - V_upper^k-1||_inf = 0.00516508344664305414, ||V_lower^k - V_lower^k-1||_inf = 0.00025084941139602059
    Local Iteration 160: ||V_upper^k - V_upper^k-1||_inf = 0.00495848010877733211, ||V_lower^k - V_lower^k-1||_inf = 0.00024081543494018035
    Local Iteration 161: ||V_upper^k - V_upper^k-1||_inf = 0.00476014090442623827, ||V_lower^k - V_lower^k-1||_inf = 0.00023118281754257348
    Local Iteration 162: ||V_upper^k - V_upper^k-1||_inf = 0.00456973526824918860, ||V_lower^k - V_lower^k-1||_inf = 0.00022193550484087086
    Local Iteration 163: ||V_upper^k - V_upper^k-1||_inf = 0.00438694585751922116, ||V_lower^k - V_lower^k-1||_inf = 0.00021305808464723575
    Local Iteration 164: ||V_upper^k - V_upper^k-1||_inf = 0.00014115354357156079, ||V_lower^k - V_lower^k-1||_inf = 0.00020453576126134611
    Local Iteration 165: ||V_upper^k - V_upper^k-1||_inf = 0.00013550740182869834, ||V_lower^k - V_lower^k-1||_inf = 0.00019635433081089271
    Local Iteration 166: ||V_upper^k - V_upper^k-1||_inf = 0.00013008710575555023, ||V_lower^k - V_lower^k-1||_inf = 0.00018845721036607650
    Local Iteration 167: ||V_upper^k - V_upper^k-1||_inf = 0.00012488362152532828, ||V_lower^k - V_lower^k-1||_inf = 0.00018091892195143313
    Local Iteration 168: ||V_upper^k - V_upper^k-1||_inf = 0.00011988827666431544, ||V_lower^k - V_lower^k-1||_inf = 0.00017368216507337563
    Local Iteration 169: ||V_upper^k - V_upper^k-1||_inf = 0.00011509274559774263, ||V_lower^k - V_lower^k-1||_inf = 0.00016673487847044090
    Local Iteration 170: ||V_upper^k - V_upper^k-1||_inf = 0.00011048903577383275, ||V_lower^k - V_lower^k-1||_inf = 0.00016006548333162302
    Local Iteration 171: ||V_upper^k - V_upper^k-1||_inf = 0.00010606947434287930, ||V_lower^k - V_lower^k-1||_inf = 0.00015366286399835782
    Local Iteration 172: ||V_upper^k - V_upper^k-1||_inf = 0.00010182669536916390, ||V_lower^k - V_lower^k-1||_inf = 0.00014751634943842339
    Local Iteration 173: ||V_upper^k - V_upper^k-1||_inf = 0.00009775362755439724, ||V_lower^k - V_lower^k-1||_inf = 0.00014161569546088625
    Local Iteration 174: ||V_upper^k - V_upper^k-1||_inf = 0.00009384348245222132, ||V_lower^k - V_lower^k-1||_inf = 0.00013595106764245071
    Local Iteration 175: ||V_upper^k - V_upper^k-1||_inf = 0.00009008974315413243, ||V_lower^k - V_lower^k-1||_inf = 0.00013051302493675239
    Local Iteration 176: ||V_upper^k - V_upper^k-1||_inf = 0.00008648615342796715, ||V_lower^k - V_lower^k-1||_inf = 0.00012529250393928217
    Local Iteration 177: ||V_upper^k - V_upper^k-1||_inf = 0.00008302670729084844, ||V_lower^k - V_lower^k-1||_inf = 0.00012028080378171085
    Local Iteration 178: ||V_upper^k - V_upper^k-1||_inf = 0.00007970563899921466, ||V_lower^k - V_lower^k-1||_inf = 0.00011541695397160366
    Local Iteration 179: ||V_upper^k - V_upper^k-1||_inf = 0.00007651741343924607, ||V_lower^k - V_lower^k-1||_inf = 0.00011080027581273971
    Local Iteration 180: ||V_upper^k - V_upper^k-1||_inf = 0.00007345671690167622, ||V_lower^k - V_lower^k-1||_inf = 0.00010636826478023021
    Local Iteration 181: ||V_upper^k - V_upper^k-1||_inf = 0.00007051844822560929, ||V_lower^k - V_lower^k-1||_inf = 0.00010211353418902117
    Local Iteration 182: ||V_upper^k - V_upper^k-1||_inf = 0.00006769771029658503, ||V_lower^k - V_lower^k-1||_inf = 0.00009802899282146046
    Local Iteration 183: ||V_upper^k - V_upper^k-1||_inf = 0.00006498980188472171, ||V_lower^k - V_lower^k-1||_inf = 0.00009410783310860203
    Local Iteration 184: ||V_upper^k - V_upper^k-1||_inf = 0.00006239020980933273, ||V_lower^k - V_lower^k-1||_inf = 0.00009034351978425828
    Local Iteration 185: ||V_upper^k - V_upper^k-1||_inf = 0.00005989460141695943, ||V_lower^k - V_lower^k-1||_inf = 0.00008672977899288779
    Local Iteration 186: ||V_upper^k - V_upper^k-1||_inf = 0.00005749881736028103, ||V_lower^k - V_lower^k-1||_inf = 0.00008326058783317226
    Local Iteration 187: ||V_upper^k - V_upper^k-1||_inf = 0.00005519886466586973, ||V_lower^k - V_lower^k-1||_inf = 0.00007993016431984525
    Local Iteration 188: ||V_upper^k - V_upper^k-1||_inf = 0.00005299091007923489, ||V_lower^k - V_lower^k-1||_inf = 0.00007657942902568630
    Local Iteration 189: ||V_upper^k - V_upper^k-1||_inf = 0.00005087127367606561, ||V_lower^k - V_lower^k-1||_inf = 0.00007351625186465894
    Local Iteration 190: ||V_upper^k - V_upper^k-1||_inf = 0.00004883642272902292, ||V_lower^k - V_lower^k-1||_inf = 0.00007050267315834944
    Local Iteration 191: ||V_upper^k - V_upper^k-1||_inf = 0.00004688296581986196, ||V_lower^k - V_lower^k-1||_inf = 0.00006768256623201538
    Local Iteration 192: ||V_upper^k - V_upper^k-1||_inf = 0.00004500764718706751, ||V_lower^k - V_lower^k-1||_inf = 0.00006497526358273473
    Local Iteration 193: ||V_upper^k - V_upper^k-1||_inf = 0.00004320734129958481, ||V_lower^k - V_lower^k-1||_inf = 0.00006237625303942541
    Local Iteration 194: ||V_upper^k - V_upper^k-1||_inf = 0.00004147904764760144, ||V_lower^k - V_lower^k-1||_inf = 0.00005988120291784845
    Local Iteration 195: ||V_upper^k - V_upper^k-1||_inf = 0.00003981988574169740, ||V_lower^k - V_lower^k-1||_inf = 0.00005748595480113456
    Local Iteration 196: ||V_upper^k - V_upper^k-1||_inf = 0.00003822709031202950, ||V_lower^k - V_lower^k-1||_inf = 0.00005518651660908909
    Local Iteration 197: ||V_upper^k - V_upper^k-1||_inf = 0.00003669800669954830, ||V_lower^k - V_lower^k-1||_inf = 0.00005297905594472551
    Local Iteration 198: ||V_upper^k - V_upper^k-1||_inf = 0.00003523008643156636, ||V_lower^k - V_lower^k-1||_inf = 0.00005085989370693647
    Local Iteration 199: ||V_upper^k - V_upper^k-1||_inf = 0.00003382088297430364, ||V_lower^k - V_lower^k-1||_inf = 0.00004882549795865885
    Local Iteration 200: ||V_upper^k - V_upper^k-1||_inf = 0.00003246804765533141, ||V_lower^k - V_lower^k-1||_inf = 0.00004687247804031252
    Local Iteration 201: ||V_upper^k - V_upper^k-1||_inf = 0.00003116932574911816, ||V_lower^k - V_lower^k-1||_inf = 0.00004499757891870005
    Local Iteration 202: ||V_upper^k - V_upper^k-1||_inf = 0.00002992255271915348, ||V_lower^k - V_lower^k-1||_inf = 0.00004319767576195207
    Local Iteration 203: ||V_upper^k - V_upper^k-1||_inf = 0.00002872565061038735, ||V_lower^k - V_lower^k-1||_inf = 0.00004146976873147402
    Local Iteration 204: ||V_upper^k - V_upper^k-1||_inf = 0.00002757662458597189, ||V_lower^k - V_lower^k-1||_inf = 0.00003981097798221500
    Local Iteration 205: ||V_upper^k - V_upper^k-1||_inf = 0.00002647355960253299, ||V_lower^k - V_lower^k-1||_inf = 0.00003821853886292641
    Local Iteration 206: ||V_upper^k - V_upper^k-1||_inf = 0.00002541461721843166, ||V_lower^k - V_lower^k-1||_inf = 0.00003668979730840941
    Local Iteration 207: ||V_upper^k - V_upper^k-1||_inf = 0.00002439803252969440, ||V_lower^k - V_lower^k-1||_inf = 0.00003522220541607305
    Local Iteration 208: ||V_upper^k - V_upper^k-1||_inf = 0.00002342211122850660, ||V_lower^k - V_lower^k-1||_inf = 0.00003381331719943018
    Local Iteration 209: ||V_upper^k - V_upper^k-1||_inf = 0.00002248522677936632, ||V_lower^k - V_lower^k-1||_inf = 0.00003245559314843003
    Local Iteration 210: ||V_upper^k - V_upper^k-1||_inf = 0.00002158581770819165, ||V_lower^k - V_lower^k-1||_inf = 0.00003115736942249289
    Local Iteration 211: ||V_upper^k - V_upper^k-1||_inf = 0.00002072238499986400, ||V_lower^k - V_lower^k-1||_inf = 0.00002991107464559318
    Local Iteration 212: ||V_upper^k - V_upper^k-1||_inf = 0.00001989348959986948, ||V_lower^k - V_lower^k-1||_inf = 0.00002871463165976952
    Local Iteration 213: ||V_upper^k - V_upper^k-1||_inf = 0.00001909775001587469, ||V_lower^k - V_lower^k-1||_inf = 0.00002756604639337875
    Local Iteration 214: ||V_upper^k - V_upper^k-1||_inf = 0.00001833384001523970, ||V_lower^k - V_lower^k-1||_inf = 0.00002646340453764363
    Local Iteration 215: ||V_upper^k - V_upper^k-1||_inf = 0.00001760048641463009, ||V_lower^k - V_lower^k-1||_inf = 0.00002540486835613789
    Local Iteration 216: ||V_upper^k - V_upper^k-1||_inf = 0.00001689646695804485, ||V_lower^k - V_lower^k-1||_inf = 0.00002438867362189239
    Local Iteration 217: ||V_upper^k - V_upper^k-1||_inf = 0.00001622060827972304, ||V_lower^k - V_lower^k-1||_inf = 0.00002341312667701666
    Local Iteration 218: ||V_upper^k - V_upper^k-1||_inf = 0.00001557178394853410, ||V_lower^k - V_lower^k-1||_inf = 0.00002247660160993592
    Local Iteration 219: ||V_upper^k - V_upper^k-1||_inf = 0.00001494891259059270, ||V_lower^k - V_lower^k-1||_inf = 0.00002157753754553852
    Local Iteration 220: ||V_upper^k - V_upper^k-1||_inf = 0.00001435095608696898, ||V_lower^k - V_lower^k-1||_inf = 0.00002067171190875882
    Local Iteration 221: ||V_upper^k - V_upper^k-1||_inf = 0.00001377691784349024, ||V_lower^k - V_lower^k-1||_inf = 0.00001984484343240848
    Local Iteration 222: ||V_upper^k - V_upper^k-1||_inf = 0.00001322584112975060, ||V_lower^k - V_lower^k-1||_inf = 0.00001905104969511214
    Local Iteration 223: ||V_upper^k - V_upper^k-1||_inf = 0.00001269680748456061, ||V_lower^k - V_lower^k-1||_inf = 0.00001828900770730767
    Local Iteration 224: ||V_upper^k - V_upper^k-1||_inf = 0.00001218893518517818, ||V_lower^k - V_lower^k-1||_inf = 0.00001755744739901537
    Local Iteration 225: ||V_upper^k - V_upper^k-1||_inf = 0.00001170137777777104, ||V_lower^k - V_lower^k-1||_inf = 0.00001685514950305477
    Local Iteration 226: ||V_upper^k - V_upper^k-1||_inf = 0.00001123332266666019, ||V_lower^k - V_lower^k-1||_inf = 0.00001618094352293255
    Local Iteration 227: ||V_upper^k - V_upper^k-1||_inf = 0.00001078398975999379, ||V_lower^k - V_lower^k-1||_inf = 0.00001553370578201522
    Local Iteration 228: ||V_upper^k - V_upper^k-1||_inf = 0.00001035263016959404, ||V_lower^k - V_lower^k-1||_inf = 0.00001491235755073458
    Local Iteration 229: ||V_upper^k - V_upper^k-1||_inf = 0.00000993852496281028, ||V_lower^k - V_lower^k-1||_inf = 0.00001431586324870520
    Local Iteration 230: ||V_upper^k - V_upper^k-1||_inf = 0.00000954098396429786, ||V_lower^k - V_lower^k-1||_inf = 0.00001374322871875697
    Local Iteration 231: ||V_upper^k - V_upper^k-1||_inf = 0.00000915934460572594, ||V_lower^k - V_lower^k-1||_inf = 0.00001319349957000667
    Local Iteration 232: ||V_upper^k - V_upper^k-1||_inf = 0.00000879297082149690, ||V_lower^k - V_lower^k-1||_inf = 0.00001266575958720642
    Local Iteration 233: ||V_upper^k - V_upper^k-1||_inf = 0.00000844125198863702, ||V_lower^k - V_lower^k-1||_inf = 0.00001215912920371818
    Local Iteration 234: ||V_upper^k - V_upper^k-1||_inf = 0.00000810360190909155, ||V_lower^k - V_lower^k-1||_inf = 0.00001167276403556946
    Local Iteration 235: ||V_upper^k - V_upper^k-1||_inf = 0.00000777945783272791, ||V_lower^k - V_lower^k-1||_inf = 0.00001120585347414669
    Local Iteration 236: ||V_upper^k - V_upper^k-1||_inf = 0.00000746827951941879, ||V_lower^k - V_lower^k-1||_inf = 0.00001075761933518082
    Local Iteration 237: ||V_upper^k - V_upper^k-1||_inf = 0.00000716954833864206, ||V_lower^k - V_lower^k-1||_inf = 0.00001032731456177360
    Local Iteration 238: ||V_upper^k - V_upper^k-1||_inf = 0.00000688276640509639, ||V_lower^k - V_lower^k-1||_inf = 0.00000991422197930267
    Local Iteration 239: ||V_upper^k - V_upper^k-1||_inf = 0.00000660745574889252, ||V_lower^k - V_lower^k-1||_inf = 0.00000951765310013055
    Local Iteration 240: ||V_upper^k - V_upper^k-1||_inf = 0.00000634315751893682, ||V_lower^k - V_lower^k-1||_inf = 0.00000913694697612531
    Local Iteration 241: ||V_upper^k - V_upper^k-1||_inf = 0.00000608943121817934, ||V_lower^k - V_lower^k-1||_inf = 0.00000875455155651881
    Local Iteration 242: ||V_upper^k - V_upper^k-1||_inf = 0.00000584585396945217, ||V_lower^k - V_lower^k-1||_inf = 0.00000840436949425805
    Local Iteration 243: ||V_upper^k - V_upper^k-1||_inf = 0.00000561201981067408, ||V_lower^k - V_lower^k-1||_inf = 0.00000806819471448772
    Local Iteration 244: ||V_upper^k - V_upper^k-1||_inf = 0.00000538753901824712, ||V_lower^k - V_lower^k-1||_inf = 0.00000774546692590820
    Local Iteration 245: ||V_upper^k - V_upper^k-1||_inf = 0.00000517203745751724, ||V_lower^k - V_lower^k-1||_inf = 0.00000743564824887190
    Local Iteration 246: ||V_upper^k - V_upper^k-1||_inf = 0.00000496515595921655, ||V_lower^k - V_lower^k-1||_inf = 0.00000713822231891700
    Local Iteration 247: ||V_upper^k - V_upper^k-1||_inf = 0.00000476654972084789, ||V_lower^k - V_lower^k-1||_inf = 0.00000684955904131337
    Local Iteration 248: ||V_upper^k - V_upper^k-1||_inf = 0.00000457588773201397, ||V_lower^k - V_lower^k-1||_inf = 0.00000657557667966082
    Local Iteration 249: ||V_upper^k - V_upper^k-1||_inf = 0.00000439285222273340, ||V_lower^k - V_lower^k-1||_inf = 0.00000631255361247440
    Local Iteration 250: ||V_upper^k - V_upper^k-1||_inf = 0.00000421713813382407, ||V_lower^k - V_lower^k-1||_inf = 0.00000606005146797542
    Local Iteration 251: ||V_upper^k - V_upper^k-1||_inf = 0.00000404845260847110, ||V_lower^k - V_lower^k-1||_inf = 0.00000581764940925641
    Local Iteration 252: ||V_upper^k - V_upper^k-1||_inf = 0.00000388651450413225, ||V_lower^k - V_lower^k-1||_inf = 0.00000558494343288614
    Local Iteration 253: ||V_upper^k - V_upper^k-1||_inf = 0.00000373105392396696, ||V_lower^k - V_lower^k-1||_inf = 0.00000536154569557071
    Local Iteration 254: ||V_upper^k - V_upper^k-1||_inf = 0.00000358181176700829, ||V_lower^k - V_lower^k-1||_inf = 0.00000514708386774788
    Local Iteration 255: ||V_upper^k - V_upper^k-1||_inf = 0.00000343853929632796, ||V_lower^k - V_lower^k-1||_inf = 0.00000494120051303797
    Local Iteration 256: ||V_upper^k - V_upper^k-1||_inf = 0.00000330099772447485, ||V_lower^k - V_lower^k-1||_inf = 0.00000474355249251645
    Local Iteration 257: ||V_upper^k - V_upper^k-1||_inf = 0.00000316895781549585, ||V_lower^k - V_lower^k-1||_inf = 0.00000455381039281580
    Local Iteration 258: ||V_upper^k - V_upper^k-1||_inf = 0.00000304219950287601, ||V_lower^k - V_lower^k-1||_inf = 0.00000437165797710316
    Local Iteration 259: ||V_upper^k - V_upper^k-1||_inf = 0.00000292051152276098, ||V_lower^k - V_lower^k-1||_inf = 0.00000419679165801903
    Local Iteration 260: ||V_upper^k - V_upper^k-1||_inf = 0.00000280369106185053, ||V_lower^k - V_lower^k-1||_inf = 0.00000402891999169827
    Local Iteration 261: ||V_upper^k - V_upper^k-1||_inf = 0.00000269154341937651, ||V_lower^k - V_lower^k-1||_inf = 0.00000386724853832608
    Local Iteration 262: ||V_upper^k - V_upper^k-1||_inf = 0.00000258388168260145, ||V_lower^k - V_lower^k-1||_inf = 0.00000371255859679303
    Local Iteration 263: ||V_upper^k - V_upper^k-1||_inf = 0.00000248052641529739, ||V_lower^k - V_lower^k-1||_inf = 0.00000356405625292130
    Local Iteration 264: ||V_upper^k - V_upper^k-1||_inf = 0.00000238130535868549, ||V_lower^k - V_lower^k-1||_inf = 0.00000342149400280445
    Local Iteration 265: ||V_upper^k - V_upper^k-1||_inf = 0.00000228605314433807, ||V_lower^k - V_lower^k-1||_inf = 0.00000328463424269228
    Local Iteration 266: ||V_upper^k - V_upper^k-1||_inf = 0.00000219461101856455, ||V_lower^k - V_lower^k-1||_inf = 0.00000315324887298459
    Local Iteration 267: ||V_upper^k - V_upper^k-1||_inf = 0.00000210682657782197, ||V_lower^k - V_lower^k-1||_inf = 0.00000302711891806520
    Local Iteration 268: ||V_upper^k - V_upper^k-1||_inf = 0.00000202255351470909, ||V_lower^k - V_lower^k-1||_inf = 0.00000290603416134258
    Local Iteration 269: ||V_upper^k - V_upper^k-1||_inf = 0.00000194165137412072, ||V_lower^k - V_lower^k-1||_inf = 0.00000278979279488888
    Local Iteration 270: ||V_upper^k - V_upper^k-1||_inf = 0.00000186398531915589, ||V_lower^k - V_lower^k-1||_inf = 0.00000267820108309332
    Local Iteration 271: ||V_upper^k - V_upper^k-1||_inf = 0.00000178942590638965, ||V_lower^k - V_lower^k-1||_inf = 0.00000257107303976959
    Local Iteration 272: ||V_upper^k - V_upper^k-1||_inf = 0.00000171784887013407, ||V_lower^k - V_lower^k-1||_inf = 0.00000246823011817880
    Local Iteration 273: ||V_upper^k - V_upper^k-1||_inf = 0.00000164913491532871, ||V_lower^k - V_lower^k-1||_inf = 0.00000236950091345165
    Local Iteration 274: ||V_upper^k - V_upper^k-1||_inf = 0.00000158316951871556, ||V_lower^k - V_lower^k-1||_inf = 0.00000227472087691358
    Local Iteration 275: ||V_upper^k - V_upper^k-1||_inf = 0.00000151984273796694, ||V_lower^k - V_lower^k-1||_inf = 0.00000218373204183704
    Local Iteration 276: ||V_upper^k - V_upper^k-1||_inf = 0.00000145904902844826, ||V_lower^k - V_lower^k-1||_inf = 0.00000209638276016355
    Local Iteration 277: ||V_upper^k - V_upper^k-1||_inf = 0.00000140068706731033, ||V_lower^k - V_lower^k-1||_inf = 0.00000201252744975701
    Local Iteration 278: ||V_upper^k - V_upper^k-1||_inf = 0.00000134465958461792, ||V_lower^k - V_lower^k-1||_inf = 0.00000193202635176673
    Local Iteration 279: ||V_upper^k - V_upper^k-1||_inf = 0.00000129087320123320, ||V_lower^k - V_lower^k-1||_inf = 0.00000185474529769606
    Local Iteration 280: ||V_upper^k - V_upper^k-1||_inf = 0.00000123923827318387, ||V_lower^k - V_lower^k-1||_inf = 0.00000177992357756412
    Local Iteration 281: ||V_upper^k - V_upper^k-1||_inf = 0.00000118966874225652, ||V_lower^k - V_lower^k-1||_inf = 0.00000170872663446156
    Local Iteration 282: ||V_upper^k - V_upper^k-1||_inf = 0.00000114208199256626, ||V_lower^k - V_lower^k-1||_inf = 0.00000164037756908310
    Local Iteration 283: ||V_upper^k - V_upper^k-1||_inf = 0.00000109639871286361, ||V_lower^k - V_lower^k-1||_inf = 0.00000157476246631977
    Local Iteration 284: ||V_upper^k - V_upper^k-1||_inf = 0.00000105164714189655, ||V_lower^k - V_lower^k-1||_inf = 0.00000151177196766698
    Local Iteration 285: ||V_upper^k - V_upper^k-1||_inf = 0.00000100958125622069, ||V_lower^k - V_lower^k-1||_inf = 0.00000145130108896030
    Local Iteration 286: ||V_upper^k - V_upper^k-1||_inf = 0.00000096919800597186, ||V_lower^k - V_lower^k-1||_inf = 0.00000139285735869854
    Local Iteration 287: ||V_upper^k - V_upper^k-1||_inf = 0.00000093043008573299, ||V_lower^k - V_lower^k-1||_inf = 0.00000133714306435059
    Local Iteration 288: ||V_upper^k - V_upper^k-1||_inf = 0.00000089321288230367, ||V_lower^k - V_lower^k-1||_inf = 0.00000128365734177657
    Local Iteration 289: ||V_upper^k - V_upper^k-1||_inf = 0.00000085748436701152, ||V_lower^k - V_lower^k-1||_inf = 0.00000123231104810551
    Local Iteration 290: ||V_upper^k - V_upper^k-1||_inf = 0.00000082318499233106, ||V_lower^k - V_lower^k-1||_inf = 0.00000118301860618128
    Local Iteration 291: ||V_upper^k - V_upper^k-1||_inf = 0.00000079025759263782, ||V_lower^k - V_lower^k-1||_inf = 0.00000113569786193403
    Local Iteration 292: ||V_upper^k - V_upper^k-1||_inf = 0.00000075864728893231, ||V_lower^k - V_lower^k-1||_inf = 0.00000109026994745667
    Local Iteration 293: ||V_upper^k - V_upper^k-1||_inf = 0.00000072830139737501, ||V_lower^k - V_lower^k-1||_inf = 0.00000104665914955841
    Local Iteration 294: ||V_upper^k - V_upper^k-1||_inf = 0.00000069916934148001, ||V_lower^k - V_lower^k-1||_inf = 0.00000100479278357607
    Local Iteration 295: ||V_upper^k - V_upper^k-1||_inf = 0.00000067120256782081, ||V_lower^k - V_lower^k-1||_inf = 0.00000096460107223303
    Local Iteration 296: ||V_upper^k - V_upper^k-1||_inf = 0.00000064435446510798, ||V_lower^k - V_lower^k-1||_inf = 0.00000092601702934371
    Local Iteration 297: ||V_upper^k - V_upper^k-1||_inf = 0.00000061858028650366, ||V_lower^k - V_lower^k-1||_inf = 0.00000088897634816996
    Local Iteration 298: ||V_upper^k - V_upper^k-1||_inf = 0.00000059383707504351, ||V_lower^k - V_lower^k-1||_inf = 0.00000085341729424316
    Local Iteration 299: ||V_upper^k - V_upper^k-1||_inf = 0.00000057008359204177, ||V_lower^k - V_lower^k-1||_inf = 0.00000081928060247343
    Local Iteration 300: ||V_upper^k - V_upper^k-1||_inf = 0.00000054728024836010, ||V_lower^k - V_lower^k-1||_inf = 0.00000078650937837450
    Local Iteration 301: ||V_upper^k - V_upper^k-1||_inf = 0.00000052538903842570, ||V_lower^k - V_lower^k-1||_inf = 0.00000075504900323952
    Local Iteration 302: ||V_upper^k - V_upper^k-1||_inf = 0.00000050437347688867, ||V_lower^k - V_lower^k-1||_inf = 0.00000072484704310994
    Local Iteration 303: ||V_upper^k - V_upper^k-1||_inf = 0.00000048419853781312, ||V_lower^k - V_lower^k-1||_inf = 0.00000069585316138554
    Local Iteration 304: ||V_upper^k - V_upper^k-1||_inf = 0.00000046483059630060, ||V_lower^k - V_lower^k-1||_inf = 0.00000066801903493012
    Local Iteration 305: ||V_upper^k - V_upper^k-1||_inf = 0.00000044623737244857, ||V_lower^k - V_lower^k-1||_inf = 0.00000064129827353291
    Local Iteration 306: ||V_upper^k - V_upper^k-1||_inf = 0.00000042838787755063, ||V_lower^k - V_lower^k-1||_inf = 0.00000061564634259160
    Local Iteration 307: ||V_upper^k - V_upper^k-1||_inf = 0.00000041125236244861, ||V_lower^k - V_lower^k-1||_inf = 0.00000059102048888793
    Local Iteration 308: ||V_upper^k - V_upper^k-1||_inf = 0.00000039480226795066, ||V_lower^k - V_lower^k-1||_inf = 0.00000056726218275034
    Local Iteration 309: ||V_upper^k - V_upper^k-1||_inf = 0.00000037901017723263, ||V_lower^k - V_lower^k-1||_inf = 0.00000054457169544033
    Local Iteration 310: ||V_upper^k - V_upper^k-1||_inf = 0.00000036384977014333, ||V_lower^k - V_lower^k-1||_inf = 0.00000052278882762272
    Local Iteration 311: ||V_upper^k - V_upper^k-1||_inf = 0.00000034929577933760, ||V_lower^k - V_lower^k-1||_inf = 0.00000050187727451781
    Local Iteration 312: ||V_upper^k - V_upper^k-1||_inf = 0.00000033532394816409, ||V_lower^k - V_lower^k-1||_inf = 0.00000048180218353710
    Local Iteration 313: ||V_upper^k - V_upper^k-1||_inf = 0.00000032191099023753, ||V_lower^k - V_lower^k-1||_inf = 0.00000046253009619561
    Local Iteration 314: ||V_upper^k - V_upper^k-1||_inf = 0.00000030903455062803, ||V_lower^k - V_lower^k-1||_inf = 0.00000044402889234779
    Local Iteration 315: ||V_upper^k - V_upper^k-1||_inf = 0.00000029667316860291, ||V_lower^k - V_lower^k-1||_inf = 0.00000042626773665388
    Local Iteration 316: ||V_upper^k - V_upper^k-1||_inf = 0.00000028480624185879, ||V_lower^k - V_lower^k-1||_inf = 0.00000040921702718772
    Local Iteration 317: ||V_upper^k - V_upper^k-1||_inf = 0.00000027341399218444, ||V_lower^k - V_lower^k-1||_inf = 0.00000039284834610021
    Local Iteration 318: ||V_upper^k - V_upper^k-1||_inf = 0.00000026247743249706, ||V_lower^k - V_lower^k-1||_inf = 0.00000037662894147268
    Local Iteration 319: ||V_upper^k - V_upper^k-1||_inf = 0.00000025197833519718, ||V_lower^k - V_lower^k-1||_inf = 0.00000036156378381377
    Local Iteration 320: ||V_upper^k - V_upper^k-1||_inf = 0.00000024189920178929, ||V_lower^k - V_lower^k-1||_inf = 0.00000034710123246122
    Local Iteration 321: ||V_upper^k - V_upper^k-1||_inf = 0.00000023222323371772, ||V_lower^k - V_lower^k-1||_inf = 0.00000033319227744748
    Local Iteration 322: ||V_upper^k - V_upper^k-1||_inf = 0.00000022293430436901, ||V_lower^k - V_lower^k-1||_inf = 0.00000031986458634958
    Local Iteration 323: ||V_upper^k - V_upper^k-1||_inf = 0.00000021401693219425, ||V_lower^k - V_lower^k-1||_inf = 0.00000030707000289560
    Local Iteration 324: ||V_upper^k - V_upper^k-1||_inf = 0.00000020545625490648, ||V_lower^k - V_lower^k-1||_inf = 0.00000029478720277978
    Local Iteration 325: ||V_upper^k - V_upper^k-1||_inf = 0.00000019723800471022, ||V_lower^k - V_lower^k-1||_inf = 0.00000028299571466858
    Local Iteration 326: ||V_upper^k - V_upper^k-1||_inf = 0.00000018934848452181, ||V_lower^k - V_lower^k-1||_inf = 0.00000027167588608184
    Local Iteration 327: ||V_upper^k - V_upper^k-1||_inf = 0.00000018177454514094, ||V_lower^k - V_lower^k-1||_inf = 0.00000026080885063857
    Local Iteration 328: ||V_upper^k - V_upper^k-1||_inf = 0.00000017450356333530, ||V_lower^k - V_lower^k-1||_inf = 0.00000025037649661302
    Local Iteration 329: ||V_upper^k - V_upper^k-1||_inf = 0.00000016752342080189, ||V_lower^k - V_lower^k-1||_inf = 0.00000024036143674850
    Local Iteration 330: ||V_upper^k - V_upper^k-1||_inf = 0.00000016082248396981, ||V_lower^k - V_lower^k-1||_inf = 0.00000023074697927856
    Local Iteration 331: ||V_upper^k - V_upper^k-1||_inf = 0.00000015438958461102, ||V_lower^k - V_lower^k-1||_inf = 0.00000022151710010742
    Local Iteration 332: ||V_upper^k - V_upper^k-1||_inf = 0.00000014821400122658, ||V_lower^k - V_lower^k-1||_inf = 0.00000021265641610312
    Local Iteration 333: ||V_upper^k - V_upper^k-1||_inf = 0.00000014228544117752, ||V_lower^k - V_lower^k-1||_inf = 0.00000020415015945900
    Local Iteration 334: ||V_upper^k - V_upper^k-1||_inf = 0.00000013659402353042, ||V_lower^k - V_lower^k-1||_inf = 0.00000019598415308064
    Local Iteration 335: ||V_upper^k - V_upper^k-1||_inf = 0.00000013113026258920, ||V_lower^k - V_lower^k-1||_inf = 0.00000018814478695741
    Local Iteration 336: ||V_upper^k - V_upper^k-1||_inf = 0.00000012588505208563, ||V_lower^k - V_lower^k-1||_inf = 0.00000018061899547912
    Local Iteration 337: ||V_upper^k - V_upper^k-1||_inf = 0.00000012084965000221, ||V_lower^k - V_lower^k-1||_inf = 0.00000017339423565995
    Local Iteration 338: ||V_upper^k - V_upper^k-1||_inf = 0.00000011601566400212, ||V_lower^k - V_lower^k-1||_inf = 0.00000016645846623355
    Local Iteration 339: ||V_upper^k - V_upper^k-1||_inf = 0.00000011137503744203, ||V_lower^k - V_lower^k-1||_inf = 0.00000015980012758421
    Local Iteration 340: ||V_upper^k - V_upper^k-1||_inf = 0.00000010692003594435, ||V_lower^k - V_lower^k-1||_inf = 0.00000015340812248084
    Local Iteration 341: ||V_upper^k - V_upper^k-1||_inf = 0.00000010264323450658, ||V_lower^k - V_lower^k-1||_inf = 0.00000014727179758161
    Local Iteration 342: ||V_upper^k - V_upper^k-1||_inf = 0.00000009853750512631, ||V_lower^k - V_lower^k-1||_inf = 0.00000014138092567835
    Local Iteration 343: ||V_upper^k - V_upper^k-1||_inf = 0.00000009459600492126, ||V_lower^k - V_lower^k-1||_inf = 0.00000013572568865121
    Local Iteration 344: ||V_upper^k - V_upper^k-1||_inf = 0.00000009081216472441, ||V_lower^k - V_lower^k-1||_inf = 0.00000013029666110516
    Local Iteration 345: ||V_upper^k - V_upper^k-1||_inf = 0.00000008717967813544, ||V_lower^k - V_lower^k-1||_inf = 0.00000012508479466096
    Local Iteration 346: ||V_upper^k - V_upper^k-1||_inf = 0.00000008369249101002, ||V_lower^k - V_lower^k-1||_inf = 0.00000012008140287452
    Local Iteration 347: ||V_upper^k - V_upper^k-1||_inf = 0.00000008034479136962, ||V_lower^k - V_lower^k-1||_inf = 0.00000011527814675954
    Local Iteration 348: ||V_upper^k - V_upper^k-1||_inf = 0.00000007713099971483, ||V_lower^k - V_lower^k-1||_inf = 0.00000011066702088916
    Local Iteration 349: ||V_upper^k - V_upper^k-1||_inf = 0.00000007404575972624, ||V_lower^k - V_lower^k-1||_inf = 0.00000010624034005359
    Local Iteration 350: ||V_upper^k - V_upper^k-1||_inf = 0.00000007108392933719, ||V_lower^k - V_lower^k-1||_inf = 0.00000010199072645145
    Local Iteration 351: ||V_upper^k - V_upper^k-1||_inf = 0.00000006824057216370, ||V_lower^k - V_lower^k-1||_inf = 0.00000009791109739339
    Local Iteration 352: ||V_upper^k - V_upper^k-1||_inf = 0.00000006551094927715, ||V_lower^k - V_lower^k-1||_inf = 0.00000009399465349765
    Local Iteration 353: ||V_upper^k - V_upper^k-1||_inf = 0.00000006289051130607, ||V_lower^k - V_lower^k-1||_inf = 0.00000009023486735775
    Local Iteration 354: ||V_upper^k - V_upper^k-1||_inf = 0.00000006037489085382, ||V_lower^k - V_lower^k-1||_inf = 0.00000008662547266344
    Local Iteration 355: ||V_upper^k - V_upper^k-1||_inf = 0.00000005795989521967, ||V_lower^k - V_lower^k-1||_inf = 0.00000008316045375690
    Local Iteration 356: ||V_upper^k - V_upper^k-1||_inf = 0.00000005564149941088, ||V_lower^k - V_lower^k-1||_inf = 0.00000007983403560662
    Local Iteration 357: ||V_upper^k - V_upper^k-1||_inf = 0.00000005341583943445, ||V_lower^k - V_lower^k-1||_inf = 0.00000007664067418236
    Local Iteration 358: ||V_upper^k - V_upper^k-1||_inf = 0.00000005127920585707, ||V_lower^k - V_lower^k-1||_inf = 0.00000007357504721506
    Local Iteration 359: ||V_upper^k - V_upper^k-1||_inf = 0.00000004922803762279, ||V_lower^k - V_lower^k-1||_inf = 0.00000007063204532646
    Local Iteration 360: ||V_upper^k - V_upper^k-1||_inf = 0.00000004725891611788, ||V_lower^k - V_lower^k-1||_inf = 0.00000006780676351340
    Local Iteration 361: ||V_upper^k - V_upper^k-1||_inf = 0.00000004536855947316, ||V_lower^k - V_lower^k-1||_inf = 0.00000006509449297287
    Local Iteration 362: ||V_upper^k - V_upper^k-1||_inf = 0.00000004355381709424, ||V_lower^k - V_lower^k-1||_inf = 0.00000006249071325395
    Local Iteration 363: ||V_upper^k - V_upper^k-1||_inf = 0.00000004181166441047, ||V_lower^k - V_lower^k-1||_inf = 0.00000005999108472379
    Local Iteration 364: ||V_upper^k - V_upper^k-1||_inf = 0.00000004013919783405, ||V_lower^k - V_lower^k-1||_inf = 0.00000005759144133484
    Local Iteration 365: ||V_upper^k - V_upper^k-1||_inf = 0.00000003853362992069, ||V_lower^k - V_lower^k-1||_inf = 0.00000005528778368145
    Local Iteration 366: ||V_upper^k - V_upper^k-1||_inf = 0.00000003699228472386, ||V_lower^k - V_lower^k-1||_inf = 0.00000005307627233419
    Local Iteration 367: ||V_upper^k - V_upper^k-1||_inf = 0.00000003551259333490, ||V_lower^k - V_lower^k-1||_inf = 0.00000005095322144082
    Local Iteration 368: ||V_upper^k - V_upper^k-1||_inf = 0.00000003409208960151, ||V_lower^k - V_lower^k-1||_inf = 0.00000004891509258319
    Local Iteration 369: ||V_upper^k - V_upper^k-1||_inf = 0.00000003272840601745, ||V_lower^k - V_lower^k-1||_inf = 0.00000004695848887986
    Local Iteration 370: ||V_upper^k - V_upper^k-1||_inf = 0.00000003141926977675, ||V_lower^k - V_lower^k-1||_inf = 0.00000004508014932467
    Local Iteration 371: ||V_upper^k - V_upper^k-1||_inf = 0.00000003016249898568, ||V_lower^k - V_lower^k-1||_inf = 0.00000004327694335168
    Local Iteration 372: ||V_upper^k - V_upper^k-1||_inf = 0.00000002884862698562, ||V_lower^k - V_lower^k-1||_inf = 0.00000004154586561761
    Local Iteration 373: ||V_upper^k - V_upper^k-1||_inf = 0.00000002769468190619, ||V_lower^k - V_lower^k-1||_inf = 0.00000003988403099291
    Local Iteration 374: ||V_upper^k - V_upper^k-1||_inf = 0.00000002658689462995, ||V_lower^k - V_lower^k-1||_inf = 0.00000003828866975319
    Local Iteration 375: ||V_upper^k - V_upper^k-1||_inf = 0.00000002552341884475, ||V_lower^k - V_lower^k-1||_inf = 0.00000003675712296307
    Local Iteration 376: ||V_upper^k - V_upper^k-1||_inf = 0.00000002450248209096, ||V_lower^k - V_lower^k-1||_inf = 0.00000003528683804454
    Local Iteration 377: ||V_upper^k - V_upper^k-1||_inf = 0.00000002352238280732, ||V_lower^k - V_lower^k-1||_inf = 0.00000003387536452276
    Local Iteration 378: ||V_upper^k - V_upper^k-1||_inf = 0.00000002258148749503, ||V_lower^k - V_lower^k-1||_inf = 0.00000003252034994185
    Local Iteration 379: ||V_upper^k - V_upper^k-1||_inf = 0.00000002167822799523, ||V_lower^k - V_lower^k-1||_inf = 0.00000003121953594418
    Local Iteration 380: ||V_upper^k - V_upper^k-1||_inf = 0.00000002081109887542, ||V_lower^k - V_lower^k-1||_inf = 0.00000002997075450641
    Local Iteration 381: ||V_upper^k - V_upper^k-1||_inf = 0.00000001997865492040, ||V_lower^k - V_lower^k-1||_inf = 0.00000002877192432615
    Local Iteration 382: ||V_upper^k - V_upper^k-1||_inf = 0.00000001917950872359, ||V_lower^k - V_lower^k-1||_inf = 0.00000002762104735311
    Local Iteration 383: ||V_upper^k - V_upper^k-1||_inf = 0.00000001841232837464, ||V_lower^k - V_lower^k-1||_inf = 0.00000002651620545898
    Local Iteration 384: ||V_upper^k - V_upper^k-1||_inf = 0.00000001767583523966, ||V_lower^k - V_lower^k-1||_inf = 0.00000002545555724062
    Local Iteration 385: ||V_upper^k - V_upper^k-1||_inf = 0.00000001696880183007, ||V_lower^k - V_lower^k-1||_inf = 0.00000002443733495100
    Local Iteration 386: ||V_upper^k - V_upper^k-1||_inf = 0.00000001621097074888, ||V_lower^k - V_lower^k-1||_inf = 0.00000002345984155296
    Local Iteration 387: ||V_upper^k - V_upper^k-1||_inf = 0.00000001556253191892, ||V_lower^k - V_lower^k-1||_inf = 0.00000002252144789084
    Local Iteration 388: ||V_upper^k - V_upper^k-1||_inf = 0.00000001494003064217, ||V_lower^k - V_lower^k-1||_inf = 0.00000002162058997521
    Local Iteration 389: ||V_upper^k - V_upper^k-1||_inf = 0.00000001434242941648, ||V_lower^k - V_lower^k-1||_inf = 0.00000002075576637620
    Local Iteration 390: ||V_upper^k - V_upper^k-1||_inf = 0.00000001376873223982, ||V_lower^k - V_lower^k-1||_inf = 0.00000001992553572115
    Local Iteration 391: ||V_upper^k - V_upper^k-1||_inf = 0.00000001321798295023, ||V_lower^k - V_lower^k-1||_inf = 0.00000001912851429230
    Local Iteration 392: ||V_upper^k - V_upper^k-1||_inf = 0.00000001268926363222, ||V_lower^k - V_lower^k-1||_inf = 0.00000001836337372061
    Local Iteration 393: ||V_upper^k - V_upper^k-1||_inf = 0.00000001218169308693, ||V_lower^k - V_lower^k-1||_inf = 0.00000001762883877179
    Local Iteration 394: ||V_upper^k - V_upper^k-1||_inf = 0.00000001169442536345, ||V_lower^k - V_lower^k-1||_inf = 0.00000001692368522092
    Local Iteration 395: ||V_upper^k - V_upper^k-1||_inf = 0.00000001122664834891, ||V_lower^k - V_lower^k-1||_inf = 0.00000001624673781208
    Local Iteration 396: ||V_upper^k - V_upper^k-1||_inf = 0.00000001077758241496, ||V_lower^k - V_lower^k-1||_inf = 0.00000001559686829960
    Local Iteration 397: ||V_upper^k - V_upper^k-1||_inf = 0.00000001034647911836, ||V_lower^k - V_lower^k-1||_inf = 0.00000001497299356761
    Local Iteration 398: ||V_upper^k - V_upper^k-1||_inf = 0.00000000993261995362, ||V_lower^k - V_lower^k-1||_inf = 0.00000001437407382491
    Local Iteration 399: ||V_upper^k - V_upper^k-1||_inf = 0.00000000953531515548, ||V_lower^k - V_lower^k-1||_inf = 0.00000001379911087191
    Local Iteration 400: ||V_upper^k - V_upper^k-1||_inf = 0.00000000915390254926, ||V_lower^k - V_lower^k-1||_inf = 0.00000001324714643704
    Local Iteration 401: ||V_upper^k - V_upper^k-1||_inf = 0.00000000878774644729, ||V_lower^k - V_lower^k-1||_inf = 0.00000001271726057955
    Local Iteration 402: ||V_upper^k - V_upper^k-1||_inf = 0.00000000843623658940, ||V_lower^k - V_lower^k-1||_inf = 0.00000001220857015637
    Local Iteration 403: ||V_upper^k - V_upper^k-1||_inf = 0.00000000809878712582, ||V_lower^k - V_lower^k-1||_inf = 0.00000001172022735012
    Local Iteration 404: ||V_upper^k - V_upper^k-1||_inf = 0.00000000777483564079, ||V_lower^k - V_lower^k-1||_inf = 0.00000001125141825611
    Local Iteration 405: ||V_upper^k - V_upper^k-1||_inf = 0.00000000746384221516, ||V_lower^k - V_lower^k-1||_inf = 0.00000001080136152587
    Local Iteration 406: ||V_upper^k - V_upper^k-1||_inf = 0.00000000716528852655, ||V_lower^k - V_lower^k-1||_inf = 0.00000001036930706483
    Local Iteration 407: ||V_upper^k - V_upper^k-1||_inf = 0.00000000687867698549, ||V_lower^k - V_lower^k-1||_inf = 0.00000000995453478224

==================================================
 LOCAL CONVERGENCE ACHIEVED
==================================================
  ||V_upper^k - V_upper^k-1||_inf = 6.87867698548978085920e-09 < tolerance = 1e-08
  ||V_lower^k - V_lower^k-1||_inf = 9.95453478223970705204e-09 < tolerance = 1e-08
  Converged in 407 iterations
  V_lower increased from min(l_lower, r_lower); smallest step 0.000e+00
    Local VI completed in 407 iterations
    Final convergence values:
      ||V_upper^final - V_upper^prev||_inf = 6.87867699e-09
      ||V_lower^final - V_lower^prev||_inf = 9.95453478e-09
  Local VI completed in 407 iterations, time: 12.260s
    Final ||V_upper^k - V_upper^k-1||_inf = 6.87867698548978085920e-09
    Final ||V_lower^k - V_lower^k-1||_inf = 9.95453478223970705204e-09
  Saved visualization: /Users/i.k.tabbara/Documents/python directory/HSCC_2027/refactored_Implementations/results_hscc_2027_modified_init/ra_discount/van_der_pol_res40_eps0.001_dmin1e-08_dmax1e-08_gamma0.96_dt0.01_tau0.01_std/value_function_phase_14_complete.png
  Phase 14 completed in 18.16s with 16010855 leaf cells

Classification after phase 14:
  Safe:          2391037 cells ( 14.9%),   25.0% of state space
  Unsafe:         940326 cells (  5.9%),   26.6% of state space
  Unclassified: 12679492 cells ( 79.2%),   48.4% of state space

======================================================================
REFINEMENT PHASE 15
======================================================================
Boundary cells: 12679492
  Refinable (>eta_min=0.000354): 12679492
  Below threshold: 0
  Cumulative refined: 16009255
  Refinable cell size statistics:
    Max:    0.001133
    Mean:   0.001133
    Min:    0.001133
    Median: 0.001133
  Refining 12679492 cells...
    Refined: 12679492 parent cells
    Created: 25358984 child cells
    Total cells: 28690347
    Refinement time: 4.028s
    Cumulative refined: 28688747
  Rebuilding spatial index...
  Building spatial index for 28690347 cells...
   Spatial index built in 6.23s
    Spatial index rebuilt in 6.229s
  Initializing 25358984 new cells...
  Initializing 25358984 new cells in parallel...
   Initialized in 0.12s (213532331.9 cells/s)
    Initialization completed in 0.119s
  Starting local value iteration...
  Reinitializing ALL 28690347 cells (V_lower = min(l, r), V_upper = l)
   Reinitialized 28690347 cells in 0.08s (352796257.1 cells/s)
  Local VI: updating all 28690347 cells
    Conservative mode: False
    Convergence tolerance: 1e-08
    Max iterations: 20000
    Updating successor cache for 25358984 updated cells...
    Updating successor cache for 25358984 new cells (HYBRID)...
      Affected cells: 25364820
   Trajectories + spatial queries computed in 2.85s (8902284.5 tasks/s)
    Breakdown: 34.1% ODE, 65.9% queries
     Cache updated in 4.83s (5248319.9 tasks/s)
    Local Iteration   1: ||V_upper^k - V_upper^k-1||_inf = 4.08968913564991254361, ||V_lower^k - V_lower^k-1||_inf = 3.99484477945168681146
    Local Iteration   2: ||V_upper^k - V_upper^k-1||_inf = 3.80896525035328537001, ||V_lower^k - V_lower^k-1||_inf = 3.71362286890487425239
    Local Iteration   3: ||V_upper^k - V_upper^k-1||_inf = 3.55917803769511831291, ||V_lower^k - V_lower^k-1||_inf = 3.48878040110247589212
    Local Iteration   4: ||V_upper^k - V_upper^k-1||_inf = 3.32577992813652123516, ||V_lower^k - V_lower^k-1||_inf = 3.25776127393884529226
    Local Iteration   5: ||V_upper^k - V_upper^k-1||_inf = 3.11842335679553039895, ||V_lower^k - V_lower^k-1||_inf = 3.07007722666910876086
    Local Iteration   6: ||V_upper^k - V_upper^k-1||_inf = 2.93417459038568972929, ||V_lower^k - V_lower^k-1||_inf = 2.87882320325655438609
    Local Iteration   7: ||V_upper^k - V_upper^k-1||_inf = 2.75213777916642898802, ||V_lower^k - V_lower^k-1||_inf = 2.71505301479622573879
    Local Iteration   8: ||V_upper^k - V_upper^k-1||_inf = 2.59058560169354556990, ||V_lower^k - V_lower^k-1||_inf = 2.57861667739507582908
    Local Iteration   9: ||V_upper^k - V_upper^k-1||_inf = 2.43208842647777778723, ||V_lower^k - V_lower^k-1||_inf = 2.40712110829653047617
    Local Iteration  10: ||V_upper^k - V_upper^k-1||_inf = 2.26594085788584953534, ||V_lower^k - V_lower^k-1||_inf = 2.26670430587138804768
    Local Iteration  11: ||V_upper^k - V_upper^k-1||_inf = 2.17530322357041550063, ||V_lower^k - V_lower^k-1||_inf = 2.12223399332541928786
    Local Iteration  12: ||V_upper^k - V_upper^k-1||_inf = 2.08829109462759898719, ||V_lower^k - V_lower^k-1||_inf = 1.98562860396246154693
    Local Iteration  13: ||V_upper^k - V_upper^k-1||_inf = 2.00475945084249485006, ||V_lower^k - V_lower^k-1||_inf = 1.85809246218690082841
    Local Iteration  14: ||V_upper^k - V_upper^k-1||_inf = 1.92456907280879496724, ||V_lower^k - V_lower^k-1||_inf = 1.77911241472572445588
    Local Iteration  15: ||V_upper^k - V_upper^k-1||_inf = 1.84758630989644312415, ||V_lower^k - V_lower^k-1||_inf = 1.68963053836084542425
    Local Iteration  16: ||V_upper^k - V_upper^k-1||_inf = 1.77368285750058518602, ||V_lower^k - V_lower^k-1||_inf = 1.59879956245528331849
    Local Iteration  17: ||V_upper^k - V_upper^k-1||_inf = 1.70273554320056197398, ||V_lower^k - V_lower^k-1||_inf = 1.53269132444617994793
    Local Iteration  18: ||V_upper^k - V_upper^k-1||_inf = 1.63462612147253949502, ||V_lower^k - V_lower^k-1||_inf = 1.47036130992303060161
    Local Iteration  19: ||V_upper^k - V_upper^k-1||_inf = 1.56924107661363776423, ||V_lower^k - V_lower^k-1||_inf = 1.40770214279293348625
    Local Iteration  20: ||V_upper^k - V_upper^k-1||_inf = 1.50647143354909207602, ||V_lower^k - V_lower^k-1||_inf = 1.31759339650138196376
    Local Iteration  21: ||V_upper^k - V_upper^k-1||_inf = 1.44621257620712828640, ||V_lower^k - V_lower^k-1||_inf = 1.25190786483574623134
    Local Iteration  22: ||V_upper^k - V_upper^k-1||_inf = 1.38836407315884313718, ||V_lower^k - V_lower^k-1||_inf = 1.20177019226523373874
    Local Iteration  23: ||V_upper^k - V_upper^k-1||_inf = 1.33282951023248941169, ||V_lower^k - V_lower^k-1||_inf = 1.15369938457462417603
    Local Iteration  24: ||V_upper^k - V_upper^k-1||_inf = 1.27951632982318974641, ||V_lower^k - V_lower^k-1||_inf = 1.08679183971665960229
    Local Iteration  25: ||V_upper^k - V_upper^k-1||_inf = 1.22833567663026199668, ||V_lower^k - V_lower^k-1||_inf = 1.04332016612799294286
    Local Iteration  26: ||V_upper^k - V_upper^k-1||_inf = 1.17920224956505159675, ||V_lower^k - V_lower^k-1||_inf = 1.00158735948287325179
    Local Iteration  27: ||V_upper^k - V_upper^k-1||_inf = 1.13203415958244946182, ||V_lower^k - V_lower^k-1||_inf = 0.96147383548426534894
    Local Iteration  28: ||V_upper^k - V_upper^k-1||_inf = 1.08675279319915163434, ||V_lower^k - V_lower^k-1||_inf = 0.90464614242110741316
    Local Iteration  29: ||V_upper^k - V_upper^k-1||_inf = 1.04328268147118530251, ||V_lower^k - V_lower^k-1||_inf = 0.86832305963145939298
    Local Iteration  30: ||V_upper^k - V_upper^k-1||_inf = 1.00155137421233786377, ||V_lower^k - V_lower^k-1||_inf = 0.81626830821599127841
    Local Iteration  31: ||V_upper^k - V_upper^k-1||_inf = 0.96148931924384428704, ||V_lower^k - V_lower^k-1||_inf = 0.78340011600011161264
    Local Iteration  32: ||V_upper^k - V_upper^k-1||_inf = 0.92302974647409052888, ||V_lower^k - V_lower^k-1||_inf = 0.75206411136010697938
    Local Iteration  33: ||V_upper^k - V_upper^k-1||_inf = 0.88610855661512688553, ||V_lower^k - V_lower^k-1||_inf = 0.72194238583148540034
    Local Iteration  34: ||V_upper^k - V_upper^k-1||_inf = 0.85066421435052175237, ||V_lower^k - V_lower^k-1||_inf = 0.67696058104526535271
    Local Iteration  35: ||V_upper^k - V_upper^k-1||_inf = 0.81663764577650077570, ||V_lower^k - V_lower^k-1||_inf = 0.64872464207498792277
    Local Iteration  36: ||V_upper^k - V_upper^k-1||_inf = 0.78397213994544068250, ||V_lower^k - V_lower^k-1||_inf = 0.60787254908383492324
    Local Iteration  37: ||V_upper^k - V_upper^k-1||_inf = 0.75261325434762316178, ||V_lower^k - V_lower^k-1||_inf = 0.55265429959519740688
    Local Iteration  38: ||V_upper^k - V_upper^k-1||_inf = 0.72250872417371814205, ||V_lower^k - V_lower^k-1||_inf = 0.48225154404848841194
    Local Iteration  39: ||V_upper^k - V_upper^k-1||_inf = 0.69360837520676932311, ||V_lower^k - V_lower^k-1||_inf = 0.46296148228654887546
    Local Iteration  40: ||V_upper^k - V_upper^k-1||_inf = 0.66586404019849854130, ||V_lower^k - V_lower^k-1||_inf = 0.44361606923645208189
    Local Iteration  41: ||V_upper^k - V_upper^k-1||_inf = 0.63922947859055856412, ||V_lower^k - V_lower^k-1||_inf = 0.41632168149143350400
    Local Iteration  42: ||V_upper^k - V_upper^k-1||_inf = 0.61366029944693623044, ||V_lower^k - V_lower^k-1||_inf = 0.39966881423177613719
    Local Iteration  43: ||V_upper^k - V_upper^k-1||_inf = 0.58911388746905879454, ||V_lower^k - V_lower^k-1||_inf = 0.38368206166250506950
    Local Iteration  44: ||V_upper^k - V_upper^k-1||_inf = 0.56554933197029644276, ||V_lower^k - V_lower^k-1||_inf = 0.36798276757902437240
    Local Iteration  45: ||V_upper^k - V_upper^k-1||_inf = 0.54292735869148456285, ||V_lower^k - V_lower^k-1||_inf = 0.35270064424968627925
    Local Iteration  46: ||V_upper^k - V_upper^k-1||_inf = 0.52121026434382511372, ||V_lower^k - V_lower^k-1||_inf = 0.33830709835458666612
    Local Iteration  47: ||V_upper^k - V_upper^k-1||_inf = 0.50036185377007214026, ||V_lower^k - V_lower^k-1||_inf = 0.32477481442040317949
    Local Iteration  48: ||V_upper^k - V_upper^k-1||_inf = 0.48034737961926921024, ||V_lower^k - V_lower^k-1||_inf = 0.30435497590761412257
    Local Iteration  49: ||V_upper^k - V_upper^k-1||_inf = 0.46113348443449836411, ||V_lower^k - V_lower^k-1||_inf = 0.29121035847408210939
    Local Iteration  50: ||V_upper^k - V_upper^k-1||_inf = 0.44268814505711839846, ||V_lower^k - V_lower^k-1||_inf = 0.27120109730568364714
    Local Iteration  51: ||V_upper^k - V_upper^k-1||_inf = 0.42498061925483371359, ||V_lower^k - V_lower^k-1||_inf = 0.26016455095030349698
    Local Iteration  52: ||V_upper^k - V_upper^k-1||_inf = 0.40798139448464032508, ||V_lower^k - V_lower^k-1||_inf = 0.24975796891229137819
    Local Iteration  53: ||V_upper^k - V_upper^k-1||_inf = 0.39166213870525468099, ||V_lower^k - V_lower^k-1||_inf = 0.23976765015579970530
    Local Iteration  54: ||V_upper^k - V_upper^k-1||_inf = 0.37599565315704447377, ||V_lower^k - V_lower^k-1||_inf = 0.23017694414956771376
    Local Iteration  55: ||V_upper^k - V_upper^k-1||_inf = 0.36095582703076267705, ||V_lower^k - V_lower^k-1||_inf = 0.22096986638358501187
    Local Iteration  56: ||V_upper^k - V_upper^k-1||_inf = 0.34651759394953218774, ||V_lower^k - V_lower^k-1||_inf = 0.21162799751225283562
    Local Iteration  57: ||V_upper^k - V_upper^k-1||_inf = 0.33265689019155086914, ||V_lower^k - V_lower^k-1||_inf = 0.20304951586918304485
    Local Iteration  58: ||V_upper^k - V_upper^k-1||_inf = 0.31935061458388880329, ||V_lower^k - V_lower^k-1||_inf = 0.18933592911869520647
    Local Iteration  59: ||V_upper^k - V_upper^k-1||_inf = 0.30657659000053327780, ||V_lower^k - V_lower^k-1||_inf = 0.18176249195394741931
    Local Iteration  60: ||V_upper^k - V_upper^k-1||_inf = 0.29431352640051189340, ||V_lower^k - V_lower^k-1||_inf = 0.17449199227578951477
    Local Iteration  61: ||V_upper^k - V_upper^k-1||_inf = 0.28254098534449145763, ||V_lower^k - V_lower^k-1||_inf = 0.16709358812407773542
    Local Iteration  62: ||V_upper^k - V_upper^k-1||_inf = 0.27123934593071175048, ||V_lower^k - V_lower^k-1||_inf = 0.16040984459911464266
    Local Iteration  63: ||V_upper^k - V_upper^k-1||_inf = 0.26038977209348329600, ||V_lower^k - V_lower^k-1||_inf = 0.15366939258521961076
    Local Iteration  64: ||V_upper^k - V_upper^k-1||_inf = 0.24997418120974396194, ||V_lower^k - V_lower^k-1||_inf = 0.14279226532357014445
    Local Iteration  65: ||V_upper^k - V_upper^k-1||_inf = 0.23987891332280325551, ||V_lower^k - V_lower^k-1||_inf = 0.13683137484061627664
    Local Iteration  66: ||V_upper^k - V_upper^k-1||_inf = 0.23028375678989113085, ||V_lower^k - V_lower^k-1||_inf = 0.13135811984699158339
    Local Iteration  67: ||V_upper^k - V_upper^k-1||_inf = 0.22107240651829546119, ||V_lower^k - V_lower^k-1||_inf = 0.12610379505311192228
    Local Iteration  68: ||V_upper^k - V_upper^k-1||_inf = 0.21222951025756364718, ||V_lower^k - V_lower^k-1||_inf = 0.12096546990718123893
    Local Iteration  69: ||V_upper^k - V_upper^k-1||_inf = 0.20374032984726109241, ||V_lower^k - V_lower^k-1||_inf = 0.11612685111089397771
    Local Iteration  70: ||V_upper^k - V_upper^k-1||_inf = 0.19559071665337063317, ||V_lower^k - V_lower^k-1||_inf = 0.10715584514327748666
    Local Iteration  71: ||V_upper^k - V_upper^k-1||_inf = 0.18776708798723579230, ||V_lower^k - V_lower^k-1||_inf = 0.10286961133754639330
    Local Iteration  72: ||V_upper^k - V_upper^k-1||_inf = 0.18025640446774637837, ||V_lower^k - V_lower^k-1||_inf = 0.09875482688404453591
    Local Iteration  73: ||V_upper^k - V_upper^k-1||_inf = 0.17304614828903652768, ||V_lower^k - V_lower^k-1||_inf = 0.09480463380868275891
    Local Iteration  74: ||V_upper^k - V_upper^k-1||_inf = 0.16612430235747505103, ||V_lower^k - V_lower^k-1||_inf = 0.09093873353788937963
    Local Iteration  75: ||V_upper^k - V_upper^k-1||_inf = 0.15947933026317603900, ||V_lower^k - V_lower^k-1||_inf = 0.08730118419637379612
    Local Iteration  76: ||V_upper^k - V_upper^k-1||_inf = 0.15310015705264898300, ||V_lower^k - V_lower^k-1||_inf = 0.08380913682851884317
    Local Iteration  77: ||V_upper^k - V_upper^k-1||_inf = 0.14697615077054301813, ||V_lower^k - V_lower^k-1||_inf = 0.07706789701806021631
    Local Iteration  78: ||V_upper^k - V_upper^k-1||_inf = 0.14109710473972131295, ||V_lower^k - V_lower^k-1||_inf = 0.07398518113733779100
    Local Iteration  79: ||V_upper^k - V_upper^k-1||_inf = 0.13545322055013242490, ||V_lower^k - V_lower^k-1||_inf = 0.07102577389184426548
    Local Iteration  80: ||V_upper^k - V_upper^k-1||_inf = 0.13003509172812713346, ||V_lower^k - V_lower^k-1||_inf = 0.06500145121499158185
    Local Iteration  81: ||V_upper^k - V_upper^k-1||_inf = 0.12483368805900205145, ||V_lower^k - V_lower^k-1||_inf = 0.06234600027682669909
    Local Iteration  82: ||V_upper^k - V_upper^k-1||_inf = 0.11984034053664194275, ||V_lower^k - V_lower^k-1||_inf = 0.05985216026575364279
    Local Iteration  83: ||V_upper^k - V_upper^k-1||_inf = 0.11502261262099636174, ||V_lower^k - V_lower^k-1||_inf = 0.05720408077724271900
    Local Iteration  84: ||V_upper^k - V_upper^k-1||_inf = 0.11042170811615649451, ||V_lower^k - V_lower^k-1||_inf = 0.05234337811668964002
    Local Iteration  85: ||V_upper^k - V_upper^k-1||_inf = 0.10600483979151022196, ||V_lower^k - V_lower^k-1||_inf = 0.05024964299202204498
    Local Iteration  86: ||V_upper^k - V_upper^k-1||_inf = 0.10176464619984981752, ||V_lower^k - V_lower^k-1||_inf = 0.04553593939948138991
    Local Iteration  87: ||V_upper^k - V_upper^k-1||_inf = 0.09769406035185582149, ||V_lower^k - V_lower^k-1||_inf = 0.04371450182350213043
    Local Iteration  88: ||V_upper^k - V_upper^k-1||_inf = 0.09378629793778157919, ||V_lower^k - V_lower^k-1||_inf = 0.04196592175056204632
    Local Iteration  89: ||V_upper^k - V_upper^k-1||_inf = 0.09003484602027031491, ||V_lower^k - V_lower^k-1||_inf = 0.04028728488053956447
    Local Iteration  90: ||V_upper^k - V_upper^k-1||_inf = 0.08643345217945949677, ||V_lower^k - V_lower^k-1||_inf = 0.03867579348531798022
    Local Iteration  91: ||V_upper^k - V_upper^k-1||_inf = 0.08297611409228111690, ||V_lower^k - V_lower^k-1||_inf = 0.03712876174590526435
    Local Iteration  92: ||V_upper^k - V_upper^k-1||_inf = 0.07965706952858987722, ||V_lower^k - V_lower^k-1||_inf = 0.03564361127606904822
    Local Iteration  93: ||V_upper^k - V_upper^k-1||_inf = 0.07647078674744628435, ||V_lower^k - V_lower^k-1||_inf = 0.03210151059890499481
    Local Iteration  94: ||V_upper^k - V_upper^k-1||_inf = 0.07341195527754841577, ||V_lower^k - V_lower^k-1||_inf = 0.03081745017494880168
    Local Iteration  95: ||V_upper^k - V_upper^k-1||_inf = 0.07047547706644648191, ||V_lower^k - V_lower^k-1||_inf = 0.02958475216795084656
    Local Iteration  96: ||V_upper^k - V_upper^k-1||_inf = 0.06765645798378862319, ||V_lower^k - V_lower^k-1||_inf = 0.02840136208123280465
    Local Iteration  97: ||V_upper^k - V_upper^k-1||_inf = 0.06495019966443707493, ||V_lower^k - V_lower^k-1||_inf = 0.02726530759798349857
    Local Iteration  98: ||V_upper^k - V_upper^k-1||_inf = 0.06235219167785958916, ||V_lower^k - V_lower^k-1||_inf = 0.02617469529406415280
    Local Iteration  99: ||V_upper^k - V_upper^k-1||_inf = 0.05985810401074519865, ||V_lower^k - V_lower^k-1||_inf = 0.02340208839712652061
    Local Iteration 100: ||V_upper^k - V_upper^k-1||_inf = 0.05746377985031539404, ||V_lower^k - V_lower^k-1||_inf = 0.02246600486124145091
    Local Iteration 101: ||V_upper^k - V_upper^k-1||_inf = 0.05516522865630277273, ||V_lower^k - V_lower^k-1||_inf = 0.02156736466679179398
    Local Iteration 102: ||V_upper^k - V_upper^k-1||_inf = 0.05295861951005065987, ||V_lower^k - V_lower^k-1||_inf = 0.02070467008012012028
    Local Iteration 103: ||V_upper^k - V_upper^k-1||_inf = 0.05084027472964863792, ||V_lower^k - V_lower^k-1||_inf = 0.01987648327691531741
    Local Iteration 104: ||V_upper^k - V_upper^k-1||_inf = 0.04880666374046268435, ||V_lower^k - V_lower^k-1||_inf = 0.01761577531197491137
    Local Iteration 105: ||V_upper^k - V_upper^k-1||_inf = 0.04685439719084417282, ||V_lower^k - V_lower^k-1||_inf = 0.01691114429949591713
    Local Iteration 106: ||V_upper^k - V_upper^k-1||_inf = 0.04498022130321040202, ||V_lower^k - V_lower^k-1||_inf = 0.01623469852751608516
    Local Iteration 107: ||V_upper^k - V_upper^k-1||_inf = 0.04318101245108198899, ||V_lower^k - V_lower^k-1||_inf = 0.01558531058641544204
    Local Iteration 108: ||V_upper^k - V_upper^k-1||_inf = 0.04145377195303871082, ||V_lower^k - V_lower^k-1||_inf = 0.01496189816295882477
    Local Iteration 109: ||V_upper^k - V_upper^k-1||_inf = 0.03979562107491715905, ||V_lower^k - V_lower^k-1||_inf = 0.01436342223644047206
    Local Iteration 110: ||V_upper^k - V_upper^k-1||_inf = 0.03820379623192047408, ||V_lower^k - V_lower^k-1||_inf = 0.01378888534698285290
    Local Iteration 111: ||V_upper^k - V_upper^k-1||_inf = 0.03667564438264365317, ||V_lower^k - V_lower^k-1||_inf = 0.01209008204798935754
    Local Iteration 112: ||V_upper^k - V_upper^k-1||_inf = 0.03520861860733790621, ||V_lower^k - V_lower^k-1||_inf = 0.01160647876606978393
    Local Iteration 113: ||V_upper^k - V_upper^k-1||_inf = 0.03380027386304439163, ||V_lower^k - V_lower^k-1||_inf = 0.01114221961542699244
    Local Iteration 114: ||V_upper^k - V_upper^k-1||_inf = 0.03244826290852260986, ||V_lower^k - V_lower^k-1||_inf = 0.01069653083080991662
    Local Iteration 115: ||V_upper^k - V_upper^k-1||_inf = 0.03115033239218170658, ||V_lower^k - V_lower^k-1||_inf = 0.01026866959757751635
    Local Iteration 116: ||V_upper^k - V_upper^k-1||_inf = 0.02990431909649443609, ||V_lower^k - V_lower^k-1||_inf = 0.00985792281367441417
    Local Iteration 117: ||V_upper^k - V_upper^k-1||_inf = 0.02870814633263465976, ||V_lower^k - V_lower^k-1||_inf = 0.00852817129822599010
    Local Iteration 118: ||V_upper^k - V_upper^k-1||_inf = 0.02755982047932926948, ||V_lower^k - V_lower^k-1||_inf = 0.00818704444629695174
    Local Iteration 119: ||V_upper^k - V_upper^k-1||_inf = 0.02645742766015610203, ||V_lower^k - V_lower^k-1||_inf = 0.00785956266844507409
    Local Iteration 120: ||V_upper^k - V_upper^k-1||_inf = 0.02539913055374985393, ||V_lower^k - V_lower^k-1||_inf = 0.00754518016170726766
    Local Iteration 121: ||V_upper^k - V_upper^k-1||_inf = 0.02438316533159986046, ||V_lower^k - V_lower^k-1||_inf = 0.00724337295523897612
    Local Iteration 122: ||V_upper^k - V_upper^k-1||_inf = 0.02340783871833586327, ||V_lower^k - V_lower^k-1||_inf = 0.00695363803702941929
    Local Iteration 123: ||V_upper^k - V_upper^k-1||_inf = 0.02247152516960242846, ||V_lower^k - V_lower^k-1||_inf = 0.00591276467995210595
    Local Iteration 124: ||V_upper^k - V_upper^k-1||_inf = 0.02157266416281833354, ||V_lower^k - V_lower^k-1||_inf = 0.00567625409275402185
    Local Iteration 125: ||V_upper^k - V_upper^k-1||_inf = 0.02070975759630559743, ||V_lower^k - V_lower^k-1||_inf = 0.00544920392904385889
    Local Iteration 126: ||V_upper^k - V_upper^k-1||_inf = 0.01988136729245337103, ||V_lower^k - V_lower^k-1||_inf = 0.00523123577188210412
    Local Iteration 127: ||V_upper^k - V_upper^k-1||_inf = 0.01908611260075523605, ||V_lower^k - V_lower^k-1||_inf = 0.00502198634100681912
    Local Iteration 128: ||V_upper^k - V_upper^k-1||_inf = 0.01832266809672502758, ||V_lower^k - V_lower^k-1||_inf = 0.00417328662398672168
    Local Iteration 129: ||V_upper^k - V_upper^k-1||_inf = 0.01758976137285602620, ||V_lower^k - V_lower^k-1||_inf = 0.00400635515902725281
    Local Iteration 130: ||V_upper^k - V_upper^k-1||_inf = 0.01688617091794178404, ||V_lower^k - V_lower^k-1||_inf = 0.00384610095266616284
    Local Iteration 131: ||V_upper^k - V_upper^k-1||_inf = 0.01621072408122411351, ||V_lower^k - V_lower^k-1||_inf = 0.00369225691455951459
    Local Iteration 132: ||V_upper^k - V_upper^k-1||_inf = 0.01556229511797514731, ||V_lower^k - V_lower^k-1||_inf = 0.00297141672943552169
    Local Iteration 133: ||V_upper^k - V_upper^k-1||_inf = 0.01493980331325613954, ||V_lower^k - V_lower^k-1||_inf = 0.00285256006025809937
    Local Iteration 134: ||V_upper^k - V_upper^k-1||_inf = 0.01434221118072589313, ||V_lower^k - V_lower^k-1||_inf = 0.00273845765784777595
    Local Iteration 135: ||V_upper^k - V_upper^k-1||_inf = 0.01376852273349685532, ||V_lower^k - V_lower^k-1||_inf = 0.00262891935153386491
    Local Iteration 136: ||V_upper^k - V_upper^k-1||_inf = 0.01321778182415698014, ||V_lower^k - V_lower^k-1||_inf = 0.00201667621998903764
    Local Iteration 137: ||V_upper^k - V_upper^k-1||_inf = 0.01268907055119070093, ||V_lower^k - V_lower^k-1||_inf = 0.00193600917118947648
    Local Iteration 138: ||V_upper^k - V_upper^k-1||_inf = 0.01218150772914307345, ||V_lower^k - V_lower^k-1||_inf = 0.00137176590115776521
    Local Iteration 139: ||V_upper^k - V_upper^k-1||_inf = 0.01169424741997734940, ||V_lower^k - V_lower^k-1||_inf = 0.00131689526511145558
    Local Iteration 140: ||V_upper^k - V_upper^k-1||_inf = 0.01122647752317825626, ||V_lower^k - V_lower^k-1||_inf = 0.00126421945450699673
    Local Iteration 141: ||V_upper^k - V_upper^k-1||_inf = 0.01077741842225112510, ||V_lower^k - V_lower^k-1||_inf = 0.00121365067632671526
    Local Iteration 142: ||V_upper^k - V_upper^k-1||_inf = 0.01034632168536107899, ||V_lower^k - V_lower^k-1||_inf = 0.00073441259592212961
    Local Iteration 143: ||V_upper^k - V_upper^k-1||_inf = 0.00993246881794663562, ||V_lower^k - V_lower^k-1||_inf = 0.00070503609208524484
    Local Iteration 144: ||V_upper^k - V_upper^k-1||_inf = 0.00953517006522876936, ||V_lower^k - V_lower^k-1||_inf = 0.00046263058272151547
    Local Iteration 145: ||V_upper^k - V_upper^k-1||_inf = 0.00915376326261961928, ||V_lower^k - V_lower^k-1||_inf = 0.00044412535941265596
    Local Iteration 146: ||V_upper^k - V_upper^k-1||_inf = 0.00878761273211483424, ||V_lower^k - V_lower^k-1||_inf = 0.00042636034503615132
    Local Iteration 147: ||V_upper^k - V_upper^k-1||_inf = 0.00843610822283023983, ||V_lower^k - V_lower^k-1||_inf = 0.00040930593123470610
    Local Iteration 148: ||V_upper^k - V_upper^k-1||_inf = 0.00809866389391702968, ||V_lower^k - V_lower^k-1||_inf = 0.00039293369398531869
    Local Iteration 149: ||V_upper^k - V_upper^k-1||_inf = 0.00777471733816034825, ||V_lower^k - V_lower^k-1||_inf = 0.00037721634622590698
    Local Iteration 150: ||V_upper^k - V_upper^k-1||_inf = 0.00746372864463393411, ||V_lower^k - V_lower^k-1||_inf = 0.00036212769237686966
    Local Iteration 151: ||V_upper^k - V_upper^k-1||_inf = 0.00716517949884857598, ||V_lower^k - V_lower^k-1||_inf = 0.00034764258468179474
    Local Iteration 152: ||V_upper^k - V_upper^k-1||_inf = 0.00687857231889463239, ||V_lower^k - V_lower^k-1||_inf = 0.00033373688129452374
    Local Iteration 153: ||V_upper^k - V_upper^k-1||_inf = 0.00660342942613884737, ||V_lower^k - V_lower^k-1||_inf = 0.00032038740604274293
    Local Iteration 154: ||V_upper^k - V_upper^k-1||_inf = 0.00633929224909329271, ||V_lower^k - V_lower^k-1||_inf = 0.00030757190980103353
    Local Iteration 155: ||V_upper^k - V_upper^k-1||_inf = 0.00608572055912956142, ||V_lower^k - V_lower^k-1||_inf = 0.00029526903340899163
    Local Iteration 156: ||V_upper^k - V_upper^k-1||_inf = 0.00584229173676437900, ||V_lower^k - V_lower^k-1||_inf = 0.00028345827207263211
    Local Iteration 157: ||V_upper^k - V_upper^k-1||_inf = 0.00560860006729380339, ||V_lower^k - V_lower^k-1||_inf = 0.00027211994118972634
    Local Iteration 158: ||V_upper^k - V_upper^k-1||_inf = 0.00538425606460205073, ||V_lower^k - V_lower^k-1||_inf = 0.00026123514354213766
    Local Iteration 159: ||V_upper^k - V_upper^k-1||_inf = 0.00516888582201796912, ||V_lower^k - V_lower^k-1||_inf = 0.00025078573780045171
    Local Iteration 160: ||V_upper^k - V_upper^k-1||_inf = 0.00496213038913724969, ||V_lower^k - V_lower^k-1||_inf = 0.00024075430828843312
    Local Iteration 161: ||V_upper^k - V_upper^k-1||_inf = 0.00476364517357175977, ||V_lower^k - V_lower^k-1||_inf = 0.00023112413595689600
    Local Iteration 162: ||V_upper^k - V_upper^k-1||_inf = 0.00457309936662888931, ||V_lower^k - V_lower^k-1||_inf = 0.00022187917051862040
    Local Iteration 163: ||V_upper^k - V_upper^k-1||_inf = 0.00439017539196373367, ||V_lower^k - V_lower^k-1||_inf = 0.00021273751106422323
    Local Iteration 164: ||V_upper^k - V_upper^k-1||_inf = 0.00421456837628518370, ||V_lower^k - V_lower^k-1||_inf = 0.00020422801062165447
    Local Iteration 165: ||V_upper^k - V_upper^k-1||_inf = 0.00404300930228971428, ||V_lower^k - V_lower^k-1||_inf = 0.00019605889019678850
    Local Iteration 166: ||V_upper^k - V_upper^k-1||_inf = 0.00013008710575555023, ||V_lower^k - V_lower^k-1||_inf = 0.00018815880929121034
    Local Iteration 167: ||V_upper^k - V_upper^k-1||_inf = 0.00012488362152532828, ||V_lower^k - V_lower^k-1||_inf = 0.00018063245691956210
    Local Iteration 168: ||V_upper^k - V_upper^k-1||_inf = 0.00011988827666431544, ||V_lower^k - V_lower^k-1||_inf = 0.00017340715864277989
    Local Iteration 169: ||V_upper^k - V_upper^k-1||_inf = 0.00011509274559774263, ||V_lower^k - V_lower^k-1||_inf = 0.00016647087229706894
    Local Iteration 170: ||V_upper^k - V_upper^k-1||_inf = 0.00011048903577383275, ||V_lower^k - V_lower^k-1||_inf = 0.00015978542855848857
    Local Iteration 171: ||V_upper^k - V_upper^k-1||_inf = 0.00010606947434287930, ||V_lower^k - V_lower^k-1||_inf = 0.00015339401141614912
    Local Iteration 172: ||V_upper^k - V_upper^k-1||_inf = 0.00010182669536916390, ||V_lower^k - V_lower^k-1||_inf = 0.00014725825095950312
    Local Iteration 173: ||V_upper^k - V_upper^k-1||_inf = 0.00009775362755439724, ||V_lower^k - V_lower^k-1||_inf = 0.00014136792092112310
    Local Iteration 174: ||V_upper^k - V_upper^k-1||_inf = 0.00009384348245222132, ||V_lower^k - V_lower^k-1||_inf = 0.00013571320408427810
    Local Iteration 175: ||V_upper^k - V_upper^k-1||_inf = 0.00009008974315413243, ||V_lower^k - V_lower^k-1||_inf = 0.00013026181508239308
    Local Iteration 176: ||V_upper^k - V_upper^k-1||_inf = 0.00008648615342796715, ||V_lower^k - V_lower^k-1||_inf = 0.00012503821329815350
    Local Iteration 177: ||V_upper^k - V_upper^k-1||_inf = 0.00008302670729084844, ||V_lower^k - V_lower^k-1||_inf = 0.00012003668476622768
    Local Iteration 178: ||V_upper^k - V_upper^k-1||_inf = 0.00007970563899921466, ||V_lower^k - V_lower^k-1||_inf = 0.00011523521737557847
    Local Iteration 179: ||V_upper^k - V_upper^k-1||_inf = 0.00007651741343924607, ||V_lower^k - V_lower^k-1||_inf = 0.00011062580868055529
    Local Iteration 180: ||V_upper^k - V_upper^k-1||_inf = 0.00007345671690167622, ||V_lower^k - V_lower^k-1||_inf = 0.00010620077633333299
    Local Iteration 181: ||V_upper^k - V_upper^k-1||_inf = 0.00007051844822560929, ||V_lower^k - V_lower^k-1||_inf = 0.00010195237177860811
    Local Iteration 182: ||V_upper^k - V_upper^k-1||_inf = 0.00006769771029658503, ||V_lower^k - V_lower^k-1||_inf = 0.00009787427690746394
    Local Iteration 183: ||V_upper^k - V_upper^k-1||_inf = 0.00006498980188472171, ||V_lower^k - V_lower^k-1||_inf = 0.00009395930583116531
    Local Iteration 184: ||V_upper^k - V_upper^k-1||_inf = 0.00006239020980933273, ||V_lower^k - V_lower^k-1||_inf = 0.00009015980154657415
    Local Iteration 185: ||V_upper^k - V_upper^k-1||_inf = 0.00005989460141695943, ||V_lower^k - V_lower^k-1||_inf = 0.00008655340948471139
    Local Iteration 186: ||V_upper^k - V_upper^k-1||_inf = 0.00005749881736028103, ||V_lower^k - V_lower^k-1||_inf = 0.00008309127310532284
    Local Iteration 187: ||V_upper^k - V_upper^k-1||_inf = 0.00005519886466586973, ||V_lower^k - V_lower^k-1||_inf = 0.00007976762218110992
    Local Iteration 188: ||V_upper^k - V_upper^k-1||_inf = 0.00005299091007923489, ||V_lower^k - V_lower^k-1||_inf = 0.00007657691729386551
    Local Iteration 189: ||V_upper^k - V_upper^k-1||_inf = 0.00005087127367606561, ||V_lower^k - V_lower^k-1||_inf = 0.00007348900925153046
    Local Iteration 190: ||V_upper^k - V_upper^k-1||_inf = 0.00004883642272902292, ||V_lower^k - V_lower^k-1||_inf = 0.00007054944888146937
    Local Iteration 191: ||V_upper^k - V_upper^k-1||_inf = 0.00004688296581986196, ||V_lower^k - V_lower^k-1||_inf = 0.00006765411152373372
    Local Iteration 192: ||V_upper^k - V_upper^k-1||_inf = 0.00004500764718706751, ||V_lower^k - V_lower^k-1||_inf = 0.00006494794706278441
    Local Iteration 193: ||V_upper^k - V_upper^k-1||_inf = 0.00004320734129958481, ||V_lower^k - V_lower^k-1||_inf = 0.00006235002918027308
    Local Iteration 194: ||V_upper^k - V_upper^k-1||_inf = 0.00004147904764760144, ||V_lower^k - V_lower^k-1||_inf = 0.00005985602801306220
    Local Iteration 195: ||V_upper^k - V_upper^k-1||_inf = 0.00003981988574169740, ||V_lower^k - V_lower^k-1||_inf = 0.00005746178689253981
    Local Iteration 196: ||V_upper^k - V_upper^k-1||_inf = 0.00003822709031202950, ||V_lower^k - V_lower^k-1||_inf = 0.00005516331541683826
    Local Iteration 197: ||V_upper^k - V_upper^k-1||_inf = 0.00003669800669954830, ||V_lower^k - V_lower^k-1||_inf = 0.00005295668715358062
    Local Iteration 198: ||V_upper^k - V_upper^k-1||_inf = 0.00003523008643156636, ||V_lower^k - V_lower^k-1||_inf = 0.00005083841966743740
    Local Iteration 199: ||V_upper^k - V_upper^k-1||_inf = 0.00003382088297430364, ||V_lower^k - V_lower^k-1||_inf = 0.00004880488288073982
    Local Iteration 200: ||V_upper^k - V_upper^k-1||_inf = 0.00003246804765533141, ||V_lower^k - V_lower^k-1||_inf = 0.00004685268756551039
    Local Iteration 201: ||V_upper^k - V_upper^k-1||_inf = 0.00003116932574911816, ||V_lower^k - V_lower^k-1||_inf = 0.00004497858006288985
    Local Iteration 202: ||V_upper^k - V_upper^k-1||_inf = 0.00002992255271915348, ||V_lower^k - V_lower^k-1||_inf = 0.00004317943686037422
    Local Iteration 203: ||V_upper^k - V_upper^k-1||_inf = 0.00002872565061038735, ||V_lower^k - V_lower^k-1||_inf = 0.00004143708603459141
    Local Iteration 204: ||V_upper^k - V_upper^k-1||_inf = 0.00002757662458597189, ||V_lower^k - V_lower^k-1||_inf = 0.00003977960259320774
    Local Iteration 205: ||V_upper^k - V_upper^k-1||_inf = 0.00002647355960253299, ||V_lower^k - V_lower^k-1||_inf = 0.00003818841848947949
    Local Iteration 206: ||V_upper^k - V_upper^k-1||_inf = 0.00002541461721843166, ||V_lower^k - V_lower^k-1||_inf = 0.00003666088174990030
    Local Iteration 207: ||V_upper^k - V_upper^k-1||_inf = 0.00002439803252969440, ||V_lower^k - V_lower^k-1||_inf = 0.00003519444647990427
    Local Iteration 208: ||V_upper^k - V_upper^k-1||_inf = 0.00002342211122850660, ||V_lower^k - V_lower^k-1||_inf = 0.00003378666862070812
    Local Iteration 209: ||V_upper^k - V_upper^k-1||_inf = 0.00002248522677936632, ||V_lower^k - V_lower^k-1||_inf = 0.00003243520187587977
    Local Iteration 210: ||V_upper^k - V_upper^k-1||_inf = 0.00002158581770819165, ||V_lower^k - V_lower^k-1||_inf = 0.00003107926643646669
    Local Iteration 211: ||V_upper^k - V_upper^k-1||_inf = 0.00002072238499986400, ||V_lower^k - V_lower^k-1||_inf = 0.00002983400525829202
    Local Iteration 212: ||V_upper^k - V_upper^k-1||_inf = 0.00001989348959986948, ||V_lower^k - V_lower^k-1||_inf = 0.00002864064504796027
    Local Iteration 213: ||V_upper^k - V_upper^k-1||_inf = 0.00001909775001587469, ||V_lower^k - V_lower^k-1||_inf = 0.00002749501924604182
    Local Iteration 214: ||V_upper^k - V_upper^k-1||_inf = 0.00001833384001523970, ||V_lower^k - V_lower^k-1||_inf = 0.00002639521847620015
    Local Iteration 215: ||V_upper^k - V_upper^k-1||_inf = 0.00001760048641463009, ||V_lower^k - V_lower^k-1||_inf = 0.00002533940973715218
    Local Iteration 216: ||V_upper^k - V_upper^k-1||_inf = 0.00001689646695804485, ||V_lower^k - V_lower^k-1||_inf = 0.00002432583334766611
    Local Iteration 217: ||V_upper^k - V_upper^k-1||_inf = 0.00001622060827972304, ||V_lower^k - V_lower^k-1||_inf = 0.00002335280001375937
    Local Iteration 218: ||V_upper^k - V_upper^k-1||_inf = 0.00001557178394853410, ||V_lower^k - V_lower^k-1||_inf = 0.00002241868801320897
    Local Iteration 219: ||V_upper^k - V_upper^k-1||_inf = 0.00001494891259059270, ||V_lower^k - V_lower^k-1||_inf = 0.00002152194049268063
    Local Iteration 220: ||V_upper^k - V_upper^k-1||_inf = 0.00001435095608696898, ||V_lower^k - V_lower^k-1||_inf = 0.00002066106287297337
    Local Iteration 221: ||V_upper^k - V_upper^k-1||_inf = 0.00001377691784349024, ||V_lower^k - V_lower^k-1||_inf = 0.00001983462035805446
    Local Iteration 222: ||V_upper^k - V_upper^k-1||_inf = 0.00001322584112975060, ||V_lower^k - V_lower^k-1||_inf = 0.00001904123554373227
    Local Iteration 223: ||V_upper^k - V_upper^k-1||_inf = 0.00001269680748456061, ||V_lower^k - V_lower^k-1||_inf = 0.00001827958612198293
    Local Iteration 224: ||V_upper^k - V_upper^k-1||_inf = 0.00001218893518517818, ||V_lower^k - V_lower^k-1||_inf = 0.00001754840267710362
    Local Iteration 225: ||V_upper^k - V_upper^k-1||_inf = 0.00001170137777777104, ||V_lower^k - V_lower^k-1||_inf = 0.00001684646657001948
    Local Iteration 226: ||V_upper^k - V_upper^k-1||_inf = 0.00001123332266666019, ||V_lower^k - V_lower^k-1||_inf = 0.00001617260790721866
    Local Iteration 227: ||V_upper^k - V_upper^k-1||_inf = 0.00001078398975999379, ||V_lower^k - V_lower^k-1||_inf = 0.00001551513100170505
    Local Iteration 228: ||V_upper^k - V_upper^k-1||_inf = 0.00001035263016959404, ||V_lower^k - V_lower^k-1||_inf = 0.00001489452576163686
    Local Iteration 229: ||V_upper^k - V_upper^k-1||_inf = 0.00000993852496281028, ||V_lower^k - V_lower^k-1||_inf = 0.00001429874473117142
    Local Iteration 230: ||V_upper^k - V_upper^k-1||_inf = 0.00000954098396429786, ||V_lower^k - V_lower^k-1||_inf = 0.00001372679494192455
    Local Iteration 231: ||V_upper^k - V_upper^k-1||_inf = 0.00000915934460572594, ||V_lower^k - V_lower^k-1||_inf = 0.00001317772314424757
    Local Iteration 232: ||V_upper^k - V_upper^k-1||_inf = 0.00000879297082149690, ||V_lower^k - V_lower^k-1||_inf = 0.00001265061421847768
    Local Iteration 233: ||V_upper^k - V_upper^k-1||_inf = 0.00000844125198863702, ||V_lower^k - V_lower^k-1||_inf = 0.00001214458964973861
    Local Iteration 234: ||V_upper^k - V_upper^k-1||_inf = 0.00000810360190909155, ||V_lower^k - V_lower^k-1||_inf = 0.00001165844328675605
    Local Iteration 235: ||V_upper^k - V_upper^k-1||_inf = 0.00000777945783272791, ||V_lower^k - V_lower^k-1||_inf = 0.00001119084250419055
    Local Iteration 236: ||V_upper^k - V_upper^k-1||_inf = 0.00000746827951941879, ||V_lower^k - V_lower^k-1||_inf = 0.00001074320880402292
    Local Iteration 237: ||V_upper^k - V_upper^k-1||_inf = 0.00000716954833864206, ||V_lower^k - V_lower^k-1||_inf = 0.00001031348045186199
    Local Iteration 238: ||V_upper^k - V_upper^k-1||_inf = 0.00000688276640509639, ||V_lower^k - V_lower^k-1||_inf = 0.00000990094123378749
    Local Iteration 239: ||V_upper^k - V_upper^k-1||_inf = 0.00000660745574889252, ||V_lower^k - V_lower^k-1||_inf = 0.00000950490358443598
    Local Iteration 240: ||V_upper^k - V_upper^k-1||_inf = 0.00000634315751893682, ||V_lower^k - V_lower^k-1||_inf = 0.00000912470744105854
    Local Iteration 241: ||V_upper^k - V_upper^k-1||_inf = 0.00000608943121817934, ||V_lower^k - V_lower^k-1||_inf = 0.00000875971914341621
    Local Iteration 242: ||V_upper^k - V_upper^k-1||_inf = 0.00000584585396945217, ||V_lower^k - V_lower^k-1||_inf = 0.00000840933037767955
    Local Iteration 243: ||V_upper^k - V_upper^k-1||_inf = 0.00000561201981067408, ||V_lower^k - V_lower^k-1||_inf = 0.00000807295716257237
    Local Iteration 244: ||V_upper^k - V_upper^k-1||_inf = 0.00000538753901824712, ||V_lower^k - V_lower^k-1||_inf = 0.00000774828965720750
    Local Iteration 245: ||V_upper^k - V_upper^k-1||_inf = 0.00000517203745751724, ||V_lower^k - V_lower^k-1||_inf = 0.00000743835807091918
    Local Iteration 246: ||V_upper^k - V_upper^k-1||_inf = 0.00000496515595921655, ||V_lower^k - V_lower^k-1||_inf = 0.00000714082374808240
    Local Iteration 247: ||V_upper^k - V_upper^k-1||_inf = 0.00000476654972084789, ||V_lower^k - V_lower^k-1||_inf = 0.00000685519079815909
    Local Iteration 248: ||V_upper^k - V_upper^k-1||_inf = 0.00000457588773201397, ||V_lower^k - V_lower^k-1||_inf = 0.00000658098316623273
    Local Iteration 249: ||V_upper^k - V_upper^k-1||_inf = 0.00000439285222273340, ||V_lower^k - V_lower^k-1||_inf = 0.00000631774383958342
    Local Iteration 250: ||V_upper^k - V_upper^k-1||_inf = 0.00000421713813382407, ||V_lower^k - V_lower^k-1||_inf = 0.00000606503408600009
    Local Iteration 251: ||V_upper^k - V_upper^k-1||_inf = 0.00000404845260847110, ||V_lower^k - V_lower^k-1||_inf = 0.00000582243272256009
    Local Iteration 252: ||V_upper^k - V_upper^k-1||_inf = 0.00000388651450413225, ||V_lower^k - V_lower^k-1||_inf = 0.00000558953541365768
    Local Iteration 253: ||V_upper^k - V_upper^k-1||_inf = 0.00000373105392396696, ||V_lower^k - V_lower^k-1||_inf = 0.00000536595399711138
    Local Iteration 254: ||V_upper^k - V_upper^k-1||_inf = 0.00000358181176700829, ||V_lower^k - V_lower^k-1||_inf = 0.00000515131583722693
    Local Iteration 255: ||V_upper^k - V_upper^k-1||_inf = 0.00000343853929632796, ||V_lower^k - V_lower^k-1||_inf = 0.00000494526320373786
    Local Iteration 256: ||V_upper^k - V_upper^k-1||_inf = 0.00000330099772447485, ||V_lower^k - V_lower^k-1||_inf = 0.00000474745267558834
    Local Iteration 257: ||V_upper^k - V_upper^k-1||_inf = 0.00000316895781549585, ||V_lower^k - V_lower^k-1||_inf = 0.00000455755456856481
    Local Iteration 258: ||V_upper^k - V_upper^k-1||_inf = 0.00000304219950287601, ||V_lower^k - V_lower^k-1||_inf = 0.00000437525238582221
    Local Iteration 259: ||V_upper^k - V_upper^k-1||_inf = 0.00000292051152276098, ||V_lower^k - V_lower^k-1||_inf = 0.00000420024229038932
    Local Iteration 260: ||V_upper^k - V_upper^k-1||_inf = 0.00000280369106185053, ||V_lower^k - V_lower^k-1||_inf = 0.00000403223259877376
    Local Iteration 261: ||V_upper^k - V_upper^k-1||_inf = 0.00000269154341937651, ||V_lower^k - V_lower^k-1||_inf = 0.00000387094329482280
    Local Iteration 262: ||V_upper^k - V_upper^k-1||_inf = 0.00000258388168260145, ||V_lower^k - V_lower^k-1||_inf = 0.00000371610556302989
    Local Iteration 263: ||V_upper^k - V_upper^k-1||_inf = 0.00000248052641529739, ||V_lower^k - V_lower^k-1||_inf = 0.00000356746134050870
    Local Iteration 264: ||V_upper^k - V_upper^k-1||_inf = 0.00000238130535868549, ||V_lower^k - V_lower^k-1||_inf = 0.00000342476288688836
    Local Iteration 265: ||V_upper^k - V_upper^k-1||_inf = 0.00000228605314433807, ||V_lower^k - V_lower^k-1||_inf = 0.00000328777237141282
    Local Iteration 266: ||V_upper^k - V_upper^k-1||_inf = 0.00000219461101856455, ||V_lower^k - V_lower^k-1||_inf = 0.00000315626147655632
    Local Iteration 267: ||V_upper^k - V_upper^k-1||_inf = 0.00000210682657782197, ||V_lower^k - V_lower^k-1||_inf = 0.00000303001101749406
    Local Iteration 268: ||V_upper^k - V_upper^k-1||_inf = 0.00000202255351470909, ||V_lower^k - V_lower^k-1||_inf = 0.00000290881057679429
    Local Iteration 269: ||V_upper^k - V_upper^k-1||_inf = 0.00000194165137412072, ||V_lower^k - V_lower^k-1||_inf = 0.00000279245815372252
    Local Iteration 270: ||V_upper^k - V_upper^k-1||_inf = 0.00000186398531915589, ||V_lower^k - V_lower^k-1||_inf = 0.00000268075982757362
    Local Iteration 271: ||V_upper^k - V_upper^k-1||_inf = 0.00000178942590638965, ||V_lower^k - V_lower^k-1||_inf = 0.00000257323897231396
    Local Iteration 272: ||V_upper^k - V_upper^k-1||_inf = 0.00000171784887013407, ||V_lower^k - V_lower^k-1||_inf = 0.00000246290766348166
    Local Iteration 273: ||V_upper^k - V_upper^k-1||_inf = 0.00000164913491532871, ||V_lower^k - V_lower^k-1||_inf = 0.00000236439135694240
    Local Iteration 274: ||V_upper^k - V_upper^k-1||_inf = 0.00000158316951871556, ||V_lower^k - V_lower^k-1||_inf = 0.00000226981570266470
    Local Iteration 275: ||V_upper^k - V_upper^k-1||_inf = 0.00000151984273796694, ||V_lower^k - V_lower^k-1||_inf = 0.00000217902307455811
    Local Iteration 276: ||V_upper^k - V_upper^k-1||_inf = 0.00000145904902844826, ||V_lower^k - V_lower^k-1||_inf = 0.00000209186215157579
    Local Iteration 277: ||V_upper^k - V_upper^k-1||_inf = 0.00000140068706731033, ||V_lower^k - V_lower^k-1||_inf = 0.00000200729190800183
    Local Iteration 278: ||V_upper^k - V_upper^k-1||_inf = 0.00000134465958461792, ||V_lower^k - V_lower^k-1||_inf = 0.00000192653644454695
    Local Iteration 279: ||V_upper^k - V_upper^k-1||_inf = 0.00000129087320123320, ||V_lower^k - V_lower^k-1||_inf = 0.00000184783882861782
    Local Iteration 280: ||V_upper^k - V_upper^k-1||_inf = 0.00000123923827318387, ||V_lower^k - V_lower^k-1||_inf = 0.00000177392527547310
    Local Iteration 281: ||V_upper^k - V_upper^k-1||_inf = 0.00000118966874225652, ||V_lower^k - V_lower^k-1||_inf = 0.00000170296826445418
    Local Iteration 282: ||V_upper^k - V_upper^k-1||_inf = 0.00000114208199256626, ||V_lower^k - V_lower^k-1||_inf = 0.00000163484953387601
    Local Iteration 283: ||V_upper^k - V_upper^k-1||_inf = 0.00000109639871286361, ||V_lower^k - V_lower^k-1||_inf = 0.00000156945555252098
    Local Iteration 284: ||V_upper^k - V_upper^k-1||_inf = 0.00000105164714189655, ||V_lower^k - V_lower^k-1||_inf = 0.00000150667733042014
    Local Iteration 285: ||V_upper^k - V_upper^k-1||_inf = 0.00000100958125622069, ||V_lower^k - V_lower^k-1||_inf = 0.00000144641023720333
    Local Iteration 286: ||V_upper^k - V_upper^k-1||_inf = 0.00000096919800597186, ||V_lower^k - V_lower^k-1||_inf = 0.00000138855382771520
    Local Iteration 287: ||V_upper^k - V_upper^k-1||_inf = 0.00000093043008573299, ||V_lower^k - V_lower^k-1||_inf = 0.00000133301167460659
    Local Iteration 288: ||V_upper^k - V_upper^k-1||_inf = 0.00000089321288230367, ||V_lower^k - V_lower^k-1||_inf = 0.00000127969120762233
    Local Iteration 289: ||V_upper^k - V_upper^k-1||_inf = 0.00000085748436701152, ||V_lower^k - V_lower^k-1||_inf = 0.00000122850355931743
    Local Iteration 290: ||V_upper^k - V_upper^k-1||_inf = 0.00000082318499233106, ||V_lower^k - V_lower^k-1||_inf = 0.00000117902493104256
    Local Iteration 291: ||V_upper^k - V_upper^k-1||_inf = 0.00000079025759263782, ||V_lower^k - V_lower^k-1||_inf = 0.00000113167448466078
    Local Iteration 292: ||V_upper^k - V_upper^k-1||_inf = 0.00000075864728893231, ||V_lower^k - V_lower^k-1||_inf = 0.00000108628621647278
    Local Iteration 293: ||V_upper^k - V_upper^k-1||_inf = 0.00000072830139737501, ||V_lower^k - V_lower^k-1||_inf = 0.00000104283476781386
    Local Iteration 294: ||V_upper^k - V_upper^k-1||_inf = 0.00000069916934148001, ||V_lower^k - V_lower^k-1||_inf = 0.00000100112137710131
    Local Iteration 295: ||V_upper^k - V_upper^k-1||_inf = 0.00000067120256782081, ||V_lower^k - V_lower^k-1||_inf = 0.00000096107652201726
    Local Iteration 296: ||V_upper^k - V_upper^k-1||_inf = 0.00000064435446510798, ||V_lower^k - V_lower^k-1||_inf = 0.00000092189644307957
    Local Iteration 297: ||V_upper^k - V_upper^k-1||_inf = 0.00000061858028650366, ||V_lower^k - V_lower^k-1||_inf = 0.00000088502058535638
    Local Iteration 298: ||V_upper^k - V_upper^k-1||_inf = 0.00000059383707504351, ||V_lower^k - V_lower^k-1||_inf = 0.00000084805443405409
    Local Iteration 299: ||V_upper^k - V_upper^k-1||_inf = 0.00000057008359204177, ||V_lower^k - V_lower^k-1||_inf = 0.00000081413225669193
    Local Iteration 300: ||V_upper^k - V_upper^k-1||_inf = 0.00000054728024836010, ||V_lower^k - V_lower^k-1||_inf = 0.00000078156696642425
    Local Iteration 301: ||V_upper^k - V_upper^k-1||_inf = 0.00000052538903842570, ||V_lower^k - V_lower^k-1||_inf = 0.00000075030428776728
    Local Iteration 302: ||V_upper^k - V_upper^k-1||_inf = 0.00000050437347688867, ||V_lower^k - V_lower^k-1||_inf = 0.00000072029211625659
    Local Iteration 303: ||V_upper^k - V_upper^k-1||_inf = 0.00000048419853781312, ||V_lower^k - V_lower^k-1||_inf = 0.00000069148043160632
    Local Iteration 304: ||V_upper^k - V_upper^k-1||_inf = 0.00000046483059630060, ||V_lower^k - V_lower^k-1||_inf = 0.00000066382121434207
    Local Iteration 305: ||V_upper^k - V_upper^k-1||_inf = 0.00000044623737244857, ||V_lower^k - V_lower^k-1||_inf = 0.00000063726836576839
    Local Iteration 306: ||V_upper^k - V_upper^k-1||_inf = 0.00000042838787755063, ||V_lower^k - V_lower^k-1||_inf = 0.00000061177763113765
    Local Iteration 307: ||V_upper^k - V_upper^k-1||_inf = 0.00000041125236244861, ||V_lower^k - V_lower^k-1||_inf = 0.00000058730652589215
    Local Iteration 308: ||V_upper^k - V_upper^k-1||_inf = 0.00000039480226795066, ||V_lower^k - V_lower^k-1||_inf = 0.00000056381426485646
    Local Iteration 309: ||V_upper^k - V_upper^k-1||_inf = 0.00000037901017723263, ||V_lower^k - V_lower^k-1||_inf = 0.00000054126169426220
    Local Iteration 310: ||V_upper^k - V_upper^k-1||_inf = 0.00000036384977014333, ||V_lower^k - V_lower^k-1||_inf = 0.00000051961122649172
    Local Iteration 311: ||V_upper^k - V_upper^k-1||_inf = 0.00000034929577933760, ||V_lower^k - V_lower^k-1||_inf = 0.00000049882677743205
    Local Iteration 312: ||V_upper^k - V_upper^k-1||_inf = 0.00000033532394816409, ||V_lower^k - V_lower^k-1||_inf = 0.00000047887370633477
    Local Iteration 313: ||V_upper^k - V_upper^k-1||_inf = 0.00000032191099023753, ||V_lower^k - V_lower^k-1||_inf = 0.00000045971875808138
    Local Iteration 314: ||V_upper^k - V_upper^k-1||_inf = 0.00000030903455062803, ||V_lower^k - V_lower^k-1||_inf = 0.00000044133000775812
    Local Iteration 315: ||V_upper^k - V_upper^k-1||_inf = 0.00000029667316860291, ||V_lower^k - V_lower^k-1||_inf = 0.00000042363392358359
    Local Iteration 316: ||V_upper^k - V_upper^k-1||_inf = 0.00000028480624185879, ||V_lower^k - V_lower^k-1||_inf = 0.00000040668856664024
    Local Iteration 317: ||V_upper^k - V_upper^k-1||_inf = 0.00000027341399218444, ||V_lower^k - V_lower^k-1||_inf = 0.00000039042102397463
    Local Iteration 318: ||V_upper^k - V_upper^k-1||_inf = 0.00000026247743249706, ||V_lower^k - V_lower^k-1||_inf = 0.00000037480418301565
    Local Iteration 319: ||V_upper^k - V_upper^k-1||_inf = 0.00000025197833519718, ||V_lower^k - V_lower^k-1||_inf = 0.00000035981201569502
    Local Iteration 320: ||V_upper^k - V_upper^k-1||_inf = 0.00000024189920178929, ||V_lower^k - V_lower^k-1||_inf = 0.00000034541953506722
    Local Iteration 321: ||V_upper^k - V_upper^k-1||_inf = 0.00000023222323371772, ||V_lower^k - V_lower^k-1||_inf = 0.00000033160275366453
    Local Iteration 322: ||V_upper^k - V_upper^k-1||_inf = 0.00000022293430436901, ||V_lower^k - V_lower^k-1||_inf = 0.00000031833864351795
    Local Iteration 323: ||V_upper^k - V_upper^k-1||_inf = 0.00000021401693219425, ||V_lower^k - V_lower^k-1||_inf = 0.00000030560509777723
    Local Iteration 324: ||V_upper^k - V_upper^k-1||_inf = 0.00000020545625490648, ||V_lower^k - V_lower^k-1||_inf = 0.00000029338089386614
    Local Iteration 325: ||V_upper^k - V_upper^k-1||_inf = 0.00000019723800471022, ||V_lower^k - V_lower^k-1||_inf = 0.00000028164565811150
    Local Iteration 326: ||V_upper^k - V_upper^k-1||_inf = 0.00000018934848452181, ||V_lower^k - V_lower^k-1||_inf = 0.00000027037983178704
    Local Iteration 327: ||V_upper^k - V_upper^k-1||_inf = 0.00000018177454514094, ||V_lower^k - V_lower^k-1||_inf = 0.00000025956463851555
    Local Iteration 328: ||V_upper^k - V_upper^k-1||_inf = 0.00000017450356333530, ||V_lower^k - V_lower^k-1||_inf = 0.00000024918205297493
    Local Iteration 329: ||V_upper^k - V_upper^k-1||_inf = 0.00000016752342080189, ||V_lower^k - V_lower^k-1||_inf = 0.00000023921477085594
    Local Iteration 330: ||V_upper^k - V_upper^k-1||_inf = 0.00000016082248396981, ||V_lower^k - V_lower^k-1||_inf = 0.00000022964618002170
    Local Iteration 331: ||V_upper^k - V_upper^k-1||_inf = 0.00000015438958461102, ||V_lower^k - V_lower^k-1||_inf = 0.00000022046033282083
    Local Iteration 332: ||V_upper^k - V_upper^k-1||_inf = 0.00000014821400122658, ||V_lower^k - V_lower^k-1||_inf = 0.00000021164191950800
    Local Iteration 333: ||V_upper^k - V_upper^k-1||_inf = 0.00000014228544117752, ||V_lower^k - V_lower^k-1||_inf = 0.00000020317624272768
    Local Iteration 334: ||V_upper^k - V_upper^k-1||_inf = 0.00000013659402353042, ||V_lower^k - V_lower^k-1||_inf = 0.00000019504919301857
    Local Iteration 335: ||V_upper^k - V_upper^k-1||_inf = 0.00000013113026258920, ||V_lower^k - V_lower^k-1||_inf = 0.00000018724722529783
    Local Iteration 336: ||V_upper^k - V_upper^k-1||_inf = 0.00000012588505208563, ||V_lower^k - V_lower^k-1||_inf = 0.00000017975733628591
    Local Iteration 337: ||V_upper^k - V_upper^k-1||_inf = 0.00000012084965000221, ||V_lower^k - V_lower^k-1||_inf = 0.00000017256704283448
    Local Iteration 338: ||V_upper^k - V_upper^k-1||_inf = 0.00000011601566400212, ||V_lower^k - V_lower^k-1||_inf = 0.00000016566436112110
    Local Iteration 339: ||V_upper^k - V_upper^k-1||_inf = 0.00000011137503744203, ||V_lower^k - V_lower^k-1||_inf = 0.00000015903778667626
    Local Iteration 340: ||V_upper^k - V_upper^k-1||_inf = 0.00000010692003594435, ||V_lower^k - V_lower^k-1||_inf = 0.00000015267627520921
    Local Iteration 341: ||V_upper^k - V_upper^k-1||_inf = 0.00000010264323450658, ||V_lower^k - V_lower^k-1||_inf = 0.00000014656922420084
    Local Iteration 342: ||V_upper^k - V_upper^k-1||_inf = 0.00000009853750512631, ||V_lower^k - V_lower^k-1||_inf = 0.00000014070645523280
    Local Iteration 343: ||V_upper^k - V_upper^k-1||_inf = 0.00000009459600492126, ||V_lower^k - V_lower^k-1||_inf = 0.00000013507819702349
    Local Iteration 344: ||V_upper^k - V_upper^k-1||_inf = 0.00000009081216472441, ||V_lower^k - V_lower^k-1||_inf = 0.00000012967506914255
    Local Iteration 345: ||V_upper^k - V_upper^k-1||_inf = 0.00000008717967813544, ||V_lower^k - V_lower^k-1||_inf = 0.00000012448806637685
    Local Iteration 346: ||V_upper^k - V_upper^k-1||_inf = 0.00000008369249101002, ||V_lower^k - V_lower^k-1||_inf = 0.00000011950854372178
    Local Iteration 347: ||V_upper^k - V_upper^k-1||_inf = 0.00000008034479136962, ||V_lower^k - V_lower^k-1||_inf = 0.00000011472820197291
    Local Iteration 348: ||V_upper^k - V_upper^k-1||_inf = 0.00000007713099971483, ||V_lower^k - V_lower^k-1||_inf = 0.00000011013907389399
    Local Iteration 349: ||V_upper^k - V_upper^k-1||_inf = 0.00000007404575972624, ||V_lower^k - V_lower^k-1||_inf = 0.00000010573351093823
    Local Iteration 350: ||V_upper^k - V_upper^k-1||_inf = 0.00000007108392933719, ||V_lower^k - V_lower^k-1||_inf = 0.00000010150417050070
    Local Iteration 351: ||V_upper^k - V_upper^k-1||_inf = 0.00000006824057216370, ||V_lower^k - V_lower^k-1||_inf = 0.00000009744400368067
    Local Iteration 352: ||V_upper^k - V_upper^k-1||_inf = 0.00000006551094927715, ||V_lower^k - V_lower^k-1||_inf = 0.00000009354624353345
    Local Iteration 353: ||V_upper^k - V_upper^k-1||_inf = 0.00000006289051130607, ||V_lower^k - V_lower^k-1||_inf = 0.00000008980439379211
    Local Iteration 354: ||V_upper^k - V_upper^k-1||_inf = 0.00000006037489085382, ||V_lower^k - V_lower^k-1||_inf = 0.00000008621221804042
    Local Iteration 355: ||V_upper^k - V_upper^k-1||_inf = 0.00000005795989521967, ||V_lower^k - V_lower^k-1||_inf = 0.00000008276372931881
    Local Iteration 356: ||V_upper^k - V_upper^k-1||_inf = 0.00000005564149941088, ||V_lower^k - V_lower^k-1||_inf = 0.00000007945318014605
    Local Iteration 357: ||V_upper^k - V_upper^k-1||_inf = 0.00000005341583943445, ||V_lower^k - V_lower^k-1||_inf = 0.00000007627505294021
    Local Iteration 358: ||V_upper^k - V_upper^k-1||_inf = 0.00000005127920585707, ||V_lower^k - V_lower^k-1||_inf = 0.00000007322405082260
    Local Iteration 359: ||V_upper^k - V_upper^k-1||_inf = 0.00000004922803762279, ||V_lower^k - V_lower^k-1||_inf = 0.00000007029508878970
    Local Iteration 360: ||V_upper^k - V_upper^k-1||_inf = 0.00000004725891611788, ||V_lower^k - V_lower^k-1||_inf = 0.00000006748328523811
    Local Iteration 361: ||V_upper^k - V_upper^k-1||_inf = 0.00000004536855947316, ||V_lower^k - V_lower^k-1||_inf = 0.00000006478395382859
    Local Iteration 362: ||V_upper^k - V_upper^k-1||_inf = 0.00000004355381709424, ||V_lower^k - V_lower^k-1||_inf = 0.00000006219259567544
    Local Iteration 363: ||V_upper^k - V_upper^k-1||_inf = 0.00000004181166441047, ||V_lower^k - V_lower^k-1||_inf = 0.00000005970489184843
    Local Iteration 364: ||V_upper^k - V_upper^k-1||_inf = 0.00000004013919783405, ||V_lower^k - V_lower^k-1||_inf = 0.00000005731669617449
    Local Iteration 365: ||V_upper^k - V_upper^k-1||_inf = 0.00000003853362992069, ||V_lower^k - V_lower^k-1||_inf = 0.00000005502402832751
    Local Iteration 366: ||V_upper^k - V_upper^k-1||_inf = 0.00000003699228472386, ||V_lower^k - V_lower^k-1||_inf = 0.00000005282306719441
    Local Iteration 367: ||V_upper^k - V_upper^k-1||_inf = 0.00000003551259333490, ||V_lower^k - V_lower^k-1||_inf = 0.00000005071014450663
    Local Iteration 368: ||V_upper^k - V_upper^k-1||_inf = 0.00000003409208960151, ||V_lower^k - V_lower^k-1||_inf = 0.00000004868173872637
    Local Iteration 369: ||V_upper^k - V_upper^k-1||_inf = 0.00000003272840601745, ||V_lower^k - V_lower^k-1||_inf = 0.00000004673446917731
    Local Iteration 370: ||V_upper^k - V_upper^k-1||_inf = 0.00000003141926977675, ||V_lower^k - V_lower^k-1||_inf = 0.00000004486509041022
    Local Iteration 371: ||V_upper^k - V_upper^k-1||_inf = 0.00000003016249898568, ||V_lower^k - V_lower^k-1||_inf = 0.00000004307048679381
    Local Iteration 372: ||V_upper^k - V_upper^k-1||_inf = 0.00000002895599902625, ||V_lower^k - V_lower^k-1||_inf = 0.00000004134766732206
    Local Iteration 373: ||V_upper^k - V_upper^k-1||_inf = 0.00000002779775906520, ||V_lower^k - V_lower^k-1||_inf = 0.00000003969376062918
    Local Iteration 374: ||V_upper^k - V_upper^k-1||_inf = 0.00000002668584870259, ||V_lower^k - V_lower^k-1||_inf = 0.00000003810601020401
    Local Iteration 375: ||V_upper^k - V_upper^k-1||_inf = 0.00000002561841475449, ||V_lower^k - V_lower^k-1||_inf = 0.00000003658176979585
    Local Iteration 376: ||V_upper^k - V_upper^k-1||_inf = 0.00000002459367816431, ||V_lower^k - V_lower^k-1||_inf = 0.00000003511849900401
    Local Iteration 377: ||V_upper^k - V_upper^k-1||_inf = 0.00000002360993103774, ||V_lower^k - V_lower^k-1||_inf = 0.00000003371375904385
    Local Iteration 378: ||V_upper^k - V_upper^k-1||_inf = 0.00000002258148749503, ||V_lower^k - V_lower^k-1||_inf = 0.00000003236520868210
    Local Iteration 379: ||V_upper^k - V_upper^k-1||_inf = 0.00000002167822799523, ||V_lower^k - V_lower^k-1||_inf = 0.00000003107060033482
    Local Iteration 380: ||V_upper^k - V_upper^k-1||_inf = 0.00000002081109887542, ||V_lower^k - V_lower^k-1||_inf = 0.00000002982777632142
    Local Iteration 381: ||V_upper^k - V_upper^k-1||_inf = 0.00000001997865492040, ||V_lower^k - V_lower^k-1||_inf = 0.00000002863466526857
    Local Iteration 382: ||V_upper^k - V_upper^k-1||_inf = 0.00000001917950872359, ||V_lower^k - V_lower^k-1||_inf = 0.00000002748927865782
    Local Iteration 383: ||V_upper^k - V_upper^k-1||_inf = 0.00000001841232837464, ||V_lower^k - V_lower^k-1||_inf = 0.00000002638970751151
    Local Iteration 384: ||V_upper^k - V_upper^k-1||_inf = 0.00000001767583523966, ||V_lower^k - V_lower^k-1||_inf = 0.00000002533411921105
    Local Iteration 385: ||V_upper^k - V_upper^k-1||_inf = 0.00000001696880183007, ||V_lower^k - V_lower^k-1||_inf = 0.00000002432075444261
    Local Iteration 386: ||V_upper^k - V_upper^k-1||_inf = 0.00000001629004975687, ||V_lower^k - V_lower^k-1||_inf = 0.00000002334792426490
    Local Iteration 387: ||V_upper^k - V_upper^k-1||_inf = 0.00000001563844776659, ||V_lower^k - V_lower^k-1||_inf = 0.00000002241400729431
    Local Iteration 388: ||V_upper^k - V_upper^k-1||_inf = 0.00000001501290985593, ||V_lower^k - V_lower^k-1||_inf = 0.00000002151744700254
    Local Iteration 389: ||V_upper^k - V_upper^k-1||_inf = 0.00000001441239346169, ||V_lower^k - V_lower^k-1||_inf = 0.00000002065674912243
    Local Iteration 390: ||V_upper^k - V_upper^k-1||_inf = 0.00000001383589772322, ||V_lower^k - V_lower^k-1||_inf = 0.00000001983047915754
    Local Iteration 391: ||V_upper^k - V_upper^k-1||_inf = 0.00000001328246181429, ||V_lower^k - V_lower^k-1||_inf = 0.00000001903725999124
    Local Iteration 392: ||V_upper^k - V_upper^k-1||_inf = 0.00000001275116334172, ||V_lower^k - V_lower^k-1||_inf = 0.00000001827576959159
    Local Iteration 393: ||V_upper^k - V_upper^k-1||_inf = 0.00000001224111680805, ||V_lower^k - V_lower^k-1||_inf = 0.00000001754473880792
    Local Iteration 394: ||V_upper^k - V_upper^k-1||_inf = 0.00000001175147213573, ||V_lower^k - V_lower^k-1||_inf = 0.00000001684294925561
    Local Iteration 395: ||V_upper^k - V_upper^k-1||_inf = 0.00000001122664834891, ||V_lower^k - V_lower^k-1||_inf = 0.00000001616923128538
    Local Iteration 396: ||V_upper^k - V_upper^k-1||_inf = 0.00000001077758241496, ||V_lower^k - V_lower^k-1||_inf = 0.00000001552246203397
    Local Iteration 397: ||V_upper^k - V_upper^k-1||_inf = 0.00000001034647911836, ||V_lower^k - V_lower^k-1||_inf = 0.00000001490156355261
    Local Iteration 398: ||V_upper^k - V_upper^k-1||_inf = 0.00000000993261995362, ||V_lower^k - V_lower^k-1||_inf = 0.00000001430550101050
    Local Iteration 399: ||V_upper^k - V_upper^k-1||_inf = 0.00000000953531515548, ||V_lower^k - V_lower^k-1||_inf = 0.00000001373328097008
    Local Iteration 400: ||V_upper^k - V_upper^k-1||_inf = 0.00000000915390254926, ||V_lower^k - V_lower^k-1||_inf = 0.00000001318394973128
    Local Iteration 401: ||V_upper^k - V_upper^k-1||_inf = 0.00000000878774644729, ||V_lower^k - V_lower^k-1||_inf = 0.00000001265659174203
    Local Iteration 402: ||V_upper^k - V_upper^k-1||_inf = 0.00000000843623658940, ||V_lower^k - V_lower^k-1||_inf = 0.00000001215032807235
    Local Iteration 403: ||V_upper^k - V_upper^k-1||_inf = 0.00000000809878712582, ||V_lower^k - V_lower^k-1||_inf = 0.00000001166431494945
    Local Iteration 404: ||V_upper^k - V_upper^k-1||_inf = 0.00000000777483564079, ||V_lower^k - V_lower^k-1||_inf = 0.00000001119774235148
    Local Iteration 405: ||V_upper^k - V_upper^k-1||_inf = 0.00000000746384221516, ||V_lower^k - V_lower^k-1||_inf = 0.00000001074983265742
    Local Iteration 406: ||V_upper^k - V_upper^k-1||_inf = 0.00000000716528852655, ||V_lower^k - V_lower^k-1||_inf = 0.00000001031983935112
    Local Iteration 407: ||V_upper^k - V_upper^k-1||_inf = 0.00000000687867698549, ||V_lower^k - V_lower^k-1||_inf = 0.00000000990704577707

==================================================
 LOCAL CONVERGENCE ACHIEVED
==================================================
  ||V_upper^k - V_upper^k-1||_inf = 6.87867698548978085920e-09 < tolerance = 1e-08
  ||V_lower^k - V_lower^k-1||_inf = 9.90704577707489646249e-09 < tolerance = 1e-08
  Converged in 407 iterations
  V_lower increased from min(l_lower, r_lower); smallest step 0.000e+00
    Local VI completed in 407 iterations
    Final convergence values:
      ||V_upper^final - V_upper^prev||_inf = 6.87867699e-09
      ||V_lower^final - V_lower^prev||_inf = 9.90704578e-09
  Local VI completed in 407 iterations, time: 23.897s
    Final ||V_upper^k - V_upper^k-1||_inf = 6.87867698548978085920e-09
    Final ||V_lower^k - V_lower^k-1||_inf = 9.90704577707489646249e-09
  Saved visualization: /Users/i.k.tabbara/Documents/python directory/HSCC_2027/refactored_Implementations/results_hscc_2027_modified_init/ra_discount/van_der_pol_res40_eps0.001_dmin1e-08_dmax1e-08_gamma0.96_dt0.01_tau0.01_std/value_function_phase_15_complete.png
  Phase 15 completed in 35.11s with 28690347 leaf cells

Classification after phase 15:
  Safe:          2858422 cells ( 10.0%),   25.9% of state space
  Unsafe:        1156776 cells (  4.0%),   27.0% of state space
  Unclassified: 24675149 cells ( 86.0%),   47.1% of state space

======================================================================
REFINEMENT PHASE 16
======================================================================
Boundary cells: 24675149
  Refinable (>eta_min=0.000354): 24675149
  Below threshold: 0
  Cumulative refined: 28688747
  Refinable cell size statistics:
    Max:    0.000977
    Mean:   0.000977
    Min:    0.000977
    Median: 0.000977
  Refining 24675149 cells...
    Refined: 24675149 parent cells
    Created: 49350298 child cells
    Total cells: 53365496
    Refinement time: 30.240s
    Cumulative refined: 53363896
  Rebuilding spatial index...
  Building spatial index for 53365496 cells...
   Spatial index built in 24.88s
    Spatial index rebuilt in 24.883s
  Initializing 49350298 new cells...
  Initializing 49350298 new cells in parallel...
   Initialized in 1.04s (47486334.7 cells/s)
    Initialization completed in 1.039s
  Starting local value iteration...
  Reinitializing ALL 53365496 cells (V_lower = min(l, r), V_upper = l)
   Reinitialized 53365496 cells in 1.33s (40111722.2 cells/s)
  Local VI: updating all 53365496 cells
    Conservative mode: False
    Convergence tolerance: 1e-08
    Max iterations: 20000
    Updating successor cache for 49350298 updated cells...
    Updating successor cache for 49350298 new cells (HYBRID)...
      Affected cells: 49357620
   Trajectories + spatial queries computed in 6.59s (7489524.3 tasks/s)
    Breakdown: 39.4% ODE, 60.6% queries
     Cache updated in 13.02s (3790039.6 tasks/s)
    Local Iteration   1: ||V_upper^k - V_upper^k-1||_inf = 4.08968913564991254361, ||V_lower^k - V_lower^k-1||_inf = 3.99484477945168681146
    Local Iteration   2: ||V_upper^k - V_upper^k-1||_inf = 3.80896525035328537001, ||V_lower^k - V_lower^k-1||_inf = 3.71362286890487425239
    Local Iteration   3: ||V_upper^k - V_upper^k-1||_inf = 3.55917803769511831291, ||V_lower^k - V_lower^k-1||_inf = 3.48878040110247589212
    Local Iteration   4: ||V_upper^k - V_upper^k-1||_inf = 3.32577992813652123516, ||V_lower^k - V_lower^k-1||_inf = 3.25776127393884529226
    Local Iteration   5: ||V_upper^k - V_upper^k-1||_inf = 3.11842335679553039895, ||V_lower^k - V_lower^k-1||_inf = 3.07007722666910876086
    Local Iteration   6: ||V_upper^k - V_upper^k-1||_inf = 2.93417459038568972929, ||V_lower^k - V_lower^k-1||_inf = 2.87882320325655438609
    Local Iteration   7: ||V_upper^k - V_upper^k-1||_inf = 2.75213777916642898802, ||V_lower^k - V_lower^k-1||_inf = 2.71505301479622573879
    Local Iteration   8: ||V_upper^k - V_upper^k-1||_inf = 2.59058560169354556990, ||V_lower^k - V_lower^k-1||_inf = 2.57861667739507582908
    Local Iteration   9: ||V_upper^k - V_upper^k-1||_inf = 2.43208842647777778723, ||V_lower^k - V_lower^k-1||_inf = 2.40712110829653047617
    Local Iteration  10: ||V_upper^k - V_upper^k-1||_inf = 2.26651691654372999807, ||V_lower^k - V_lower^k-1||_inf = 2.26670430587138804768
    Local Iteration  11: ||V_upper^k - V_upper^k-1||_inf = 2.17585623988198051393, ||V_lower^k - V_lower^k-1||_inf = 2.12223399332541928786
    Local Iteration  12: ||V_upper^k - V_upper^k-1||_inf = 2.08882199028670134666, ||V_lower^k - V_lower^k-1||_inf = 1.98562860396246154693
    Local Iteration  13: ||V_upper^k - V_upper^k-1||_inf = 2.00526911067523316845, ||V_lower^k - V_lower^k-1||_inf = 1.85809246218690082841
    Local Iteration  14: ||V_upper^k - V_upper^k-1||_inf = 1.92505834624822380619, ||V_lower^k - V_lower^k-1||_inf = 1.77911241472572445588
    Local Iteration  15: ||V_upper^k - V_upper^k-1||_inf = 1.84805601239829475624, ||V_lower^k - V_lower^k-1||_inf = 1.68963053836084542425
    Local Iteration  16: ||V_upper^k - V_upper^k-1||_inf = 1.77413377190236287717, ||V_lower^k - V_lower^k-1||_inf = 1.61158313454672130760
    Local Iteration  17: ||V_upper^k - V_upper^k-1||_inf = 1.70316842102626853084, ||V_lower^k - V_lower^k-1||_inf = 1.53269132444617994793
    Local Iteration  18: ||V_upper^k - V_upper^k-1||_inf = 1.63504168418521778072, ||V_lower^k - V_lower^k-1||_inf = 1.47036130992303060161
    Local Iteration  19: ||V_upper^k - V_upper^k-1||_inf = 1.56964001681780884745, ||V_lower^k - V_lower^k-1||_inf = 1.40770214279293348625
    Local Iteration  20: ||V_upper^k - V_upper^k-1||_inf = 1.50685441614509629815, ||V_lower^k - V_lower^k-1||_inf = 1.32457889328943378970
    Local Iteration  21: ||V_upper^k - V_upper^k-1||_inf = 1.44658023949929237517, ||V_lower^k - V_lower^k-1||_inf = 1.27157747110814933755
    Local Iteration  22: ||V_upper^k - V_upper^k-1||_inf = 1.38871702991932055582, ||V_lower^k - V_lower^k-1||_inf = 1.22071437226382339958
    Local Iteration  23: ||V_upper^k - V_upper^k-1||_inf = 1.33316834872254785793, ||V_lower^k - V_lower^k-1||_inf = 1.15369938457462417603
    Local Iteration  24: ||V_upper^k - V_upper^k-1||_inf = 1.27984161477364577486, ||V_lower^k - V_lower^k-1||_inf = 1.10504305415679482394
    Local Iteration  25: ||V_upper^k - V_upper^k-1||_inf = 1.22864795018269989946, ||V_lower^k - V_lower^k-1||_inf = 1.06081040975401652560
    Local Iteration  26: ||V_upper^k - V_upper^k-1||_inf = 1.17950203217539195677, ||V_lower^k - V_lower^k-1||_inf = 1.00158735948287325179
    Local Iteration  27: ||V_upper^k - V_upper^k-1||_inf = 1.13232195088837617192, ||V_lower^k - V_lower^k-1||_inf = 0.96147383548426534894
    Local Iteration  28: ||V_upper^k - V_upper^k-1||_inf = 1.08702907285284111616, ||V_lower^k - V_lower^k-1||_inf = 0.92091215550737459683
    Local Iteration  29: ||V_upper^k - V_upper^k-1||_inf = 1.04354790993872725835, ||V_lower^k - V_lower^k-1||_inf = 0.88406231055268547081
    Local Iteration  30: ||V_upper^k - V_upper^k-1||_inf = 1.00180599354117827460, ||V_lower^k - V_lower^k-1||_inf = 0.84868708086815947134
    Local Iteration  31: ||V_upper^k - V_upper^k-1||_inf = 0.96173375379953107700, ||V_lower^k - V_lower^k-1||_inf = 0.79848255413741964226
    Local Iteration  32: ||V_upper^k - V_upper^k-1||_inf = 0.92326440364754980283, ||V_lower^k - V_lower^k-1||_inf = 0.76653135272874439732
    Local Iteration  33: ||V_upper^k - V_upper^k-1||_inf = 0.88633382750164779740, ||V_lower^k - V_lower^k-1||_inf = 0.73585875242449083622
    Local Iteration  34: ||V_upper^k - V_upper^k-1||_inf = 0.85088047440158187662, ||V_lower^k - V_lower^k-1||_inf = 0.70642440232751124718
    Local Iteration  35: ||V_upper^k - V_upper^k-1||_inf = 0.81684525542551855715, ||V_lower^k - V_lower^k-1||_inf = 0.67815704061839277017
    Local Iteration  36: ||V_upper^k - V_upper^k-1||_inf = 0.78417144520849779710, ||V_lower^k - V_lower^k-1||_inf = 0.65103075899365703272
    Local Iteration  37: ||V_upper^k - V_upper^k-1||_inf = 0.75280458740015787633, ||V_lower^k - V_lower^k-1||_inf = 0.61162066796815095504
    Local Iteration  38: ||V_upper^k - V_upper^k-1||_inf = 0.72269240390415145914, ||V_lower^k - V_lower^k-1||_inf = 0.57359454733788461933
    Local Iteration  39: ||V_upper^k - V_upper^k-1||_inf = 0.69378470774798539633, ||V_lower^k - V_lower^k-1||_inf = 0.53721855171437105092
    Local Iteration  40: ||V_upper^k - V_upper^k-1||_inf = 0.66603331943806587390, ||V_lower^k - V_lower^k-1||_inf = 0.46993773340941780159
    Local Iteration  41: ||V_upper^k - V_upper^k-1||_inf = 0.63939198666054330999, ||V_lower^k - V_lower^k-1||_inf = 0.44030745591298436903
    Local Iteration  42: ||V_upper^k - V_upper^k-1||_inf = 0.61381630719412150210, ||V_lower^k - V_lower^k-1||_inf = 0.42205790825254052567
    Local Iteration  43: ||V_upper^k - V_upper^k-1||_inf = 0.58926365490635657096, ||V_lower^k - V_lower^k-1||_inf = 0.40491428725621625428
    Local Iteration  44: ||V_upper^k - V_upper^k-1||_inf = 0.56569310871010236585, ||V_lower^k - V_lower^k-1||_inf = 0.38002185737312554892
    Local Iteration  45: ||V_upper^k - V_upper^k-1||_inf = 0.54306538436169826678, ||V_lower^k - V_lower^k-1||_inf = 0.36438948305118884496
    Local Iteration  46: ||V_upper^k - V_upper^k-1||_inf = 0.52134276898723030946, ||V_lower^k - V_lower^k-1||_inf = 0.34981390372914128450
    Local Iteration  47: ||V_upper^k - V_upper^k-1||_inf = 0.50048905822774103491, ||V_lower^k - V_lower^k-1||_inf = 0.33582134757997567087
    Local Iteration  48: ||V_upper^k - V_upper^k-1||_inf = 0.48046949589863141572, ||V_lower^k - V_lower^k-1||_inf = 0.32188968172622045572
    Local Iteration  49: ||V_upper^k - V_upper^k-1||_inf = 0.46125071606268608360, ||V_lower^k - V_lower^k-1||_inf = 0.30901409445717165081
    Local Iteration  50: ||V_upper^k - V_upper^k-1||_inf = 0.44280068742017864025, ||V_lower^k - V_lower^k-1||_inf = 0.28923276891477189832
    Local Iteration  51: ||V_upper^k - V_upper^k-1||_inf = 0.42508865992337147022, ||V_lower^k - V_lower^k-1||_inf = 0.27741406027940390677
    Local Iteration  52: ||V_upper^k - V_upper^k-1||_inf = 0.40808511352643656034, ||V_lower^k - V_lower^k-1||_inf = 0.26631749786822778159
    Local Iteration  53: ||V_upper^k - V_upper^k-1||_inf = 0.39176170898537909792, ||V_lower^k - V_lower^k-1||_inf = 0.25566479795349866810
    Local Iteration  54: ||V_upper^k - V_upper^k-1||_inf = 0.37609124062596394067, ||V_lower^k - V_lower^k-1||_inf = 0.24543820603535873581
    Local Iteration  55: ||V_upper^k - V_upper^k-1||_inf = 0.36104759100092531643, ||V_lower^k - V_lower^k-1||_inf = 0.23562067779394438305
    Local Iteration  56: ||V_upper^k - V_upper^k-1||_inf = 0.34660568736088831487, ||V_lower^k - V_lower^k-1||_inf = 0.22583601293918256769
    Local Iteration  57: ||V_upper^k - V_upper^k-1||_inf = 0.33274145986645276007, ||V_lower^k - V_lower^k-1||_inf = 0.21680257242161524167
    Local Iteration  58: ||V_upper^k - V_upper^k-1||_inf = 0.31943180147179461859, ||V_lower^k - V_lower^k-1||_inf = 0.20813046952475058871
    Local Iteration  59: ||V_upper^k - V_upper^k-1||_inf = 0.30665452941292281608, ||V_lower^k - V_lower^k-1||_inf = 0.19449497262293111155
    Local Iteration  60: ||V_upper^k - V_upper^k-1||_inf = 0.29438834823640591676, ||V_lower^k - V_lower^k-1||_inf = 0.18671517371801385488
    Local Iteration  61: ||V_upper^k - V_upper^k-1||_inf = 0.28261281430694962236, ||V_lower^k - V_lower^k-1||_inf = 0.17918782074240097169
    Local Iteration  62: ||V_upper^k - V_upper^k-1||_inf = 0.27130830173467163080, ||V_lower^k - V_lower^k-1||_inf = 0.17202030791270492283
    Local Iteration  63: ||V_upper^k - V_upper^k-1||_inf = 0.26045596966528478111, ||V_lower^k - V_lower^k-1||_inf = 0.16498668708241270853
    Local Iteration  64: ||V_upper^k - V_upper^k-1||_inf = 0.25003773087867336988, ||V_lower^k - V_lower^k-1||_inf = 0.15838721959911622461
    Local Iteration  65: ||V_upper^k - V_upper^k-1||_inf = 0.24003622164352639290, ||V_lower^k - V_lower^k-1||_inf = 0.15205173081515155342
    Local Iteration  66: ||V_upper^k - V_upper^k-1||_inf = 0.23043477277778534607, ||V_lower^k - V_lower^k-1||_inf = 0.14596966158254548462
    Local Iteration  67: ||V_upper^k - V_upper^k-1||_inf = 0.22121738186667391779, ||V_lower^k - V_lower^k-1||_inf = 0.14013087511924365858
    Local Iteration  68: ||V_upper^k - V_upper^k-1||_inf = 0.21236868659200697218, ||V_lower^k - V_lower^k-1||_inf = 0.13028942692071465714
    Local Iteration  69: ||V_upper^k - V_upper^k-1||_inf = 0.20387393912832668663, ||V_lower^k - V_lower^k-1||_inf = 0.12507784984388609084
    Local Iteration  70: ||V_upper^k - V_upper^k-1||_inf = 0.19571898156319361695, ||V_lower^k - V_lower^k-1||_inf = 0.12007473585013062056
    Local Iteration  71: ||V_upper^k - V_upper^k-1||_inf = 0.18789022230066587671, ||V_lower^k - V_lower^k-1||_inf = 0.11527174641612540629
    Local Iteration  72: ||V_upper^k - V_upper^k-1||_inf = 0.18037461340863922277, ||V_lower^k - V_lower^k-1||_inf = 0.10705626535880970185
    Local Iteration  73: ||V_upper^k - V_upper^k-1||_inf = 0.17315962887229363609, ||V_lower^k - V_lower^k-1||_inf = 0.10277401474445731211
    Local Iteration  74: ||V_upper^k - V_upper^k-1||_inf = 0.16623324371740189065, ||V_lower^k - V_lower^k-1||_inf = 0.09866305415467901963
    Local Iteration  75: ||V_upper^k - V_upper^k-1||_inf = 0.15958391396870583168, ||V_lower^k - V_lower^k-1||_inf = 0.09471653198849186439
    Local Iteration  76: ||V_upper^k - V_upper^k-1||_inf = 0.15320055740995758287, ||V_lower^k - V_lower^k-1||_inf = 0.09092787070895218260
    Local Iteration  77: ||V_upper^k - V_upper^k-1||_inf = 0.14707253511355927733, ||V_lower^k - V_lower^k-1||_inf = 0.08717389738675236643
    Local Iteration  78: ||V_upper^k - V_upper^k-1||_inf = 0.14118963370901688181, ||V_lower^k - V_lower^k-1||_inf = 0.08368694149128226567
    Local Iteration  79: ||V_upper^k - V_upper^k-1||_inf = 0.13554204836065619766, ||V_lower^k - V_lower^k-1||_inf = 0.08033946383163097227
    Local Iteration  80: ||V_upper^k - V_upper^k-1||_inf = 0.13012036642622995530, ||V_lower^k - V_lower^k-1||_inf = 0.07712588527836572450
    Local Iteration  81: ||V_upper^k - V_upper^k-1||_inf = 0.12491555176918076042, ||V_lower^k - V_lower^k-1||_inf = 0.07404084986723108441
    Local Iteration  82: ||V_upper^k - V_upper^k-1||_inf = 0.11991892969841352889, ||V_lower^k - V_lower^k-1||_inf = 0.07107921587254183160
    Local Iteration  83: ||V_upper^k - V_upper^k-1||_inf = 0.11512217251047696109, ||V_lower^k - V_lower^k-1||_inf = 0.06823604723764015167
    Local Iteration  84: ||V_upper^k - V_upper^k-1||_inf = 0.11051728561005788598, ||V_lower^k - V_lower^k-1||_inf = 0.06550660534813454450
    Local Iteration  85: ||V_upper^k - V_upper^k-1||_inf = 0.10609659418565556277, ||V_lower^k - V_lower^k-1||_inf = 0.06067424815935838767
    Local Iteration  86: ||V_upper^k - V_upper^k-1||_inf = 0.10185273041822934248, ||V_lower^k - V_lower^k-1||_inf = 0.05824727823298404827
    Local Iteration  87: ||V_upper^k - V_upper^k-1||_inf = 0.09777862120150015990, ||V_lower^k - V_lower^k-1||_inf = 0.05591738710366468690
    Local Iteration  88: ||V_upper^k - V_upper^k-1||_inf = 0.09386747635344014351, ||V_lower^k - V_lower^k-1||_inf = 0.05368069161951809221
    Local Iteration  89: ||V_upper^k - V_upper^k-1||_inf = 0.09011277729930253222, ||V_lower^k - V_lower^k-1||_inf = 0.05153346395473736713
    Local Iteration  90: ||V_upper^k - V_upper^k-1||_inf = 0.08650826620733043093, ||V_lower^k - V_lower^k-1||_inf = 0.04947212539654786273
    Local Iteration  91: ||V_upper^k - V_upper^k-1||_inf = 0.08304793555903720870, ||V_lower^k - V_lower^k-1||_inf = 0.04742725350789150918
    Local Iteration  92: ||V_upper^k - V_upper^k-1||_inf = 0.07972601813667572201, ||V_lower^k - V_lower^k-1||_inf = 0.04553016336757585020
    Local Iteration  93: ||V_upper^k - V_upper^k-1||_inf = 0.07653697741120868425, ||V_lower^k - V_lower^k-1||_inf = 0.04370895683287280564
    Local Iteration  94: ||V_upper^k - V_upper^k-1||_inf = 0.07347549831476032911, ||V_lower^k - V_lower^k-1||_inf = 0.04196059855955788787
    Local Iteration  95: ||V_upper^k - V_upper^k-1||_inf = 0.07053647838216992039, ||V_lower^k - V_lower^k-1||_inf = 0.03874788979169134506
    Local Iteration  96: ||V_upper^k - V_upper^k-1||_inf = 0.06771501924688311247, ||V_lower^k - V_lower^k-1||_inf = 0.03719797420002368682
    Local Iteration  97: ||V_upper^k - V_upper^k-1||_inf = 0.06500641847700779075, ||V_lower^k - V_lower^k-1||_inf = 0.03571005523202273185
    Local Iteration  98: ||V_upper^k - V_upper^k-1||_inf = 0.06240616173792747079, ||V_lower^k - V_lower^k-1||_inf = 0.03428165302274182452
    Local Iteration  99: ||V_upper^k - V_upper^k-1||_inf = 0.05989468854535735104, ||V_lower^k - V_lower^k-1||_inf = 0.03286278465944853650
    Local Iteration 100: ||V_upper^k - V_upper^k-1||_inf = 0.05749890100354305977, ||V_lower^k - V_lower^k-1||_inf = 0.03154827327307059559
    Local Iteration 101: ||V_upper^k - V_upper^k-1||_inf = 0.05519894496340133072, ||V_lower^k - V_lower^k-1||_inf = 0.02898963023241765691
    Local Iteration 102: ||V_upper^k - V_upper^k-1||_inf = 0.05299098716486527749, ||V_lower^k - V_lower^k-1||_inf = 0.02783004502312095077
    Local Iteration 103: ||V_upper^k - V_upper^k-1||_inf = 0.05087134767827065918, ||V_lower^k - V_lower^k-1||_inf = 0.02671684322219611274
    Local Iteration 104: ||V_upper^k - V_upper^k-1||_inf = 0.04883649377113983420, ||V_lower^k - V_lower^k-1||_inf = 0.02564816949330826767
    Local Iteration 105: ||V_upper^k - V_upper^k-1||_inf = 0.04688303402029424249, ||V_lower^k - V_lower^k-1||_inf = 0.02462224271357593350
    Local Iteration 106: ||V_upper^k - V_upper^k-1||_inf = 0.04500771265948247390, ||V_lower^k - V_lower^k-1||_inf = 0.02363735300503289408
    Local Iteration 107: ||V_upper^k - V_upper^k-1||_inf = 0.04320740415310317384, ||V_lower^k - V_lower^k-1||_inf = 0.02269185888483157831
    Local Iteration 108: ||V_upper^k - V_upper^k-1||_inf = 0.04147910798697904133, ||V_lower^k - V_lower^k-1||_inf = 0.02178418452943831074
    Local Iteration 109: ||V_upper^k - V_upper^k-1||_inf = 0.03981994366749987829, ||V_lower^k - V_lower^k-1||_inf = 0.01993840610357176801
    Local Iteration 110: ||V_upper^k - V_upper^k-1||_inf = 0.03822714592079988483, ||V_lower^k - V_lower^k-1||_inf = 0.01914086985942889743
    Local Iteration 111: ||V_upper^k - V_upper^k-1||_inf = 0.03669806008396788582, ||V_lower^k - V_lower^k-1||_inf = 0.01837523506505173848
    Local Iteration 112: ||V_upper^k - V_upper^k-1||_inf = 0.03523013768060916789, ||V_lower^k - V_lower^k-1||_inf = 0.01764022566244967047
    Local Iteration 113: ||V_upper^k - V_upper^k-1||_inf = 0.03382093217338480451, ||V_lower^k - V_lower^k-1||_inf = 0.01693461663595167976
    Local Iteration 114: ||V_upper^k - V_upper^k-1||_inf = 0.03246809488644940289, ||V_lower^k - V_lower^k-1||_inf = 0.01625723197051361091
    Local Iteration 115: ||V_upper^k - V_upper^k-1||_inf = 0.03116937109099143094, ||V_lower^k - V_lower^k-1||_inf = 0.01560694269169306606
    Local Iteration 116: ||V_upper^k - V_upper^k-1||_inf = 0.02992259624735176676, ||V_lower^k - V_lower^k-1||_inf = 0.01498266498402534355
    Local Iteration 117: ||V_upper^k - V_upper^k-1||_inf = 0.02872569239745769581, ||V_lower^k - V_lower^k-1||_inf = 0.01438335838466432703
    Local Iteration 118: ||V_upper^k - V_upper^k-1||_inf = 0.02757666470155938770, ||V_lower^k - V_lower^k-1||_inf = 0.01380802404927775062
    Local Iteration 119: ||V_upper^k - V_upper^k-1||_inf = 0.02647359811349701483, ||V_lower^k - V_lower^k-1||_inf = 0.01325570308730664171
    Local Iteration 120: ||V_upper^k - V_upper^k-1||_inf = 0.02541465418895713299, ||V_lower^k - V_lower^k-1||_inf = 0.01207765470043455081
    Local Iteration 121: ||V_upper^k - V_upper^k-1||_inf = 0.02439806802139884642, ||V_lower^k - V_lower^k-1||_inf = 0.01159454851241717085
    Local Iteration 122: ||V_upper^k - V_upper^k-1||_inf = 0.02342214530054289104, ||V_lower^k - V_lower^k-1||_inf = 0.01113076657192048347
    Local Iteration 123: ||V_upper^k - V_upper^k-1||_inf = 0.02248525948852117540, ||V_lower^k - V_lower^k-1||_inf = 0.01068553590904366447
    Local Iteration 124: ||V_upper^k - V_upper^k-1||_inf = 0.02158584910898032894, ||V_lower^k - V_lower^k-1||_inf = 0.01025811447268191838
    Local Iteration 125: ||V_upper^k - V_upper^k-1||_inf = 0.02072241514462111467, ||V_lower^k - V_lower^k-1||_inf = 0.00984778989377464026
    Local Iteration 126: ||V_upper^k - V_upper^k-1||_inf = 0.01989351853883626967, ||V_lower^k - V_lower^k-1||_inf = 0.00945387829802365326
    Local Iteration 127: ||V_upper^k - V_upper^k-1||_inf = 0.01909777779728281596, ||V_lower^k - V_lower^k-1||_inf = 0.00907572316610270706
    Local Iteration 128: ||V_upper^k - V_upper^k-1||_inf = 0.01833386668539150471, ||V_lower^k - V_lower^k-1||_inf = 0.00822589133627446394
    Local Iteration 129: ||V_upper^k - V_upper^k-1||_inf = 0.01760051201797584175, ||V_lower^k - V_lower^k-1||_inf = 0.00789685568282348475
    Local Iteration 130: ||V_upper^k - V_upper^k-1||_inf = 0.01689649153725680808, ||V_lower^k - V_lower^k-1||_inf = 0.00758098145551054300
    Local Iteration 131: ||V_upper^k - V_upper^k-1||_inf = 0.01622063187576653492, ||V_lower^k - V_lower^k-1||_inf = 0.00727774219729012024
    Local Iteration 132: ||V_upper^k - V_upper^k-1||_inf = 0.01557180660073587478, ||V_lower^k - V_lower^k-1||_inf = 0.00698663250939851425
    Local Iteration 133: ||V_upper^k - V_upper^k-1||_inf = 0.01494893433670643930, ||V_lower^k - V_lower^k-1||_inf = 0.00670716720902257355
    Local Iteration 134: ||V_upper^k - V_upper^k-1||_inf = 0.01435097696323818159, ||V_lower^k - V_lower^k-1||_inf = 0.00604195472429291253
    Local Iteration 135: ||V_upper^k - V_upper^k-1||_inf = 0.01377693788470865308, ||V_lower^k - V_lower^k-1||_inf = 0.00580027653532119714
    Local Iteration 136: ||V_upper^k - V_upper^k-1||_inf = 0.01322586036932030598, ||V_lower^k - V_lower^k-1||_inf = 0.00556826547390834939
    Local Iteration 137: ||V_upper^k - V_upper^k-1||_inf = 0.01269682595454749499, ||V_lower^k - V_lower^k-1||_inf = 0.00534553485495201618
    Local Iteration 138: ||V_upper^k - V_upper^k-1||_inf = 0.01218895291636559394, ||V_lower^k - V_lower^k-1||_inf = 0.00513171346075393629
    Local Iteration 139: ||V_upper^k - V_upper^k-1||_inf = 0.01170139479971096970, ||V_lower^k - V_lower^k-1||_inf = 0.00458931736260271422
    Local Iteration 140: ||V_upper^k - V_upper^k-1||_inf = 0.01123333900772252938, ||V_lower^k - V_lower^k-1||_inf = 0.00440574466809860385
    Local Iteration 141: ||V_upper^k - V_upper^k-1||_inf = 0.01078400544741362800, ||V_lower^k - V_lower^k-1||_inf = 0.00422951488137466008
    Local Iteration 142: ||V_upper^k - V_upper^k-1||_inf = 0.01035264522951708302, ||V_lower^k - V_lower^k-1||_inf = 0.00374963752708073941
    Local Iteration 143: ||V_upper^k - V_upper^k-1||_inf = 0.00993853942033639907, ||V_lower^k - V_lower^k-1||_inf = 0.00359965202599750889
    Local Iteration 144: ||V_upper^k - V_upper^k-1||_inf = 0.00954099784352294318, ||V_lower^k - V_lower^k-1||_inf = 0.00345566594495760882
    Local Iteration 145: ||V_upper^k - V_upper^k-1||_inf = 0.00915935792978202386, ||V_lower^k - V_lower^k-1||_inf = 0.00331743930715930422
    Local Iteration 146: ||V_upper^k - V_upper^k-1||_inf = 0.00879298361259074276, ||V_lower^k - V_lower^k-1||_inf = 0.00290985712706786238
    Local Iteration 147: ||V_upper^k - V_upper^k-1||_inf = 0.00844126426808711194, ||V_lower^k - V_lower^k-1||_inf = 0.00279346284198514743
    Local Iteration 148: ||V_upper^k - V_upper^k-1||_inf = 0.00810361369736362774, ||V_lower^k - V_lower^k-1||_inf = 0.00268172432830574188
    Local Iteration 149: ||V_upper^k - V_upper^k-1||_inf = 0.00777946914946908274, ||V_lower^k - V_lower^k-1||_inf = 0.00232112170062035925
    Local Iteration 150: ||V_upper^k - V_upper^k-1||_inf = 0.00746829038349031832, ||V_lower^k - V_lower^k-1||_inf = 0.00222827683259554585
    Local Iteration 151: ||V_upper^k - V_upper^k-1||_inf = 0.00716955876815070572, ||V_lower^k - V_lower^k-1||_inf = 0.00213914575929172440
    Local Iteration 152: ||V_upper^k - V_upper^k-1||_inf = 0.00688277641742467659, ||V_lower^k - V_lower^k-1||_inf = 0.00205357992892005528
    Local Iteration 153: ||V_upper^k - V_upper^k-1||_inf = 0.00660746536072768977, ||V_lower^k - V_lower^k-1||_inf = 0.00197143673176325331
    Local Iteration 154: ||V_upper^k - V_upper^k-1||_inf = 0.00634316674629858274, ||V_lower^k - V_lower^k-1||_inf = 0.00189257926249272387
    Local Iteration 155: ||V_upper^k - V_upper^k-1||_inf = 0.00608944007644663873, ||V_lower^k - V_lower^k-1||_inf = 0.00181687609199301416
    Local Iteration 156: ||V_upper^k - V_upper^k-1||_inf = 0.00584586247338877291, ||V_lower^k - V_lower^k-1||_inf = 0.00154590215681965799
    Local Iteration 157: ||V_upper^k - V_upper^k-1||_inf = 0.00561202797445322157, ||V_lower^k - V_lower^k-1||_inf = 0.00148406607054687133
    Local Iteration 158: ||V_upper^k - V_upper^k-1||_inf = 0.00538754685547509268, ||V_lower^k - V_lower^k-1||_inf = 0.00142470342772499717
    Local Iteration 159: ||V_upper^k - V_upper^k-1||_inf = 0.00517204498125608831, ||V_lower^k - V_lower^k-1||_inf = 0.00136771529061599680
    Local Iteration 160: ||V_upper^k - V_upper^k-1||_inf = 0.00496516318200584429, ||V_lower^k - V_lower^k-1||_inf = 0.00131300667899135731
    Local Iteration 161: ||V_upper^k - V_upper^k-1||_inf = 0.00476655665472561045, ||V_lower^k - V_lower^k-1||_inf = 0.00109206193048977038
    Local Iteration 162: ||V_upper^k - V_upper^k-1||_inf = 0.00457589438853658621, ||V_lower^k - V_lower^k-1||_inf = 0.00104837945327017953
    Local Iteration 163: ||V_upper^k - V_upper^k-1||_inf = 0.00439285861299512290, ||V_lower^k - V_lower^k-1||_inf = 0.00100644427513937266
    Local Iteration 164: ||V_upper^k - V_upper^k-1||_inf = 0.00421714426847531743, ||V_lower^k - V_lower^k-1||_inf = 0.00096618650413379760
    Local Iteration 165: ||V_upper^k - V_upper^k-1||_inf = 0.00404845849773630487, ||V_lower^k - V_lower^k-1||_inf = 0.00092753904396844587
    Local Iteration 166: ||V_upper^k - V_upper^k-1||_inf = 0.00388652015782685236, ||V_lower^k - V_lower^k-1||_inf = 0.00074738672836215363
    Local Iteration 167: ||V_upper^k - V_upper^k-1||_inf = 0.00373105935151377827, ||V_lower^k - V_lower^k-1||_inf = 0.00071749125922766733
    Local Iteration 168: ||V_upper^k - V_upper^k-1||_inf = 0.00358181697745322668, ||V_lower^k - V_lower^k-1||_inf = 0.00068879160885856015
    Local Iteration 169: ||V_upper^k - V_upper^k-1||_inf = 0.00343854429835509755, ||V_lower^k - V_lower^k-1||_inf = 0.00052940436975831145
    Local Iteration 170: ||V_upper^k - V_upper^k-1||_inf = 0.00330100252642089335, ||V_lower^k - V_lower^k-1||_inf = 0.00050822819496797872
    Local Iteration 171: ||V_upper^k - V_upper^k-1||_inf = 0.00316896242536405734, ||V_lower^k - V_lower^k-1||_inf = 0.00036133691541318956
    Local Iteration 172: ||V_upper^k - V_upper^k-1||_inf = 0.00010182669536916390, ||V_lower^k - V_lower^k-1||_inf = 0.00014720276106943049
    Local Iteration 173: ||V_upper^k - V_upper^k-1||_inf = 0.00009775362755439724, ||V_lower^k - V_lower^k-1||_inf = 0.00014131465062665327
    Local Iteration 174: ||V_upper^k - V_upper^k-1||_inf = 0.00009384348245222132, ||V_lower^k - V_lower^k-1||_inf = 0.00013566206460158704
    Local Iteration 175: ||V_upper^k - V_upper^k-1||_inf = 0.00009008974315413243, ||V_lower^k - V_lower^k-1||_inf = 0.00013023558201752340
    Local Iteration 176: ||V_upper^k - V_upper^k-1||_inf = 0.00008648615342796715, ||V_lower^k - V_lower^k-1||_inf = 0.00012502615873682260
    Local Iteration 177: ||V_upper^k - V_upper^k-1||_inf = 0.00008302670729084844, ||V_lower^k - V_lower^k-1||_inf = 0.00012002511238734959
    Local Iteration 178: ||V_upper^k - V_upper^k-1||_inf = 0.00007970563899921466, ||V_lower^k - V_lower^k-1||_inf = 0.00011522410789185531
    Local Iteration 179: ||V_upper^k - V_upper^k-1||_inf = 0.00007651741343924607, ||V_lower^k - V_lower^k-1||_inf = 0.00011061514357618143
    Local Iteration 180: ||V_upper^k - V_upper^k-1||_inf = 0.00007345671690167622, ||V_lower^k - V_lower^k-1||_inf = 0.00010619053783313430
    Local Iteration 181: ||V_upper^k - V_upper^k-1||_inf = 0.00007051844822560929, ||V_lower^k - V_lower^k-1||_inf = 0.00010194291631980892
    Local Iteration 182: ||V_upper^k - V_upper^k-1||_inf = 0.00006769771029658503, ||V_lower^k - V_lower^k-1||_inf = 0.00009786519966701679
    Local Iteration 183: ||V_upper^k - V_upper^k-1||_inf = 0.00006498980188472171, ||V_lower^k - V_lower^k-1||_inf = 0.00009395059168033600
    Local Iteration 184: ||V_upper^k - V_upper^k-1||_inf = 0.00006239020980933273, ||V_lower^k - V_lower^k-1||_inf = 0.00009016355955118781
    Local Iteration 185: ||V_upper^k - V_upper^k-1||_inf = 0.00005989460141695943, ||V_lower^k - V_lower^k-1||_inf = 0.00008655701716914037
    Local Iteration 186: ||V_upper^k - V_upper^k-1||_inf = 0.00005749881736028103, ||V_lower^k - V_lower^k-1||_inf = 0.00008308530399057414
    Local Iteration 187: ||V_upper^k - V_upper^k-1||_inf = 0.00005519886466586973, ||V_lower^k - V_lower^k-1||_inf = 0.00007976189183095113
    Local Iteration 188: ||V_upper^k - V_upper^k-1||_inf = 0.00005299091007923489, ||V_lower^k - V_lower^k-1||_inf = 0.00007657141615771321
    Local Iteration 189: ||V_upper^k - V_upper^k-1||_inf = 0.00005087127367606561, ||V_lower^k - V_lower^k-1||_inf = 0.00007350855951140478
    Local Iteration 190: ||V_upper^k - V_upper^k-1||_inf = 0.00004883642272902292, ||V_lower^k - V_lower^k-1||_inf = 0.00007056020623595074
    Local Iteration 191: ||V_upper^k - V_upper^k-1||_inf = 0.00004688296581986196, ||V_lower^k - V_lower^k-1||_inf = 0.00006770805592757126
    Local Iteration 192: ||V_upper^k - V_upper^k-1||_inf = 0.00004500764718706751, ||V_lower^k - V_lower^k-1||_inf = 0.00006498506549942320
    Local Iteration 193: ||V_upper^k - V_upper^k-1||_inf = 0.00004320734129958481, ||V_lower^k - V_lower^k-1||_inf = 0.00006238566287944630
    Local Iteration 194: ||V_upper^k - V_upper^k-1||_inf = 0.00004147904764760144, ||V_lower^k - V_lower^k-1||_inf = 0.00005988261441776648
    Local Iteration 195: ||V_upper^k - V_upper^k-1||_inf = 0.00003981988574169740, ||V_lower^k - V_lower^k-1||_inf = 0.00005748165130142085
    Local Iteration 196: ||V_upper^k - V_upper^k-1||_inf = 0.00003822709031202950, ||V_lower^k - V_lower^k-1||_inf = 0.00005517615763044113
    Local Iteration 197: ||V_upper^k - V_upper^k-1||_inf = 0.00003669800669954830, ||V_lower^k - V_lower^k-1||_inf = 0.00005296911132522349
    Local Iteration 198: ||V_upper^k - V_upper^k-1||_inf = 0.00003523008643156636, ||V_lower^k - V_lower^k-1||_inf = 0.00005085034687221462
    Local Iteration 199: ||V_upper^k - V_upper^k-1||_inf = 0.00003382088297430364, ||V_lower^k - V_lower^k-1||_inf = 0.00004880836433040657
    Local Iteration 200: ||V_upper^k - V_upper^k-1||_inf = 0.00003246804765533141, ||V_lower^k - V_lower^k-1||_inf = 0.00004683993548403390
    Local Iteration 201: ||V_upper^k - V_upper^k-1||_inf = 0.00003116932574911816, ||V_lower^k - V_lower^k-1||_inf = 0.00004495102058164500
    Local Iteration 202: ||V_upper^k - V_upper^k-1||_inf = 0.00002992255271915348, ||V_lower^k - V_lower^k-1||_inf = 0.00004314431313094951
    Local Iteration 203: ||V_upper^k - V_upper^k-1||_inf = 0.00002872565061038735, ||V_lower^k - V_lower^k-1||_inf = 0.00004141854060571155
    Local Iteration 204: ||V_upper^k - V_upper^k-1||_inf = 0.00002757662458597189, ||V_lower^k - V_lower^k-1||_inf = 0.00003976179898148311
    Local Iteration 205: ||V_upper^k - V_upper^k-1||_inf = 0.00002647355960253299, ||V_lower^k - V_lower^k-1||_inf = 0.00003817132702222379
    Local Iteration 206: ||V_upper^k - V_upper^k-1||_inf = 0.00002541461721843166, ||V_lower^k - V_lower^k-1||_inf = 0.00003664447394133481
    Local Iteration 207: ||V_upper^k - V_upper^k-1||_inf = 0.00002439803252969440, ||V_lower^k - V_lower^k-1||_inf = 0.00003517869498368136
    Local Iteration 208: ||V_upper^k - V_upper^k-1||_inf = 0.00002342211122850660, ||V_lower^k - V_lower^k-1||_inf = 0.00003377154718433412
    Local Iteration 209: ||V_upper^k - V_upper^k-1||_inf = 0.00002248522677936632, ||V_lower^k - V_lower^k-1||_inf = 0.00003242068529696080
    Local Iteration 210: ||V_upper^k - V_upper^k-1||_inf = 0.00002158581770819165, ||V_lower^k - V_lower^k-1||_inf = 0.00003112385788508229
    Local Iteration 211: ||V_upper^k - V_upper^k-1||_inf = 0.00002072238499986400, ||V_lower^k - V_lower^k-1||_inf = 0.00002986394167989301
    Local Iteration 212: ||V_upper^k - V_upper^k-1||_inf = 0.00001989348959986948, ||V_lower^k - V_lower^k-1||_inf = 0.00002866938401269734
    Local Iteration 213: ||V_upper^k - V_upper^k-1||_inf = 0.00001909775001587469, ||V_lower^k - V_lower^k-1||_inf = 0.00002752260865218951
    Local Iteration 214: ||V_upper^k - V_upper^k-1||_inf = 0.00001833384001523970, ||V_lower^k - V_lower^k-1||_inf = 0.00002642170430610193
    Local Iteration 215: ||V_upper^k - V_upper^k-1||_inf = 0.00001760048641463009, ||V_lower^k - V_lower^k-1||_inf = 0.00002536483613385795
    Local Iteration 216: ||V_upper^k - V_upper^k-1||_inf = 0.00001689646695804485, ||V_lower^k - V_lower^k-1||_inf = 0.00002435024268850365
    Local Iteration 217: ||V_upper^k - V_upper^k-1||_inf = 0.00001622060827972304, ||V_lower^k - V_lower^k-1||_inf = 0.00002337420705290341
    Local Iteration 218: ||V_upper^k - V_upper^k-1||_inf = 0.00001557178394853410, ||V_lower^k - V_lower^k-1||_inf = 0.00002243923877078729
    Local Iteration 219: ||V_upper^k - V_upper^k-1||_inf = 0.00001494891259059270, ||V_lower^k - V_lower^k-1||_inf = 0.00002154166921995574
    Local Iteration 220: ||V_upper^k - V_upper^k-1||_inf = 0.00001435095608696898, ||V_lower^k - V_lower^k-1||_inf = 0.00002068000245115752
    Local Iteration 221: ||V_upper^k - V_upper^k-1||_inf = 0.00001377691784349024, ||V_lower^k - V_lower^k-1||_inf = 0.00001985280235311120
    Local Iteration 222: ||V_upper^k - V_upper^k-1||_inf = 0.00001322584112975060, ||V_lower^k - V_lower^k-1||_inf = 0.00001905869025898676
    Local Iteration 223: ||V_upper^k - V_upper^k-1||_inf = 0.00001269680748456061, ||V_lower^k - V_lower^k-1||_inf = 0.00001828905264400103
    Local Iteration 224: ||V_upper^k - V_upper^k-1||_inf = 0.00001218893518517818, ||V_lower^k - V_lower^k-1||_inf = 0.00001755749053824102
    Local Iteration 225: ||V_upper^k - V_upper^k-1||_inf = 0.00001170137777777104, ||V_lower^k - V_lower^k-1||_inf = 0.00001685519091671140
    Local Iteration 226: ||V_upper^k - V_upper^k-1||_inf = 0.00001123332266666019, ||V_lower^k - V_lower^k-1||_inf = 0.00001618098328004292
    Local Iteration 227: ||V_upper^k - V_upper^k-1||_inf = 0.00001078398975999379, ||V_lower^k - V_lower^k-1||_inf = 0.00001553374394884120
    Local Iteration 228: ||V_upper^k - V_upper^k-1||_inf = 0.00001035263016959404, ||V_lower^k - V_lower^k-1||_inf = 0.00001491239419088751
    Local Iteration 229: ||V_upper^k - V_upper^k-1||_inf = 0.00000993852496281028, ||V_lower^k - V_lower^k-1||_inf = 0.00001431589842325201
    Local Iteration 230: ||V_upper^k - V_upper^k-1||_inf = 0.00000954098396429786, ||V_lower^k - V_lower^k-1||_inf = 0.00001373180964417837
    Local Iteration 231: ||V_upper^k - V_upper^k-1||_inf = 0.00000915934460572594, ||V_lower^k - V_lower^k-1||_inf = 0.00001318253725841125
    Local Iteration 232: ||V_upper^k - V_upper^k-1||_inf = 0.00000879297082149690, ||V_lower^k - V_lower^k-1||_inf = 0.00001265382496348332
    Local Iteration 233: ||V_upper^k - V_upper^k-1||_inf = 0.00000844125198863702, ||V_lower^k - V_lower^k-1||_inf = 0.00001214767196494403
    Local Iteration 234: ||V_upper^k - V_upper^k-1||_inf = 0.00000810360190909155, ||V_lower^k - V_lower^k-1||_inf = 0.00001166176508634627
    Local Iteration 235: ||V_upper^k - V_upper^k-1||_inf = 0.00000777945783272791, ||V_lower^k - V_lower^k-1||_inf = 0.00001119247540330698
    Local Iteration 236: ||V_upper^k - V_upper^k-1||_inf = 0.00000746827951941879, ||V_lower^k - V_lower^k-1||_inf = 0.00001073992642009668
    Local Iteration 237: ||V_upper^k - V_upper^k-1||_inf = 0.00000716954833864206, ||V_lower^k - V_lower^k-1||_inf = 0.00001031032936329280
    Local Iteration 238: ||V_upper^k - V_upper^k-1||_inf = 0.00000688276640509639, ||V_lower^k - V_lower^k-1||_inf = 0.00000989703210654613
    Local Iteration 239: ||V_upper^k - V_upper^k-1||_inf = 0.00000660745574889252, ||V_lower^k - V_lower^k-1||_inf = 0.00000949773132470405
    Local Iteration 240: ||V_upper^k - V_upper^k-1||_inf = 0.00000634315751893682, ||V_lower^k - V_lower^k-1||_inf = 0.00000911144494531582
    Local Iteration 241: ||V_upper^k - V_upper^k-1||_inf = 0.00000608943121817934, ||V_lower^k - V_lower^k-1||_inf = 0.00000874526004992606
    Local Iteration 242: ||V_upper^k - V_upper^k-1||_inf = 0.00000584585396945217, ||V_lower^k - V_lower^k-1||_inf = 0.00000839469204544705
    Local Iteration 243: ||V_upper^k - V_upper^k-1||_inf = 0.00000561201981067408, ||V_lower^k - V_lower^k-1||_inf = 0.00000805439279062028
    Local Iteration 244: ||V_upper^k - V_upper^k-1||_inf = 0.00000538753901824712, ||V_lower^k - V_lower^k-1||_inf = 0.00000772505115585840
    Local Iteration 245: ||V_upper^k - V_upper^k-1||_inf = 0.00000517203745751724, ||V_lower^k - V_lower^k-1||_inf = 0.00000740881518078595
    Local Iteration 246: ||V_upper^k - V_upper^k-1||_inf = 0.00000496515595921655, ||V_lower^k - V_lower^k-1||_inf = 0.00000710525447931965
    Local Iteration 247: ||V_upper^k - V_upper^k-1||_inf = 0.00000476654972084789, ||V_lower^k - V_lower^k-1||_inf = 0.00000681645471200580
    Local Iteration 248: ||V_upper^k - V_upper^k-1||_inf = 0.00000457588773201397, ||V_lower^k - V_lower^k-1||_inf = 0.00000654302219060834
    Local Iteration 249: ||V_upper^k - V_upper^k-1||_inf = 0.00000439285222273340, ||V_lower^k - V_lower^k-1||_inf = 0.00000627767822693887
    Local Iteration 250: ||V_upper^k - V_upper^k-1||_inf = 0.00000421713813382407, ||V_lower^k - V_lower^k-1||_inf = 0.00000602440262399855
    Local Iteration 251: ||V_upper^k - V_upper^k-1||_inf = 0.00000404845260847110, ||V_lower^k - V_lower^k-1||_inf = 0.00000578258917463962
    Local Iteration 252: ||V_upper^k - V_upper^k-1||_inf = 0.00000388651450413225, ||V_lower^k - V_lower^k-1||_inf = 0.00000553611607585265
    Local Iteration 253: ||V_upper^k - V_upper^k-1||_inf = 0.00000373105392396696, ||V_lower^k - V_lower^k-1||_inf = 0.00000531467143281855
    Local Iteration 254: ||V_upper^k - V_upper^k-1||_inf = 0.00000358181176700829, ||V_lower^k - V_lower^k-1||_inf = 0.00000510052604934269
    Local Iteration 255: ||V_upper^k - V_upper^k-1||_inf = 0.00000343853929632796, ||V_lower^k - V_lower^k-1||_inf = 0.00000489602161854805
    Local Iteration 256: ||V_upper^k - V_upper^k-1||_inf = 0.00000330099772447485, ||V_lower^k - V_lower^k-1||_inf = 0.00000469776806094550
    Local Iteration 257: ||V_upper^k - V_upper^k-1||_inf = 0.00000316895781549585, ||V_lower^k - V_lower^k-1||_inf = 0.00000450863072443091
    Local Iteration 258: ||V_upper^k - V_upper^k-1||_inf = 0.00000304219950287601, ||V_lower^k - V_lower^k-1||_inf = 0.00000432828549545368
    Local Iteration 259: ||V_upper^k - V_upper^k-1||_inf = 0.00000292051152276098, ||V_lower^k - V_lower^k-1||_inf = 0.00000415515407563554
    Local Iteration 260: ||V_upper^k - V_upper^k-1||_inf = 0.00000280369106185053, ||V_lower^k - V_lower^k-1||_inf = 0.00000398894791261012
    Local Iteration 261: ||V_upper^k - V_upper^k-1||_inf = 0.00000269154341937651, ||V_lower^k - V_lower^k-1||_inf = 0.00000382938999610572
    Local Iteration 262: ||V_upper^k - V_upper^k-1||_inf = 0.00000258388168260145, ||V_lower^k - V_lower^k-1||_inf = 0.00000367621439626148
    Local Iteration 263: ||V_upper^k - V_upper^k-1||_inf = 0.00000248052641529739, ||V_lower^k - V_lower^k-1||_inf = 0.00000352916582041102
    Local Iteration 264: ||V_upper^k - V_upper^k-1||_inf = 0.00000238130535868549, ||V_lower^k - V_lower^k-1||_inf = 0.00000338443281617574
    Local Iteration 265: ||V_upper^k - V_upper^k-1||_inf = 0.00000228605314433807, ||V_lower^k - V_lower^k-1||_inf = 0.00000324571032425539
    Local Iteration 266: ||V_upper^k - V_upper^k-1||_inf = 0.00000219461101856455, ||V_lower^k - V_lower^k-1||_inf = 0.00000311273465668726
    Local Iteration 267: ||V_upper^k - V_upper^k-1||_inf = 0.00000210682657782197, ||V_lower^k - V_lower^k-1||_inf = 0.00000298822527041977
    Local Iteration 268: ||V_upper^k - V_upper^k-1||_inf = 0.00000202255351470909, ||V_lower^k - V_lower^k-1||_inf = 0.00000286736741257042
    Local Iteration 269: ||V_upper^k - V_upper^k-1||_inf = 0.00000194165137412072, ||V_lower^k - V_lower^k-1||_inf = 0.00000275064434308973
    Local Iteration 270: ||V_upper^k - V_upper^k-1||_inf = 0.00000186398531915589, ||V_lower^k - V_lower^k-1||_inf = 0.00000264061856936614
    Local Iteration 271: ||V_upper^k - V_upper^k-1||_inf = 0.00000178942590638965, ||V_lower^k - V_lower^k-1||_inf = 0.00000253285788500554
    Local Iteration 272: ||V_upper^k - V_upper^k-1||_inf = 0.00000171784887013407, ||V_lower^k - V_lower^k-1||_inf = 0.00000243154356960531
    Local Iteration 273: ||V_upper^k - V_upper^k-1||_inf = 0.00000164913491532871, ||V_lower^k - V_lower^k-1||_inf = 0.00000233428182682110
    Local Iteration 274: ||V_upper^k - V_upper^k-1||_inf = 0.00000158316951871556, ||V_lower^k - V_lower^k-1||_inf = 0.00000224032335241890
    Local Iteration 275: ||V_upper^k - V_upper^k-1||_inf = 0.00000151984273796694, ||V_lower^k - V_lower^k-1||_inf = 0.00000215071041832214
    Local Iteration 276: ||V_upper^k - V_upper^k-1||_inf = 0.00000145904902844826, ||V_lower^k - V_lower^k-1||_inf = 0.00000206468200158926
    Local Iteration 277: ||V_upper^k - V_upper^k-1||_inf = 0.00000140068706731033, ||V_lower^k - V_lower^k-1||_inf = 0.00000198209472152570
    Local Iteration 278: ||V_upper^k - V_upper^k-1||_inf = 0.00000134465958461792, ||V_lower^k - V_lower^k-1||_inf = 0.00000190182683636314
    Local Iteration 279: ||V_upper^k - V_upper^k-1||_inf = 0.00000129087320123320, ||V_lower^k - V_lower^k-1||_inf = 0.00000182555047107145
    Local Iteration 280: ||V_upper^k - V_upper^k-1||_inf = 0.00000123923827318387, ||V_lower^k - V_lower^k-1||_inf = 0.00000175252845222860
    Local Iteration 281: ||V_upper^k - V_upper^k-1||_inf = 0.00000118966874225652, ||V_lower^k - V_lower^k-1||_inf = 0.00000168242731413945
    Local Iteration 282: ||V_upper^k - V_upper^k-1||_inf = 0.00000114208199256626, ||V_lower^k - V_lower^k-1||_inf = 0.00000161436899758534
    Local Iteration 283: ||V_upper^k - V_upper^k-1||_inf = 0.00000109639871286361, ||V_lower^k - V_lower^k-1||_inf = 0.00000154924988004794
    Local Iteration 284: ||V_upper^k - V_upper^k-1||_inf = 0.00000105164714189655, ||V_lower^k - V_lower^k-1||_inf = 0.00000148607398389270
    Local Iteration 285: ||V_upper^k - V_upper^k-1||_inf = 0.00000100958125622069, ||V_lower^k - V_lower^k-1||_inf = 0.00000142606459412803
    Local Iteration 286: ||V_upper^k - V_upper^k-1||_inf = 0.00000096919800597186, ||V_lower^k - V_lower^k-1||_inf = 0.00000136869858424806
    Local Iteration 287: ||V_upper^k - V_upper^k-1||_inf = 0.00000093043008573299, ||V_lower^k - V_lower^k-1||_inf = 0.00000131299819277420
    Local Iteration 288: ||V_upper^k - V_upper^k-1||_inf = 0.00000089321288230367, ||V_lower^k - V_lower^k-1||_inf = 0.00000126023111890351
    Local Iteration 289: ||V_upper^k - V_upper^k-1||_inf = 0.00000085748436701152, ||V_lower^k - V_lower^k-1||_inf = 0.00000120982187414737
    Local Iteration 290: ||V_upper^k - V_upper^k-1||_inf = 0.00000082318499233106, ||V_lower^k - V_lower^k-1||_inf = 0.00000116142899918147
    Local Iteration 291: ||V_upper^k - V_upper^k-1||_inf = 0.00000079025759263782, ||V_lower^k - V_lower^k-1||_inf = 0.00000111497183921421
    Local Iteration 292: ||V_upper^k - V_upper^k-1||_inf = 0.00000075864728893231, ||V_lower^k - V_lower^k-1||_inf = 0.00000106986679664656
    Local Iteration 293: ||V_upper^k - V_upper^k-1||_inf = 0.00000072830139737501, ||V_lower^k - V_lower^k-1||_inf = 0.00000102707212478070
    Local Iteration 294: ||V_upper^k - V_upper^k-1||_inf = 0.00000069916934148001, ||V_lower^k - V_lower^k-1||_inf = 0.00000098598923978947
    Local Iteration 295: ||V_upper^k - V_upper^k-1||_inf = 0.00000067120256782081, ||V_lower^k - V_lower^k-1||_inf = 0.00000094644326497412
    Local Iteration 296: ||V_upper^k - V_upper^k-1||_inf = 0.00000064435446510798, ||V_lower^k - V_lower^k-1||_inf = 0.00000090850027162542
    Local Iteration 297: ||V_upper^k - V_upper^k-1||_inf = 0.00000061858028650366, ||V_lower^k - V_lower^k-1||_inf = 0.00000087182301984920
    Local Iteration 298: ||V_upper^k - V_upper^k-1||_inf = 0.00000059383707504351, ||V_lower^k - V_lower^k-1||_inf = 0.00000083666354949534
    Local Iteration 299: ||V_upper^k - V_upper^k-1||_inf = 0.00000057008359204177, ||V_lower^k - V_lower^k-1||_inf = 0.00000080319700751552
    Local Iteration 300: ||V_upper^k - V_upper^k-1||_inf = 0.00000054728024836010, ||V_lower^k - V_lower^k-1||_inf = 0.00000077106912721490
    Local Iteration 301: ||V_upper^k - V_upper^k-1||_inf = 0.00000052538903842570, ||V_lower^k - V_lower^k-1||_inf = 0.00000074022636212631
    Local Iteration 302: ||V_upper^k - V_upper^k-1||_inf = 0.00000050437347688867, ||V_lower^k - V_lower^k-1||_inf = 0.00000071061730764126
    Local Iteration 303: ||V_upper^k - V_upper^k-1||_inf = 0.00000048419853781312, ||V_lower^k - V_lower^k-1||_inf = 0.00000068219261533561
    Local Iteration 304: ||V_upper^k - V_upper^k-1||_inf = 0.00000046483059630060, ||V_lower^k - V_lower^k-1||_inf = 0.00000065490491072218
    Local Iteration 305: ||V_upper^k - V_upper^k-1||_inf = 0.00000044623737244857, ||V_lower^k - V_lower^k-1||_inf = 0.00000062870871429329
    Local Iteration 306: ||V_upper^k - V_upper^k-1||_inf = 0.00000042838787755063, ||V_lower^k - V_lower^k-1||_inf = 0.00000060356036572156
    Local Iteration 307: ||V_upper^k - V_upper^k-1||_inf = 0.00000041125236244861, ||V_lower^k - V_lower^k-1||_inf = 0.00000057939354875457
    Local Iteration 308: ||V_upper^k - V_upper^k-1||_inf = 0.00000039480226795066, ||V_lower^k - V_lower^k-1||_inf = 0.00000055621780680438
    Local Iteration 309: ||V_upper^k - V_upper^k-1||_inf = 0.00000037901017723263, ||V_lower^k - V_lower^k-1||_inf = 0.00000053382391951780
    Local Iteration 310: ||V_upper^k - V_upper^k-1||_inf = 0.00000036384977014333, ||V_lower^k - V_lower^k-1||_inf = 0.00000051245702715743
    Local Iteration 311: ||V_upper^k - V_upper^k-1||_inf = 0.00000034929577933760, ||V_lower^k - V_lower^k-1||_inf = 0.00000049195874607113
    Local Iteration 312: ||V_upper^k - V_upper^k-1||_inf = 0.00000033532394816409, ||V_lower^k - V_lower^k-1||_inf = 0.00000047200054878648
    Local Iteration 313: ||V_upper^k - V_upper^k-1||_inf = 0.00000032191099023753, ||V_lower^k - V_lower^k-1||_inf = 0.00000045312052683502
    Local Iteration 314: ||V_upper^k - V_upper^k-1||_inf = 0.00000030903455062803, ||V_lower^k - V_lower^k-1||_inf = 0.00000043499570576162
    Local Iteration 315: ||V_upper^k - V_upper^k-1||_inf = 0.00000029667316860291, ||V_lower^k - V_lower^k-1||_inf = 0.00000041759587753116
    Local Iteration 316: ||V_upper^k - V_upper^k-1||_inf = 0.00000028480624185879, ||V_lower^k - V_lower^k-1||_inf = 0.00000040089204242991
    Local Iteration 317: ||V_upper^k - V_upper^k-1||_inf = 0.00000027341399218444, ||V_lower^k - V_lower^k-1||_inf = 0.00000038485636073271
    Local Iteration 318: ||V_upper^k - V_upper^k-1||_inf = 0.00000026247743249706, ||V_lower^k - V_lower^k-1||_inf = 0.00000036946210630341
    Local Iteration 319: ||V_upper^k - V_upper^k-1||_inf = 0.00000025197833519718, ||V_lower^k - V_lower^k-1||_inf = 0.00000035468362205127
    Local Iteration 320: ||V_upper^k - V_upper^k-1||_inf = 0.00000024189920178929, ||V_lower^k - V_lower^k-1||_inf = 0.00000034049627716922
    Local Iteration 321: ||V_upper^k - V_upper^k-1||_inf = 0.00000023222323371772, ||V_lower^k - V_lower^k-1||_inf = 0.00000032687642608245
    Local Iteration 322: ||V_upper^k - V_upper^k-1||_inf = 0.00000022293430436901, ||V_lower^k - V_lower^k-1||_inf = 0.00000031380136903915
    Local Iteration 323: ||V_upper^k - V_upper^k-1||_inf = 0.00000021401693219425, ||V_lower^k - V_lower^k-1||_inf = 0.00000030124931427759
    Local Iteration 324: ||V_upper^k - V_upper^k-1||_inf = 0.00000020545625490648, ||V_lower^k - V_lower^k-1||_inf = 0.00000028919934170648
    Local Iteration 325: ||V_upper^k - V_upper^k-1||_inf = 0.00000019723800471022, ||V_lower^k - V_lower^k-1||_inf = 0.00000027763136803822
    Local Iteration 326: ||V_upper^k - V_upper^k-1||_inf = 0.00000018934848452181, ||V_lower^k - V_lower^k-1||_inf = 0.00000026652611331670
    Local Iteration 327: ||V_upper^k - V_upper^k-1||_inf = 0.00000018177454514094, ||V_lower^k - V_lower^k-1||_inf = 0.00000025586506878403
    Local Iteration 328: ||V_upper^k - V_upper^k-1||_inf = 0.00000017450356333530, ||V_lower^k - V_lower^k-1||_inf = 0.00000024563046603267
    Local Iteration 329: ||V_upper^k - V_upper^k-1||_inf = 0.00000016752342080189, ||V_lower^k - V_lower^k-1||_inf = 0.00000023580524739136
    Local Iteration 330: ||V_upper^k - V_upper^k-1||_inf = 0.00000016082248396981, ||V_lower^k - V_lower^k-1||_inf = 0.00000022637303749571
    Local Iteration 331: ||V_upper^k - V_upper^k-1||_inf = 0.00000015438958461102, ||V_lower^k - V_lower^k-1||_inf = 0.00000021731811599588
    Local Iteration 332: ||V_upper^k - V_upper^k-1||_inf = 0.00000014821400122658, ||V_lower^k - V_lower^k-1||_inf = 0.00000020862539135604
    Local Iteration 333: ||V_upper^k - V_upper^k-1||_inf = 0.00000014228544117752, ||V_lower^k - V_lower^k-1||_inf = 0.00000020028037570180
    Local Iteration 334: ||V_upper^k - V_upper^k-1||_inf = 0.00000013659402353042, ||V_lower^k - V_lower^k-1||_inf = 0.00000019221469499815
    Local Iteration 335: ||V_upper^k - V_upper^k-1||_inf = 0.00000013113026258920, ||V_lower^k - V_lower^k-1||_inf = 0.00000018452610719823
    Local Iteration 336: ||V_upper^k - V_upper^k-1||_inf = 0.00000012588505208563, ||V_lower^k - V_lower^k-1||_inf = 0.00000017714506291030
    Local Iteration 337: ||V_upper^k - V_upper^k-1||_inf = 0.00000012084965000221, ||V_lower^k - V_lower^k-1||_inf = 0.00000017005926039389
    Local Iteration 338: ||V_upper^k - V_upper^k-1||_inf = 0.00000011601566400212, ||V_lower^k - V_lower^k-1||_inf = 0.00000016325688997813
    Local Iteration 339: ||V_upper^k - V_upper^k-1||_inf = 0.00000011137503744203, ||V_lower^k - V_lower^k-1||_inf = 0.00000015672661437901
    Local Iteration 340: ||V_upper^k - V_upper^k-1||_inf = 0.00000010692003594435, ||V_lower^k - V_lower^k-1||_inf = 0.00000015045754980385
    Local Iteration 341: ||V_upper^k - V_upper^k-1||_inf = 0.00000010264323450658, ||V_lower^k - V_lower^k-1||_inf = 0.00000014443924781169
    Local Iteration 342: ||V_upper^k - V_upper^k-1||_inf = 0.00000009853750512631, ||V_lower^k - V_lower^k-1||_inf = 0.00000013866167789922
    Local Iteration 343: ||V_upper^k - V_upper^k-1||_inf = 0.00000009459600492126, ||V_lower^k - V_lower^k-1||_inf = 0.00000013311521078325
    Local Iteration 344: ||V_upper^k - V_upper^k-1||_inf = 0.00000009081216472441, ||V_lower^k - V_lower^k-1||_inf = 0.00000012779060235192
    Local Iteration 345: ||V_upper^k - V_upper^k-1||_inf = 0.00000008717967813544, ||V_lower^k - V_lower^k-1||_inf = 0.00000012267897825785
    Local Iteration 346: ||V_upper^k - V_upper^k-1||_inf = 0.00000008369249101002, ||V_lower^k - V_lower^k-1||_inf = 0.00000011777181912753
    Local Iteration 347: ||V_upper^k - V_upper^k-1||_inf = 0.00000008034479136962, ||V_lower^k - V_lower^k-1||_inf = 0.00000011306094636243
    Local Iteration 348: ||V_upper^k - V_upper^k-1||_inf = 0.00000007713099971483, ||V_lower^k - V_lower^k-1||_inf = 0.00000010853850850793
    Local Iteration 349: ||V_upper^k - V_upper^k-1||_inf = 0.00000007404575972624, ||V_lower^k - V_lower^k-1||_inf = 0.00000010419358804650
    Local Iteration 350: ||V_upper^k - V_upper^k-1||_inf = 0.00000007108392933719, ||V_lower^k - V_lower^k-1||_inf = 0.00000010002584452464
    Local Iteration 351: ||V_upper^k - V_upper^k-1||_inf = 0.00000006824057216370, ||V_lower^k - V_lower^k-1||_inf = 0.00000009602481074365
    Local Iteration 352: ||V_upper^k - V_upper^k-1||_inf = 0.00000006551094927715, ||V_lower^k - V_lower^k-1||_inf = 0.00000009218381831391
    Local Iteration 353: ||V_upper^k - V_upper^k-1||_inf = 0.00000006289051130607, ||V_lower^k - V_lower^k-1||_inf = 0.00000008849646558135
    Local Iteration 354: ||V_upper^k - V_upper^k-1||_inf = 0.00000006037489085382, ||V_lower^k - V_lower^k-1||_inf = 0.00000008495660695810
    Local Iteration 355: ||V_upper^k - V_upper^k-1||_inf = 0.00000005795989521967, ||V_lower^k - V_lower^k-1||_inf = 0.00000008155834267977
    Local Iteration 356: ||V_upper^k - V_upper^k-1||_inf = 0.00000005564149941088, ||V_lower^k - V_lower^k-1||_inf = 0.00000007829600897258
    Local Iteration 357: ||V_upper^k - V_upper^k-1||_inf = 0.00000005341583943445, ||V_lower^k - V_lower^k-1||_inf = 0.00000007516416861368
    Local Iteration 358: ||V_upper^k - V_upper^k-1||_inf = 0.00000005127920585707, ||V_lower^k - V_lower^k-1||_inf = 0.00000007215760186913
    Local Iteration 359: ||V_upper^k - V_upper^k-1||_inf = 0.00000004922803762279, ||V_lower^k - V_lower^k-1||_inf = 0.00000006927129779437
    Local Iteration 360: ||V_upper^k - V_upper^k-1||_inf = 0.00000004725891611788, ||V_lower^k - V_lower^k-1||_inf = 0.00000006650044588259
    Local Iteration 361: ||V_upper^k - V_upper^k-1||_inf = 0.00000004536855947316, ||V_lower^k - V_lower^k-1||_inf = 0.00000006384042804729
    Local Iteration 362: ||V_upper^k - V_upper^k-1||_inf = 0.00000004355381709424, ||V_lower^k - V_lower^k-1||_inf = 0.00000006128681092540
    Local Iteration 363: ||V_upper^k - V_upper^k-1||_inf = 0.00000004181166441047, ||V_lower^k - V_lower^k-1||_inf = 0.00000005883533848838
    Local Iteration 364: ||V_upper^k - V_upper^k-1||_inf = 0.00000004013919783405, ||V_lower^k - V_lower^k-1||_inf = 0.00000005648192494884
    Local Iteration 365: ||V_upper^k - V_upper^k-1||_inf = 0.00000003853362992069, ||V_lower^k - V_lower^k-1||_inf = 0.00000005422264795089
    Local Iteration 366: ||V_upper^k - V_upper^k-1||_inf = 0.00000003699228472386, ||V_lower^k - V_lower^k-1||_inf = 0.00000005205374203286
    Local Iteration 367: ||V_upper^k - V_upper^k-1||_inf = 0.00000003551259333490, ||V_lower^k - V_lower^k-1||_inf = 0.00000004997159235154
    Local Iteration 368: ||V_upper^k - V_upper^k-1||_inf = 0.00000003409208960151, ||V_lower^k - V_lower^k-1||_inf = 0.00000004797272865748
    Local Iteration 369: ||V_upper^k - V_upper^k-1||_inf = 0.00000003272840601745, ||V_lower^k - V_lower^k-1||_inf = 0.00000004605381951118
    Local Iteration 370: ||V_upper^k - V_upper^k-1||_inf = 0.00000003141926977675, ||V_lower^k - V_lower^k-1||_inf = 0.00000004421166673073
    Local Iteration 371: ||V_upper^k - V_upper^k-1||_inf = 0.00000003016249898568, ||V_lower^k - V_lower^k-1||_inf = 0.00000004244320006150
    Local Iteration 372: ||V_upper^k - V_upper^k-1||_inf = 0.00000002895599902625, ||V_lower^k - V_lower^k-1||_inf = 0.00000004074547205904
    Local Iteration 373: ||V_upper^k - V_upper^k-1||_inf = 0.00000002779775906520, ||V_lower^k - V_lower^k-1||_inf = 0.00000003911565317668
    Local Iteration 374: ||V_upper^k - V_upper^k-1||_inf = 0.00000002668584870259, ||V_lower^k - V_lower^k-1||_inf = 0.00000003755102704961
    Local Iteration 375: ||V_upper^k - V_upper^k-1||_inf = 0.00000002561841475449, ||V_lower^k - V_lower^k-1||_inf = 0.00000003604898596763
    Local Iteration 376: ||V_upper^k - V_upper^k-1||_inf = 0.00000002459367816431, ||V_lower^k - V_lower^k-1||_inf = 0.00000003460702652892
    Local Iteration 377: ||V_upper^k - V_upper^k-1||_inf = 0.00000002360993103774, ||V_lower^k - V_lower^k-1||_inf = 0.00000003322274546777
    Local Iteration 378: ||V_upper^k - V_upper^k-1||_inf = 0.00000002266553379623, ||V_lower^k - V_lower^k-1||_inf = 0.00000003189383564906
    Local Iteration 379: ||V_upper^k - V_upper^k-1||_inf = 0.00000002175891244438, ||V_lower^k - V_lower^k-1||_inf = 0.00000003061808222309
    Local Iteration 380: ||V_upper^k - V_upper^k-1||_inf = 0.00000002088855594660, ||V_lower^k - V_lower^k-1||_inf = 0.00000002939335893417
    Local Iteration 381: ||V_upper^k - V_upper^k-1||_inf = 0.00000002005301370874, ||V_lower^k - V_lower^k-1||_inf = 0.00000002821762457680
    Local Iteration 382: ||V_upper^k - V_upper^k-1||_inf = 0.00000001925089316039, ||V_lower^k - V_lower^k-1||_inf = 0.00000002708891959373
    Local Iteration 383: ||V_upper^k - V_upper^k-1||_inf = 0.00000001848085743397, ||V_lower^k - V_lower^k-1||_inf = 0.00000002600536280998
    Local Iteration 384: ||V_upper^k - V_upper^k-1||_inf = 0.00000001774162313662, ||V_lower^k - V_lower^k-1||_inf = 0.00000002496514829758
    Local Iteration 385: ||V_upper^k - V_upper^k-1||_inf = 0.00000001703195821115, ||V_lower^k - V_lower^k-1||_inf = 0.00000002396654236568
    Local Iteration 386: ||V_upper^k - V_upper^k-1||_inf = 0.00000001635067988271, ||V_lower^k - V_lower^k-1||_inf = 0.00000002300788067105
    Local Iteration 387: ||V_upper^k - V_upper^k-1||_inf = 0.00000001569665268740, ||V_lower^k - V_lower^k-1||_inf = 0.00000002208756544421
    Local Iteration 388: ||V_upper^k - V_upper^k-1||_inf = 0.00000001506878657990, ||V_lower^k - V_lower^k-1||_inf = 0.00000002120406282644
    Local Iteration 389: ||V_upper^k - V_upper^k-1||_inf = 0.00000001446603511671, ||V_lower^k - V_lower^k-1||_inf = 0.00000002035590031338
    Local Iteration 390: ||V_upper^k - V_upper^k-1||_inf = 0.00000001388739371204, ||V_lower^k - V_lower^k-1||_inf = 0.00000001954166430085
    Local Iteration 391: ||V_upper^k - V_upper^k-1||_inf = 0.00000001333189796356, ||V_lower^k - V_lower^k-1||_inf = 0.00000001875999772882
    Local Iteration 392: ||V_upper^k - V_upper^k-1||_inf = 0.00000001279862204501, ||V_lower^k - V_lower^k-1||_inf = 0.00000001800959781966
    Local Iteration 393: ||V_upper^k - V_upper^k-1||_inf = 0.00000001228667716321, ||V_lower^k - V_lower^k-1||_inf = 0.00000001728921390688
    Local Iteration 394: ||V_upper^k - V_upper^k-1||_inf = 0.00000001179521007668, ||V_lower^k - V_lower^k-1||_inf = 0.00000001659764535060
    Local Iteration 395: ||V_upper^k - V_upper^k-1||_inf = 0.00000001132340167362, ||V_lower^k - V_lower^k-1||_inf = 0.00000001593373953658
    Local Iteration 396: ||V_upper^k - V_upper^k-1||_inf = 0.00000001087046560667, ||V_lower^k - V_lower^k-1||_inf = 0.00000001529638995511
    Local Iteration 397: ||V_upper^k - V_upper^k-1||_inf = 0.00000001043564698241, ||V_lower^k - V_lower^k-1||_inf = 0.00000001468453435691
    Local Iteration 398: ||V_upper^k - V_upper^k-1||_inf = 0.00000001001822110311, ||V_lower^k - V_lower^k-1||_inf = 0.00000001409715298263
    Local Iteration 399: ||V_upper^k - V_upper^k-1||_inf = 0.00000000961749225898, ||V_lower^k - V_lower^k-1||_inf = 0.00000001353326686333
    Local Iteration 400: ||V_upper^k - V_upper^k-1||_inf = 0.00000000923279256863, ||V_lower^k - V_lower^k-1||_inf = 0.00000001299193618879
    Local Iteration 401: ||V_upper^k - V_upper^k-1||_inf = 0.00000000886348086588, ||V_lower^k - V_lower^k-1||_inf = 0.00000001247225874124
    Local Iteration 402: ||V_upper^k - V_upper^k-1||_inf = 0.00000000850894163125, ||V_lower^k - V_lower^k-1||_inf = 0.00000001197336839159
    Local Iteration 403: ||V_upper^k - V_upper^k-1||_inf = 0.00000000816858396600, ||V_lower^k - V_lower^k-1||_inf = 0.00000001149443365593
    Local Iteration 404: ||V_upper^k - V_upper^k-1||_inf = 0.00000000784184060736, ||V_lower^k - V_lower^k-1||_inf = 0.00000001103465630969
    Local Iteration 405: ||V_upper^k - V_upper^k-1||_inf = 0.00000000752816698306, ||V_lower^k - V_lower^k-1||_inf = 0.00000001059327005730
    Local Iteration 406: ||V_upper^k - V_upper^k-1||_inf = 0.00000000722704030374, ||V_lower^k - V_lower^k-1||_inf = 0.00000001016953925501
    Local Iteration 407: ||V_upper^k - V_upper^k-1||_inf = 0.00000000693795869159, ||V_lower^k - V_lower^k-1||_inf = 0.00000000976275768481

==================================================
 LOCAL CONVERGENCE ACHIEVED
==================================================
  ||V_upper^k - V_upper^k-1||_inf = 6.93795869158931096933e-09 < tolerance = 1e-08
  ||V_lower^k - V_lower^k-1||_inf = 9.76275768481192169933e-09 < tolerance = 1e-08
  Converged in 407 iterations
  V_lower increased from min(l_lower, r_lower); smallest step 0.000e+00
    Local VI completed in 407 iterations
    Final convergence values:
      ||V_upper^final - V_upper^prev||_inf = 6.93795869e-09
      ||V_lower^final - V_lower^prev||_inf = 9.76275768e-09
  Local VI completed in 407 iterations, time: 102.060s
    Final ||V_upper^k - V_upper^k-1||_inf = 6.93795869158931096933e-09
    Final ||V_lower^k - V_lower^k-1||_inf = 9.76275768481192169933e-09
  Saved visualization: /Users/i.k.tabbara/Documents/python directory/HSCC_2027/refactored_Implementations/results_hscc_2027_modified_init/ra_discount/van_der_pol_res40_eps0.001_dmin1e-08_dmax1e-08_gamma0.96_dt0.01_tau0.01_std/value_function_phase_16_complete.png
  Phase 16 completed in 160.42s with 53365496 leaf cells

Classification after phase 16:
  Safe:          5152152 cells (  9.7%),   28.1% of state space
  Unsafe:        2406936 cells (  4.5%),   28.2% of state space
  Unclassified: 45806408 cells ( 85.8%),   43.7% of state space

======================================================================
REFINEMENT PHASE 17
======================================================================
Boundary cells: 45806408
  Refinable (>eta_min=0.000354): 45806408
  Below threshold: 0
  Cumulative refined: 53363896
  Refinable cell size statistics:
    Max:    0.000566
    Mean:   0.000566
    Min:    0.000566
    Median: 0.000566
  Refining 45806408 cells...
    Refined: 45806408 parent cells
    Created: 91612816 child cells
    Total cells: 99171904
    Refinement time: 7.063s
    Cumulative refined: 99170304
  Rebuilding spatial index...
  Building spatial index for 99171904 cells...
   Spatial index built in 88.83s
    Spatial index rebuilt in 88.833s
  Initializing 91612816 new cells...
  Initializing 91612816 new cells in parallel...
   Initialized in 7.84s (11681737.2 cells/s)
    Initialization completed in 7.844s
  Starting local value iteration...
  Reinitializing ALL 99171904 cells (V_lower = min(l, r), V_upper = l)
   Reinitialized 99171904 cells in 14.14s (7015923.3 cells/s)
  Local VI: updating all 99171904 cells
    Conservative mode: False
    Convergence tolerance: 1e-08
    Max iterations: 20000
    Updating successor cache for 91612816 updated cells...
    Updating successor cache for 91612816 new cells (HYBRID)...
      Affected cells: 91624862
   Trajectories + spatial queries computed in 43.43s (2109764.4 tasks/s)
    Breakdown: 54.1% ODE, 45.9% queries
     Cache updated in 142.98s (640809.7 tasks/s)
    Local Iteration   1: ||V_upper^k - V_upper^k-1||_inf = 4.08968913564991254361, ||V_lower^k - V_lower^k-1||_inf = 3.99484477945168681146
    Local Iteration   2: ||V_upper^k - V_upper^k-1||_inf = 3.80896525035328537001, ||V_lower^k - V_lower^k-1||_inf = 3.71362286890487425239
    Local Iteration   3: ||V_upper^k - V_upper^k-1||_inf = 3.55917803769511831291, ||V_lower^k - V_lower^k-1||_inf = 3.48878040110247589212
    Local Iteration   4: ||V_upper^k - V_upper^k-1||_inf = 3.32577992813652123516, ||V_lower^k - V_lower^k-1||_inf = 3.25776127393884529226
    Local Iteration   5: ||V_upper^k - V_upper^k-1||_inf = 3.11842335679553039895, ||V_lower^k - V_lower^k-1||_inf = 3.07007722666910876086
    Local Iteration   6: ||V_upper^k - V_upper^k-1||_inf = 2.93417459038568972929, ||V_lower^k - V_lower^k-1||_inf = 2.87882320325655438609
    Local Iteration   7: ||V_upper^k - V_upper^k-1||_inf = 2.75213777916642898802, ||V_lower^k - V_lower^k-1||_inf = 2.71505301479622573879
    Local Iteration   8: ||V_upper^k - V_upper^k-1||_inf = 2.59058560169354556990, ||V_lower^k - V_lower^k-1||_inf = 2.57861667739507582908
    Local Iteration   9: ||V_upper^k - V_upper^k-1||_inf = 2.43208842647777778723, ||V_lower^k - V_lower^k-1||_inf = 2.40712110829653047617
    Local Iteration  10: ||V_upper^k - V_upper^k-1||_inf = 2.26730758388096198530, ||V_lower^k - V_lower^k-1||_inf = 2.26670430587138804768
    Local Iteration  11: ||V_upper^k - V_upper^k-1||_inf = 2.17661528052572350589, ||V_lower^k - V_lower^k-1||_inf = 2.12223399332541928786
    Local Iteration  12: ||V_upper^k - V_upper^k-1||_inf = 2.08955066930469435249, ||V_lower^k - V_lower^k-1||_inf = 1.98562860396246154693
    Local Iteration  13: ||V_upper^k - V_upper^k-1||_inf = 2.00596864253250650734, ||V_lower^k - V_lower^k-1||_inf = 1.85809246218690082841
    Local Iteration  14: ||V_upper^k - V_upper^k-1||_inf = 1.92572989683120621152, ||V_lower^k - V_lower^k-1||_inf = 1.77911241472572445588
    Local Iteration  15: ||V_upper^k - V_upper^k-1||_inf = 1.84870070095795790976, ||V_lower^k - V_lower^k-1||_inf = 1.68963053836084542425
    Local Iteration  16: ||V_upper^k - V_upper^k-1||_inf = 1.77475267291963945127, ||V_lower^k - V_lower^k-1||_inf = 1.61158313454672130760
    Local Iteration  17: ||V_upper^k - V_upper^k-1||_inf = 1.70376256600285391762, ||V_lower^k - V_lower^k-1||_inf = 1.53269132444617994793
    Local Iteration  18: ||V_upper^k - V_upper^k-1||_inf = 1.63561206336273978756, ||V_lower^k - V_lower^k-1||_inf = 1.47036130992303060161
    Local Iteration  19: ||V_upper^k - V_upper^k-1||_inf = 1.57018758082822995625, ||V_lower^k - V_lower^k-1||_inf = 1.40770214279293348625
    Local Iteration  20: ||V_upper^k - V_upper^k-1||_inf = 1.50738007759510095340, ||V_lower^k - V_lower^k-1||_inf = 1.32457889328943378970
    Local Iteration  21: ||V_upper^k - V_upper^k-1||_inf = 1.44708487449129674651, ||V_lower^k - V_lower^k-1||_inf = 1.27157747110814933755
    Local Iteration  22: ||V_upper^k - V_upper^k-1||_inf = 1.38920147951164496547, ||V_lower^k - V_lower^k-1||_inf = 1.22071437226382339958
    Local Iteration  23: ||V_upper^k - V_upper^k-1||_inf = 1.33363342033117904251, ||V_lower^k - V_lower^k-1||_inf = 1.15369938457462417603
    Local Iteration  24: ||V_upper^k - V_upper^k-1||_inf = 1.28028808351793177422, ||V_lower^k - V_lower^k-1||_inf = 1.10504305415679482394
    Local Iteration  25: ||V_upper^k - V_upper^k-1||_inf = 1.22907656017721444996, ||V_lower^k - V_lower^k-1||_inf = 1.06081040975401652560
    Local Iteration  26: ||V_upper^k - V_upper^k-1||_inf = 1.17991349777012599631, ||V_lower^k - V_lower^k-1||_inf = 1.00158735948287325179
    Local Iteration  27: ||V_upper^k - V_upper^k-1||_inf = 1.13271695785932080547, ||V_lower^k - V_lower^k-1||_inf = 0.96147383548426534894
    Local Iteration  28: ||V_upper^k - V_upper^k-1||_inf = 1.08740827954494800878, ||V_lower^k - V_lower^k-1||_inf = 0.92091215550737459683
    Local Iteration  29: ||V_upper^k - V_upper^k-1||_inf = 1.04391194836314982197, ||V_lower^k - V_lower^k-1||_inf = 0.88406231055268547081
    Local Iteration  30: ||V_upper^k - V_upper^k-1||_inf = 1.00215547042862396232, ||V_lower^k - V_lower^k-1||_inf = 0.84868708086815947134
    Local Iteration  31: ||V_upper^k - V_upper^k-1||_inf = 0.96206925161147893721, ||V_lower^k - V_lower^k-1||_inf = 0.79848255413741964226
    Local Iteration  32: ||V_upper^k - V_upper^k-1||_inf = 0.92358648154701972199, ||V_lower^k - V_lower^k-1||_inf = 0.76653135272874439732
    Local Iteration  33: ||V_upper^k - V_upper^k-1||_inf = 0.88664302228513891535, ||V_lower^k - V_lower^k-1||_inf = 0.73585875242449083622
    Local Iteration  34: ||V_upper^k - V_upper^k-1||_inf = 0.85114276573877079013, ||V_lower^k - V_lower^k-1||_inf = 0.70642440232751124718
    Local Iteration  35: ||V_upper^k - V_upper^k-1||_inf = 0.81709705510921981642, ||V_lower^k - V_lower^k-1||_inf = 0.67815704061839277017
    Local Iteration  36: ||V_upper^k - V_upper^k-1||_inf = 0.78441317290485113034, ||V_lower^k - V_lower^k-1||_inf = 0.65103075899365703272
    Local Iteration  37: ||V_upper^k - V_upper^k-1||_inf = 0.75303664598865704960, ||V_lower^k - V_lower^k-1||_inf = 0.61162066796815095504
    Local Iteration  38: ||V_upper^k - V_upper^k-1||_inf = 0.72291518014911071432, ||V_lower^k - V_lower^k-1||_inf = 0.57359454733788461933
    Local Iteration  39: ||V_upper^k - V_upper^k-1||_inf = 0.69399857294314626355, ||V_lower^k - V_lower^k-1||_inf = 0.55052114031895360569
    Local Iteration  40: ||V_upper^k - V_upper^k-1||_inf = 0.66623863002542038636, ||V_lower^k - V_lower^k-1||_inf = 0.46993773340941780159
    Local Iteration  41: ||V_upper^k - V_upper^k-1||_inf = 0.63958908482440357535, ||V_lower^k - V_lower^k-1||_inf = 0.45114022407304110729
    Local Iteration  42: ||V_upper^k - V_upper^k-1||_inf = 0.61400552143142739236, ||V_lower^k - V_lower^k-1||_inf = 0.42269515767646492765
    Local Iteration  43: ||V_upper^k - V_upper^k-1||_inf = 0.58944530057417032776, ||V_lower^k - V_lower^k-1||_inf = 0.40578735136940624617
    Local Iteration  44: ||V_upper^k - V_upper^k-1||_inf = 0.56586748855120350132, ||V_lower^k - V_lower^k-1||_inf = 0.38871771576596764186
    Local Iteration  45: ||V_upper^k - V_upper^k-1||_inf = 0.54323278900915528133, ||V_lower^k - V_lower^k-1||_inf = 0.37316900713532891176
    Local Iteration  46: ||V_upper^k - V_upper^k-1||_inf = 0.52150347744878911005, ||V_lower^k - V_lower^k-1||_inf = 0.35056074387201924258
    Local Iteration  47: ||V_upper^k - V_upper^k-1||_inf = 0.50064333835083751900, ||V_lower^k - V_lower^k-1||_inf = 0.33621901800486947431
    Local Iteration  48: ||V_upper^k - V_upper^k-1||_inf = 0.48061760481680393386, ||V_lower^k - V_lower^k-1||_inf = 0.32277025728467467758
    Local Iteration  49: ||V_upper^k - V_upper^k-1||_inf = 0.46137418964167392632, ||V_lower^k - V_lower^k-1||_inf = 0.30985944699328771268
    Local Iteration  50: ||V_upper^k - V_upper^k-1||_inf = 0.44291922205600697815, ||V_lower^k - V_lower^k-1||_inf = 0.29711323577251741446
    Local Iteration  51: ||V_upper^k - V_upper^k-1||_inf = 0.42520245317376664795, ||V_lower^k - V_lower^k-1||_inf = 0.28478738945172932251
    Local Iteration  52: ||V_upper^k - V_upper^k-1||_inf = 0.40819435504681594873, ||V_lower^k - V_lower^k-1||_inf = 0.27339589387366014517
    Local Iteration  53: ||V_upper^k - V_upper^k-1||_inf = 0.39186658084494330190, ||V_lower^k - V_lower^k-1||_inf = 0.25622600909541404235
    Local Iteration  54: ||V_upper^k - V_upper^k-1||_inf = 0.37619191761114556538, ||V_lower^k - V_lower^k-1||_inf = 0.24573703447326325500
    Local Iteration  55: ||V_upper^k - V_upper^k-1||_inf = 0.36114424090669972056, ||V_lower^k - V_lower^k-1||_inf = 0.23590755309433272813
    Local Iteration  56: ||V_upper^k - V_upper^k-1||_inf = 0.34669847127043174062, ||V_lower^k - V_lower^k-1||_inf = 0.22647125097055939569
    Local Iteration  57: ||V_upper^k - V_upper^k-1||_inf = 0.33283053241961446655, ||V_lower^k - V_lower^k-1||_inf = 0.21714801665489910643
    Local Iteration  58: ||V_upper^k - V_upper^k-1||_inf = 0.31951731112282982794, ||V_lower^k - V_lower^k-1||_inf = 0.20846209598870310553
    Local Iteration  59: ||V_upper^k - V_upper^k-1||_inf = 0.30673661867791662816, ||V_lower^k - V_lower^k-1||_inf = 0.20012361214915500018
    Local Iteration  60: ||V_upper^k - V_upper^k-1||_inf = 0.29446715393079997414, ||V_lower^k - V_lower^k-1||_inf = 0.19211866766318880240
    Local Iteration  61: ||V_upper^k - V_upper^k-1||_inf = 0.28268846777356793076, ||V_lower^k - V_lower^k-1||_inf = 0.18443392095666125141
    Local Iteration  62: ||V_upper^k - V_upper^k-1||_inf = 0.27138092906262523130, ||V_lower^k - V_lower^k-1||_inf = 0.17705656411839476583
    Local Iteration  63: ||V_upper^k - V_upper^k-1||_inf = 0.26052569190012020428, ||V_lower^k - V_lower^k-1||_inf = 0.16535979856524007925
    Local Iteration  64: ||V_upper^k - V_upper^k-1||_inf = 0.25010466422411536946, ||V_lower^k - V_lower^k-1||_inf = 0.15866740824821612410
    Local Iteration  65: ||V_upper^k - V_upper^k-1||_inf = 0.24010047765515074580, ||V_lower^k - V_lower^k-1||_inf = 0.15224245487730947435
    Local Iteration  66: ||V_upper^k - V_upper^k-1||_inf = 0.23049645854894471042, ||V_lower^k - V_lower^k-1||_inf = 0.14615275668221705541
    Local Iteration  67: ||V_upper^k - V_upper^k-1||_inf = 0.22127660020698691756, ||V_lower^k - V_lower^k-1||_inf = 0.14030664641492840428
    Local Iteration  68: ||V_upper^k - V_upper^k-1||_inf = 0.21242553619870740977, ||V_lower^k - V_lower^k-1||_inf = 0.13469438055833127255
    Local Iteration  69: ||V_upper^k - V_upper^k-1||_inf = 0.20392851475075912671, ||V_lower^k - V_lower^k-1||_inf = 0.12917949172638723554
    Local Iteration  70: ||V_upper^k - V_upper^k-1||_inf = 0.19577137416072876164, ||V_lower^k - V_lower^k-1||_inf = 0.12397882992949914305
    Local Iteration  71: ||V_upper^k - V_upper^k-1||_inf = 0.18794051919429960451, ||V_lower^k - V_lower^k-1||_inf = 0.11554090515163627229
    Local Iteration  72: ||V_upper^k - V_upper^k-1||_inf = 0.18042289842652758924, ||V_lower^k - V_lower^k-1||_inf = 0.11091926894557081751
    Local Iteration  73: ||V_upper^k - V_upper^k-1||_inf = 0.17320598248946647568, ||V_lower^k - V_lower^k-1||_inf = 0.10648249818774799258
    Local Iteration  74: ||V_upper^k - V_upper^k-1||_inf = 0.16627774318988780555, ||V_lower^k - V_lower^k-1||_inf = 0.10222319826023806844
    Local Iteration  75: ||V_upper^k - V_upper^k-1||_inf = 0.15962663346229230554, ||V_lower^k - V_lower^k-1||_inf = 0.09481834145360051869
    Local Iteration  76: ||V_upper^k - V_upper^k-1||_inf = 0.15324156812380060333, ||V_lower^k - V_lower^k-1||_inf = 0.09102560779545650071
    Local Iteration  77: ||V_upper^k - V_upper^k-1||_inf = 0.14711190539884858031, ||V_lower^k - V_lower^k-1||_inf = 0.08738458348363824235
    Local Iteration  78: ||V_upper^k - V_upper^k-1||_inf = 0.14122742918289463154, ||V_lower^k - V_lower^k-1||_inf = 0.08388920014429272765
    Local Iteration  79: ||V_upper^k - V_upper^k-1||_inf = 0.13557833201557883962, ||V_lower^k - V_lower^k-1||_inf = 0.08053363213852100799
    Local Iteration  80: ||V_upper^k - V_upper^k-1||_inf = 0.13015519873495567937, ||V_lower^k - V_lower^k-1||_inf = 0.07731228685298016656
    Local Iteration  81: ||V_upper^k - V_upper^k-1||_inf = 0.12494899078555743444, ||V_lower^k - V_lower^k-1||_inf = 0.07421979537886094769
    Local Iteration  82: ||V_upper^k - V_upper^k-1||_inf = 0.11993645346004047636, ||V_lower^k - V_lower^k-1||_inf = 0.07121359528318370324
    Local Iteration  83: ||V_upper^k - V_upper^k-1||_inf = 0.11513899532163884842, ||V_lower^k - V_lower^k-1||_inf = 0.06832751913398693588
    Local Iteration  84: ||V_upper^k - V_upper^k-1||_inf = 0.11053343550877330059, ||V_lower^k - V_lower^k-1||_inf = 0.06559441836862744957
    Local Iteration  85: ||V_upper^k - V_upper^k-1||_inf = 0.10611209808842235469, ||V_lower^k - V_lower^k-1||_inf = 0.06297064163388235714
    Local Iteration  86: ||V_upper^k - V_upper^k-1||_inf = 0.10186761416488546161, ||V_lower^k - V_lower^k-1||_inf = 0.06045181596852705619
    Local Iteration  87: ||V_upper^k - V_upper^k-1||_inf = 0.09779290959829003982, ||V_lower^k - V_lower^k-1||_inf = 0.05803374332978597505
    Local Iteration  88: ||V_upper^k - V_upper^k-1||_inf = 0.09388119321435842157, ||V_lower^k - V_lower^k-1||_inf = 0.05571239359659452967
    Local Iteration  89: ||V_upper^k - V_upper^k-1||_inf = 0.09012594548578407860, ||V_lower^k - V_lower^k-1||_inf = 0.05156284268457016901
    Local Iteration  90: ||V_upper^k - V_upper^k-1||_inf = 0.08652090766635271712, ||V_lower^k - V_lower^k-1||_inf = 0.04950032897718736197
    Local Iteration  91: ||V_upper^k - V_upper^k-1||_inf = 0.08306007135969860344, ||V_lower^k - V_lower^k-1||_inf = 0.04752031581809987304
    Local Iteration  92: ||V_upper^k - V_upper^k-1||_inf = 0.07973766850531065209, ||V_lower^k - V_lower^k-1||_inf = 0.04561950318537588006
    Local Iteration  93: ||V_upper^k - V_upper^k-1||_inf = 0.07654816176509822434, ||V_lower^k - V_lower^k-1||_inf = 0.04379472305796083820
    Local Iteration  94: ||V_upper^k - V_upper^k-1||_inf = 0.07348623529449428704, ||V_lower^k - V_lower^k-1||_inf = 0.04204293413564240411
    Local Iteration  95: ||V_upper^k - V_upper^k-1||_inf = 0.07054678588271451334, ||V_lower^k - V_lower^k-1||_inf = 0.04036121677021670129
    Local Iteration  96: ||V_upper^k - V_upper^k-1||_inf = 0.06772491444740594280, ||V_lower^k - V_lower^k-1||_inf = 0.03874676809940803129
    Local Iteration  97: ||V_upper^k - V_upper^k-1||_inf = 0.06501591786950969287, ||V_lower^k - V_lower^k-1||_inf = 0.03719689737543171310
    Local Iteration  98: ||V_upper^k - V_upper^k-1||_inf = 0.06241528115472930183, ||V_lower^k - V_lower^k-1||_inf = 0.03570902148041444485
    Local Iteration  99: ||V_upper^k - V_upper^k-1||_inf = 0.05991866990854013281, ||V_lower^k - V_lower^k-1||_inf = 0.03426112868280102586
    Local Iteration 100: ||V_upper^k - V_upper^k-1||_inf = 0.05752192311219853083, ||V_lower^k - V_lower^k-1||_inf = 0.03161272208661983218
    Local Iteration 101: ||V_upper^k - V_upper^k-1||_inf = 0.05522104618771058598, ||V_lower^k - V_lower^k-1||_inf = 0.03034821320315503682
    Local Iteration 102: ||V_upper^k - V_upper^k-1||_inf = 0.05301220434020215838, ||V_lower^k - V_lower^k-1||_inf = 0.02913428467502883479
    Local Iteration 103: ||V_upper^k - V_upper^k-1||_inf = 0.05089171616659407538, ||V_lower^k - V_lower^k-1||_inf = 0.02796891328802767612
    Local Iteration 104: ||V_upper^k - V_upper^k-1||_inf = 0.04885604751993030681, ||V_lower^k - V_lower^k-1||_inf = 0.02685015675650656922
    Local Iteration 105: ||V_upper^k - V_upper^k-1||_inf = 0.04690180561913308982, ||V_lower^k - V_lower^k-1||_inf = 0.02577615048624630825
    Local Iteration 106: ||V_upper^k - V_upper^k-1||_inf = 0.04502573339436775901, ||V_lower^k - V_lower^k-1||_inf = 0.02474510446679645953
    Local Iteration 107: ||V_upper^k - V_upper^k-1||_inf = 0.04321838855243568395, ||V_lower^k - V_lower^k-1||_inf = 0.02374121015130777057
    Local Iteration 108: ||V_upper^k - V_upper^k-1||_inf = 0.04148965301033825243, ||V_lower^k - V_lower^k-1||_inf = 0.02279156174525545989
    Local Iteration 109: ||V_upper^k - V_upper^k-1||_inf = 0.03983006688992472150, ||V_lower^k - V_lower^k-1||_inf = 0.02187989927544523733
    Local Iteration 110: ||V_upper^k - V_upper^k-1||_inf = 0.03823686421432773153, ||V_lower^k - V_lower^k-1||_inf = 0.02010668608564204068
    Local Iteration 111: ||V_upper^k - V_upper^k-1||_inf = 0.03670738964575462338, ||V_lower^k - V_lower^k-1||_inf = 0.01930241864221636169
    Local Iteration 112: ||V_upper^k - V_upper^k-1||_inf = 0.03523909405992443900, ||V_lower^k - V_lower^k-1||_inf = 0.01853032189652770167
    Local Iteration 113: ||V_upper^k - V_upper^k-1||_inf = 0.03382953029752745755, ||V_lower^k - V_lower^k-1||_inf = 0.01778910902066659083
    Local Iteration 114: ||V_upper^k - V_upper^k-1||_inf = 0.03247634908562635481, ||V_lower^k - V_lower^k-1||_inf = 0.01707754465983992928
    Local Iteration 115: ||V_upper^k - V_upper^k-1||_inf = 0.03117729512220130533, ||V_lower^k - V_lower^k-1||_inf = 0.01639444287344633475
    Local Iteration 116: ||V_upper^k - V_upper^k-1||_inf = 0.02993020331731324757, ||V_lower^k - V_lower^k-1||_inf = 0.01573866515850848302
    Local Iteration 117: ||V_upper^k - V_upper^k-1||_inf = 0.02873299518462071878, ||V_lower^k - V_lower^k-1||_inf = 0.01510911855216813884
    Local Iteration 118: ||V_upper^k - V_upper^k-1||_inf = 0.02758367537723589030, ||V_lower^k - V_lower^k-1||_inf = 0.01382994103572742980
    Local Iteration 119: ||V_upper^k - V_upper^k-1||_inf = 0.02648032836214645261, ||V_lower^k - V_lower^k-1||_inf = 0.01327674339429833067
    Local Iteration 120: ||V_upper^k - V_upper^k-1||_inf = 0.02542111522766059284, ||V_lower^k - V_lower^k-1||_inf = 0.01274567365852639911
    Local Iteration 121: ||V_upper^k - V_upper^k-1||_inf = 0.02440427061855416843, ||V_lower^k - V_lower^k-1||_inf = 0.01223584671218534356
    Local Iteration 122: ||V_upper^k - V_upper^k-1||_inf = 0.02342809979381199961, ||V_lower^k - V_lower^k-1||_inf = 0.01174641284369793044
    Local Iteration 123: ||V_upper^k - V_upper^k-1||_inf = 0.02249097580205951935, ||V_lower^k - V_lower^k-1||_inf = 0.01127655632995001357
    Local Iteration 124: ||V_upper^k - V_upper^k-1||_inf = 0.02159133676997714024, ||V_lower^k - V_lower^k-1||_inf = 0.01027527016455206423
    Local Iteration 125: ||V_upper^k - V_upper^k-1||_inf = 0.02072768329917805408, ||V_lower^k - V_lower^k-1||_inf = 0.00986425935796998027
    Local Iteration 126: ||V_upper^k - V_upper^k-1||_inf = 0.01989857596721092761, ||V_lower^k - V_lower^k-1||_inf = 0.00946968898365118175
    Local Iteration 127: ||V_upper^k - V_upper^k-1||_inf = 0.01910263292852248940, ||V_lower^k - V_lower^k-1||_inf = 0.00909090142430513289
    Local Iteration 128: ||V_upper^k - V_upper^k-1||_inf = 0.01833852761138158802, ||V_lower^k - V_lower^k-1||_inf = 0.00872726536733292764
    Local Iteration 129: ||V_upper^k - V_upper^k-1||_inf = 0.01760498650692632339, ||V_lower^k - V_lower^k-1||_inf = 0.00837817475263960901
    Local Iteration 130: ||V_upper^k - V_upper^k-1||_inf = 0.01690078704664927170, ||V_lower^k - V_lower^k-1||_inf = 0.00804304776253402486
    Local Iteration 131: ||V_upper^k - V_upper^k-1||_inf = 0.01622475556478330042, ||V_lower^k - V_lower^k-1||_inf = 0.00772132585203266254
    Local Iteration 132: ||V_upper^k - V_upper^k-1||_inf = 0.01557576534219196757, ||V_lower^k - V_lower^k-1||_inf = 0.00741247281795135576
    Local Iteration 133: ||V_upper^k - V_upper^k-1||_inf = 0.01495273472850428866, ||V_lower^k - V_lower^k-1||_inf = 0.00671904810886454415
    Local Iteration 134: ||V_upper^k - V_upper^k-1||_inf = 0.01435462533936411600, ||V_lower^k - V_lower^k-1||_inf = 0.00645028618450996238
    Local Iteration 135: ||V_upper^k - V_upper^k-1||_inf = 0.01378044032578954955, ||V_lower^k - V_lower^k-1||_inf = 0.00619227473712956333
    Local Iteration 136: ||V_upper^k - V_upper^k-1||_inf = 0.01322922271275796952, ||V_lower^k - V_lower^k-1||_inf = 0.00594458374764438198
    Local Iteration 137: ||V_upper^k - V_upper^k-1||_inf = 0.01270005380424765046, ||V_lower^k - V_lower^k-1||_inf = 0.00570680039773860739
    Local Iteration 138: ||V_upper^k - V_upper^k-1||_inf = 0.01219205165207774486, ||V_lower^k - V_lower^k-1||_inf = 0.00547852838182906129
    Local Iteration 139: ||V_upper^k - V_upper^k-1||_inf = 0.01170436958599463395, ||V_lower^k - V_lower^k-1||_inf = 0.00525938724655589888
    Local Iteration 140: ||V_upper^k - V_upper^k-1||_inf = 0.01123619480255485040, ||V_lower^k - V_lower^k-1||_inf = 0.00504901175669366254
    Local Iteration 141: ||V_upper^k - V_upper^k-1||_inf = 0.01078674701045265541, ||V_lower^k - V_lower^k-1||_inf = 0.00454878239774853931
    Local Iteration 142: ||V_upper^k - V_upper^k-1||_inf = 0.01035527713003454864, ||V_lower^k - V_lower^k-1||_inf = 0.00436683110183859816
    Local Iteration 143: ||V_upper^k - V_upper^k-1||_inf = 0.00994106604483316683, ||V_lower^k - V_lower^k-1||_inf = 0.00419215785776505447
    Local Iteration 144: ||V_upper^k - V_upper^k-1||_inf = 0.00954342340303983815, ||V_lower^k - V_lower^k-1||_inf = 0.00402447154345445240
    Local Iteration 145: ||V_upper^k - V_upper^k-1||_inf = 0.00916168646691824413, ||V_lower^k - V_lower^k-1||_inf = 0.00386349268171627507
    Local Iteration 146: ||V_upper^k - V_upper^k-1||_inf = 0.00879521900824151506, ||V_lower^k - V_lower^k-1||_inf = 0.00370895297444762476
    Local Iteration 147: ||V_upper^k - V_upper^k-1||_inf = 0.00844341024791185266, ||V_lower^k - V_lower^k-1||_inf = 0.00356059485546972049
    Local Iteration 148: ||V_upper^k - V_upper^k-1||_inf = 0.00810567383799537869, ||V_lower^k - V_lower^k-1||_inf = 0.00318469876521474630
    Local Iteration 149: ||V_upper^k - V_upper^k-1||_inf = 0.00778144688447556312, ||V_lower^k - V_lower^k-1||_inf = 0.00305731081460615655
    Local Iteration 150: ||V_upper^k - V_upper^k-1||_inf = 0.00747018900909653984, ||V_lower^k - V_lower^k-1||_inf = 0.00293501838202191081
    Local Iteration 151: ||V_upper^k - V_upper^k-1||_inf = 0.00717138144873267873, ||V_lower^k - V_lower^k-1||_inf = 0.00281761764674103455
    Local Iteration 152: ||V_upper^k - V_upper^k-1||_inf = 0.00688452619078337193, ||V_lower^k - V_lower^k-1||_inf = 0.00249835159556552246
    Local Iteration 153: ||V_upper^k - V_upper^k-1||_inf = 0.00660914514315203653, ||V_lower^k - V_lower^k-1||_inf = 0.00239841753174290136
    Local Iteration 154: ||V_upper^k - V_upper^k-1||_inf = 0.00634477933742595528, ||V_lower^k - V_lower^k-1||_inf = 0.00230248083047318499
    Local Iteration 155: ||V_upper^k - V_upper^k-1||_inf = 0.00609098816392891675, ||V_lower^k - V_lower^k-1||_inf = 0.00221038159725425818
    Local Iteration 156: ||V_upper^k - V_upper^k-1||_inf = 0.00584734863737176001, ||V_lower^k - V_lower^k-1||_inf = 0.00193921407496355346
    Local Iteration 157: ||V_upper^k - V_upper^k-1||_inf = 0.00561345469187688947, ||V_lower^k - V_lower^k-1||_inf = 0.00186164551196501063
    Local Iteration 158: ||V_upper^k - V_upper^k-1||_inf = 0.00538891650420181365, ||V_lower^k - V_lower^k-1||_inf = 0.00178717969148641052
    Local Iteration 159: ||V_upper^k - V_upper^k-1||_inf = 0.00517335984403374111, ||V_lower^k - V_lower^k-1||_inf = 0.00171569250382695455
    Local Iteration 160: ||V_upper^k - V_upper^k-1||_inf = 0.00496642545027239056, ||V_lower^k - V_lower^k-1||_inf = 0.00148537730158562146
    Local Iteration 161: ||V_upper^k - V_upper^k-1||_inf = 0.00476776843226149431, ||V_lower^k - V_lower^k-1||_inf = 0.00142596220952219670
    Local Iteration 162: ||V_upper^k - V_upper^k-1||_inf = 0.00457705769497103454, ||V_lower^k - V_lower^k-1||_inf = 0.00136892372114130875
    Local Iteration 163: ||V_upper^k - V_upper^k-1||_inf = 0.00439397538717219323, ||V_lower^k - V_lower^k-1||_inf = 0.00131416677229565654
    Local Iteration 164: ||V_upper^k - V_upper^k-1||_inf = 0.00421821637168530526, ||V_lower^k - V_lower^k-1||_inf = 0.00111854934755627536
    Local Iteration 165: ||V_upper^k - V_upper^k-1||_inf = 0.00404948771681789329, ||V_lower^k - V_lower^k-1||_inf = 0.00107380737365402436
    Local Iteration 166: ||V_upper^k - V_upper^k-1||_inf = 0.00388750820814517690, ||V_lower^k - V_lower^k-1||_inf = 0.00089352635501421069
    Local Iteration 167: ||V_upper^k - V_upper^k-1||_inf = 0.00373200787981937000, ||V_lower^k - V_lower^k-1||_inf = 0.00085778530081364202
    Local Iteration 168: ||V_upper^k - V_upper^k-1||_inf = 0.00358272756462659501, ||V_lower^k - V_lower^k-1||_inf = 0.00082347388878109594
    Local Iteration 169: ||V_upper^k - V_upper^k-1||_inf = 0.00343941846204153098, ||V_lower^k - V_lower^k-1||_inf = 0.00079053493322985219
    Local Iteration 170: ||V_upper^k - V_upper^k-1||_inf = 0.00330184172355986981, ||V_lower^k - V_lower^k-1||_inf = 0.00075891353590065843
    Local Iteration 171: ||V_upper^k - V_upper^k-1||_inf = 0.00316976805461747450, ||V_lower^k - V_lower^k-1||_inf = 0.00072855699446463217
    Local Iteration 172: ||V_upper^k - V_upper^k-1||_inf = 0.00304297733243277541, ||V_lower^k - V_lower^k-1||_inf = 0.00058744062278998869
    Local Iteration 173: ||V_upper^k - V_upper^k-1||_inf = 0.00292125823913546440, ||V_lower^k - V_lower^k-1||_inf = 0.00045196890598233090
    Local Iteration 174: ||V_upper^k - V_upper^k-1||_inf = 0.00009384348245222132, ||V_lower^k - V_lower^k-1||_inf = 0.00013568311880870045
    Local Iteration 175: ||V_upper^k - V_upper^k-1||_inf = 0.00009008974315413243, ||V_lower^k - V_lower^k-1||_inf = 0.00013025579405635248
    Local Iteration 176: ||V_upper^k - V_upper^k-1||_inf = 0.00008648615342796715, ||V_lower^k - V_lower^k-1||_inf = 0.00012504556229409871
    Local Iteration 177: ||V_upper^k - V_upper^k-1||_inf = 0.00008302670729084844, ||V_lower^k - V_lower^k-1||_inf = 0.00012004373980233464
    Local Iteration 178: ||V_upper^k - V_upper^k-1||_inf = 0.00007970563899921466, ||V_lower^k - V_lower^k-1||_inf = 0.00011524199021024136
    Local Iteration 179: ||V_upper^k - V_upper^k-1||_inf = 0.00007651741343924607, ||V_lower^k - V_lower^k-1||_inf = 0.00011063231060183185
    Local Iteration 180: ||V_upper^k - V_upper^k-1||_inf = 0.00007345671690167622, ||V_lower^k - V_lower^k-1||_inf = 0.00010620701817775843
    Local Iteration 181: ||V_upper^k - V_upper^k-1||_inf = 0.00007051844822560929, ||V_lower^k - V_lower^k-1||_inf = 0.00010195873745064794
    Local Iteration 182: ||V_upper^k - V_upper^k-1||_inf = 0.00006769771029658503, ||V_lower^k - V_lower^k-1||_inf = 0.00009788038795262213
    Local Iteration 183: ||V_upper^k - V_upper^k-1||_inf = 0.00006498980188472171, ||V_lower^k - V_lower^k-1||_inf = 0.00009396517243451729
    Local Iteration 184: ||V_upper^k - V_upper^k-1||_inf = 0.00006239020980933273, ||V_lower^k - V_lower^k-1||_inf = 0.00009020656553713645
    Local Iteration 185: ||V_upper^k - V_upper^k-1||_inf = 0.00005989460141695943, ||V_lower^k - V_lower^k-1||_inf = 0.00008659830291565069
    Local Iteration 186: ||V_upper^k - V_upper^k-1||_inf = 0.00005749881736028103, ||V_lower^k - V_lower^k-1||_inf = 0.00008313437079902463
    Local Iteration 187: ||V_upper^k - V_upper^k-1||_inf = 0.00005519886466586973, ||V_lower^k - V_lower^k-1||_inf = 0.00007973950882908705
    Local Iteration 188: ||V_upper^k - V_upper^k-1||_inf = 0.00005299091007923489, ||V_lower^k - V_lower^k-1||_inf = 0.00007651193311720354
    Local Iteration 189: ||V_upper^k - V_upper^k-1||_inf = 0.00005087127367606561, ||V_lower^k - V_lower^k-1||_inf = 0.00007345145579251526
    Local Iteration 190: ||V_upper^k - V_upper^k-1||_inf = 0.00004883642272902292, ||V_lower^k - V_lower^k-1||_inf = 0.00007051339756081469
    Local Iteration 191: ||V_upper^k - V_upper^k-1||_inf = 0.00004688296581986196, ||V_lower^k - V_lower^k-1||_inf = 0.00006769286165838207
    Local Iteration 192: ||V_upper^k - V_upper^k-1||_inf = 0.00004500764718706751, ||V_lower^k - V_lower^k-1||_inf = 0.00006498514719204679
    Local Iteration 193: ||V_upper^k - V_upper^k-1||_inf = 0.00004320734129958481, ||V_lower^k - V_lower^k-1||_inf = 0.00006238574130436477
    Local Iteration 194: ||V_upper^k - V_upper^k-1||_inf = 0.00004147904764760144, ||V_lower^k - V_lower^k-1||_inf = 0.00005987074047985068
    Local Iteration 195: ||V_upper^k - V_upper^k-1||_inf = 0.00003981988574169740, ||V_lower^k - V_lower^k-1||_inf = 0.00005745756189782657
    Local Iteration 196: ||V_upper^k - V_upper^k-1||_inf = 0.00003822709031202950, ||V_lower^k - V_lower^k-1||_inf = 0.00005514879742262889
    Local Iteration 197: ||V_upper^k - V_upper^k-1||_inf = 0.00003669800669954830, ||V_lower^k - V_lower^k-1||_inf = 0.00005294284552572392
    Local Iteration 198: ||V_upper^k - V_upper^k-1||_inf = 0.00003523008643156636, ||V_lower^k - V_lower^k-1||_inf = 0.00005082513170469490
    Local Iteration 199: ||V_upper^k - V_upper^k-1||_inf = 0.00003382088297430364, ||V_lower^k - V_lower^k-1||_inf = 0.00004879212643650707
    Local Iteration 200: ||V_upper^k - V_upper^k-1||_inf = 0.00003246804765533141, ||V_lower^k - V_lower^k-1||_inf = 0.00004684044137904684
    Local Iteration 201: ||V_upper^k - V_upper^k-1||_inf = 0.00003116932574911816, ||V_lower^k - V_lower^k-1||_inf = 0.00004496682372388491
    Local Iteration 202: ||V_upper^k - V_upper^k-1||_inf = 0.00002992255271915348, ||V_lower^k - V_lower^k-1||_inf = 0.00004316815077492955
    Local Iteration 203: ||V_upper^k - V_upper^k-1||_inf = 0.00002872565061038735, ||V_lower^k - V_lower^k-1||_inf = 0.00004144142474393243
    Local Iteration 204: ||V_upper^k - V_upper^k-1||_inf = 0.00002757662458597189, ||V_lower^k - V_lower^k-1||_inf = 0.00003978376775417517
    Local Iteration 205: ||V_upper^k - V_upper^k-1||_inf = 0.00002647355960253299, ||V_lower^k - V_lower^k-1||_inf = 0.00003819241704400820
    Local Iteration 206: ||V_upper^k - V_upper^k-1||_inf = 0.00002541461721843166, ||V_lower^k - V_lower^k-1||_inf = 0.00003666472036224788
    Local Iteration 207: ||V_upper^k - V_upper^k-1||_inf = 0.00002439803252969440, ||V_lower^k - V_lower^k-1||_inf = 0.00003519813154775799
    Local Iteration 208: ||V_upper^k - V_upper^k-1||_inf = 0.00002342211122850660, ||V_lower^k - V_lower^k-1||_inf = 0.00003379020628584768
    Local Iteration 209: ||V_upper^k - V_upper^k-1||_inf = 0.00002248522677936632, ||V_lower^k - V_lower^k-1||_inf = 0.00003242468064092998
    Local Iteration 210: ||V_upper^k - V_upper^k-1||_inf = 0.00002158581770819165, ||V_lower^k - V_lower^k-1||_inf = 0.00003112357313293465
    Local Iteration 211: ||V_upper^k - V_upper^k-1||_inf = 0.00002072238499986400, ||V_lower^k - V_lower^k-1||_inf = 0.00002986959530557585
    Local Iteration 212: ||V_upper^k - V_upper^k-1||_inf = 0.00001989348959986948, ||V_lower^k - V_lower^k-1||_inf = 0.00002866957100974268
    Local Iteration 213: ||V_upper^k - V_upper^k-1||_inf = 0.00001909775001587469, ||V_lower^k - V_lower^k-1||_inf = 0.00002752278816935290
    Local Iteration 214: ||V_upper^k - V_upper^k-1||_inf = 0.00001833384001523970, ||V_lower^k - V_lower^k-1||_inf = 0.00002641963653380176
    Local Iteration 215: ||V_upper^k - V_upper^k-1||_inf = 0.00001760048641463009, ||V_lower^k - V_lower^k-1||_inf = 0.00002536152917369347
    Local Iteration 216: ||V_upper^k - V_upper^k-1||_inf = 0.00001689646695804485, ||V_lower^k - V_lower^k-1||_inf = 0.00002434706800674572
    Local Iteration 217: ||V_upper^k - V_upper^k-1||_inf = 0.00001622060827972304, ||V_lower^k - V_lower^k-1||_inf = 0.00002337318528647587
    Local Iteration 218: ||V_upper^k - V_upper^k-1||_inf = 0.00001557178394853410, ||V_lower^k - V_lower^k-1||_inf = 0.00002243715462899888
    Local Iteration 219: ||V_upper^k - V_upper^k-1||_inf = 0.00001494891259059270, ||V_lower^k - V_lower^k-1||_inf = 0.00002153035703174658
    Local Iteration 220: ||V_upper^k - V_upper^k-1||_inf = 0.00001435095608696898, ||V_lower^k - V_lower^k-1||_inf = 0.00002066914275047671
    Local Iteration 221: ||V_upper^k - V_upper^k-1||_inf = 0.00001377691784349024, ||V_lower^k - V_lower^k-1||_inf = 0.00001984237704045767
    Local Iteration 222: ||V_upper^k - V_upper^k-1||_inf = 0.00001322584112975060, ||V_lower^k - V_lower^k-1||_inf = 0.00001904868195883936
    Local Iteration 223: ||V_upper^k - V_upper^k-1||_inf = 0.00001269680748456061, ||V_lower^k - V_lower^k-1||_inf = 0.00001828300620223655
    Local Iteration 224: ||V_upper^k - V_upper^k-1||_inf = 0.00001218893518517818, ||V_lower^k - V_lower^k-1||_inf = 0.00001754804852699122
    Local Iteration 225: ||V_upper^k - V_upper^k-1||_inf = 0.00001170137777777104, ||V_lower^k - V_lower^k-1||_inf = 0.00001684612658591156
    Local Iteration 226: ||V_upper^k - V_upper^k-1||_inf = 0.00001123332266666019, ||V_lower^k - V_lower^k-1||_inf = 0.00001617228152247510
    Local Iteration 227: ||V_upper^k - V_upper^k-1||_inf = 0.00001078398975999379, ||V_lower^k - V_lower^k-1||_inf = 0.00001552327852175382
    Local Iteration 228: ||V_upper^k - V_upper^k-1||_inf = 0.00001035263016959404, ||V_lower^k - V_lower^k-1||_inf = 0.00001490234738088368
    Local Iteration 229: ||V_upper^k - V_upper^k-1||_inf = 0.00000993852496281028, ||V_lower^k - V_lower^k-1||_inf = 0.00001430625348564828
    Local Iteration 230: ||V_upper^k - V_upper^k-1||_inf = 0.00000954098396429786, ||V_lower^k - V_lower^k-1||_inf = 0.00001373103536547911
    Local Iteration 231: ||V_upper^k - V_upper^k-1||_inf = 0.00000915934460572594, ||V_lower^k - V_lower^k-1||_inf = 0.00001318179395085994
    Local Iteration 232: ||V_upper^k - V_upper^k-1||_inf = 0.00000879297082149690, ||V_lower^k - V_lower^k-1||_inf = 0.00001265452219282557
    Local Iteration 233: ||V_upper^k - V_upper^k-1||_inf = 0.00000844125198863702, ||V_lower^k - V_lower^k-1||_inf = 0.00001214834130511250
    Local Iteration 234: ||V_upper^k - V_upper^k-1||_inf = 0.00000810360190909155, ||V_lower^k - V_lower^k-1||_inf = 0.00001165796186157329
    Local Iteration 235: ||V_upper^k - V_upper^k-1||_inf = 0.00000777945783272791, ||V_lower^k - V_lower^k-1||_inf = 0.00001118460115890745
    Local Iteration 236: ||V_upper^k - V_upper^k-1||_inf = 0.00000746827951941879, ||V_lower^k - V_lower^k-1||_inf = 0.00001073202935878315
    Local Iteration 237: ||V_upper^k - V_upper^k-1||_inf = 0.00000716954833864206, ||V_lower^k - V_lower^k-1||_inf = 0.00001029731936861880
    Local Iteration 238: ||V_upper^k - V_upper^k-1||_inf = 0.00000688276640509639, ||V_lower^k - V_lower^k-1||_inf = 0.00000987403532654748
    Local Iteration 239: ||V_upper^k - V_upper^k-1||_inf = 0.00000660745574889252, ||V_lower^k - V_lower^k-1||_inf = 0.00000947429516407635
    Local Iteration 240: ||V_upper^k - V_upper^k-1||_inf = 0.00000634315751893682, ||V_lower^k - V_lower^k-1||_inf = 0.00000908888235096359
    Local Iteration 241: ||V_upper^k - V_upper^k-1||_inf = 0.00000608943121817934, ||V_lower^k - V_lower^k-1||_inf = 0.00000871826498961533
    Local Iteration 242: ||V_upper^k - V_upper^k-1||_inf = 0.00000584585396945217, ||V_lower^k - V_lower^k-1||_inf = 0.00000836216260964091
    Local Iteration 243: ||V_upper^k - V_upper^k-1||_inf = 0.00000561201981067408, ||V_lower^k - V_lower^k-1||_inf = 0.00000802164067521826
    Local Iteration 244: ||V_upper^k - V_upper^k-1||_inf = 0.00000538753901824712, ||V_lower^k - V_lower^k-1||_inf = 0.00000769821092179001
    Local Iteration 245: ||V_upper^k - V_upper^k-1||_inf = 0.00000517203745751724, ||V_lower^k - V_lower^k-1||_inf = 0.00000738647980497493
    Local Iteration 246: ||V_upper^k - V_upper^k-1||_inf = 0.00000496515595921655, ||V_lower^k - V_lower^k-1||_inf = 0.00000708425113867740
    Local Iteration 247: ||V_upper^k - V_upper^k-1||_inf = 0.00000476654972084789, ||V_lower^k - V_lower^k-1||_inf = 0.00000680088109313032
    Local Iteration 248: ||V_upper^k - V_upper^k-1||_inf = 0.00000457588773201397, ||V_lower^k - V_lower^k-1||_inf = 0.00000652009226296917
    Local Iteration 249: ||V_upper^k - V_upper^k-1||_inf = 0.00000439285222273340, ||V_lower^k - V_lower^k-1||_inf = 0.00000625648210907955
    Local Iteration 250: ||V_upper^k - V_upper^k-1||_inf = 0.00000421713813382407, ||V_lower^k - V_lower^k-1||_inf = 0.00000600363076202356
    Local Iteration 251: ||V_upper^k - V_upper^k-1||_inf = 0.00000404845260847110, ||V_lower^k - V_lower^k-1||_inf = 0.00000576208624412854
    Local Iteration 252: ||V_upper^k - V_upper^k-1||_inf = 0.00000388651450413225, ||V_lower^k - V_lower^k-1||_inf = 0.00000552963859921614
    Local Iteration 253: ||V_upper^k - V_upper^k-1||_inf = 0.00000373105392396696, ||V_lower^k - V_lower^k-1||_inf = 0.00000530306501205315
    Local Iteration 254: ||V_upper^k - V_upper^k-1||_inf = 0.00000358181176700829, ||V_lower^k - V_lower^k-1||_inf = 0.00000509094241157103
    Local Iteration 255: ||V_upper^k - V_upper^k-1||_inf = 0.00000343853929632796, ||V_lower^k - V_lower^k-1||_inf = 0.00000488669844695585
    Local Iteration 256: ||V_upper^k - V_upper^k-1||_inf = 0.00000330099772447485, ||V_lower^k - V_lower^k-1||_inf = 0.00000469095714025927
    Local Iteration 257: ||V_upper^k - V_upper^k-1||_inf = 0.00000316895781549585, ||V_lower^k - V_lower^k-1||_inf = 0.00000449810003229976
    Local Iteration 258: ||V_upper^k - V_upper^k-1||_inf = 0.00000304219950287601, ||V_lower^k - V_lower^k-1||_inf = 0.00000431493722234598
    Local Iteration 259: ||V_upper^k - V_upper^k-1||_inf = 0.00000292051152276098, ||V_lower^k - V_lower^k-1||_inf = 0.00000414199308247351
    Local Iteration 260: ||V_upper^k - V_upper^k-1||_inf = 0.00000280369106185053, ||V_lower^k - V_lower^k-1||_inf = 0.00000397411964992823
    Local Iteration 261: ||V_upper^k - V_upper^k-1||_inf = 0.00000269154341937651, ||V_lower^k - V_lower^k-1||_inf = 0.00000381309638509424
    Local Iteration 262: ||V_upper^k - V_upper^k-1||_inf = 0.00000258388168260145, ||V_lower^k - V_lower^k-1||_inf = 0.00000366016414811946
    Local Iteration 263: ||V_upper^k - V_upper^k-1||_inf = 0.00000248052641529739, ||V_lower^k - V_lower^k-1||_inf = 0.00000351345876002459
    Local Iteration 264: ||V_upper^k - V_upper^k-1||_inf = 0.00000238130535868549, ||V_lower^k - V_lower^k-1||_inf = 0.00000337182415957493
    Local Iteration 265: ||V_upper^k - V_upper^k-1||_inf = 0.00000228605314433807, ||V_lower^k - V_lower^k-1||_inf = 0.00000323610891053190
    Local Iteration 266: ||V_upper^k - V_upper^k-1||_inf = 0.00000219461101856455, ||V_lower^k - V_lower^k-1||_inf = 0.00000310288344880940
    Local Iteration 267: ||V_upper^k - V_upper^k-1||_inf = 0.00000210682657782197, ||V_lower^k - V_lower^k-1||_inf = 0.00000297599953290969
    Local Iteration 268: ||V_upper^k - V_upper^k-1||_inf = 0.00000202255351470909, ||V_lower^k - V_lower^k-1||_inf = 0.00000285673573045045
    Local Iteration 269: ||V_upper^k - V_upper^k-1||_inf = 0.00000194165137412072, ||V_lower^k - V_lower^k-1||_inf = 0.00000274228989129891
    Local Iteration 270: ||V_upper^k - V_upper^k-1||_inf = 0.00000186398531915589, ||V_lower^k - V_lower^k-1||_inf = 0.00000263200522848810
    Local Iteration 271: ||V_upper^k - V_upper^k-1||_inf = 0.00000178942590638965, ||V_lower^k - V_lower^k-1||_inf = 0.00000252666408738775
    Local Iteration 272: ||V_upper^k - V_upper^k-1||_inf = 0.00000171784887013407, ||V_lower^k - V_lower^k-1||_inf = 0.00000242540546343351
    Local Iteration 273: ||V_upper^k - V_upper^k-1||_inf = 0.00000164913491532871, ||V_lower^k - V_lower^k-1||_inf = 0.00000232715660689247
    Local Iteration 274: ||V_upper^k - V_upper^k-1||_inf = 0.00000158316951871556, ||V_lower^k - V_lower^k-1||_inf = 0.00000223407034261677
    Local Iteration 275: ||V_upper^k - V_upper^k-1||_inf = 0.00000151984273796694, ||V_lower^k - V_lower^k-1||_inf = 0.00000214455535267940
    Local Iteration 276: ||V_upper^k - V_upper^k-1||_inf = 0.00000145904902844826, ||V_lower^k - V_lower^k-1||_inf = 0.00000205807279102803
    Local Iteration 277: ||V_upper^k - V_upper^k-1||_inf = 0.00000140068706731033, ||V_lower^k - V_lower^k-1||_inf = 0.00000197567096774024
    Local Iteration 278: ||V_upper^k - V_upper^k-1||_inf = 0.00000134465958461792, ||V_lower^k - V_lower^k-1||_inf = 0.00000189640263122434
    Local Iteration 279: ||V_upper^k - V_upper^k-1||_inf = 0.00000129087320123320, ||V_lower^k - V_lower^k-1||_inf = 0.00000181963452236547
    Local Iteration 280: ||V_upper^k - V_upper^k-1||_inf = 0.00000123923827318387, ||V_lower^k - V_lower^k-1||_inf = 0.00000174643049611208
    Local Iteration 281: ||V_upper^k - V_upper^k-1||_inf = 0.00000118966874225652, ||V_lower^k - V_lower^k-1||_inf = 0.00000167657327626760
    Local Iteration 282: ||V_upper^k - V_upper^k-1||_inf = 0.00000114208199256626, ||V_lower^k - V_lower^k-1||_inf = 0.00000160951034521690
    Local Iteration 283: ||V_upper^k - V_upper^k-1||_inf = 0.00000109639871286361, ||V_lower^k - V_lower^k-1||_inf = 0.00000154512993140822
    Local Iteration 284: ||V_upper^k - V_upper^k-1||_inf = 0.00000105164714189655, ||V_lower^k - V_lower^k-1||_inf = 0.00000148332473415189
    Local Iteration 285: ||V_upper^k - V_upper^k-1||_inf = 0.00000100958125622069, ||V_lower^k - V_lower^k-1||_inf = 0.00000142383361798405
    Local Iteration 286: ||V_upper^k - V_upper^k-1||_inf = 0.00000096919800597186, ||V_lower^k - V_lower^k-1||_inf = 0.00000136671053798964
    Local Iteration 287: ||V_upper^k - V_upper^k-1||_inf = 0.00000093043008573299, ||V_lower^k - V_lower^k-1||_inf = 0.00000131124906005309
    Local Iteration 288: ||V_upper^k - V_upper^k-1||_inf = 0.00000089321288230367, ||V_lower^k - V_lower^k-1||_inf = 0.00000125879909765097
    Local Iteration 289: ||V_upper^k - V_upper^k-1||_inf = 0.00000085748436701152, ||V_lower^k - V_lower^k-1||_inf = 0.00000120768349444893
    Local Iteration 290: ||V_upper^k - V_upper^k-1||_inf = 0.00000082318499233106, ||V_lower^k - V_lower^k-1||_inf = 0.00000115871291674303
    Local Iteration 291: ||V_upper^k - V_upper^k-1||_inf = 0.00000079025759263782, ||V_lower^k - V_lower^k-1||_inf = 0.00000111236440007331
    Local Iteration 292: ||V_upper^k - V_upper^k-1||_inf = 0.00000075864728893231, ||V_lower^k - V_lower^k-1||_inf = 0.00000106781125636974
    Local Iteration 293: ||V_upper^k - V_upper^k-1||_inf = 0.00000072830139737501, ||V_lower^k - V_lower^k-1||_inf = 0.00000102509815790915
    Local Iteration 294: ||V_upper^k - V_upper^k-1||_inf = 0.00000069916934148001, ||V_lower^k - V_lower^k-1||_inf = 0.00000098409423159279
    Local Iteration 295: ||V_upper^k - V_upper^k-1||_inf = 0.00000067120256782081, ||V_lower^k - V_lower^k-1||_inf = 0.00000094462564047642
    Local Iteration 296: ||V_upper^k - V_upper^k-1||_inf = 0.00000064435446510798, ||V_lower^k - V_lower^k-1||_inf = 0.00000090684061485737
    Local Iteration 297: ||V_upper^k - V_upper^k-1||_inf = 0.00000061858028650366, ||V_lower^k - V_lower^k-1||_inf = 0.00000087056699026308
    Local Iteration 298: ||V_upper^k - V_upper^k-1||_inf = 0.00000059383707504351, ||V_lower^k - V_lower^k-1||_inf = 0.00000083574431065255
    Local Iteration 299: ||V_upper^k - V_upper^k-1||_inf = 0.00000057008359204177, ||V_lower^k - V_lower^k-1||_inf = 0.00000080231453822645
    Local Iteration 300: ||V_upper^k - V_upper^k-1||_inf = 0.00000054728024836010, ||V_lower^k - V_lower^k-1||_inf = 0.00000077010411897880
    Local Iteration 301: ||V_upper^k - V_upper^k-1||_inf = 0.00000052538903842570, ||V_lower^k - V_lower^k-1||_inf = 0.00000073906091106198
    Local Iteration 302: ||V_upper^k - V_upper^k-1||_inf = 0.00000050437347688867, ||V_lower^k - V_lower^k-1||_inf = 0.00000070930353294756
    Local Iteration 303: ||V_upper^k - V_upper^k-1||_inf = 0.00000048419853781312, ||V_lower^k - V_lower^k-1||_inf = 0.00000068093139162965
    Local Iteration 304: ||V_upper^k - V_upper^k-1||_inf = 0.00000046483059630060, ||V_lower^k - V_lower^k-1||_inf = 0.00000065357866577612
    Local Iteration 305: ||V_upper^k - V_upper^k-1||_inf = 0.00000044623737244857, ||V_lower^k - V_lower^k-1||_inf = 0.00000062743551914508
    Local Iteration 306: ||V_upper^k - V_upper^k-1||_inf = 0.00000042838787755063, ||V_lower^k - V_lower^k-1||_inf = 0.00000060187923746034
    Local Iteration 307: ||V_upper^k - V_upper^k-1||_inf = 0.00000041125236244861, ||V_lower^k - V_lower^k-1||_inf = 0.00000057780406796192
    Local Iteration 308: ||V_upper^k - V_upper^k-1||_inf = 0.00000039480226795066, ||V_lower^k - V_lower^k-1||_inf = 0.00000055469190524345
    Local Iteration 309: ||V_upper^k - V_upper^k-1||_inf = 0.00000037901017723263, ||V_lower^k - V_lower^k-1||_inf = 0.00000053238487664060
    Local Iteration 310: ||V_upper^k - V_upper^k-1||_inf = 0.00000036384977014333, ||V_lower^k - V_lower^k-1||_inf = 0.00000051108948157497
    Local Iteration 311: ||V_upper^k - V_upper^k-1||_inf = 0.00000034929577933760, ||V_lower^k - V_lower^k-1||_inf = 0.00000049063014382473
    Local Iteration 312: ||V_upper^k - V_upper^k-1||_inf = 0.00000033532394816409, ||V_lower^k - V_lower^k-1||_inf = 0.00000047100493807174
    Local Iteration 313: ||V_upper^k - V_upper^k-1||_inf = 0.00000032191099023753, ||V_lower^k - V_lower^k-1||_inf = 0.00000045216474054887
    Local Iteration 314: ||V_upper^k - V_upper^k-1||_inf = 0.00000030903455062803, ||V_lower^k - V_lower^k-1||_inf = 0.00000043407815092692
    Local Iteration 315: ||V_upper^k - V_upper^k-1||_inf = 0.00000029667316860291, ||V_lower^k - V_lower^k-1||_inf = 0.00000041671502488984
    Local Iteration 316: ||V_upper^k - V_upper^k-1||_inf = 0.00000028480624185879, ||V_lower^k - V_lower^k-1||_inf = 0.00000040004642389425
    Local Iteration 317: ||V_upper^k - V_upper^k-1||_inf = 0.00000027341399218444, ||V_lower^k - V_lower^k-1||_inf = 0.00000038404456693848
    Local Iteration 318: ||V_upper^k - V_upper^k-1||_inf = 0.00000026247743249706, ||V_lower^k - V_lower^k-1||_inf = 0.00000036868278426094
    Local Iteration 319: ||V_upper^k - V_upper^k-1||_inf = 0.00000025197833519718, ||V_lower^k - V_lower^k-1||_inf = 0.00000035393547289050
    Local Iteration 320: ||V_upper^k - V_upper^k-1||_inf = 0.00000024189920178929, ||V_lower^k - V_lower^k-1||_inf = 0.00000033977805397488
    Local Iteration 321: ||V_upper^k - V_upper^k-1||_inf = 0.00000023222323371772, ||V_lower^k - V_lower^k-1||_inf = 0.00000032618693181589
    Local Iteration 322: ||V_upper^k - V_upper^k-1||_inf = 0.00000022293430436901, ||V_lower^k - V_lower^k-1||_inf = 0.00000031313945454325
    Local Iteration 323: ||V_upper^k - V_upper^k-1||_inf = 0.00000021401693219425, ||V_lower^k - V_lower^k-1||_inf = 0.00000030061387636152
    Local Iteration 324: ||V_upper^k - V_upper^k-1||_inf = 0.00000020545625490648, ||V_lower^k - V_lower^k-1||_inf = 0.00000028858932130706
    Local Iteration 325: ||V_upper^k - V_upper^k-1||_inf = 0.00000019723800471022, ||V_lower^k - V_lower^k-1||_inf = 0.00000027704574845478
    Local Iteration 326: ||V_upper^k - V_upper^k-1||_inf = 0.00000018934848452181, ||V_lower^k - V_lower^k-1||_inf = 0.00000026596391851659
    Local Iteration 327: ||V_upper^k - V_upper^k-1||_inf = 0.00000018177454514094, ||V_lower^k - V_lower^k-1||_inf = 0.00000025532536177592
    Local Iteration 328: ||V_upper^k - V_upper^k-1||_inf = 0.00000017450356333530, ||V_lower^k - V_lower^k-1||_inf = 0.00000024511234730489
    Local Iteration 329: ||V_upper^k - V_upper^k-1||_inf = 0.00000016752342080189, ||V_lower^k - V_lower^k-1||_inf = 0.00000023530785341269
    Local Iteration 330: ||V_upper^k - V_upper^k-1||_inf = 0.00000016082248396981, ||V_lower^k - V_lower^k-1||_inf = 0.00000022589553927618
    Local Iteration 331: ||V_upper^k - V_upper^k-1||_inf = 0.00000015438958461102, ||V_lower^k - V_lower^k-1||_inf = 0.00000021685971770514
    Local Iteration 332: ||V_upper^k - V_upper^k-1||_inf = 0.00000014821400122658, ||V_lower^k - V_lower^k-1||_inf = 0.00000020818532899693
    Local Iteration 333: ||V_upper^k - V_upper^k-1||_inf = 0.00000014228544117752, ||V_lower^k - V_lower^k-1||_inf = 0.00000019985791583705
    Local Iteration 334: ||V_upper^k - V_upper^k-1||_inf = 0.00000013659402353042, ||V_lower^k - V_lower^k-1||_inf = 0.00000019186359920357
    Local Iteration 335: ||V_upper^k - V_upper^k-1||_inf = 0.00000013113026258920, ||V_lower^k - V_lower^k-1||_inf = 0.00000018418905523543
    Local Iteration 336: ||V_upper^k - V_upper^k-1||_inf = 0.00000012588505208563, ||V_lower^k - V_lower^k-1||_inf = 0.00000017682149302601
    Local Iteration 337: ||V_upper^k - V_upper^k-1||_inf = 0.00000012084965000221, ||V_lower^k - V_lower^k-1||_inf = 0.00000016974863330497
    Local Iteration 338: ||V_upper^k - V_upper^k-1||_inf = 0.00000011601566400212, ||V_lower^k - V_lower^k-1||_inf = 0.00000016295868797277
    Local Iteration 339: ||V_upper^k - V_upper^k-1||_inf = 0.00000011137503744203, ||V_lower^k - V_lower^k-1||_inf = 0.00000015644034045386
    Local Iteration 340: ||V_upper^k - V_upper^k-1||_inf = 0.00000010692003594435, ||V_lower^k - V_lower^k-1||_inf = 0.00000015018272683571
    Local Iteration 341: ||V_upper^k - V_upper^k-1||_inf = 0.00000010264323450658, ||V_lower^k - V_lower^k-1||_inf = 0.00000014417541776228
    Local Iteration 342: ||V_upper^k - V_upper^k-1||_inf = 0.00000009853750512631, ||V_lower^k - V_lower^k-1||_inf = 0.00000013840840105179
    Local Iteration 343: ||V_upper^k - V_upper^k-1||_inf = 0.00000009459600492126, ||V_lower^k - V_lower^k-1||_inf = 0.00000013287206500972
    Local Iteration 344: ||V_upper^k - V_upper^k-1||_inf = 0.00000009081216472441, ||V_lower^k - V_lower^k-1||_inf = 0.00000012755718240933
    Local Iteration 345: ||V_upper^k - V_upper^k-1||_inf = 0.00000008717967813544, ||V_lower^k - V_lower^k-1||_inf = 0.00000012245489511295
    Local Iteration 346: ||V_upper^k - V_upper^k-1||_inf = 0.00000008369249101002, ||V_lower^k - V_lower^k-1||_inf = 0.00000011751620724807
    Local Iteration 347: ||V_upper^k - V_upper^k-1||_inf = 0.00000008034479136962, ||V_lower^k - V_lower^k-1||_inf = 0.00000011281555895815
    Local Iteration 348: ||V_upper^k - V_upper^k-1||_inf = 0.00000007713099971483, ||V_lower^k - V_lower^k-1||_inf = 0.00000010830293659983
    Local Iteration 349: ||V_upper^k - V_upper^k-1||_inf = 0.00000007404575972624, ||V_lower^k - V_lower^k-1||_inf = 0.00000010397081913583
    Local Iteration 350: ||V_upper^k - V_upper^k-1||_inf = 0.00000007108392933719, ||V_lower^k - V_lower^k-1||_inf = 0.00000009981198637040
    Local Iteration 351: ||V_upper^k - V_upper^k-1||_inf = 0.00000006824057216370, ||V_lower^k - V_lower^k-1||_inf = 0.00000009581950691558
    Local Iteration 352: ||V_upper^k - V_upper^k-1||_inf = 0.00000006551094927715, ||V_lower^k - V_lower^k-1||_inf = 0.00000009198672663896
    Local Iteration 353: ||V_upper^k - V_upper^k-1||_inf = 0.00000006289051130607, ||V_lower^k - V_lower^k-1||_inf = 0.00000008830725757340
    Local Iteration 354: ||V_upper^k - V_upper^k-1||_inf = 0.00000006037489085382, ||V_lower^k - V_lower^k-1||_inf = 0.00000008477496727047
    Local Iteration 355: ||V_upper^k - V_upper^k-1||_inf = 0.00000005795989521967, ||V_lower^k - V_lower^k-1||_inf = 0.00000008138396857965
    Local Iteration 356: ||V_upper^k - V_upper^k-1||_inf = 0.00000005564149941088, ||V_lower^k - V_lower^k-1||_inf = 0.00000007812860983646
    Local Iteration 357: ||V_upper^k - V_upper^k-1||_inf = 0.00000005341583943445, ||V_lower^k - V_lower^k-1||_inf = 0.00000007500346544300
    Local Iteration 358: ||V_upper^k - V_upper^k-1||_inf = 0.00000005127920585707, ||V_lower^k - V_lower^k-1||_inf = 0.00000007200332682528
    Local Iteration 359: ||V_upper^k - V_upper^k-1||_inf = 0.00000004922803762279, ||V_lower^k - V_lower^k-1||_inf = 0.00000006912319375227
    Local Iteration 360: ||V_upper^k - V_upper^k-1||_inf = 0.00000004725891611788, ||V_lower^k - V_lower^k-1||_inf = 0.00000006635826600218
    Local Iteration 361: ||V_upper^k - V_upper^k-1||_inf = 0.00000004536855947316, ||V_lower^k - V_lower^k-1||_inf = 0.00000006370393536209
    Local Iteration 362: ||V_upper^k - V_upper^k-1||_inf = 0.00000004355381709424, ||V_lower^k - V_lower^k-1||_inf = 0.00000006115577794761
    Local Iteration 363: ||V_upper^k - V_upper^k-1||_inf = 0.00000004181166441047, ||V_lower^k - V_lower^k-1||_inf = 0.00000005870954682971
    Local Iteration 364: ||V_upper^k - V_upper^k-1||_inf = 0.00000004013919783405, ||V_lower^k - V_lower^k-1||_inf = 0.00000005636116495652
    Local Iteration 365: ||V_upper^k - V_upper^k-1||_inf = 0.00000003853362992069, ||V_lower^k - V_lower^k-1||_inf = 0.00000005410671835826
    Local Iteration 366: ||V_upper^k - V_upper^k-1||_inf = 0.00000003699228472386, ||V_lower^k - V_lower^k-1||_inf = 0.00000005194244962393
    Local Iteration 367: ||V_upper^k - V_upper^k-1||_inf = 0.00000003551259333490, ||V_lower^k - V_lower^k-1||_inf = 0.00000004986475163897
    Local Iteration 368: ||V_upper^k - V_upper^k-1||_inf = 0.00000003409208960151, ||V_lower^k - V_lower^k-1||_inf = 0.00000004787016157341
    Local Iteration 369: ||V_upper^k - V_upper^k-1||_inf = 0.00000003272840601745, ||V_lower^k - V_lower^k-1||_inf = 0.00000004595535511047
    Local Iteration 370: ||V_upper^k - V_upper^k-1||_inf = 0.00000003141926977675, ||V_lower^k - V_lower^k-1||_inf = 0.00000004411714090605
    Local Iteration 371: ||V_upper^k - V_upper^k-1||_inf = 0.00000003016249898568, ||V_lower^k - V_lower^k-1||_inf = 0.00000004235245526981
    Local Iteration 372: ||V_upper^k - V_upper^k-1||_inf = 0.00000002895599902625, ||V_lower^k - V_lower^k-1||_inf = 0.00000004065835705902
    Local Iteration 373: ||V_upper^k - V_upper^k-1||_inf = 0.00000002779775906520, ||V_lower^k - V_lower^k-1||_inf = 0.00000003903202277666
    Local Iteration 374: ||V_upper^k - V_upper^k-1||_inf = 0.00000002668584870259, ||V_lower^k - V_lower^k-1||_inf = 0.00000003747074186559
    Local Iteration 375: ||V_upper^k - V_upper^k-1||_inf = 0.00000002561841475449, ||V_lower^k - V_lower^k-1||_inf = 0.00000003597191219097
    Local Iteration 376: ||V_upper^k - V_upper^k-1||_inf = 0.00000002459367816431, ||V_lower^k - V_lower^k-1||_inf = 0.00000003453303570333
    Local Iteration 377: ||V_upper^k - V_upper^k-1||_inf = 0.00000002360993103774, ||V_lower^k - V_lower^k-1||_inf = 0.00000003315171427520
    Local Iteration 378: ||V_upper^k - V_upper^k-1||_inf = 0.00000002266553379623, ||V_lower^k - V_lower^k-1||_inf = 0.00000003182564570419
    Local Iteration 379: ||V_upper^k - V_upper^k-1||_inf = 0.00000002175891244438, ||V_lower^k - V_lower^k-1||_inf = 0.00000003055261987602
    Local Iteration 380: ||V_upper^k - V_upper^k-1||_inf = 0.00000002088855594660, ||V_lower^k - V_lower^k-1||_inf = 0.00000002933051508098
    Local Iteration 381: ||V_upper^k - V_upper^k-1||_inf = 0.00000002005301370874, ||V_lower^k - V_lower^k-1||_inf = 0.00000002815729447774
    Local Iteration 382: ||V_upper^k - V_upper^k-1||_inf = 0.00000001925089316039, ||V_lower^k - V_lower^k-1||_inf = 0.00000002703100269863
    Local Iteration 383: ||V_upper^k - V_upper^k-1||_inf = 0.00000001848085743397, ||V_lower^k - V_lower^k-1||_inf = 0.00000002594976259069
    Local Iteration 384: ||V_upper^k - V_upper^k-1||_inf = 0.00000001774162313662, ||V_lower^k - V_lower^k-1||_inf = 0.00000002491177208706
    Local Iteration 385: ||V_upper^k - V_upper^k-1||_inf = 0.00000001703195821115, ||V_lower^k - V_lower^k-1||_inf = 0.00000002391530120358
    Local Iteration 386: ||V_upper^k - V_upper^k-1||_inf = 0.00000001635067988271, ||V_lower^k - V_lower^k-1||_inf = 0.00000002295868915543
    Local Iteration 387: ||V_upper^k - V_upper^k-1||_inf = 0.00000001569665268740, ||V_lower^k - V_lower^k-1||_inf = 0.00000002204034158922
    Local Iteration 388: ||V_upper^k - V_upper^k-1||_inf = 0.00000001506878657990, ||V_lower^k - V_lower^k-1||_inf = 0.00000002115872792565
    Local Iteration 389: ||V_upper^k - V_upper^k-1||_inf = 0.00000001446603511671, ||V_lower^k - V_lower^k-1||_inf = 0.00000002031237880862
    Local Iteration 390: ||V_upper^k - V_upper^k-1||_inf = 0.00000001388739371204, ||V_lower^k - V_lower^k-1||_inf = 0.00000001949988365628
    Local Iteration 391: ||V_upper^k - V_upper^k-1||_inf = 0.00000001333189796356, ||V_lower^k - V_lower^k-1||_inf = 0.00000001871988831003
    Local Iteration 392: ||V_upper^k - V_upper^k-1||_inf = 0.00000001279862204501, ||V_lower^k - V_lower^k-1||_inf = 0.00000001797109277762
    Local Iteration 393: ||V_upper^k - V_upper^k-1||_inf = 0.00000001228667716321, ||V_lower^k - V_lower^k-1||_inf = 0.00000001725224906652
    Local Iteration 394: ||V_upper^k - V_upper^k-1||_inf = 0.00000001179521007668, ||V_lower^k - V_lower^k-1||_inf = 0.00000001656215910386
    Local Iteration 395: ||V_upper^k - V_upper^k-1||_inf = 0.00000001132340167362, ||V_lower^k - V_lower^k-1||_inf = 0.00000001589967273970
    Local Iteration 396: ||V_upper^k - V_upper^k-1||_inf = 0.00000001087046560667, ||V_lower^k - V_lower^k-1||_inf = 0.00000001526368583012
    Local Iteration 397: ||V_upper^k - V_upper^k-1||_inf = 0.00000001043564698241, ||V_lower^k - V_lower^k-1||_inf = 0.00000001465313839691
    Local Iteration 398: ||V_upper^k - V_upper^k-1||_inf = 0.00000001001822110311, ||V_lower^k - V_lower^k-1||_inf = 0.00000001406701286104
    Local Iteration 399: ||V_upper^k - V_upper^k-1||_inf = 0.00000000961749225898, ||V_lower^k - V_lower^k-1||_inf = 0.00000001350433234659
    Local Iteration 400: ||V_upper^k - V_upper^k-1||_inf = 0.00000000923279256863, ||V_lower^k - V_lower^k-1||_inf = 0.00000001296415905273
    Local Iteration 401: ||V_upper^k - V_upper^k-1||_inf = 0.00000000886348086588, ||V_lower^k - V_lower^k-1||_inf = 0.00000001244559269062
    Local Iteration 402: ||V_upper^k - V_upper^k-1||_inf = 0.00000000850894163125, ||V_lower^k - V_lower^k-1||_inf = 0.00000001194776898300
    Local Iteration 403: ||V_upper^k - V_upper^k-1||_inf = 0.00000000816858396600, ||V_lower^k - V_lower^k-1||_inf = 0.00000001146985822368
    Local Iteration 404: ||V_upper^k - V_upper^k-1||_inf = 0.00000000784184060736, ||V_lower^k - V_lower^k-1||_inf = 0.00000001101106389473
    Local Iteration 405: ||V_upper^k - V_upper^k-1||_inf = 0.00000000752816698306, ||V_lower^k - V_lower^k-1||_inf = 0.00000001057062133894
    Local Iteration 406: ||V_upper^k - V_upper^k-1||_inf = 0.00000000722704030374, ||V_lower^k - V_lower^k-1||_inf = 0.00000001014779648538
    Local Iteration 407: ||V_upper^k - V_upper^k-1||_inf = 0.00000000693795869159, ||V_lower^k - V_lower^k-1||_inf = 0.00000000974188462597

==================================================
 LOCAL CONVERGENCE ACHIEVED
==================================================
  ||V_upper^k - V_upper^k-1||_inf = 6.93795869158931096933e-09 < tolerance = 1e-08
  ||V_lower^k - V_lower^k-1||_inf = 9.74188462596699449949e-09 < tolerance = 1e-08
  Converged in 407 iterations
  V_lower increased from min(l_lower, r_lower); smallest step 0.000e+00
    Local VI completed in 407 iterations
    Final convergence values:
      ||V_upper^final - V_upper^prev||_inf = 6.93795869e-09
      ||V_lower^final - V_lower^prev||_inf = 9.74188463e-09
  Local VI completed in 407 iterations, time: 1073.349s
    Final ||V_upper^k - V_upper^k-1||_inf = 6.93795869158931096933e-09
    Final ||V_lower^k - V_lower^k-1||_inf = 9.74188462596699449949e-09
  Saved visualization: /Users/i.k.tabbara/Documents/python directory/HSCC_2027/refactored_Implementations/results_hscc_2027_modified_init/ra_discount/van_der_pol_res40_eps0.001_dmin1e-08_dmax1e-08_gamma0.96_dt0.01_tau0.01_std/value_function_phase_17_complete.png
  Phase 17 completed in 1398.79s with 99171904 leaf cells

Classification after phase 17:
  Safe:          5922802 cells (  6.0%),   28.5% of state space
  Unsafe:        2932408 cells (  3.0%),   28.5% of state space
  Unclassified: 90316694 cells ( 91.1%),   43.1% of state space

======================================================================
REFINEMENT PHASE 18
======================================================================
Boundary cells: 90316694
  Refinable (>eta_min=0.000354): 90316694
  Below threshold: 0
  Cumulative refined: 99170304
  Refinable cell size statistics:
    Max:    0.000488
    Mean:   0.000488
    Min:    0.000488
    Median: 0.000488
  Refining 90316694 cells...
