
######################################################################
# run started 2026-10-03T12:29:47
# command: ./build/dhj --mode ra_nodiscount --dynamics dubins --dt 0.3 --tau 0.3 --initial-resolution 20 --epsilon 0.05 --delta-min 1e-8 --delta-max 1e-8 --gamma 0.9 --refinements 13 --vi-iterations 100033 --checkpoint-every 0 --plot-dpi 300 --workers 12 --results-root /Users/i.k.tabbara/Documents/python directory/HSCC_2027/refactored_Implementations/results_hscc_2027
# cwd: /Users/i.k.tabbara/Documents/python directory/HSCC_2027/refactored_Implementations/cpp
######################################################################
DISCRETE HJ REACH-AVOID SOLVER (C++)
Mode: ra_nodiscount (RA_nodiscount.py semantics)
Algorithm: 2, Workers: 12
Output directory: /Users/i.k.tabbara/Documents/python directory/HSCC_2027/refactored_Implementations/results_hscc_2027/ra_nodiscount/dubins_res20_eps0.05_dmin1e-08_dmax1e-08_gamma0.9_dt0.3_tau0.3_std
Conservative mode: False
Dynamics: dubins (3-D)
  Time discretization: 1 steps of dt=0.3 s over tau=0.3 s
======================================================================
ALGORITHM 2/3: Adaptive Refinement
======================================================================
Environment: dubins
Initializing grid with resolution 20^3...
  Building spatial index for 8000 cells...
   Spatial index built in 0.00s

Gronwall Reachability Initialized:
  Lipschitz constant L = 1
  Checkpoint interval dt = 0.3
  Control horizon tau = 0.3
  Number of checkpoints = 1
  Checkpoint times: ['0.300']
  Growth factors: ['1.349859']
Initialized with gamma=0.9, L_f=1, L_l=1.41421,  L_r=1.41421
Contraction factor: gamma*L_f = 0.9000
Using 12 parallel workers

======================================================================
ADAPTIVE REFINEMENT CONFIGURATION
======================================================================
  Error tolerance eps: 0.05
  Minimum cell size eta_min: 0.017678
  Maximum refinements: 13
  VI iterations per refinement: 100033
  Conservative mode: False

======================================================================
PHASE 0: INITIAL VALUE ITERATION
======================================================================
Grid: 8000 cells
  Precomputing successor sets...

Precomputing successor sets with HYBRID approach...
  Step 1: Computing 24000 trajectories in parallel...
   Trajectories + spatial queries computed in 0.01s (3343937.8 tasks/s)
    Breakdown: 59.2% ODE, 40.8% queries

Starting OPTIMIZED PARALLEL value iteration (max 100033 iterations)...
Conservative mode: False
Convergence tolerance: 0.001
Number of cells: 8000
Iteration   1: ||V_upper^k - V_upper^k-1||_inf = 0.00000000000000000000, ||V_lower^k - V_lower^k-1||_inf = 3.50836450585540315927
Iteration   2: ||V_upper^k - V_upper^k-1||_inf = 0.00000000000000000000, ||V_lower^k - V_lower^k-1||_inf = 3.08410043714347414934
Iteration   3: ||V_upper^k - V_upper^k-1||_inf = 0.00000000000000000000, ||V_lower^k - V_lower^k-1||_inf = 2.26801713875282295874
Iteration   4: ||V_upper^k - V_upper^k-1||_inf = 0.00000000000000000000, ||V_lower^k - V_lower^k-1||_inf = 1.69257931212709200608
Iteration   5: ||V_upper^k - V_upper^k-1||_inf = 0.00000000000000000000, ||V_lower^k - V_lower^k-1||_inf = 1.18811899074078852756
Iteration   6: ||V_upper^k - V_upper^k-1||_inf = 0.00000000000000000000, ||V_lower^k - V_lower^k-1||_inf = 0.83616362381269426773
Iteration   7: ||V_upper^k - V_upper^k-1||_inf = 0.00000000000000000000, ||V_lower^k - V_lower^k-1||_inf = 0.53851602487190275426
Iteration   8: ||V_upper^k - V_upper^k-1||_inf = 0.00000000000000000000, ||V_lower^k - V_lower^k-1||_inf = 0.29051127801366105619
Iteration   9: ||V_upper^k - V_upper^k-1||_inf = 0.00000000000000000000, ||V_lower^k - V_lower^k-1||_inf = 0.26220961466929271211
Iteration  10: ||V_upper^k - V_upper^k-1||_inf = 0.00000000000000000000, ||V_lower^k - V_lower^k-1||_inf = 0.09252889397911190361
Iteration  11: ||V_upper^k - V_upper^k-1||_inf = 0.00000000000000000000, ||V_lower^k - V_lower^k-1||_inf = 0.00000000000000000000

==================================================
 STANDARD CONVERGENCE ACHIEVED
==================================================
  ||V_upper^k - V_upper^k-1||_inf = 0.00000000000000000000e+00 < tolerance = 0.001
  ||V_lower^k - V_lower^k-1||_inf = 0.00000000000000000000e+00 < tolerance = 0.001
  Converged in 11 iterations

Value iteration completed in 11 iterations
total time for running value_iteration the first time (phase 0) on the initial grid including grid initialization, setting up cpu parallelism, successor set computation and value iteration is 0.528668 seconds
Initial VI completed in 11 iterations
Final convergence: ||V_upper||_inf = 0.00000000e+00, ||V_lower||_inf = 0.00000000e+00
Saved initial visualization: /Users/i.k.tabbara/Documents/python directory/HSCC_2027/refactored_Implementations/results_hscc_2027/ra_nodiscount/dubins_res20_eps0.05_dmin1e-08_dmax1e-08_gamma0.9_dt0.3_tau0.3_std/value_function_phase_0_complete.png

Classification after phase 0:
  Safe:               40 cells (  0.5%),    0.5% of state space
  Unsafe:            880 cells ( 11.0%),   11.0% of state space
  Unclassified:     7080 cells ( 88.5%),   88.5% of state space

======================================================================
INITIAL QUEUE STATE
======================================================================
Total boundary cells: 7080
  Refinable (>eta_min=0.017678): 7080
  Below threshold: 0

======================================================================
REFINEMENT PHASE 1
======================================================================
Boundary cells: 7080
  Refinable (>eta_min=0.017678): 7080
  Below threshold: 0
  Cumulative refined: 0
  Refinable cell size statistics:
    Max:    0.314159
    Mean:   0.314159
    Min:    0.314159
    Median: 0.314159
  Refining 7080 cells...
    Refined: 7080 parent cells
    Created: 14160 child cells
    Total cells: 15080
    Refinement time: 0.001s
    Cumulative refined: 7080
  Rebuilding spatial index...
  Building spatial index for 15080 cells...
   Spatial index built in 0.00s
    Spatial index rebuilt in 0.002s
  Initializing 14160 new cells...
  Initializing 14160 new cells in parallel...
   Initialized in 0.00s (239326640.3 cells/s)
    Initialization completed in 0.000s
  Starting local value iteration...
  Reinitializing ALL 15080 cells to l_lower/l_upper (Lemma 1 requirement)
   Reinitialized 15080 cells in 0.00s (237480315.0 cells/s)
  Local VI: updating all 15080 cells
    Conservative mode: False
    Convergence tolerance: 1e-08
    Max iterations: 100033
    Updating successor cache for 14160 updated cells...
    Updating successor cache for 14160 new cells (HYBRID)...
      Affected cells: 14704
   Trajectories + spatial queries computed in 0.01s (4308724.3 tasks/s)
    Breakdown: 54.5% ODE, 45.5% queries
     Cache updated in 0.01s (3995124.6 tasks/s)
    Local Iteration   1: ||V_upper^k - V_upper^k-1||_inf = 0.00000000000000000000, ||V_lower^k - V_lower^k-1||_inf = 3.51837661840735682617
    Local Iteration   2: ||V_upper^k - V_upper^k-1||_inf = 0.00000000000000000000, ||V_lower^k - V_lower^k-1||_inf = 3.09411254969542826032
    Local Iteration   3: ||V_upper^k - V_upper^k-1||_inf = 0.00000000000000000000, ||V_lower^k - V_lower^k-1||_inf = 2.66984848098349969447
    Local Iteration   4: ||V_upper^k - V_upper^k-1||_inf = 0.00000000000000000000, ||V_lower^k - V_lower^k-1||_inf = 2.24558441227157157272
    Local Iteration   5: ||V_upper^k - V_upper^k-1||_inf = 0.00000000000000000000, ||V_lower^k - V_lower^k-1||_inf = 1.82132034355964256278
    Local Iteration   6: ||V_upper^k - V_upper^k-1||_inf = 0.00000000000000000000, ||V_lower^k - V_lower^k-1||_inf = 1.39705627484771444102
    Local Iteration   7: ||V_upper^k - V_upper^k-1||_inf = 0.00000000000000000000, ||V_lower^k - V_lower^k-1||_inf = 0.97279220613578520904
    Local Iteration   8: ||V_upper^k - V_upper^k-1||_inf = 0.00000000000000000000, ||V_lower^k - V_lower^k-1||_inf = 0.53851602487190275426
    Local Iteration   9: ||V_upper^k - V_upper^k-1||_inf = 0.00000000000000000000, ||V_lower^k - V_lower^k-1||_inf = 0.53851602487190275426
    Local Iteration  10: ||V_upper^k - V_upper^k-1||_inf = 0.00000000000000000000, ||V_lower^k - V_lower^k-1||_inf = 0.53851602487190275426
    Local Iteration  11: ||V_upper^k - V_upper^k-1||_inf = 0.00000000000000000000, ||V_lower^k - V_lower^k-1||_inf = 0.53851602487190275426
    Local Iteration  12: ||V_upper^k - V_upper^k-1||_inf = 0.00000000000000000000, ||V_lower^k - V_lower^k-1||_inf = 0.27313970043927959797
    Local Iteration  13: ||V_upper^k - V_upper^k-1||_inf = 0.00000000000000000000, ||V_lower^k - V_lower^k-1||_inf = 0.10133049864738385981
    Local Iteration  14: ||V_upper^k - V_upper^k-1||_inf = 0.00000000000000000000, ||V_lower^k - V_lower^k-1||_inf = 0.05295906212118861589
    Local Iteration  15: ||V_upper^k - V_upper^k-1||_inf = 0.00000000000000000000, ||V_lower^k - V_lower^k-1||_inf = 0.00000000000000000000

==================================================
 LOCAL CONVERGENCE ACHIEVED
==================================================
  ||V_upper^k - V_upper^k-1||_inf = 0.00000000000000000000e+00 < tolerance = 1e-08
  ||V_lower^k - V_lower^k-1||_inf = 0.00000000000000000000e+00 < tolerance = 1e-08
  Converged in 15 iterations
    Local VI completed in 15 iterations
    Final convergence values:
      ||V_upper^final - V_upper^prev||_inf = 0.00000000e+00
      ||V_lower^final - V_lower^prev||_inf = 0.00000000e+00
  Local VI completed in 15 iterations, time: 0.014s
    Final ||V_upper^k - V_upper^k-1||_inf = 0.00000000000000000000e+00
    Final ||V_lower^k - V_lower^k-1||_inf = 0.00000000000000000000e+00
  Saved visualization: /Users/i.k.tabbara/Documents/python directory/HSCC_2027/refactored_Implementations/results_hscc_2027/ra_nodiscount/dubins_res20_eps0.05_dmin1e-08_dmax1e-08_gamma0.9_dt0.3_tau0.3_std/value_function_phase_1_complete.png
  Phase 1 completed in 0.50s with 15080 leaf cells

Classification after phase 1:
  Safe:               40 cells (  0.3%),    0.5% of state space
  Unsafe:            880 cells (  5.8%),   11.0% of state space
  Unclassified:    14160 cells ( 93.9%),   88.5% of state space

======================================================================
REFINEMENT PHASE 2
======================================================================
Boundary cells: 14160
  Refinable (>eta_min=0.017678): 14160
  Below threshold: 0
  Cumulative refined: 7080
  Refinable cell size statistics:
    Max:    0.300000
    Mean:   0.300000
    Min:    0.300000
    Median: 0.300000
  Refining 14160 cells...
    Refined: 14160 parent cells
    Created: 28320 child cells
    Total cells: 29240
    Refinement time: 0.001s
    Cumulative refined: 21240
  Rebuilding spatial index...
  Building spatial index for 29240 cells...
   Spatial index built in 0.00s
    Spatial index rebuilt in 0.005s
  Initializing 28320 new cells...
  Initializing 28320 new cells in parallel...
   Initialized in 0.00s (229079878.7 cells/s)
    Initialization completed in 0.000s
  Starting local value iteration...
  Reinitializing ALL 29240 cells to l_lower/l_upper (Lemma 1 requirement)
   Reinitialized 29240 cells in 0.00s (391610639.4 cells/s)
  Local VI: updating all 29240 cells
    Conservative mode: False
    Convergence tolerance: 1e-08
    Max iterations: 100033
    Updating successor cache for 28320 updated cells...
    Updating successor cache for 28320 new cells (HYBRID)...
      Affected cells: 28864
   Trajectories + spatial queries computed in 0.02s (4264792.8 tasks/s)
    Breakdown: 52.2% ODE, 47.8% queries
     Cache updated in 0.02s (3914839.2 tasks/s)
    Local Iteration   1: ||V_upper^k - V_upper^k-1||_inf = 3.99601805137455867722, ||V_lower^k - V_lower^k-1||_inf = 3.57175398266263011138
    Local Iteration   2: ||V_upper^k - V_upper^k-1||_inf = 0.00000000000000000000, ||V_lower^k - V_lower^k-1||_inf = 3.14752983527079122084
    Local Iteration   3: ||V_upper^k - V_upper^k-1||_inf = 0.00000000000000000000, ||V_lower^k - V_lower^k-1||_inf = 2.72331615716248442993
    Local Iteration   4: ||V_upper^k - V_upper^k-1||_inf = 0.00000000000000000000, ||V_lower^k - V_lower^k-1||_inf = 2.19307128517475113938
    Local Iteration   5: ||V_upper^k - V_upper^k-1||_inf = 0.00000000000000000000, ||V_lower^k - V_lower^k-1||_inf = 1.76890391450586825783
    Local Iteration   6: ||V_upper^k - V_upper^k-1||_inf = 0.00000000000000000000, ||V_lower^k - V_lower^k-1||_inf = 1.34478072611502819100
    Local Iteration   7: ||V_upper^k - V_upper^k-1||_inf = 0.00000000000000000000, ||V_lower^k - V_lower^k-1||_inf = 0.92074095373474551529
    Local Iteration   8: ||V_upper^k - V_upper^k-1||_inf = 0.00000000000000000000, ||V_lower^k - V_lower^k-1||_inf = 0.66180365383142514268
    Local Iteration   9: ||V_upper^k - V_upper^k-1||_inf = 0.00000000000000000000, ||V_lower^k - V_lower^k-1||_inf = 0.53851602487190275426
    Local Iteration  10: ||V_upper^k - V_upper^k-1||_inf = 0.00000000000000000000, ||V_lower^k - V_lower^k-1||_inf = 0.53851602487190275426
    Local Iteration  11: ||V_upper^k - V_upper^k-1||_inf = 0.00000000000000000000, ||V_lower^k - V_lower^k-1||_inf = 0.53851602487190275426
    Local Iteration  12: ||V_upper^k - V_upper^k-1||_inf = 0.00000000000000000000, ||V_lower^k - V_lower^k-1||_inf = 0.53851602487190275426
    Local Iteration  13: ||V_upper^k - V_upper^k-1||_inf = 0.00000000000000000000, ||V_lower^k - V_lower^k-1||_inf = 0.53851602487190275426
    Local Iteration  14: ||V_upper^k - V_upper^k-1||_inf = 0.00000000000000000000, ||V_lower^k - V_lower^k-1||_inf = 0.00706914367435840241
    Local Iteration  15: ||V_upper^k - V_upper^k-1||_inf = 0.00000000000000000000, ||V_lower^k - V_lower^k-1||_inf = 0.00000000000000000000

==================================================
 LOCAL CONVERGENCE ACHIEVED
==================================================
  ||V_upper^k - V_upper^k-1||_inf = 0.00000000000000000000e+00 < tolerance = 1e-08
  ||V_lower^k - V_lower^k-1||_inf = 0.00000000000000000000e+00 < tolerance = 1e-08
  Converged in 15 iterations
    Local VI completed in 15 iterations
    Final convergence values:
      ||V_upper^final - V_upper^prev||_inf = 0.00000000e+00
      ||V_lower^final - V_lower^prev||_inf = 0.00000000e+00
  Local VI completed in 15 iterations, time: 0.028s
    Final ||V_upper^k - V_upper^k-1||_inf = 0.00000000000000000000e+00
    Final ||V_lower^k - V_lower^k-1||_inf = 0.00000000000000000000e+00
  Saved visualization: /Users/i.k.tabbara/Documents/python directory/HSCC_2027/refactored_Implementations/results_hscc_2027/ra_nodiscount/dubins_res20_eps0.05_dmin1e-08_dmax1e-08_gamma0.9_dt0.3_tau0.3_std/value_function_phase_2_complete.png
  Phase 2 completed in 0.51s with 29240 leaf cells

Classification after phase 2:
  Safe:              132 cells (  0.5%),    0.8% of state space
  Unsafe:           1112 cells (  3.8%),   11.7% of state space
  Unclassified:    27996 cells ( 95.7%),   87.5% of state space

======================================================================
REFINEMENT PHASE 3
======================================================================
Boundary cells: 27996
  Refinable (>eta_min=0.017678): 27996
  Below threshold: 0
  Cumulative refined: 21240
  Refinable cell size statistics:
    Max:    0.300000
    Mean:   0.300000
    Min:    0.300000
    Median: 0.300000
  Refining 27996 cells...
    Refined: 27996 parent cells
    Created: 55992 child cells
    Total cells: 57236
    Refinement time: 0.002s
    Cumulative refined: 49236
  Rebuilding spatial index...
  Building spatial index for 57236 cells...
   Spatial index built in 0.01s
    Spatial index rebuilt in 0.009s
  Initializing 55992 new cells...
  Initializing 55992 new cells in parallel...
   Initialized in 0.00s (324747559.7 cells/s)
    Initialization completed in 0.000s
  Starting local value iteration...
  Reinitializing ALL 57236 cells to l_lower/l_upper (Lemma 1 requirement)
   Reinitialized 57236 cells in 0.00s (400134226.3 cells/s)
  Local VI: updating all 57236 cells
    Conservative mode: False
    Convergence tolerance: 1e-08
    Max iterations: 100033
    Updating successor cache for 55992 updated cells...
    Updating successor cache for 55992 new cells (HYBRID)...
      Affected cells: 56716
   Trajectories + spatial queries computed in 0.04s (4227634.0 tasks/s)
    Breakdown: 53.9% ODE, 46.1% queries
     Cache updated in 0.04s (3873455.7 tasks/s)
    Local Iteration   1: ||V_upper^k - V_upper^k-1||_inf = 3.99601805137455867722, ||V_lower^k - V_lower^k-1||_inf = 3.72550259648734405360
    Local Iteration   2: ||V_upper^k - V_upper^k-1||_inf = 3.84297609016864338827, ||V_lower^k - V_lower^k-1||_inf = 3.40877740002009455011
    Local Iteration   3: ||V_upper^k - V_upper^k-1||_inf = 3.74124382542612998748, ||V_lower^k - V_lower^k-1||_inf = 3.09552884481432899477
    Local Iteration   4: ||V_upper^k - V_upper^k-1||_inf = 3.64268400578739948159, ||V_lower^k - V_lower^k-1||_inf = 2.88381032201936049475
    Local Iteration   5: ||V_upper^k - V_upper^k-1||_inf = 3.52943865032612169585, ||V_lower^k - V_lower^k-1||_inf = 2.56066983996988328798
    Local Iteration   6: ||V_upper^k - V_upper^k-1||_inf = 3.41887611469566810030, ||V_lower^k - V_lower^k-1||_inf = 2.34868335049215604116
    Local Iteration   7: ||V_upper^k - V_upper^k-1||_inf = 3.31125064032736959874, ||V_lower^k - V_lower^k-1||_inf = 2.13672108926549508823
    Local Iteration   8: ||V_upper^k - V_upper^k-1||_inf = 0.09144474805748536994, ||V_lower^k - V_lower^k-1||_inf = 1.91513728943666405868
    Local Iteration   9: ||V_upper^k - V_upper^k-1||_inf = 0.09144474805748536994, ||V_lower^k - V_lower^k-1||_inf = 1.71289826532198530273
    Local Iteration  10: ||V_upper^k - V_upper^k-1||_inf = 0.07860101976860978112, ||V_lower^k - V_lower^k-1||_inf = 1.50106024414333516503
    Local Iteration  11: ||V_upper^k - V_upper^k-1||_inf = 0.07860101976860978112, ||V_lower^k - V_lower^k-1||_inf = 1.28929553385923600928
    Local Iteration  12: ||V_upper^k - V_upper^k-1||_inf = 0.07860101976860978112, ||V_lower^k - V_lower^k-1||_inf = 1.17991818421577265852
    Local Iteration  13: ||V_upper^k - V_upper^k-1||_inf = 0.07860101976860978112, ||V_lower^k - V_lower^k-1||_inf = 1.17991818421577265852
    Local Iteration  14: ||V_upper^k - V_upper^k-1||_inf = 0.07860101976860978112, ||V_lower^k - V_lower^k-1||_inf = 1.16571262966818856022
    Local Iteration  15: ||V_upper^k - V_upper^k-1||_inf = 0.07860101976860978112, ||V_lower^k - V_lower^k-1||_inf = 1.16571262966818856022
    Local Iteration  16: ||V_upper^k - V_upper^k-1||_inf = 0.07860101976860978112, ||V_lower^k - V_lower^k-1||_inf = 0.91793131254624205084
    Local Iteration  17: ||V_upper^k - V_upper^k-1||_inf = 0.07860101976860978112, ||V_lower^k - V_lower^k-1||_inf = 0.83039882833955447339
    Local Iteration  18: ||V_upper^k - V_upper^k-1||_inf = 0.07860101976860978112, ||V_lower^k - V_lower^k-1||_inf = 0.24270878013099939086
    Local Iteration  19: ||V_upper^k - V_upper^k-1||_inf = 0.07860101976860978112, ||V_lower^k - V_lower^k-1||_inf = 0.23080444435599378750
    Local Iteration  20: ||V_upper^k - V_upper^k-1||_inf = 0.07860101976860978112, ||V_lower^k - V_lower^k-1||_inf = 0.18632657946547159789
    Local Iteration  21: ||V_upper^k - V_upper^k-1||_inf = 0.07860101976860978112, ||V_lower^k - V_lower^k-1||_inf = 0.18632657946547159789
    Local Iteration  22: ||V_upper^k - V_upper^k-1||_inf = 0.07860101976860978112, ||V_lower^k - V_lower^k-1||_inf = 0.18632657946547159789
    Local Iteration  23: ||V_upper^k - V_upper^k-1||_inf = 0.07860101976860978112, ||V_lower^k - V_lower^k-1||_inf = 0.18632657946547159789
    Local Iteration  24: ||V_upper^k - V_upper^k-1||_inf = 0.07860101976860978112, ||V_lower^k - V_lower^k-1||_inf = 0.18632657946547159789
    Local Iteration  25: ||V_upper^k - V_upper^k-1||_inf = 0.07860101976860978112, ||V_lower^k - V_lower^k-1||_inf = 0.18632657946547159789
    Local Iteration  26: ||V_upper^k - V_upper^k-1||_inf = 0.07860101976860978112, ||V_lower^k - V_lower^k-1||_inf = 0.18632657946547159789
    Local Iteration  27: ||V_upper^k - V_upper^k-1||_inf = 0.07860101976860978112, ||V_lower^k - V_lower^k-1||_inf = 0.00000000000000000000
    Local Iteration  28: ||V_upper^k - V_upper^k-1||_inf = 0.07860101976860978112, ||V_lower^k - V_lower^k-1||_inf = 0.00000000000000000000
    Local Iteration  29: ||V_upper^k - V_upper^k-1||_inf = 0.07860101976860978112, ||V_lower^k - V_lower^k-1||_inf = 0.00000000000000000000
    Local Iteration  30: ||V_upper^k - V_upper^k-1||_inf = 0.00000000000000088818, ||V_lower^k - V_lower^k-1||_inf = 0.00000000000000000000

==================================================
 LOCAL CONVERGENCE ACHIEVED
==================================================
  ||V_upper^k - V_upper^k-1||_inf = 8.88178419700125232339e-16 < tolerance = 1e-08
  ||V_lower^k - V_lower^k-1||_inf = 0.00000000000000000000e+00 < tolerance = 1e-08
  Converged in 30 iterations
    Local VI completed in 30 iterations
    Final convergence values:
      ||V_upper^final - V_upper^prev||_inf = 8.88178420e-16
      ||V_lower^final - V_lower^prev||_inf = 0.00000000e+00
  Local VI completed in 30 iterations, time: 0.058s
    Final ||V_upper^k - V_upper^k-1||_inf = 8.88178419700125232339e-16
    Final ||V_lower^k - V_lower^k-1||_inf = 0.00000000000000000000e+00
  Saved visualization: /Users/i.k.tabbara/Documents/python directory/HSCC_2027/refactored_Implementations/results_hscc_2027/ra_nodiscount/dubins_res20_eps0.05_dmin1e-08_dmax1e-08_gamma0.9_dt0.3_tau0.3_std/value_function_phase_3_complete.png
  Phase 3 completed in 0.57s with 57236 leaf cells

Classification after phase 3:
  Safe:              716 cells (  1.3%),    1.7% of state space
  Unsafe:           4684 cells (  8.2%),   17.3% of state space
  Unclassified:    51836 cells ( 90.6%),   81.0% of state space

======================================================================
REFINEMENT PHASE 4
======================================================================
Boundary cells: 51836
  Refinable (>eta_min=0.017678): 51836
  Below threshold: 0
  Cumulative refined: 49236
  Refinable cell size statistics:
    Max:    0.157080
    Mean:   0.157080
    Min:    0.157080
    Median: 0.157080
  Refining 51836 cells...
    Refined: 51836 parent cells
    Created: 103672 child cells
    Total cells: 109072
    Refinement time: 0.003s
    Cumulative refined: 101072
  Rebuilding spatial index...
  Building spatial index for 109072 cells...
   Spatial index built in 0.02s
    Spatial index rebuilt in 0.019s
  Initializing 103672 new cells...
  Initializing 103672 new cells in parallel...
   Initialized in 0.00s (437665435.4 cells/s)
    Initialization completed in 0.000s
  Starting local value iteration...
  Reinitializing ALL 109072 cells to l_lower/l_upper (Lemma 1 requirement)
   Reinitialized 109072 cells in 0.00s (537631546.5 cells/s)
  Local VI: updating all 109072 cells
    Conservative mode: False
    Convergence tolerance: 1e-08
    Max iterations: 100033
    Updating successor cache for 103672 updated cells...
    Updating successor cache for 103672 new cells (HYBRID)...
      Affected cells: 105376
   Trajectories + spatial queries computed in 0.06s (5006563.9 tasks/s)
    Breakdown: 52.1% ODE, 47.9% queries
     Cache updated in 0.07s (4492837.1 tasks/s)
    Local Iteration   1: ||V_upper^k - V_upper^k-1||_inf = 3.99601805137455867722, ||V_lower^k - V_lower^k-1||_inf = 3.73050865276332110909
    Local Iteration   2: ||V_upper^k - V_upper^k-1||_inf = 3.84297609016864338827, ||V_lower^k - V_lower^k-1||_inf = 3.51837661840735727026
    Local Iteration   3: ||V_upper^k - V_upper^k-1||_inf = 3.74124382542612998748, ||V_lower^k - V_lower^k-1||_inf = 3.20173802406372676188
    Local Iteration   4: ||V_upper^k - V_upper^k-1||_inf = 3.64268400578739948159, ||V_lower^k - V_lower^k-1||_inf = 2.98970340962354930170
    Local Iteration   5: ||V_upper^k - V_upper^k-1||_inf = 3.52943865032612169585, ||V_lower^k - V_lower^k-1||_inf = 2.69897021449468610399
    Local Iteration   6: ||V_upper^k - V_upper^k-1||_inf = 3.41887611469566810030, ||V_lower^k - V_lower^k-1||_inf = 2.48897284266483564963
    Local Iteration   7: ||V_upper^k - V_upper^k-1||_inf = 3.31125064032736959874, ||V_lower^k - V_lower^k-1||_inf = 2.27931105131724098811
    Local Iteration   8: ||V_upper^k - V_upper^k-1||_inf = 0.09144474805748536994, ||V_lower^k - V_lower^k-1||_inf = 2.14172714554147214372
    Local Iteration   9: ||V_upper^k - V_upper^k-1||_inf = 0.08746849637743370209, ||V_lower^k - V_lower^k-1||_inf = 1.92979570818163326251
    Local Iteration  10: ||V_upper^k - V_upper^k-1||_inf = 0.08746849637743370209, ||V_lower^k - V_lower^k-1||_inf = 1.70728440336282316636
    Local Iteration  11: ||V_upper^k - V_upper^k-1||_inf = 0.08246244010145709069, ||V_lower^k - V_lower^k-1||_inf = 1.57541070486545375928
    Local Iteration  12: ||V_upper^k - V_upper^k-1||_inf = 0.07860101976860978112, ||V_lower^k - V_lower^k-1||_inf = 1.44629733810628802182
    Local Iteration  13: ||V_upper^k - V_upper^k-1||_inf = 0.07860101976860978112, ||V_lower^k - V_lower^k-1||_inf = 1.17071868594416561571
    Local Iteration  14: ||V_upper^k - V_upper^k-1||_inf = 0.07860101976860978112, ||V_lower^k - V_lower^k-1||_inf = 1.17071868594416561571
    Local Iteration  15: ||V_upper^k - V_upper^k-1||_inf = 0.07860101976860978112, ||V_lower^k - V_lower^k-1||_inf = 1.17071868594416561571
    Local Iteration  16: ||V_upper^k - V_upper^k-1||_inf = 0.07860101976860978112, ||V_lower^k - V_lower^k-1||_inf = 1.17071868594416561571
    Local Iteration  17: ||V_upper^k - V_upper^k-1||_inf = 0.07860101976860978112, ||V_lower^k - V_lower^k-1||_inf = 1.03658778744736879140
    Local Iteration  18: ||V_upper^k - V_upper^k-1||_inf = 0.07860101976860978112, ||V_lower^k - V_lower^k-1||_inf = 1.03658778744736879140
    Local Iteration  19: ||V_upper^k - V_upper^k-1||_inf = 0.07860101976860978112, ||V_lower^k - V_lower^k-1||_inf = 1.03658778744736879140
    Local Iteration  20: ||V_upper^k - V_upper^k-1||_inf = 0.07860101976860978112, ||V_lower^k - V_lower^k-1||_inf = 0.97279220613578554211
    Local Iteration  21: ||V_upper^k - V_upper^k-1||_inf = 0.07860101976860978112, ||V_lower^k - V_lower^k-1||_inf = 0.90589815916221028136
    Local Iteration  22: ||V_upper^k - V_upper^k-1||_inf = 0.07860101976860978112, ||V_lower^k - V_lower^k-1||_inf = 0.83540488461553141786
    Local Iteration  23: ||V_upper^k - V_upper^k-1||_inf = 0.07860101976860978112, ||V_lower^k - V_lower^k-1||_inf = 0.83540488461553141786
    Local Iteration  24: ||V_upper^k - V_upper^k-1||_inf = 0.07860101976860978112, ||V_lower^k - V_lower^k-1||_inf = 0.83540488461553141786
    Local Iteration  25: ||V_upper^k - V_upper^k-1||_inf = 0.07860101976860978112, ||V_lower^k - V_lower^k-1||_inf = 0.83540488461553141786
    Local Iteration  26: ||V_upper^k - V_upper^k-1||_inf = 0.07860101976860978112, ||V_lower^k - V_lower^k-1||_inf = 0.77478204910918302417
    Local Iteration  27: ||V_upper^k - V_upper^k-1||_inf = 0.07359496349263316972, ||V_lower^k - V_lower^k-1||_inf = 0.24270878013099939086
    Local Iteration  28: ||V_upper^k - V_upper^k-1||_inf = 0.06867818197304043082, ||V_lower^k - V_lower^k-1||_inf = 0.24270878013099939086
    Local Iteration  29: ||V_upper^k - V_upper^k-1||_inf = 0.06867818197304043082, ||V_lower^k - V_lower^k-1||_inf = 0.24270878013099939086
    Local Iteration  30: ||V_upper^k - V_upper^k-1||_inf = 0.06867818197304043082, ||V_lower^k - V_lower^k-1||_inf = 0.04931768900098187913
    Local Iteration  31: ||V_upper^k - V_upper^k-1||_inf = 0.06867818197304043082, ||V_lower^k - V_lower^k-1||_inf = 0.04931768900098187913
    Local Iteration  32: ||V_upper^k - V_upper^k-1||_inf = 0.06867818197304043082, ||V_lower^k - V_lower^k-1||_inf = 0.01585772059832631087
    Local Iteration  33: ||V_upper^k - V_upper^k-1||_inf = 0.06867818197303954264, ||V_lower^k - V_lower^k-1||_inf = 0.01585772059832631087
    Local Iteration  34: ||V_upper^k - V_upper^k-1||_inf = 0.03220884935517220882, ||V_lower^k - V_lower^k-1||_inf = 0.00000000000000000000
    Local Iteration  35: ||V_upper^k - V_upper^k-1||_inf = 0.02720279307919515333, ||V_lower^k - V_lower^k-1||_inf = 0.00000000000000000000
    Local Iteration  36: ||V_upper^k - V_upper^k-1||_inf = 0.00683586295587357284, ||V_lower^k - V_lower^k-1||_inf = 0.00000000000000000000
    Local Iteration  37: ||V_upper^k - V_upper^k-1||_inf = 0.00683586295587357284, ||V_lower^k - V_lower^k-1||_inf = 0.00000000000000000000
    Local Iteration  38: ||V_upper^k - V_upper^k-1||_inf = 0.00000000000000000000, ||V_lower^k - V_lower^k-1||_inf = 0.00000000000000000000

==================================================
 LOCAL CONVERGENCE ACHIEVED
==================================================
  ||V_upper^k - V_upper^k-1||_inf = 0.00000000000000000000e+00 < tolerance = 1e-08
  ||V_lower^k - V_lower^k-1||_inf = 0.00000000000000000000e+00 < tolerance = 1e-08
  Converged in 38 iterations
    Local VI completed in 38 iterations
    Final convergence values:
      ||V_upper^final - V_upper^prev||_inf = 0.00000000e+00
      ||V_lower^final - V_lower^prev||_inf = 0.00000000e+00
  Local VI completed in 38 iterations, time: 0.100s
    Final ||V_upper^k - V_upper^k-1||_inf = 0.00000000000000000000e+00
    Final ||V_lower^k - V_lower^k-1||_inf = 0.00000000000000000000e+00
  Saved visualization: /Users/i.k.tabbara/Documents/python directory/HSCC_2027/refactored_Implementations/results_hscc_2027/ra_nodiscount/dubins_res20_eps0.05_dmin1e-08_dmax1e-08_gamma0.9_dt0.3_tau0.3_std/value_function_phase_4_complete.png
  Phase 4 completed in 0.61s with 109072 leaf cells

Classification after phase 4:
  Safe:             1038 cells (  1.0%),    2.0% of state space
  Unsafe:           5298 cells (  4.9%),   17.8% of state space
  Unclassified:   102736 cells ( 94.2%),   80.3% of state space

======================================================================
REFINEMENT PHASE 5
======================================================================
Boundary cells: 102736
  Refinable (>eta_min=0.017678): 102736
  Below threshold: 0
  Cumulative refined: 101072
  Refinable cell size statistics:
    Max:    0.150000
    Mean:   0.150000
    Min:    0.150000
    Median: 0.150000
  Refining 102736 cells...
    Refined: 102736 parent cells
    Created: 205472 child cells
    Total cells: 211808
    Refinement time: 0.007s
    Cumulative refined: 203808
  Rebuilding spatial index...
  Building spatial index for 211808 cells...
   Spatial index built in 0.04s
    Spatial index rebuilt in 0.040s
  Initializing 205472 new cells...
  Initializing 205472 new cells in parallel...
   Initialized in 0.00s (423872099.0 cells/s)
    Initialization completed in 0.000s
  Starting local value iteration...
  Reinitializing ALL 211808 cells to l_lower/l_upper (Lemma 1 requirement)
   Reinitialized 211808 cells in 0.00s (453388188.8 cells/s)
  Local VI: updating all 211808 cells
    Conservative mode: False
    Convergence tolerance: 1e-08
    Max iterations: 100033
    Updating successor cache for 205472 updated cells...
    Updating successor cache for 205472 new cells (HYBRID)...
      Affected cells: 207492
   Trajectories + spatial queries computed in 0.15s (4277922.2 tasks/s)
    Breakdown: 45.9% ODE, 54.1% queries
     Cache updated in 0.16s (3882088.1 tasks/s)
    Local Iteration   1: ||V_upper^k - V_upper^k-1||_inf = 3.99601805137455867722, ||V_lower^k - V_lower^k-1||_inf = 3.75710960366724044945
    Local Iteration   2: ||V_upper^k - V_upper^k-1||_inf = 3.86387099647405474201, ||V_lower^k - V_lower^k-1||_inf = 3.51337056213138021477
    Local Iteration   3: ||V_upper^k - V_upper^k-1||_inf = 3.76138285025216667634, ||V_lower^k - V_lower^k-1||_inf = 3.27982346163171278874
    Local Iteration   4: ||V_upper^k - V_upper^k-1||_inf = 3.66200705018146877023, ||V_lower^k - V_lower^k-1||_inf = 3.04821122270882227667
    Local Iteration   5: ||V_upper^k - V_upper^k-1||_inf = 3.56599038476837293388, ||V_lower^k - V_lower^k-1||_inf = 2.84174574614821162655
    Local Iteration   6: ||V_upper^k - V_upper^k-1||_inf = 3.47359669189632658259, ||V_lower^k - V_lower^k-1||_inf = 2.60259336035215005367
    Local Iteration   7: ||V_upper^k - V_upper^k-1||_inf = 3.35511958820223465949, ||V_lower^k - V_lower^k-1||_inf = 2.39942524996223127687
    Local Iteration   8: ||V_upper^k - V_upper^k-1||_inf = 3.23910858172622839746, ||V_lower^k - V_lower^k-1||_inf = 2.22562189175043023681
    Local Iteration   9: ||V_upper^k - V_upper^k-1||_inf = 3.12582222057605729759, ||V_lower^k - V_lower^k-1||_inf = 1.95524320653669247960
    Local Iteration  10: ||V_upper^k - V_upper^k-1||_inf = 0.08746849637743370209, ||V_lower^k - V_lower^k-1||_inf = 1.74585899313255366039
    Local Iteration  11: ||V_upper^k - V_upper^k-1||_inf = 0.08746849637743370209, ||V_lower^k - V_lower^k-1||_inf = 1.64686633679766725180
    Local Iteration  12: ||V_upper^k - V_upper^k-1||_inf = 0.08319192111928597200, ||V_lower^k - V_lower^k-1||_inf = 1.47828566178218467897
    Local Iteration  13: ||V_upper^k - V_upper^k-1||_inf = 0.08319192111928597200, ||V_lower^k - V_lower^k-1||_inf = 1.38020978739420074888
    Local Iteration  14: ||V_upper^k - V_upper^k-1||_inf = 0.07787574692918308727, ||V_lower^k - V_lower^k-1||_inf = 1.00355494251295573882
    Local Iteration  15: ||V_upper^k - V_upper^k-1||_inf = 0.07494449926251611771, ||V_lower^k - V_lower^k-1||_inf = 1.00355494251295529473
    Local Iteration  16: ||V_upper^k - V_upper^k-1||_inf = 0.07494449926251611771, ||V_lower^k - V_lower^k-1||_inf = 1.00355494251295529473
    Local Iteration  17: ||V_upper^k - V_upper^k-1||_inf = 0.07494449926251611771, ||V_lower^k - V_lower^k-1||_inf = 1.00355494251295529473
    Local Iteration  18: ||V_upper^k - V_upper^k-1||_inf = 0.07494449926251611771, ||V_lower^k - V_lower^k-1||_inf = 1.00355494251295529473
    Local Iteration  19: ||V_upper^k - V_upper^k-1||_inf = 0.07494449926251611771, ||V_lower^k - V_lower^k-1||_inf = 0.95895458706211511579
    Local Iteration  20: ||V_upper^k - V_upper^k-1||_inf = 0.07494449926251611771, ||V_lower^k - V_lower^k-1||_inf = 0.95895458706211489375
    Local Iteration  21: ||V_upper^k - V_upper^k-1||_inf = 0.07494449926251611771, ||V_lower^k - V_lower^k-1||_inf = 0.95895458706211489375
    Local Iteration  22: ||V_upper^k - V_upper^k-1||_inf = 0.07494449926251611771, ||V_lower^k - V_lower^k-1||_inf = 0.93819260749213662098
    Local Iteration  23: ||V_upper^k - V_upper^k-1||_inf = 0.07494449926251611771, ||V_lower^k - V_lower^k-1||_inf = 0.93819260749213662098
    Local Iteration  24: ||V_upper^k - V_upper^k-1||_inf = 0.07494449926251611771, ||V_lower^k - V_lower^k-1||_inf = 0.93819260749213662098
    Local Iteration  25: ||V_upper^k - V_upper^k-1||_inf = 0.05601125033356124661, ||V_lower^k - V_lower^k-1||_inf = 0.84274591822302125088
    Local Iteration  26: ||V_upper^k - V_upper^k-1||_inf = 0.05601125033356124661, ||V_lower^k - V_lower^k-1||_inf = 0.84274591822302125088
    Local Iteration  27: ||V_upper^k - V_upper^k-1||_inf = 0.05601125033356124661, ||V_lower^k - V_lower^k-1||_inf = 0.84274591822302125088
    Local Iteration  28: ||V_upper^k - V_upper^k-1||_inf = 0.05601125033356124661, ||V_lower^k - V_lower^k-1||_inf = 0.60453332522114866521
    Local Iteration  29: ||V_upper^k - V_upper^k-1||_inf = 0.05601125033356124661, ||V_lower^k - V_lower^k-1||_inf = 0.60453332522114866521
    Local Iteration  30: ||V_upper^k - V_upper^k-1||_inf = 0.05601125033356124661, ||V_lower^k - V_lower^k-1||_inf = 0.24270878013099939086
    Local Iteration  31: ||V_upper^k - V_upper^k-1||_inf = 0.05601125033356124661, ||V_lower^k - V_lower^k-1||_inf = 0.24270878013099939086
    Local Iteration  32: ||V_upper^k - V_upper^k-1||_inf = 0.05601125033356124661, ||V_lower^k - V_lower^k-1||_inf = 0.20506799938587749743
    Local Iteration  33: ||V_upper^k - V_upper^k-1||_inf = 0.05601125033356124661, ||V_lower^k - V_lower^k-1||_inf = 0.20506799938587749743
    Local Iteration  34: ||V_upper^k - V_upper^k-1||_inf = 0.05601125033356124661, ||V_lower^k - V_lower^k-1||_inf = 0.20506799938587749743
    Local Iteration  35: ||V_upper^k - V_upper^k-1||_inf = 0.05303128402243695305, ||V_lower^k - V_lower^k-1||_inf = 0.05858463995614322101
    Local Iteration  36: ||V_upper^k - V_upper^k-1||_inf = 0.04056660336849304827, ||V_lower^k - V_lower^k-1||_inf = 0.05858463995614322101
    Local Iteration  37: ||V_upper^k - V_upper^k-1||_inf = 0.03692985948706217769, ||V_lower^k - V_lower^k-1||_inf = 0.04578439493624181233
    Local Iteration  38: ||V_upper^k - V_upper^k-1||_inf = 0.03692985948706217769, ||V_lower^k - V_lower^k-1||_inf = 0.02618541054185853645
    Local Iteration  39: ||V_upper^k - V_upper^k-1||_inf = 0.01224497219455322750, ||V_lower^k - V_lower^k-1||_inf = 0.02618541054185853645
    Local Iteration  40: ||V_upper^k - V_upper^k-1||_inf = 0.01224497219455322750, ||V_lower^k - V_lower^k-1||_inf = 0.02618541054185853645
    Local Iteration  41: ||V_upper^k - V_upper^k-1||_inf = 0.00175214044393978696, ||V_lower^k - V_lower^k-1||_inf = 0.02618541054185853645
    Local Iteration  42: ||V_upper^k - V_upper^k-1||_inf = 0.00000000000000000000, ||V_lower^k - V_lower^k-1||_inf = 0.02618541054185853645
    Local Iteration  43: ||V_upper^k - V_upper^k-1||_inf = 0.00000000000000000000, ||V_lower^k - V_lower^k-1||_inf = 0.02618541054185853645
    Local Iteration  44: ||V_upper^k - V_upper^k-1||_inf = 0.00000000000000000000, ||V_lower^k - V_lower^k-1||_inf = 0.02618541054185853645
    Local Iteration  45: ||V_upper^k - V_upper^k-1||_inf = 0.00000000000000000000, ||V_lower^k - V_lower^k-1||_inf = 0.02618541054185853645
    Local Iteration  46: ||V_upper^k - V_upper^k-1||_inf = 0.00000000000000000000, ||V_lower^k - V_lower^k-1||_inf = 0.02618541054185853645
    Local Iteration  47: ||V_upper^k - V_upper^k-1||_inf = 0.00000000000000000000, ||V_lower^k - V_lower^k-1||_inf = 0.02618541054185853645
    Local Iteration  48: ||V_upper^k - V_upper^k-1||_inf = 0.00000000000000000000, ||V_lower^k - V_lower^k-1||_inf = 0.02618541054185853645
    Local Iteration  49: ||V_upper^k - V_upper^k-1||_inf = 0.00000000000000000000, ||V_lower^k - V_lower^k-1||_inf = 0.02618541054185853645
    Local Iteration  50: ||V_upper^k - V_upper^k-1||_inf = 0.00000000000000000000, ||V_lower^k - V_lower^k-1||_inf = 0.02618541054185853645
    Local Iteration  51: ||V_upper^k - V_upper^k-1||_inf = 0.00000000000000000000, ||V_lower^k - V_lower^k-1||_inf = 0.02618541054185853645
    Local Iteration  52: ||V_upper^k - V_upper^k-1||_inf = 0.00000000000000000000, ||V_lower^k - V_lower^k-1||_inf = 0.00000000000000000000

==================================================
 LOCAL CONVERGENCE ACHIEVED
==================================================
  ||V_upper^k - V_upper^k-1||_inf = 0.00000000000000000000e+00 < tolerance = 1e-08
  ||V_lower^k - V_lower^k-1||_inf = 0.00000000000000000000e+00 < tolerance = 1e-08
  Converged in 52 iterations
    Local VI completed in 52 iterations
    Final convergence values:
      ||V_upper^final - V_upper^prev||_inf = 0.00000000e+00
      ||V_lower^final - V_lower^prev||_inf = 0.00000000e+00
  Local VI completed in 52 iterations, time: 0.266s
    Final ||V_upper^k - V_upper^k-1||_inf = 0.00000000000000000000e+00
    Final ||V_lower^k - V_lower^k-1||_inf = 0.00000000000000000000e+00
  Saved visualization: /Users/i.k.tabbara/Documents/python directory/HSCC_2027/refactored_Implementations/results_hscc_2027/ra_nodiscount/dubins_res20_eps0.05_dmin1e-08_dmax1e-08_gamma0.9_dt0.3_tau0.3_std/value_function_phase_5_complete.png
  Phase 5 completed in 0.81s with 211808 leaf cells

Classification after phase 5:
  Safe:             2562 cells (  1.2%),    2.5% of state space
  Unsafe:           7014 cells (  3.3%),   18.5% of state space
  Unclassified:   202232 cells ( 95.5%),   79.0% of state space

======================================================================
REFINEMENT PHASE 6
======================================================================
Boundary cells: 202232
  Refinable (>eta_min=0.017678): 202232
  Below threshold: 0
  Cumulative refined: 203808
  Refinable cell size statistics:
    Max:    0.150000
    Mean:   0.150000
    Min:    0.150000
    Median: 0.150000
  Refining 202232 cells...
    Refined: 202232 parent cells
    Created: 404464 child cells
    Total cells: 414040
    Refinement time: 0.013s
    Cumulative refined: 406040
  Rebuilding spatial index...
  Building spatial index for 414040 cells...
   Spatial index built in 0.09s
    Spatial index rebuilt in 0.086s
  Initializing 404464 new cells...
  Initializing 404464 new cells in parallel...
   Initialized in 0.00s (414091630.4 cells/s)
    Initialization completed in 0.001s
  Starting local value iteration...
  Reinitializing ALL 414040 cells to l_lower/l_upper (Lemma 1 requirement)
   Reinitialized 414040 cells in 0.00s (427763950.8 cells/s)
  Local VI: updating all 414040 cells
    Conservative mode: False
    Convergence tolerance: 1e-08
    Max iterations: 100033
    Updating successor cache for 404464 updated cells...
    Updating successor cache for 404464 new cells (HYBRID)...
      Affected cells: 407972
   Trajectories + spatial queries computed in 0.27s (4562063.8 tasks/s)
    Breakdown: 50.1% ODE, 49.9% queries
     Cache updated in 0.30s (4054886.6 tasks/s)
    Local Iteration   1: ||V_upper^k - V_upper^k-1||_inf = 3.99601805137455867722, ||V_lower^k - V_lower^k-1||_inf = 3.83407164180331427872
    Local Iteration   2: ||V_upper^k - V_upper^k-1||_inf = 3.86387099647405474201, ||V_lower^k - V_lower^k-1||_inf = 3.62083194326072499436
    Local Iteration   3: ||V_upper^k - V_upper^k-1||_inf = 3.76138285025216667634, ||V_lower^k - V_lower^k-1||_inf = 3.43363438699375844720
    Local Iteration   4: ||V_upper^k - V_upper^k-1||_inf = 3.66200705018146877023, ||V_lower^k - V_lower^k-1||_inf = 3.26044412085132240264
    Local Iteration   5: ||V_upper^k - V_upper^k-1||_inf = 3.56599038476837293388, ||V_lower^k - V_lower^k-1||_inf = 3.09160952155743906644
    Local Iteration   6: ||V_upper^k - V_upper^k-1||_inf = 3.47359669189632658259, ||V_lower^k - V_lower^k-1||_inf = 2.98217463078151467926
    Local Iteration   7: ||V_upper^k - V_upper^k-1||_inf = 3.35511958820223465949, ||V_lower^k - V_lower^k-1||_inf = 2.80204412852615325491
    Local Iteration   8: ||V_upper^k - V_upper^k-1||_inf = 3.23910858172622839746, ||V_lower^k - V_lower^k-1||_inf = 2.67106477937018160773
    Local Iteration   9: ||V_upper^k - V_upper^k-1||_inf = 3.12582222057605729759, ||V_lower^k - V_lower^k-1||_inf = 2.47316728811993735704
    Local Iteration  10: ||V_upper^k - V_upper^k-1||_inf = 2.99228788078299245967, ||V_lower^k - V_lower^k-1||_inf = 2.19060074278821392824
    Local Iteration  11: ||V_upper^k - V_upper^k-1||_inf = 2.78585161435251782436, ||V_lower^k - V_lower^k-1||_inf = 1.93472868596339120373
    Local Iteration  12: ||V_upper^k - V_upper^k-1||_inf = 2.57427910767189960239, ||V_lower^k - V_lower^k-1||_inf = 1.63514537927107017623
    Local Iteration  13: ||V_upper^k - V_upper^k-1||_inf = 2.36279753109228396468, ||V_lower^k - V_lower^k-1||_inf = 1.35225859378337531780
    Local Iteration  14: ||V_upper^k - V_upper^k-1||_inf = 0.18977588419023172506, ||V_lower^k - V_lower^k-1||_inf = 0.99966228824246916584
    Local Iteration  15: ||V_upper^k - V_upper^k-1||_inf = 0.13292581370420286646, ||V_lower^k - V_lower^k-1||_inf = 0.53851602487190275426
    Local Iteration  16: ||V_upper^k - V_upper^k-1||_inf = 0.07612510851599152417, ||V_lower^k - V_lower^k-1||_inf = 0.53851602487190275426
    Local Iteration  17: ||V_upper^k - V_upper^k-1||_inf = 0.06574993555128871847, ||V_lower^k - V_lower^k-1||_inf = 0.39675508523215186063
    Local Iteration  18: ||V_upper^k - V_upper^k-1||_inf = 0.06167781514337811188, ||V_lower^k - V_lower^k-1||_inf = 0.39675508523215186063
    Local Iteration  19: ||V_upper^k - V_upper^k-1||_inf = 0.06167781514337811188, ||V_lower^k - V_lower^k-1||_inf = 0.39675508523215186063
    Local Iteration  20: ||V_upper^k - V_upper^k-1||_inf = 0.04463312467856672683, ||V_lower^k - V_lower^k-1||_inf = 0.33954214774026725276
    Local Iteration  21: ||V_upper^k - V_upper^k-1||_inf = 0.03376636666356125360, ||V_lower^k - V_lower^k-1||_inf = 0.33954214774026725276
    Local Iteration  22: ||V_upper^k - V_upper^k-1||_inf = 0.02280142572321741667, ||V_lower^k - V_lower^k-1||_inf = 0.33954214774026725276
    Local Iteration  23: ||V_upper^k - V_upper^k-1||_inf = 0.01529940535943286051, ||V_lower^k - V_lower^k-1||_inf = 0.33954214774026725276
    Local Iteration  24: ||V_upper^k - V_upper^k-1||_inf = 0.01529940535943286051, ||V_lower^k - V_lower^k-1||_inf = 0.31705596996022322731
    Local Iteration  25: ||V_upper^k - V_upper^k-1||_inf = 0.01316571611904282513, ||V_lower^k - V_lower^k-1||_inf = 0.25993154220387471032
    Local Iteration  26: ||V_upper^k - V_upper^k-1||_inf = 0.01306980312215877404, ||V_lower^k - V_lower^k-1||_inf = 0.25993154220387471032
    Local Iteration  27: ||V_upper^k - V_upper^k-1||_inf = 0.01306980312215877404, ||V_lower^k - V_lower^k-1||_inf = 0.25993154220387471032
    Local Iteration  28: ||V_upper^k - V_upper^k-1||_inf = 0.00567939476025824952, ||V_lower^k - V_lower^k-1||_inf = 0.25993154220387471032
    Local Iteration  29: ||V_upper^k - V_upper^k-1||_inf = 0.00000000000000000000, ||V_lower^k - V_lower^k-1||_inf = 0.25993154220387471032
    Local Iteration  30: ||V_upper^k - V_upper^k-1||_inf = 0.00000000000000000000, ||V_lower^k - V_lower^k-1||_inf = 0.25993154220387471032
    Local Iteration  31: ||V_upper^k - V_upper^k-1||_inf = 0.00000000000000000000, ||V_lower^k - V_lower^k-1||_inf = 0.25993154220387471032
    Local Iteration  32: ||V_upper^k - V_upper^k-1||_inf = 0.00000000000000000000, ||V_lower^k - V_lower^k-1||_inf = 0.22265723932211767266
    Local Iteration  33: ||V_upper^k - V_upper^k-1||_inf = 0.00000000000000000000, ||V_lower^k - V_lower^k-1||_inf = 0.22265723932211767266
    Local Iteration  34: ||V_upper^k - V_upper^k-1||_inf = 0.00000000000000000000, ||V_lower^k - V_lower^k-1||_inf = 0.22265723932211767266
    Local Iteration  35: ||V_upper^k - V_upper^k-1||_inf = 0.00000000000000000000, ||V_lower^k - V_lower^k-1||_inf = 0.22265723932211767266
    Local Iteration  36: ||V_upper^k - V_upper^k-1||_inf = 0.00000000000000000000, ||V_lower^k - V_lower^k-1||_inf = 0.22265723932211767266
    Local Iteration  37: ||V_upper^k - V_upper^k-1||_inf = 0.00000000000000000000, ||V_lower^k - V_lower^k-1||_inf = 0.22265723932211767266
    Local Iteration  38: ||V_upper^k - V_upper^k-1||_inf = 0.00000000000000000000, ||V_lower^k - V_lower^k-1||_inf = 0.22265723932211767266
    Local Iteration  39: ||V_upper^k - V_upper^k-1||_inf = 0.00000000000000000000, ||V_lower^k - V_lower^k-1||_inf = 0.22265723932211767266
    Local Iteration  40: ||V_upper^k - V_upper^k-1||_inf = 0.00000000000000000000, ||V_lower^k - V_lower^k-1||_inf = 0.22265723932211767266
    Local Iteration  41: ||V_upper^k - V_upper^k-1||_inf = 0.00000000000000000000, ||V_lower^k - V_lower^k-1||_inf = 0.22265723932211767266
    Local Iteration  42: ||V_upper^k - V_upper^k-1||_inf = 0.00000000000000000000, ||V_lower^k - V_lower^k-1||_inf = 0.22265723932211767266
    Local Iteration  43: ||V_upper^k - V_upper^k-1||_inf = 0.00000000000000000000, ||V_lower^k - V_lower^k-1||_inf = 0.22265723932211767266
    Local Iteration  44: ||V_upper^k - V_upper^k-1||_inf = 0.00000000000000000000, ||V_lower^k - V_lower^k-1||_inf = 0.22265723932211767266
    Local Iteration  45: ||V_upper^k - V_upper^k-1||_inf = 0.00000000000000000000, ||V_lower^k - V_lower^k-1||_inf = 0.22265723932211767266
    Local Iteration  46: ||V_upper^k - V_upper^k-1||_inf = 0.00000000000000000000, ||V_lower^k - V_lower^k-1||_inf = 0.22265723932211767266
    Local Iteration  47: ||V_upper^k - V_upper^k-1||_inf = 0.00000000000000000000, ||V_lower^k - V_lower^k-1||_inf = 0.22265723932211767266
    Local Iteration  48: ||V_upper^k - V_upper^k-1||_inf = 0.00000000000000000000, ||V_lower^k - V_lower^k-1||_inf = 0.13007526655700740736
    Local Iteration  49: ||V_upper^k - V_upper^k-1||_inf = 0.00000000000000000000, ||V_lower^k - V_lower^k-1||_inf = 0.13007526655700740736
    Local Iteration  50: ||V_upper^k - V_upper^k-1||_inf = 0.00000000000000000000, ||V_lower^k - V_lower^k-1||_inf = 0.05022830763011709720
    Local Iteration  51: ||V_upper^k - V_upper^k-1||_inf = 0.00000000000000000000, ||V_lower^k - V_lower^k-1||_inf = 0.04863030956444180930
    Local Iteration  52: ||V_upper^k - V_upper^k-1||_inf = 0.00000000000000000000, ||V_lower^k - V_lower^k-1||_inf = 0.00000000000000000000

==================================================
 LOCAL CONVERGENCE ACHIEVED
==================================================
  ||V_upper^k - V_upper^k-1||_inf = 0.00000000000000000000e+00 < tolerance = 1e-08
  ||V_lower^k - V_lower^k-1||_inf = 0.00000000000000000000e+00 < tolerance = 1e-08
  Converged in 52 iterations
    Local VI completed in 52 iterations
    Final convergence values:
      ||V_upper^final - V_upper^prev||_inf = 0.00000000e+00
      ||V_lower^final - V_lower^prev||_inf = 0.00000000e+00
  Local VI completed in 52 iterations, time: 0.429s
    Final ||V_upper^k - V_upper^k-1||_inf = 0.00000000000000000000e+00
    Final ||V_lower^k - V_lower^k-1||_inf = 0.00000000000000000000e+00
  Saved visualization: /Users/i.k.tabbara/Documents/python directory/HSCC_2027/refactored_Implementations/results_hscc_2027/ra_nodiscount/dubins_res20_eps0.05_dmin1e-08_dmax1e-08_gamma0.9_dt0.3_tau0.3_std/value_function_phase_6_complete.png
  Phase 6 completed in 1.10s with 414040 leaf cells

Classification after phase 6:
  Safe:           245988 cells ( 59.4%),   50.1% of state space
  Unsafe:          37556 cells (  9.1%),   24.4% of state space
  Unclassified:   130496 cells ( 31.5%),   25.5% of state space

======================================================================
REFINEMENT PHASE 7
======================================================================
Boundary cells: 130496
  Refinable (>eta_min=0.017678): 130496
  Below threshold: 0
  Cumulative refined: 406040
  Refinable cell size statistics:
    Max:    0.078540
    Mean:   0.078540
    Min:    0.078540
    Median: 0.078540
  Refining 130496 cells...
    Refined: 130496 parent cells
    Created: 260992 child cells
    Total cells: 544536
    Refinement time: 0.018s
    Cumulative refined: 536536
  Rebuilding spatial index...
  Building spatial index for 544536 cells...
   Spatial index built in 0.12s
    Spatial index rebuilt in 0.117s
  Initializing 260992 new cells...
  Initializing 260992 new cells in parallel...
   Initialized in 0.00s (451380818.0 cells/s)
    Initialization completed in 0.001s
  Starting local value iteration...
  Reinitializing ALL 544536 cells to l_lower/l_upper (Lemma 1 requirement)
   Reinitialized 544536 cells in 0.00s (396290471.5 cells/s)
  Local VI: updating all 544536 cells
    Conservative mode: False
    Convergence tolerance: 1e-08
    Max iterations: 100033
    Updating successor cache for 260992 updated cells...
    Updating successor cache for 260992 new cells (HYBRID)...
      Affected cells: 376850
   Trajectories + spatial queries computed in 0.26s (4347950.1 tasks/s)
    Breakdown: 45.7% ODE, 54.3% queries
     Cache updated in 0.31s (3673781.8 tasks/s)
    Local Iteration   1: ||V_upper^k - V_upper^k-1||_inf = 3.99601805137455867722, ||V_lower^k - V_lower^k-1||_inf = 3.83657466994130258442
    Local Iteration   2: ||V_upper^k - V_upper^k-1||_inf = 3.86387099647405474201, ||V_lower^k - V_lower^k-1||_inf = 3.62083194326072499436
    Local Iteration   3: ||V_upper^k - V_upper^k-1||_inf = 3.76138285025216667634, ||V_lower^k - V_lower^k-1||_inf = 3.43613741513174675291
    Local Iteration   4: ||V_upper^k - V_upper^k-1||_inf = 3.66200705018146877023, ||V_lower^k - V_lower^k-1||_inf = 3.30009065479827468081
    Local Iteration   5: ||V_upper^k - V_upper^k-1||_inf = 3.56599038476837293388, ||V_lower^k - V_lower^k-1||_inf = 3.09411254969542737214
    Local Iteration   6: ||V_upper^k - V_upper^k-1||_inf = 3.47359669189632658259, ||V_lower^k - V_lower^k-1||_inf = 2.95079999263852243985
    Local Iteration   7: ||V_upper^k - V_upper^k-1||_inf = 3.35511958820223465949, ||V_lower^k - V_lower^k-1||_inf = 2.80454715666414156061
    Local Iteration   8: ||V_upper^k - V_upper^k-1||_inf = 3.23910858172622839746, ||V_lower^k - V_lower^k-1||_inf = 2.68284618861237333931
    Local Iteration   9: ||V_upper^k - V_upper^k-1||_inf = 3.12582222057605729759, ||V_lower^k - V_lower^k-1||_inf = 2.49548634363595045471
    Local Iteration  10: ||V_upper^k - V_upper^k-1||_inf = 2.99228788078299245967, ||V_lower^k - V_lower^k-1||_inf = 2.20632482102374183341
    Local Iteration  11: ||V_upper^k - V_upper^k-1||_inf = 2.78585161435251782436, ||V_lower^k - V_lower^k-1||_inf = 1.94213855362591214515
    Local Iteration  12: ||V_upper^k - V_upper^k-1||_inf = 2.57427910767189960239, ||V_lower^k - V_lower^k-1||_inf = 1.63482073351579471066
    Local Iteration  13: ||V_upper^k - V_upper^k-1||_inf = 2.36279753109228396468, ||V_lower^k - V_lower^k-1||_inf = 1.34485170481177451762
    Local Iteration  14: ||V_upper^k - V_upper^k-1||_inf = 0.18977588419023172506, ||V_lower^k - V_lower^k-1||_inf = 0.98545961372911483611
    Local Iteration  15: ||V_upper^k - V_upper^k-1||_inf = 0.13292581370420286646, ||V_lower^k - V_lower^k-1||_inf = 0.53851602487190275426
    Local Iteration  16: ||V_upper^k - V_upper^k-1||_inf = 0.07512255351157914873, ||V_lower^k - V_lower^k-1||_inf = 0.53851602487190275426
    Local Iteration  17: ||V_upper^k - V_upper^k-1||_inf = 0.06536342205839895669, ||V_lower^k - V_lower^k-1||_inf = 0.36847679300220603782
    Local Iteration  18: ||V_upper^k - V_upper^k-1||_inf = 0.06167781514337811188, ||V_lower^k - V_lower^k-1||_inf = 0.36847679300220603782
    Local Iteration  19: ||V_upper^k - V_upper^k-1||_inf = 0.06167781514337811188, ||V_lower^k - V_lower^k-1||_inf = 0.36847679300220603782
    Local Iteration  20: ||V_upper^k - V_upper^k-1||_inf = 0.04463312467856694887, ||V_lower^k - V_lower^k-1||_inf = 0.36847679300220603782
    Local Iteration  21: ||V_upper^k - V_upper^k-1||_inf = 0.03376636666356125360, ||V_lower^k - V_lower^k-1||_inf = 0.33954214774026725276
    Local Iteration  22: ||V_upper^k - V_upper^k-1||_inf = 0.02280142572321741667, ||V_lower^k - V_lower^k-1||_inf = 0.33954214774026725276
    Local Iteration  23: ||V_upper^k - V_upper^k-1||_inf = 0.02265287631689538728, ||V_lower^k - V_lower^k-1||_inf = 0.33954214774026725276
    Local Iteration  24: ||V_upper^k - V_upper^k-1||_inf = 0.01529940535943286051, ||V_lower^k - V_lower^k-1||_inf = 0.32832432460131200092
    Local Iteration  25: ||V_upper^k - V_upper^k-1||_inf = 0.01339135198555352346, ||V_lower^k - V_lower^k-1||_inf = 0.29664338258889133559
    Local Iteration  26: ||V_upper^k - V_upper^k-1||_inf = 0.01306980312215877404, ||V_lower^k - V_lower^k-1||_inf = 0.29664338258889133559
    Local Iteration  27: ||V_upper^k - V_upper^k-1||_inf = 0.01306980312215877404, ||V_lower^k - V_lower^k-1||_inf = 0.29664338258889133559
    Local Iteration  28: ||V_upper^k - V_upper^k-1||_inf = 0.01306980312215877404, ||V_lower^k - V_lower^k-1||_inf = 0.29664338258889133559
    Local Iteration  29: ||V_upper^k - V_upper^k-1||_inf = 0.00000000000000000000, ||V_lower^k - V_lower^k-1||_inf = 0.29664338258889133559
    Local Iteration  30: ||V_upper^k - V_upper^k-1||_inf = 0.00000000000000000000, ||V_lower^k - V_lower^k-1||_inf = 0.29664338258889133559
    Local Iteration  31: ||V_upper^k - V_upper^k-1||_inf = 0.00000000000000000000, ||V_lower^k - V_lower^k-1||_inf = 0.29664338258889133559
    Local Iteration  32: ||V_upper^k - V_upper^k-1||_inf = 0.00000000000000000000, ||V_lower^k - V_lower^k-1||_inf = 0.26704316215296475256
    Local Iteration  33: ||V_upper^k - V_upper^k-1||_inf = 0.00000000000000000000, ||V_lower^k - V_lower^k-1||_inf = 0.26704316215296475256
    Local Iteration  34: ||V_upper^k - V_upper^k-1||_inf = 0.00000000000000000000, ||V_lower^k - V_lower^k-1||_inf = 0.26704316215296475256
    Local Iteration  35: ||V_upper^k - V_upper^k-1||_inf = 0.00000000000000000000, ||V_lower^k - V_lower^k-1||_inf = 0.26704316215296475256
    Local Iteration  36: ||V_upper^k - V_upper^k-1||_inf = 0.00000000000000000000, ||V_lower^k - V_lower^k-1||_inf = 0.26704316215296475256
    Local Iteration  37: ||V_upper^k - V_upper^k-1||_inf = 0.00000000000000000000, ||V_lower^k - V_lower^k-1||_inf = 0.26704316215296475256
    Local Iteration  38: ||V_upper^k - V_upper^k-1||_inf = 0.00000000000000000000, ||V_lower^k - V_lower^k-1||_inf = 0.26704316215296475256
    Local Iteration  39: ||V_upper^k - V_upper^k-1||_inf = 0.00000000000000000000, ||V_lower^k - V_lower^k-1||_inf = 0.26704316215296475256
    Local Iteration  40: ||V_upper^k - V_upper^k-1||_inf = 0.00000000000000000000, ||V_lower^k - V_lower^k-1||_inf = 0.26704316215296475256
    Local Iteration  41: ||V_upper^k - V_upper^k-1||_inf = 0.00000000000000000000, ||V_lower^k - V_lower^k-1||_inf = 0.26704316215296475256
    Local Iteration  42: ||V_upper^k - V_upper^k-1||_inf = 0.00000000000000000000, ||V_lower^k - V_lower^k-1||_inf = 0.26704316215296475256
    Local Iteration  43: ||V_upper^k - V_upper^k-1||_inf = 0.00000000000000000000, ||V_lower^k - V_lower^k-1||_inf = 0.26704316215296475256
    Local Iteration  44: ||V_upper^k - V_upper^k-1||_inf = 0.00000000000000000000, ||V_lower^k - V_lower^k-1||_inf = 0.26704316215296475256
    Local Iteration  45: ||V_upper^k - V_upper^k-1||_inf = 0.00000000000000000000, ||V_lower^k - V_lower^k-1||_inf = 0.26704316215296475256
    Local Iteration  46: ||V_upper^k - V_upper^k-1||_inf = 0.00000000000000000000, ||V_lower^k - V_lower^k-1||_inf = 0.26704316215296475256
    Local Iteration  47: ||V_upper^k - V_upper^k-1||_inf = 0.00000000000000000000, ||V_lower^k - V_lower^k-1||_inf = 0.26704316215296475256
    Local Iteration  48: ||V_upper^k - V_upper^k-1||_inf = 0.00000000000000000000, ||V_lower^k - V_lower^k-1||_inf = 0.26704316215296475256
    Local Iteration  49: ||V_upper^k - V_upper^k-1||_inf = 0.00000000000000000000, ||V_lower^k - V_lower^k-1||_inf = 0.13007526655700740736
    Local Iteration  50: ||V_upper^k - V_upper^k-1||_inf = 0.00000000000000000000, ||V_lower^k - V_lower^k-1||_inf = 0.13007526655700740736
    Local Iteration  51: ||V_upper^k - V_upper^k-1||_inf = 0.00000000000000000000, ||V_lower^k - V_lower^k-1||_inf = 0.04863030956444180930
    Local Iteration  52: ||V_upper^k - V_upper^k-1||_inf = 0.00000000000000000000, ||V_lower^k - V_lower^k-1||_inf = 0.00000000000000000000

==================================================
 LOCAL CONVERGENCE ACHIEVED
==================================================
  ||V_upper^k - V_upper^k-1||_inf = 0.00000000000000000000e+00 < tolerance = 1e-08
  ||V_lower^k - V_lower^k-1||_inf = 0.00000000000000000000e+00 < tolerance = 1e-08
  Converged in 52 iterations
    Local VI completed in 52 iterations
    Final convergence values:
      ||V_upper^final - V_upper^prev||_inf = 0.00000000e+00
      ||V_lower^final - V_lower^prev||_inf = 0.00000000e+00
  Local VI completed in 52 iterations, time: 0.529s
    Final ||V_upper^k - V_upper^k-1||_inf = 0.00000000000000000000e+00
    Final ||V_lower^k - V_lower^k-1||_inf = 0.00000000000000000000e+00
  Saved visualization: /Users/i.k.tabbara/Documents/python directory/HSCC_2027/refactored_Implementations/results_hscc_2027/ra_nodiscount/dubins_res20_eps0.05_dmin1e-08_dmax1e-08_gamma0.9_dt0.3_tau0.3_std/value_function_phase_7_complete.png
  Phase 7 completed in 1.20s with 544536 leaf cells

Classification after phase 7:
  Safe:           258026 cells ( 47.4%),   51.3% of state space
  Unsafe:          39010 cells (  7.2%),   24.6% of state space
  Unclassified:   247500 cells ( 45.5%),   24.2% of state space

======================================================================
REFINEMENT PHASE 8
======================================================================
Boundary cells: 247500
  Refinable (>eta_min=0.017678): 247500
  Below threshold: 0
  Cumulative refined: 536536
  Refinable cell size statistics:
    Max:    0.075000
    Mean:   0.075000
    Min:    0.075000
    Median: 0.075000
  Refining 247500 cells...
    Refined: 247500 parent cells
    Created: 495000 child cells
    Total cells: 792036
    Refinement time: 0.009s
    Cumulative refined: 784036
  Rebuilding spatial index...
  Building spatial index for 792036 cells...
   Spatial index built in 0.19s
    Spatial index rebuilt in 0.187s
  Initializing 495000 new cells...
  Initializing 495000 new cells in parallel...
   Initialized in 0.00s (432503276.5 cells/s)
    Initialization completed in 0.001s
  Starting local value iteration...
  Reinitializing ALL 792036 cells to l_lower/l_upper (Lemma 1 requirement)
   Reinitialized 792036 cells in 0.00s (377452076.0 cells/s)
  Local VI: updating all 792036 cells
    Conservative mode: False
    Convergence tolerance: 1e-08
    Max iterations: 100033
    Updating successor cache for 495000 updated cells...
    Updating successor cache for 495000 new cells (HYBRID)...
      Affected cells: 620666
   Trajectories + spatial queries computed in 0.43s (4319046.9 tasks/s)
    Breakdown: 43.1% ODE, 56.9% queries
     Cache updated in 0.50s (3747270.3 tasks/s)
    Local Iteration   1: ||V_upper^k - V_upper^k-1||_inf = 3.99601805137455867722, ||V_lower^k - V_lower^k-1||_inf = 3.84985383410615833455
    Local Iteration   2: ||V_upper^k - V_upper^k-1||_inf = 3.86387099647405474201, ||V_lower^k - V_lower^k-1||_inf = 3.62335356968333144323
    Local Iteration   3: ||V_upper^k - V_upper^k-1||_inf = 3.76138285025216667634, ||V_lower^k - V_lower^k-1||_inf = 3.45081475551776950539
    Local Iteration   4: ||V_upper^k - V_upper^k-1||_inf = 3.66200705018146877023, ||V_lower^k - V_lower^k-1||_inf = 3.30374155591340379345
    Local Iteration   5: ||V_upper^k - V_upper^k-1||_inf = 3.56599038476837293388, ||V_lower^k - V_lower^k-1||_inf = 3.11023969400028121868
    Local Iteration   6: ||V_upper^k - V_upper^k-1||_inf = 3.47359669189632658259, ||V_lower^k - V_lower^k-1||_inf = 2.97100938170930373161
    Local Iteration   7: ||V_upper^k - V_upper^k-1||_inf = 3.35511958820223465949, ||V_lower^k - V_lower^k-1||_inf = 2.84025218263649747996
    Local Iteration   8: ||V_upper^k - V_upper^k-1||_inf = 3.23910858172622839746, ||V_lower^k - V_lower^k-1||_inf = 2.72590882465502115650
    Local Iteration   9: ||V_upper^k - V_upper^k-1||_inf = 3.12582222057605729759, ||V_lower^k - V_lower^k-1||_inf = 2.51351026031521307402
    Local Iteration  10: ||V_upper^k - V_upper^k-1||_inf = 2.99228788078299245967, ||V_lower^k - V_lower^k-1||_inf = 2.26156692495724787051
    Local Iteration  11: ||V_upper^k - V_upper^k-1||_inf = 2.78585161435251782436, ||V_lower^k - V_lower^k-1||_inf = 1.96082638914890949877
    Local Iteration  12: ||V_upper^k - V_upper^k-1||_inf = 2.57427910767189960239, ||V_lower^k - V_lower^k-1||_inf = 1.65356742809490464552
    Local Iteration  13: ||V_upper^k - V_upper^k-1||_inf = 2.36279753109228396468, ||V_lower^k - V_lower^k-1||_inf = 1.33956346207375975865
    Local Iteration  14: ||V_upper^k - V_upper^k-1||_inf = 0.18257838165557460641, ||V_lower^k - V_lower^k-1||_inf = 1.00385048401455589939
    Local Iteration  15: ||V_upper^k - V_upper^k-1||_inf = 0.09506890233700815429, ||V_lower^k - V_lower^k-1||_inf = 0.53851602487190275426
    Local Iteration  16: ||V_upper^k - V_upper^k-1||_inf = 0.07631109209235953372, ||V_lower^k - V_lower^k-1||_inf = 0.53851602487190275426
    Local Iteration  17: ||V_upper^k - V_upper^k-1||_inf = 0.07151449924108277401, ||V_lower^k - V_lower^k-1||_inf = 0.53851602487190275426
    Local Iteration  18: ||V_upper^k - V_upper^k-1||_inf = 0.06167781514337811188, ||V_lower^k - V_lower^k-1||_inf = 0.42287670530019794146
    Local Iteration  19: ||V_upper^k - V_upper^k-1||_inf = 0.06167781514337811188, ||V_lower^k - V_lower^k-1||_inf = 0.42287670530019794146
    Local Iteration  20: ||V_upper^k - V_upper^k-1||_inf = 0.06101306410547380210, ||V_lower^k - V_lower^k-1||_inf = 0.42287670530019794146
    Local Iteration  21: ||V_upper^k - V_upper^k-1||_inf = 0.03481717484899515824, ||V_lower^k - V_lower^k-1||_inf = 0.33954214774026725276
    Local Iteration  22: ||V_upper^k - V_upper^k-1||_inf = 0.03481717484899515824, ||V_lower^k - V_lower^k-1||_inf = 0.33954214774026725276
    Local Iteration  23: ||V_upper^k - V_upper^k-1||_inf = 0.02823582635246157935, ||V_lower^k - V_lower^k-1||_inf = 0.33954214774026725276
    Local Iteration  24: ||V_upper^k - V_upper^k-1||_inf = 0.01617425403454775257, ||V_lower^k - V_lower^k-1||_inf = 0.33954214774026725276
    Local Iteration  25: ||V_upper^k - V_upper^k-1||_inf = 0.01339135198555352346, ||V_lower^k - V_lower^k-1||_inf = 0.32832432460131200092
    Local Iteration  26: ||V_upper^k - V_upper^k-1||_inf = 0.00676184941688595664, ||V_lower^k - V_lower^k-1||_inf = 0.32832432460131200092
    Local Iteration  27: ||V_upper^k - V_upper^k-1||_inf = 0.00676184941688595664, ||V_lower^k - V_lower^k-1||_inf = 0.29664338258889133559
    Local Iteration  28: ||V_upper^k - V_upper^k-1||_inf = 0.00676184941688595664, ||V_lower^k - V_lower^k-1||_inf = 0.29664338258889133559
    Local Iteration  29: ||V_upper^k - V_upper^k-1||_inf = 0.00676184941688595664, ||V_lower^k - V_lower^k-1||_inf = 0.29664338258889133559
    Local Iteration  30: ||V_upper^k - V_upper^k-1||_inf = 0.00676184941688595664, ||V_lower^k - V_lower^k-1||_inf = 0.29664338258889133559
    Local Iteration  31: ||V_upper^k - V_upper^k-1||_inf = 0.00676184941688595664, ||V_lower^k - V_lower^k-1||_inf = 0.29664338258889133559
    Local Iteration  32: ||V_upper^k - V_upper^k-1||_inf = 0.00676184941688595664, ||V_lower^k - V_lower^k-1||_inf = 0.29664338258889133559
    Local Iteration  33: ||V_upper^k - V_upper^k-1||_inf = 0.00676184941688595664, ||V_lower^k - V_lower^k-1||_inf = 0.24651838496617139995
    Local Iteration  34: ||V_upper^k - V_upper^k-1||_inf = 0.00676184941688595664, ||V_lower^k - V_lower^k-1||_inf = 0.24651838496617139995
    Local Iteration  35: ||V_upper^k - V_upper^k-1||_inf = 0.00676184941688595664, ||V_lower^k - V_lower^k-1||_inf = 0.24651838496617139995
    Local Iteration  36: ||V_upper^k - V_upper^k-1||_inf = 0.00676184941688595664, ||V_lower^k - V_lower^k-1||_inf = 0.24651838496617139995
    Local Iteration  37: ||V_upper^k - V_upper^k-1||_inf = 0.00676184941688595664, ||V_lower^k - V_lower^k-1||_inf = 0.24651838496617139995
    Local Iteration  38: ||V_upper^k - V_upper^k-1||_inf = 0.00676184941688595664, ||V_lower^k - V_lower^k-1||_inf = 0.24651838496617139995
    Local Iteration  39: ||V_upper^k - V_upper^k-1||_inf = 0.00676184941688595664, ||V_lower^k - V_lower^k-1||_inf = 0.24651838496617139995
    Local Iteration  40: ||V_upper^k - V_upper^k-1||_inf = 0.00676184941688595664, ||V_lower^k - V_lower^k-1||_inf = 0.24651838496617139995
    Local Iteration  41: ||V_upper^k - V_upper^k-1||_inf = 0.00676184941688595664, ||V_lower^k - V_lower^k-1||_inf = 0.24651838496617139995
    Local Iteration  42: ||V_upper^k - V_upper^k-1||_inf = 0.00676184941688595664, ||V_lower^k - V_lower^k-1||_inf = 0.24651838496617139995
    Local Iteration  43: ||V_upper^k - V_upper^k-1||_inf = 0.00676184941688595664, ||V_lower^k - V_lower^k-1||_inf = 0.24651838496617139995
    Local Iteration  44: ||V_upper^k - V_upper^k-1||_inf = 0.00676184941688595664, ||V_lower^k - V_lower^k-1||_inf = 0.24651838496617139995
    Local Iteration  45: ||V_upper^k - V_upper^k-1||_inf = 0.00676184941688595664, ||V_lower^k - V_lower^k-1||_inf = 0.24651838496617139995
    Local Iteration  46: ||V_upper^k - V_upper^k-1||_inf = 0.00676184941688595664, ||V_lower^k - V_lower^k-1||_inf = 0.24651838496617139995
    Local Iteration  47: ||V_upper^k - V_upper^k-1||_inf = 0.00676184941688595664, ||V_lower^k - V_lower^k-1||_inf = 0.24651838496617139995
    Local Iteration  48: ||V_upper^k - V_upper^k-1||_inf = 0.00676184941688595664, ||V_lower^k - V_lower^k-1||_inf = 0.24651838496617139995
    Local Iteration  49: ||V_upper^k - V_upper^k-1||_inf = 0.00676184941688595664, ||V_lower^k - V_lower^k-1||_inf = 0.24651838496617139995
    Local Iteration  50: ||V_upper^k - V_upper^k-1||_inf = 0.00676184941688595664, ||V_lower^k - V_lower^k-1||_inf = 0.17691293929145146535
    Local Iteration  51: ||V_upper^k - V_upper^k-1||_inf = 0.00676184941688595664, ||V_lower^k - V_lower^k-1||_inf = 0.04863030956444180930
    Local Iteration  52: ||V_upper^k - V_upper^k-1||_inf = 0.00676184941688595664, ||V_lower^k - V_lower^k-1||_inf = 0.04863030956444180930
    Local Iteration  53: ||V_upper^k - V_upper^k-1||_inf = 0.00567939476025758339, ||V_lower^k - V_lower^k-1||_inf = 0.00000000000000000000
    Local Iteration  54: ||V_upper^k - V_upper^k-1||_inf = 0.00000000000000000000, ||V_lower^k - V_lower^k-1||_inf = 0.00000000000000000000

==================================================
 LOCAL CONVERGENCE ACHIEVED
==================================================
  ||V_upper^k - V_upper^k-1||_inf = 0.00000000000000000000e+00 < tolerance = 1e-08
  ||V_lower^k - V_lower^k-1||_inf = 0.00000000000000000000e+00 < tolerance = 1e-08
  Converged in 54 iterations
    Local VI completed in 54 iterations
    Final convergence values:
      ||V_upper^final - V_upper^prev||_inf = 0.00000000e+00
      ||V_lower^final - V_lower^prev||_inf = 0.00000000e+00
  Local VI completed in 54 iterations, time: 0.882s
    Final ||V_upper^k - V_upper^k-1||_inf = 0.00000000000000000000e+00
    Final ||V_lower^k - V_lower^k-1||_inf = 0.00000000000000000000e+00
  Saved visualization: /Users/i.k.tabbara/Documents/python directory/HSCC_2027/refactored_Implementations/results_hscc_2027/ra_nodiscount/dubins_res20_eps0.05_dmin1e-08_dmax1e-08_gamma0.9_dt0.3_tau0.3_std/value_function_phase_8_complete.png
  Phase 8 completed in 1.71s with 792036 leaf cells

Classification after phase 8:
  Safe:           272136 cells ( 34.4%),   52.0% of state space
  Unsafe:          44576 cells (  5.6%),   24.8% of state space
  Unclassified:   475324 cells ( 60.0%),   23.2% of state space

======================================================================
REFINEMENT PHASE 9
======================================================================
Boundary cells: 475324
  Refinable (>eta_min=0.017678): 475324
  Below threshold: 0
  Cumulative refined: 784036
  Refinable cell size statistics:
    Max:    0.075000
    Mean:   0.075000
    Min:    0.075000
    Median: 0.075000
  Refining 475324 cells...
    Refined: 475324 parent cells
    Created: 950648 child cells
    Total cells: 1267360
    Refinement time: 0.043s
    Cumulative refined: 1259360
  Rebuilding spatial index...
  Building spatial index for 1267360 cells...
   Spatial index built in 0.30s
    Spatial index rebuilt in 0.301s
  Initializing 950648 new cells...
  Initializing 950648 new cells in parallel...
   Initialized in 0.00s (417997521.0 cells/s)
    Initialization completed in 0.002s
  Starting local value iteration...
  Reinitializing ALL 1267360 cells to l_lower/l_upper (Lemma 1 requirement)
   Reinitialized 1267360 cells in 0.00s (373086634.3 cells/s)
  Local VI: updating all 1267360 cells
    Conservative mode: False
    Convergence tolerance: 1e-08
    Max iterations: 100033
    Updating successor cache for 950648 updated cells...
    Updating successor cache for 950648 new cells (HYBRID)...
      Affected cells: 1087332

######################################################################
# run started 2026-10-03T12:31:52
# command: ./build/dhj --mode ra_nodiscount --dynamics dubins --dt 0.3 --tau 0.3 --initial-resolution 20 --epsilon 0.05 --delta-min 1e-8 --delta-max 1e-8 --gamma 0.9 --refinements 13 --vi-iterations 100033 --checkpoint-every 0 --plot-dpi 300 --workers 12 --results-root /Users/i.k.tabbara/Documents/python directory/HSCC_2027/refactored_Implementations/results_hscc_2027
# cwd: /Users/i.k.tabbara/Documents/python directory/HSCC_2027/refactored_Implementations/cpp
######################################################################
DISCRETE HJ REACH-AVOID SOLVER (C++)
Mode: ra_nodiscount (RA_nodiscount.py semantics)
Algorithm: 2, Workers: 12
Output directory: /Users/i.k.tabbara/Documents/python directory/HSCC_2027/refactored_Implementations/results_hscc_2027/ra_nodiscount/dubins_res20_eps0.05_dmin1e-08_dmax1e-08_gamma0.9_dt0.3_tau0.3_std
Conservative mode: False
Dynamics: dubins (3-D)
  Time discretization: 1 steps of dt=0.3 s over tau=0.3 s
======================================================================
ALGORITHM 2/3: Adaptive Refinement
======================================================================
Environment: dubins
Initializing grid with resolution 20^3...
  Building spatial index for 8000 cells...
   Spatial index built in 0.00s

Gronwall Reachability Initialized:
  Lipschitz constant L = 1
  Checkpoint interval dt = 0.3
  Control horizon tau = 0.3
  Number of checkpoints = 1
  Checkpoint times: ['0.300']
  Growth factors: ['1.349859']
Initialized with gamma=0.9, L_f=1, L_l=1.41421,  L_r=1.41421
Contraction factor: gamma*L_f = 0.9000
Using 12 parallel workers

======================================================================
ADAPTIVE REFINEMENT CONFIGURATION
======================================================================
  Error tolerance eps: 0.05
  Minimum cell size eta_min: 0.017678
  Maximum refinements: 13
  VI iterations per refinement: 100033
  Conservative mode: False

======================================================================
PHASE 0: INITIAL VALUE ITERATION
======================================================================
Grid: 8000 cells
  Precomputing successor sets...

Precomputing successor sets with HYBRID approach...
  Step 1: Computing 24000 trajectories in parallel...
   Trajectories + spatial queries computed in 0.01s (2693464.2 tasks/s)
    Breakdown: 60.6% ODE, 39.4% queries

Starting OPTIMIZED PARALLEL value iteration (max 100033 iterations)...
Conservative mode: False
Convergence tolerance: 0.001
Number of cells: 8000
Iteration   1: ||V_upper^k - V_upper^k-1||_inf = 0.00000000000000000000, ||V_lower^k - V_lower^k-1||_inf = 3.50836450585540315927
Iteration   2: ||V_upper^k - V_upper^k-1||_inf = 0.00000000000000000000, ||V_lower^k - V_lower^k-1||_inf = 3.08410043714347414934
Iteration   3: ||V_upper^k - V_upper^k-1||_inf = 0.00000000000000000000, ||V_lower^k - V_lower^k-1||_inf = 2.26801713875282295874
Iteration   4: ||V_upper^k - V_upper^k-1||_inf = 0.00000000000000000000, ||V_lower^k - V_lower^k-1||_inf = 1.69257931212709200608
Iteration   5: ||V_upper^k - V_upper^k-1||_inf = 0.00000000000000000000, ||V_lower^k - V_lower^k-1||_inf = 1.18811899074078852756
Iteration   6: ||V_upper^k - V_upper^k-1||_inf = 0.00000000000000000000, ||V_lower^k - V_lower^k-1||_inf = 0.83616362381269426773
Iteration   7: ||V_upper^k - V_upper^k-1||_inf = 0.00000000000000000000, ||V_lower^k - V_lower^k-1||_inf = 0.53851602487190275426
Iteration   8: ||V_upper^k - V_upper^k-1||_inf = 0.00000000000000000000, ||V_lower^k - V_lower^k-1||_inf = 0.29051127801366105619
Iteration   9: ||V_upper^k - V_upper^k-1||_inf = 0.00000000000000000000, ||V_lower^k - V_lower^k-1||_inf = 0.26220961466929271211
Iteration  10: ||V_upper^k - V_upper^k-1||_inf = 0.00000000000000000000, ||V_lower^k - V_lower^k-1||_inf = 0.09252889397911190361
Iteration  11: ||V_upper^k - V_upper^k-1||_inf = 0.00000000000000000000, ||V_lower^k - V_lower^k-1||_inf = 0.00000000000000000000

==================================================
 STANDARD CONVERGENCE ACHIEVED
==================================================
  ||V_upper^k - V_upper^k-1||_inf = 0.00000000000000000000e+00 < tolerance = 0.001
  ||V_lower^k - V_lower^k-1||_inf = 0.00000000000000000000e+00 < tolerance = 0.001
  Converged in 11 iterations

Value iteration completed in 11 iterations
total time for running value_iteration the first time (phase 0) on the initial grid including grid initialization, setting up cpu parallelism, successor set computation and value iteration is 0.498317 seconds
Initial VI completed in 11 iterations
Final convergence: ||V_upper||_inf = 0.00000000e+00, ||V_lower||_inf = 0.00000000e+00
Saved initial visualization: /Users/i.k.tabbara/Documents/python directory/HSCC_2027/refactored_Implementations/results_hscc_2027/ra_nodiscount/dubins_res20_eps0.05_dmin1e-08_dmax1e-08_gamma0.9_dt0.3_tau0.3_std/value_function_phase_0_complete.png

Classification after phase 0:
  Safe:               40 cells (  0.5%),    0.5% of state space
  Unsafe:            880 cells ( 11.0%),   11.0% of state space
  Unclassified:     7080 cells ( 88.5%),   88.5% of state space

======================================================================
INITIAL QUEUE STATE
======================================================================
Total boundary cells: 7080
  Refinable (>eta_min=0.017678): 7080
  Below threshold: 0

======================================================================
REFINEMENT PHASE 1
======================================================================
Boundary cells: 7080
  Refinable (>eta_min=0.017678): 7080
  Below threshold: 0
  Cumulative refined: 0
  Refinable cell size statistics:
    Max:    0.314159
    Mean:   0.314159
    Min:    0.314159
    Median: 0.314159
  Refining 7080 cells...
    Refined: 7080 parent cells
    Created: 14160 child cells
    Total cells: 15080
    Refinement time: 0.001s
    Cumulative refined: 7080
  Rebuilding spatial index...
  Building spatial index for 15080 cells...
   Spatial index built in 0.00s
    Spatial index rebuilt in 0.002s
  Initializing 14160 new cells...
  Initializing 14160 new cells in parallel...
   Initialized in 0.00s (117917457.8 cells/s)
    Initialization completed in 0.000s
  Starting local value iteration...
  Reinitializing ALL 15080 cells to l_lower/l_upper (Lemma 1 requirement)
   Reinitialized 15080 cells in 0.00s (255593220.3 cells/s)
  Local VI: updating all 15080 cells
    Conservative mode: False
    Convergence tolerance: 1e-08
    Max iterations: 100033
    Updating successor cache for 14160 updated cells...
    Updating successor cache for 14160 new cells (HYBRID)...
      Affected cells: 14704
   Trajectories + spatial queries computed in 0.01s (5001030.0 tasks/s)
    Breakdown: 58.1% ODE, 41.9% queries
     Cache updated in 0.01s (4574095.0 tasks/s)
    Local Iteration   1: ||V_upper^k - V_upper^k-1||_inf = 0.00000000000000000000, ||V_lower^k - V_lower^k-1||_inf = 3.51837661840735682617
    Local Iteration   2: ||V_upper^k - V_upper^k-1||_inf = 0.00000000000000000000, ||V_lower^k - V_lower^k-1||_inf = 3.09411254969542826032
    Local Iteration   3: ||V_upper^k - V_upper^k-1||_inf = 0.00000000000000000000, ||V_lower^k - V_lower^k-1||_inf = 2.66984848098349969447
    Local Iteration   4: ||V_upper^k - V_upper^k-1||_inf = 0.00000000000000000000, ||V_lower^k - V_lower^k-1||_inf = 2.24558441227157157272
    Local Iteration   5: ||V_upper^k - V_upper^k-1||_inf = 0.00000000000000000000, ||V_lower^k - V_lower^k-1||_inf = 1.82132034355964256278
    Local Iteration   6: ||V_upper^k - V_upper^k-1||_inf = 0.00000000000000000000, ||V_lower^k - V_lower^k-1||_inf = 1.39705627484771444102
    Local Iteration   7: ||V_upper^k - V_upper^k-1||_inf = 0.00000000000000000000, ||V_lower^k - V_lower^k-1||_inf = 0.97279220613578520904
    Local Iteration   8: ||V_upper^k - V_upper^k-1||_inf = 0.00000000000000000000, ||V_lower^k - V_lower^k-1||_inf = 0.53851602487190275426
    Local Iteration   9: ||V_upper^k - V_upper^k-1||_inf = 0.00000000000000000000, ||V_lower^k - V_lower^k-1||_inf = 0.53851602487190275426
    Local Iteration  10: ||V_upper^k - V_upper^k-1||_inf = 0.00000000000000000000, ||V_lower^k - V_lower^k-1||_inf = 0.53851602487190275426
    Local Iteration  11: ||V_upper^k - V_upper^k-1||_inf = 0.00000000000000000000, ||V_lower^k - V_lower^k-1||_inf = 0.53851602487190275426
    Local Iteration  12: ||V_upper^k - V_upper^k-1||_inf = 0.00000000000000000000, ||V_lower^k - V_lower^k-1||_inf = 0.27313970043927959797
    Local Iteration  13: ||V_upper^k - V_upper^k-1||_inf = 0.00000000000000000000, ||V_lower^k - V_lower^k-1||_inf = 0.10133049864738385981
    Local Iteration  14: ||V_upper^k - V_upper^k-1||_inf = 0.00000000000000000000, ||V_lower^k - V_lower^k-1||_inf = 0.05295906212118861589
    Local Iteration  15: ||V_upper^k - V_upper^k-1||_inf = 0.00000000000000000000, ||V_lower^k - V_lower^k-1||_inf = 0.00000000000000000000

==================================================
 LOCAL CONVERGENCE ACHIEVED
==================================================
  ||V_upper^k - V_upper^k-1||_inf = 0.00000000000000000000e+00 < tolerance = 1e-08
  ||V_lower^k - V_lower^k-1||_inf = 0.00000000000000000000e+00 < tolerance = 1e-08
  Converged in 15 iterations
    Local VI completed in 15 iterations
    Final convergence values:
      ||V_upper^final - V_upper^prev||_inf = 0.00000000e+00
      ||V_lower^final - V_lower^prev||_inf = 0.00000000e+00
  Local VI completed in 15 iterations, time: 0.012s
    Final ||V_upper^k - V_upper^k-1||_inf = 0.00000000000000000000e+00
    Final ||V_lower^k - V_lower^k-1||_inf = 0.00000000000000000000e+00
  Saved visualization: /Users/i.k.tabbara/Documents/python directory/HSCC_2027/refactored_Implementations/results_hscc_2027/ra_nodiscount/dubins_res20_eps0.05_dmin1e-08_dmax1e-08_gamma0.9_dt0.3_tau0.3_std/value_function_phase_1_complete.png
  Phase 1 completed in 0.51s with 15080 leaf cells

Classification after phase 1:
  Safe:               40 cells (  0.3%),    0.5% of state space
  Unsafe:            880 cells (  5.8%),   11.0% of state space
  Unclassified:    14160 cells ( 93.9%),   88.5% of state space

======================================================================
REFINEMENT PHASE 2
======================================================================
Boundary cells: 14160
  Refinable (>eta_min=0.017678): 14160
  Below threshold: 0
  Cumulative refined: 7080
  Refinable cell size statistics:
    Max:    0.300000
    Mean:   0.300000
    Min:    0.300000
    Median: 0.300000
  Refining 14160 cells...
    Refined: 14160 parent cells
    Created: 28320 child cells
    Total cells: 29240
    Refinement time: 0.001s
    Cumulative refined: 21240
  Rebuilding spatial index...
  Building spatial index for 29240 cells...
   Spatial index built in 0.00s
    Spatial index rebuilt in 0.005s
  Initializing 28320 new cells...
  Initializing 28320 new cells in parallel...
   Initialized in 0.00s (321664660.0 cells/s)
    Initialization completed in 0.000s
  Starting local value iteration...
  Reinitializing ALL 29240 cells to l_lower/l_upper (Lemma 1 requirement)
   Reinitialized 29240 cells in 0.00s (363414907.0 cells/s)
  Local VI: updating all 29240 cells
    Conservative mode: False
    Convergence tolerance: 1e-08
    Max iterations: 100033
    Updating successor cache for 28320 updated cells...
    Updating successor cache for 28320 new cells (HYBRID)...
      Affected cells: 28864
   Trajectories + spatial queries computed in 0.02s (4011659.3 tasks/s)
    Breakdown: 51.6% ODE, 48.4% queries
     Cache updated in 0.02s (3730705.2 tasks/s)
    Local Iteration   1: ||V_upper^k - V_upper^k-1||_inf = 3.99601805137455867722, ||V_lower^k - V_lower^k-1||_inf = 3.57175398266263011138
    Local Iteration   2: ||V_upper^k - V_upper^k-1||_inf = 0.00000000000000000000, ||V_lower^k - V_lower^k-1||_inf = 3.14752983527079122084
    Local Iteration   3: ||V_upper^k - V_upper^k-1||_inf = 0.00000000000000000000, ||V_lower^k - V_lower^k-1||_inf = 2.72331615716248442993
    Local Iteration   4: ||V_upper^k - V_upper^k-1||_inf = 0.00000000000000000000, ||V_lower^k - V_lower^k-1||_inf = 2.19307128517475113938
    Local Iteration   5: ||V_upper^k - V_upper^k-1||_inf = 0.00000000000000000000, ||V_lower^k - V_lower^k-1||_inf = 1.76890391450586825783
    Local Iteration   6: ||V_upper^k - V_upper^k-1||_inf = 0.00000000000000000000, ||V_lower^k - V_lower^k-1||_inf = 1.34478072611502819100
    Local Iteration   7: ||V_upper^k - V_upper^k-1||_inf = 0.00000000000000000000, ||V_lower^k - V_lower^k-1||_inf = 0.92074095373474551529
    Local Iteration   8: ||V_upper^k - V_upper^k-1||_inf = 0.00000000000000000000, ||V_lower^k - V_lower^k-1||_inf = 0.66180365383142514268
    Local Iteration   9: ||V_upper^k - V_upper^k-1||_inf = 0.00000000000000000000, ||V_lower^k - V_lower^k-1||_inf = 0.53851602487190275426
    Local Iteration  10: ||V_upper^k - V_upper^k-1||_inf = 0.00000000000000000000, ||V_lower^k - V_lower^k-1||_inf = 0.53851602487190275426
    Local Iteration  11: ||V_upper^k - V_upper^k-1||_inf = 0.00000000000000000000, ||V_lower^k - V_lower^k-1||_inf = 0.53851602487190275426
    Local Iteration  12: ||V_upper^k - V_upper^k-1||_inf = 0.00000000000000000000, ||V_lower^k - V_lower^k-1||_inf = 0.53851602487190275426
    Local Iteration  13: ||V_upper^k - V_upper^k-1||_inf = 0.00000000000000000000, ||V_lower^k - V_lower^k-1||_inf = 0.53851602487190275426
    Local Iteration  14: ||V_upper^k - V_upper^k-1||_inf = 0.00000000000000000000, ||V_lower^k - V_lower^k-1||_inf = 0.00706914367435840241
    Local Iteration  15: ||V_upper^k - V_upper^k-1||_inf = 0.00000000000000000000, ||V_lower^k - V_lower^k-1||_inf = 0.00000000000000000000

==================================================
 LOCAL CONVERGENCE ACHIEVED
==================================================
  ||V_upper^k - V_upper^k-1||_inf = 0.00000000000000000000e+00 < tolerance = 1e-08
  ||V_lower^k - V_lower^k-1||_inf = 0.00000000000000000000e+00 < tolerance = 1e-08
  Converged in 15 iterations
    Local VI completed in 15 iterations
    Final convergence values:
      ||V_upper^final - V_upper^prev||_inf = 0.00000000e+00
      ||V_lower^final - V_lower^prev||_inf = 0.00000000e+00
  Local VI completed in 15 iterations, time: 0.029s
    Final ||V_upper^k - V_upper^k-1||_inf = 0.00000000000000000000e+00
    Final ||V_lower^k - V_lower^k-1||_inf = 0.00000000000000000000e+00
  Saved visualization: /Users/i.k.tabbara/Documents/python directory/HSCC_2027/refactored_Implementations/results_hscc_2027/ra_nodiscount/dubins_res20_eps0.05_dmin1e-08_dmax1e-08_gamma0.9_dt0.3_tau0.3_std/value_function_phase_2_complete.png
  Phase 2 completed in 0.52s with 29240 leaf cells

Classification after phase 2:
  Safe:              132 cells (  0.5%),    0.8% of state space
  Unsafe:           1112 cells (  3.8%),   11.7% of state space
  Unclassified:    27996 cells ( 95.7%),   87.5% of state space

======================================================================
REFINEMENT PHASE 3
======================================================================
Boundary cells: 27996
  Refinable (>eta_min=0.017678): 27996
  Below threshold: 0
  Cumulative refined: 21240
  Refinable cell size statistics:
    Max:    0.300000
    Mean:   0.300000
    Min:    0.300000
    Median: 0.300000
  Refining 27996 cells...
    Refined: 27996 parent cells
    Created: 55992 child cells
    Total cells: 57236
    Refinement time: 0.002s
    Cumulative refined: 49236
  Rebuilding spatial index...
  Building spatial index for 57236 cells...
   Spatial index built in 0.01s
    Spatial index rebuilt in 0.011s
  Initializing 55992 new cells...
  Initializing 55992 new cells in parallel...
   Initialized in 0.00s (385044389.6 cells/s)
    Initialization completed in 0.000s
  Starting local value iteration...
  Reinitializing ALL 57236 cells to l_lower/l_upper (Lemma 1 requirement)
   Reinitialized 57236 cells in 0.00s (466916293.5 cells/s)
  Local VI: updating all 57236 cells
    Conservative mode: False
    Convergence tolerance: 1e-08
    Max iterations: 100033
    Updating successor cache for 55992 updated cells...
    Updating successor cache for 55992 new cells (HYBRID)...
      Affected cells: 56716
   Trajectories + spatial queries computed in 0.04s (4387194.1 tasks/s)
    Breakdown: 53.3% ODE, 46.7% queries
     Cache updated in 0.04s (4008158.5 tasks/s)
    Local Iteration   1: ||V_upper^k - V_upper^k-1||_inf = 3.99601805137455867722, ||V_lower^k - V_lower^k-1||_inf = 3.72550259648734405360
    Local Iteration   2: ||V_upper^k - V_upper^k-1||_inf = 3.84297609016864338827, ||V_lower^k - V_lower^k-1||_inf = 3.40877740002009455011
    Local Iteration   3: ||V_upper^k - V_upper^k-1||_inf = 3.74124382542612998748, ||V_lower^k - V_lower^k-1||_inf = 3.09552884481432899477
    Local Iteration   4: ||V_upper^k - V_upper^k-1||_inf = 3.64268400578739948159, ||V_lower^k - V_lower^k-1||_inf = 2.88381032201936049475
    Local Iteration   5: ||V_upper^k - V_upper^k-1||_inf = 3.52943865032612169585, ||V_lower^k - V_lower^k-1||_inf = 2.56066983996988328798
    Local Iteration   6: ||V_upper^k - V_upper^k-1||_inf = 3.41887611469566810030, ||V_lower^k - V_lower^k-1||_inf = 2.34868335049215604116
    Local Iteration   7: ||V_upper^k - V_upper^k-1||_inf = 3.31125064032736959874, ||V_lower^k - V_lower^k-1||_inf = 2.13672108926549508823
    Local Iteration   8: ||V_upper^k - V_upper^k-1||_inf = 0.09144474805748536994, ||V_lower^k - V_lower^k-1||_inf = 1.91513728943666405868
    Local Iteration   9: ||V_upper^k - V_upper^k-1||_inf = 0.09144474805748536994, ||V_lower^k - V_lower^k-1||_inf = 1.71289826532198530273
    Local Iteration  10: ||V_upper^k - V_upper^k-1||_inf = 0.07860101976860978112, ||V_lower^k - V_lower^k-1||_inf = 1.50106024414333516503
    Local Iteration  11: ||V_upper^k - V_upper^k-1||_inf = 0.07860101976860978112, ||V_lower^k - V_lower^k-1||_inf = 1.28929553385923600928
    Local Iteration  12: ||V_upper^k - V_upper^k-1||_inf = 0.07860101976860978112, ||V_lower^k - V_lower^k-1||_inf = 1.17991818421577265852
    Local Iteration  13: ||V_upper^k - V_upper^k-1||_inf = 0.07860101976860978112, ||V_lower^k - V_lower^k-1||_inf = 1.17991818421577265852
    Local Iteration  14: ||V_upper^k - V_upper^k-1||_inf = 0.07860101976860978112, ||V_lower^k - V_lower^k-1||_inf = 1.16571262966818856022
    Local Iteration  15: ||V_upper^k - V_upper^k-1||_inf = 0.07860101976860978112, ||V_lower^k - V_lower^k-1||_inf = 1.16571262966818856022
    Local Iteration  16: ||V_upper^k - V_upper^k-1||_inf = 0.07860101976860978112, ||V_lower^k - V_lower^k-1||_inf = 0.91793131254624205084
    Local Iteration  17: ||V_upper^k - V_upper^k-1||_inf = 0.07860101976860978112, ||V_lower^k - V_lower^k-1||_inf = 0.83039882833955447339
    Local Iteration  18: ||V_upper^k - V_upper^k-1||_inf = 0.07860101976860978112, ||V_lower^k - V_lower^k-1||_inf = 0.24270878013099939086
    Local Iteration  19: ||V_upper^k - V_upper^k-1||_inf = 0.07860101976860978112, ||V_lower^k - V_lower^k-1||_inf = 0.23080444435599378750
    Local Iteration  20: ||V_upper^k - V_upper^k-1||_inf = 0.07860101976860978112, ||V_lower^k - V_lower^k-1||_inf = 0.18632657946547159789
    Local Iteration  21: ||V_upper^k - V_upper^k-1||_inf = 0.07860101976860978112, ||V_lower^k - V_lower^k-1||_inf = 0.18632657946547159789
    Local Iteration  22: ||V_upper^k - V_upper^k-1||_inf = 0.07860101976860978112, ||V_lower^k - V_lower^k-1||_inf = 0.18632657946547159789
    Local Iteration  23: ||V_upper^k - V_upper^k-1||_inf = 0.07860101976860978112, ||V_lower^k - V_lower^k-1||_inf = 0.18632657946547159789
    Local Iteration  24: ||V_upper^k - V_upper^k-1||_inf = 0.07860101976860978112, ||V_lower^k - V_lower^k-1||_inf = 0.18632657946547159789
    Local Iteration  25: ||V_upper^k - V_upper^k-1||_inf = 0.07860101976860978112, ||V_lower^k - V_lower^k-1||_inf = 0.18632657946547159789
    Local Iteration  26: ||V_upper^k - V_upper^k-1||_inf = 0.07860101976860978112, ||V_lower^k - V_lower^k-1||_inf = 0.18632657946547159789
    Local Iteration  27: ||V_upper^k - V_upper^k-1||_inf = 0.07860101976860978112, ||V_lower^k - V_lower^k-1||_inf = 0.00000000000000000000
    Local Iteration  28: ||V_upper^k - V_upper^k-1||_inf = 0.07860101976860978112, ||V_lower^k - V_lower^k-1||_inf = 0.00000000000000000000
    Local Iteration  29: ||V_upper^k - V_upper^k-1||_inf = 0.07860101976860978112, ||V_lower^k - V_lower^k-1||_inf = 0.00000000000000000000
    Local Iteration  30: ||V_upper^k - V_upper^k-1||_inf = 0.00000000000000088818, ||V_lower^k - V_lower^k-1||_inf = 0.00000000000000000000

==================================================
 LOCAL CONVERGENCE ACHIEVED
==================================================
  ||V_upper^k - V_upper^k-1||_inf = 8.88178419700125232339e-16 < tolerance = 1e-08
  ||V_lower^k - V_lower^k-1||_inf = 0.00000000000000000000e+00 < tolerance = 1e-08
  Converged in 30 iterations
    Local VI completed in 30 iterations
    Final convergence values:
      ||V_upper^final - V_upper^prev||_inf = 8.88178420e-16
      ||V_lower^final - V_lower^prev||_inf = 0.00000000e+00
  Local VI completed in 30 iterations, time: 0.057s
    Final ||V_upper^k - V_upper^k-1||_inf = 8.88178419700125232339e-16
    Final ||V_lower^k - V_lower^k-1||_inf = 0.00000000000000000000e+00
  Saved visualization: /Users/i.k.tabbara/Documents/python directory/HSCC_2027/refactored_Implementations/results_hscc_2027/ra_nodiscount/dubins_res20_eps0.05_dmin1e-08_dmax1e-08_gamma0.9_dt0.3_tau0.3_std/value_function_phase_3_complete.png
  Phase 3 completed in 0.56s with 57236 leaf cells

Classification after phase 3:
  Safe:              716 cells (  1.3%),    1.7% of state space
  Unsafe:           4684 cells (  8.2%),   17.3% of state space
  Unclassified:    51836 cells ( 90.6%),   81.0% of state space

======================================================================
REFINEMENT PHASE 4
======================================================================
Boundary cells: 51836
  Refinable (>eta_min=0.017678): 51836
  Below threshold: 0
  Cumulative refined: 49236
  Refinable cell size statistics:
    Max:    0.157080
    Mean:   0.157080
    Min:    0.157080
    Median: 0.157080
  Refining 51836 cells...
    Refined: 51836 parent cells
    Created: 103672 child cells
    Total cells: 109072
    Refinement time: 0.003s
    Cumulative refined: 101072
  Rebuilding spatial index...
  Building spatial index for 109072 cells...
   Spatial index built in 0.02s
    Spatial index rebuilt in 0.020s
  Initializing 103672 new cells...
  Initializing 103672 new cells in parallel...
   Initialized in 0.00s (427439371.3 cells/s)
    Initialization completed in 0.000s
  Starting local value iteration...
  Reinitializing ALL 109072 cells to l_lower/l_upper (Lemma 1 requirement)
   Reinitialized 109072 cells in 0.00s (512978248.1 cells/s)
  Local VI: updating all 109072 cells
    Conservative mode: False
    Convergence tolerance: 1e-08
    Max iterations: 100033
    Updating successor cache for 103672 updated cells...
    Updating successor cache for 103672 new cells (HYBRID)...
      Affected cells: 105376
   Trajectories + spatial queries computed in 0.06s (4912805.8 tasks/s)
    Breakdown: 52.0% ODE, 48.0% queries
     Cache updated in 0.07s (4395830.7 tasks/s)
    Local Iteration   1: ||V_upper^k - V_upper^k-1||_inf = 3.99601805137455867722, ||V_lower^k - V_lower^k-1||_inf = 3.73050865276332110909
    Local Iteration   2: ||V_upper^k - V_upper^k-1||_inf = 3.84297609016864338827, ||V_lower^k - V_lower^k-1||_inf = 3.51837661840735727026
    Local Iteration   3: ||V_upper^k - V_upper^k-1||_inf = 3.74124382542612998748, ||V_lower^k - V_lower^k-1||_inf = 3.20173802406372676188
    Local Iteration   4: ||V_upper^k - V_upper^k-1||_inf = 3.64268400578739948159, ||V_lower^k - V_lower^k-1||_inf = 2.98970340962354930170
    Local Iteration   5: ||V_upper^k - V_upper^k-1||_inf = 3.52943865032612169585, ||V_lower^k - V_lower^k-1||_inf = 2.69897021449468610399
    Local Iteration   6: ||V_upper^k - V_upper^k-1||_inf = 3.41887611469566810030, ||V_lower^k - V_lower^k-1||_inf = 2.48897284266483564963
    Local Iteration   7: ||V_upper^k - V_upper^k-1||_inf = 3.31125064032736959874, ||V_lower^k - V_lower^k-1||_inf = 2.27931105131724098811
    Local Iteration   8: ||V_upper^k - V_upper^k-1||_inf = 0.09144474805748536994, ||V_lower^k - V_lower^k-1||_inf = 2.14172714554147214372
    Local Iteration   9: ||V_upper^k - V_upper^k-1||_inf = 0.08746849637743370209, ||V_lower^k - V_lower^k-1||_inf = 1.92979570818163326251
    Local Iteration  10: ||V_upper^k - V_upper^k-1||_inf = 0.08746849637743370209, ||V_lower^k - V_lower^k-1||_inf = 1.70728440336282316636
    Local Iteration  11: ||V_upper^k - V_upper^k-1||_inf = 0.08246244010145709069, ||V_lower^k - V_lower^k-1||_inf = 1.57541070486545375928
    Local Iteration  12: ||V_upper^k - V_upper^k-1||_inf = 0.07860101976860978112, ||V_lower^k - V_lower^k-1||_inf = 1.44629733810628802182
    Local Iteration  13: ||V_upper^k - V_upper^k-1||_inf = 0.07860101976860978112, ||V_lower^k - V_lower^k-1||_inf = 1.17071868594416561571
    Local Iteration  14: ||V_upper^k - V_upper^k-1||_inf = 0.07860101976860978112, ||V_lower^k - V_lower^k-1||_inf = 1.17071868594416561571
    Local Iteration  15: ||V_upper^k - V_upper^k-1||_inf = 0.07860101976860978112, ||V_lower^k - V_lower^k-1||_inf = 1.17071868594416561571
    Local Iteration  16: ||V_upper^k - V_upper^k-1||_inf = 0.07860101976860978112, ||V_lower^k - V_lower^k-1||_inf = 1.17071868594416561571
    Local Iteration  17: ||V_upper^k - V_upper^k-1||_inf = 0.07860101976860978112, ||V_lower^k - V_lower^k-1||_inf = 1.03658778744736879140
    Local Iteration  18: ||V_upper^k - V_upper^k-1||_inf = 0.07860101976860978112, ||V_lower^k - V_lower^k-1||_inf = 1.03658778744736879140
    Local Iteration  19: ||V_upper^k - V_upper^k-1||_inf = 0.07860101976860978112, ||V_lower^k - V_lower^k-1||_inf = 1.03658778744736879140
    Local Iteration  20: ||V_upper^k - V_upper^k-1||_inf = 0.07860101976860978112, ||V_lower^k - V_lower^k-1||_inf = 0.97279220613578554211
    Local Iteration  21: ||V_upper^k - V_upper^k-1||_inf = 0.07860101976860978112, ||V_lower^k - V_lower^k-1||_inf = 0.90589815916221028136
    Local Iteration  22: ||V_upper^k - V_upper^k-1||_inf = 0.07860101976860978112, ||V_lower^k - V_lower^k-1||_inf = 0.83540488461553141786
    Local Iteration  23: ||V_upper^k - V_upper^k-1||_inf = 0.07860101976860978112, ||V_lower^k - V_lower^k-1||_inf = 0.83540488461553141786
    Local Iteration  24: ||V_upper^k - V_upper^k-1||_inf = 0.07860101976860978112, ||V_lower^k - V_lower^k-1||_inf = 0.83540488461553141786
    Local Iteration  25: ||V_upper^k - V_upper^k-1||_inf = 0.07860101976860978112, ||V_lower^k - V_lower^k-1||_inf = 0.83540488461553141786
    Local Iteration  26: ||V_upper^k - V_upper^k-1||_inf = 0.07860101976860978112, ||V_lower^k - V_lower^k-1||_inf = 0.77478204910918302417
    Local Iteration  27: ||V_upper^k - V_upper^k-1||_inf = 0.07359496349263316972, ||V_lower^k - V_lower^k-1||_inf = 0.24270878013099939086
    Local Iteration  28: ||V_upper^k - V_upper^k-1||_inf = 0.06867818197304043082, ||V_lower^k - V_lower^k-1||_inf = 0.24270878013099939086
    Local Iteration  29: ||V_upper^k - V_upper^k-1||_inf = 0.06867818197304043082, ||V_lower^k - V_lower^k-1||_inf = 0.24270878013099939086
    Local Iteration  30: ||V_upper^k - V_upper^k-1||_inf = 0.06867818197304043082, ||V_lower^k - V_lower^k-1||_inf = 0.04931768900098187913
    Local Iteration  31: ||V_upper^k - V_upper^k-1||_inf = 0.06867818197304043082, ||V_lower^k - V_lower^k-1||_inf = 0.04931768900098187913
    Local Iteration  32: ||V_upper^k - V_upper^k-1||_inf = 0.06867818197304043082, ||V_lower^k - V_lower^k-1||_inf = 0.01585772059832631087
    Local Iteration  33: ||V_upper^k - V_upper^k-1||_inf = 0.06867818197303954264, ||V_lower^k - V_lower^k-1||_inf = 0.01585772059832631087
    Local Iteration  34: ||V_upper^k - V_upper^k-1||_inf = 0.03220884935517220882, ||V_lower^k - V_lower^k-1||_inf = 0.00000000000000000000
    Local Iteration  35: ||V_upper^k - V_upper^k-1||_inf = 0.02720279307919515333, ||V_lower^k - V_lower^k-1||_inf = 0.00000000000000000000
    Local Iteration  36: ||V_upper^k - V_upper^k-1||_inf = 0.00683586295587357284, ||V_lower^k - V_lower^k-1||_inf = 0.00000000000000000000
    Local Iteration  37: ||V_upper^k - V_upper^k-1||_inf = 0.00683586295587357284, ||V_lower^k - V_lower^k-1||_inf = 0.00000000000000000000
    Local Iteration  38: ||V_upper^k - V_upper^k-1||_inf = 0.00000000000000000000, ||V_lower^k - V_lower^k-1||_inf = 0.00000000000000000000

==================================================
 LOCAL CONVERGENCE ACHIEVED
==================================================
  ||V_upper^k - V_upper^k-1||_inf = 0.00000000000000000000e+00 < tolerance = 1e-08
  ||V_lower^k - V_lower^k-1||_inf = 0.00000000000000000000e+00 < tolerance = 1e-08
  Converged in 38 iterations
    Local VI completed in 38 iterations
    Final convergence values:
      ||V_upper^final - V_upper^prev||_inf = 0.00000000e+00
      ||V_lower^final - V_lower^prev||_inf = 0.00000000e+00
  Local VI completed in 38 iterations, time: 0.101s
    Final ||V_upper^k - V_upper^k-1||_inf = 0.00000000000000000000e+00
    Final ||V_lower^k - V_lower^k-1||_inf = 0.00000000000000000000e+00
  Saved visualization: /Users/i.k.tabbara/Documents/python directory/HSCC_2027/refactored_Implementations/results_hscc_2027/ra_nodiscount/dubins_res20_eps0.05_dmin1e-08_dmax1e-08_gamma0.9_dt0.3_tau0.3_std/value_function_phase_4_complete.png
  Phase 4 completed in 0.60s with 109072 leaf cells

Classification after phase 4:
  Safe:             1038 cells (  1.0%),    2.0% of state space
  Unsafe:           5298 cells (  4.9%),   17.8% of state space
  Unclassified:   102736 cells ( 94.2%),   80.3% of state space

======================================================================
REFINEMENT PHASE 5
======================================================================
Boundary cells: 102736
  Refinable (>eta_min=0.017678): 102736
  Below threshold: 0
  Cumulative refined: 101072
  Refinable cell size statistics:
    Max:    0.150000
    Mean:   0.150000
    Min:    0.150000
    Median: 0.150000
  Refining 102736 cells...
    Refined: 102736 parent cells
    Created: 205472 child cells
    Total cells: 211808
    Refinement time: 0.008s
    Cumulative refined: 203808
  Rebuilding spatial index...
  Building spatial index for 211808 cells...
   Spatial index built in 0.04s
    Spatial index rebuilt in 0.041s
  Initializing 205472 new cells...
  Initializing 205472 new cells in parallel...
   Initialized in 0.00s (439669357.8 cells/s)
    Initialization completed in 0.000s
  Starting local value iteration...
  Reinitializing ALL 211808 cells to l_lower/l_upper (Lemma 1 requirement)
   Reinitialized 211808 cells in 0.00s (487194939.6 cells/s)
  Local VI: updating all 211808 cells
    Conservative mode: False
    Convergence tolerance: 1e-08
    Max iterations: 100033
    Updating successor cache for 205472 updated cells...
    Updating successor cache for 205472 new cells (HYBRID)...
      Affected cells: 207492
   Trajectories + spatial queries computed in 0.14s (4574300.8 tasks/s)
    Breakdown: 46.2% ODE, 53.8% queries
     Cache updated in 0.15s (4108915.2 tasks/s)
    Local Iteration   1: ||V_upper^k - V_upper^k-1||_inf = 3.99601805137455867722, ||V_lower^k - V_lower^k-1||_inf = 3.75710960366724044945
    Local Iteration   2: ||V_upper^k - V_upper^k-1||_inf = 3.86387099647405474201, ||V_lower^k - V_lower^k-1||_inf = 3.51337056213138021477
    Local Iteration   3: ||V_upper^k - V_upper^k-1||_inf = 3.76138285025216667634, ||V_lower^k - V_lower^k-1||_inf = 3.27982346163171278874
    Local Iteration   4: ||V_upper^k - V_upper^k-1||_inf = 3.66200705018146877023, ||V_lower^k - V_lower^k-1||_inf = 3.04821122270882227667
    Local Iteration   5: ||V_upper^k - V_upper^k-1||_inf = 3.56599038476837293388, ||V_lower^k - V_lower^k-1||_inf = 2.84174574614821162655
    Local Iteration   6: ||V_upper^k - V_upper^k-1||_inf = 3.47359669189632658259, ||V_lower^k - V_lower^k-1||_inf = 2.60259336035215005367
    Local Iteration   7: ||V_upper^k - V_upper^k-1||_inf = 3.35511958820223465949, ||V_lower^k - V_lower^k-1||_inf = 2.39942524996223127687
    Local Iteration   8: ||V_upper^k - V_upper^k-1||_inf = 3.23910858172622839746, ||V_lower^k - V_lower^k-1||_inf = 2.22562189175043023681
    Local Iteration   9: ||V_upper^k - V_upper^k-1||_inf = 3.12582222057605729759, ||V_lower^k - V_lower^k-1||_inf = 1.95524320653669247960
    Local Iteration  10: ||V_upper^k - V_upper^k-1||_inf = 0.08746849637743370209, ||V_lower^k - V_lower^k-1||_inf = 1.74585899313255366039
    Local Iteration  11: ||V_upper^k - V_upper^k-1||_inf = 0.08746849637743370209, ||V_lower^k - V_lower^k-1||_inf = 1.64686633679766725180
    Local Iteration  12: ||V_upper^k - V_upper^k-1||_inf = 0.08319192111928597200, ||V_lower^k - V_lower^k-1||_inf = 1.47828566178218467897
    Local Iteration  13: ||V_upper^k - V_upper^k-1||_inf = 0.08319192111928597200, ||V_lower^k - V_lower^k-1||_inf = 1.38020978739420074888
    Local Iteration  14: ||V_upper^k - V_upper^k-1||_inf = 0.07787574692918308727, ||V_lower^k - V_lower^k-1||_inf = 1.00355494251295573882
    Local Iteration  15: ||V_upper^k - V_upper^k-1||_inf = 0.07494449926251611771, ||V_lower^k - V_lower^k-1||_inf = 1.00355494251295529473
    Local Iteration  16: ||V_upper^k - V_upper^k-1||_inf = 0.07494449926251611771, ||V_lower^k - V_lower^k-1||_inf = 1.00355494251295529473
    Local Iteration  17: ||V_upper^k - V_upper^k-1||_inf = 0.07494449926251611771, ||V_lower^k - V_lower^k-1||_inf = 1.00355494251295529473
    Local Iteration  18: ||V_upper^k - V_upper^k-1||_inf = 0.07494449926251611771, ||V_lower^k - V_lower^k-1||_inf = 1.00355494251295529473
    Local Iteration  19: ||V_upper^k - V_upper^k-1||_inf = 0.07494449926251611771, ||V_lower^k - V_lower^k-1||_inf = 0.95895458706211511579
    Local Iteration  20: ||V_upper^k - V_upper^k-1||_inf = 0.07494449926251611771, ||V_lower^k - V_lower^k-1||_inf = 0.95895458706211489375
    Local Iteration  21: ||V_upper^k - V_upper^k-1||_inf = 0.07494449926251611771, ||V_lower^k - V_lower^k-1||_inf = 0.95895458706211489375
    Local Iteration  22: ||V_upper^k - V_upper^k-1||_inf = 0.07494449926251611771, ||V_lower^k - V_lower^k-1||_inf = 0.93819260749213662098
    Local Iteration  23: ||V_upper^k - V_upper^k-1||_inf = 0.07494449926251611771, ||V_lower^k - V_lower^k-1||_inf = 0.93819260749213662098
    Local Iteration  24: ||V_upper^k - V_upper^k-1||_inf = 0.07494449926251611771, ||V_lower^k - V_lower^k-1||_inf = 0.93819260749213662098
    Local Iteration  25: ||V_upper^k - V_upper^k-1||_inf = 0.05601125033356124661, ||V_lower^k - V_lower^k-1||_inf = 0.84274591822302125088
    Local Iteration  26: ||V_upper^k - V_upper^k-1||_inf = 0.05601125033356124661, ||V_lower^k - V_lower^k-1||_inf = 0.84274591822302125088
    Local Iteration  27: ||V_upper^k - V_upper^k-1||_inf = 0.05601125033356124661, ||V_lower^k - V_lower^k-1||_inf = 0.84274591822302125088
    Local Iteration  28: ||V_upper^k - V_upper^k-1||_inf = 0.05601125033356124661, ||V_lower^k - V_lower^k-1||_inf = 0.60453332522114866521
    Local Iteration  29: ||V_upper^k - V_upper^k-1||_inf = 0.05601125033356124661, ||V_lower^k - V_lower^k-1||_inf = 0.60453332522114866521
    Local Iteration  30: ||V_upper^k - V_upper^k-1||_inf = 0.05601125033356124661, ||V_lower^k - V_lower^k-1||_inf = 0.24270878013099939086
    Local Iteration  31: ||V_upper^k - V_upper^k-1||_inf = 0.05601125033356124661, ||V_lower^k - V_lower^k-1||_inf = 0.24270878013099939086
    Local Iteration  32: ||V_upper^k - V_upper^k-1||_inf = 0.05601125033356124661, ||V_lower^k - V_lower^k-1||_inf = 0.20506799938587749743
    Local Iteration  33: ||V_upper^k - V_upper^k-1||_inf = 0.05601125033356124661, ||V_lower^k - V_lower^k-1||_inf = 0.20506799938587749743
    Local Iteration  34: ||V_upper^k - V_upper^k-1||_inf = 0.05601125033356124661, ||V_lower^k - V_lower^k-1||_inf = 0.20506799938587749743
    Local Iteration  35: ||V_upper^k - V_upper^k-1||_inf = 0.05303128402243695305, ||V_lower^k - V_lower^k-1||_inf = 0.05858463995614322101
    Local Iteration  36: ||V_upper^k - V_upper^k-1||_inf = 0.04056660336849304827, ||V_lower^k - V_lower^k-1||_inf = 0.05858463995614322101
    Local Iteration  37: ||V_upper^k - V_upper^k-1||_inf = 0.03692985948706217769, ||V_lower^k - V_lower^k-1||_inf = 0.04578439493624181233
    Local Iteration  38: ||V_upper^k - V_upper^k-1||_inf = 0.03692985948706217769, ||V_lower^k - V_lower^k-1||_inf = 0.02618541054185853645
    Local Iteration  39: ||V_upper^k - V_upper^k-1||_inf = 0.01224497219455322750, ||V_lower^k - V_lower^k-1||_inf = 0.02618541054185853645
    Local Iteration  40: ||V_upper^k - V_upper^k-1||_inf = 0.01224497219455322750, ||V_lower^k - V_lower^k-1||_inf = 0.02618541054185853645
    Local Iteration  41: ||V_upper^k - V_upper^k-1||_inf = 0.00175214044393978696, ||V_lower^k - V_lower^k-1||_inf = 0.02618541054185853645
    Local Iteration  42: ||V_upper^k - V_upper^k-1||_inf = 0.00000000000000000000, ||V_lower^k - V_lower^k-1||_inf = 0.02618541054185853645
    Local Iteration  43: ||V_upper^k - V_upper^k-1||_inf = 0.00000000000000000000, ||V_lower^k - V_lower^k-1||_inf = 0.02618541054185853645
    Local Iteration  44: ||V_upper^k - V_upper^k-1||_inf = 0.00000000000000000000, ||V_lower^k - V_lower^k-1||_inf = 0.02618541054185853645
    Local Iteration  45: ||V_upper^k - V_upper^k-1||_inf = 0.00000000000000000000, ||V_lower^k - V_lower^k-1||_inf = 0.02618541054185853645
    Local Iteration  46: ||V_upper^k - V_upper^k-1||_inf = 0.00000000000000000000, ||V_lower^k - V_lower^k-1||_inf = 0.02618541054185853645
    Local Iteration  47: ||V_upper^k - V_upper^k-1||_inf = 0.00000000000000000000, ||V_lower^k - V_lower^k-1||_inf = 0.02618541054185853645
    Local Iteration  48: ||V_upper^k - V_upper^k-1||_inf = 0.00000000000000000000, ||V_lower^k - V_lower^k-1||_inf = 0.02618541054185853645
    Local Iteration  49: ||V_upper^k - V_upper^k-1||_inf = 0.00000000000000000000, ||V_lower^k - V_lower^k-1||_inf = 0.02618541054185853645
    Local Iteration  50: ||V_upper^k - V_upper^k-1||_inf = 0.00000000000000000000, ||V_lower^k - V_lower^k-1||_inf = 0.02618541054185853645
    Local Iteration  51: ||V_upper^k - V_upper^k-1||_inf = 0.00000000000000000000, ||V_lower^k - V_lower^k-1||_inf = 0.02618541054185853645
    Local Iteration  52: ||V_upper^k - V_upper^k-1||_inf = 0.00000000000000000000, ||V_lower^k - V_lower^k-1||_inf = 0.00000000000000000000

==================================================
 LOCAL CONVERGENCE ACHIEVED
==================================================
  ||V_upper^k - V_upper^k-1||_inf = 0.00000000000000000000e+00 < tolerance = 1e-08
  ||V_lower^k - V_lower^k-1||_inf = 0.00000000000000000000e+00 < tolerance = 1e-08
  Converged in 52 iterations
    Local VI completed in 52 iterations
    Final convergence values:
      ||V_upper^final - V_upper^prev||_inf = 0.00000000e+00
      ||V_lower^final - V_lower^prev||_inf = 0.00000000e+00
  Local VI completed in 52 iterations, time: 0.249s
    Final ||V_upper^k - V_upper^k-1||_inf = 0.00000000000000000000e+00
    Final ||V_lower^k - V_lower^k-1||_inf = 0.00000000000000000000e+00
  Saved visualization: /Users/i.k.tabbara/Documents/python directory/HSCC_2027/refactored_Implementations/results_hscc_2027/ra_nodiscount/dubins_res20_eps0.05_dmin1e-08_dmax1e-08_gamma0.9_dt0.3_tau0.3_std/value_function_phase_5_complete.png
  Phase 5 completed in 0.79s with 211808 leaf cells

Classification after phase 5:
  Safe:             2562 cells (  1.2%),    2.5% of state space
  Unsafe:           7014 cells (  3.3%),   18.5% of state space
  Unclassified:   202232 cells ( 95.5%),   79.0% of state space

======================================================================
REFINEMENT PHASE 6
======================================================================
Boundary cells: 202232
  Refinable (>eta_min=0.017678): 202232
  Below threshold: 0
  Cumulative refined: 203808
  Refinable cell size statistics:
    Max:    0.150000
    Mean:   0.150000
    Min:    0.150000
    Median: 0.150000
  Refining 202232 cells...
    Refined: 202232 parent cells
    Created: 404464 child cells
    Total cells: 414040
    Refinement time: 0.014s
    Cumulative refined: 406040
  Rebuilding spatial index...
  Building spatial index for 414040 cells...
   Spatial index built in 0.10s
    Spatial index rebuilt in 0.097s
  Initializing 404464 new cells...
  Initializing 404464 new cells in parallel...
   Initialized in 0.00s (380076040.8 cells/s)
    Initialization completed in 0.001s
  Starting local value iteration...
  Reinitializing ALL 414040 cells to l_lower/l_upper (Lemma 1 requirement)
   Reinitialized 414040 cells in 0.00s (400070730.3 cells/s)
  Local VI: updating all 414040 cells
    Conservative mode: False
    Convergence tolerance: 1e-08
    Max iterations: 100033
    Updating successor cache for 404464 updated cells...
    Updating successor cache for 404464 new cells (HYBRID)...
      Affected cells: 407972
   Trajectories + spatial queries computed in 0.26s (4744547.8 tasks/s)
    Breakdown: 50.7% ODE, 49.3% queries
     Cache updated in 0.30s (4063896.2 tasks/s)
    Local Iteration   1: ||V_upper^k - V_upper^k-1||_inf = 3.99601805137455867722, ||V_lower^k - V_lower^k-1||_inf = 3.83407164180331427872
    Local Iteration   2: ||V_upper^k - V_upper^k-1||_inf = 3.86387099647405474201, ||V_lower^k - V_lower^k-1||_inf = 3.62083194326072499436
    Local Iteration   3: ||V_upper^k - V_upper^k-1||_inf = 3.76138285025216667634, ||V_lower^k - V_lower^k-1||_inf = 3.43363438699375844720
    Local Iteration   4: ||V_upper^k - V_upper^k-1||_inf = 3.66200705018146877023, ||V_lower^k - V_lower^k-1||_inf = 3.26044412085132240264
    Local Iteration   5: ||V_upper^k - V_upper^k-1||_inf = 3.56599038476837293388, ||V_lower^k - V_lower^k-1||_inf = 3.09160952155743906644
    Local Iteration   6: ||V_upper^k - V_upper^k-1||_inf = 3.47359669189632658259, ||V_lower^k - V_lower^k-1||_inf = 2.98217463078151467926
    Local Iteration   7: ||V_upper^k - V_upper^k-1||_inf = 3.35511958820223465949, ||V_lower^k - V_lower^k-1||_inf = 2.80204412852615325491
    Local Iteration   8: ||V_upper^k - V_upper^k-1||_inf = 3.23910858172622839746, ||V_lower^k - V_lower^k-1||_inf = 2.67106477937018160773
    Local Iteration   9: ||V_upper^k - V_upper^k-1||_inf = 3.12582222057605729759, ||V_lower^k - V_lower^k-1||_inf = 2.47316728811993735704
    Local Iteration  10: ||V_upper^k - V_upper^k-1||_inf = 2.99228788078299245967, ||V_lower^k - V_lower^k-1||_inf = 2.19060074278821392824
    Local Iteration  11: ||V_upper^k - V_upper^k-1||_inf = 2.78585161435251782436, ||V_lower^k - V_lower^k-1||_inf = 1.93472868596339120373
    Local Iteration  12: ||V_upper^k - V_upper^k-1||_inf = 2.57427910767189960239, ||V_lower^k - V_lower^k-1||_inf = 1.63514537927107017623
    Local Iteration  13: ||V_upper^k - V_upper^k-1||_inf = 2.36279753109228396468, ||V_lower^k - V_lower^k-1||_inf = 1.35225859378337531780
    Local Iteration  14: ||V_upper^k - V_upper^k-1||_inf = 0.18977588419023172506, ||V_lower^k - V_lower^k-1||_inf = 0.99966228824246916584
    Local Iteration  15: ||V_upper^k - V_upper^k-1||_inf = 0.13292581370420286646, ||V_lower^k - V_lower^k-1||_inf = 0.53851602487190275426
    Local Iteration  16: ||V_upper^k - V_upper^k-1||_inf = 0.07612510851599152417, ||V_lower^k - V_lower^k-1||_inf = 0.53851602487190275426
    Local Iteration  17: ||V_upper^k - V_upper^k-1||_inf = 0.06574993555128871847, ||V_lower^k - V_lower^k-1||_inf = 0.39675508523215186063
    Local Iteration  18: ||V_upper^k - V_upper^k-1||_inf = 0.06167781514337811188, ||V_lower^k - V_lower^k-1||_inf = 0.39675508523215186063
    Local Iteration  19: ||V_upper^k - V_upper^k-1||_inf = 0.06167781514337811188, ||V_lower^k - V_lower^k-1||_inf = 0.39675508523215186063
    Local Iteration  20: ||V_upper^k - V_upper^k-1||_inf = 0.04463312467856672683, ||V_lower^k - V_lower^k-1||_inf = 0.33954214774026725276
    Local Iteration  21: ||V_upper^k - V_upper^k-1||_inf = 0.03376636666356125360, ||V_lower^k - V_lower^k-1||_inf = 0.33954214774026725276
    Local Iteration  22: ||V_upper^k - V_upper^k-1||_inf = 0.02280142572321741667, ||V_lower^k - V_lower^k-1||_inf = 0.33954214774026725276
    Local Iteration  23: ||V_upper^k - V_upper^k-1||_inf = 0.01529940535943286051, ||V_lower^k - V_lower^k-1||_inf = 0.33954214774026725276
    Local Iteration  24: ||V_upper^k - V_upper^k-1||_inf = 0.01529940535943286051, ||V_lower^k - V_lower^k-1||_inf = 0.31705596996022322731
    Local Iteration  25: ||V_upper^k - V_upper^k-1||_inf = 0.01316571611904282513, ||V_lower^k - V_lower^k-1||_inf = 0.25993154220387471032
    Local Iteration  26: ||V_upper^k - V_upper^k-1||_inf = 0.01306980312215877404, ||V_lower^k - V_lower^k-1||_inf = 0.25993154220387471032
    Local Iteration  27: ||V_upper^k - V_upper^k-1||_inf = 0.01306980312215877404, ||V_lower^k - V_lower^k-1||_inf = 0.25993154220387471032
    Local Iteration  28: ||V_upper^k - V_upper^k-1||_inf = 0.00567939476025824952, ||V_lower^k - V_lower^k-1||_inf = 0.25993154220387471032
    Local Iteration  29: ||V_upper^k - V_upper^k-1||_inf = 0.00000000000000000000, ||V_lower^k - V_lower^k-1||_inf = 0.25993154220387471032
    Local Iteration  30: ||V_upper^k - V_upper^k-1||_inf = 0.00000000000000000000, ||V_lower^k - V_lower^k-1||_inf = 0.25993154220387471032
    Local Iteration  31: ||V_upper^k - V_upper^k-1||_inf = 0.00000000000000000000, ||V_lower^k - V_lower^k-1||_inf = 0.25993154220387471032
    Local Iteration  32: ||V_upper^k - V_upper^k-1||_inf = 0.00000000000000000000, ||V_lower^k - V_lower^k-1||_inf = 0.22265723932211767266
    Local Iteration  33: ||V_upper^k - V_upper^k-1||_inf = 0.00000000000000000000, ||V_lower^k - V_lower^k-1||_inf = 0.22265723932211767266
    Local Iteration  34: ||V_upper^k - V_upper^k-1||_inf = 0.00000000000000000000, ||V_lower^k - V_lower^k-1||_inf = 0.22265723932211767266
    Local Iteration  35: ||V_upper^k - V_upper^k-1||_inf = 0.00000000000000000000, ||V_lower^k - V_lower^k-1||_inf = 0.22265723932211767266
    Local Iteration  36: ||V_upper^k - V_upper^k-1||_inf = 0.00000000000000000000, ||V_lower^k - V_lower^k-1||_inf = 0.22265723932211767266
    Local Iteration  37: ||V_upper^k - V_upper^k-1||_inf = 0.00000000000000000000, ||V_lower^k - V_lower^k-1||_inf = 0.22265723932211767266
    Local Iteration  38: ||V_upper^k - V_upper^k-1||_inf = 0.00000000000000000000, ||V_lower^k - V_lower^k-1||_inf = 0.22265723932211767266
    Local Iteration  39: ||V_upper^k - V_upper^k-1||_inf = 0.00000000000000000000, ||V_lower^k - V_lower^k-1||_inf = 0.22265723932211767266
    Local Iteration  40: ||V_upper^k - V_upper^k-1||_inf = 0.00000000000000000000, ||V_lower^k - V_lower^k-1||_inf = 0.22265723932211767266
    Local Iteration  41: ||V_upper^k - V_upper^k-1||_inf = 0.00000000000000000000, ||V_lower^k - V_lower^k-1||_inf = 0.22265723932211767266
    Local Iteration  42: ||V_upper^k - V_upper^k-1||_inf = 0.00000000000000000000, ||V_lower^k - V_lower^k-1||_inf = 0.22265723932211767266
    Local Iteration  43: ||V_upper^k - V_upper^k-1||_inf = 0.00000000000000000000, ||V_lower^k - V_lower^k-1||_inf = 0.22265723932211767266
    Local Iteration  44: ||V_upper^k - V_upper^k-1||_inf = 0.00000000000000000000, ||V_lower^k - V_lower^k-1||_inf = 0.22265723932211767266
    Local Iteration  45: ||V_upper^k - V_upper^k-1||_inf = 0.00000000000000000000, ||V_lower^k - V_lower^k-1||_inf = 0.22265723932211767266
    Local Iteration  46: ||V_upper^k - V_upper^k-1||_inf = 0.00000000000000000000, ||V_lower^k - V_lower^k-1||_inf = 0.22265723932211767266
    Local Iteration  47: ||V_upper^k - V_upper^k-1||_inf = 0.00000000000000000000, ||V_lower^k - V_lower^k-1||_inf = 0.22265723932211767266
    Local Iteration  48: ||V_upper^k - V_upper^k-1||_inf = 0.00000000000000000000, ||V_lower^k - V_lower^k-1||_inf = 0.13007526655700740736
    Local Iteration  49: ||V_upper^k - V_upper^k-1||_inf = 0.00000000000000000000, ||V_lower^k - V_lower^k-1||_inf = 0.13007526655700740736
    Local Iteration  50: ||V_upper^k - V_upper^k-1||_inf = 0.00000000000000000000, ||V_lower^k - V_lower^k-1||_inf = 0.05022830763011709720
    Local Iteration  51: ||V_upper^k - V_upper^k-1||_inf = 0.00000000000000000000, ||V_lower^k - V_lower^k-1||_inf = 0.04863030956444180930
    Local Iteration  52: ||V_upper^k - V_upper^k-1||_inf = 0.00000000000000000000, ||V_lower^k - V_lower^k-1||_inf = 0.00000000000000000000

==================================================
 LOCAL CONVERGENCE ACHIEVED
==================================================
  ||V_upper^k - V_upper^k-1||_inf = 0.00000000000000000000e+00 < tolerance = 1e-08
  ||V_lower^k - V_lower^k-1||_inf = 0.00000000000000000000e+00 < tolerance = 1e-08
  Converged in 52 iterations
    Local VI completed in 52 iterations
    Final convergence values:
      ||V_upper^final - V_upper^prev||_inf = 0.00000000e+00
      ||V_lower^final - V_lower^prev||_inf = 0.00000000e+00
  Local VI completed in 52 iterations, time: 0.428s
    Final ||V_upper^k - V_upper^k-1||_inf = 0.00000000000000000000e+00
    Final ||V_lower^k - V_lower^k-1||_inf = 0.00000000000000000000e+00
  Saved visualization: /Users/i.k.tabbara/Documents/python directory/HSCC_2027/refactored_Implementations/results_hscc_2027/ra_nodiscount/dubins_res20_eps0.05_dmin1e-08_dmax1e-08_gamma0.9_dt0.3_tau0.3_std/value_function_phase_6_complete.png
  Phase 6 completed in 1.06s with 414040 leaf cells

Classification after phase 6:
  Safe:           245988 cells ( 59.4%),   50.1% of state space
  Unsafe:          37556 cells (  9.1%),   24.4% of state space
  Unclassified:   130496 cells ( 31.5%),   25.5% of state space

======================================================================
REFINEMENT PHASE 7
======================================================================
Boundary cells: 130496
  Refinable (>eta_min=0.017678): 130496
  Below threshold: 0
  Cumulative refined: 406040
  Refinable cell size statistics:
    Max:    0.078540
    Mean:   0.078540
    Min:    0.078540
    Median: 0.078540
  Refining 130496 cells...
    Refined: 130496 parent cells
    Created: 260992 child cells
    Total cells: 544536
    Refinement time: 0.019s
    Cumulative refined: 536536
  Rebuilding spatial index...
  Building spatial index for 544536 cells...
   Spatial index built in 0.12s
    Spatial index rebuilt in 0.125s
  Initializing 260992 new cells...
  Initializing 260992 new cells in parallel...
   Initialized in 0.00s (447574705.3 cells/s)
    Initialization completed in 0.001s
  Starting local value iteration...
  Reinitializing ALL 544536 cells to l_lower/l_upper (Lemma 1 requirement)
   Reinitialized 544536 cells in 0.00s (394317282.4 cells/s)
  Local VI: updating all 544536 cells
    Conservative mode: False
    Convergence tolerance: 1e-08
    Max iterations: 100033
    Updating successor cache for 260992 updated cells...
    Updating successor cache for 260992 new cells (HYBRID)...
      Affected cells: 376850
   Trajectories + spatial queries computed in 0.26s (4375008.0 tasks/s)
    Breakdown: 46.3% ODE, 53.7% queries
     Cache updated in 0.31s (3693818.7 tasks/s)
    Local Iteration   1: ||V_upper^k - V_upper^k-1||_inf = 3.99601805137455867722, ||V_lower^k - V_lower^k-1||_inf = 3.83657466994130258442
    Local Iteration   2: ||V_upper^k - V_upper^k-1||_inf = 3.86387099647405474201, ||V_lower^k - V_lower^k-1||_inf = 3.62083194326072499436
    Local Iteration   3: ||V_upper^k - V_upper^k-1||_inf = 3.76138285025216667634, ||V_lower^k - V_lower^k-1||_inf = 3.43613741513174675291
    Local Iteration   4: ||V_upper^k - V_upper^k-1||_inf = 3.66200705018146877023, ||V_lower^k - V_lower^k-1||_inf = 3.30009065479827468081
    Local Iteration   5: ||V_upper^k - V_upper^k-1||_inf = 3.56599038476837293388, ||V_lower^k - V_lower^k-1||_inf = 3.09411254969542737214
    Local Iteration   6: ||V_upper^k - V_upper^k-1||_inf = 3.47359669189632658259, ||V_lower^k - V_lower^k-1||_inf = 2.95079999263852243985
    Local Iteration   7: ||V_upper^k - V_upper^k-1||_inf = 3.35511958820223465949, ||V_lower^k - V_lower^k-1||_inf = 2.80454715666414156061
    Local Iteration   8: ||V_upper^k - V_upper^k-1||_inf = 3.23910858172622839746, ||V_lower^k - V_lower^k-1||_inf = 2.68284618861237333931
    Local Iteration   9: ||V_upper^k - V_upper^k-1||_inf = 3.12582222057605729759, ||V_lower^k - V_lower^k-1||_inf = 2.49548634363595045471
    Local Iteration  10: ||V_upper^k - V_upper^k-1||_inf = 2.99228788078299245967, ||V_lower^k - V_lower^k-1||_inf = 2.20632482102374183341
    Local Iteration  11: ||V_upper^k - V_upper^k-1||_inf = 2.78585161435251782436, ||V_lower^k - V_lower^k-1||_inf = 1.94213855362591214515
    Local Iteration  12: ||V_upper^k - V_upper^k-1||_inf = 2.57427910767189960239, ||V_lower^k - V_lower^k-1||_inf = 1.63482073351579471066
    Local Iteration  13: ||V_upper^k - V_upper^k-1||_inf = 2.36279753109228396468, ||V_lower^k - V_lower^k-1||_inf = 1.34485170481177451762
    Local Iteration  14: ||V_upper^k - V_upper^k-1||_inf = 0.18977588419023172506, ||V_lower^k - V_lower^k-1||_inf = 0.98545961372911483611
    Local Iteration  15: ||V_upper^k - V_upper^k-1||_inf = 0.13292581370420286646, ||V_lower^k - V_lower^k-1||_inf = 0.53851602487190275426
    Local Iteration  16: ||V_upper^k - V_upper^k-1||_inf = 0.07512255351157914873, ||V_lower^k - V_lower^k-1||_inf = 0.53851602487190275426
    Local Iteration  17: ||V_upper^k - V_upper^k-1||_inf = 0.06536342205839895669, ||V_lower^k - V_lower^k-1||_inf = 0.36847679300220603782
    Local Iteration  18: ||V_upper^k - V_upper^k-1||_inf = 0.06167781514337811188, ||V_lower^k - V_lower^k-1||_inf = 0.36847679300220603782
    Local Iteration  19: ||V_upper^k - V_upper^k-1||_inf = 0.06167781514337811188, ||V_lower^k - V_lower^k-1||_inf = 0.36847679300220603782
    Local Iteration  20: ||V_upper^k - V_upper^k-1||_inf = 0.04463312467856694887, ||V_lower^k - V_lower^k-1||_inf = 0.36847679300220603782
    Local Iteration  21: ||V_upper^k - V_upper^k-1||_inf = 0.03376636666356125360, ||V_lower^k - V_lower^k-1||_inf = 0.33954214774026725276
    Local Iteration  22: ||V_upper^k - V_upper^k-1||_inf = 0.02280142572321741667, ||V_lower^k - V_lower^k-1||_inf = 0.33954214774026725276
    Local Iteration  23: ||V_upper^k - V_upper^k-1||_inf = 0.02265287631689538728, ||V_lower^k - V_lower^k-1||_inf = 0.33954214774026725276
    Local Iteration  24: ||V_upper^k - V_upper^k-1||_inf = 0.01529940535943286051, ||V_lower^k - V_lower^k-1||_inf = 0.32832432460131200092
    Local Iteration  25: ||V_upper^k - V_upper^k-1||_inf = 0.01339135198555352346, ||V_lower^k - V_lower^k-1||_inf = 0.29664338258889133559
    Local Iteration  26: ||V_upper^k - V_upper^k-1||_inf = 0.01306980312215877404, ||V_lower^k - V_lower^k-1||_inf = 0.29664338258889133559
    Local Iteration  27: ||V_upper^k - V_upper^k-1||_inf = 0.01306980312215877404, ||V_lower^k - V_lower^k-1||_inf = 0.29664338258889133559
    Local Iteration  28: ||V_upper^k - V_upper^k-1||_inf = 0.01306980312215877404, ||V_lower^k - V_lower^k-1||_inf = 0.29664338258889133559
    Local Iteration  29: ||V_upper^k - V_upper^k-1||_inf = 0.00000000000000000000, ||V_lower^k - V_lower^k-1||_inf = 0.29664338258889133559
    Local Iteration  30: ||V_upper^k - V_upper^k-1||_inf = 0.00000000000000000000, ||V_lower^k - V_lower^k-1||_inf = 0.29664338258889133559
    Local Iteration  31: ||V_upper^k - V_upper^k-1||_inf = 0.00000000000000000000, ||V_lower^k - V_lower^k-1||_inf = 0.29664338258889133559
    Local Iteration  32: ||V_upper^k - V_upper^k-1||_inf = 0.00000000000000000000, ||V_lower^k - V_lower^k-1||_inf = 0.26704316215296475256
    Local Iteration  33: ||V_upper^k - V_upper^k-1||_inf = 0.00000000000000000000, ||V_lower^k - V_lower^k-1||_inf = 0.26704316215296475256
    Local Iteration  34: ||V_upper^k - V_upper^k-1||_inf = 0.00000000000000000000, ||V_lower^k - V_lower^k-1||_inf = 0.26704316215296475256
    Local Iteration  35: ||V_upper^k - V_upper^k-1||_inf = 0.00000000000000000000, ||V_lower^k - V_lower^k-1||_inf = 0.26704316215296475256
    Local Iteration  36: ||V_upper^k - V_upper^k-1||_inf = 0.00000000000000000000, ||V_lower^k - V_lower^k-1||_inf = 0.26704316215296475256
    Local Iteration  37: ||V_upper^k - V_upper^k-1||_inf = 0.00000000000000000000, ||V_lower^k - V_lower^k-1||_inf = 0.26704316215296475256
    Local Iteration  38: ||V_upper^k - V_upper^k-1||_inf = 0.00000000000000000000, ||V_lower^k - V_lower^k-1||_inf = 0.26704316215296475256
    Local Iteration  39: ||V_upper^k - V_upper^k-1||_inf = 0.00000000000000000000, ||V_lower^k - V_lower^k-1||_inf = 0.26704316215296475256
    Local Iteration  40: ||V_upper^k - V_upper^k-1||_inf = 0.00000000000000000000, ||V_lower^k - V_lower^k-1||_inf = 0.26704316215296475256
    Local Iteration  41: ||V_upper^k - V_upper^k-1||_inf = 0.00000000000000000000, ||V_lower^k - V_lower^k-1||_inf = 0.26704316215296475256
    Local Iteration  42: ||V_upper^k - V_upper^k-1||_inf = 0.00000000000000000000, ||V_lower^k - V_lower^k-1||_inf = 0.26704316215296475256
    Local Iteration  43: ||V_upper^k - V_upper^k-1||_inf = 0.00000000000000000000, ||V_lower^k - V_lower^k-1||_inf = 0.26704316215296475256
    Local Iteration  44: ||V_upper^k - V_upper^k-1||_inf = 0.00000000000000000000, ||V_lower^k - V_lower^k-1||_inf = 0.26704316215296475256
    Local Iteration  45: ||V_upper^k - V_upper^k-1||_inf = 0.00000000000000000000, ||V_lower^k - V_lower^k-1||_inf = 0.26704316215296475256
    Local Iteration  46: ||V_upper^k - V_upper^k-1||_inf = 0.00000000000000000000, ||V_lower^k - V_lower^k-1||_inf = 0.26704316215296475256
    Local Iteration  47: ||V_upper^k - V_upper^k-1||_inf = 0.00000000000000000000, ||V_lower^k - V_lower^k-1||_inf = 0.26704316215296475256
    Local Iteration  48: ||V_upper^k - V_upper^k-1||_inf = 0.00000000000000000000, ||V_lower^k - V_lower^k-1||_inf = 0.26704316215296475256
    Local Iteration  49: ||V_upper^k - V_upper^k-1||_inf = 0.00000000000000000000, ||V_lower^k - V_lower^k-1||_inf = 0.13007526655700740736
    Local Iteration  50: ||V_upper^k - V_upper^k-1||_inf = 0.00000000000000000000, ||V_lower^k - V_lower^k-1||_inf = 0.13007526655700740736
    Local Iteration  51: ||V_upper^k - V_upper^k-1||_inf = 0.00000000000000000000, ||V_lower^k - V_lower^k-1||_inf = 0.04863030956444180930
    Local Iteration  52: ||V_upper^k - V_upper^k-1||_inf = 0.00000000000000000000, ||V_lower^k - V_lower^k-1||_inf = 0.00000000000000000000

==================================================
 LOCAL CONVERGENCE ACHIEVED
==================================================
  ||V_upper^k - V_upper^k-1||_inf = 0.00000000000000000000e+00 < tolerance = 1e-08
  ||V_lower^k - V_lower^k-1||_inf = 0.00000000000000000000e+00 < tolerance = 1e-08
  Converged in 52 iterations
    Local VI completed in 52 iterations
    Final convergence values:
      ||V_upper^final - V_upper^prev||_inf = 0.00000000e+00
      ||V_lower^final - V_lower^prev||_inf = 0.00000000e+00
  Local VI completed in 52 iterations, time: 0.517s
    Final ||V_upper^k - V_upper^k-1||_inf = 0.00000000000000000000e+00
    Final ||V_lower^k - V_lower^k-1||_inf = 0.00000000000000000000e+00
  Saved visualization: /Users/i.k.tabbara/Documents/python directory/HSCC_2027/refactored_Implementations/results_hscc_2027/ra_nodiscount/dubins_res20_eps0.05_dmin1e-08_dmax1e-08_gamma0.9_dt0.3_tau0.3_std/value_function_phase_7_complete.png
  Phase 7 completed in 1.18s with 544536 leaf cells

Classification after phase 7:
  Safe:           258026 cells ( 47.4%),   51.3% of state space
  Unsafe:          39010 cells (  7.2%),   24.6% of state space
  Unclassified:   247500 cells ( 45.5%),   24.2% of state space

======================================================================
REFINEMENT PHASE 8
======================================================================
Boundary cells: 247500
  Refinable (>eta_min=0.017678): 247500
  Below threshold: 0
  Cumulative refined: 536536
  Refinable cell size statistics:
    Max:    0.075000
    Mean:   0.075000
    Min:    0.075000
    Median: 0.075000
  Refining 247500 cells...
    Refined: 247500 parent cells
    Created: 495000 child cells
    Total cells: 792036
    Refinement time: 0.008s
    Cumulative refined: 784036
  Rebuilding spatial index...
  Building spatial index for 792036 cells...
   Spatial index built in 0.18s
    Spatial index rebuilt in 0.183s
  Initializing 495000 new cells...
  Initializing 495000 new cells in parallel...
   Initialized in 0.00s (430559832.2 cells/s)
    Initialization completed in 0.001s
  Starting local value iteration...
  Reinitializing ALL 792036 cells to l_lower/l_upper (Lemma 1 requirement)
   Reinitialized 792036 cells in 0.00s (379607746.9 cells/s)
  Local VI: updating all 792036 cells
    Conservative mode: False
    Convergence tolerance: 1e-08
    Max iterations: 100033
    Updating successor cache for 495000 updated cells...
    Updating successor cache for 495000 new cells (HYBRID)...
      Affected cells: 620666
   Trajectories + spatial queries computed in 0.44s (4240383.5 tasks/s)
    Breakdown: 43.5% ODE, 56.5% queries
     Cache updated in 0.50s (3690040.9 tasks/s)
    Local Iteration   1: ||V_upper^k - V_upper^k-1||_inf = 3.99601805137455867722, ||V_lower^k - V_lower^k-1||_inf = 3.84985383410615833455
    Local Iteration   2: ||V_upper^k - V_upper^k-1||_inf = 3.86387099647405474201, ||V_lower^k - V_lower^k-1||_inf = 3.62335356968333144323
    Local Iteration   3: ||V_upper^k - V_upper^k-1||_inf = 3.76138285025216667634, ||V_lower^k - V_lower^k-1||_inf = 3.45081475551776950539
    Local Iteration   4: ||V_upper^k - V_upper^k-1||_inf = 3.66200705018146877023, ||V_lower^k - V_lower^k-1||_inf = 3.30374155591340379345
    Local Iteration   5: ||V_upper^k - V_upper^k-1||_inf = 3.56599038476837293388, ||V_lower^k - V_lower^k-1||_inf = 3.11023969400028121868
    Local Iteration   6: ||V_upper^k - V_upper^k-1||_inf = 3.47359669189632658259, ||V_lower^k - V_lower^k-1||_inf = 2.97100938170930373161
    Local Iteration   7: ||V_upper^k - V_upper^k-1||_inf = 3.35511958820223465949, ||V_lower^k - V_lower^k-1||_inf = 2.84025218263649747996
    Local Iteration   8: ||V_upper^k - V_upper^k-1||_inf = 3.23910858172622839746, ||V_lower^k - V_lower^k-1||_inf = 2.72590882465502115650
    Local Iteration   9: ||V_upper^k - V_upper^k-1||_inf = 3.12582222057605729759, ||V_lower^k - V_lower^k-1||_inf = 2.51351026031521307402
    Local Iteration  10: ||V_upper^k - V_upper^k-1||_inf = 2.99228788078299245967, ||V_lower^k - V_lower^k-1||_inf = 2.26156692495724787051
    Local Iteration  11: ||V_upper^k - V_upper^k-1||_inf = 2.78585161435251782436, ||V_lower^k - V_lower^k-1||_inf = 1.96082638914890949877
    Local Iteration  12: ||V_upper^k - V_upper^k-1||_inf = 2.57427910767189960239, ||V_lower^k - V_lower^k-1||_inf = 1.65356742809490464552
    Local Iteration  13: ||V_upper^k - V_upper^k-1||_inf = 2.36279753109228396468, ||V_lower^k - V_lower^k-1||_inf = 1.33956346207375975865
    Local Iteration  14: ||V_upper^k - V_upper^k-1||_inf = 0.18257838165557460641, ||V_lower^k - V_lower^k-1||_inf = 1.00385048401455589939
    Local Iteration  15: ||V_upper^k - V_upper^k-1||_inf = 0.09506890233700815429, ||V_lower^k - V_lower^k-1||_inf = 0.53851602487190275426
    Local Iteration  16: ||V_upper^k - V_upper^k-1||_inf = 0.07631109209235953372, ||V_lower^k - V_lower^k-1||_inf = 0.53851602487190275426
    Local Iteration  17: ||V_upper^k - V_upper^k-1||_inf = 0.07151449924108277401, ||V_lower^k - V_lower^k-1||_inf = 0.53851602487190275426
    Local Iteration  18: ||V_upper^k - V_upper^k-1||_inf = 0.06167781514337811188, ||V_lower^k - V_lower^k-1||_inf = 0.42287670530019794146
    Local Iteration  19: ||V_upper^k - V_upper^k-1||_inf = 0.06167781514337811188, ||V_lower^k - V_lower^k-1||_inf = 0.42287670530019794146
    Local Iteration  20: ||V_upper^k - V_upper^k-1||_inf = 0.06101306410547380210, ||V_lower^k - V_lower^k-1||_inf = 0.42287670530019794146
    Local Iteration  21: ||V_upper^k - V_upper^k-1||_inf = 0.03481717484899515824, ||V_lower^k - V_lower^k-1||_inf = 0.33954214774026725276
    Local Iteration  22: ||V_upper^k - V_upper^k-1||_inf = 0.03481717484899515824, ||V_lower^k - V_lower^k-1||_inf = 0.33954214774026725276
    Local Iteration  23: ||V_upper^k - V_upper^k-1||_inf = 0.02823582635246157935, ||V_lower^k - V_lower^k-1||_inf = 0.33954214774026725276
    Local Iteration  24: ||V_upper^k - V_upper^k-1||_inf = 0.01617425403454775257, ||V_lower^k - V_lower^k-1||_inf = 0.33954214774026725276
    Local Iteration  25: ||V_upper^k - V_upper^k-1||_inf = 0.01339135198555352346, ||V_lower^k - V_lower^k-1||_inf = 0.32832432460131200092
    Local Iteration  26: ||V_upper^k - V_upper^k-1||_inf = 0.00676184941688595664, ||V_lower^k - V_lower^k-1||_inf = 0.32832432460131200092
    Local Iteration  27: ||V_upper^k - V_upper^k-1||_inf = 0.00676184941688595664, ||V_lower^k - V_lower^k-1||_inf = 0.29664338258889133559
    Local Iteration  28: ||V_upper^k - V_upper^k-1||_inf = 0.00676184941688595664, ||V_lower^k - V_lower^k-1||_inf = 0.29664338258889133559
    Local Iteration  29: ||V_upper^k - V_upper^k-1||_inf = 0.00676184941688595664, ||V_lower^k - V_lower^k-1||_inf = 0.29664338258889133559
    Local Iteration  30: ||V_upper^k - V_upper^k-1||_inf = 0.00676184941688595664, ||V_lower^k - V_lower^k-1||_inf = 0.29664338258889133559
    Local Iteration  31: ||V_upper^k - V_upper^k-1||_inf = 0.00676184941688595664, ||V_lower^k - V_lower^k-1||_inf = 0.29664338258889133559
    Local Iteration  32: ||V_upper^k - V_upper^k-1||_inf = 0.00676184941688595664, ||V_lower^k - V_lower^k-1||_inf = 0.29664338258889133559
    Local Iteration  33: ||V_upper^k - V_upper^k-1||_inf = 0.00676184941688595664, ||V_lower^k - V_lower^k-1||_inf = 0.24651838496617139995
    Local Iteration  34: ||V_upper^k - V_upper^k-1||_inf = 0.00676184941688595664, ||V_lower^k - V_lower^k-1||_inf = 0.24651838496617139995
    Local Iteration  35: ||V_upper^k - V_upper^k-1||_inf = 0.00676184941688595664, ||V_lower^k - V_lower^k-1||_inf = 0.24651838496617139995
    Local Iteration  36: ||V_upper^k - V_upper^k-1||_inf = 0.00676184941688595664, ||V_lower^k - V_lower^k-1||_inf = 0.24651838496617139995
    Local Iteration  37: ||V_upper^k - V_upper^k-1||_inf = 0.00676184941688595664, ||V_lower^k - V_lower^k-1||_inf = 0.24651838496617139995
    Local Iteration  38: ||V_upper^k - V_upper^k-1||_inf = 0.00676184941688595664, ||V_lower^k - V_lower^k-1||_inf = 0.24651838496617139995
    Local Iteration  39: ||V_upper^k - V_upper^k-1||_inf = 0.00676184941688595664, ||V_lower^k - V_lower^k-1||_inf = 0.24651838496617139995
    Local Iteration  40: ||V_upper^k - V_upper^k-1||_inf = 0.00676184941688595664, ||V_lower^k - V_lower^k-1||_inf = 0.24651838496617139995
    Local Iteration  41: ||V_upper^k - V_upper^k-1||_inf = 0.00676184941688595664, ||V_lower^k - V_lower^k-1||_inf = 0.24651838496617139995
    Local Iteration  42: ||V_upper^k - V_upper^k-1||_inf = 0.00676184941688595664, ||V_lower^k - V_lower^k-1||_inf = 0.24651838496617139995
    Local Iteration  43: ||V_upper^k - V_upper^k-1||_inf = 0.00676184941688595664, ||V_lower^k - V_lower^k-1||_inf = 0.24651838496617139995
    Local Iteration  44: ||V_upper^k - V_upper^k-1||_inf = 0.00676184941688595664, ||V_lower^k - V_lower^k-1||_inf = 0.24651838496617139995
    Local Iteration  45: ||V_upper^k - V_upper^k-1||_inf = 0.00676184941688595664, ||V_lower^k - V_lower^k-1||_inf = 0.24651838496617139995
    Local Iteration  46: ||V_upper^k - V_upper^k-1||_inf = 0.00676184941688595664, ||V_lower^k - V_lower^k-1||_inf = 0.24651838496617139995
    Local Iteration  47: ||V_upper^k - V_upper^k-1||_inf = 0.00676184941688595664, ||V_lower^k - V_lower^k-1||_inf = 0.24651838496617139995
    Local Iteration  48: ||V_upper^k - V_upper^k-1||_inf = 0.00676184941688595664, ||V_lower^k - V_lower^k-1||_inf = 0.24651838496617139995
    Local Iteration  49: ||V_upper^k - V_upper^k-1||_inf = 0.00676184941688595664, ||V_lower^k - V_lower^k-1||_inf = 0.24651838496617139995
    Local Iteration  50: ||V_upper^k - V_upper^k-1||_inf = 0.00676184941688595664, ||V_lower^k - V_lower^k-1||_inf = 0.17691293929145146535
    Local Iteration  51: ||V_upper^k - V_upper^k-1||_inf = 0.00676184941688595664, ||V_lower^k - V_lower^k-1||_inf = 0.04863030956444180930
    Local Iteration  52: ||V_upper^k - V_upper^k-1||_inf = 0.00676184941688595664, ||V_lower^k - V_lower^k-1||_inf = 0.04863030956444180930
    Local Iteration  53: ||V_upper^k - V_upper^k-1||_inf = 0.00567939476025758339, ||V_lower^k - V_lower^k-1||_inf = 0.00000000000000000000
    Local Iteration  54: ||V_upper^k - V_upper^k-1||_inf = 0.00000000000000000000, ||V_lower^k - V_lower^k-1||_inf = 0.00000000000000000000

==================================================
 LOCAL CONVERGENCE ACHIEVED
==================================================
  ||V_upper^k - V_upper^k-1||_inf = 0.00000000000000000000e+00 < tolerance = 1e-08
  ||V_lower^k - V_lower^k-1||_inf = 0.00000000000000000000e+00 < tolerance = 1e-08
  Converged in 54 iterations
    Local VI completed in 54 iterations
    Final convergence values:
      ||V_upper^final - V_upper^prev||_inf = 0.00000000e+00
      ||V_lower^final - V_lower^prev||_inf = 0.00000000e+00
  Local VI completed in 54 iterations, time: 0.886s
    Final ||V_upper^k - V_upper^k-1||_inf = 0.00000000000000000000e+00
    Final ||V_lower^k - V_lower^k-1||_inf = 0.00000000000000000000e+00
  Saved visualization: /Users/i.k.tabbara/Documents/python directory/HSCC_2027/refactored_Implementations/results_hscc_2027/ra_nodiscount/dubins_res20_eps0.05_dmin1e-08_dmax1e-08_gamma0.9_dt0.3_tau0.3_std/value_function_phase_8_complete.png
  Phase 8 completed in 1.70s with 792036 leaf cells

Classification after phase 8:
  Safe:           272136 cells ( 34.4%),   52.0% of state space
  Unsafe:          44576 cells (  5.6%),   24.8% of state space
  Unclassified:   475324 cells ( 60.0%),   23.2% of state space

======================================================================
REFINEMENT PHASE 9
======================================================================
Boundary cells: 475324
  Refinable (>eta_min=0.017678): 475324
  Below threshold: 0
  Cumulative refined: 784036
  Refinable cell size statistics:
    Max:    0.075000
    Mean:   0.075000
    Min:    0.075000
    Median: 0.075000
  Refining 475324 cells...
    Refined: 475324 parent cells
    Created: 950648 child cells
    Total cells: 1267360
    Refinement time: 0.044s
    Cumulative refined: 1259360
  Rebuilding spatial index...
  Building spatial index for 1267360 cells...
   Spatial index built in 0.34s
    Spatial index rebuilt in 0.337s
  Initializing 950648 new cells...
  Initializing 950648 new cells in parallel...
   Initialized in 0.00s (273508739.1 cells/s)
    Initialization completed in 0.003s
  Starting local value iteration...
  Reinitializing ALL 1267360 cells to l_lower/l_upper (Lemma 1 requirement)
   Reinitialized 1267360 cells in 0.01s (186857353.5 cells/s)
  Local VI: updating all 1267360 cells
    Conservative mode: False
    Convergence tolerance: 1e-08
    Max iterations: 100033
    Updating successor cache for 950648 updated cells...
    Updating successor cache for 950648 new cells (HYBRID)...
      Affected cells: 1087332
   Trajectories + spatial queries computed in 0.86s (3783752.4 tasks/s)
    Breakdown: 50.0% ODE, 50.0% queries
     Cache updated in 1.02s (3195466.9 tasks/s)
    Local Iteration   1: ||V_upper^k - V_upper^k-1||_inf = 3.99601805137455867722, ||V_lower^k - V_lower^k-1||_inf = 3.88835616446130005741
    Local Iteration   2: ||V_upper^k - V_upper^k-1||_inf = 3.86387099647405474201, ||V_lower^k - V_lower^k-1||_inf = 3.67938379121398151383
    Local Iteration   3: ||V_upper^k - V_upper^k-1||_inf = 3.76138285025216667634, ||V_lower^k - V_lower^k-1||_inf = 3.53500503023773537947
    Local Iteration   4: ||V_upper^k - V_upper^k-1||_inf = 3.66200705018146877023, ||V_lower^k - V_lower^k-1||_inf = 3.37363585381798314344
    Local Iteration   5: ||V_upper^k - V_upper^k-1||_inf = 3.56599038476837293388, ||V_lower^k - V_lower^k-1||_inf = 3.22435502638031534772
    Local Iteration   6: ||V_upper^k - V_upper^k-1||_inf = 3.47359669189632658259, ||V_lower^k - V_lower^k-1||_inf = 3.07844184378534668767
    Local Iteration   7: ||V_upper^k - V_upper^k-1||_inf = 3.35511958820223465949, ||V_lower^k - V_lower^k-1||_inf = 2.93376200985946145039
    Local Iteration   8: ||V_upper^k - V_upper^k-1||_inf = 3.23910858172622839746, ||V_lower^k - V_lower^k-1||_inf = 2.74002078222236544747
    Local Iteration   9: ||V_upper^k - V_upper^k-1||_inf = 3.12582222057605729759, ||V_lower^k - V_lower^k-1||_inf = 2.47107381800383141268
    Local Iteration  10: ||V_upper^k - V_upper^k-1||_inf = 2.99228788078299245967, ||V_lower^k - V_lower^k-1||_inf = 2.15248209503233534079
    Local Iteration  11: ||V_upper^k - V_upper^k-1||_inf = 2.78867321535996026682, ||V_lower^k - V_lower^k-1||_inf = 1.82333998101729433117
    Local Iteration  12: ||V_upper^k - V_upper^k-1||_inf = 2.57427910767189960239, ||V_lower^k - V_lower^k-1||_inf = 0.44090348013889557599
    Local Iteration  13: ||V_upper^k - V_upper^k-1||_inf = 2.36279753109228396468, ||V_lower^k - V_lower^k-1||_inf = 0.38116148534363492040
    Local Iteration  14: ||V_upper^k - V_upper^k-1||_inf = 2.11793341536010792936, ||V_lower^k - V_lower^k-1||_inf = 0.29580724474090341891
    Local Iteration  15: ||V_upper^k - V_upper^k-1||_inf = 0.20643626643047507940, ||V_lower^k - V_lower^k-1||_inf = 0.29580724474090341891
    Local Iteration  16: ||V_upper^k - V_upper^k-1||_inf = 0.13544646652578729018, ||V_lower^k - V_lower^k-1||_inf = 0.29580724474090319687
    Local Iteration  17: ||V_upper^k - V_upper^k-1||_inf = 0.06167781514337811188, ||V_lower^k - V_lower^k-1||_inf = 0.29580724474090319687
    Local Iteration  18: ||V_upper^k - V_upper^k-1||_inf = 0.06167781514337811188, ||V_lower^k - V_lower^k-1||_inf = 0.29580724474090319687
    Local Iteration  19: ||V_upper^k - V_upper^k-1||_inf = 0.04463312467856717092, ||V_lower^k - V_lower^k-1||_inf = 0.26704316215296475256
    Local Iteration  20: ||V_upper^k - V_upper^k-1||_inf = 0.02823582635246157935, ||V_lower^k - V_lower^k-1||_inf = 0.26704316215296475256
    Local Iteration  21: ||V_upper^k - V_upper^k-1||_inf = 0.02823582635246157935, ||V_lower^k - V_lower^k-1||_inf = 0.26704316215296475256
    Local Iteration  22: ||V_upper^k - V_upper^k-1||_inf = 0.01867728217253605827, ||V_lower^k - V_lower^k-1||_inf = 0.26704316215296475256
    Local Iteration  23: ||V_upper^k - V_upper^k-1||_inf = 0.01529940535943286051, ||V_lower^k - V_lower^k-1||_inf = 0.26704316215296475256
    Local Iteration  24: ||V_upper^k - V_upper^k-1||_inf = 0.01316571611904282513, ||V_lower^k - V_lower^k-1||_inf = 0.26704316215296475256
    Local Iteration  25: ||V_upper^k - V_upper^k-1||_inf = 0.01306980312215877404, ||V_lower^k - V_lower^k-1||_inf = 0.26704316215296475256
    Local Iteration  26: ||V_upper^k - V_upper^k-1||_inf = 0.01306980312215877404, ||V_lower^k - V_lower^k-1||_inf = 0.26704316215296475256
    Local Iteration  27: ||V_upper^k - V_upper^k-1||_inf = 0.00567939476025780543, ||V_lower^k - V_lower^k-1||_inf = 0.26704316215296475256
    Local Iteration  28: ||V_upper^k - V_upper^k-1||_inf = 0.00000000000000000000, ||V_lower^k - V_lower^k-1||_inf = 0.26704316215296475256
    Local Iteration  29: ||V_upper^k - V_upper^k-1||_inf = 0.00000000000000000000, ||V_lower^k - V_lower^k-1||_inf = 0.26704316215296475256
    Local Iteration  30: ||V_upper^k - V_upper^k-1||_inf = 0.00000000000000000000, ||V_lower^k - V_lower^k-1||_inf = 0.26704316215296475256
    Local Iteration  31: ||V_upper^k - V_upper^k-1||_inf = 0.00000000000000000000, ||V_lower^k - V_lower^k-1||_inf = 0.26704316215296475256
    Local Iteration  32: ||V_upper^k - V_upper^k-1||_inf = 0.00000000000000000000, ||V_lower^k - V_lower^k-1||_inf = 0.26704316215296475256
    Local Iteration  33: ||V_upper^k - V_upper^k-1||_inf = 0.00000000000000000000, ||V_lower^k - V_lower^k-1||_inf = 0.26704316215296475256
    Local Iteration  34: ||V_upper^k - V_upper^k-1||_inf = 0.00000000000000000000, ||V_lower^k - V_lower^k-1||_inf = 0.26704316215296475256
    Local Iteration  35: ||V_upper^k - V_upper^k-1||_inf = 0.00000000000000000000, ||V_lower^k - V_lower^k-1||_inf = 0.26704316215296475256
    Local Iteration  36: ||V_upper^k - V_upper^k-1||_inf = 0.00000000000000000000, ||V_lower^k - V_lower^k-1||_inf = 0.26704316215296475256
    Local Iteration  37: ||V_upper^k - V_upper^k-1||_inf = 0.00000000000000000000, ||V_lower^k - V_lower^k-1||_inf = 0.26704316215296475256
    Local Iteration  38: ||V_upper^k - V_upper^k-1||_inf = 0.00000000000000000000, ||V_lower^k - V_lower^k-1||_inf = 0.26704316215296475256
    Local Iteration  39: ||V_upper^k - V_upper^k-1||_inf = 0.00000000000000000000, ||V_lower^k - V_lower^k-1||_inf = 0.26704316215296475256
    Local Iteration  40: ||V_upper^k - V_upper^k-1||_inf = 0.00000000000000000000, ||V_lower^k - V_lower^k-1||_inf = 0.26704316215296475256
    Local Iteration  41: ||V_upper^k - V_upper^k-1||_inf = 0.00000000000000000000, ||V_lower^k - V_lower^k-1||_inf = 0.26704316215296475256
    Local Iteration  42: ||V_upper^k - V_upper^k-1||_inf = 0.00000000000000000000, ||V_lower^k - V_lower^k-1||_inf = 0.26704316215296475256
    Local Iteration  43: ||V_upper^k - V_upper^k-1||_inf = 0.00000000000000000000, ||V_lower^k - V_lower^k-1||_inf = 0.26704316215296475256
    Local Iteration  44: ||V_upper^k - V_upper^k-1||_inf = 0.00000000000000000000, ||V_lower^k - V_lower^k-1||_inf = 0.26704316215296475256
    Local Iteration  45: ||V_upper^k - V_upper^k-1||_inf = 0.00000000000000000000, ||V_lower^k - V_lower^k-1||_inf = 0.26704316215296475256
    Local Iteration  46: ||V_upper^k - V_upper^k-1||_inf = 0.00000000000000000000, ||V_lower^k - V_lower^k-1||_inf = 0.26704316215296475256
    Local Iteration  47: ||V_upper^k - V_upper^k-1||_inf = 0.00000000000000000000, ||V_lower^k - V_lower^k-1||_inf = 0.26704316215296475256
    Local Iteration  48: ||V_upper^k - V_upper^k-1||_inf = 0.00000000000000000000, ||V_lower^k - V_lower^k-1||_inf = 0.26704316215296475256
    Local Iteration  49: ||V_upper^k - V_upper^k-1||_inf = 0.00000000000000000000, ||V_lower^k - V_lower^k-1||_inf = 0.26704316215296475256
    Local Iteration  50: ||V_upper^k - V_upper^k-1||_inf = 0.00000000000000000000, ||V_lower^k - V_lower^k-1||_inf = 0.26704316215296475256
    Local Iteration  51: ||V_upper^k - V_upper^k-1||_inf = 0.00000000000000000000, ||V_lower^k - V_lower^k-1||_inf = 0.26704316215296475256
    Local Iteration  52: ||V_upper^k - V_upper^k-1||_inf = 0.00000000000000000000, ||V_lower^k - V_lower^k-1||_inf = 0.26704316215296475256
    Local Iteration  53: ||V_upper^k - V_upper^k-1||_inf = 0.00000000000000000000, ||V_lower^k - V_lower^k-1||_inf = 0.26704316215296475256
    Local Iteration  54: ||V_upper^k - V_upper^k-1||_inf = 0.00000000000000000000, ||V_lower^k - V_lower^k-1||_inf = 0.26704316215296475256
    Local Iteration  55: ||V_upper^k - V_upper^k-1||_inf = 0.00000000000000000000, ||V_lower^k - V_lower^k-1||_inf = 0.13007526655700740736
    Local Iteration  56: ||V_upper^k - V_upper^k-1||_inf = 0.00000000000000000000, ||V_lower^k - V_lower^k-1||_inf = 0.04863030956444180930
    Local Iteration  57: ||V_upper^k - V_upper^k-1||_inf = 0.00000000000000000000, ||V_lower^k - V_lower^k-1||_inf = 0.00000000000000000000

==================================================
 LOCAL CONVERGENCE ACHIEVED
==================================================
  ||V_upper^k - V_upper^k-1||_inf = 0.00000000000000000000e+00 < tolerance = 1e-08
  ||V_lower^k - V_lower^k-1||_inf = 0.00000000000000000000e+00 < tolerance = 1e-08
  Converged in 57 iterations
    Local VI completed in 57 iterations
    Final convergence values:
      ||V_upper^final - V_upper^prev||_inf = 0.00000000e+00
      ||V_lower^final - V_lower^prev||_inf = 0.00000000e+00
  Local VI completed in 57 iterations, time: 1.661s
    Final ||V_upper^k - V_upper^k-1||_inf = 0.00000000000000000000e+00
    Final ||V_lower^k - V_lower^k-1||_inf = 0.00000000000000000000e+00
  Saved visualization: /Users/i.k.tabbara/Documents/python directory/HSCC_2027/refactored_Implementations/results_hscc_2027/ra_nodiscount/dubins_res20_eps0.05_dmin1e-08_dmax1e-08_gamma0.9_dt0.3_tau0.3_std/value_function_phase_9_complete.png
  Phase 9 completed in 2.63s with 1267360 leaf cells

Classification after phase 9:
  Safe:           608400 cells ( 48.0%),   60.2% of state space
  Unsafe:         173654 cells ( 13.7%),   28.0% of state space
  Unclassified:   485306 cells ( 38.3%),   11.8% of state space

======================================================================
REFINEMENT PHASE 10
======================================================================
Boundary cells: 485306
  Refinable (>eta_min=0.017678): 485306
  Below threshold: 0
  Cumulative refined: 1259360
  Refinable cell size statistics:
    Max:    0.039270
    Mean:   0.039270
    Min:    0.039270
    Median: 0.039270
  Refining 485306 cells...
    Refined: 485306 parent cells
    Created: 970612 child cells
    Total cells: 1752666
    Refinement time: 0.018s
    Cumulative refined: 1744666
  Rebuilding spatial index...
  Building spatial index for 1752666 cells...
   Spatial index built in 0.44s
    Spatial index rebuilt in 0.441s
  Initializing 970612 new cells...
  Initializing 970612 new cells in parallel...
   Initialized in 0.00s (256131943.5 cells/s)
    Initialization completed in 0.004s
  Starting local value iteration...
  Reinitializing ALL 1752666 cells to l_lower/l_upper (Lemma 1 requirement)
   Reinitialized 1752666 cells in 0.01s (269903934.1 cells/s)
  Local VI: updating all 1752666 cells
    Conservative mode: False
    Convergence tolerance: 1e-08
    Max iterations: 100033
    Updating successor cache for 970612 updated cells...
    Updating successor cache for 970612 new cells (HYBRID)...
      Affected cells: 1380924
   Trajectories + spatial queries computed in 1.20s (3440226.6 tasks/s)
    Breakdown: 46.8% ODE, 53.2% queries
     Cache updated in 1.47s (2814407.1 tasks/s)
    Local Iteration   1: ||V_upper^k - V_upper^k-1||_inf = 3.99601805137455867722, ||V_lower^k - V_lower^k-1||_inf = 3.88960767853029443231
    Local Iteration   2: ||V_upper^k - V_upper^k-1||_inf = 3.86387099647405474201, ||V_lower^k - V_lower^k-1||_inf = 3.68061453426846574288
    Local Iteration   3: ||V_upper^k - V_upper^k-1||_inf = 3.76138285025216667634, ||V_lower^k - V_lower^k-1||_inf = 3.55099023976500616229
    Local Iteration   4: ||V_upper^k - V_upper^k-1||_inf = 3.66200705018146877023, ||V_lower^k - V_lower^k-1||_inf = 3.37488736788697751834
    Local Iteration   5: ||V_upper^k - V_upper^k-1||_inf = 3.56599038476837293388, ||V_lower^k - V_lower^k-1||_inf = 3.20535844040555728540
    Local Iteration   6: ||V_upper^k - V_upper^k-1||_inf = 3.47359669189632658259, ||V_lower^k - V_lower^k-1||_inf = 3.06704522600441098490
    Local Iteration   7: ||V_upper^k - V_upper^k-1||_inf = 3.35511958820223465949, ||V_lower^k - V_lower^k-1||_inf = 2.93501352392845538120
    Local Iteration   8: ||V_upper^k - V_upper^k-1||_inf = 3.23910858172622839746, ||V_lower^k - V_lower^k-1||_inf = 2.69229172495757129724
    Local Iteration   9: ||V_upper^k - V_upper^k-1||_inf = 3.12582222057605729759, ||V_lower^k - V_lower^k-1||_inf = 2.42469061713420597215
    Local Iteration  10: ||V_upper^k - V_upper^k-1||_inf = 2.99228788078299245967, ||V_lower^k - V_lower^k-1||_inf = 2.10737505553309834028
    Local Iteration  11: ||V_upper^k - V_upper^k-1||_inf = 2.78867321535996026682, ||V_lower^k - V_lower^k-1||_inf = 1.77900080149997341650
    Local Iteration  12: ||V_upper^k - V_upper^k-1||_inf = 2.57427910767189960239, ||V_lower^k - V_lower^k-1||_inf = 0.44090348013889557599
    Local Iteration  13: ||V_upper^k - V_upper^k-1||_inf = 2.36279753109228396468, ||V_lower^k - V_lower^k-1||_inf = 0.38116148534363492040
    Local Iteration  14: ||V_upper^k - V_upper^k-1||_inf = 2.11793341536010792936, ||V_lower^k - V_lower^k-1||_inf = 0.29580724474090341891
    Local Iteration  15: ||V_upper^k - V_upper^k-1||_inf = 0.20643626643047507940, ||V_lower^k - V_lower^k-1||_inf = 0.29580724474090341891
    Local Iteration  16: ||V_upper^k - V_upper^k-1||_inf = 0.13544646652578729018, ||V_lower^k - V_lower^k-1||_inf = 0.29580724474090319687
    Local Iteration  17: ||V_upper^k - V_upper^k-1||_inf = 0.06167781514337811188, ||V_lower^k - V_lower^k-1||_inf = 0.26704316215296475256
    Local Iteration  18: ||V_upper^k - V_upper^k-1||_inf = 0.06167781514337811188, ||V_lower^k - V_lower^k-1||_inf = 0.26704316215296475256
    Local Iteration  19: ||V_upper^k - V_upper^k-1||_inf = 0.04463312467856717092, ||V_lower^k - V_lower^k-1||_inf = 0.26704316215296475256
    Local Iteration  20: ||V_upper^k - V_upper^k-1||_inf = 0.02823582635246157935, ||V_lower^k - V_lower^k-1||_inf = 0.26704316215296475256
    Local Iteration  21: ||V_upper^k - V_upper^k-1||_inf = 0.02823582635246157935, ||V_lower^k - V_lower^k-1||_inf = 0.26704316215296475256
    Local Iteration  22: ||V_upper^k - V_upper^k-1||_inf = 0.01867728217253605827, ||V_lower^k - V_lower^k-1||_inf = 0.26704316215296475256
    Local Iteration  23: ||V_upper^k - V_upper^k-1||_inf = 0.01339135198555352346, ||V_lower^k - V_lower^k-1||_inf = 0.26704316215296475256
    Local Iteration  24: ||V_upper^k - V_upper^k-1||_inf = 0.01339135198555352346, ||V_lower^k - V_lower^k-1||_inf = 0.26704316215296475256
    Local Iteration  25: ||V_upper^k - V_upper^k-1||_inf = 0.01306980312215877404, ||V_lower^k - V_lower^k-1||_inf = 0.26704316215296475256
    Local Iteration  26: ||V_upper^k - V_upper^k-1||_inf = 0.01306980312215877404, ||V_lower^k - V_lower^k-1||_inf = 0.26704316215296475256
    Local Iteration  27: ||V_upper^k - V_upper^k-1||_inf = 0.01306980312215877404, ||V_lower^k - V_lower^k-1||_inf = 0.26704316215296475256
    Local Iteration  28: ||V_upper^k - V_upper^k-1||_inf = 0.00000000000000000000, ||V_lower^k - V_lower^k-1||_inf = 0.26704316215296475256
    Local Iteration  29: ||V_upper^k - V_upper^k-1||_inf = 0.00000000000000000000, ||V_lower^k - V_lower^k-1||_inf = 0.26704316215296475256
    Local Iteration  30: ||V_upper^k - V_upper^k-1||_inf = 0.00000000000000000000, ||V_lower^k - V_lower^k-1||_inf = 0.26704316215296475256
    Local Iteration  31: ||V_upper^k - V_upper^k-1||_inf = 0.00000000000000000000, ||V_lower^k - V_lower^k-1||_inf = 0.26704316215296475256
    Local Iteration  32: ||V_upper^k - V_upper^k-1||_inf = 0.00000000000000000000, ||V_lower^k - V_lower^k-1||_inf = 0.26704316215296475256
    Local Iteration  33: ||V_upper^k - V_upper^k-1||_inf = 0.00000000000000000000, ||V_lower^k - V_lower^k-1||_inf = 0.26704316215296475256
    Local Iteration  34: ||V_upper^k - V_upper^k-1||_inf = 0.00000000000000000000, ||V_lower^k - V_lower^k-1||_inf = 0.26704316215296475256
    Local Iteration  35: ||V_upper^k - V_upper^k-1||_inf = 0.00000000000000000000, ||V_lower^k - V_lower^k-1||_inf = 0.26704316215296475256
    Local Iteration  36: ||V_upper^k - V_upper^k-1||_inf = 0.00000000000000000000, ||V_lower^k - V_lower^k-1||_inf = 0.26704316215296475256
    Local Iteration  37: ||V_upper^k - V_upper^k-1||_inf = 0.00000000000000000000, ||V_lower^k - V_lower^k-1||_inf = 0.26704316215296475256
    Local Iteration  38: ||V_upper^k - V_upper^k-1||_inf = 0.00000000000000000000, ||V_lower^k - V_lower^k-1||_inf = 0.26704316215296475256
    Local Iteration  39: ||V_upper^k - V_upper^k-1||_inf = 0.00000000000000000000, ||V_lower^k - V_lower^k-1||_inf = 0.26704316215296475256
    Local Iteration  40: ||V_upper^k - V_upper^k-1||_inf = 0.00000000000000000000, ||V_lower^k - V_lower^k-1||_inf = 0.26704316215296475256
    Local Iteration  41: ||V_upper^k - V_upper^k-1||_inf = 0.00000000000000000000, ||V_lower^k - V_lower^k-1||_inf = 0.26704316215296475256
    Local Iteration  42: ||V_upper^k - V_upper^k-1||_inf = 0.00000000000000000000, ||V_lower^k - V_lower^k-1||_inf = 0.26704316215296475256
    Local Iteration  43: ||V_upper^k - V_upper^k-1||_inf = 0.00000000000000000000, ||V_lower^k - V_lower^k-1||_inf = 0.26704316215296475256
    Local Iteration  44: ||V_upper^k - V_upper^k-1||_inf = 0.00000000000000000000, ||V_lower^k - V_lower^k-1||_inf = 0.26704316215296475256
    Local Iteration  45: ||V_upper^k - V_upper^k-1||_inf = 0.00000000000000000000, ||V_lower^k - V_lower^k-1||_inf = 0.26704316215296475256
    Local Iteration  46: ||V_upper^k - V_upper^k-1||_inf = 0.00000000000000000000, ||V_lower^k - V_lower^k-1||_inf = 0.26704316215296475256
    Local Iteration  47: ||V_upper^k - V_upper^k-1||_inf = 0.00000000000000000000, ||V_lower^k - V_lower^k-1||_inf = 0.26704316215296475256
    Local Iteration  48: ||V_upper^k - V_upper^k-1||_inf = 0.00000000000000000000, ||V_lower^k - V_lower^k-1||_inf = 0.26704316215296475256
    Local Iteration  49: ||V_upper^k - V_upper^k-1||_inf = 0.00000000000000000000, ||V_lower^k - V_lower^k-1||_inf = 0.26704316215296475256
    Local Iteration  50: ||V_upper^k - V_upper^k-1||_inf = 0.00000000000000000000, ||V_lower^k - V_lower^k-1||_inf = 0.26704316215296475256
    Local Iteration  51: ||V_upper^k - V_upper^k-1||_inf = 0.00000000000000000000, ||V_lower^k - V_lower^k-1||_inf = 0.26704316215296475256
    Local Iteration  52: ||V_upper^k - V_upper^k-1||_inf = 0.00000000000000000000, ||V_lower^k - V_lower^k-1||_inf = 0.26704316215296475256
    Local Iteration  53: ||V_upper^k - V_upper^k-1||_inf = 0.00000000000000000000, ||V_lower^k - V_lower^k-1||_inf = 0.26704316215296475256
    Local Iteration  54: ||V_upper^k - V_upper^k-1||_inf = 0.00000000000000000000, ||V_lower^k - V_lower^k-1||_inf = 0.26704316215296475256
    Local Iteration  55: ||V_upper^k - V_upper^k-1||_inf = 0.00000000000000000000, ||V_lower^k - V_lower^k-1||_inf = 0.13007526655700740736
    Local Iteration  56: ||V_upper^k - V_upper^k-1||_inf = 0.00000000000000000000, ||V_lower^k - V_lower^k-1||_inf = 0.04863030956444180930
    Local Iteration  57: ||V_upper^k - V_upper^k-1||_inf = 0.00000000000000000000, ||V_lower^k - V_lower^k-1||_inf = 0.00000000000000000000

==================================================
 LOCAL CONVERGENCE ACHIEVED
==================================================
  ||V_upper^k - V_upper^k-1||_inf = 0.00000000000000000000e+00 < tolerance = 1e-08
  ||V_lower^k - V_lower^k-1||_inf = 0.00000000000000000000e+00 < tolerance = 1e-08
  Converged in 57 iterations
    Local VI completed in 57 iterations
    Final convergence values:
      ||V_upper^final - V_upper^prev||_inf = 0.00000000e+00
      ||V_lower^final - V_lower^prev||_inf = 0.00000000e+00
  Local VI completed in 57 iterations, time: 2.370s
    Final ||V_upper^k - V_upper^k-1||_inf = 0.00000000000000000000e+00
    Final ||V_lower^k - V_lower^k-1||_inf = 0.00000000000000000000e+00
  Saved visualization: /Users/i.k.tabbara/Documents/python directory/HSCC_2027/refactored_Implementations/results_hscc_2027/ra_nodiscount/dubins_res20_eps0.05_dmin1e-08_dmax1e-08_gamma0.9_dt0.3_tau0.3_std/value_function_phase_10_complete.png
  Phase 10 completed in 3.43s with 1752666 leaf cells

Classification after phase 10:
  Safe:           646902 cells ( 36.9%),   60.6% of state space
  Unsafe:         183408 cells ( 10.5%),   28.1% of state space
  Unclassified:   922356 cells ( 52.6%),   11.3% of state space

======================================================================
REFINEMENT PHASE 11
======================================================================
Boundary cells: 922356
  Refinable (>eta_min=0.017678): 922356
  Below threshold: 0
  Cumulative refined: 1744666
  Refinable cell size statistics:
    Max:    0.037500
    Mean:   0.037500
    Min:    0.037500
    Median: 0.037500
  Refining 922356 cells...
    Refined: 922356 parent cells
    Created: 1844712 child cells
    Total cells: 2675022
    Refinement time: 0.148s
    Cumulative refined: 2667022
  Rebuilding spatial index...
  Building spatial index for 2675022 cells...
   Spatial index built in 0.70s
    Spatial index rebuilt in 0.697s
  Initializing 1844712 new cells...
  Initializing 1844712 new cells in parallel...
   Initialized in 0.00s (426325860.9 cells/s)
    Initialization completed in 0.004s
  Starting local value iteration...
  Reinitializing ALL 2675022 cells to l_lower/l_upper (Lemma 1 requirement)
   Reinitialized 2675022 cells in 0.01s (357842512.3 cells/s)
  Local VI: updating all 2675022 cells
    Conservative mode: False
    Convergence tolerance: 1e-08
    Max iterations: 100033
    Updating successor cache for 1844712 updated cells...
    Updating successor cache for 1844712 new cells (HYBRID)...
      Affected cells: 2289014
   Trajectories + spatial queries computed in 1.92s (3581508.9 tasks/s)
    Breakdown: 44.8% ODE, 55.2% queries
     Cache updated in 2.17s (3158781.4 tasks/s)
    Local Iteration   1: ||V_upper^k - V_upper^k-1||_inf = 3.99601805137455867722, ||V_lower^k - V_lower^k-1||_inf = 3.89624200799637465664
    Local Iteration   2: ||V_upper^k - V_upper^k-1||_inf = 3.86387099647405474201, ||V_lower^k - V_lower^k-1||_inf = 3.67811150613047743718
    Local Iteration   3: ||V_upper^k - V_upper^k-1||_inf = 3.76138285025216667634, ||V_lower^k - V_lower^k-1||_inf = 3.55099023976500616229
    Local Iteration   4: ||V_upper^k - V_upper^k-1||_inf = 3.66200705018146877023, ||V_lower^k - V_lower^k-1||_inf = 3.38244250776333510444
    Local Iteration   5: ||V_upper^k - V_upper^k-1||_inf = 3.56599038476837293388, ||V_lower^k - V_lower^k-1||_inf = 3.23071232628767601724
    Local Iteration   6: ||V_upper^k - V_upper^k-1||_inf = 3.47359669189632658259, ||V_lower^k - V_lower^k-1||_inf = 3.10788892997866561529
    Local Iteration   7: ||V_upper^k - V_upper^k-1||_inf = 3.35511958820223465949, ||V_lower^k - V_lower^k-1||_inf = 2.94380010165132599553
    Local Iteration   8: ||V_upper^k - V_upper^k-1||_inf = 3.23910858172622839746, ||V_lower^k - V_lower^k-1||_inf = 2.71776123486220022585
    Local Iteration   9: ||V_upper^k - V_upper^k-1||_inf = 3.12582222057605729759, ||V_lower^k - V_lower^k-1||_inf = 2.44640818421130701310
    Local Iteration  10: ||V_upper^k - V_upper^k-1||_inf = 2.99228788078299245967, ||V_lower^k - V_lower^k-1||_inf = 2.13146833152630366115
    Local Iteration  11: ||V_upper^k - V_upper^k-1||_inf = 2.78867321535996026682, ||V_lower^k - V_lower^k-1||_inf = 1.80614660860566456080
    Local Iteration  12: ||V_upper^k - V_upper^k-1||_inf = 2.57427910767189960239, ||V_lower^k - V_lower^k-1||_inf = 0.44090348013889557599
    Local Iteration  13: ||V_upper^k - V_upper^k-1||_inf = 2.36279753109228396468, ||V_lower^k - V_lower^k-1||_inf = 0.41091637884877241227
    Local Iteration  14: ||V_upper^k - V_upper^k-1||_inf = 2.11793341536010792936, ||V_lower^k - V_lower^k-1||_inf = 0.39147509657709711473
    Local Iteration  15: ||V_upper^k - V_upper^k-1||_inf = 0.20643626643047507940, ||V_lower^k - V_lower^k-1||_inf = 0.34494894368727091472
    Local Iteration  16: ||V_upper^k - V_upper^k-1||_inf = 0.14253964594431156598, ||V_lower^k - V_lower^k-1||_inf = 0.30646489729488757270
    Local Iteration  17: ||V_upper^k - V_upper^k-1||_inf = 0.06167781514337811188, ||V_lower^k - V_lower^k-1||_inf = 0.27707585595795936051
    Local Iteration  18: ||V_upper^k - V_upper^k-1||_inf = 0.06167781514337811188, ||V_lower^k - V_lower^k-1||_inf = 0.27496422670348841244
    Local Iteration  19: ||V_upper^k - V_upper^k-1||_inf = 0.04463312467856717092, ||V_lower^k - V_lower^k-1||_inf = 0.27496422670348841244
    Local Iteration  20: ||V_upper^k - V_upper^k-1||_inf = 0.02823582635246157935, ||V_lower^k - V_lower^k-1||_inf = 0.27496422670348841244
    Local Iteration  21: ||V_upper^k - V_upper^k-1||_inf = 0.02823582635246157935, ||V_lower^k - V_lower^k-1||_inf = 0.27496422670348841244
    Local Iteration  22: ||V_upper^k - V_upper^k-1||_inf = 0.01867728217253605827, ||V_lower^k - V_lower^k-1||_inf = 0.27496422670348841244
    Local Iteration  23: ||V_upper^k - V_upper^k-1||_inf = 0.01339135198555352346, ||V_lower^k - V_lower^k-1||_inf = 0.27496422670348841244
    Local Iteration  24: ||V_upper^k - V_upper^k-1||_inf = 0.01339135198555352346, ||V_lower^k - V_lower^k-1||_inf = 0.27496422670348841244
    Local Iteration  25: ||V_upper^k - V_upper^k-1||_inf = 0.01306980312215877404, ||V_lower^k - V_lower^k-1||_inf = 0.27496422670348841244
    Local Iteration  26: ||V_upper^k - V_upper^k-1||_inf = 0.01306980312215877404, ||V_lower^k - V_lower^k-1||_inf = 0.27496422670348841244
    Local Iteration  27: ||V_upper^k - V_upper^k-1||_inf = 0.01306980312215877404, ||V_lower^k - V_lower^k-1||_inf = 0.27496422670348841244
    Local Iteration  28: ||V_upper^k - V_upper^k-1||_inf = 0.00000000000000000000, ||V_lower^k - V_lower^k-1||_inf = 0.27496422670348841244
    Local Iteration  29: ||V_upper^k - V_upper^k-1||_inf = 0.00000000000000000000, ||V_lower^k - V_lower^k-1||_inf = 0.27496422670348841244
    Local Iteration  30: ||V_upper^k - V_upper^k-1||_inf = 0.00000000000000000000, ||V_lower^k - V_lower^k-1||_inf = 0.26704316215296475256
    Local Iteration  31: ||V_upper^k - V_upper^k-1||_inf = 0.00000000000000000000, ||V_lower^k - V_lower^k-1||_inf = 0.26704316215296475256
    Local Iteration  32: ||V_upper^k - V_upper^k-1||_inf = 0.00000000000000000000, ||V_lower^k - V_lower^k-1||_inf = 0.26704316215296475256
    Local Iteration  33: ||V_upper^k - V_upper^k-1||_inf = 0.00000000000000000000, ||V_lower^k - V_lower^k-1||_inf = 0.26704316215296475256
    Local Iteration  34: ||V_upper^k - V_upper^k-1||_inf = 0.00000000000000000000, ||V_lower^k - V_lower^k-1||_inf = 0.26704316215296475256
    Local Iteration  35: ||V_upper^k - V_upper^k-1||_inf = 0.00000000000000000000, ||V_lower^k - V_lower^k-1||_inf = 0.26704316215296475256
    Local Iteration  36: ||V_upper^k - V_upper^k-1||_inf = 0.00000000000000000000, ||V_lower^k - V_lower^k-1||_inf = 0.26704316215296475256
    Local Iteration  37: ||V_upper^k - V_upper^k-1||_inf = 0.00000000000000000000, ||V_lower^k - V_lower^k-1||_inf = 0.26704316215296475256
    Local Iteration  38: ||V_upper^k - V_upper^k-1||_inf = 0.00000000000000000000, ||V_lower^k - V_lower^k-1||_inf = 0.26704316215296475256
    Local Iteration  39: ||V_upper^k - V_upper^k-1||_inf = 0.00000000000000000000, ||V_lower^k - V_lower^k-1||_inf = 0.26704316215296475256
    Local Iteration  40: ||V_upper^k - V_upper^k-1||_inf = 0.00000000000000000000, ||V_lower^k - V_lower^k-1||_inf = 0.26704316215296475256
    Local Iteration  41: ||V_upper^k - V_upper^k-1||_inf = 0.00000000000000000000, ||V_lower^k - V_lower^k-1||_inf = 0.26704316215296475256
    Local Iteration  42: ||V_upper^k - V_upper^k-1||_inf = 0.00000000000000000000, ||V_lower^k - V_lower^k-1||_inf = 0.26704316215296475256
    Local Iteration  43: ||V_upper^k - V_upper^k-1||_inf = 0.00000000000000000000, ||V_lower^k - V_lower^k-1||_inf = 0.26704316215296475256
    Local Iteration  44: ||V_upper^k - V_upper^k-1||_inf = 0.00000000000000000000, ||V_lower^k - V_lower^k-1||_inf = 0.26704316215296475256
    Local Iteration  45: ||V_upper^k - V_upper^k-1||_inf = 0.00000000000000000000, ||V_lower^k - V_lower^k-1||_inf = 0.26704316215296475256
    Local Iteration  46: ||V_upper^k - V_upper^k-1||_inf = 0.00000000000000000000, ||V_lower^k - V_lower^k-1||_inf = 0.26704316215296475256
    Local Iteration  47: ||V_upper^k - V_upper^k-1||_inf = 0.00000000000000000000, ||V_lower^k - V_lower^k-1||_inf = 0.26704316215296475256
    Local Iteration  48: ||V_upper^k - V_upper^k-1||_inf = 0.00000000000000000000, ||V_lower^k - V_lower^k-1||_inf = 0.26704316215296475256
    Local Iteration  49: ||V_upper^k - V_upper^k-1||_inf = 0.00000000000000000000, ||V_lower^k - V_lower^k-1||_inf = 0.26704316215296475256
    Local Iteration  50: ||V_upper^k - V_upper^k-1||_inf = 0.00000000000000000000, ||V_lower^k - V_lower^k-1||_inf = 0.26704316215296475256
    Local Iteration  51: ||V_upper^k - V_upper^k-1||_inf = 0.00000000000000000000, ||V_lower^k - V_lower^k-1||_inf = 0.26704316215296475256
    Local Iteration  52: ||V_upper^k - V_upper^k-1||_inf = 0.00000000000000000000, ||V_lower^k - V_lower^k-1||_inf = 0.26704316215296475256
    Local Iteration  53: ||V_upper^k - V_upper^k-1||_inf = 0.00000000000000000000, ||V_lower^k - V_lower^k-1||_inf = 0.26704316215296475256
    Local Iteration  54: ||V_upper^k - V_upper^k-1||_inf = 0.00000000000000000000, ||V_lower^k - V_lower^k-1||_inf = 0.26704316215296475256
    Local Iteration  55: ||V_upper^k - V_upper^k-1||_inf = 0.00000000000000000000, ||V_lower^k - V_lower^k-1||_inf = 0.13007526655700740736
    Local Iteration  56: ||V_upper^k - V_upper^k-1||_inf = 0.00000000000000000000, ||V_lower^k - V_lower^k-1||_inf = 0.04863030956444180930
    Local Iteration  57: ||V_upper^k - V_upper^k-1||_inf = 0.00000000000000000000, ||V_lower^k - V_lower^k-1||_inf = 0.00000000000000000000

==================================================
 LOCAL CONVERGENCE ACHIEVED
==================================================
  ||V_upper^k - V_upper^k-1||_inf = 0.00000000000000000000e+00 < tolerance = 1e-08
  ||V_lower^k - V_lower^k-1||_inf = 0.00000000000000000000e+00 < tolerance = 1e-08
  Converged in 57 iterations
    Local VI completed in 57 iterations
    Final convergence values:
      ||V_upper^final - V_upper^prev||_inf = 0.00000000e+00
      ||V_lower^final - V_lower^prev||_inf = 0.00000000e+00
  Local VI completed in 57 iterations, time: 3.800s
    Final ||V_upper^k - V_upper^k-1||_inf = 0.00000000000000000000e+00
    Final ||V_lower^k - V_lower^k-1||_inf = 0.00000000000000000000e+00
  Saved visualization: /Users/i.k.tabbara/Documents/python directory/HSCC_2027/refactored_Implementations/results_hscc_2027/ra_nodiscount/dubins_res20_eps0.05_dmin1e-08_dmax1e-08_gamma0.9_dt0.3_tau0.3_std/value_function_phase_11_complete.png
  Phase 11 completed in 5.31s with 2675022 leaf cells

Classification after phase 11:
  Safe:           707478 cells ( 26.4%),   61.0% of state space
  Unsafe:         210080 cells (  7.9%),   28.3% of state space
  Unclassified:  1757464 cells ( 65.7%),   10.7% of state space

======================================================================
REFINEMENT PHASE 12
======================================================================
Boundary cells: 1757464
  Refinable (>eta_min=0.017678): 1757464
  Below threshold: 0
  Cumulative refined: 2667022
  Refinable cell size statistics:
    Max:    0.037500
    Mean:   0.037500
    Min:    0.037500
    Median: 0.037500
  Refining 1757464 cells...
    Refined: 1757464 parent cells
    Created: 3514928 child cells
    Total cells: 4432486
    Refinement time: 0.328s
    Cumulative refined: 4424486
  Rebuilding spatial index...
  Building spatial index for 4432486 cells...
   Spatial index built in 1.19s
    Spatial index rebuilt in 1.194s
  Initializing 3514928 new cells...
  Initializing 3514928 new cells in parallel...
   Initialized in 0.01s (423923730.3 cells/s)
    Initialization completed in 0.008s
  Starting local value iteration...
  Reinitializing ALL 4432486 cells to l_lower/l_upper (Lemma 1 requirement)
   Reinitialized 4432486 cells in 0.01s (354088991.9 cells/s)
  Local VI: updating all 4432486 cells
    Conservative mode: False
    Convergence tolerance: 1e-08
    Max iterations: 100033
    Updating successor cache for 3514928 updated cells...
    Updating successor cache for 3514928 new cells (HYBRID)...
      Affected cells: 4008024
   Trajectories + spatial queries computed in 3.31s (3632655.0 tasks/s)
    Breakdown: 52.4% ODE, 47.6% queries
     Cache updated in 3.79s (3174833.4 tasks/s)
    Local Iteration   1: ||V_upper^k - V_upper^k-1||_inf = 3.99601805137455867722, ||V_lower^k - V_lower^k-1||_inf = 3.91549842579029272471
    Local Iteration   2: ||V_upper^k - V_upper^k-1||_inf = 3.86387099647405474201, ||V_lower^k - V_lower^k-1||_inf = 3.70765225277711030216
    Local Iteration   3: ||V_upper^k - V_upper^k-1||_inf = 3.76138285025216667634, ||V_lower^k - V_lower^k-1||_inf = 3.57785467613132990294
    Local Iteration   4: ||V_upper^k - V_upper^k-1||_inf = 3.66200705018146877023, ||V_lower^k - V_lower^k-1||_inf = 3.44559619508187120474
    Local Iteration   5: ||V_upper^k - V_upper^k-1||_inf = 3.56599038476837293388, ||V_lower^k - V_lower^k-1||_inf = 3.33502689425917120403
    Local Iteration   6: ||V_upper^k - V_upper^k-1||_inf = 3.47359669189632658259, ||V_lower^k - V_lower^k-1||_inf = 3.16406396857402549827
    Local Iteration   7: ||V_upper^k - V_upper^k-1||_inf = 3.35511958820223465949, ||V_lower^k - V_lower^k-1||_inf = 2.99550426982844086865
    Local Iteration   8: ||V_upper^k - V_upper^k-1||_inf = 3.23910858172622839746, ||V_lower^k - V_lower^k-1||_inf = 2.73542751659747640502
    Local Iteration   9: ||V_upper^k - V_upper^k-1||_inf = 3.12582222057605729759, ||V_lower^k - V_lower^k-1||_inf = 2.43876031605353693621
    Local Iteration  10: ||V_upper^k - V_upper^k-1||_inf = 2.99228788078299245967, ||V_lower^k - V_lower^k-1||_inf = 2.12163201032007719959
    Local Iteration  11: ||V_upper^k - V_upper^k-1||_inf = 2.78867321535996026682, ||V_lower^k - V_lower^k-1||_inf = 1.81574789122968516253
    Local Iteration  12: ||V_upper^k - V_upper^k-1||_inf = 2.57427910767189960239, ||V_lower^k - V_lower^k-1||_inf = 0.40689378787498520218
    Local Iteration  13: ||V_upper^k - V_upper^k-1||_inf = 2.36279753109228396468, ||V_lower^k - V_lower^k-1||_inf = 0.38116148534363492040
    Local Iteration  14: ||V_upper^k - V_upper^k-1||_inf = 2.11793341536010792936, ||V_lower^k - V_lower^k-1||_inf = 0.38116148534363492040
    Local Iteration  15: ||V_upper^k - V_upper^k-1||_inf = 1.84994437964181202005, ||V_lower^k - V_lower^k-1||_inf = 0.34995699255857570797
    Local Iteration  16: ||V_upper^k - V_upper^k-1||_inf = 0.16699335244537483192, ||V_lower^k - V_lower^k-1||_inf = 0.34905806496319624621
    Local Iteration  17: ||V_upper^k - V_upper^k-1||_inf = 0.09187079893379568318, ||V_lower^k - V_lower^k-1||_inf = 0.34905806496319624621
    Local Iteration  18: ||V_upper^k - V_upper^k-1||_inf = 0.06167781514337811188, ||V_lower^k - V_lower^k-1||_inf = 0.28760900255252397351
    Local Iteration  19: ||V_upper^k - V_upper^k-1||_inf = 0.03923508723414759203, ||V_lower^k - V_lower^k-1||_inf = 0.27496422670348841244
    Local Iteration  20: ||V_upper^k - V_upper^k-1||_inf = 0.02823582635246157935, ||V_lower^k - V_lower^k-1||_inf = 0.27496422670348841244
    Local Iteration  21: ||V_upper^k - V_upper^k-1||_inf = 0.02275989939331868328, ||V_lower^k - V_lower^k-1||_inf = 0.27496422670348841244
    Local Iteration  22: ||V_upper^k - V_upper^k-1||_inf = 0.01620976501647741763, ||V_lower^k - V_lower^k-1||_inf = 0.27496422670348841244
    Local Iteration  23: ||V_upper^k - V_upper^k-1||_inf = 0.01339135198555352346, ||V_lower^k - V_lower^k-1||_inf = 0.27496422670348841244
    Local Iteration  24: ||V_upper^k - V_upper^k-1||_inf = 0.01306980312215877404, ||V_lower^k - V_lower^k-1||_inf = 0.27496422670348841244
    Local Iteration  25: ||V_upper^k - V_upper^k-1||_inf = 0.01306980312215877404, ||V_lower^k - V_lower^k-1||_inf = 0.27496422670348841244
    Local Iteration  26: ||V_upper^k - V_upper^k-1||_inf = 0.01306980312215877404, ||V_lower^k - V_lower^k-1||_inf = 0.27496422670348841244
    Local Iteration  27: ||V_upper^k - V_upper^k-1||_inf = 0.00000000000000022204, ||V_lower^k - V_lower^k-1||_inf = 0.27496422670348841244
    Local Iteration  28: ||V_upper^k - V_upper^k-1||_inf = 0.00000000000000000000, ||V_lower^k - V_lower^k-1||_inf = 0.27496422670348841244
    Local Iteration  29: ||V_upper^k - V_upper^k-1||_inf = 0.00000000000000000000, ||V_lower^k - V_lower^k-1||_inf = 0.27496422670348841244
    Local Iteration  30: ||V_upper^k - V_upper^k-1||_inf = 0.00000000000000000000, ||V_lower^k - V_lower^k-1||_inf = 0.27496422670348841244
    Local Iteration  31: ||V_upper^k - V_upper^k-1||_inf = 0.00000000000000000000, ||V_lower^k - V_lower^k-1||_inf = 0.27496422670348841244
    Local Iteration  32: ||V_upper^k - V_upper^k-1||_inf = 0.00000000000000000000, ||V_lower^k - V_lower^k-1||_inf = 0.27496422670348841244
    Local Iteration  33: ||V_upper^k - V_upper^k-1||_inf = 0.00000000000000000000, ||V_lower^k - V_lower^k-1||_inf = 0.27496422670348841244
    Local Iteration  34: ||V_upper^k - V_upper^k-1||_inf = 0.00000000000000000000, ||V_lower^k - V_lower^k-1||_inf = 0.27496422670348841244
    Local Iteration  35: ||V_upper^k - V_upper^k-1||_inf = 0.00000000000000000000, ||V_lower^k - V_lower^k-1||_inf = 0.27496422670348841244
    Local Iteration  36: ||V_upper^k - V_upper^k-1||_inf = 0.00000000000000000000, ||V_lower^k - V_lower^k-1||_inf = 0.27496422670348841244
    Local Iteration  37: ||V_upper^k - V_upper^k-1||_inf = 0.00000000000000000000, ||V_lower^k - V_lower^k-1||_inf = 0.27496422670348841244
    Local Iteration  38: ||V_upper^k - V_upper^k-1||_inf = 0.00000000000000000000, ||V_lower^k - V_lower^k-1||_inf = 0.27496422670348841244
    Local Iteration  39: ||V_upper^k - V_upper^k-1||_inf = 0.00000000000000000000, ||V_lower^k - V_lower^k-1||_inf = 0.27496422670348841244
    Local Iteration  40: ||V_upper^k - V_upper^k-1||_inf = 0.00000000000000000000, ||V_lower^k - V_lower^k-1||_inf = 0.27496422670348841244
    Local Iteration  41: ||V_upper^k - V_upper^k-1||_inf = 0.00000000000000000000, ||V_lower^k - V_lower^k-1||_inf = 0.27496422670348841244
    Local Iteration  42: ||V_upper^k - V_upper^k-1||_inf = 0.00000000000000000000, ||V_lower^k - V_lower^k-1||_inf = 0.27496422670348841244
    Local Iteration  43: ||V_upper^k - V_upper^k-1||_inf = 0.00000000000000000000, ||V_lower^k - V_lower^k-1||_inf = 0.27496422670348841244
    Local Iteration  44: ||V_upper^k - V_upper^k-1||_inf = 0.00000000000000000000, ||V_lower^k - V_lower^k-1||_inf = 0.27496422670348841244
    Local Iteration  45: ||V_upper^k - V_upper^k-1||_inf = 0.00000000000000000000, ||V_lower^k - V_lower^k-1||_inf = 0.27496422670348841244
    Local Iteration  46: ||V_upper^k - V_upper^k-1||_inf = 0.00000000000000000000, ||V_lower^k - V_lower^k-1||_inf = 0.27496422670348841244
    Local Iteration  47: ||V_upper^k - V_upper^k-1||_inf = 0.00000000000000000000, ||V_lower^k - V_lower^k-1||_inf = 0.27496422670348841244
    Local Iteration  48: ||V_upper^k - V_upper^k-1||_inf = 0.00000000000000000000, ||V_lower^k - V_lower^k-1||_inf = 0.27496422670348841244
    Local Iteration  49: ||V_upper^k - V_upper^k-1||_inf = 0.00000000000000000000, ||V_lower^k - V_lower^k-1||_inf = 0.27496422670348841244
    Local Iteration  50: ||V_upper^k - V_upper^k-1||_inf = 0.00000000000000000000, ||V_lower^k - V_lower^k-1||_inf = 0.27496422670348841244
    Local Iteration  51: ||V_upper^k - V_upper^k-1||_inf = 0.00000000000000000000, ||V_lower^k - V_lower^k-1||_inf = 0.27496422670348841244
    Local Iteration  52: ||V_upper^k - V_upper^k-1||_inf = 0.00000000000000000000, ||V_lower^k - V_lower^k-1||_inf = 0.27496422670348841244
    Local Iteration  53: ||V_upper^k - V_upper^k-1||_inf = 0.00000000000000000000, ||V_lower^k - V_lower^k-1||_inf = 0.27496422670348841244
    Local Iteration  54: ||V_upper^k - V_upper^k-1||_inf = 0.00000000000000000000, ||V_lower^k - V_lower^k-1||_inf = 0.27496422670348841244
    Local Iteration  55: ||V_upper^k - V_upper^k-1||_inf = 0.00000000000000000000, ||V_lower^k - V_lower^k-1||_inf = 0.27496422670348841244
    Local Iteration  56: ||V_upper^k - V_upper^k-1||_inf = 0.00000000000000000000, ||V_lower^k - V_lower^k-1||_inf = 0.26704316215296475256
    Local Iteration  57: ||V_upper^k - V_upper^k-1||_inf = 0.00000000000000000000, ||V_lower^k - V_lower^k-1||_inf = 0.26704316215296475256
    Local Iteration  58: ||V_upper^k - V_upper^k-1||_inf = 0.00000000000000000000, ||V_lower^k - V_lower^k-1||_inf = 0.13007526655700740736
    Local Iteration  59: ||V_upper^k - V_upper^k-1||_inf = 0.00000000000000000000, ||V_lower^k - V_lower^k-1||_inf = 0.13007526655700740736
    Local Iteration  60: ||V_upper^k - V_upper^k-1||_inf = 0.00000000000000000000, ||V_lower^k - V_lower^k-1||_inf = 0.04863030956444180930
    Local Iteration  61: ||V_upper^k - V_upper^k-1||_inf = 0.00000000000000000000, ||V_lower^k - V_lower^k-1||_inf = 0.00000000000000000000

==================================================
 LOCAL CONVERGENCE ACHIEVED
==================================================
  ||V_upper^k - V_upper^k-1||_inf = 0.00000000000000000000e+00 < tolerance = 1e-08
  ||V_lower^k - V_lower^k-1||_inf = 0.00000000000000000000e+00 < tolerance = 1e-08
  Converged in 61 iterations
    Local VI completed in 61 iterations
    Final convergence values:
      ||V_upper^final - V_upper^prev||_inf = 0.00000000e+00
      ||V_lower^final - V_lower^prev||_inf = 0.00000000e+00
  Local VI completed in 61 iterations, time: 6.429s
    Final ||V_upper^k - V_upper^k-1||_inf = 0.00000000000000000000e+00
    Final ||V_lower^k - V_lower^k-1||_inf = 0.00000000000000000000e+00
  Saved visualization: /Users/i.k.tabbara/Documents/python directory/HSCC_2027/refactored_Implementations/results_hscc_2027/ra_nodiscount/dubins_res20_eps0.05_dmin1e-08_dmax1e-08_gamma0.9_dt0.3_tau0.3_std/value_function_phase_12_complete.png
  Phase 12 completed in 8.68s with 4432486 leaf cells

Classification after phase 12:
  Safe:          1786438 cells ( 40.3%),   64.3% of state space
  Unsafe:         807636 cells ( 18.2%),   30.1% of state space
  Unclassified:  1838412 cells ( 41.5%),    5.6% of state space

======================================================================
REFINEMENT PHASE 13
======================================================================
Boundary cells: 1838412
  Refinable (>eta_min=0.017678): 1838412
  Below threshold: 0
  Cumulative refined: 4424486
  Refinable cell size statistics:
    Max:    0.019635
    Mean:   0.019635
    Min:    0.019635
    Median: 0.019635
  Refining 1838412 cells...
    Refined: 1838412 parent cells
    Created: 3676824 child cells
    Total cells: 6270898
    Refinement time: 0.065s
    Cumulative refined: 6262898
  Rebuilding spatial index...
  Building spatial index for 6270898 cells...
   Spatial index built in 1.71s
    Spatial index rebuilt in 1.711s
  Initializing 3676824 new cells...
  Initializing 3676824 new cells in parallel...
   Initialized in 0.01s (359930399.0 cells/s)
    Initialization completed in 0.010s
  Starting local value iteration...
  Reinitializing ALL 6270898 cells to l_lower/l_upper (Lemma 1 requirement)
   Reinitialized 6270898 cells in 0.02s (311708407.6 cells/s)
  Local VI: updating all 6270898 cells
    Conservative mode: False
    Convergence tolerance: 1e-08
    Max iterations: 100033
    Updating successor cache for 3676824 updated cells...
    Updating successor cache for 3676824 new cells (HYBRID)...
      Affected cells: 4681172
   Trajectories + spatial queries computed in 4.19s (3348230.0 tasks/s)
    Breakdown: 50.3% ODE, 49.7% queries
     Cache updated in 4.80s (2927513.3 tasks/s)
    Local Iteration   1: ||V_upper^k - V_upper^k-1||_inf = 3.99601805137455867722, ||V_lower^k - V_lower^k-1||_inf = 3.91612418282478991216
    Local Iteration   2: ||V_upper^k - V_upper^k-1||_inf = 3.86387099647405474201, ||V_lower^k - V_lower^k-1||_inf = 3.70827800981160704552
    Local Iteration   3: ||V_upper^k - V_upper^k-1||_inf = 3.76138285025216667634, ||V_lower^k - V_lower^k-1||_inf = 3.57785467613132990294
    Local Iteration   4: ||V_upper^k - V_upper^k-1||_inf = 3.66200705018146877023, ||V_lower^k - V_lower^k-1||_inf = 3.44622195211636794809
    Local Iteration   5: ||V_upper^k - V_upper^k-1||_inf = 3.56599038476837293388, ||V_lower^k - V_lower^k-1||_inf = 3.29758762666028637511
    Local Iteration   6: ||V_upper^k - V_upper^k-1||_inf = 3.47359669189632658259, ||V_lower^k - V_lower^k-1||_inf = 3.16406396857402549827
    Local Iteration   7: ||V_upper^k - V_upper^k-1||_inf = 3.35511958820223465949, ||V_lower^k - V_lower^k-1||_inf = 2.97855510165184034221
    Local Iteration   8: ||V_upper^k - V_upper^k-1||_inf = 3.23910858172622839746, ||V_lower^k - V_lower^k-1||_inf = 2.72044887054109851832
    Local Iteration   9: ||V_upper^k - V_upper^k-1||_inf = 3.12582222057605729759, ||V_lower^k - V_lower^k-1||_inf = 2.34861447325680572362
    Local Iteration  10: ||V_upper^k - V_upper^k-1||_inf = 2.99228788078299245967, ||V_lower^k - V_lower^k-1||_inf = 1.91006010815340898645
    Local Iteration  11: ||V_upper^k - V_upper^k-1||_inf = 2.78867321535996026682, ||V_lower^k - V_lower^k-1||_inf = 0.52576896119218652359
    Local Iteration  12: ||V_upper^k - V_upper^k-1||_inf = 2.57427910767189960239, ||V_lower^k - V_lower^k-1||_inf = 0.40689378787498520218
    Local Iteration  13: ||V_upper^k - V_upper^k-1||_inf = 2.36279753109228396468, ||V_lower^k - V_lower^k-1||_inf = 0.38116148534363492040
    Local Iteration  14: ||V_upper^k - V_upper^k-1||_inf = 2.11793341536010792936, ||V_lower^k - V_lower^k-1||_inf = 0.38116148534363492040
    Local Iteration  15: ||V_upper^k - V_upper^k-1||_inf = 1.84994437964181202005, ||V_lower^k - V_lower^k-1||_inf = 0.34995699255857570797
    Local Iteration  16: ||V_upper^k - V_upper^k-1||_inf = 0.16699335244537483192, ||V_lower^k - V_lower^k-1||_inf = 0.34905806496319624621
    Local Iteration  17: ||V_upper^k - V_upper^k-1||_inf = 0.09187079893379568318, ||V_lower^k - V_lower^k-1||_inf = 0.34905806496319624621
    Local Iteration  18: ||V_upper^k - V_upper^k-1||_inf = 0.06167781514337811188, ||V_lower^k - V_lower^k-1||_inf = 0.28760900255252397351
    Local Iteration  19: ||V_upper^k - V_upper^k-1||_inf = 0.03923508723414759203, ||V_lower^k - V_lower^k-1||_inf = 0.27496422670348841244
    Local Iteration  20: ||V_upper^k - V_upper^k-1||_inf = 0.02823582635246157935, ||V_lower^k - V_lower^k-1||_inf = 0.27496422670348841244
    Local Iteration  21: ||V_upper^k - V_upper^k-1||_inf = 0.02275989939331868328, ||V_lower^k - V_lower^k-1||_inf = 0.27496422670348841244
    Local Iteration  22: ||V_upper^k - V_upper^k-1||_inf = 0.01620976501647741763, ||V_lower^k - V_lower^k-1||_inf = 0.27496422670348841244
    Local Iteration  23: ||V_upper^k - V_upper^k-1||_inf = 0.01339135198555352346, ||V_lower^k - V_lower^k-1||_inf = 0.27496422670348841244
    Local Iteration  24: ||V_upper^k - V_upper^k-1||_inf = 0.01306980312215877404, ||V_lower^k - V_lower^k-1||_inf = 0.27496422670348841244
    Local Iteration  25: ||V_upper^k - V_upper^k-1||_inf = 0.01306980312215877404, ||V_lower^k - V_lower^k-1||_inf = 0.27496422670348841244
    Local Iteration  26: ||V_upper^k - V_upper^k-1||_inf = 0.01306980312215877404, ||V_lower^k - V_lower^k-1||_inf = 0.27496422670348841244
    Local Iteration  27: ||V_upper^k - V_upper^k-1||_inf = 0.00000000000000022204, ||V_lower^k - V_lower^k-1||_inf = 0.27496422670348841244
    Local Iteration  28: ||V_upper^k - V_upper^k-1||_inf = 0.00000000000000000000, ||V_lower^k - V_lower^k-1||_inf = 0.27496422670348841244
    Local Iteration  29: ||V_upper^k - V_upper^k-1||_inf = 0.00000000000000000000, ||V_lower^k - V_lower^k-1||_inf = 0.27496422670348841244
    Local Iteration  30: ||V_upper^k - V_upper^k-1||_inf = 0.00000000000000000000, ||V_lower^k - V_lower^k-1||_inf = 0.27496422670348841244
    Local Iteration  31: ||V_upper^k - V_upper^k-1||_inf = 0.00000000000000000000, ||V_lower^k - V_lower^k-1||_inf = 0.27496422670348841244
    Local Iteration  32: ||V_upper^k - V_upper^k-1||_inf = 0.00000000000000000000, ||V_lower^k - V_lower^k-1||_inf = 0.27496422670348841244
    Local Iteration  33: ||V_upper^k - V_upper^k-1||_inf = 0.00000000000000000000, ||V_lower^k - V_lower^k-1||_inf = 0.27496422670348841244
    Local Iteration  34: ||V_upper^k - V_upper^k-1||_inf = 0.00000000000000000000, ||V_lower^k - V_lower^k-1||_inf = 0.27496422670348841244
    Local Iteration  35: ||V_upper^k - V_upper^k-1||_inf = 0.00000000000000000000, ||V_lower^k - V_lower^k-1||_inf = 0.27496422670348841244
    Local Iteration  36: ||V_upper^k - V_upper^k-1||_inf = 0.00000000000000000000, ||V_lower^k - V_lower^k-1||_inf = 0.27496422670348841244
    Local Iteration  37: ||V_upper^k - V_upper^k-1||_inf = 0.00000000000000000000, ||V_lower^k - V_lower^k-1||_inf = 0.27496422670348841244
    Local Iteration  38: ||V_upper^k - V_upper^k-1||_inf = 0.00000000000000000000, ||V_lower^k - V_lower^k-1||_inf = 0.27496422670348841244
    Local Iteration  39: ||V_upper^k - V_upper^k-1||_inf = 0.00000000000000000000, ||V_lower^k - V_lower^k-1||_inf = 0.27496422670348841244
    Local Iteration  40: ||V_upper^k - V_upper^k-1||_inf = 0.00000000000000000000, ||V_lower^k - V_lower^k-1||_inf = 0.27496422670348841244
    Local Iteration  41: ||V_upper^k - V_upper^k-1||_inf = 0.00000000000000000000, ||V_lower^k - V_lower^k-1||_inf = 0.27496422670348841244
    Local Iteration  42: ||V_upper^k - V_upper^k-1||_inf = 0.00000000000000000000, ||V_lower^k - V_lower^k-1||_inf = 0.27496422670348841244
    Local Iteration  43: ||V_upper^k - V_upper^k-1||_inf = 0.00000000000000000000, ||V_lower^k - V_lower^k-1||_inf = 0.27496422670348841244
    Local Iteration  44: ||V_upper^k - V_upper^k-1||_inf = 0.00000000000000000000, ||V_lower^k - V_lower^k-1||_inf = 0.27496422670348841244
    Local Iteration  45: ||V_upper^k - V_upper^k-1||_inf = 0.00000000000000000000, ||V_lower^k - V_lower^k-1||_inf = 0.27496422670348841244
    Local Iteration  46: ||V_upper^k - V_upper^k-1||_inf = 0.00000000000000000000, ||V_lower^k - V_lower^k-1||_inf = 0.27496422670348841244
    Local Iteration  47: ||V_upper^k - V_upper^k-1||_inf = 0.00000000000000000000, ||V_lower^k - V_lower^k-1||_inf = 0.27496422670348841244
    Local Iteration  48: ||V_upper^k - V_upper^k-1||_inf = 0.00000000000000000000, ||V_lower^k - V_lower^k-1||_inf = 0.27496422670348841244
    Local Iteration  49: ||V_upper^k - V_upper^k-1||_inf = 0.00000000000000000000, ||V_lower^k - V_lower^k-1||_inf = 0.27496422670348841244
    Local Iteration  50: ||V_upper^k - V_upper^k-1||_inf = 0.00000000000000000000, ||V_lower^k - V_lower^k-1||_inf = 0.27496422670348841244
    Local Iteration  51: ||V_upper^k - V_upper^k-1||_inf = 0.00000000000000000000, ||V_lower^k - V_lower^k-1||_inf = 0.27496422670348841244
    Local Iteration  52: ||V_upper^k - V_upper^k-1||_inf = 0.00000000000000000000, ||V_lower^k - V_lower^k-1||_inf = 0.27496422670348841244
    Local Iteration  53: ||V_upper^k - V_upper^k-1||_inf = 0.00000000000000000000, ||V_lower^k - V_lower^k-1||_inf = 0.27496422670348841244
    Local Iteration  54: ||V_upper^k - V_upper^k-1||_inf = 0.00000000000000000000, ||V_lower^k - V_lower^k-1||_inf = 0.27496422670348841244
    Local Iteration  55: ||V_upper^k - V_upper^k-1||_inf = 0.00000000000000000000, ||V_lower^k - V_lower^k-1||_inf = 0.27496422670348841244
    Local Iteration  56: ||V_upper^k - V_upper^k-1||_inf = 0.00000000000000000000, ||V_lower^k - V_lower^k-1||_inf = 0.26704316215296475256
    Local Iteration  57: ||V_upper^k - V_upper^k-1||_inf = 0.00000000000000000000, ||V_lower^k - V_lower^k-1||_inf = 0.26704316215296475256
    Local Iteration  58: ||V_upper^k - V_upper^k-1||_inf = 0.00000000000000000000, ||V_lower^k - V_lower^k-1||_inf = 0.13007526655700740736
    Local Iteration  59: ||V_upper^k - V_upper^k-1||_inf = 0.00000000000000000000, ||V_lower^k - V_lower^k-1||_inf = 0.13007526655700740736
    Local Iteration  60: ||V_upper^k - V_upper^k-1||_inf = 0.00000000000000000000, ||V_lower^k - V_lower^k-1||_inf = 0.04863030956444180930
    Local Iteration  61: ||V_upper^k - V_upper^k-1||_inf = 0.00000000000000000000, ||V_lower^k - V_lower^k-1||_inf = 0.00000000000000000000

==================================================
 LOCAL CONVERGENCE ACHIEVED
==================================================
  ||V_upper^k - V_upper^k-1||_inf = 0.00000000000000000000e+00 < tolerance = 1e-08
  ||V_lower^k - V_lower^k-1||_inf = 0.00000000000000000000e+00 < tolerance = 1e-08
  Converged in 61 iterations
    Local VI completed in 61 iterations
    Final convergence values:
      ||V_upper^final - V_upper^prev||_inf = 0.00000000e+00
      ||V_lower^final - V_lower^prev||_inf = 0.00000000e+00
  Local VI completed in 61 iterations, time: 8.932s
    Final ||V_upper^k - V_upper^k-1||_inf = 0.00000000000000000000e+00
    Final ||V_lower^k - V_lower^k-1||_inf = 0.00000000000000000000e+00
  Saved visualization: /Users/i.k.tabbara/Documents/python directory/HSCC_2027/refactored_Implementations/results_hscc_2027/ra_nodiscount/dubins_res20_eps0.05_dmin1e-08_dmax1e-08_gamma0.9_dt0.3_tau0.3_std/value_function_phase_13_complete.png
  Phase 13 completed in 11.55s with 6270898 leaf cells

Classification after phase 13:
  Safe:          1818028 cells ( 29.0%),   64.3% of state space
  Unsafe:         855352 cells ( 13.6%),   30.2% of state space
  Unclassified:  3597518 cells ( 57.4%),    5.5% of state space

======================================================================
ADAPTIVE REFINEMENT COMPLETE
======================================================================
Refinement Summary:
  Phases completed: 13
  Parent cells refined: 6262898
  Child cells created: 12525796
  Final cells: 6270898
Final Boundary State:
  Boundary cells: 3597518
  Still refinable: 3597518
  Below threshold: 0

Final Cell Classification:
  Safe:          1818028 cells ( 29.0%),   64.3% of state space
  Unsafe:         855352 cells ( 13.6%),   30.2% of state space
  Unclassified:  3597518 cells ( 57.4%),    5.5% of state space

 All results saved to: /Users/i.k.tabbara/Documents/python directory/HSCC_2027/refactored_Implementations/results_hscc_2027/ra_nodiscount/dubins_res20_eps0.05_dmin1e-08_dmax1e-08_gamma0.9_dt0.3_tau0.3_std/
ALGORITHM 2 COMPLETE
Total time: 39.41 seconds

======================================================================
TIMING BREAKDOWN (RA_nodiscount)
======================================================================
  grid construction      :      0.004 s
  spatial index builds   :      4.867 s
  cell initialization    :      0.093 s
  ODE integration        :      6.278 s  (45819318 solves)
  successor set queries  :      6.444 s
  value iteration        :     10.693 s  (612 sweeps)
  cell splitting         :      0.659 s
  plotting / output      :      7.933 s
  checkpoint writes      :      0.000 s
  ------------------------------------------------
  TOTAL                  :     40.403 s
  final leaf cells       :    6270898
TOTAL WALL TIME: 40.40 seconds
# run finished 2026-10-03T12:32:33
