
######################################################################
# run started 2026-10-04T03:51:37
# command: ./build/dhj --mode avoid_nodiscount --dynamics dubins --dt 0.3 --tau 0.3 --initial-resolution 80 --epsilon 0.05 --delta-min 1e-8 --delta-max 1e-8 --gamma 0.9 --refinements 6 --vi-iterations 20000 --checkpoint-every 0 --keep-checkpoints 0 --plot-dpi 300 --workers 12 --results-root /Users/i.k.tabbara/Documents/python directory/HSCC_2027/refactored_Implementations/results_hscc_2027_newbellmans_12workers
# cwd: /Users/i.k.tabbara/Documents/python directory/HSCC_2027/refactored_Implementations/cpp
######################################################################
DISCRETE HJ REACH-AVOID SOLVER (C++)
Mode: avoid_nodiscount (avoid_nodiscount.py semantics)
Algorithm: 2, Workers: 12
Output directory: /Users/i.k.tabbara/Documents/python directory/HSCC_2027/refactored_Implementations/results_hscc_2027_newbellmans_12workers/avoid_nodiscount/dubins_res80_eps0.05_dmin1e-08_dmax1e-08_gamma0.9_dt0.3_tau0.3_std
Conservative mode: False
Dynamics: dubins (3-D)
  Time discretization: 1 steps of dt=0.3 s over tau=0.3 s
======================================================================
ALGORITHM 2/3: Adaptive Refinement
======================================================================
Environment: dubins
Initializing grid with resolution 80^3...
  Building spatial index for 512000 cells...
   Spatial index built in 0.12s

Gronwall Reachability Initialized:
  Lipschitz constant L = 1
  Checkpoint interval dt = 0.3
  Control horizon tau = 0.3
  Number of checkpoints = 1
  Checkpoint times: ['0.300']
  Growth factors: ['1.349859']
Initialized with gamma=0.9, L_f=1, L_l=1.41421,  L_r=1.41421
Contraction factor: gamma*L_f = 0.9000
Using 12 parallel workers

======================================================================
ADAPTIVE REFINEMENT CONFIGURATION
======================================================================
  Error tolerance eps: 0.05
  Minimum cell size eta_min: 0.017678
  Maximum refinements: 6
  VI iterations per refinement: 20000
  Conservative mode: False

======================================================================
PHASE 0: INITIAL VALUE ITERATION
======================================================================
Grid: 512000 cells
  Precomputing successor sets...

Precomputing successor sets with HYBRID approach...
  Step 1: Computing 1536000 trajectories in parallel...
   Trajectories + spatial queries computed in 0.33s (4640760.3 tasks/s)
    Breakdown: 53.3% ODE, 46.7% queries

Starting OPTIMIZED PARALLEL value iteration (max 20000 iterations)...
Conservative mode: False
Convergence tolerance: 1e-08
Number of cells: 512000
Iteration   1: ||V_upper^k - V_upper^k-1||_inf = 4.65858598492660203050, ||V_lower^k - V_lower^k-1||_inf = 4.76965805838056144950
Iteration   2: ||V_upper^k - V_upper^k-1||_inf = 4.49097638780337948816, ||V_lower^k - V_lower^k-1||_inf = 4.76965805838056144950
Iteration   3: ||V_upper^k - V_upper^k-1||_inf = 4.22138463955030474040, ||V_lower^k - V_lower^k-1||_inf = 4.76965805838056144950
Iteration   4: ||V_upper^k - V_upper^k-1||_inf = 3.85709386933532183406, ||V_lower^k - V_lower^k-1||_inf = 4.69956260730754671329
Iteration   5: ||V_upper^k - V_upper^k-1||_inf = 3.40861671072147043304, ||V_lower^k - V_lower^k-1||_inf = 4.57282882501641108064
Iteration   6: ||V_upper^k - V_upper^k-1||_inf = 2.97701980959195999787, ||V_lower^k - V_lower^k-1||_inf = 4.44273082711739153439
Iteration   7: ||V_upper^k - V_upper^k-1||_inf = 2.55713493236354594274, ||V_lower^k - V_lower^k-1||_inf = 4.27275236112821765744
Iteration   8: ||V_upper^k - V_upper^k-1||_inf = 1.95876510290234939760, ||V_lower^k - V_lower^k-1||_inf = 4.14036481655541788172
Iteration   9: ||V_upper^k - V_upper^k-1||_inf = 1.33977266874813727426, ||V_lower^k - V_lower^k-1||_inf = 3.97578164924307664307
Iteration  10: ||V_upper^k - V_upper^k-1||_inf = 0.80699703182465465368, ||V_lower^k - V_lower^k-1||_inf = 3.82991396213202239807
Iteration  11: ||V_upper^k - V_upper^k-1||_inf = 0.40388671955753108200, ||V_lower^k - V_lower^k-1||_inf = 3.66230238148958342492
Iteration  12: ||V_upper^k - V_upper^k-1||_inf = 0.40388671955753108200, ||V_lower^k - V_lower^k-1||_inf = 3.38374093088795557804
Iteration  13: ||V_upper^k - V_upper^k-1||_inf = 0.40388671955753108200, ||V_lower^k - V_lower^k-1||_inf = 3.03692114626621645357
Iteration  14: ||V_upper^k - V_upper^k-1||_inf = 0.40388671955753108200, ||V_lower^k - V_lower^k-1||_inf = 2.60433987242956899166
Iteration  15: ||V_upper^k - V_upper^k-1||_inf = 0.40388671955753108200, ||V_lower^k - V_lower^k-1||_inf = 2.12751902940765580396
Iteration  16: ||V_upper^k - V_upper^k-1||_inf = 0.40388671955753108200, ||V_lower^k - V_lower^k-1||_inf = 1.51193587449760125097
Iteration  17: ||V_upper^k - V_upper^k-1||_inf = 0.40388671955753108200, ||V_lower^k - V_lower^k-1||_inf = 0.41900674817333605215
Iteration  18: ||V_upper^k - V_upper^k-1||_inf = 0.40388671955753108200, ||V_lower^k - V_lower^k-1||_inf = 0.40254582783065517848
Iteration  19: ||V_upper^k - V_upper^k-1||_inf = 0.40386327450563552777, ||V_lower^k - V_lower^k-1||_inf = 0.40254582783065517848
Iteration  20: ||V_upper^k - V_upper^k-1||_inf = 0.37482508672248443515, ||V_lower^k - V_lower^k-1||_inf = 0.38422787780758693721
Iteration  21: ||V_upper^k - V_upper^k-1||_inf = 0.37316087972837475029, ||V_lower^k - V_lower^k-1||_inf = 0.32499900484609356432
Iteration  22: ||V_upper^k - V_upper^k-1||_inf = 0.37165127520128499183, ||V_lower^k - V_lower^k-1||_inf = 0.32489287274385891813
Iteration  23: ||V_upper^k - V_upper^k-1||_inf = 0.37165127520128499183, ||V_lower^k - V_lower^k-1||_inf = 0.32489287274385891813
Iteration  24: ||V_upper^k - V_upper^k-1||_inf = 0.34978181680783126950, ||V_lower^k - V_lower^k-1||_inf = 0.32489287274385891813
Iteration  25: ||V_upper^k - V_upper^k-1||_inf = 0.27980079619368425359, ||V_lower^k - V_lower^k-1||_inf = 0.32489287274385891813
Iteration  26: ||V_upper^k - V_upper^k-1||_inf = 0.22229223558751820544, ||V_lower^k - V_lower^k-1||_inf = 0.29650381588113472464
Iteration  27: ||V_upper^k - V_upper^k-1||_inf = 0.21489540496247055978, ||V_lower^k - V_lower^k-1||_inf = 0.26547440883151507407
Iteration  28: ||V_upper^k - V_upper^k-1||_inf = 0.21050770253329958992, ||V_lower^k - V_lower^k-1||_inf = 0.26547440883151507407
Iteration  29: ||V_upper^k - V_upper^k-1||_inf = 0.06258681584713010615, ||V_lower^k - V_lower^k-1||_inf = 0.26547440883151507407
Iteration  30: ||V_upper^k - V_upper^k-1||_inf = 0.05566869307119409749, ||V_lower^k - V_lower^k-1||_inf = 0.26547440883151507407
Iteration  31: ||V_upper^k - V_upper^k-1||_inf = 0.00000000000000033307, ||V_lower^k - V_lower^k-1||_inf = 0.26105103070429946932
Iteration  32: ||V_upper^k - V_upper^k-1||_inf = 0.00000000000000000000, ||V_lower^k - V_lower^k-1||_inf = 0.26105103070429946932
Iteration  33: ||V_upper^k - V_upper^k-1||_inf = 0.00000000000000000000, ||V_lower^k - V_lower^k-1||_inf = 0.26105103070429946932
Iteration  34: ||V_upper^k - V_upper^k-1||_inf = 0.00000000000000000000, ||V_lower^k - V_lower^k-1||_inf = 0.26105103070429946932
Iteration  35: ||V_upper^k - V_upper^k-1||_inf = 0.00000000000000000000, ||V_lower^k - V_lower^k-1||_inf = 0.26105103070429946932
Iteration  36: ||V_upper^k - V_upper^k-1||_inf = 0.00000000000000000000, ||V_lower^k - V_lower^k-1||_inf = 0.26105103070429946932
Iteration  37: ||V_upper^k - V_upper^k-1||_inf = 0.00000000000000000000, ||V_lower^k - V_lower^k-1||_inf = 0.26105103070429946932
Iteration  38: ||V_upper^k - V_upper^k-1||_inf = 0.00000000000000000000, ||V_lower^k - V_lower^k-1||_inf = 0.26105103070429946932
Iteration  39: ||V_upper^k - V_upper^k-1||_inf = 0.00000000000000000000, ||V_lower^k - V_lower^k-1||_inf = 0.26105103070429946932
Iteration  40: ||V_upper^k - V_upper^k-1||_inf = 0.00000000000000000000, ||V_lower^k - V_lower^k-1||_inf = 0.26105103070429946932
Iteration  41: ||V_upper^k - V_upper^k-1||_inf = 0.00000000000000000000, ||V_lower^k - V_lower^k-1||_inf = 0.26105103070429946932
Iteration  42: ||V_upper^k - V_upper^k-1||_inf = 0.00000000000000000000, ||V_lower^k - V_lower^k-1||_inf = 0.26105103070429946932
Iteration  43: ||V_upper^k - V_upper^k-1||_inf = 0.00000000000000000000, ||V_lower^k - V_lower^k-1||_inf = 0.26105103070429946932
Iteration  44: ||V_upper^k - V_upper^k-1||_inf = 0.00000000000000000000, ||V_lower^k - V_lower^k-1||_inf = 0.26105103070429946932
Iteration  45: ||V_upper^k - V_upper^k-1||_inf = 0.00000000000000000000, ||V_lower^k - V_lower^k-1||_inf = 0.26105103070429946932
Iteration  46: ||V_upper^k - V_upper^k-1||_inf = 0.00000000000000000000, ||V_lower^k - V_lower^k-1||_inf = 0.26105103070429946932
Iteration  47: ||V_upper^k - V_upper^k-1||_inf = 0.00000000000000000000, ||V_lower^k - V_lower^k-1||_inf = 0.25453618919430365253
Iteration  48: ||V_upper^k - V_upper^k-1||_inf = 0.00000000000000000000, ||V_lower^k - V_lower^k-1||_inf = 0.25453618919430365253
Iteration  49: ||V_upper^k - V_upper^k-1||_inf = 0.00000000000000000000, ||V_lower^k - V_lower^k-1||_inf = 0.25453618919430365253
Iteration  50: ||V_upper^k - V_upper^k-1||_inf = 0.00000000000000000000, ||V_lower^k - V_lower^k-1||_inf = 0.25453618919430365253
Iteration  51: ||V_upper^k - V_upper^k-1||_inf = 0.00000000000000000000, ||V_lower^k - V_lower^k-1||_inf = 0.25453618919430365253
Iteration  52: ||V_upper^k - V_upper^k-1||_inf = 0.00000000000000000000, ||V_lower^k - V_lower^k-1||_inf = 0.22407974548077902455
Iteration  53: ||V_upper^k - V_upper^k-1||_inf = 0.00000000000000000000, ||V_lower^k - V_lower^k-1||_inf = 0.22407974548077902455
Iteration  54: ||V_upper^k - V_upper^k-1||_inf = 0.00000000000000000000, ||V_lower^k - V_lower^k-1||_inf = 0.22407974548077902455
Iteration  55: ||V_upper^k - V_upper^k-1||_inf = 0.00000000000000000000, ||V_lower^k - V_lower^k-1||_inf = 0.22407974548077902455
Iteration  56: ||V_upper^k - V_upper^k-1||_inf = 0.00000000000000000000, ||V_lower^k - V_lower^k-1||_inf = 0.22407974548077835841
Iteration  57: ||V_upper^k - V_upper^k-1||_inf = 0.00000000000000000000, ||V_lower^k - V_lower^k-1||_inf = 0.21619413428770539731
Iteration  58: ||V_upper^k - V_upper^k-1||_inf = 0.00000000000000000000, ||V_lower^k - V_lower^k-1||_inf = 0.21619413428770539731
Iteration  59: ||V_upper^k - V_upper^k-1||_inf = 0.00000000000000000000, ||V_lower^k - V_lower^k-1||_inf = 0.21619413428770539731
Iteration  60: ||V_upper^k - V_upper^k-1||_inf = 0.00000000000000000000, ||V_lower^k - V_lower^k-1||_inf = 0.21619413428770539731
Iteration  61: ||V_upper^k - V_upper^k-1||_inf = 0.00000000000000000000, ||V_lower^k - V_lower^k-1||_inf = 0.21148769189643612521
Iteration  62: ||V_upper^k - V_upper^k-1||_inf = 0.00000000000000000000, ||V_lower^k - V_lower^k-1||_inf = 0.21148769189643612521
Iteration  63: ||V_upper^k - V_upper^k-1||_inf = 0.00000000000000000000, ||V_lower^k - V_lower^k-1||_inf = 0.21148769189643612521
Iteration  64: ||V_upper^k - V_upper^k-1||_inf = 0.00000000000000000000, ||V_lower^k - V_lower^k-1||_inf = 0.18362858478093824210
Iteration  65: ||V_upper^k - V_upper^k-1||_inf = 0.00000000000000000000, ||V_lower^k - V_lower^k-1||_inf = 0.18362858478093824210
Iteration  66: ||V_upper^k - V_upper^k-1||_inf = 0.00000000000000000000, ||V_lower^k - V_lower^k-1||_inf = 0.17144804839330074486
Iteration  67: ||V_upper^k - V_upper^k-1||_inf = 0.00000000000000000000, ||V_lower^k - V_lower^k-1||_inf = 0.17144804839330074486
Iteration  68: ||V_upper^k - V_upper^k-1||_inf = 0.00000000000000000000, ||V_lower^k - V_lower^k-1||_inf = 0.17144804839330074486
Iteration  69: ||V_upper^k - V_upper^k-1||_inf = 0.00000000000000000000, ||V_lower^k - V_lower^k-1||_inf = 0.17144804839330074486
Iteration  70: ||V_upper^k - V_upper^k-1||_inf = 0.00000000000000000000, ||V_lower^k - V_lower^k-1||_inf = 0.17144804839330074486
Iteration  71: ||V_upper^k - V_upper^k-1||_inf = 0.00000000000000000000, ||V_lower^k - V_lower^k-1||_inf = 0.17144804839330074486
Iteration  72: ||V_upper^k - V_upper^k-1||_inf = 0.00000000000000000000, ||V_lower^k - V_lower^k-1||_inf = 0.17144804839330074486
Iteration  73: ||V_upper^k - V_upper^k-1||_inf = 0.00000000000000000000, ||V_lower^k - V_lower^k-1||_inf = 0.17144804839330074486
Iteration  74: ||V_upper^k - V_upper^k-1||_inf = 0.00000000000000000000, ||V_lower^k - V_lower^k-1||_inf = 0.17144804839330074486
Iteration  75: ||V_upper^k - V_upper^k-1||_inf = 0.00000000000000000000, ||V_lower^k - V_lower^k-1||_inf = 0.17144804839330074486
Iteration  76: ||V_upper^k - V_upper^k-1||_inf = 0.00000000000000000000, ||V_lower^k - V_lower^k-1||_inf = 0.17144804839330074486
Iteration  77: ||V_upper^k - V_upper^k-1||_inf = 0.00000000000000000000, ||V_lower^k - V_lower^k-1||_inf = 0.17144804839330074486
Iteration  78: ||V_upper^k - V_upper^k-1||_inf = 0.00000000000000000000, ||V_lower^k - V_lower^k-1||_inf = 0.17144804839330074486
Iteration  79: ||V_upper^k - V_upper^k-1||_inf = 0.00000000000000000000, ||V_lower^k - V_lower^k-1||_inf = 0.17144804839330074486
Iteration  80: ||V_upper^k - V_upper^k-1||_inf = 0.00000000000000000000, ||V_lower^k - V_lower^k-1||_inf = 0.17144804839330074486
Iteration  81: ||V_upper^k - V_upper^k-1||_inf = 0.00000000000000000000, ||V_lower^k - V_lower^k-1||_inf = 0.17144804839330074486
Iteration  82: ||V_upper^k - V_upper^k-1||_inf = 0.00000000000000000000, ||V_lower^k - V_lower^k-1||_inf = 0.17144804839330074486
Iteration  83: ||V_upper^k - V_upper^k-1||_inf = 0.00000000000000000000, ||V_lower^k - V_lower^k-1||_inf = 0.17144804839330074486
Iteration  84: ||V_upper^k - V_upper^k-1||_inf = 0.00000000000000000000, ||V_lower^k - V_lower^k-1||_inf = 0.17144804839330074486
Iteration  85: ||V_upper^k - V_upper^k-1||_inf = 0.00000000000000000000, ||V_lower^k - V_lower^k-1||_inf = 0.17144804839330074486
Iteration  86: ||V_upper^k - V_upper^k-1||_inf = 0.00000000000000000000, ||V_lower^k - V_lower^k-1||_inf = 0.17144804839330074486
Iteration  87: ||V_upper^k - V_upper^k-1||_inf = 0.00000000000000000000, ||V_lower^k - V_lower^k-1||_inf = 0.17144804839330074486
Iteration  88: ||V_upper^k - V_upper^k-1||_inf = 0.00000000000000000000, ||V_lower^k - V_lower^k-1||_inf = 0.17144804839330074486
Iteration  89: ||V_upper^k - V_upper^k-1||_inf = 0.00000000000000000000, ||V_lower^k - V_lower^k-1||_inf = 0.17144804839330074486
Iteration  90: ||V_upper^k - V_upper^k-1||_inf = 0.00000000000000000000, ||V_lower^k - V_lower^k-1||_inf = 0.17144804839330074486
Iteration  91: ||V_upper^k - V_upper^k-1||_inf = 0.00000000000000000000, ||V_lower^k - V_lower^k-1||_inf = 0.17144804839330074486
Iteration  92: ||V_upper^k - V_upper^k-1||_inf = 0.00000000000000000000, ||V_lower^k - V_lower^k-1||_inf = 0.17144804839330074486
Iteration  93: ||V_upper^k - V_upper^k-1||_inf = 0.00000000000000000000, ||V_lower^k - V_lower^k-1||_inf = 0.17144804839330074486
Iteration  94: ||V_upper^k - V_upper^k-1||_inf = 0.00000000000000000000, ||V_lower^k - V_lower^k-1||_inf = 0.17144804839330074486
Iteration  95: ||V_upper^k - V_upper^k-1||_inf = 0.00000000000000000000, ||V_lower^k - V_lower^k-1||_inf = 0.17144804839330074486
Iteration  96: ||V_upper^k - V_upper^k-1||_inf = 0.00000000000000000000, ||V_lower^k - V_lower^k-1||_inf = 0.17144804839330074486
Iteration  97: ||V_upper^k - V_upper^k-1||_inf = 0.00000000000000000000, ||V_lower^k - V_lower^k-1||_inf = 0.17144804839330074486
Iteration  98: ||V_upper^k - V_upper^k-1||_inf = 0.00000000000000000000, ||V_lower^k - V_lower^k-1||_inf = 0.17144804839330074486
Iteration  99: ||V_upper^k - V_upper^k-1||_inf = 0.00000000000000000000, ||V_lower^k - V_lower^k-1||_inf = 0.17144804839330074486
Iteration 100: ||V_upper^k - V_upper^k-1||_inf = 0.00000000000000000000, ||V_lower^k - V_lower^k-1||_inf = 0.17144804839330074486
Iteration 101: ||V_upper^k - V_upper^k-1||_inf = 0.00000000000000000000, ||V_lower^k - V_lower^k-1||_inf = 0.17144804839330074486
Iteration 102: ||V_upper^k - V_upper^k-1||_inf = 0.00000000000000000000, ||V_lower^k - V_lower^k-1||_inf = 0.17144804839330074486
Iteration 103: ||V_upper^k - V_upper^k-1||_inf = 0.00000000000000000000, ||V_lower^k - V_lower^k-1||_inf = 0.17144804839330074486
Iteration 104: ||V_upper^k - V_upper^k-1||_inf = 0.00000000000000000000, ||V_lower^k - V_lower^k-1||_inf = 0.17144804839330074486
Iteration 105: ||V_upper^k - V_upper^k-1||_inf = 0.00000000000000000000, ||V_lower^k - V_lower^k-1||_inf = 0.17144804839330074486
Iteration 106: ||V_upper^k - V_upper^k-1||_inf = 0.00000000000000000000, ||V_lower^k - V_lower^k-1||_inf = 0.17144804839330074486
Iteration 107: ||V_upper^k - V_upper^k-1||_inf = 0.00000000000000000000, ||V_lower^k - V_lower^k-1||_inf = 0.17144804839330074486
Iteration 108: ||V_upper^k - V_upper^k-1||_inf = 0.00000000000000000000, ||V_lower^k - V_lower^k-1||_inf = 0.17144804839330074486
Iteration 109: ||V_upper^k - V_upper^k-1||_inf = 0.00000000000000000000, ||V_lower^k - V_lower^k-1||_inf = 0.17144804839330074486
Iteration 110: ||V_upper^k - V_upper^k-1||_inf = 0.00000000000000000000, ||V_lower^k - V_lower^k-1||_inf = 0.17144804839330074486
Iteration 111: ||V_upper^k - V_upper^k-1||_inf = 0.00000000000000000000, ||V_lower^k - V_lower^k-1||_inf = 0.17144804839330074486
Iteration 112: ||V_upper^k - V_upper^k-1||_inf = 0.00000000000000000000, ||V_lower^k - V_lower^k-1||_inf = 0.17144804839330074486
Iteration 113: ||V_upper^k - V_upper^k-1||_inf = 0.00000000000000000000, ||V_lower^k - V_lower^k-1||_inf = 0.17144804839330074486
Iteration 114: ||V_upper^k - V_upper^k-1||_inf = 0.00000000000000000000, ||V_lower^k - V_lower^k-1||_inf = 0.17144804839330074486
Iteration 115: ||V_upper^k - V_upper^k-1||_inf = 0.00000000000000000000, ||V_lower^k - V_lower^k-1||_inf = 0.17144804839330074486
Iteration 116: ||V_upper^k - V_upper^k-1||_inf = 0.00000000000000000000, ||V_lower^k - V_lower^k-1||_inf = 0.17144804839330074486
Iteration 117: ||V_upper^k - V_upper^k-1||_inf = 0.00000000000000000000, ||V_lower^k - V_lower^k-1||_inf = 0.17144804839330074486
Iteration 118: ||V_upper^k - V_upper^k-1||_inf = 0.00000000000000000000, ||V_lower^k - V_lower^k-1||_inf = 0.17144804839330074486
Iteration 119: ||V_upper^k - V_upper^k-1||_inf = 0.00000000000000000000, ||V_lower^k - V_lower^k-1||_inf = 0.17144804839330074486
Iteration 120: ||V_upper^k - V_upper^k-1||_inf = 0.00000000000000000000, ||V_lower^k - V_lower^k-1||_inf = 0.17144804839330074486
Iteration 121: ||V_upper^k - V_upper^k-1||_inf = 0.00000000000000000000, ||V_lower^k - V_lower^k-1||_inf = 0.17144804839330074486
Iteration 122: ||V_upper^k - V_upper^k-1||_inf = 0.00000000000000000000, ||V_lower^k - V_lower^k-1||_inf = 0.17144804839330074486
Iteration 123: ||V_upper^k - V_upper^k-1||_inf = 0.00000000000000000000, ||V_lower^k - V_lower^k-1||_inf = 0.17144804839330074486
Iteration 124: ||V_upper^k - V_upper^k-1||_inf = 0.00000000000000000000, ||V_lower^k - V_lower^k-1||_inf = 0.17144804839330074486
Iteration 125: ||V_upper^k - V_upper^k-1||_inf = 0.00000000000000000000, ||V_lower^k - V_lower^k-1||_inf = 0.17144804839330074486
Iteration 126: ||V_upper^k - V_upper^k-1||_inf = 0.00000000000000000000, ||V_lower^k - V_lower^k-1||_inf = 0.17144804839330074486
Iteration 127: ||V_upper^k - V_upper^k-1||_inf = 0.00000000000000000000, ||V_lower^k - V_lower^k-1||_inf = 0.17144804839330074486
Iteration 128: ||V_upper^k - V_upper^k-1||_inf = 0.00000000000000000000, ||V_lower^k - V_lower^k-1||_inf = 0.17144804839330074486
Iteration 129: ||V_upper^k - V_upper^k-1||_inf = 0.00000000000000000000, ||V_lower^k - V_lower^k-1||_inf = 0.17144804839330074486
Iteration 130: ||V_upper^k - V_upper^k-1||_inf = 0.00000000000000000000, ||V_lower^k - V_lower^k-1||_inf = 0.17144804839330074486
Iteration 131: ||V_upper^k - V_upper^k-1||_inf = 0.00000000000000000000, ||V_lower^k - V_lower^k-1||_inf = 0.17144804839330074486
Iteration 132: ||V_upper^k - V_upper^k-1||_inf = 0.00000000000000000000, ||V_lower^k - V_lower^k-1||_inf = 0.17144804839330074486
Iteration 133: ||V_upper^k - V_upper^k-1||_inf = 0.00000000000000000000, ||V_lower^k - V_lower^k-1||_inf = 0.17144804839330074486
Iteration 134: ||V_upper^k - V_upper^k-1||_inf = 0.00000000000000000000, ||V_lower^k - V_lower^k-1||_inf = 0.17144804839330074486
Iteration 135: ||V_upper^k - V_upper^k-1||_inf = 0.00000000000000000000, ||V_lower^k - V_lower^k-1||_inf = 0.17144804839330074486
Iteration 136: ||V_upper^k - V_upper^k-1||_inf = 0.00000000000000000000, ||V_lower^k - V_lower^k-1||_inf = 0.17144804839330074486
Iteration 137: ||V_upper^k - V_upper^k-1||_inf = 0.00000000000000000000, ||V_lower^k - V_lower^k-1||_inf = 0.17144804839330074486
Iteration 138: ||V_upper^k - V_upper^k-1||_inf = 0.00000000000000000000, ||V_lower^k - V_lower^k-1||_inf = 0.17144804839330074486
Iteration 139: ||V_upper^k - V_upper^k-1||_inf = 0.00000000000000000000, ||V_lower^k - V_lower^k-1||_inf = 0.17144804839330074486
Iteration 140: ||V_upper^k - V_upper^k-1||_inf = 0.00000000000000000000, ||V_lower^k - V_lower^k-1||_inf = 0.17144804839330074486
Iteration 141: ||V_upper^k - V_upper^k-1||_inf = 0.00000000000000000000, ||V_lower^k - V_lower^k-1||_inf = 0.17144804839330074486
Iteration 142: ||V_upper^k - V_upper^k-1||_inf = 0.00000000000000000000, ||V_lower^k - V_lower^k-1||_inf = 0.17144804839330074486
Iteration 143: ||V_upper^k - V_upper^k-1||_inf = 0.00000000000000000000, ||V_lower^k - V_lower^k-1||_inf = 0.17144804839330074486
Iteration 144: ||V_upper^k - V_upper^k-1||_inf = 0.00000000000000000000, ||V_lower^k - V_lower^k-1||_inf = 0.17144804839330074486
Iteration 145: ||V_upper^k - V_upper^k-1||_inf = 0.00000000000000000000, ||V_lower^k - V_lower^k-1||_inf = 0.17144804839330074486
Iteration 146: ||V_upper^k - V_upper^k-1||_inf = 0.00000000000000000000, ||V_lower^k - V_lower^k-1||_inf = 0.17144804839330074486
Iteration 147: ||V_upper^k - V_upper^k-1||_inf = 0.00000000000000000000, ||V_lower^k - V_lower^k-1||_inf = 0.17144804839330074486
Iteration 148: ||V_upper^k - V_upper^k-1||_inf = 0.00000000000000000000, ||V_lower^k - V_lower^k-1||_inf = 0.17144804839330074486
Iteration 149: ||V_upper^k - V_upper^k-1||_inf = 0.00000000000000000000, ||V_lower^k - V_lower^k-1||_inf = 0.17144804839330074486
Iteration 150: ||V_upper^k - V_upper^k-1||_inf = 0.00000000000000000000, ||V_lower^k - V_lower^k-1||_inf = 0.17144804839330074486
Iteration 151: ||V_upper^k - V_upper^k-1||_inf = 0.00000000000000000000, ||V_lower^k - V_lower^k-1||_inf = 0.17144804839330074486
Iteration 152: ||V_upper^k - V_upper^k-1||_inf = 0.00000000000000000000, ||V_lower^k - V_lower^k-1||_inf = 0.17144804839330074486
Iteration 153: ||V_upper^k - V_upper^k-1||_inf = 0.00000000000000000000, ||V_lower^k - V_lower^k-1||_inf = 0.17144804839330074486
Iteration 154: ||V_upper^k - V_upper^k-1||_inf = 0.00000000000000000000, ||V_lower^k - V_lower^k-1||_inf = 0.17144804839330074486
Iteration 155: ||V_upper^k - V_upper^k-1||_inf = 0.00000000000000000000, ||V_lower^k - V_lower^k-1||_inf = 0.17144804839330074486
Iteration 156: ||V_upper^k - V_upper^k-1||_inf = 0.00000000000000000000, ||V_lower^k - V_lower^k-1||_inf = 0.17144804839330074486
Iteration 157: ||V_upper^k - V_upper^k-1||_inf = 0.00000000000000000000, ||V_lower^k - V_lower^k-1||_inf = 0.17144804839330074486
Iteration 158: ||V_upper^k - V_upper^k-1||_inf = 0.00000000000000000000, ||V_lower^k - V_lower^k-1||_inf = 0.17144804839330074486
Iteration 159: ||V_upper^k - V_upper^k-1||_inf = 0.00000000000000000000, ||V_lower^k - V_lower^k-1||_inf = 0.17144804839330074486
Iteration 160: ||V_upper^k - V_upper^k-1||_inf = 0.00000000000000000000, ||V_lower^k - V_lower^k-1||_inf = 0.17144804839330074486
Iteration 161: ||V_upper^k - V_upper^k-1||_inf = 0.00000000000000000000, ||V_lower^k - V_lower^k-1||_inf = 0.17144804839330074486
Iteration 162: ||V_upper^k - V_upper^k-1||_inf = 0.00000000000000000000, ||V_lower^k - V_lower^k-1||_inf = 0.17144804839330074486
Iteration 163: ||V_upper^k - V_upper^k-1||_inf = 0.00000000000000000000, ||V_lower^k - V_lower^k-1||_inf = 0.17144804839330074486
Iteration 164: ||V_upper^k - V_upper^k-1||_inf = 0.00000000000000000000, ||V_lower^k - V_lower^k-1||_inf = 0.17144804839330074486
Iteration 165: ||V_upper^k - V_upper^k-1||_inf = 0.00000000000000000000, ||V_lower^k - V_lower^k-1||_inf = 0.17144804839330074486
Iteration 166: ||V_upper^k - V_upper^k-1||_inf = 0.00000000000000000000, ||V_lower^k - V_lower^k-1||_inf = 0.17144804839330074486
Iteration 167: ||V_upper^k - V_upper^k-1||_inf = 0.00000000000000000000, ||V_lower^k - V_lower^k-1||_inf = 0.17144804839330074486
Iteration 168: ||V_upper^k - V_upper^k-1||_inf = 0.00000000000000000000, ||V_lower^k - V_lower^k-1||_inf = 0.17144804839330074486
Iteration 169: ||V_upper^k - V_upper^k-1||_inf = 0.00000000000000000000, ||V_lower^k - V_lower^k-1||_inf = 0.17144804839330074486
Iteration 170: ||V_upper^k - V_upper^k-1||_inf = 0.00000000000000000000, ||V_lower^k - V_lower^k-1||_inf = 0.17144804839330074486
Iteration 171: ||V_upper^k - V_upper^k-1||_inf = 0.00000000000000000000, ||V_lower^k - V_lower^k-1||_inf = 0.17144804839330074486
Iteration 172: ||V_upper^k - V_upper^k-1||_inf = 0.00000000000000000000, ||V_lower^k - V_lower^k-1||_inf = 0.17144804839330074486
Iteration 173: ||V_upper^k - V_upper^k-1||_inf = 0.00000000000000000000, ||V_lower^k - V_lower^k-1||_inf = 0.17144804839330074486
Iteration 174: ||V_upper^k - V_upper^k-1||_inf = 0.00000000000000000000, ||V_lower^k - V_lower^k-1||_inf = 0.17144804839330074486
Iteration 175: ||V_upper^k - V_upper^k-1||_inf = 0.00000000000000000000, ||V_lower^k - V_lower^k-1||_inf = 0.17144804839330074486
Iteration 176: ||V_upper^k - V_upper^k-1||_inf = 0.00000000000000000000, ||V_lower^k - V_lower^k-1||_inf = 0.17144804839330074486
Iteration 177: ||V_upper^k - V_upper^k-1||_inf = 0.00000000000000000000, ||V_lower^k - V_lower^k-1||_inf = 0.17144804839330074486
Iteration 178: ||V_upper^k - V_upper^k-1||_inf = 0.00000000000000000000, ||V_lower^k - V_lower^k-1||_inf = 0.17144804839330074486
Iteration 179: ||V_upper^k - V_upper^k-1||_inf = 0.00000000000000000000, ||V_lower^k - V_lower^k-1||_inf = 0.17144804839330074486
Iteration 180: ||V_upper^k - V_upper^k-1||_inf = 0.00000000000000000000, ||V_lower^k - V_lower^k-1||_inf = 0.17144804839330074486
Iteration 181: ||V_upper^k - V_upper^k-1||_inf = 0.00000000000000000000, ||V_lower^k - V_lower^k-1||_inf = 0.17144804839330074486
Iteration 182: ||V_upper^k - V_upper^k-1||_inf = 0.00000000000000000000, ||V_lower^k - V_lower^k-1||_inf = 0.17144804839330074486
Iteration 183: ||V_upper^k - V_upper^k-1||_inf = 0.00000000000000000000, ||V_lower^k - V_lower^k-1||_inf = 0.17144804839330074486
Iteration 184: ||V_upper^k - V_upper^k-1||_inf = 0.00000000000000000000, ||V_lower^k - V_lower^k-1||_inf = 0.17144804839330074486
Iteration 185: ||V_upper^k - V_upper^k-1||_inf = 0.00000000000000000000, ||V_lower^k - V_lower^k-1||_inf = 0.17144804839330074486
Iteration 186: ||V_upper^k - V_upper^k-1||_inf = 0.00000000000000000000, ||V_lower^k - V_lower^k-1||_inf = 0.17144804839330074486
Iteration 187: ||V_upper^k - V_upper^k-1||_inf = 0.00000000000000000000, ||V_lower^k - V_lower^k-1||_inf = 0.17144804839330074486
Iteration 188: ||V_upper^k - V_upper^k-1||_inf = 0.00000000000000000000, ||V_lower^k - V_lower^k-1||_inf = 0.17144804839330074486
Iteration 189: ||V_upper^k - V_upper^k-1||_inf = 0.00000000000000000000, ||V_lower^k - V_lower^k-1||_inf = 0.17144804839330074486
Iteration 190: ||V_upper^k - V_upper^k-1||_inf = 0.00000000000000000000, ||V_lower^k - V_lower^k-1||_inf = 0.17144804839330074486
Iteration 191: ||V_upper^k - V_upper^k-1||_inf = 0.00000000000000000000, ||V_lower^k - V_lower^k-1||_inf = 0.17144804839330074486
Iteration 192: ||V_upper^k - V_upper^k-1||_inf = 0.00000000000000000000, ||V_lower^k - V_lower^k-1||_inf = 0.17144804839330074486
Iteration 193: ||V_upper^k - V_upper^k-1||_inf = 0.00000000000000000000, ||V_lower^k - V_lower^k-1||_inf = 0.17144804839330074486
Iteration 194: ||V_upper^k - V_upper^k-1||_inf = 0.00000000000000000000, ||V_lower^k - V_lower^k-1||_inf = 0.17144804839330074486
Iteration 195: ||V_upper^k - V_upper^k-1||_inf = 0.00000000000000000000, ||V_lower^k - V_lower^k-1||_inf = 0.15942022739196604064
Iteration 196: ||V_upper^k - V_upper^k-1||_inf = 0.00000000000000000000, ||V_lower^k - V_lower^k-1||_inf = 0.15942022739196604064
Iteration 197: ||V_upper^k - V_upper^k-1||_inf = 0.00000000000000000000, ||V_lower^k - V_lower^k-1||_inf = 0.15942022739196604064
Iteration 198: ||V_upper^k - V_upper^k-1||_inf = 0.00000000000000000000, ||V_lower^k - V_lower^k-1||_inf = 0.15942022739196604064
Iteration 199: ||V_upper^k - V_upper^k-1||_inf = 0.00000000000000000000, ||V_lower^k - V_lower^k-1||_inf = 0.15942022739196604064
Iteration 200: ||V_upper^k - V_upper^k-1||_inf = 0.00000000000000000000, ||V_lower^k - V_lower^k-1||_inf = 0.15942022739196604064
Iteration 201: ||V_upper^k - V_upper^k-1||_inf = 0.00000000000000000000, ||V_lower^k - V_lower^k-1||_inf = 0.15942022739196604064
Iteration 202: ||V_upper^k - V_upper^k-1||_inf = 0.00000000000000000000, ||V_lower^k - V_lower^k-1||_inf = 0.15942022739196604064
Iteration 203: ||V_upper^k - V_upper^k-1||_inf = 0.00000000000000000000, ||V_lower^k - V_lower^k-1||_inf = 0.14823583215259295010
Iteration 204: ||V_upper^k - V_upper^k-1||_inf = 0.00000000000000000000, ||V_lower^k - V_lower^k-1||_inf = 0.13487108588493867956
Iteration 205: ||V_upper^k - V_upper^k-1||_inf = 0.00000000000000000000, ||V_lower^k - V_lower^k-1||_inf = 0.13487108588493867956
Iteration 206: ||V_upper^k - V_upper^k-1||_inf = 0.00000000000000000000, ||V_lower^k - V_lower^k-1||_inf = 0.10932264628731891420
Iteration 207: ||V_upper^k - V_upper^k-1||_inf = 0.00000000000000000000, ||V_lower^k - V_lower^k-1||_inf = 0.10932264628731891420
Iteration 208: ||V_upper^k - V_upper^k-1||_inf = 0.00000000000000000000, ||V_lower^k - V_lower^k-1||_inf = 0.10932264628731891420
Iteration 209: ||V_upper^k - V_upper^k-1||_inf = 0.00000000000000000000, ||V_lower^k - V_lower^k-1||_inf = 0.10932264628731880318
Iteration 210: ||V_upper^k - V_upper^k-1||_inf = 0.00000000000000000000, ||V_lower^k - V_lower^k-1||_inf = 0.10932264628731880318
Iteration 211: ||V_upper^k - V_upper^k-1||_inf = 0.00000000000000000000, ||V_lower^k - V_lower^k-1||_inf = 0.10932264628731880318
Iteration 212: ||V_upper^k - V_upper^k-1||_inf = 0.00000000000000000000, ||V_lower^k - V_lower^k-1||_inf = 0.10932264628731880318
Iteration 213: ||V_upper^k - V_upper^k-1||_inf = 0.00000000000000000000, ||V_lower^k - V_lower^k-1||_inf = 0.10932264628731880318
Iteration 214: ||V_upper^k - V_upper^k-1||_inf = 0.00000000000000000000, ||V_lower^k - V_lower^k-1||_inf = 0.10932264628731880318
Iteration 215: ||V_upper^k - V_upper^k-1||_inf = 0.00000000000000000000, ||V_lower^k - V_lower^k-1||_inf = 0.10932264628731880318
Iteration 216: ||V_upper^k - V_upper^k-1||_inf = 0.00000000000000000000, ||V_lower^k - V_lower^k-1||_inf = 0.07349668990691693438
Iteration 217: ||V_upper^k - V_upper^k-1||_inf = 0.00000000000000000000, ||V_lower^k - V_lower^k-1||_inf = 0.07349668990691693438
Iteration 218: ||V_upper^k - V_upper^k-1||_inf = 0.00000000000000000000, ||V_lower^k - V_lower^k-1||_inf = 0.07349668990691693438
Iteration 219: ||V_upper^k - V_upper^k-1||_inf = 0.00000000000000000000, ||V_lower^k - V_lower^k-1||_inf = 0.07349668990691693438
Iteration 220: ||V_upper^k - V_upper^k-1||_inf = 0.00000000000000000000, ||V_lower^k - V_lower^k-1||_inf = 0.06212446789237779932
Iteration 221: ||V_upper^k - V_upper^k-1||_inf = 0.00000000000000000000, ||V_lower^k - V_lower^k-1||_inf = 0.06212446789237779932
Iteration 222: ||V_upper^k - V_upper^k-1||_inf = 0.00000000000000000000, ||V_lower^k - V_lower^k-1||_inf = 0.06212446789237779932
Iteration 223: ||V_upper^k - V_upper^k-1||_inf = 0.00000000000000000000, ||V_lower^k - V_lower^k-1||_inf = 0.06212446789237779932
Iteration 224: ||V_upper^k - V_upper^k-1||_inf = 0.00000000000000000000, ||V_lower^k - V_lower^k-1||_inf = 0.06212446789237779932
Iteration 225: ||V_upper^k - V_upper^k-1||_inf = 0.00000000000000000000, ||V_lower^k - V_lower^k-1||_inf = 0.05918761735685817982
Iteration 226: ||V_upper^k - V_upper^k-1||_inf = 0.00000000000000000000, ||V_lower^k - V_lower^k-1||_inf = 0.05918761735685817982
Iteration 227: ||V_upper^k - V_upper^k-1||_inf = 0.00000000000000000000, ||V_lower^k - V_lower^k-1||_inf = 0.05918761735685817982
Iteration 228: ||V_upper^k - V_upper^k-1||_inf = 0.00000000000000000000, ||V_lower^k - V_lower^k-1||_inf = 0.05484257285339877441
Iteration 229: ||V_upper^k - V_upper^k-1||_inf = 0.00000000000000000000, ||V_lower^k - V_lower^k-1||_inf = 0.05339097482600929645
Iteration 230: ||V_upper^k - V_upper^k-1||_inf = 0.00000000000000000000, ||V_lower^k - V_lower^k-1||_inf = 0.05339097482600929645
Iteration 231: ||V_upper^k - V_upper^k-1||_inf = 0.00000000000000000000, ||V_lower^k - V_lower^k-1||_inf = 0.05339097482600929645
Iteration 232: ||V_upper^k - V_upper^k-1||_inf = 0.00000000000000000000, ||V_lower^k - V_lower^k-1||_inf = 0.05339097482600929645
Iteration 233: ||V_upper^k - V_upper^k-1||_inf = 0.00000000000000000000, ||V_lower^k - V_lower^k-1||_inf = 0.05339097482600929645
Iteration 234: ||V_upper^k - V_upper^k-1||_inf = 0.00000000000000000000, ||V_lower^k - V_lower^k-1||_inf = 0.05339097482600929645
Iteration 235: ||V_upper^k - V_upper^k-1||_inf = 0.00000000000000000000, ||V_lower^k - V_lower^k-1||_inf = 0.05339097482600929645
Iteration 236: ||V_upper^k - V_upper^k-1||_inf = 0.00000000000000000000, ||V_lower^k - V_lower^k-1||_inf = 0.05339097482600929645
Iteration 237: ||V_upper^k - V_upper^k-1||_inf = 0.00000000000000000000, ||V_lower^k - V_lower^k-1||_inf = 0.05339097482600929645
Iteration 238: ||V_upper^k - V_upper^k-1||_inf = 0.00000000000000000000, ||V_lower^k - V_lower^k-1||_inf = 0.05339097482600929645
Iteration 239: ||V_upper^k - V_upper^k-1||_inf = 0.00000000000000000000, ||V_lower^k - V_lower^k-1||_inf = 0.04012230990271115072
Iteration 240: ||V_upper^k - V_upper^k-1||_inf = 0.00000000000000000000, ||V_lower^k - V_lower^k-1||_inf = 0.04012230990271115072
Iteration 241: ||V_upper^k - V_upper^k-1||_inf = 0.00000000000000000000, ||V_lower^k - V_lower^k-1||_inf = 0.04012230990271115072
Iteration 242: ||V_upper^k - V_upper^k-1||_inf = 0.00000000000000000000, ||V_lower^k - V_lower^k-1||_inf = 0.04012230990271115072
Iteration 243: ||V_upper^k - V_upper^k-1||_inf = 0.00000000000000000000, ||V_lower^k - V_lower^k-1||_inf = 0.03584273646862023988
Iteration 244: ||V_upper^k - V_upper^k-1||_inf = 0.00000000000000000000, ||V_lower^k - V_lower^k-1||_inf = 0.03289446502430704022
Iteration 245: ||V_upper^k - V_upper^k-1||_inf = 0.00000000000000000000, ||V_lower^k - V_lower^k-1||_inf = 0.02946173016391928634
Iteration 246: ||V_upper^k - V_upper^k-1||_inf = 0.00000000000000000000, ||V_lower^k - V_lower^k-1||_inf = 0.02946173016391928634
Iteration 247: ||V_upper^k - V_upper^k-1||_inf = 0.00000000000000000000, ||V_lower^k - V_lower^k-1||_inf = 0.02946173016391928634
Iteration 248: ||V_upper^k - V_upper^k-1||_inf = 0.00000000000000000000, ||V_lower^k - V_lower^k-1||_inf = 0.02946173016391928634
Iteration 249: ||V_upper^k - V_upper^k-1||_inf = 0.00000000000000000000, ||V_lower^k - V_lower^k-1||_inf = 0.02946173016391928634
Iteration 250: ||V_upper^k - V_upper^k-1||_inf = 0.00000000000000000000, ||V_lower^k - V_lower^k-1||_inf = 0.02946173016391928634
Iteration 251: ||V_upper^k - V_upper^k-1||_inf = 0.00000000000000000000, ||V_lower^k - V_lower^k-1||_inf = 0.02946173016391928634
Iteration 252: ||V_upper^k - V_upper^k-1||_inf = 0.00000000000000000000, ||V_lower^k - V_lower^k-1||_inf = 0.02946173016391928634
Iteration 253: ||V_upper^k - V_upper^k-1||_inf = 0.00000000000000000000, ||V_lower^k - V_lower^k-1||_inf = 0.01218053638763816338
Iteration 254: ||V_upper^k - V_upper^k-1||_inf = 0.00000000000000000000, ||V_lower^k - V_lower^k-1||_inf = 0.01218053638763816338
Iteration 255: ||V_upper^k - V_upper^k-1||_inf = 0.00000000000000000000, ||V_lower^k - V_lower^k-1||_inf = 0.01218053638763816338
Iteration 256: ||V_upper^k - V_upper^k-1||_inf = 0.00000000000000000000, ||V_lower^k - V_lower^k-1||_inf = 0.01218053638763816338
Iteration 257: ||V_upper^k - V_upper^k-1||_inf = 0.00000000000000000000, ||V_lower^k - V_lower^k-1||_inf = 0.01218053638763816338
Iteration 258: ||V_upper^k - V_upper^k-1||_inf = 0.00000000000000000000, ||V_lower^k - V_lower^k-1||_inf = 0.01218053638763816338
Iteration 259: ||V_upper^k - V_upper^k-1||_inf = 0.00000000000000000000, ||V_lower^k - V_lower^k-1||_inf = 0.01218053638763816338
Iteration 260: ||V_upper^k - V_upper^k-1||_inf = 0.00000000000000000000, ||V_lower^k - V_lower^k-1||_inf = 0.01218053638763816338
Iteration 261: ||V_upper^k - V_upper^k-1||_inf = 0.00000000000000000000, ||V_lower^k - V_lower^k-1||_inf = 0.01218053638763816338
Iteration 262: ||V_upper^k - V_upper^k-1||_inf = 0.00000000000000000000, ||V_lower^k - V_lower^k-1||_inf = 0.01218053638763816338
Iteration 263: ||V_upper^k - V_upper^k-1||_inf = 0.00000000000000000000, ||V_lower^k - V_lower^k-1||_inf = 0.01218053638763816338
Iteration 264: ||V_upper^k - V_upper^k-1||_inf = 0.00000000000000000000, ||V_lower^k - V_lower^k-1||_inf = 0.01218053638763816338
Iteration 265: ||V_upper^k - V_upper^k-1||_inf = 0.00000000000000000000, ||V_lower^k - V_lower^k-1||_inf = 0.01218053638763816338
Iteration 266: ||V_upper^k - V_upper^k-1||_inf = 0.00000000000000000000, ||V_lower^k - V_lower^k-1||_inf = 0.01218053638763816338
Iteration 267: ||V_upper^k - V_upper^k-1||_inf = 0.00000000000000000000, ||V_lower^k - V_lower^k-1||_inf = 0.01218053638763816338
Iteration 268: ||V_upper^k - V_upper^k-1||_inf = 0.00000000000000000000, ||V_lower^k - V_lower^k-1||_inf = 0.01218053638763816338
Iteration 269: ||V_upper^k - V_upper^k-1||_inf = 0.00000000000000000000, ||V_lower^k - V_lower^k-1||_inf = 0.01218053638763816338
Iteration 270: ||V_upper^k - V_upper^k-1||_inf = 0.00000000000000000000, ||V_lower^k - V_lower^k-1||_inf = 0.01218053638763816338
Iteration 271: ||V_upper^k - V_upper^k-1||_inf = 0.00000000000000000000, ||V_lower^k - V_lower^k-1||_inf = 0.01218053638763816338
Iteration 272: ||V_upper^k - V_upper^k-1||_inf = 0.00000000000000000000, ||V_lower^k - V_lower^k-1||_inf = 0.01218053638763816338
Iteration 273: ||V_upper^k - V_upper^k-1||_inf = 0.00000000000000000000, ||V_lower^k - V_lower^k-1||_inf = 0.01218053638763816338
Iteration 274: ||V_upper^k - V_upper^k-1||_inf = 0.00000000000000000000, ||V_lower^k - V_lower^k-1||_inf = 0.01218053638763816338
Iteration 275: ||V_upper^k - V_upper^k-1||_inf = 0.00000000000000000000, ||V_lower^k - V_lower^k-1||_inf = 0.01218053638763816338
Iteration 276: ||V_upper^k - V_upper^k-1||_inf = 0.00000000000000000000, ||V_lower^k - V_lower^k-1||_inf = 0.01218053638763816338
Iteration 277: ||V_upper^k - V_upper^k-1||_inf = 0.00000000000000000000, ||V_lower^k - V_lower^k-1||_inf = 0.01218053638763816338
Iteration 278: ||V_upper^k - V_upper^k-1||_inf = 0.00000000000000000000, ||V_lower^k - V_lower^k-1||_inf = 0.01218053638763816338
Iteration 279: ||V_upper^k - V_upper^k-1||_inf = 0.00000000000000000000, ||V_lower^k - V_lower^k-1||_inf = 0.01218053638763816338
Iteration 280: ||V_upper^k - V_upper^k-1||_inf = 0.00000000000000000000, ||V_lower^k - V_lower^k-1||_inf = 0.01218053638763816338
Iteration 281: ||V_upper^k - V_upper^k-1||_inf = 0.00000000000000000000, ||V_lower^k - V_lower^k-1||_inf = 0.01218053638763816338
Iteration 282: ||V_upper^k - V_upper^k-1||_inf = 0.00000000000000000000, ||V_lower^k - V_lower^k-1||_inf = 0.01218053638763816338
Iteration 283: ||V_upper^k - V_upper^k-1||_inf = 0.00000000000000000000, ||V_lower^k - V_lower^k-1||_inf = 0.01218053638763816338
Iteration 284: ||V_upper^k - V_upper^k-1||_inf = 0.00000000000000000000, ||V_lower^k - V_lower^k-1||_inf = 0.01218053638763816338
Iteration 285: ||V_upper^k - V_upper^k-1||_inf = 0.00000000000000000000, ||V_lower^k - V_lower^k-1||_inf = 0.01218053638763816338
Iteration 286: ||V_upper^k - V_upper^k-1||_inf = 0.00000000000000000000, ||V_lower^k - V_lower^k-1||_inf = 0.01218053638763816338
Iteration 287: ||V_upper^k - V_upper^k-1||_inf = 0.00000000000000000000, ||V_lower^k - V_lower^k-1||_inf = 0.01218053638763816338
Iteration 288: ||V_upper^k - V_upper^k-1||_inf = 0.00000000000000000000, ||V_lower^k - V_lower^k-1||_inf = 0.01218053638763816338
Iteration 289: ||V_upper^k - V_upper^k-1||_inf = 0.00000000000000000000, ||V_lower^k - V_lower^k-1||_inf = 0.01218053638763816338
Iteration 290: ||V_upper^k - V_upper^k-1||_inf = 0.00000000000000000000, ||V_lower^k - V_lower^k-1||_inf = 0.01218053638763816338
Iteration 291: ||V_upper^k - V_upper^k-1||_inf = 0.00000000000000000000, ||V_lower^k - V_lower^k-1||_inf = 0.01218053638763816338
Iteration 292: ||V_upper^k - V_upper^k-1||_inf = 0.00000000000000000000, ||V_lower^k - V_lower^k-1||_inf = 0.01218053638763816338
Iteration 293: ||V_upper^k - V_upper^k-1||_inf = 0.00000000000000000000, ||V_lower^k - V_lower^k-1||_inf = 0.01218053638763816338
Iteration 294: ||V_upper^k - V_upper^k-1||_inf = 0.00000000000000000000, ||V_lower^k - V_lower^k-1||_inf = 0.01218053638763816338
Iteration 295: ||V_upper^k - V_upper^k-1||_inf = 0.00000000000000000000, ||V_lower^k - V_lower^k-1||_inf = 0.01218053638763816338
Iteration 296: ||V_upper^k - V_upper^k-1||_inf = 0.00000000000000000000, ||V_lower^k - V_lower^k-1||_inf = 0.01218053638763816338
Iteration 297: ||V_upper^k - V_upper^k-1||_inf = 0.00000000000000000000, ||V_lower^k - V_lower^k-1||_inf = 0.01218053638763816338
Iteration 298: ||V_upper^k - V_upper^k-1||_inf = 0.00000000000000000000, ||V_lower^k - V_lower^k-1||_inf = 0.01218053638763816338
Iteration 299: ||V_upper^k - V_upper^k-1||_inf = 0.00000000000000000000, ||V_lower^k - V_lower^k-1||_inf = 0.01218053638763816338
Iteration 300: ||V_upper^k - V_upper^k-1||_inf = 0.00000000000000000000, ||V_lower^k - V_lower^k-1||_inf = 0.01218053638763816338
Iteration 301: ||V_upper^k - V_upper^k-1||_inf = 0.00000000000000000000, ||V_lower^k - V_lower^k-1||_inf = 0.01218053638763816338
Iteration 302: ||V_upper^k - V_upper^k-1||_inf = 0.00000000000000000000, ||V_lower^k - V_lower^k-1||_inf = 0.01218053638763816338
Iteration 303: ||V_upper^k - V_upper^k-1||_inf = 0.00000000000000000000, ||V_lower^k - V_lower^k-1||_inf = 0.01218053638763816338
Iteration 304: ||V_upper^k - V_upper^k-1||_inf = 0.00000000000000000000, ||V_lower^k - V_lower^k-1||_inf = 0.01218053638763816338
Iteration 305: ||V_upper^k - V_upper^k-1||_inf = 0.00000000000000000000, ||V_lower^k - V_lower^k-1||_inf = 0.01218053638763816338
Iteration 306: ||V_upper^k - V_upper^k-1||_inf = 0.00000000000000000000, ||V_lower^k - V_lower^k-1||_inf = 0.01218053638763816338
Iteration 307: ||V_upper^k - V_upper^k-1||_inf = 0.00000000000000000000, ||V_lower^k - V_lower^k-1||_inf = 0.01218053638763816338
Iteration 308: ||V_upper^k - V_upper^k-1||_inf = 0.00000000000000000000, ||V_lower^k - V_lower^k-1||_inf = 0.01218053638763816338
Iteration 309: ||V_upper^k - V_upper^k-1||_inf = 0.00000000000000000000, ||V_lower^k - V_lower^k-1||_inf = 0.01218053638763816338
Iteration 310: ||V_upper^k - V_upper^k-1||_inf = 0.00000000000000000000, ||V_lower^k - V_lower^k-1||_inf = 0.01218053638763816338
Iteration 311: ||V_upper^k - V_upper^k-1||_inf = 0.00000000000000000000, ||V_lower^k - V_lower^k-1||_inf = 0.01218053638763816338
Iteration 312: ||V_upper^k - V_upper^k-1||_inf = 0.00000000000000000000, ||V_lower^k - V_lower^k-1||_inf = 0.01218053638763816338
Iteration 313: ||V_upper^k - V_upper^k-1||_inf = 0.00000000000000000000, ||V_lower^k - V_lower^k-1||_inf = 0.01218053638763816338
Iteration 314: ||V_upper^k - V_upper^k-1||_inf = 0.00000000000000000000, ||V_lower^k - V_lower^k-1||_inf = 0.01218053638763816338
Iteration 315: ||V_upper^k - V_upper^k-1||_inf = 0.00000000000000000000, ||V_lower^k - V_lower^k-1||_inf = 0.01218053638763816338
Iteration 316: ||V_upper^k - V_upper^k-1||_inf = 0.00000000000000000000, ||V_lower^k - V_lower^k-1||_inf = 0.01218053638763816338
Iteration 317: ||V_upper^k - V_upper^k-1||_inf = 0.00000000000000000000, ||V_lower^k - V_lower^k-1||_inf = 0.01218053638763816338
Iteration 318: ||V_upper^k - V_upper^k-1||_inf = 0.00000000000000000000, ||V_lower^k - V_lower^k-1||_inf = 0.01218053638763816338
Iteration 319: ||V_upper^k - V_upper^k-1||_inf = 0.00000000000000000000, ||V_lower^k - V_lower^k-1||_inf = 0.01218053638763816338
Iteration 320: ||V_upper^k - V_upper^k-1||_inf = 0.00000000000000000000, ||V_lower^k - V_lower^k-1||_inf = 0.01120282498207336719
Iteration 321: ||V_upper^k - V_upper^k-1||_inf = 0.00000000000000000000, ||V_lower^k - V_lower^k-1||_inf = 0.01086879249576910844
Iteration 322: ||V_upper^k - V_upper^k-1||_inf = 0.00000000000000000000, ||V_lower^k - V_lower^k-1||_inf = 0.00097771140556479619
Iteration 323: ||V_upper^k - V_upper^k-1||_inf = 0.00000000000000000000, ||V_lower^k - V_lower^k-1||_inf = 0.00000000000000033307

==================================================
 STANDARD CONVERGENCE ACHIEVED
==================================================
  ||V_upper^k - V_upper^k-1||_inf = 0.00000000000000000000e+00 < tolerance = 1e-08
  ||V_lower^k - V_lower^k-1||_inf = 3.33066907387546962127e-16 < tolerance = 1e-08
  Converged in 323 iterations

Value iteration completed in 323 iterations
total time for running value_iteration the first time (phase 0) on the initial grid including grid initialization, setting up cpu parallelism, successor set computation and value iteration is 1.76197 seconds
Initial VI completed in 323 iterations
Final convergence: ||V_upper||_inf = 0.00000000e+00, ||V_lower||_inf = 3.33066907e-16
Saved initial visualization: /Users/i.k.tabbara/Documents/python directory/HSCC_2027/refactored_Implementations/results_hscc_2027_newbellmans_12workers/avoid_nodiscount/dubins_res80_eps0.05_dmin1e-08_dmax1e-08_gamma0.9_dt0.3_tau0.3_std/value_function_phase_0_complete.png

Classification after phase 0:
  Safe:                0 cells (  0.0%),    0.0% of state space
  Unsafe:         126560 cells ( 24.7%),   24.7% of state space
  Unclassified:   385440 cells ( 75.3%),   75.3% of state space

======================================================================
INITIAL QUEUE STATE
======================================================================
Total boundary cells: 385440
  Refinable (>eta_min=0.017678): 385440
  Below threshold: 0

======================================================================
REFINEMENT PHASE 1
======================================================================
Boundary cells: 385440
  Refinable (>eta_min=0.017678): 385440
  Below threshold: 0
  Cumulative refined: 0
  Refinable cell size statistics:
    Max:    0.078540
    Mean:   0.078540
    Min:    0.078540
    Median: 0.078540
  Refining 385440 cells...
    Refined: 385440 parent cells
    Created: 770880 child cells
    Total cells: 897440
    Refinement time: 0.039s
    Cumulative refined: 385440
  Rebuilding spatial index...
  Building spatial index for 897440 cells...
   Spatial index built in 0.23s
    Spatial index rebuilt in 0.228s
  Initializing 770880 new cells...
  Initializing 770880 new cells in parallel...
   Initialized in 0.00s (431794910.9 cells/s)
    Initialization completed in 0.002s
  Starting local value iteration...
  Reinitializing ALL 897440 cells (V = min(l, r))
   Reinitialized 897440 cells in 0.00s (390601775.9 cells/s)
  Local VI: updating all 897440 cells
    Conservative mode: False
    Convergence tolerance: 1e-08
    Max iterations: 20000
    Updating successor cache for 770880 updated cells...
    Updating successor cache for 770880 new cells (HYBRID)...
      Affected cells: 787344
   Trajectories + spatial queries computed in 0.53s (4481562.5 tasks/s)
    Breakdown: 45.7% ODE, 54.3% queries
     Cache updated in 0.60s (3963902.7 tasks/s)
    Local Iteration   1: ||V_upper^k - V_upper^k-1||_inf = 4.66108901306459078029, ||V_lower^k - V_lower^k-1||_inf = 4.76965805838056144950
    Local Iteration   2: ||V_upper^k - V_upper^k-1||_inf = 4.49097638780337948816, ||V_lower^k - V_lower^k-1||_inf = 4.76965805838056144950
    Local Iteration   3: ||V_upper^k - V_upper^k-1||_inf = 4.22138463955030474040, ||V_lower^k - V_lower^k-1||_inf = 4.76965805838056144950
    Local Iteration   4: ||V_upper^k - V_upper^k-1||_inf = 3.87956400835038817121, ||V_lower^k - V_lower^k-1||_inf = 4.69956260730754671329
    Local Iteration   5: ||V_upper^k - V_upper^k-1||_inf = 3.45710423562450852586, ||V_lower^k - V_lower^k-1||_inf = 4.57282882501641108064
    Local Iteration   6: ||V_upper^k - V_upper^k-1||_inf = 2.96086912814370517566, ||V_lower^k - V_lower^k-1||_inf = 4.44273082711739153439
    Local Iteration   7: ||V_upper^k - V_upper^k-1||_inf = 2.40964443223305968544, ||V_lower^k - V_lower^k-1||_inf = 4.27275236112821765744
    Local Iteration   8: ||V_upper^k - V_upper^k-1||_inf = 1.88085145364907324605, ||V_lower^k - V_lower^k-1||_inf = 4.13786178841742913193
    Local Iteration   9: ||V_upper^k - V_upper^k-1||_inf = 1.32799328424486651201, ||V_lower^k - V_lower^k-1||_inf = 3.96219768532051030974
    Local Iteration  10: ||V_upper^k - V_upper^k-1||_inf = 0.80950005996264318142, ||V_lower^k - V_lower^k-1||_inf = 3.79603429601969288854
    Local Iteration  11: ||V_upper^k - V_upper^k-1||_inf = 0.40388615241855241322, ||V_lower^k - V_lower^k-1||_inf = 3.58050494210340986001
    Local Iteration  12: ||V_upper^k - V_upper^k-1||_inf = 0.40388615241855241322, ||V_lower^k - V_lower^k-1||_inf = 3.26619549162286482158
    Local Iteration  13: ||V_upper^k - V_upper^k-1||_inf = 0.40388615241855241322, ||V_lower^k - V_lower^k-1||_inf = 2.92299439285773532404
    Local Iteration  14: ||V_upper^k - V_upper^k-1||_inf = 0.40388615241855241322, ||V_lower^k - V_lower^k-1||_inf = 2.49531185463730231788
    Local Iteration  15: ||V_upper^k - V_upper^k-1||_inf = 0.40388615241855241322, ||V_lower^k - V_lower^k-1||_inf = 2.07373073773303140399
    Local Iteration  16: ||V_upper^k - V_upper^k-1||_inf = 0.40388347460363438479, ||V_lower^k - V_lower^k-1||_inf = 1.50943284635961294526
    Local Iteration  17: ||V_upper^k - V_upper^k-1||_inf = 0.40388347460363438479, ||V_lower^k - V_lower^k-1||_inf = 0.39908723692026681906
    Local Iteration  18: ||V_upper^k - V_upper^k-1||_inf = 0.40386327450563586083, ||V_lower^k - V_lower^k-1||_inf = 0.36579086558569573473
    Local Iteration  19: ||V_upper^k - V_upper^k-1||_inf = 0.40365831977976085465, ||V_lower^k - V_lower^k-1||_inf = 0.34351450532609106858
    Local Iteration  20: ||V_upper^k - V_upper^k-1||_inf = 0.39528470752104738484, ||V_lower^k - V_lower^k-1||_inf = 0.34351450532609106858
    Local Iteration  21: ||V_upper^k - V_upper^k-1||_inf = 0.37399171400581038283, ||V_lower^k - V_lower^k-1||_inf = 0.34351450532609106858
    Local Iteration  22: ||V_upper^k - V_upper^k-1||_inf = 0.37046679758863865217, ||V_lower^k - V_lower^k-1||_inf = 0.34059341074306836994
    Local Iteration  23: ||V_upper^k - V_upper^k-1||_inf = 0.27980079619368425359, ||V_lower^k - V_lower^k-1||_inf = 0.34059341074306836994
    Local Iteration  24: ||V_upper^k - V_upper^k-1||_inf = 0.22229223558751820544, ||V_lower^k - V_lower^k-1||_inf = 0.34059341074306836994
    Local Iteration  25: ||V_upper^k - V_upper^k-1||_inf = 0.21489540496247067081, ||V_lower^k - V_lower^k-1||_inf = 0.34059341074306836994
    Local Iteration  26: ||V_upper^k - V_upper^k-1||_inf = 0.21489540496247067081, ||V_lower^k - V_lower^k-1||_inf = 0.31545804314767300625
    Local Iteration  27: ||V_upper^k - V_upper^k-1||_inf = 0.03586145607145030390, ||V_lower^k - V_lower^k-1||_inf = 0.31545804314767300625
    Local Iteration  28: ||V_upper^k - V_upper^k-1||_inf = 0.00000000000000033307, ||V_lower^k - V_lower^k-1||_inf = 0.31545804314767300625
    Local Iteration  29: ||V_upper^k - V_upper^k-1||_inf = 0.00000000000000000000, ||V_lower^k - V_lower^k-1||_inf = 0.31545804314767300625
    Local Iteration  30: ||V_upper^k - V_upper^k-1||_inf = 0.00000000000000000000, ||V_lower^k - V_lower^k-1||_inf = 0.27476287096099116791
    Local Iteration  31: ||V_upper^k - V_upper^k-1||_inf = 0.00000000000000000000, ||V_lower^k - V_lower^k-1||_inf = 0.27476287096099116791
    Local Iteration  32: ||V_upper^k - V_upper^k-1||_inf = 0.00000000000000000000, ||V_lower^k - V_lower^k-1||_inf = 0.27476287096099116791
    Local Iteration  33: ||V_upper^k - V_upper^k-1||_inf = 0.00000000000000000000, ||V_lower^k - V_lower^k-1||_inf = 0.27476287096099116791
    Local Iteration  34: ||V_upper^k - V_upper^k-1||_inf = 0.00000000000000000000, ||V_lower^k - V_lower^k-1||_inf = 0.27476287096099116791
    Local Iteration  35: ||V_upper^k - V_upper^k-1||_inf = 0.00000000000000000000, ||V_lower^k - V_lower^k-1||_inf = 0.27476287096099116791
    Local Iteration  36: ||V_upper^k - V_upper^k-1||_inf = 0.00000000000000000000, ||V_lower^k - V_lower^k-1||_inf = 0.26203555879560236352
    Local Iteration  37: ||V_upper^k - V_upper^k-1||_inf = 0.00000000000000000000, ||V_lower^k - V_lower^k-1||_inf = 0.26203555879560236352
    Local Iteration  38: ||V_upper^k - V_upper^k-1||_inf = 0.00000000000000000000, ||V_lower^k - V_lower^k-1||_inf = 0.26203555879560236352
    Local Iteration  39: ||V_upper^k - V_upper^k-1||_inf = 0.00000000000000000000, ||V_lower^k - V_lower^k-1||_inf = 0.26203555879560236352
    Local Iteration  40: ||V_upper^k - V_upper^k-1||_inf = 0.00000000000000000000, ||V_lower^k - V_lower^k-1||_inf = 0.26203555879560236352
    Local Iteration  41: ||V_upper^k - V_upper^k-1||_inf = 0.00000000000000000000, ||V_lower^k - V_lower^k-1||_inf = 0.26203555879560236352
    Local Iteration  42: ||V_upper^k - V_upper^k-1||_inf = 0.00000000000000000000, ||V_lower^k - V_lower^k-1||_inf = 0.26203555879560236352
    Local Iteration  43: ||V_upper^k - V_upper^k-1||_inf = 0.00000000000000000000, ||V_lower^k - V_lower^k-1||_inf = 0.26203555879560236352
    Local Iteration  44: ||V_upper^k - V_upper^k-1||_inf = 0.00000000000000000000, ||V_lower^k - V_lower^k-1||_inf = 0.26203555879560236352
    Local Iteration  45: ||V_upper^k - V_upper^k-1||_inf = 0.00000000000000000000, ||V_lower^k - V_lower^k-1||_inf = 0.26203555879560236352
    Local Iteration  46: ||V_upper^k - V_upper^k-1||_inf = 0.00000000000000000000, ||V_lower^k - V_lower^k-1||_inf = 0.26203555879560236352
    Local Iteration  47: ||V_upper^k - V_upper^k-1||_inf = 0.00000000000000000000, ||V_lower^k - V_lower^k-1||_inf = 0.26203555879560236352
    Local Iteration  48: ||V_upper^k - V_upper^k-1||_inf = 0.00000000000000000000, ||V_lower^k - V_lower^k-1||_inf = 0.26203555879560236352
    Local Iteration  49: ||V_upper^k - V_upper^k-1||_inf = 0.00000000000000000000, ||V_lower^k - V_lower^k-1||_inf = 0.26203555879560236352
    Local Iteration  50: ||V_upper^k - V_upper^k-1||_inf = 0.00000000000000000000, ||V_lower^k - V_lower^k-1||_inf = 0.26203555879560236352
    Local Iteration  51: ||V_upper^k - V_upper^k-1||_inf = 0.00000000000000000000, ||V_lower^k - V_lower^k-1||_inf = 0.26203555879560236352
    Local Iteration  52: ||V_upper^k - V_upper^k-1||_inf = 0.00000000000000000000, ||V_lower^k - V_lower^k-1||_inf = 0.26203555879560236352
    Local Iteration  53: ||V_upper^k - V_upper^k-1||_inf = 0.00000000000000000000, ||V_lower^k - V_lower^k-1||_inf = 0.26203555879560236352
    Local Iteration  54: ||V_upper^k - V_upper^k-1||_inf = 0.00000000000000000000, ||V_lower^k - V_lower^k-1||_inf = 0.26203555879560236352
    Local Iteration  55: ||V_upper^k - V_upper^k-1||_inf = 0.00000000000000000000, ||V_lower^k - V_lower^k-1||_inf = 0.26203555879560236352
    Local Iteration  56: ||V_upper^k - V_upper^k-1||_inf = 0.00000000000000000000, ||V_lower^k - V_lower^k-1||_inf = 0.26203555879560236352
    Local Iteration  57: ||V_upper^k - V_upper^k-1||_inf = 0.00000000000000000000, ||V_lower^k - V_lower^k-1||_inf = 0.26203555879560236352
    Local Iteration  58: ||V_upper^k - V_upper^k-1||_inf = 0.00000000000000000000, ||V_lower^k - V_lower^k-1||_inf = 0.26203555879560236352
    Local Iteration  59: ||V_upper^k - V_upper^k-1||_inf = 0.00000000000000000000, ||V_lower^k - V_lower^k-1||_inf = 0.26203555879560236352
    Local Iteration  60: ||V_upper^k - V_upper^k-1||_inf = 0.00000000000000000000, ||V_lower^k - V_lower^k-1||_inf = 0.26203555879560236352
    Local Iteration  61: ||V_upper^k - V_upper^k-1||_inf = 0.00000000000000000000, ||V_lower^k - V_lower^k-1||_inf = 0.26203555879560236352
    Local Iteration  62: ||V_upper^k - V_upper^k-1||_inf = 0.00000000000000000000, ||V_lower^k - V_lower^k-1||_inf = 0.26203555879560236352
    Local Iteration  63: ||V_upper^k - V_upper^k-1||_inf = 0.00000000000000000000, ||V_lower^k - V_lower^k-1||_inf = 0.26203555879560236352
    Local Iteration  64: ||V_upper^k - V_upper^k-1||_inf = 0.00000000000000000000, ||V_lower^k - V_lower^k-1||_inf = 0.26203555879560236352
    Local Iteration  65: ||V_upper^k - V_upper^k-1||_inf = 0.00000000000000000000, ||V_lower^k - V_lower^k-1||_inf = 0.26203555879560236352
    Local Iteration  66: ||V_upper^k - V_upper^k-1||_inf = 0.00000000000000000000, ||V_lower^k - V_lower^k-1||_inf = 0.20940386170812375077
    Local Iteration  67: ||V_upper^k - V_upper^k-1||_inf = 0.00000000000000000000, ||V_lower^k - V_lower^k-1||_inf = 0.20940386170812375077
    Local Iteration  68: ||V_upper^k - V_upper^k-1||_inf = 0.00000000000000000000, ||V_lower^k - V_lower^k-1||_inf = 0.20940386170812375077
    Local Iteration  69: ||V_upper^k - V_upper^k-1||_inf = 0.00000000000000000000, ||V_lower^k - V_lower^k-1||_inf = 0.20940386170812375077
    Local Iteration  70: ||V_upper^k - V_upper^k-1||_inf = 0.00000000000000000000, ||V_lower^k - V_lower^k-1||_inf = 0.20940386170812375077
    Local Iteration  71: ||V_upper^k - V_upper^k-1||_inf = 0.00000000000000000000, ||V_lower^k - V_lower^k-1||_inf = 0.20940386170812375077
    Local Iteration  72: ||V_upper^k - V_upper^k-1||_inf = 0.00000000000000000000, ||V_lower^k - V_lower^k-1||_inf = 0.20940386170812375077
    Local Iteration  73: ||V_upper^k - V_upper^k-1||_inf = 0.00000000000000000000, ||V_lower^k - V_lower^k-1||_inf = 0.20940386170812375077
    Local Iteration  74: ||V_upper^k - V_upper^k-1||_inf = 0.00000000000000000000, ||V_lower^k - V_lower^k-1||_inf = 0.20486695518204223188
    Local Iteration  75: ||V_upper^k - V_upper^k-1||_inf = 0.00000000000000000000, ||V_lower^k - V_lower^k-1||_inf = 0.20486695518204223188
    Local Iteration  76: ||V_upper^k - V_upper^k-1||_inf = 0.00000000000000000000, ||V_lower^k - V_lower^k-1||_inf = 0.20486695518204223188
    Local Iteration  77: ||V_upper^k - V_upper^k-1||_inf = 0.00000000000000000000, ||V_lower^k - V_lower^k-1||_inf = 0.20486695518204223188
    Local Iteration  78: ||V_upper^k - V_upper^k-1||_inf = 0.00000000000000000000, ||V_lower^k - V_lower^k-1||_inf = 0.20486695518204223188
    Local Iteration  79: ||V_upper^k - V_upper^k-1||_inf = 0.00000000000000000000, ||V_lower^k - V_lower^k-1||_inf = 0.20486695518204223188
    Local Iteration  80: ||V_upper^k - V_upper^k-1||_inf = 0.00000000000000000000, ||V_lower^k - V_lower^k-1||_inf = 0.20486695518204223188
    Local Iteration  81: ||V_upper^k - V_upper^k-1||_inf = 0.00000000000000000000, ||V_lower^k - V_lower^k-1||_inf = 0.20486695518204223188
    Local Iteration  82: ||V_upper^k - V_upper^k-1||_inf = 0.00000000000000000000, ||V_lower^k - V_lower^k-1||_inf = 0.20486695518204223188
    Local Iteration  83: ||V_upper^k - V_upper^k-1||_inf = 0.00000000000000000000, ||V_lower^k - V_lower^k-1||_inf = 0.20486695518204223188
    Local Iteration  84: ||V_upper^k - V_upper^k-1||_inf = 0.00000000000000000000, ||V_lower^k - V_lower^k-1||_inf = 0.20486695518204223188
    Local Iteration  85: ||V_upper^k - V_upper^k-1||_inf = 0.00000000000000000000, ||V_lower^k - V_lower^k-1||_inf = 0.20486695518204223188
    Local Iteration  86: ||V_upper^k - V_upper^k-1||_inf = 0.00000000000000000000, ||V_lower^k - V_lower^k-1||_inf = 0.20486695518204223188
    Local Iteration  87: ||V_upper^k - V_upper^k-1||_inf = 0.00000000000000000000, ||V_lower^k - V_lower^k-1||_inf = 0.20486695518204223188
    Local Iteration  88: ||V_upper^k - V_upper^k-1||_inf = 0.00000000000000000000, ||V_lower^k - V_lower^k-1||_inf = 0.20486695518204223188
    Local Iteration  89: ||V_upper^k - V_upper^k-1||_inf = 0.00000000000000000000, ||V_lower^k - V_lower^k-1||_inf = 0.20486695518204223188
    Local Iteration  90: ||V_upper^k - V_upper^k-1||_inf = 0.00000000000000000000, ||V_lower^k - V_lower^k-1||_inf = 0.20486695518204223188
    Local Iteration  91: ||V_upper^k - V_upper^k-1||_inf = 0.00000000000000000000, ||V_lower^k - V_lower^k-1||_inf = 0.20486695518204223188
    Local Iteration  92: ||V_upper^k - V_upper^k-1||_inf = 0.00000000000000000000, ||V_lower^k - V_lower^k-1||_inf = 0.20486695518204223188
    Local Iteration  93: ||V_upper^k - V_upper^k-1||_inf = 0.00000000000000000000, ||V_lower^k - V_lower^k-1||_inf = 0.20486695518204223188
    Local Iteration  94: ||V_upper^k - V_upper^k-1||_inf = 0.00000000000000000000, ||V_lower^k - V_lower^k-1||_inf = 0.20486695518204223188
    Local Iteration  95: ||V_upper^k - V_upper^k-1||_inf = 0.00000000000000000000, ||V_lower^k - V_lower^k-1||_inf = 0.20486695518204223188
    Local Iteration  96: ||V_upper^k - V_upper^k-1||_inf = 0.00000000000000000000, ||V_lower^k - V_lower^k-1||_inf = 0.20486695518204223188
    Local Iteration  97: ||V_upper^k - V_upper^k-1||_inf = 0.00000000000000000000, ||V_lower^k - V_lower^k-1||_inf = 0.20486695518204223188
    Local Iteration  98: ||V_upper^k - V_upper^k-1||_inf = 0.00000000000000000000, ||V_lower^k - V_lower^k-1||_inf = 0.20486695518204223188
    Local Iteration  99: ||V_upper^k - V_upper^k-1||_inf = 0.00000000000000000000, ||V_lower^k - V_lower^k-1||_inf = 0.20486695518204223188
    Local Iteration 100: ||V_upper^k - V_upper^k-1||_inf = 0.00000000000000000000, ||V_lower^k - V_lower^k-1||_inf = 0.20486695518204223188
    Local Iteration 101: ||V_upper^k - V_upper^k-1||_inf = 0.00000000000000000000, ||V_lower^k - V_lower^k-1||_inf = 0.20486695518204223188
    Local Iteration 102: ||V_upper^k - V_upper^k-1||_inf = 0.00000000000000000000, ||V_lower^k - V_lower^k-1||_inf = 0.20486695518204223188
    Local Iteration 103: ||V_upper^k - V_upper^k-1||_inf = 0.00000000000000000000, ||V_lower^k - V_lower^k-1||_inf = 0.20486695518204223188
    Local Iteration 104: ||V_upper^k - V_upper^k-1||_inf = 0.00000000000000000000, ||V_lower^k - V_lower^k-1||_inf = 0.20486695518204223188
    Local Iteration 105: ||V_upper^k - V_upper^k-1||_inf = 0.00000000000000000000, ||V_lower^k - V_lower^k-1||_inf = 0.20486695518204223188
    Local Iteration 106: ||V_upper^k - V_upper^k-1||_inf = 0.00000000000000000000, ||V_lower^k - V_lower^k-1||_inf = 0.20486695518204223188
    Local Iteration 107: ||V_upper^k - V_upper^k-1||_inf = 0.00000000000000000000, ||V_lower^k - V_lower^k-1||_inf = 0.20486695518204223188
    Local Iteration 108: ||V_upper^k - V_upper^k-1||_inf = 0.00000000000000000000, ||V_lower^k - V_lower^k-1||_inf = 0.20486695518204223188
    Local Iteration 109: ||V_upper^k - V_upper^k-1||_inf = 0.00000000000000000000, ||V_lower^k - V_lower^k-1||_inf = 0.20486695518204223188
    Local Iteration 110: ||V_upper^k - V_upper^k-1||_inf = 0.00000000000000000000, ||V_lower^k - V_lower^k-1||_inf = 0.20486695518204223188
    Local Iteration 111: ||V_upper^k - V_upper^k-1||_inf = 0.00000000000000000000, ||V_lower^k - V_lower^k-1||_inf = 0.20486695518204223188
    Local Iteration 112: ||V_upper^k - V_upper^k-1||_inf = 0.00000000000000000000, ||V_lower^k - V_lower^k-1||_inf = 0.20486695518204223188
    Local Iteration 113: ||V_upper^k - V_upper^k-1||_inf = 0.00000000000000000000, ||V_lower^k - V_lower^k-1||_inf = 0.20486695518204223188
    Local Iteration 114: ||V_upper^k - V_upper^k-1||_inf = 0.00000000000000000000, ||V_lower^k - V_lower^k-1||_inf = 0.20486695518204223188
    Local Iteration 115: ||V_upper^k - V_upper^k-1||_inf = 0.00000000000000000000, ||V_lower^k - V_lower^k-1||_inf = 0.20486695518204223188
    Local Iteration 116: ||V_upper^k - V_upper^k-1||_inf = 0.00000000000000000000, ||V_lower^k - V_lower^k-1||_inf = 0.20486695518204223188
    Local Iteration 117: ||V_upper^k - V_upper^k-1||_inf = 0.00000000000000000000, ||V_lower^k - V_lower^k-1||_inf = 0.20486695518204223188
    Local Iteration 118: ||V_upper^k - V_upper^k-1||_inf = 0.00000000000000000000, ||V_lower^k - V_lower^k-1||_inf = 0.20486695518204223188
    Local Iteration 119: ||V_upper^k - V_upper^k-1||_inf = 0.00000000000000000000, ||V_lower^k - V_lower^k-1||_inf = 0.20486695518204223188
    Local Iteration 120: ||V_upper^k - V_upper^k-1||_inf = 0.00000000000000000000, ||V_lower^k - V_lower^k-1||_inf = 0.20486695518204223188
    Local Iteration 121: ||V_upper^k - V_upper^k-1||_inf = 0.00000000000000000000, ||V_lower^k - V_lower^k-1||_inf = 0.20486695518204223188
    Local Iteration 122: ||V_upper^k - V_upper^k-1||_inf = 0.00000000000000000000, ||V_lower^k - V_lower^k-1||_inf = 0.20486695518204223188
    Local Iteration 123: ||V_upper^k - V_upper^k-1||_inf = 0.00000000000000000000, ||V_lower^k - V_lower^k-1||_inf = 0.20486695518204223188
    Local Iteration 124: ||V_upper^k - V_upper^k-1||_inf = 0.00000000000000000000, ||V_lower^k - V_lower^k-1||_inf = 0.20486695518204223188
    Local Iteration 125: ||V_upper^k - V_upper^k-1||_inf = 0.00000000000000000000, ||V_lower^k - V_lower^k-1||_inf = 0.20486695518204223188
    Local Iteration 126: ||V_upper^k - V_upper^k-1||_inf = 0.00000000000000000000, ||V_lower^k - V_lower^k-1||_inf = 0.20486695518204223188
    Local Iteration 127: ||V_upper^k - V_upper^k-1||_inf = 0.00000000000000000000, ||V_lower^k - V_lower^k-1||_inf = 0.20486695518204223188
    Local Iteration 128: ||V_upper^k - V_upper^k-1||_inf = 0.00000000000000000000, ||V_lower^k - V_lower^k-1||_inf = 0.20486695518204223188
    Local Iteration 129: ||V_upper^k - V_upper^k-1||_inf = 0.00000000000000000000, ||V_lower^k - V_lower^k-1||_inf = 0.20486695518204223188
    Local Iteration 130: ||V_upper^k - V_upper^k-1||_inf = 0.00000000000000000000, ||V_lower^k - V_lower^k-1||_inf = 0.20486695518204223188
    Local Iteration 131: ||V_upper^k - V_upper^k-1||_inf = 0.00000000000000000000, ||V_lower^k - V_lower^k-1||_inf = 0.20486695518204223188
    Local Iteration 132: ||V_upper^k - V_upper^k-1||_inf = 0.00000000000000000000, ||V_lower^k - V_lower^k-1||_inf = 0.20486695518204223188
    Local Iteration 133: ||V_upper^k - V_upper^k-1||_inf = 0.00000000000000000000, ||V_lower^k - V_lower^k-1||_inf = 0.20486695518204223188
    Local Iteration 134: ||V_upper^k - V_upper^k-1||_inf = 0.00000000000000000000, ||V_lower^k - V_lower^k-1||_inf = 0.20486695518204223188
    Local Iteration 135: ||V_upper^k - V_upper^k-1||_inf = 0.00000000000000000000, ||V_lower^k - V_lower^k-1||_inf = 0.20486695518204223188
    Local Iteration 136: ||V_upper^k - V_upper^k-1||_inf = 0.00000000000000000000, ||V_lower^k - V_lower^k-1||_inf = 0.20486695518204223188
    Local Iteration 137: ||V_upper^k - V_upper^k-1||_inf = 0.00000000000000000000, ||V_lower^k - V_lower^k-1||_inf = 0.20486695518204223188
    Local Iteration 138: ||V_upper^k - V_upper^k-1||_inf = 0.00000000000000000000, ||V_lower^k - V_lower^k-1||_inf = 0.20486695518204223188
    Local Iteration 139: ||V_upper^k - V_upper^k-1||_inf = 0.00000000000000000000, ||V_lower^k - V_lower^k-1||_inf = 0.20486695518204223188
    Local Iteration 140: ||V_upper^k - V_upper^k-1||_inf = 0.00000000000000000000, ||V_lower^k - V_lower^k-1||_inf = 0.20486695518204223188
    Local Iteration 141: ||V_upper^k - V_upper^k-1||_inf = 0.00000000000000000000, ||V_lower^k - V_lower^k-1||_inf = 0.20486695518204223188
    Local Iteration 142: ||V_upper^k - V_upper^k-1||_inf = 0.00000000000000000000, ||V_lower^k - V_lower^k-1||_inf = 0.20486695518204223188
    Local Iteration 143: ||V_upper^k - V_upper^k-1||_inf = 0.00000000000000000000, ||V_lower^k - V_lower^k-1||_inf = 0.20486695518204223188
    Local Iteration 144: ||V_upper^k - V_upper^k-1||_inf = 0.00000000000000000000, ||V_lower^k - V_lower^k-1||_inf = 0.20486695518204223188
    Local Iteration 145: ||V_upper^k - V_upper^k-1||_inf = 0.00000000000000000000, ||V_lower^k - V_lower^k-1||_inf = 0.20486695518204223188
    Local Iteration 146: ||V_upper^k - V_upper^k-1||_inf = 0.00000000000000000000, ||V_lower^k - V_lower^k-1||_inf = 0.20486695518204223188
    Local Iteration 147: ||V_upper^k - V_upper^k-1||_inf = 0.00000000000000000000, ||V_lower^k - V_lower^k-1||_inf = 0.20486695518204223188
    Local Iteration 148: ||V_upper^k - V_upper^k-1||_inf = 0.00000000000000000000, ||V_lower^k - V_lower^k-1||_inf = 0.20486695518204223188
    Local Iteration 149: ||V_upper^k - V_upper^k-1||_inf = 0.00000000000000000000, ||V_lower^k - V_lower^k-1||_inf = 0.20486695518204223188
    Local Iteration 150: ||V_upper^k - V_upper^k-1||_inf = 0.00000000000000000000, ||V_lower^k - V_lower^k-1||_inf = 0.20486695518204223188
    Local Iteration 151: ||V_upper^k - V_upper^k-1||_inf = 0.00000000000000000000, ||V_lower^k - V_lower^k-1||_inf = 0.20486695518204223188
    Local Iteration 152: ||V_upper^k - V_upper^k-1||_inf = 0.00000000000000000000, ||V_lower^k - V_lower^k-1||_inf = 0.20486695518204223188
    Local Iteration 153: ||V_upper^k - V_upper^k-1||_inf = 0.00000000000000000000, ||V_lower^k - V_lower^k-1||_inf = 0.20486695518204223188
    Local Iteration 154: ||V_upper^k - V_upper^k-1||_inf = 0.00000000000000000000, ||V_lower^k - V_lower^k-1||_inf = 0.20486695518204223188
    Local Iteration 155: ||V_upper^k - V_upper^k-1||_inf = 0.00000000000000000000, ||V_lower^k - V_lower^k-1||_inf = 0.20486695518204223188
    Local Iteration 156: ||V_upper^k - V_upper^k-1||_inf = 0.00000000000000000000, ||V_lower^k - V_lower^k-1||_inf = 0.20486695518204223188
    Local Iteration 157: ||V_upper^k - V_upper^k-1||_inf = 0.00000000000000000000, ||V_lower^k - V_lower^k-1||_inf = 0.20486695518204223188
    Local Iteration 158: ||V_upper^k - V_upper^k-1||_inf = 0.00000000000000000000, ||V_lower^k - V_lower^k-1||_inf = 0.20486695518204223188
    Local Iteration 159: ||V_upper^k - V_upper^k-1||_inf = 0.00000000000000000000, ||V_lower^k - V_lower^k-1||_inf = 0.20486695518204223188
    Local Iteration 160: ||V_upper^k - V_upper^k-1||_inf = 0.00000000000000000000, ||V_lower^k - V_lower^k-1||_inf = 0.20486695518204223188
    Local Iteration 161: ||V_upper^k - V_upper^k-1||_inf = 0.00000000000000000000, ||V_lower^k - V_lower^k-1||_inf = 0.20486695518204223188
    Local Iteration 162: ||V_upper^k - V_upper^k-1||_inf = 0.00000000000000000000, ||V_lower^k - V_lower^k-1||_inf = 0.20486695518204223188
    Local Iteration 163: ||V_upper^k - V_upper^k-1||_inf = 0.00000000000000000000, ||V_lower^k - V_lower^k-1||_inf = 0.20486695518204223188
    Local Iteration 164: ||V_upper^k - V_upper^k-1||_inf = 0.00000000000000000000, ||V_lower^k - V_lower^k-1||_inf = 0.20486695518204223188
    Local Iteration 165: ||V_upper^k - V_upper^k-1||_inf = 0.00000000000000000000, ||V_lower^k - V_lower^k-1||_inf = 0.20486695518204223188
    Local Iteration 166: ||V_upper^k - V_upper^k-1||_inf = 0.00000000000000000000, ||V_lower^k - V_lower^k-1||_inf = 0.20486695518204223188
    Local Iteration 167: ||V_upper^k - V_upper^k-1||_inf = 0.00000000000000000000, ||V_lower^k - V_lower^k-1||_inf = 0.20486695518204223188
    Local Iteration 168: ||V_upper^k - V_upper^k-1||_inf = 0.00000000000000000000, ||V_lower^k - V_lower^k-1||_inf = 0.20486695518204223188
    Local Iteration 169: ||V_upper^k - V_upper^k-1||_inf = 0.00000000000000000000, ||V_lower^k - V_lower^k-1||_inf = 0.20486695518204223188
    Local Iteration 170: ||V_upper^k - V_upper^k-1||_inf = 0.00000000000000000000, ||V_lower^k - V_lower^k-1||_inf = 0.20486695518204223188
    Local Iteration 171: ||V_upper^k - V_upper^k-1||_inf = 0.00000000000000000000, ||V_lower^k - V_lower^k-1||_inf = 0.20486695518204223188
    Local Iteration 172: ||V_upper^k - V_upper^k-1||_inf = 0.00000000000000000000, ||V_lower^k - V_lower^k-1||_inf = 0.20486695518204223188
    Local Iteration 173: ||V_upper^k - V_upper^k-1||_inf = 0.00000000000000000000, ||V_lower^k - V_lower^k-1||_inf = 0.20486695518204223188
    Local Iteration 174: ||V_upper^k - V_upper^k-1||_inf = 0.00000000000000000000, ||V_lower^k - V_lower^k-1||_inf = 0.20486695518204223188
    Local Iteration 175: ||V_upper^k - V_upper^k-1||_inf = 0.00000000000000000000, ||V_lower^k - V_lower^k-1||_inf = 0.20486695518204223188
    Local Iteration 176: ||V_upper^k - V_upper^k-1||_inf = 0.00000000000000000000, ||V_lower^k - V_lower^k-1||_inf = 0.20486695518204223188
    Local Iteration 177: ||V_upper^k - V_upper^k-1||_inf = 0.00000000000000000000, ||V_lower^k - V_lower^k-1||_inf = 0.20486695518204223188
    Local Iteration 178: ||V_upper^k - V_upper^k-1||_inf = 0.00000000000000000000, ||V_lower^k - V_lower^k-1||_inf = 0.19814482803177291270
    Local Iteration 179: ||V_upper^k - V_upper^k-1||_inf = 0.00000000000000000000, ||V_lower^k - V_lower^k-1||_inf = 0.17431686162200976664
    Local Iteration 180: ||V_upper^k - V_upper^k-1||_inf = 0.00000000000000000000, ||V_lower^k - V_lower^k-1||_inf = 0.17431686162200976664
    Local Iteration 181: ||V_upper^k - V_upper^k-1||_inf = 0.00000000000000000000, ||V_lower^k - V_lower^k-1||_inf = 0.14620195376449984792
    Local Iteration 182: ||V_upper^k - V_upper^k-1||_inf = 0.00000000000000000000, ||V_lower^k - V_lower^k-1||_inf = 0.13283720749684535534
    Local Iteration 183: ||V_upper^k - V_upper^k-1||_inf = 0.00000000000000000000, ||V_lower^k - V_lower^k-1||_inf = 0.13283720749684524431
    Local Iteration 184: ||V_upper^k - V_upper^k-1||_inf = 0.00000000000000000000, ||V_lower^k - V_lower^k-1||_inf = 0.13283720749684524431
    Local Iteration 185: ||V_upper^k - V_upper^k-1||_inf = 0.00000000000000000000, ||V_lower^k - V_lower^k-1||_inf = 0.13283720749684524431
    Local Iteration 186: ||V_upper^k - V_upper^k-1||_inf = 0.00000000000000000000, ||V_lower^k - V_lower^k-1||_inf = 0.13283720749684524431
    Local Iteration 187: ||V_upper^k - V_upper^k-1||_inf = 0.00000000000000000000, ||V_lower^k - V_lower^k-1||_inf = 0.13283720749684524431
    Local Iteration 188: ||V_upper^k - V_upper^k-1||_inf = 0.00000000000000000000, ||V_lower^k - V_lower^k-1||_inf = 0.13283720749684524431
    Local Iteration 189: ||V_upper^k - V_upper^k-1||_inf = 0.00000000000000000000, ||V_lower^k - V_lower^k-1||_inf = 0.13283720749684524431
    Local Iteration 190: ||V_upper^k - V_upper^k-1||_inf = 0.00000000000000000000, ||V_lower^k - V_lower^k-1||_inf = 0.13283720749684524431
    Local Iteration 191: ||V_upper^k - V_upper^k-1||_inf = 0.00000000000000000000, ||V_lower^k - V_lower^k-1||_inf = 0.13283720749684502227
    Local Iteration 192: ||V_upper^k - V_upper^k-1||_inf = 0.00000000000000000000, ||V_lower^k - V_lower^k-1||_inf = 0.12762808984443252402
    Local Iteration 193: ||V_upper^k - V_upper^k-1||_inf = 0.00000000000000000000, ||V_lower^k - V_lower^k-1||_inf = 0.12762808984443252402
    Local Iteration 194: ||V_upper^k - V_upper^k-1||_inf = 0.00000000000000000000, ||V_lower^k - V_lower^k-1||_inf = 0.12762808984443252402
    Local Iteration 195: ||V_upper^k - V_upper^k-1||_inf = 0.00000000000000000000, ||V_lower^k - V_lower^k-1||_inf = 0.12762808984443252402
    Local Iteration 196: ||V_upper^k - V_upper^k-1||_inf = 0.00000000000000000000, ||V_lower^k - V_lower^k-1||_inf = 0.12762808984443252402
    Local Iteration 197: ||V_upper^k - V_upper^k-1||_inf = 0.00000000000000000000, ||V_lower^k - V_lower^k-1||_inf = 0.12762808984443252402
    Local Iteration 198: ||V_upper^k - V_upper^k-1||_inf = 0.00000000000000000000, ||V_lower^k - V_lower^k-1||_inf = 0.12762808984443252402
    Local Iteration 199: ||V_upper^k - V_upper^k-1||_inf = 0.00000000000000000000, ||V_lower^k - V_lower^k-1||_inf = 0.12762808984443252402
    Local Iteration 200: ||V_upper^k - V_upper^k-1||_inf = 0.00000000000000000000, ||V_lower^k - V_lower^k-1||_inf = 0.12762808984443252402
    Local Iteration 201: ||V_upper^k - V_upper^k-1||_inf = 0.00000000000000000000, ||V_lower^k - V_lower^k-1||_inf = 0.12762808984443252402
    Local Iteration 202: ||V_upper^k - V_upper^k-1||_inf = 0.00000000000000000000, ||V_lower^k - V_lower^k-1||_inf = 0.11725919311784482879
    Local Iteration 203: ||V_upper^k - V_upper^k-1||_inf = 0.00000000000000000000, ||V_lower^k - V_lower^k-1||_inf = 0.11725919311784482879
    Local Iteration 204: ||V_upper^k - V_upper^k-1||_inf = 0.00000000000000000000, ||V_lower^k - V_lower^k-1||_inf = 0.10602267191348790920
    Local Iteration 205: ||V_upper^k - V_upper^k-1||_inf = 0.00000000000000000000, ||V_lower^k - V_lower^k-1||_inf = 0.08459645538938631582
    Local Iteration 206: ||V_upper^k - V_upper^k-1||_inf = 0.00000000000000000000, ||V_lower^k - V_lower^k-1||_inf = 0.08459645538938631582
    Local Iteration 207: ||V_upper^k - V_upper^k-1||_inf = 0.00000000000000000000, ||V_lower^k - V_lower^k-1||_inf = 0.08459645538938631582
    Local Iteration 208: ||V_upper^k - V_upper^k-1||_inf = 0.00000000000000000000, ||V_lower^k - V_lower^k-1||_inf = 0.08459645538938631582
    Local Iteration 209: ||V_upper^k - V_upper^k-1||_inf = 0.00000000000000000000, ||V_lower^k - V_lower^k-1||_inf = 0.08459645538938631582
    Local Iteration 210: ||V_upper^k - V_upper^k-1||_inf = 0.00000000000000000000, ||V_lower^k - V_lower^k-1||_inf = 0.08459645538938631582
    Local Iteration 211: ||V_upper^k - V_upper^k-1||_inf = 0.00000000000000000000, ||V_lower^k - V_lower^k-1||_inf = 0.08459645538938598275
    Local Iteration 212: ||V_upper^k - V_upper^k-1||_inf = 0.00000000000000000000, ||V_lower^k - V_lower^k-1||_inf = 0.08459645538938598275
    Local Iteration 213: ||V_upper^k - V_upper^k-1||_inf = 0.00000000000000000000, ||V_lower^k - V_lower^k-1||_inf = 0.06989591577894893604
    Local Iteration 214: ||V_upper^k - V_upper^k-1||_inf = 0.00000000000000000000, ||V_lower^k - V_lower^k-1||_inf = 0.06989591577894893604
    Local Iteration 215: ||V_upper^k - V_upper^k-1||_inf = 0.00000000000000000000, ||V_lower^k - V_lower^k-1||_inf = 0.06989591577894893604
    Local Iteration 216: ||V_upper^k - V_upper^k-1||_inf = 0.00000000000000000000, ||V_lower^k - V_lower^k-1||_inf = 0.06655029349898711200
    Local Iteration 217: ||V_upper^k - V_upper^k-1||_inf = 0.00000000000000000000, ||V_lower^k - V_lower^k-1||_inf = 0.06655029349898711200
    Local Iteration 218: ||V_upper^k - V_upper^k-1||_inf = 0.00000000000000000000, ||V_lower^k - V_lower^k-1||_inf = 0.06535900925286741714
    Local Iteration 219: ||V_upper^k - V_upper^k-1||_inf = 0.00000000000000000000, ||V_lower^k - V_lower^k-1||_inf = 0.06535900925286741714
    Local Iteration 220: ||V_upper^k - V_upper^k-1||_inf = 0.00000000000000000000, ||V_lower^k - V_lower^k-1||_inf = 0.06535900925286741714
    Local Iteration 221: ||V_upper^k - V_upper^k-1||_inf = 0.00000000000000000000, ||V_lower^k - V_lower^k-1||_inf = 0.06535900925286741714
    Local Iteration 222: ||V_upper^k - V_upper^k-1||_inf = 0.00000000000000000000, ||V_lower^k - V_lower^k-1||_inf = 0.06535900925286741714
    Local Iteration 223: ||V_upper^k - V_upper^k-1||_inf = 0.00000000000000000000, ||V_lower^k - V_lower^k-1||_inf = 0.06535900925286741714
    Local Iteration 224: ||V_upper^k - V_upper^k-1||_inf = 0.00000000000000000000, ||V_lower^k - V_lower^k-1||_inf = 0.06535900925286741714
    Local Iteration 225: ||V_upper^k - V_upper^k-1||_inf = 0.00000000000000000000, ||V_lower^k - V_lower^k-1||_inf = 0.06535900925286741714
    Local Iteration 226: ||V_upper^k - V_upper^k-1||_inf = 0.00000000000000000000, ||V_lower^k - V_lower^k-1||_inf = 0.06535900925286741714
    Local Iteration 227: ||V_upper^k - V_upper^k-1||_inf = 0.00000000000000000000, ||V_lower^k - V_lower^k-1||_inf = 0.06535900925286741714
    Local Iteration 228: ||V_upper^k - V_upper^k-1||_inf = 0.00000000000000000000, ||V_lower^k - V_lower^k-1||_inf = 0.05665921240878279974
    Local Iteration 229: ||V_upper^k - V_upper^k-1||_inf = 0.00000000000000000000, ||V_lower^k - V_lower^k-1||_inf = 0.05665921240878279974
    Local Iteration 230: ||V_upper^k - V_upper^k-1||_inf = 0.00000000000000000000, ||V_lower^k - V_lower^k-1||_inf = 0.05665921240878279974
    Local Iteration 231: ||V_upper^k - V_upper^k-1||_inf = 0.00000000000000000000, ||V_lower^k - V_lower^k-1||_inf = 0.05665921240878279974
    Local Iteration 232: ||V_upper^k - V_upper^k-1||_inf = 0.00000000000000000000, ||V_lower^k - V_lower^k-1||_inf = 0.05665921240878279974
    Local Iteration 233: ||V_upper^k - V_upper^k-1||_inf = 0.00000000000000000000, ||V_lower^k - V_lower^k-1||_inf = 0.05665921240878279974
    Local Iteration 234: ||V_upper^k - V_upper^k-1||_inf = 0.00000000000000000000, ||V_lower^k - V_lower^k-1||_inf = 0.05665921240878279974
    Local Iteration 235: ||V_upper^k - V_upper^k-1||_inf = 0.00000000000000000000, ||V_lower^k - V_lower^k-1||_inf = 0.05665921240878279974
    Local Iteration 236: ||V_upper^k - V_upper^k-1||_inf = 0.00000000000000000000, ||V_lower^k - V_lower^k-1||_inf = 0.05665921240878279974
    Local Iteration 237: ||V_upper^k - V_upper^k-1||_inf = 0.00000000000000000000, ||V_lower^k - V_lower^k-1||_inf = 0.05665921240878279974
    Local Iteration 238: ||V_upper^k - V_upper^k-1||_inf = 0.00000000000000000000, ||V_lower^k - V_lower^k-1||_inf = 0.04393190024339366229
    Local Iteration 239: ||V_upper^k - V_upper^k-1||_inf = 0.00000000000000000000, ||V_lower^k - V_lower^k-1||_inf = 0.03737184640639990008
    Local Iteration 240: ||V_upper^k - V_upper^k-1||_inf = 0.00000000000000000000, ||V_lower^k - V_lower^k-1||_inf = 0.02780838961518572461
    Local Iteration 241: ||V_upper^k - V_upper^k-1||_inf = 0.00000000000000000000, ||V_lower^k - V_lower^k-1||_inf = 0.02464453424101120671
    Local Iteration 242: ||V_upper^k - V_upper^k-1||_inf = 0.00000000000000000000, ||V_lower^k - V_lower^k-1||_inf = 0.02464453424101087364
    Local Iteration 243: ||V_upper^k - V_upper^k-1||_inf = 0.00000000000000000000, ||V_lower^k - V_lower^k-1||_inf = 0.01430862705841107196
    Local Iteration 244: ||V_upper^k - V_upper^k-1||_inf = 0.00000000000000000000, ||V_lower^k - V_lower^k-1||_inf = 0.01430862705841107196
    Local Iteration 245: ||V_upper^k - V_upper^k-1||_inf = 0.00000000000000000000, ||V_lower^k - V_lower^k-1||_inf = 0.01430862705841107196
    Local Iteration 246: ||V_upper^k - V_upper^k-1||_inf = 0.00000000000000000000, ||V_lower^k - V_lower^k-1||_inf = 0.01430862705841107196
    Local Iteration 247: ||V_upper^k - V_upper^k-1||_inf = 0.00000000000000000000, ||V_lower^k - V_lower^k-1||_inf = 0.01430862705841107196
    Local Iteration 248: ||V_upper^k - V_upper^k-1||_inf = 0.00000000000000000000, ||V_lower^k - V_lower^k-1||_inf = 0.01272731216538880439
    Local Iteration 249: ||V_upper^k - V_upper^k-1||_inf = 0.00000000000000000000, ||V_lower^k - V_lower^k-1||_inf = 0.01272731216538880439
    Local Iteration 250: ||V_upper^k - V_upper^k-1||_inf = 0.00000000000000000000, ||V_lower^k - V_lower^k-1||_inf = 0.01272731216538880439
    Local Iteration 251: ||V_upper^k - V_upper^k-1||_inf = 0.00000000000000000000, ||V_lower^k - V_lower^k-1||_inf = 0.01272731216538880439
    Local Iteration 252: ||V_upper^k - V_upper^k-1||_inf = 0.00000000000000000000, ||V_lower^k - V_lower^k-1||_inf = 0.01272731216538880439
    Local Iteration 253: ||V_upper^k - V_upper^k-1||_inf = 0.00000000000000000000, ||V_lower^k - V_lower^k-1||_inf = 0.01272731216538880439
    Local Iteration 254: ||V_upper^k - V_upper^k-1||_inf = 0.00000000000000000000, ||V_lower^k - V_lower^k-1||_inf = 0.01272731216538880439
    Local Iteration 255: ||V_upper^k - V_upper^k-1||_inf = 0.00000000000000000000, ||V_lower^k - V_lower^k-1||_inf = 0.01272731216538880439
    Local Iteration 256: ||V_upper^k - V_upper^k-1||_inf = 0.00000000000000000000, ||V_lower^k - V_lower^k-1||_inf = 0.01272731216538880439
    Local Iteration 257: ||V_upper^k - V_upper^k-1||_inf = 0.00000000000000000000, ||V_lower^k - V_lower^k-1||_inf = 0.01272731216538880439
    Local Iteration 258: ||V_upper^k - V_upper^k-1||_inf = 0.00000000000000000000, ||V_lower^k - V_lower^k-1||_inf = 0.01272731216538880439
    Local Iteration 259: ||V_upper^k - V_upper^k-1||_inf = 0.00000000000000000000, ||V_lower^k - V_lower^k-1||_inf = 0.01272731216538880439
    Local Iteration 260: ||V_upper^k - V_upper^k-1||_inf = 0.00000000000000000000, ||V_lower^k - V_lower^k-1||_inf = 0.01272731216538880439
    Local Iteration 261: ||V_upper^k - V_upper^k-1||_inf = 0.00000000000000000000, ||V_lower^k - V_lower^k-1||_inf = 0.01272731216538880439
    Local Iteration 262: ||V_upper^k - V_upper^k-1||_inf = 0.00000000000000000000, ||V_lower^k - V_lower^k-1||_inf = 0.01272731216538880439
    Local Iteration 263: ||V_upper^k - V_upper^k-1||_inf = 0.00000000000000000000, ||V_lower^k - V_lower^k-1||_inf = 0.01272731216538880439
    Local Iteration 264: ||V_upper^k - V_upper^k-1||_inf = 0.00000000000000000000, ||V_lower^k - V_lower^k-1||_inf = 0.01272731216538880439
    Local Iteration 265: ||V_upper^k - V_upper^k-1||_inf = 0.00000000000000000000, ||V_lower^k - V_lower^k-1||_inf = 0.01272731216538880439
    Local Iteration 266: ||V_upper^k - V_upper^k-1||_inf = 0.00000000000000000000, ||V_lower^k - V_lower^k-1||_inf = 0.01272731216538880439
    Local Iteration 267: ||V_upper^k - V_upper^k-1||_inf = 0.00000000000000000000, ||V_lower^k - V_lower^k-1||_inf = 0.01272731216538880439
    Local Iteration 268: ||V_upper^k - V_upper^k-1||_inf = 0.00000000000000000000, ||V_lower^k - V_lower^k-1||_inf = 0.01272731216538880439
    Local Iteration 269: ||V_upper^k - V_upper^k-1||_inf = 0.00000000000000000000, ||V_lower^k - V_lower^k-1||_inf = 0.01272731216538880439
    Local Iteration 270: ||V_upper^k - V_upper^k-1||_inf = 0.00000000000000000000, ||V_lower^k - V_lower^k-1||_inf = 0.01272731216538880439
    Local Iteration 271: ||V_upper^k - V_upper^k-1||_inf = 0.00000000000000000000, ||V_lower^k - V_lower^k-1||_inf = 0.01272731216538880439
    Local Iteration 272: ||V_upper^k - V_upper^k-1||_inf = 0.00000000000000000000, ||V_lower^k - V_lower^k-1||_inf = 0.00956345679121428649
    Local Iteration 273: ||V_upper^k - V_upper^k-1||_inf = 0.00000000000000000000, ||V_lower^k - V_lower^k-1||_inf = 0.00956345679121428649
    Local Iteration 274: ||V_upper^k - V_upper^k-1||_inf = 0.00000000000000000000, ||V_lower^k - V_lower^k-1||_inf = 0.00955833452983145815
    Local Iteration 275: ||V_upper^k - V_upper^k-1||_inf = 0.00000000000000000000, ||V_lower^k - V_lower^k-1||_inf = 0.00955833452983145815
    Local Iteration 276: ||V_upper^k - V_upper^k-1||_inf = 0.00000000000000000000, ||V_lower^k - V_lower^k-1||_inf = 0.00955833452983145815
    Local Iteration 277: ||V_upper^k - V_upper^k-1||_inf = 0.00000000000000000000, ||V_lower^k - V_lower^k-1||_inf = 0.00955833452983145815
    Local Iteration 278: ||V_upper^k - V_upper^k-1||_inf = 0.00000000000000000000, ||V_lower^k - V_lower^k-1||_inf = 0.00955833452983145815
    Local Iteration 279: ||V_upper^k - V_upper^k-1||_inf = 0.00000000000000000000, ||V_lower^k - V_lower^k-1||_inf = 0.00955833452983145815
    Local Iteration 280: ||V_upper^k - V_upper^k-1||_inf = 0.00000000000000000000, ||V_lower^k - V_lower^k-1||_inf = 0.00955833452983145815
    Local Iteration 281: ||V_upper^k - V_upper^k-1||_inf = 0.00000000000000000000, ||V_lower^k - V_lower^k-1||_inf = 0.00955833452983145815
    Local Iteration 282: ||V_upper^k - V_upper^k-1||_inf = 0.00000000000000000000, ||V_lower^k - V_lower^k-1||_inf = 0.00955833452983145815
    Local Iteration 283: ||V_upper^k - V_upper^k-1||_inf = 0.00000000000000000000, ||V_lower^k - V_lower^k-1||_inf = 0.00955833452983145815
    Local Iteration 284: ||V_upper^k - V_upper^k-1||_inf = 0.00000000000000000000, ||V_lower^k - V_lower^k-1||_inf = 0.00955833452983145815
    Local Iteration 285: ||V_upper^k - V_upper^k-1||_inf = 0.00000000000000000000, ||V_lower^k - V_lower^k-1||_inf = 0.00955833452983145815
    Local Iteration 286: ||V_upper^k - V_upper^k-1||_inf = 0.00000000000000000000, ||V_lower^k - V_lower^k-1||_inf = 0.00955833452983145815
    Local Iteration 287: ||V_upper^k - V_upper^k-1||_inf = 0.00000000000000000000, ||V_lower^k - V_lower^k-1||_inf = 0.00000000000000011102

==================================================
 LOCAL CONVERGENCE ACHIEVED
==================================================
  ||V_upper^k - V_upper^k-1||_inf = 0.00000000000000000000e+00 < tolerance = 1e-08
  ||V_lower^k - V_lower^k-1||_inf = 1.11022302462515654042e-16 < tolerance = 1e-08
  Converged in 287 iterations
    Local VI completed in 287 iterations
    Final convergence values:
      ||V_upper^final - V_upper^prev||_inf = 0.00000000e+00
      ||V_lower^final - V_lower^prev||_inf = 1.11022302e-16
  Local VI completed in 287 iterations, time: 2.340s
    Final ||V_upper^k - V_upper^k-1||_inf = 0.00000000000000000000e+00
    Final ||V_lower^k - V_lower^k-1||_inf = 1.11022302462515654042e-16
  Saved visualization: /Users/i.k.tabbara/Documents/python directory/HSCC_2027/refactored_Implementations/results_hscc_2027_newbellmans_12workers/avoid_nodiscount/dubins_res80_eps0.05_dmin1e-08_dmax1e-08_gamma0.9_dt0.3_tau0.3_std/value_function_phase_1_complete.png
  Phase 1 completed in 3.16s with 897440 leaf cells

Classification after phase 1:
  Safe:                0 cells (  0.0%),    0.0% of state space
  Unsafe:         128056 cells ( 14.3%),   24.9% of state space
  Unclassified:   769384 cells ( 85.7%),   75.1% of state space

======================================================================
REFINEMENT PHASE 2
======================================================================
Boundary cells: 769384
  Refinable (>eta_min=0.017678): 769384
  Below threshold: 0
  Cumulative refined: 385440
  Refinable cell size statistics:
    Max:    0.075000
    Mean:   0.075000
    Min:    0.075000
    Median: 0.075000
  Refining 769384 cells...
    Refined: 769384 parent cells
    Created: 1538768 child cells
    Total cells: 1666824
    Refinement time: 0.073s
    Cumulative refined: 1154824
  Rebuilding spatial index...
  Building spatial index for 1666824 cells...
   Spatial index built in 0.42s
    Spatial index rebuilt in 0.417s
  Initializing 1538768 new cells...
  Initializing 1538768 new cells in parallel...
   Initialized in 0.00s (402309852.5 cells/s)
    Initialization completed in 0.004s
  Starting local value iteration...
  Reinitializing ALL 1666824 cells (V = min(l, r))
   Reinitialized 1666824 cells in 0.00s (398869073.6 cells/s)
  Local VI: updating all 1666824 cells
    Conservative mode: False
    Convergence tolerance: 1e-08
    Max iterations: 20000
    Updating successor cache for 1538768 updated cells...
    Updating successor cache for 1538768 new cells (HYBRID)...
      Affected cells: 1555232
   Trajectories + spatial queries computed in 1.37s (3415514.2 tasks/s)
    Breakdown: 38.9% ODE, 61.1% queries
     Cache updated in 1.52s (3076282.9 tasks/s)
    Local Iteration   1: ||V_upper^k - V_upper^k-1||_inf = 4.67757754034600115034, ||V_lower^k - V_lower^k-1||_inf = 4.78364355752398306976
    Local Iteration   2: ||V_upper^k - V_upper^k-1||_inf = 4.49097638780337948816, ||V_lower^k - V_lower^k-1||_inf = 4.76965805838056144950
    Local Iteration   3: ||V_upper^k - V_upper^k-1||_inf = 4.22138463955030474040, ||V_lower^k - V_lower^k-1||_inf = 4.76965805838056144950
    Local Iteration   4: ||V_upper^k - V_upper^k-1||_inf = 3.87956400835038817121, ||V_lower^k - V_lower^k-1||_inf = 4.69956260730754671329
    Local Iteration   5: ||V_upper^k - V_upper^k-1||_inf = 3.48545220963900437283, ||V_lower^k - V_lower^k-1||_inf = 4.57282882501641108064
    Local Iteration   6: ||V_upper^k - V_upper^k-1||_inf = 3.05408190342481677959, ||V_lower^k - V_lower^k-1||_inf = 4.44273082711739153439
    Local Iteration   7: ||V_upper^k - V_upper^k-1||_inf = 2.57838718457703341969, ||V_lower^k - V_lower^k-1||_inf = 4.27275236112821765744
    Local Iteration   8: ||V_upper^k - V_upper^k-1||_inf = 2.01958967125000921072, ||V_lower^k - V_lower^k-1||_inf = 4.11952385224444395107
    Local Iteration   9: ||V_upper^k - V_upper^k-1||_inf = 1.46216935816850401864, ||V_lower^k - V_lower^k-1||_inf = 3.94072985867990954745
    Local Iteration  10: ||V_upper^k - V_upper^k-1||_inf = 0.89962434499963994661, ||V_lower^k - V_lower^k-1||_inf = 3.70720683302487330479
    Local Iteration  11: ||V_upper^k - V_upper^k-1||_inf = 0.40388714064886349631, ||V_lower^k - V_lower^k-1||_inf = 3.48477411214461074707
    Local Iteration  12: ||V_upper^k - V_upper^k-1||_inf = 0.40388714064886349631, ||V_lower^k - V_lower^k-1||_inf = 3.17517384367126620504
    Local Iteration  13: ||V_upper^k - V_upper^k-1||_inf = 0.40388714064886349631, ||V_lower^k - V_lower^k-1||_inf = 2.81667380167885950115
    Local Iteration  14: ||V_upper^k - V_upper^k-1||_inf = 0.40388714064886349631, ||V_lower^k - V_lower^k-1||_inf = 2.35363431792150290534
    Local Iteration  15: ||V_upper^k - V_upper^k-1||_inf = 0.40388680206380844773, ||V_lower^k - V_lower^k-1||_inf = 1.88941507791198803901
    Local Iteration  16: ||V_upper^k - V_upper^k-1||_inf = 0.40388680206380844773, ||V_lower^k - V_lower^k-1||_inf = 1.40585114752837214702
    Local Iteration  17: ||V_upper^k - V_upper^k-1||_inf = 0.40388306471965745859, ||V_lower^k - V_lower^k-1||_inf = 0.41201152739335378250
    Local Iteration  18: ||V_upper^k - V_upper^k-1||_inf = 0.40388306471965745859, ||V_lower^k - V_lower^k-1||_inf = 0.40475676671288629560
    Local Iteration  19: ||V_upper^k - V_upper^k-1||_inf = 0.40388306471965745859, ||V_lower^k - V_lower^k-1||_inf = 0.39194443326705730168
    Local Iteration  20: ||V_upper^k - V_upper^k-1||_inf = 0.40388306471965745859, ||V_lower^k - V_lower^k-1||_inf = 0.36457465231731012167
    Local Iteration  21: ||V_upper^k - V_upper^k-1||_inf = 0.40308398390048322257, ||V_lower^k - V_lower^k-1||_inf = 0.34691296352035205786
    Local Iteration  22: ||V_upper^k - V_upper^k-1||_inf = 0.36932492216034695787, ||V_lower^k - V_lower^k-1||_inf = 0.34691296352035205786
    Local Iteration  23: ||V_upper^k - V_upper^k-1||_inf = 0.29134104109598080168, ||V_lower^k - V_lower^k-1||_inf = 0.34691296352035205786
    Local Iteration  24: ||V_upper^k - V_upper^k-1||_inf = 0.26354730690827782302, ||V_lower^k - V_lower^k-1||_inf = 0.34691296352035205786
    Local Iteration  25: ||V_upper^k - V_upper^k-1||_inf = 0.26354730690827782302, ||V_lower^k - V_lower^k-1||_inf = 0.34691296352035205786
    Local Iteration  26: ||V_upper^k - V_upper^k-1||_inf = 0.26325821399329440986, ||V_lower^k - V_lower^k-1||_inf = 0.34691296352035205786
    Local Iteration  27: ||V_upper^k - V_upper^k-1||_inf = 0.21434087881340574411, ||V_lower^k - V_lower^k-1||_inf = 0.34691296352035205786
    Local Iteration  28: ||V_upper^k - V_upper^k-1||_inf = 0.00099182320024804316, ||V_lower^k - V_lower^k-1||_inf = 0.33641743713618976752
    Local Iteration  29: ||V_upper^k - V_upper^k-1||_inf = 0.00000000000000000000, ||V_lower^k - V_lower^k-1||_inf = 0.33641743713618976752
    Local Iteration  30: ||V_upper^k - V_upper^k-1||_inf = 0.00000000000000000000, ||V_lower^k - V_lower^k-1||_inf = 0.33641743713618976752
    Local Iteration  31: ||V_upper^k - V_upper^k-1||_inf = 0.00000000000000000000, ||V_lower^k - V_lower^k-1||_inf = 0.33641743713618976752
    Local Iteration  32: ||V_upper^k - V_upper^k-1||_inf = 0.00000000000000000000, ||V_lower^k - V_lower^k-1||_inf = 0.27899005023453005148
    Local Iteration  33: ||V_upper^k - V_upper^k-1||_inf = 0.00000000000000000000, ||V_lower^k - V_lower^k-1||_inf = 0.27899005023453005148
    Local Iteration  34: ||V_upper^k - V_upper^k-1||_inf = 0.00000000000000000000, ||V_lower^k - V_lower^k-1||_inf = 0.27899005023453005148
    Local Iteration  35: ||V_upper^k - V_upper^k-1||_inf = 0.00000000000000000000, ||V_lower^k - V_lower^k-1||_inf = 0.27899005023453005148
    Local Iteration  36: ||V_upper^k - V_upper^k-1||_inf = 0.00000000000000000000, ||V_lower^k - V_lower^k-1||_inf = 0.27899005023453005148
    Local Iteration  37: ||V_upper^k - V_upper^k-1||_inf = 0.00000000000000000000, ||V_lower^k - V_lower^k-1||_inf = 0.27899005023453005148
    Local Iteration  38: ||V_upper^k - V_upper^k-1||_inf = 0.00000000000000000000, ||V_lower^k - V_lower^k-1||_inf = 0.27899005023453005148
    Local Iteration  39: ||V_upper^k - V_upper^k-1||_inf = 0.00000000000000000000, ||V_lower^k - V_lower^k-1||_inf = 0.27899005023453005148
    Local Iteration  40: ||V_upper^k - V_upper^k-1||_inf = 0.00000000000000000000, ||V_lower^k - V_lower^k-1||_inf = 0.27899005023453005148
    Local Iteration  41: ||V_upper^k - V_upper^k-1||_inf = 0.00000000000000000000, ||V_lower^k - V_lower^k-1||_inf = 0.27899005023453005148
    Local Iteration  42: ||V_upper^k - V_upper^k-1||_inf = 0.00000000000000000000, ||V_lower^k - V_lower^k-1||_inf = 0.27899005023453005148
    Local Iteration  43: ||V_upper^k - V_upper^k-1||_inf = 0.00000000000000000000, ||V_lower^k - V_lower^k-1||_inf = 0.27899005023453005148
    Local Iteration  44: ||V_upper^k - V_upper^k-1||_inf = 0.00000000000000000000, ||V_lower^k - V_lower^k-1||_inf = 0.27899005023453005148
    Local Iteration  45: ||V_upper^k - V_upper^k-1||_inf = 0.00000000000000000000, ||V_lower^k - V_lower^k-1||_inf = 0.27899005023453005148
    Local Iteration  46: ||V_upper^k - V_upper^k-1||_inf = 0.00000000000000000000, ||V_lower^k - V_lower^k-1||_inf = 0.27899005023453005148
    Local Iteration  47: ||V_upper^k - V_upper^k-1||_inf = 0.00000000000000000000, ||V_lower^k - V_lower^k-1||_inf = 0.27899005023453005148
    Local Iteration  48: ||V_upper^k - V_upper^k-1||_inf = 0.00000000000000000000, ||V_lower^k - V_lower^k-1||_inf = 0.27899005023453005148
    Local Iteration  49: ||V_upper^k - V_upper^k-1||_inf = 0.00000000000000000000, ||V_lower^k - V_lower^k-1||_inf = 0.27899005023453005148
    Local Iteration  50: ||V_upper^k - V_upper^k-1||_inf = 0.00000000000000000000, ||V_lower^k - V_lower^k-1||_inf = 0.27899005023453005148
    Local Iteration  51: ||V_upper^k - V_upper^k-1||_inf = 0.00000000000000000000, ||V_lower^k - V_lower^k-1||_inf = 0.27899005023453005148
    Local Iteration  52: ||V_upper^k - V_upper^k-1||_inf = 0.00000000000000000000, ||V_lower^k - V_lower^k-1||_inf = 0.27899005023453005148
    Local Iteration  53: ||V_upper^k - V_upper^k-1||_inf = 0.00000000000000000000, ||V_lower^k - V_lower^k-1||_inf = 0.27899005023453005148
    Local Iteration  54: ||V_upper^k - V_upper^k-1||_inf = 0.00000000000000000000, ||V_lower^k - V_lower^k-1||_inf = 0.27899005023453005148
    Local Iteration  55: ||V_upper^k - V_upper^k-1||_inf = 0.00000000000000000000, ||V_lower^k - V_lower^k-1||_inf = 0.27899005023453005148
    Local Iteration  56: ||V_upper^k - V_upper^k-1||_inf = 0.00000000000000000000, ||V_lower^k - V_lower^k-1||_inf = 0.27899005023453005148
    Local Iteration  57: ||V_upper^k - V_upper^k-1||_inf = 0.00000000000000000000, ||V_lower^k - V_lower^k-1||_inf = 0.27899005023453005148
    Local Iteration  58: ||V_upper^k - V_upper^k-1||_inf = 0.00000000000000000000, ||V_lower^k - V_lower^k-1||_inf = 0.27899005023453005148
    Local Iteration  59: ||V_upper^k - V_upper^k-1||_inf = 0.00000000000000000000, ||V_lower^k - V_lower^k-1||_inf = 0.27899005023453005148
    Local Iteration  60: ||V_upper^k - V_upper^k-1||_inf = 0.00000000000000000000, ||V_lower^k - V_lower^k-1||_inf = 0.27899005023453005148
    Local Iteration  61: ||V_upper^k - V_upper^k-1||_inf = 0.00000000000000000000, ||V_lower^k - V_lower^k-1||_inf = 0.27899005023453005148
    Local Iteration  62: ||V_upper^k - V_upper^k-1||_inf = 0.00000000000000000000, ||V_lower^k - V_lower^k-1||_inf = 0.27899005023453005148
    Local Iteration  63: ||V_upper^k - V_upper^k-1||_inf = 0.00000000000000000000, ||V_lower^k - V_lower^k-1||_inf = 0.27899005023453005148
    Local Iteration  64: ||V_upper^k - V_upper^k-1||_inf = 0.00000000000000000000, ||V_lower^k - V_lower^k-1||_inf = 0.27899005023453005148
    Local Iteration  65: ||V_upper^k - V_upper^k-1||_inf = 0.00000000000000000000, ||V_lower^k - V_lower^k-1||_inf = 0.27899005023453005148
    Local Iteration  66: ||V_upper^k - V_upper^k-1||_inf = 0.00000000000000000000, ||V_lower^k - V_lower^k-1||_inf = 0.27899005023453005148
    Local Iteration  67: ||V_upper^k - V_upper^k-1||_inf = 0.00000000000000000000, ||V_lower^k - V_lower^k-1||_inf = 0.27899005023453005148
    Local Iteration  68: ||V_upper^k - V_upper^k-1||_inf = 0.00000000000000000000, ||V_lower^k - V_lower^k-1||_inf = 0.27899005023453005148
    Local Iteration  69: ||V_upper^k - V_upper^k-1||_inf = 0.00000000000000000000, ||V_lower^k - V_lower^k-1||_inf = 0.27899005023453005148
    Local Iteration  70: ||V_upper^k - V_upper^k-1||_inf = 0.00000000000000000000, ||V_lower^k - V_lower^k-1||_inf = 0.27899005023453005148
    Local Iteration  71: ||V_upper^k - V_upper^k-1||_inf = 0.00000000000000000000, ||V_lower^k - V_lower^k-1||_inf = 0.27899005023453005148
    Local Iteration  72: ||V_upper^k - V_upper^k-1||_inf = 0.00000000000000000000, ||V_lower^k - V_lower^k-1||_inf = 0.27899005023453005148
    Local Iteration  73: ||V_upper^k - V_upper^k-1||_inf = 0.00000000000000000000, ||V_lower^k - V_lower^k-1||_inf = 0.27899005023453005148
    Local Iteration  74: ||V_upper^k - V_upper^k-1||_inf = 0.00000000000000000000, ||V_lower^k - V_lower^k-1||_inf = 0.27899005023453005148
    Local Iteration  75: ||V_upper^k - V_upper^k-1||_inf = 0.00000000000000000000, ||V_lower^k - V_lower^k-1||_inf = 0.27899005023453005148
    Local Iteration  76: ||V_upper^k - V_upper^k-1||_inf = 0.00000000000000000000, ||V_lower^k - V_lower^k-1||_inf = 0.27899005023453005148
    Local Iteration  77: ||V_upper^k - V_upper^k-1||_inf = 0.00000000000000000000, ||V_lower^k - V_lower^k-1||_inf = 0.27899005023453005148
    Local Iteration  78: ||V_upper^k - V_upper^k-1||_inf = 0.00000000000000000000, ||V_lower^k - V_lower^k-1||_inf = 0.27899005023453005148
    Local Iteration  79: ||V_upper^k - V_upper^k-1||_inf = 0.00000000000000000000, ||V_lower^k - V_lower^k-1||_inf = 0.27899005023453005148
    Local Iteration  80: ||V_upper^k - V_upper^k-1||_inf = 0.00000000000000000000, ||V_lower^k - V_lower^k-1||_inf = 0.27899005023453005148
    Local Iteration  81: ||V_upper^k - V_upper^k-1||_inf = 0.00000000000000000000, ||V_lower^k - V_lower^k-1||_inf = 0.27899005023453005148
    Local Iteration  82: ||V_upper^k - V_upper^k-1||_inf = 0.00000000000000000000, ||V_lower^k - V_lower^k-1||_inf = 0.27899005023453005148
    Local Iteration  83: ||V_upper^k - V_upper^k-1||_inf = 0.00000000000000000000, ||V_lower^k - V_lower^k-1||_inf = 0.27899005023453005148
    Local Iteration  84: ||V_upper^k - V_upper^k-1||_inf = 0.00000000000000000000, ||V_lower^k - V_lower^k-1||_inf = 0.27899005023453005148
    Local Iteration  85: ||V_upper^k - V_upper^k-1||_inf = 0.00000000000000000000, ||V_lower^k - V_lower^k-1||_inf = 0.27899005023453005148
    Local Iteration  86: ||V_upper^k - V_upper^k-1||_inf = 0.00000000000000000000, ||V_lower^k - V_lower^k-1||_inf = 0.27899005023453005148
    Local Iteration  87: ||V_upper^k - V_upper^k-1||_inf = 0.00000000000000000000, ||V_lower^k - V_lower^k-1||_inf = 0.27899005023453005148
    Local Iteration  88: ||V_upper^k - V_upper^k-1||_inf = 0.00000000000000000000, ||V_lower^k - V_lower^k-1||_inf = 0.27899005023453005148
    Local Iteration  89: ||V_upper^k - V_upper^k-1||_inf = 0.00000000000000000000, ||V_lower^k - V_lower^k-1||_inf = 0.27899005023453005148
    Local Iteration  90: ||V_upper^k - V_upper^k-1||_inf = 0.00000000000000000000, ||V_lower^k - V_lower^k-1||_inf = 0.27899005023453005148
    Local Iteration  91: ||V_upper^k - V_upper^k-1||_inf = 0.00000000000000000000, ||V_lower^k - V_lower^k-1||_inf = 0.27899005023453005148
    Local Iteration  92: ||V_upper^k - V_upper^k-1||_inf = 0.00000000000000000000, ||V_lower^k - V_lower^k-1||_inf = 0.27899005023453005148
    Local Iteration  93: ||V_upper^k - V_upper^k-1||_inf = 0.00000000000000000000, ||V_lower^k - V_lower^k-1||_inf = 0.27899005023453005148
    Local Iteration  94: ||V_upper^k - V_upper^k-1||_inf = 0.00000000000000000000, ||V_lower^k - V_lower^k-1||_inf = 0.27899005023453005148
    Local Iteration  95: ||V_upper^k - V_upper^k-1||_inf = 0.00000000000000000000, ||V_lower^k - V_lower^k-1||_inf = 0.27899005023453005148
    Local Iteration  96: ||V_upper^k - V_upper^k-1||_inf = 0.00000000000000000000, ||V_lower^k - V_lower^k-1||_inf = 0.27899005023453005148
    Local Iteration  97: ||V_upper^k - V_upper^k-1||_inf = 0.00000000000000000000, ||V_lower^k - V_lower^k-1||_inf = 0.27899005023453005148
    Local Iteration  98: ||V_upper^k - V_upper^k-1||_inf = 0.00000000000000000000, ||V_lower^k - V_lower^k-1||_inf = 0.27899005023453005148
    Local Iteration  99: ||V_upper^k - V_upper^k-1||_inf = 0.00000000000000000000, ||V_lower^k - V_lower^k-1||_inf = 0.27899005023453005148
    Local Iteration 100: ||V_upper^k - V_upper^k-1||_inf = 0.00000000000000000000, ||V_lower^k - V_lower^k-1||_inf = 0.27899005023453005148
    Local Iteration 101: ||V_upper^k - V_upper^k-1||_inf = 0.00000000000000000000, ||V_lower^k - V_lower^k-1||_inf = 0.27899005023453005148
    Local Iteration 102: ||V_upper^k - V_upper^k-1||_inf = 0.00000000000000000000, ||V_lower^k - V_lower^k-1||_inf = 0.27899005023453005148
    Local Iteration 103: ||V_upper^k - V_upper^k-1||_inf = 0.00000000000000000000, ||V_lower^k - V_lower^k-1||_inf = 0.27899005023453005148
    Local Iteration 104: ||V_upper^k - V_upper^k-1||_inf = 0.00000000000000000000, ||V_lower^k - V_lower^k-1||_inf = 0.27899005023453005148
    Local Iteration 105: ||V_upper^k - V_upper^k-1||_inf = 0.00000000000000000000, ||V_lower^k - V_lower^k-1||_inf = 0.27899005023453005148
    Local Iteration 106: ||V_upper^k - V_upper^k-1||_inf = 0.00000000000000000000, ||V_lower^k - V_lower^k-1||_inf = 0.27899005023453005148
    Local Iteration 107: ||V_upper^k - V_upper^k-1||_inf = 0.00000000000000000000, ||V_lower^k - V_lower^k-1||_inf = 0.27899005023453005148
    Local Iteration 108: ||V_upper^k - V_upper^k-1||_inf = 0.00000000000000000000, ||V_lower^k - V_lower^k-1||_inf = 0.27899005023453005148
    Local Iteration 109: ||V_upper^k - V_upper^k-1||_inf = 0.00000000000000000000, ||V_lower^k - V_lower^k-1||_inf = 0.27899005023453005148
    Local Iteration 110: ||V_upper^k - V_upper^k-1||_inf = 0.00000000000000000000, ||V_lower^k - V_lower^k-1||_inf = 0.27899005023453005148
    Local Iteration 111: ||V_upper^k - V_upper^k-1||_inf = 0.00000000000000000000, ||V_lower^k - V_lower^k-1||_inf = 0.27899005023453005148
    Local Iteration 112: ||V_upper^k - V_upper^k-1||_inf = 0.00000000000000000000, ||V_lower^k - V_lower^k-1||_inf = 0.27899005023453005148
    Local Iteration 113: ||V_upper^k - V_upper^k-1||_inf = 0.00000000000000000000, ||V_lower^k - V_lower^k-1||_inf = 0.27899005023453005148
    Local Iteration 114: ||V_upper^k - V_upper^k-1||_inf = 0.00000000000000000000, ||V_lower^k - V_lower^k-1||_inf = 0.27899005023453005148
    Local Iteration 115: ||V_upper^k - V_upper^k-1||_inf = 0.00000000000000000000, ||V_lower^k - V_lower^k-1||_inf = 0.27899005023453005148
    Local Iteration 116: ||V_upper^k - V_upper^k-1||_inf = 0.00000000000000000000, ||V_lower^k - V_lower^k-1||_inf = 0.27899005023453005148
    Local Iteration 117: ||V_upper^k - V_upper^k-1||_inf = 0.00000000000000000000, ||V_lower^k - V_lower^k-1||_inf = 0.27899005023453005148
    Local Iteration 118: ||V_upper^k - V_upper^k-1||_inf = 0.00000000000000000000, ||V_lower^k - V_lower^k-1||_inf = 0.27899005023453005148
    Local Iteration 119: ||V_upper^k - V_upper^k-1||_inf = 0.00000000000000000000, ||V_lower^k - V_lower^k-1||_inf = 0.27899005023453005148
    Local Iteration 120: ||V_upper^k - V_upper^k-1||_inf = 0.00000000000000000000, ||V_lower^k - V_lower^k-1||_inf = 0.27899005023453005148
    Local Iteration 121: ||V_upper^k - V_upper^k-1||_inf = 0.00000000000000000000, ||V_lower^k - V_lower^k-1||_inf = 0.27899005023453005148
    Local Iteration 122: ||V_upper^k - V_upper^k-1||_inf = 0.00000000000000000000, ||V_lower^k - V_lower^k-1||_inf = 0.27899005023453005148
    Local Iteration 123: ||V_upper^k - V_upper^k-1||_inf = 0.00000000000000000000, ||V_lower^k - V_lower^k-1||_inf = 0.27899005023453005148
    Local Iteration 124: ||V_upper^k - V_upper^k-1||_inf = 0.00000000000000000000, ||V_lower^k - V_lower^k-1||_inf = 0.27899005023453005148
    Local Iteration 125: ||V_upper^k - V_upper^k-1||_inf = 0.00000000000000000000, ||V_lower^k - V_lower^k-1||_inf = 0.27899005023453005148
    Local Iteration 126: ||V_upper^k - V_upper^k-1||_inf = 0.00000000000000000000, ||V_lower^k - V_lower^k-1||_inf = 0.27899005023453005148
    Local Iteration 127: ||V_upper^k - V_upper^k-1||_inf = 0.00000000000000000000, ||V_lower^k - V_lower^k-1||_inf = 0.27899005023453005148
    Local Iteration 128: ||V_upper^k - V_upper^k-1||_inf = 0.00000000000000000000, ||V_lower^k - V_lower^k-1||_inf = 0.27899005023453005148
    Local Iteration 129: ||V_upper^k - V_upper^k-1||_inf = 0.00000000000000000000, ||V_lower^k - V_lower^k-1||_inf = 0.27899005023453005148
    Local Iteration 130: ||V_upper^k - V_upper^k-1||_inf = 0.00000000000000000000, ||V_lower^k - V_lower^k-1||_inf = 0.27899005023453005148
    Local Iteration 131: ||V_upper^k - V_upper^k-1||_inf = 0.00000000000000000000, ||V_lower^k - V_lower^k-1||_inf = 0.27899005023453005148
    Local Iteration 132: ||V_upper^k - V_upper^k-1||_inf = 0.00000000000000000000, ||V_lower^k - V_lower^k-1||_inf = 0.27899005023453005148
    Local Iteration 133: ||V_upper^k - V_upper^k-1||_inf = 0.00000000000000000000, ||V_lower^k - V_lower^k-1||_inf = 0.27899005023453005148
    Local Iteration 134: ||V_upper^k - V_upper^k-1||_inf = 0.00000000000000000000, ||V_lower^k - V_lower^k-1||_inf = 0.27899005023453005148
    Local Iteration 135: ||V_upper^k - V_upper^k-1||_inf = 0.00000000000000000000, ||V_lower^k - V_lower^k-1||_inf = 0.27899005023453005148
    Local Iteration 136: ||V_upper^k - V_upper^k-1||_inf = 0.00000000000000000000, ||V_lower^k - V_lower^k-1||_inf = 0.27899005023453005148
    Local Iteration 137: ||V_upper^k - V_upper^k-1||_inf = 0.00000000000000000000, ||V_lower^k - V_lower^k-1||_inf = 0.27899005023453005148
    Local Iteration 138: ||V_upper^k - V_upper^k-1||_inf = 0.00000000000000000000, ||V_lower^k - V_lower^k-1||_inf = 0.27899005023453005148
    Local Iteration 139: ||V_upper^k - V_upper^k-1||_inf = 0.00000000000000000000, ||V_lower^k - V_lower^k-1||_inf = 0.27899005023453005148
    Local Iteration 140: ||V_upper^k - V_upper^k-1||_inf = 0.00000000000000000000, ||V_lower^k - V_lower^k-1||_inf = 0.27899005023453005148
    Local Iteration 141: ||V_upper^k - V_upper^k-1||_inf = 0.00000000000000000000, ||V_lower^k - V_lower^k-1||_inf = 0.27899005023453005148
    Local Iteration 142: ||V_upper^k - V_upper^k-1||_inf = 0.00000000000000000000, ||V_lower^k - V_lower^k-1||_inf = 0.27899005023453005148
    Local Iteration 143: ||V_upper^k - V_upper^k-1||_inf = 0.00000000000000000000, ||V_lower^k - V_lower^k-1||_inf = 0.27899005023453005148
    Local Iteration 144: ||V_upper^k - V_upper^k-1||_inf = 0.00000000000000000000, ||V_lower^k - V_lower^k-1||_inf = 0.27899005023453005148
    Local Iteration 145: ||V_upper^k - V_upper^k-1||_inf = 0.00000000000000000000, ||V_lower^k - V_lower^k-1||_inf = 0.27899005023453005148
    Local Iteration 146: ||V_upper^k - V_upper^k-1||_inf = 0.00000000000000000000, ||V_lower^k - V_lower^k-1||_inf = 0.27899005023453005148
    Local Iteration 147: ||V_upper^k - V_upper^k-1||_inf = 0.00000000000000000000, ||V_lower^k - V_lower^k-1||_inf = 0.27899005023453005148
    Local Iteration 148: ||V_upper^k - V_upper^k-1||_inf = 0.00000000000000000000, ||V_lower^k - V_lower^k-1||_inf = 0.27899005023453005148
    Local Iteration 149: ||V_upper^k - V_upper^k-1||_inf = 0.00000000000000000000, ||V_lower^k - V_lower^k-1||_inf = 0.27899005023453005148
    Local Iteration 150: ||V_upper^k - V_upper^k-1||_inf = 0.00000000000000000000, ||V_lower^k - V_lower^k-1||_inf = 0.27899005023453005148
    Local Iteration 151: ||V_upper^k - V_upper^k-1||_inf = 0.00000000000000000000, ||V_lower^k - V_lower^k-1||_inf = 0.27775243571864738357
    Local Iteration 152: ||V_upper^k - V_upper^k-1||_inf = 0.00000000000000000000, ||V_lower^k - V_lower^k-1||_inf = 0.27775243571864738357
    Local Iteration 153: ||V_upper^k - V_upper^k-1||_inf = 0.00000000000000000000, ||V_lower^k - V_lower^k-1||_inf = 0.27775243571864738357
    Local Iteration 154: ||V_upper^k - V_upper^k-1||_inf = 0.00000000000000000000, ||V_lower^k - V_lower^k-1||_inf = 0.27775243571864738357
    Local Iteration 155: ||V_upper^k - V_upper^k-1||_inf = 0.00000000000000000000, ||V_lower^k - V_lower^k-1||_inf = 0.27775243571864738357
    Local Iteration 156: ||V_upper^k - V_upper^k-1||_inf = 0.00000000000000000000, ||V_lower^k - V_lower^k-1||_inf = 0.27775243571864738357
    Local Iteration 157: ||V_upper^k - V_upper^k-1||_inf = 0.00000000000000000000, ||V_lower^k - V_lower^k-1||_inf = 0.27522807351236178164
    Local Iteration 158: ||V_upper^k - V_upper^k-1||_inf = 0.00000000000000000000, ||V_lower^k - V_lower^k-1||_inf = 0.26438768945099277996
    Local Iteration 159: ||V_upper^k - V_upper^k-1||_inf = 0.00000000000000000000, ||V_lower^k - V_lower^k-1||_inf = 0.26438768945099255792
    Local Iteration 160: ||V_upper^k - V_upper^k-1||_inf = 0.00000000000000000000, ||V_lower^k - V_lower^k-1||_inf = 0.25276728802560455289
    Local Iteration 161: ||V_upper^k - V_upper^k-1||_inf = 0.00000000000000000000, ||V_lower^k - V_lower^k-1||_inf = 0.23883924985337290359
    Local Iteration 162: ||V_upper^k - V_upper^k-1||_inf = 0.00000000000000000000, ||V_lower^k - V_lower^k-1||_inf = 0.21213203435596439395
    Local Iteration 163: ||V_upper^k - V_upper^k-1||_inf = 0.00000000000000000000, ||V_lower^k - V_lower^k-1||_inf = 0.20695578252651636308
    Local Iteration 164: ||V_upper^k - V_upper^k-1||_inf = 0.00000000000000000000, ||V_lower^k - V_lower^k-1||_inf = 0.20301329347297070171
    Local Iteration 165: ||V_upper^k - V_upper^k-1||_inf = 0.00000000000000000000, ||V_lower^k - V_lower^k-1||_inf = 0.19480300825378782381
    Local Iteration 166: ||V_upper^k - V_upper^k-1||_inf = 0.00000000000000000000, ||V_lower^k - V_lower^k-1||_inf = 0.19164107145843223279
    Local Iteration 167: ||V_upper^k - V_upper^k-1||_inf = 0.00000000000000000000, ||V_lower^k - V_lower^k-1||_inf = 0.19164107145843189972
    Local Iteration 168: ||V_upper^k - V_upper^k-1||_inf = 0.00000000000000000000, ||V_lower^k - V_lower^k-1||_inf = 0.16963891346876491806
    Local Iteration 169: ||V_upper^k - V_upper^k-1||_inf = 0.00000000000000000000, ||V_lower^k - V_lower^k-1||_inf = 0.15897833372997371981
    Local Iteration 170: ||V_upper^k - V_upper^k-1||_inf = 0.00000000000000000000, ||V_lower^k - V_lower^k-1||_inf = 0.15897833372997371981
    Local Iteration 171: ||V_upper^k - V_upper^k-1||_inf = 0.00000000000000000000, ||V_lower^k - V_lower^k-1||_inf = 0.15645397152368811788
    Local Iteration 172: ||V_upper^k - V_upper^k-1||_inf = 0.00000000000000000000, ||V_lower^k - V_lower^k-1||_inf = 0.15645397152368811788
    Local Iteration 173: ||V_upper^k - V_upper^k-1||_inf = 0.00000000000000000000, ||V_lower^k - V_lower^k-1||_inf = 0.15645397152368811788
    Local Iteration 174: ||V_upper^k - V_upper^k-1||_inf = 0.00000000000000000000, ||V_lower^k - V_lower^k-1||_inf = 0.13827260910441685482
    Local Iteration 175: ||V_upper^k - V_upper^k-1||_inf = 0.00000000000000000000, ||V_lower^k - V_lower^k-1||_inf = 0.12860148896912837468
    Local Iteration 176: ||V_upper^k - V_upper^k-1||_inf = 0.00000000000000000000, ||V_lower^k - V_lower^k-1||_inf = 0.11831377858398106628
    Local Iteration 177: ||V_upper^k - V_upper^k-1||_inf = 0.00000000000000000000, ||V_lower^k - V_lower^k-1||_inf = 0.11831377858398106628
    Local Iteration 178: ||V_upper^k - V_upper^k-1||_inf = 0.00000000000000000000, ||V_lower^k - V_lower^k-1||_inf = 0.11831377858398106628
    Local Iteration 179: ||V_upper^k - V_upper^k-1||_inf = 0.00000000000000000000, ||V_lower^k - V_lower^k-1||_inf = 0.11831377858398106628
    Local Iteration 180: ||V_upper^k - V_upper^k-1||_inf = 0.00000000000000000000, ||V_lower^k - V_lower^k-1||_inf = 0.11831377858398106628
    Local Iteration 181: ||V_upper^k - V_upper^k-1||_inf = 0.00000000000000000000, ||V_lower^k - V_lower^k-1||_inf = 0.10209541128599985971
    Local Iteration 182: ||V_upper^k - V_upper^k-1||_inf = 0.00000000000000000000, ||V_lower^k - V_lower^k-1||_inf = 0.10209541128599985971
    Local Iteration 183: ||V_upper^k - V_upper^k-1||_inf = 0.00000000000000000000, ||V_lower^k - V_lower^k-1||_inf = 0.10209541128599985971
    Local Iteration 184: ||V_upper^k - V_upper^k-1||_inf = 0.00000000000000000000, ||V_lower^k - V_lower^k-1||_inf = 0.09957104907971425778
    Local Iteration 185: ||V_upper^k - V_upper^k-1||_inf = 0.00000000000000000000, ||V_lower^k - V_lower^k-1||_inf = 0.09957104907971425778
    Local Iteration 186: ||V_upper^k - V_upper^k-1||_inf = 0.00000000000000000000, ||V_lower^k - V_lower^k-1||_inf = 0.08731638668017738247
    Local Iteration 187: ||V_upper^k - V_upper^k-1||_inf = 0.00000000000000000000, ||V_lower^k - V_lower^k-1||_inf = 0.08731638668017738247
    Local Iteration 188: ||V_upper^k - V_upper^k-1||_inf = 0.00000000000000000000, ||V_lower^k - V_lower^k-1||_inf = 0.07121802296641255303
    Local Iteration 189: ||V_upper^k - V_upper^k-1||_inf = 0.00000000000000000000, ||V_lower^k - V_lower^k-1||_inf = 0.06625653445281376452
    Local Iteration 190: ||V_upper^k - V_upper^k-1||_inf = 0.00000000000000000000, ||V_lower^k - V_lower^k-1||_inf = 0.05335148514092957761
    Local Iteration 191: ||V_upper^k - V_upper^k-1||_inf = 0.00000000000000000000, ||V_lower^k - V_lower^k-1||_inf = 0.05335148514092957761
    Local Iteration 192: ||V_upper^k - V_upper^k-1||_inf = 0.00000000000000000000, ||V_lower^k - V_lower^k-1||_inf = 0.05335148514092957761
    Local Iteration 193: ||V_upper^k - V_upper^k-1||_inf = 0.00000000000000000000, ||V_lower^k - V_lower^k-1||_inf = 0.05335148514092957761
    Local Iteration 194: ||V_upper^k - V_upper^k-1||_inf = 0.00000000000000000000, ||V_lower^k - V_lower^k-1||_inf = 0.05335148514092957761
    Local Iteration 195: ||V_upper^k - V_upper^k-1||_inf = 0.00000000000000000000, ||V_lower^k - V_lower^k-1||_inf = 0.05335148514092957761
    Local Iteration 196: ||V_upper^k - V_upper^k-1||_inf = 0.00000000000000000000, ||V_lower^k - V_lower^k-1||_inf = 0.05335148514092957761
    Local Iteration 197: ||V_upper^k - V_upper^k-1||_inf = 0.00000000000000000000, ||V_lower^k - V_lower^k-1||_inf = 0.05335148514092924454
    Local Iteration 198: ||V_upper^k - V_upper^k-1||_inf = 0.00000000000000000000, ||V_lower^k - V_lower^k-1||_inf = 0.03654255732738342921
    Local Iteration 199: ||V_upper^k - V_upper^k-1||_inf = 0.00000000000000000000, ||V_lower^k - V_lower^k-1||_inf = 0.03654255732738342921
    Local Iteration 200: ||V_upper^k - V_upper^k-1||_inf = 0.00000000000000000000, ||V_lower^k - V_lower^k-1||_inf = 0.03597138569307345435
    Local Iteration 201: ||V_upper^k - V_upper^k-1||_inf = 0.00000000000000000000, ||V_lower^k - V_lower^k-1||_inf = 0.03299082617690285435
    Local Iteration 202: ||V_upper^k - V_upper^k-1||_inf = 0.00000000000000000000, ||V_lower^k - V_lower^k-1||_inf = 0.03299082617690285435
    Local Iteration 203: ||V_upper^k - V_upper^k-1||_inf = 0.00000000000000000000, ||V_lower^k - V_lower^k-1||_inf = 0.03299082617690285435
    Local Iteration 204: ||V_upper^k - V_upper^k-1||_inf = 0.00000000000000000000, ||V_lower^k - V_lower^k-1||_inf = 0.03299082617690285435
    Local Iteration 205: ||V_upper^k - V_upper^k-1||_inf = 0.00000000000000000000, ||V_lower^k - V_lower^k-1||_inf = 0.03299082617690285435
    Local Iteration 206: ||V_upper^k - V_upper^k-1||_inf = 0.00000000000000000000, ||V_lower^k - V_lower^k-1||_inf = 0.03299082617690285435
    Local Iteration 207: ||V_upper^k - V_upper^k-1||_inf = 0.00000000000000000000, ||V_lower^k - V_lower^k-1||_inf = 0.03299082617690285435
    Local Iteration 208: ||V_upper^k - V_upper^k-1||_inf = 0.00000000000000000000, ||V_lower^k - V_lower^k-1||_inf = 0.03299082617690285435
    Local Iteration 209: ||V_upper^k - V_upper^k-1||_inf = 0.00000000000000000000, ||V_lower^k - V_lower^k-1||_inf = 0.03299082617690285435
    Local Iteration 210: ||V_upper^k - V_upper^k-1||_inf = 0.00000000000000000000, ||V_lower^k - V_lower^k-1||_inf = 0.03299082617690285435
    Local Iteration 211: ||V_upper^k - V_upper^k-1||_inf = 0.00000000000000000000, ||V_lower^k - V_lower^k-1||_inf = 0.03299082617690285435
    Local Iteration 212: ||V_upper^k - V_upper^k-1||_inf = 0.00000000000000000000, ||V_lower^k - V_lower^k-1||_inf = 0.03299082617690285435
    Local Iteration 213: ||V_upper^k - V_upper^k-1||_inf = 0.00000000000000000000, ||V_lower^k - V_lower^k-1||_inf = 0.03299082617690285435
    Local Iteration 214: ||V_upper^k - V_upper^k-1||_inf = 0.00000000000000000000, ||V_lower^k - V_lower^k-1||_inf = 0.03299082617690285435
    Local Iteration 215: ||V_upper^k - V_upper^k-1||_inf = 0.00000000000000000000, ||V_lower^k - V_lower^k-1||_inf = 0.03299082617690285435
    Local Iteration 216: ||V_upper^k - V_upper^k-1||_inf = 0.00000000000000000000, ||V_lower^k - V_lower^k-1||_inf = 0.03299082617690285435
    Local Iteration 217: ||V_upper^k - V_upper^k-1||_inf = 0.00000000000000000000, ||V_lower^k - V_lower^k-1||_inf = 0.03299082617690285435
    Local Iteration 218: ||V_upper^k - V_upper^k-1||_inf = 0.00000000000000000000, ||V_lower^k - V_lower^k-1||_inf = 0.03299082617690285435
    Local Iteration 219: ||V_upper^k - V_upper^k-1||_inf = 0.00000000000000000000, ||V_lower^k - V_lower^k-1||_inf = 0.03299082617690285435
    Local Iteration 220: ||V_upper^k - V_upper^k-1||_inf = 0.00000000000000000000, ||V_lower^k - V_lower^k-1||_inf = 0.03045540200151430899
    Local Iteration 221: ||V_upper^k - V_upper^k-1||_inf = 0.00000000000000000000, ||V_lower^k - V_lower^k-1||_inf = 0.03045540200151430899
    Local Iteration 222: ||V_upper^k - V_upper^k-1||_inf = 0.00000000000000000000, ||V_lower^k - V_lower^k-1||_inf = 0.03045540200151430899
    Local Iteration 223: ||V_upper^k - V_upper^k-1||_inf = 0.00000000000000000000, ||V_lower^k - V_lower^k-1||_inf = 0.03045540200151430899
    Local Iteration 224: ||V_upper^k - V_upper^k-1||_inf = 0.00000000000000000000, ||V_lower^k - V_lower^k-1||_inf = 0.02740397862488685998
    Local Iteration 225: ||V_upper^k - V_upper^k-1||_inf = 0.00000000000000000000, ||V_lower^k - V_lower^k-1||_inf = 0.01426099717727757898
    Local Iteration 226: ||V_upper^k - V_upper^k-1||_inf = 0.00000000000000000000, ||V_lower^k - V_lower^k-1||_inf = 0.01426099717727757898
    Local Iteration 227: ||V_upper^k - V_upper^k-1||_inf = 0.00000000000000000000, ||V_lower^k - V_lower^k-1||_inf = 0.01426099717727757898
    Local Iteration 228: ||V_upper^k - V_upper^k-1||_inf = 0.00000000000000000000, ||V_lower^k - V_lower^k-1||_inf = 0.01426099717727757898
    Local Iteration 229: ||V_upper^k - V_upper^k-1||_inf = 0.00000000000000000000, ||V_lower^k - V_lower^k-1||_inf = 0.01426099717727757898
    Local Iteration 230: ||V_upper^k - V_upper^k-1||_inf = 0.00000000000000000000, ||V_lower^k - V_lower^k-1||_inf = 0.01426099717727757898
    Local Iteration 231: ||V_upper^k - V_upper^k-1||_inf = 0.00000000000000000000, ||V_lower^k - V_lower^k-1||_inf = 0.01426099717727757898
    Local Iteration 232: ||V_upper^k - V_upper^k-1||_inf = 0.00000000000000000000, ||V_lower^k - V_lower^k-1||_inf = 0.01426099717727757898
    Local Iteration 233: ||V_upper^k - V_upper^k-1||_inf = 0.00000000000000000000, ||V_lower^k - V_lower^k-1||_inf = 0.01145814039855541644
    Local Iteration 234: ||V_upper^k - V_upper^k-1||_inf = 0.00000000000000000000, ||V_lower^k - V_lower^k-1||_inf = 0.01145814039855541644
    Local Iteration 235: ||V_upper^k - V_upper^k-1||_inf = 0.00000000000000000000, ||V_lower^k - V_lower^k-1||_inf = 0.01145814039855541644
    Local Iteration 236: ||V_upper^k - V_upper^k-1||_inf = 0.00000000000000000000, ||V_lower^k - V_lower^k-1||_inf = 0.01145814039855541644
    Local Iteration 237: ||V_upper^k - V_upper^k-1||_inf = 0.00000000000000000000, ||V_lower^k - V_lower^k-1||_inf = 0.00784074267115897339
    Local Iteration 238: ||V_upper^k - V_upper^k-1||_inf = 0.00000000000000000000, ||V_lower^k - V_lower^k-1||_inf = 0.00361739772739644305
    Local Iteration 239: ||V_upper^k - V_upper^k-1||_inf = 0.00000000000000000000, ||V_lower^k - V_lower^k-1||_inf = 0.00361739772739644305
    Local Iteration 240: ||V_upper^k - V_upper^k-1||_inf = 0.00000000000000000000, ||V_lower^k - V_lower^k-1||_inf = 0.00361739772739644305
    Local Iteration 241: ||V_upper^k - V_upper^k-1||_inf = 0.00000000000000000000, ||V_lower^k - V_lower^k-1||_inf = 0.00361739772739644305
    Local Iteration 242: ||V_upper^k - V_upper^k-1||_inf = 0.00000000000000000000, ||V_lower^k - V_lower^k-1||_inf = 0.00361739772739644305
    Local Iteration 243: ||V_upper^k - V_upper^k-1||_inf = 0.00000000000000000000, ||V_lower^k - V_lower^k-1||_inf = 0.00000000000000000000

==================================================
 LOCAL CONVERGENCE ACHIEVED
==================================================
  ||V_upper^k - V_upper^k-1||_inf = 0.00000000000000000000e+00 < tolerance = 1e-08
  ||V_lower^k - V_lower^k-1||_inf = 0.00000000000000000000e+00 < tolerance = 1e-08
  Converged in 243 iterations
    Local VI completed in 243 iterations
    Final convergence values:
      ||V_upper^final - V_upper^prev||_inf = 0.00000000e+00
      ||V_lower^final - V_lower^prev||_inf = 0.00000000e+00
  Local VI completed in 243 iterations, time: 5.521s
    Final ||V_upper^k - V_upper^k-1||_inf = 0.00000000000000000000e+00
    Final ||V_lower^k - V_lower^k-1||_inf = 0.00000000000000000000e+00
  Saved visualization: /Users/i.k.tabbara/Documents/python directory/HSCC_2027/refactored_Implementations/results_hscc_2027_newbellmans_12workers/avoid_nodiscount/dubins_res80_eps0.05_dmin1e-08_dmax1e-08_gamma0.9_dt0.3_tau0.3_std/value_function_phase_2_complete.png
  Phase 2 completed in 6.57s with 1666824 leaf cells

Classification after phase 2:
  Safe:                0 cells (  0.0%),    0.0% of state space
  Unsafe:         133688 cells (  8.0%),   25.1% of state space
  Unclassified:  1533136 cells ( 92.0%),   74.9% of state space

======================================================================
REFINEMENT PHASE 3
======================================================================
Boundary cells: 1533136
  Refinable (>eta_min=0.017678): 1533136
  Below threshold: 0
  Cumulative refined: 1154824
  Refinable cell size statistics:
    Max:    0.075000
    Mean:   0.075000
    Min:    0.075000
    Median: 0.075000
  Refining 1533136 cells...
    Refined: 1533136 parent cells
    Created: 3066272 child cells
    Total cells: 3199960
    Refinement time: 0.144s
    Cumulative refined: 2687960
  Rebuilding spatial index...
  Building spatial index for 3199960 cells...
   Spatial index built in 0.93s
    Spatial index rebuilt in 0.930s
  Initializing 3066272 new cells...
  Initializing 3066272 new cells in parallel...
   Initialized in 0.01s (421930166.2 cells/s)
    Initialization completed in 0.007s
  Starting local value iteration...
  Reinitializing ALL 3199960 cells (V = min(l, r))
   Reinitialized 3199960 cells in 0.01s (406666878.5 cells/s)
  Local VI: updating all 3199960 cells
    Conservative mode: False
    Convergence tolerance: 1e-08
    Max iterations: 20000
    Updating successor cache for 3066272 updated cells...
    Updating successor cache for 3066272 new cells (HYBRID)...
      Affected cells: 3083932
   Trajectories + spatial queries computed in 1.93s (4802582.4 tasks/s)
    Breakdown: 48.2% ODE, 51.8% queries
     Cache updated in 2.25s (4108804.0 tasks/s)
    Local Iteration   1: ||V_upper^k - V_upper^k-1||_inf = 4.71177949127212603031, ||V_lower^k - V_lower^k-1||_inf = 4.78364355752398306976
    Local Iteration   2: ||V_upper^k - V_upper^k-1||_inf = 4.50678920930651472077, ||V_lower^k - V_lower^k-1||_inf = 4.76965805838056144950
    Local Iteration   3: ||V_upper^k - V_upper^k-1||_inf = 4.28625842217004660029, ||V_lower^k - V_lower^k-1||_inf = 4.76965805838056144950
    Local Iteration   4: ||V_upper^k - V_upper^k-1||_inf = 4.05586459177482527849, ||V_lower^k - V_lower^k-1||_inf = 4.69956260730754671329
    Local Iteration   5: ||V_upper^k - V_upper^k-1||_inf = 3.68103612702343330199, ||V_lower^k - V_lower^k-1||_inf = 4.57282882501641108064
    Local Iteration   6: ||V_upper^k - V_upper^k-1||_inf = 3.36689349552637740004, ||V_lower^k - V_lower^k-1||_inf = 4.44273082711739153439
    Local Iteration   7: ||V_upper^k - V_upper^k-1||_inf = 2.97071262792143064857, ||V_lower^k - V_lower^k-1||_inf = 4.13193081266202710822
    Local Iteration   8: ||V_upper^k - V_upper^k-1||_inf = 2.33751212995693968821, ||V_lower^k - V_lower^k-1||_inf = 3.75041252330540775262
    Local Iteration   9: ||V_upper^k - V_upper^k-1||_inf = 1.57261237727130742670, ||V_lower^k - V_lower^k-1||_inf = 3.45921208932282731041
    Local Iteration  10: ||V_upper^k - V_upper^k-1||_inf = 0.93224661053141777423, ||V_lower^k - V_lower^k-1||_inf = 3.23133215899131887028
    Local Iteration  11: ||V_upper^k - V_upper^k-1||_inf = 0.38131597445130277491, ||V_lower^k - V_lower^k-1||_inf = 3.04838917313857304947
    Local Iteration  12: ||V_upper^k - V_upper^k-1||_inf = 0.36738918073305532053, ||V_lower^k - V_lower^k-1||_inf = 2.65928748763868627591
    Local Iteration  13: ||V_upper^k - V_upper^k-1||_inf = 0.36738918073305532053, ||V_lower^k - V_lower^k-1||_inf = 2.31946330213828222355
    Local Iteration  14: ||V_upper^k - V_upper^k-1||_inf = 0.36738918073305532053, ||V_lower^k - V_lower^k-1||_inf = 1.86118077783388002899
    Local Iteration  15: ||V_upper^k - V_upper^k-1||_inf = 0.36738918073305532053, ||V_lower^k - V_lower^k-1||_inf = 1.30029652266988948739
    Local Iteration  16: ||V_upper^k - V_upper^k-1||_inf = 0.36738918073305532053, ||V_lower^k - V_lower^k-1||_inf = 0.38641737471487125344
    Local Iteration  17: ||V_upper^k - V_upper^k-1||_inf = 0.36738918073305532053, ||V_lower^k - V_lower^k-1||_inf = 0.38641737471487097588
    Local Iteration  18: ||V_upper^k - V_upper^k-1||_inf = 0.36738918073305532053, ||V_lower^k - V_lower^k-1||_inf = 0.36505043108762941229
    Local Iteration  19: ||V_upper^k - V_upper^k-1||_inf = 0.36738918073305532053, ||V_lower^k - V_lower^k-1||_inf = 0.33257204090102787664
    Local Iteration  20: ||V_upper^k - V_upper^k-1||_inf = 0.35377392790765360697, ||V_lower^k - V_lower^k-1||_inf = 0.31454056822665921178
    Local Iteration  21: ||V_upper^k - V_upper^k-1||_inf = 0.35375692011097270573, ||V_lower^k - V_lower^k-1||_inf = 0.31454056822665921178
    Local Iteration  22: ||V_upper^k - V_upper^k-1||_inf = 0.35375692011097270573, ||V_lower^k - V_lower^k-1||_inf = 0.31454056822665921178
    Local Iteration  23: ||V_upper^k - V_upper^k-1||_inf = 0.35373708007252668839, ||V_lower^k - V_lower^k-1||_inf = 0.31454056822665921178
    Local Iteration  24: ||V_upper^k - V_upper^k-1||_inf = 0.35106267945388475171, ||V_lower^k - V_lower^k-1||_inf = 0.31454056822665921178
    Local Iteration  25: ||V_upper^k - V_upper^k-1||_inf = 0.34101417542772655134, ||V_lower^k - V_lower^k-1||_inf = 0.31454056822665921178
    Local Iteration  26: ||V_upper^k - V_upper^k-1||_inf = 0.21717139575037405774, ||V_lower^k - V_lower^k-1||_inf = 0.31454056822665921178
    Local Iteration  27: ||V_upper^k - V_upper^k-1||_inf = 0.21193641616782232795, ||V_lower^k - V_lower^k-1||_inf = 0.31454056822665921178
    Local Iteration  28: ||V_upper^k - V_upper^k-1||_inf = 0.21193641616782232795, ||V_lower^k - V_lower^k-1||_inf = 0.31454056822665921178
    Local Iteration  29: ||V_upper^k - V_upper^k-1||_inf = 0.19028228410797942693, ||V_lower^k - V_lower^k-1||_inf = 0.31454056822665921178
    Local Iteration  30: ||V_upper^k - V_upper^k-1||_inf = 0.16523707584271335458, ||V_lower^k - V_lower^k-1||_inf = 0.31454056822665921178
    Local Iteration  31: ||V_upper^k - V_upper^k-1||_inf = 0.14414672628034924662, ||V_lower^k - V_lower^k-1||_inf = 0.31454056822665921178
    Local Iteration  32: ||V_upper^k - V_upper^k-1||_inf = 0.13167851039087680176, ||V_lower^k - V_lower^k-1||_inf = 0.31454056822665921178
    Local Iteration  33: ||V_upper^k - V_upper^k-1||_inf = 0.11073187736149853189, ||V_lower^k - V_lower^k-1||_inf = 0.31454056822665921178
    Local Iteration  34: ||V_upper^k - V_upper^k-1||_inf = 0.09642374529879543799, ||V_lower^k - V_lower^k-1||_inf = 0.31454056822665921178
    Local Iteration  35: ||V_upper^k - V_upper^k-1||_inf = 0.09642374529879543799, ||V_lower^k - V_lower^k-1||_inf = 0.31454056822665921178
    Local Iteration  36: ||V_upper^k - V_upper^k-1||_inf = 0.09377775299128293662, ||V_lower^k - V_lower^k-1||_inf = 0.31454056822665921178
    Local Iteration  37: ||V_upper^k - V_upper^k-1||_inf = 0.09377775299128293662, ||V_lower^k - V_lower^k-1||_inf = 0.31311403568876228221
    Local Iteration  38: ||V_upper^k - V_upper^k-1||_inf = 0.08795088169199855033, ||V_lower^k - V_lower^k-1||_inf = 0.31311403568876228221
    Local Iteration  39: ||V_upper^k - V_upper^k-1||_inf = 0.04446774296897992862, ||V_lower^k - V_lower^k-1||_inf = 0.31311403568876228221
    Local Iteration  40: ||V_upper^k - V_upper^k-1||_inf = 0.00800378298743786853, ||V_lower^k - V_lower^k-1||_inf = 0.31311403568876228221
    Local Iteration  41: ||V_upper^k - V_upper^k-1||_inf = 0.00800378298743786853, ||V_lower^k - V_lower^k-1||_inf = 0.31311403568876228221
    Local Iteration  42: ||V_upper^k - V_upper^k-1||_inf = 0.00000000000000033307, ||V_lower^k - V_lower^k-1||_inf = 0.31311403568876228221
    Local Iteration  43: ||V_upper^k - V_upper^k-1||_inf = 0.00000000000000033307, ||V_lower^k - V_lower^k-1||_inf = 0.31311403568876228221
    Local Iteration  44: ||V_upper^k - V_upper^k-1||_inf = 0.00000000000000000000, ||V_lower^k - V_lower^k-1||_inf = 0.31311403568876228221
    Local Iteration  45: ||V_upper^k - V_upper^k-1||_inf = 0.00000000000000000000, ||V_lower^k - V_lower^k-1||_inf = 0.31311403568876228221
    Local Iteration  46: ||V_upper^k - V_upper^k-1||_inf = 0.00000000000000000000, ||V_lower^k - V_lower^k-1||_inf = 0.31311403568876228221
    Local Iteration  47: ||V_upper^k - V_upper^k-1||_inf = 0.00000000000000000000, ||V_lower^k - V_lower^k-1||_inf = 0.31311403568876228221
    Local Iteration  48: ||V_upper^k - V_upper^k-1||_inf = 0.00000000000000000000, ||V_lower^k - V_lower^k-1||_inf = 0.31311403568876228221
    Local Iteration  49: ||V_upper^k - V_upper^k-1||_inf = 0.00000000000000000000, ||V_lower^k - V_lower^k-1||_inf = 0.31311403568876228221
    Local Iteration  50: ||V_upper^k - V_upper^k-1||_inf = 0.00000000000000000000, ||V_lower^k - V_lower^k-1||_inf = 0.31311403568876228221
    Local Iteration  51: ||V_upper^k - V_upper^k-1||_inf = 0.00000000000000000000, ||V_lower^k - V_lower^k-1||_inf = 0.31311403568876228221
    Local Iteration  52: ||V_upper^k - V_upper^k-1||_inf = 0.00000000000000000000, ||V_lower^k - V_lower^k-1||_inf = 0.30945604096397338889
    Local Iteration  53: ||V_upper^k - V_upper^k-1||_inf = 0.00000000000000000000, ||V_lower^k - V_lower^k-1||_inf = 0.30945604096397338889
    Local Iteration  54: ||V_upper^k - V_upper^k-1||_inf = 0.00000000000000000000, ||V_lower^k - V_lower^k-1||_inf = 0.30945604096397338889
    Local Iteration  55: ||V_upper^k - V_upper^k-1||_inf = 0.00000000000000000000, ||V_lower^k - V_lower^k-1||_inf = 0.30945604096397338889
    Local Iteration  56: ||V_upper^k - V_upper^k-1||_inf = 0.00000000000000000000, ||V_lower^k - V_lower^k-1||_inf = 0.30945604096397338889
    Local Iteration  57: ||V_upper^k - V_upper^k-1||_inf = 0.00000000000000000000, ||V_lower^k - V_lower^k-1||_inf = 0.30945604096397338889
    Local Iteration  58: ||V_upper^k - V_upper^k-1||_inf = 0.00000000000000000000, ||V_lower^k - V_lower^k-1||_inf = 0.30945604096397338889
    Local Iteration  59: ||V_upper^k - V_upper^k-1||_inf = 0.00000000000000000000, ||V_lower^k - V_lower^k-1||_inf = 0.30945604096397338889
    Local Iteration  60: ||V_upper^k - V_upper^k-1||_inf = 0.00000000000000000000, ||V_lower^k - V_lower^k-1||_inf = 0.30945604096397338889
    Local Iteration  61: ||V_upper^k - V_upper^k-1||_inf = 0.00000000000000000000, ||V_lower^k - V_lower^k-1||_inf = 0.30945604096397338889
    Local Iteration  62: ||V_upper^k - V_upper^k-1||_inf = 0.00000000000000000000, ||V_lower^k - V_lower^k-1||_inf = 0.30945604096397338889
    Local Iteration  63: ||V_upper^k - V_upper^k-1||_inf = 0.00000000000000000000, ||V_lower^k - V_lower^k-1||_inf = 0.30945604096397338889
    Local Iteration  64: ||V_upper^k - V_upper^k-1||_inf = 0.00000000000000000000, ||V_lower^k - V_lower^k-1||_inf = 0.30945604096397338889
    Local Iteration  65: ||V_upper^k - V_upper^k-1||_inf = 0.00000000000000000000, ||V_lower^k - V_lower^k-1||_inf = 0.30945604096397338889
    Local Iteration  66: ||V_upper^k - V_upper^k-1||_inf = 0.00000000000000000000, ||V_lower^k - V_lower^k-1||_inf = 0.30945604096397338889
    Local Iteration  67: ||V_upper^k - V_upper^k-1||_inf = 0.00000000000000000000, ||V_lower^k - V_lower^k-1||_inf = 0.30945604096397338889
    Local Iteration  68: ||V_upper^k - V_upper^k-1||_inf = 0.00000000000000000000, ||V_lower^k - V_lower^k-1||_inf = 0.30945604096397338889
    Local Iteration  69: ||V_upper^k - V_upper^k-1||_inf = 0.00000000000000000000, ||V_lower^k - V_lower^k-1||_inf = 0.30945604096397338889
    Local Iteration  70: ||V_upper^k - V_upper^k-1||_inf = 0.00000000000000000000, ||V_lower^k - V_lower^k-1||_inf = 0.30945604096397338889
    Local Iteration  71: ||V_upper^k - V_upper^k-1||_inf = 0.00000000000000000000, ||V_lower^k - V_lower^k-1||_inf = 0.30945604096397338889
    Local Iteration  72: ||V_upper^k - V_upper^k-1||_inf = 0.00000000000000000000, ||V_lower^k - V_lower^k-1||_inf = 0.29611349981519829999
    Local Iteration  73: ||V_upper^k - V_upper^k-1||_inf = 0.00000000000000000000, ||V_lower^k - V_lower^k-1||_inf = 0.29611349981519829999
    Local Iteration  74: ||V_upper^k - V_upper^k-1||_inf = 0.00000000000000000000, ||V_lower^k - V_lower^k-1||_inf = 0.29611349981519829999
    Local Iteration  75: ||V_upper^k - V_upper^k-1||_inf = 0.00000000000000000000, ||V_lower^k - V_lower^k-1||_inf = 0.29611349981519829999
    Local Iteration  76: ||V_upper^k - V_upper^k-1||_inf = 0.00000000000000000000, ||V_lower^k - V_lower^k-1||_inf = 0.29611349981519829999
    Local Iteration  77: ||V_upper^k - V_upper^k-1||_inf = 0.00000000000000000000, ||V_lower^k - V_lower^k-1||_inf = 0.29611349981519829999
    Local Iteration  78: ||V_upper^k - V_upper^k-1||_inf = 0.00000000000000000000, ||V_lower^k - V_lower^k-1||_inf = 0.29611349981519829999
    Local Iteration  79: ||V_upper^k - V_upper^k-1||_inf = 0.00000000000000000000, ||V_lower^k - V_lower^k-1||_inf = 0.29611349981519829999
    Local Iteration  80: ||V_upper^k - V_upper^k-1||_inf = 0.00000000000000000000, ||V_lower^k - V_lower^k-1||_inf = 0.29611349981519829999
    Local Iteration  81: ||V_upper^k - V_upper^k-1||_inf = 0.00000000000000000000, ||V_lower^k - V_lower^k-1||_inf = 0.29611349981519829999
    Local Iteration  82: ||V_upper^k - V_upper^k-1||_inf = 0.00000000000000000000, ||V_lower^k - V_lower^k-1||_inf = 0.29611349981519829999
    Local Iteration  83: ||V_upper^k - V_upper^k-1||_inf = 0.00000000000000000000, ||V_lower^k - V_lower^k-1||_inf = 0.29611349981519829999
    Local Iteration  84: ||V_upper^k - V_upper^k-1||_inf = 0.00000000000000000000, ||V_lower^k - V_lower^k-1||_inf = 0.29611349981519829999
    Local Iteration  85: ||V_upper^k - V_upper^k-1||_inf = 0.00000000000000000000, ||V_lower^k - V_lower^k-1||_inf = 0.29611349981519829999
    Local Iteration  86: ||V_upper^k - V_upper^k-1||_inf = 0.00000000000000000000, ||V_lower^k - V_lower^k-1||_inf = 0.29611349981519829999
    Local Iteration  87: ||V_upper^k - V_upper^k-1||_inf = 0.00000000000000000000, ||V_lower^k - V_lower^k-1||_inf = 0.29611349981519829999
    Local Iteration  88: ||V_upper^k - V_upper^k-1||_inf = 0.00000000000000000000, ||V_lower^k - V_lower^k-1||_inf = 0.29611349981519829999
    Local Iteration  89: ||V_upper^k - V_upper^k-1||_inf = 0.00000000000000000000, ||V_lower^k - V_lower^k-1||_inf = 0.29611349981519829999
    Local Iteration  90: ||V_upper^k - V_upper^k-1||_inf = 0.00000000000000000000, ||V_lower^k - V_lower^k-1||_inf = 0.29611349981519829999
    Local Iteration  91: ||V_upper^k - V_upper^k-1||_inf = 0.00000000000000000000, ||V_lower^k - V_lower^k-1||_inf = 0.29611349981519829999
    Local Iteration  92: ||V_upper^k - V_upper^k-1||_inf = 0.00000000000000000000, ||V_lower^k - V_lower^k-1||_inf = 0.29611349981519829999
    Local Iteration  93: ||V_upper^k - V_upper^k-1||_inf = 0.00000000000000000000, ||V_lower^k - V_lower^k-1||_inf = 0.29611349981519829999
    Local Iteration  94: ||V_upper^k - V_upper^k-1||_inf = 0.00000000000000000000, ||V_lower^k - V_lower^k-1||_inf = 0.29611349981519829999
    Local Iteration  95: ||V_upper^k - V_upper^k-1||_inf = 0.00000000000000000000, ||V_lower^k - V_lower^k-1||_inf = 0.26964926100861541514
    Local Iteration  96: ||V_upper^k - V_upper^k-1||_inf = 0.00000000000000000000, ||V_lower^k - V_lower^k-1||_inf = 0.26964926100861541514
    Local Iteration  97: ||V_upper^k - V_upper^k-1||_inf = 0.00000000000000000000, ||V_lower^k - V_lower^k-1||_inf = 0.26964926100861541514
    Local Iteration  98: ||V_upper^k - V_upper^k-1||_inf = 0.00000000000000000000, ||V_lower^k - V_lower^k-1||_inf = 0.26964926100861541514
    Local Iteration  99: ||V_upper^k - V_upper^k-1||_inf = 0.00000000000000000000, ||V_lower^k - V_lower^k-1||_inf = 0.25521454198761811538
    Local Iteration 100: ||V_upper^k - V_upper^k-1||_inf = 0.00000000000000000000, ||V_lower^k - V_lower^k-1||_inf = 0.23274694719753774574
    Local Iteration 101: ||V_upper^k - V_upper^k-1||_inf = 0.00000000000000000000, ||V_lower^k - V_lower^k-1||_inf = 0.21831222817654041823
    Local Iteration 102: ||V_upper^k - V_upper^k-1||_inf = 0.00000000000000000000, ||V_lower^k - V_lower^k-1||_inf = 0.21140689121687247787
    Local Iteration 103: ||V_upper^k - V_upper^k-1||_inf = 0.00000000000000000000, ||V_lower^k - V_lower^k-1||_inf = 0.19983950872328992698
    Local Iteration 104: ||V_upper^k - V_upper^k-1||_inf = 0.00000000000000000000, ||V_lower^k - V_lower^k-1||_inf = 0.19983950872328992698
    Local Iteration 105: ||V_upper^k - V_upper^k-1||_inf = 0.00000000000000000000, ||V_lower^k - V_lower^k-1||_inf = 0.19220615220671563583
    Local Iteration 106: ||V_upper^k - V_upper^k-1||_inf = 0.00000000000000000000, ||V_lower^k - V_lower^k-1||_inf = 0.15452037062044499116
    Local Iteration 107: ||V_upper^k - V_upper^k-1||_inf = 0.00000000000000000000, ||V_lower^k - V_lower^k-1||_inf = 0.14645082886179261461
    Local Iteration 108: ||V_upper^k - V_upper^k-1||_inf = 0.00000000000000000000, ||V_lower^k - V_lower^k-1||_inf = 0.12563335618793008974
    Local Iteration 109: ||V_upper^k - V_upper^k-1||_inf = 0.00000000000000000000, ||V_lower^k - V_lower^k-1||_inf = 0.12022184992863216291
    Local Iteration 110: ||V_upper^k - V_upper^k-1||_inf = 0.00000000000000000000, ||V_lower^k - V_lower^k-1||_inf = 0.11912865228941160733
    Local Iteration 111: ||V_upper^k - V_upper^k-1||_inf = 0.00000000000000000000, ||V_lower^k - V_lower^k-1||_inf = 0.11912865228941160733
    Local Iteration 112: ||V_upper^k - V_upper^k-1||_inf = 0.00000000000000000000, ||V_lower^k - V_lower^k-1||_inf = 0.10398274690055037128
    Local Iteration 113: ||V_upper^k - V_upper^k-1||_inf = 0.00000000000000000000, ||V_lower^k - V_lower^k-1||_inf = 0.09580534071793361806
    Local Iteration 114: ||V_upper^k - V_upper^k-1||_inf = 0.00000000000000000000, ||V_lower^k - V_lower^k-1||_inf = 0.09369621735535532681
    Local Iteration 115: ||V_upper^k - V_upper^k-1||_inf = 0.00000000000000000000, ||V_lower^k - V_lower^k-1||_inf = 0.08634039091970702184
    Local Iteration 116: ||V_upper^k - V_upper^k-1||_inf = 0.00000000000000000000, ||V_lower^k - V_lower^k-1||_inf = 0.08253242169506863624
    Local Iteration 117: ||V_upper^k - V_upper^k-1||_inf = 0.00000000000000000000, ||V_lower^k - V_lower^k-1||_inf = 0.08253242169506863624
    Local Iteration 118: ||V_upper^k - V_upper^k-1||_inf = 0.00000000000000000000, ||V_lower^k - V_lower^k-1||_inf = 0.08253242169506863624
    Local Iteration 119: ||V_upper^k - V_upper^k-1||_inf = 0.00000000000000000000, ||V_lower^k - V_lower^k-1||_inf = 0.08253242169506863624
    Local Iteration 120: ||V_upper^k - V_upper^k-1||_inf = 0.00000000000000000000, ||V_lower^k - V_lower^k-1||_inf = 0.08253242169506863624
    Local Iteration 121: ||V_upper^k - V_upper^k-1||_inf = 0.00000000000000000000, ||V_lower^k - V_lower^k-1||_inf = 0.07687290701094992573
    Local Iteration 122: ||V_upper^k - V_upper^k-1||_inf = 0.00000000000000000000, ||V_lower^k - V_lower^k-1||_inf = 0.07481676102322076805
    Local Iteration 123: ||V_upper^k - V_upper^k-1||_inf = 0.00000000000000000000, ||V_lower^k - V_lower^k-1||_inf = 0.05908375628152844755
    Local Iteration 124: ||V_upper^k - V_upper^k-1||_inf = 0.00000000000000000000, ||V_lower^k - V_lower^k-1||_inf = 0.04634836336501656218
    Local Iteration 125: ||V_upper^k - V_upper^k-1||_inf = 0.00000000000000000000, ||V_lower^k - V_lower^k-1||_inf = 0.04574073055840453816
    Local Iteration 126: ||V_upper^k - V_upper^k-1||_inf = 0.00000000000000000000, ||V_lower^k - V_lower^k-1||_inf = 0.04333250341868198630
    Local Iteration 127: ||V_upper^k - V_upper^k-1||_inf = 0.00000000000000000000, ||V_lower^k - V_lower^k-1||_inf = 0.03832045204825650087
    Local Iteration 128: ||V_upper^k - V_upper^k-1||_inf = 0.00000000000000000000, ||V_lower^k - V_lower^k-1||_inf = 0.03270433764640549856
    Local Iteration 129: ||V_upper^k - V_upper^k-1||_inf = 0.00000000000000000000, ||V_lower^k - V_lower^k-1||_inf = 0.03270433764640549856
    Local Iteration 130: ||V_upper^k - V_upper^k-1||_inf = 0.00000000000000000000, ||V_lower^k - V_lower^k-1||_inf = 0.03270433764640549856
    Local Iteration 131: ||V_upper^k - V_upper^k-1||_inf = 0.00000000000000000000, ||V_lower^k - V_lower^k-1||_inf = 0.03270433764640549856
    Local Iteration 132: ||V_upper^k - V_upper^k-1||_inf = 0.00000000000000000000, ||V_lower^k - V_lower^k-1||_inf = 0.03270433764640549856
    Local Iteration 133: ||V_upper^k - V_upper^k-1||_inf = 0.00000000000000000000, ||V_lower^k - V_lower^k-1||_inf = 0.03232948466460892900
    Local Iteration 134: ||V_upper^k - V_upper^k-1||_inf = 0.00000000000000000000, ||V_lower^k - V_lower^k-1||_inf = 0.02934351723306137527
    Local Iteration 135: ||V_upper^k - V_upper^k-1||_inf = 0.00000000000000000000, ||V_lower^k - V_lower^k-1||_inf = 0.02540596677158173111
    Local Iteration 136: ||V_upper^k - V_upper^k-1||_inf = 0.00000000000000000000, ||V_lower^k - V_lower^k-1||_inf = 0.02540596677158156458
    Local Iteration 137: ||V_upper^k - V_upper^k-1||_inf = 0.00000000000000000000, ||V_lower^k - V_lower^k-1||_inf = 0.02417596103713053057
    Local Iteration 138: ||V_upper^k - V_upper^k-1||_inf = 0.00000000000000000000, ||V_lower^k - V_lower^k-1||_inf = 0.02240065528797761940
    Local Iteration 139: ||V_upper^k - V_upper^k-1||_inf = 0.00000000000000000000, ||V_lower^k - V_lower^k-1||_inf = 0.01943550354404942337
    Local Iteration 140: ||V_upper^k - V_upper^k-1||_inf = 0.00000000000000000000, ||V_lower^k - V_lower^k-1||_inf = 0.01588234378895830856
    Local Iteration 141: ||V_upper^k - V_upper^k-1||_inf = 0.00000000000000000000, ||V_lower^k - V_lower^k-1||_inf = 0.00700533124313434952
    Local Iteration 142: ||V_upper^k - V_upper^k-1||_inf = 0.00000000000000000000, ||V_lower^k - V_lower^k-1||_inf = 0.00651831149901931084
    Local Iteration 143: ||V_upper^k - V_upper^k-1||_inf = 0.00000000000000000000, ||V_lower^k - V_lower^k-1||_inf = 0.00651831149901931084
    Local Iteration 144: ||V_upper^k - V_upper^k-1||_inf = 0.00000000000000000000, ||V_lower^k - V_lower^k-1||_inf = 0.00651831149901931084
    Local Iteration 145: ||V_upper^k - V_upper^k-1||_inf = 0.00000000000000000000, ||V_lower^k - V_lower^k-1||_inf = 0.00651831149901931084
    Local Iteration 146: ||V_upper^k - V_upper^k-1||_inf = 0.00000000000000000000, ||V_lower^k - V_lower^k-1||_inf = 0.00651831149901931084
    Local Iteration 147: ||V_upper^k - V_upper^k-1||_inf = 0.00000000000000000000, ||V_lower^k - V_lower^k-1||_inf = 0.00651831149901931084
    Local Iteration 148: ||V_upper^k - V_upper^k-1||_inf = 0.00000000000000000000, ||V_lower^k - V_lower^k-1||_inf = 0.00651831149901931084
    Local Iteration 149: ||V_upper^k - V_upper^k-1||_inf = 0.00000000000000000000, ||V_lower^k - V_lower^k-1||_inf = 0.00474567657227803474
    Local Iteration 150: ||V_upper^k - V_upper^k-1||_inf = 0.00000000000000000000, ||V_lower^k - V_lower^k-1||_inf = 0.00177263492674140100
    Local Iteration 151: ||V_upper^k - V_upper^k-1||_inf = 0.00000000000000000000, ||V_lower^k - V_lower^k-1||_inf = 0.00177263492674140100
    Local Iteration 152: ||V_upper^k - V_upper^k-1||_inf = 0.00000000000000000000, ||V_lower^k - V_lower^k-1||_inf = 0.00000000000000016653

==================================================
 LOCAL CONVERGENCE ACHIEVED
==================================================
  ||V_upper^k - V_upper^k-1||_inf = 0.00000000000000000000e+00 < tolerance = 1e-08
  ||V_lower^k - V_lower^k-1||_inf = 1.66533453693773481064e-16 < tolerance = 1e-08
  Converged in 152 iterations
    Local VI completed in 152 iterations
    Final convergence values:
      ||V_upper^final - V_upper^prev||_inf = 0.00000000e+00
      ||V_lower^final - V_lower^prev||_inf = 1.66533454e-16
  Local VI completed in 152 iterations, time: 4.869s
    Final ||V_upper^k - V_upper^k-1||_inf = 0.00000000000000000000e+00
    Final ||V_lower^k - V_lower^k-1||_inf = 1.66533453693773481064e-16
  Saved visualization: /Users/i.k.tabbara/Documents/python directory/HSCC_2027/refactored_Implementations/results_hscc_2027_newbellmans_12workers/avoid_nodiscount/dubins_res80_eps0.05_dmin1e-08_dmax1e-08_gamma0.9_dt0.3_tau0.3_std/value_function_phase_3_complete.png
  Phase 3 completed in 6.57s with 3199960 leaf cells

Classification after phase 3:
  Safe:          2442808 cells ( 76.3%),   59.6% of state space
  Unsafe:         264592 cells (  8.3%),   28.3% of state space
  Unclassified:   492560 cells ( 15.4%),   12.0% of state space

======================================================================
REFINEMENT PHASE 4
======================================================================
Boundary cells: 492560
  Refinable (>eta_min=0.017678): 492560
  Below threshold: 0
  Cumulative refined: 2687960
  Refinable cell size statistics:
    Max:    0.039270
    Mean:   0.039270
    Min:    0.039270
    Median: 0.039270
  Refining 492560 cells...
    Refined: 492560 parent cells
    Created: 985120 child cells
    Total cells: 3692520
    Refinement time: 0.022s
    Cumulative refined: 3180520
  Rebuilding spatial index...
  Building spatial index for 3692520 cells...
   Spatial index built in 1.01s
    Spatial index rebuilt in 1.009s
  Initializing 985120 new cells...
  Initializing 985120 new cells in parallel...
   Initialized in 0.00s (389272867.6 cells/s)
    Initialization completed in 0.003s
  Starting local value iteration...
  Reinitializing ALL 3692520 cells (V = min(l, r))
   Reinitialized 3692520 cells in 0.01s (376766956.0 cells/s)
  Local VI: updating all 3692520 cells
    Conservative mode: False
    Convergence tolerance: 1e-08
    Max iterations: 20000
    Updating successor cache for 985120 updated cells...
    Updating successor cache for 985120 new cells (HYBRID)...
      Affected cells: 1838340
   Trajectories + spatial queries computed in 1.28s (4321652.3 tasks/s)
    Breakdown: 45.7% ODE, 54.3% queries
     Cache updated in 1.60s (3442158.7 tasks/s)
    Local Iteration   1: ||V_upper^k - V_upper^k-1||_inf = 4.71303100534111951703, ||V_lower^k - V_lower^k-1||_inf = 4.78364355752398306976
    Local Iteration   2: ||V_upper^k - V_upper^k-1||_inf = 4.50716285323727827716, ||V_lower^k - V_lower^k-1||_inf = 4.76965805838056144950
    Local Iteration   3: ||V_upper^k - V_upper^k-1||_inf = 4.28625842217004660029, ||V_lower^k - V_lower^k-1||_inf = 4.76965805838056144950
    Local Iteration   4: ||V_upper^k - V_upper^k-1||_inf = 4.04324701178049128458, ||V_lower^k - V_lower^k-1||_inf = 4.69956260730754671329
    Local Iteration   5: ||V_upper^k - V_upper^k-1||_inf = 3.68961052938535338797, ||V_lower^k - V_lower^k-1||_inf = 4.57282882501641108064
    Local Iteration   6: ||V_upper^k - V_upper^k-1||_inf = 3.32788617520595941812, ||V_lower^k - V_lower^k-1||_inf = 4.44273082711739153439
    Local Iteration   7: ||V_upper^k - V_upper^k-1||_inf = 2.94196526506629441045, ||V_lower^k - V_lower^k-1||_inf = 4.13067929859303362150
    Local Iteration   8: ||V_upper^k - V_upper^k-1||_inf = 2.30695206594514212739, ||V_lower^k - V_lower^k-1||_inf = 3.75041252330540775262
    Local Iteration   9: ||V_upper^k - V_upper^k-1||_inf = 1.57261237727130742670, ||V_lower^k - V_lower^k-1||_inf = 3.45921208932282731041
    Local Iteration  10: ||V_upper^k - V_upper^k-1||_inf = 0.93239915122471006548, ||V_lower^k - V_lower^k-1||_inf = 3.23133215899131887028
    Local Iteration  11: ||V_upper^k - V_upper^k-1||_inf = 0.37291031449559741695, ||V_lower^k - V_lower^k-1||_inf = 3.04838917313857304947
    Local Iteration  12: ||V_upper^k - V_upper^k-1||_inf = 0.36738918073305532053, ||V_lower^k - V_lower^k-1||_inf = 2.65928748763868627591
    Local Iteration  13: ||V_upper^k - V_upper^k-1||_inf = 0.36738918073305532053, ||V_lower^k - V_lower^k-1||_inf = 2.31946330213828222355
    Local Iteration  14: ||V_upper^k - V_upper^k-1||_inf = 0.36738918073305532053, ||V_lower^k - V_lower^k-1||_inf = 1.86118077783388002899
    Local Iteration  15: ||V_upper^k - V_upper^k-1||_inf = 0.36738918073305532053, ||V_lower^k - V_lower^k-1||_inf = 1.30029652266988948739
    Local Iteration  16: ||V_upper^k - V_upper^k-1||_inf = 0.36738918073305532053, ||V_lower^k - V_lower^k-1||_inf = 0.38097359463470159557
    Local Iteration  17: ||V_upper^k - V_upper^k-1||_inf = 0.36738918073305532053, ||V_lower^k - V_lower^k-1||_inf = 0.35120196460587049803
    Local Iteration  18: ||V_upper^k - V_upper^k-1||_inf = 0.36738918073305532053, ||V_lower^k - V_lower^k-1||_inf = 0.35120196460587049803
    Local Iteration  19: ||V_upper^k - V_upper^k-1||_inf = 0.36738918073305532053, ||V_lower^k - V_lower^k-1||_inf = 0.34010173944708199656
    Local Iteration  20: ||V_upper^k - V_upper^k-1||_inf = 0.35377358866467284448, ||V_lower^k - V_lower^k-1||_inf = 0.32100864104209336780
    Local Iteration  21: ||V_upper^k - V_upper^k-1||_inf = 0.35375692011097270573, ||V_lower^k - V_lower^k-1||_inf = 0.32100864104209336780
    Local Iteration  22: ||V_upper^k - V_upper^k-1||_inf = 0.35373708007252668839, ||V_lower^k - V_lower^k-1||_inf = 0.31454056822665904525
    Local Iteration  23: ||V_upper^k - V_upper^k-1||_inf = 0.35106267945388475171, ||V_lower^k - V_lower^k-1||_inf = 0.31454056822665904525
    Local Iteration  24: ||V_upper^k - V_upper^k-1||_inf = 0.34481654085874491322, ||V_lower^k - V_lower^k-1||_inf = 0.31454056822665904525
    Local Iteration  25: ||V_upper^k - V_upper^k-1||_inf = 0.25952934266556304532, ||V_lower^k - V_lower^k-1||_inf = 0.31454056822665904525
    Local Iteration  26: ||V_upper^k - V_upper^k-1||_inf = 0.21193641616782232795, ||V_lower^k - V_lower^k-1||_inf = 0.31454056822665904525
    Local Iteration  27: ||V_upper^k - V_upper^k-1||_inf = 0.21193641616782232795, ||V_lower^k - V_lower^k-1||_inf = 0.31454056822665904525
    Local Iteration  28: ||V_upper^k - V_upper^k-1||_inf = 0.19427141693248928256, ||V_lower^k - V_lower^k-1||_inf = 0.31454056822665904525
    Local Iteration  29: ||V_upper^k - V_upper^k-1||_inf = 0.18429611109037874472, ||V_lower^k - V_lower^k-1||_inf = 0.31454056822665904525
    Local Iteration  30: ||V_upper^k - V_upper^k-1||_inf = 0.13663888037297589051, ||V_lower^k - V_lower^k-1||_inf = 0.31454056822665904525
    Local Iteration  31: ||V_upper^k - V_upper^k-1||_inf = 0.13663888037297589051, ||V_lower^k - V_lower^k-1||_inf = 0.31454056822665904525
    Local Iteration  32: ||V_upper^k - V_upper^k-1||_inf = 0.09809144192947599761, ||V_lower^k - V_lower^k-1||_inf = 0.31408835262157952517
    Local Iteration  33: ||V_upper^k - V_upper^k-1||_inf = 0.09809144192947599761, ||V_lower^k - V_lower^k-1||_inf = 0.31408835262157952517
    Local Iteration  34: ||V_upper^k - V_upper^k-1||_inf = 0.09642374529879543799, ||V_lower^k - V_lower^k-1||_inf = 0.31408835262157952517
    Local Iteration  35: ||V_upper^k - V_upper^k-1||_inf = 0.09226169740220524496, ||V_lower^k - V_lower^k-1||_inf = 0.31408835262157952517
    Local Iteration  36: ||V_upper^k - V_upper^k-1||_inf = 0.08436070068593554128, ||V_lower^k - V_lower^k-1||_inf = 0.31408835262157952517
    Local Iteration  37: ||V_upper^k - V_upper^k-1||_inf = 0.07242476773809680690, ||V_lower^k - V_lower^k-1||_inf = 0.30953525250647739853
    Local Iteration  38: ||V_upper^k - V_upper^k-1||_inf = 0.04519533560757033053, ||V_lower^k - V_lower^k-1||_inf = 0.30953525250647739853
    Local Iteration  39: ||V_upper^k - V_upper^k-1||_inf = 0.00800378298743786853, ||V_lower^k - V_lower^k-1||_inf = 0.30953525250647739853
    Local Iteration  40: ||V_upper^k - V_upper^k-1||_inf = 0.00800378298743786853, ||V_lower^k - V_lower^k-1||_inf = 0.30953525250647739853
    Local Iteration  41: ||V_upper^k - V_upper^k-1||_inf = 0.00000000000000033307, ||V_lower^k - V_lower^k-1||_inf = 0.30953525250647739853
    Local Iteration  42: ||V_upper^k - V_upper^k-1||_inf = 0.00000000000000000000, ||V_lower^k - V_lower^k-1||_inf = 0.30945604096397338889
    Local Iteration  43: ||V_upper^k - V_upper^k-1||_inf = 0.00000000000000000000, ||V_lower^k - V_lower^k-1||_inf = 0.30945604096397338889
    Local Iteration  44: ||V_upper^k - V_upper^k-1||_inf = 0.00000000000000000000, ||V_lower^k - V_lower^k-1||_inf = 0.30945604096397338889
    Local Iteration  45: ||V_upper^k - V_upper^k-1||_inf = 0.00000000000000000000, ||V_lower^k - V_lower^k-1||_inf = 0.30945604096397338889
    Local Iteration  46: ||V_upper^k - V_upper^k-1||_inf = 0.00000000000000000000, ||V_lower^k - V_lower^k-1||_inf = 0.30945604096397338889
    Local Iteration  47: ||V_upper^k - V_upper^k-1||_inf = 0.00000000000000000000, ||V_lower^k - V_lower^k-1||_inf = 0.30945604096397338889
    Local Iteration  48: ||V_upper^k - V_upper^k-1||_inf = 0.00000000000000000000, ||V_lower^k - V_lower^k-1||_inf = 0.30945604096397338889
    Local Iteration  49: ||V_upper^k - V_upper^k-1||_inf = 0.00000000000000000000, ||V_lower^k - V_lower^k-1||_inf = 0.30945604096397338889
    Local Iteration  50: ||V_upper^k - V_upper^k-1||_inf = 0.00000000000000000000, ||V_lower^k - V_lower^k-1||_inf = 0.30945604096397338889
    Local Iteration  51: ||V_upper^k - V_upper^k-1||_inf = 0.00000000000000000000, ||V_lower^k - V_lower^k-1||_inf = 0.30945604096397338889
    Local Iteration  52: ||V_upper^k - V_upper^k-1||_inf = 0.00000000000000000000, ||V_lower^k - V_lower^k-1||_inf = 0.30945604096397338889
    Local Iteration  53: ||V_upper^k - V_upper^k-1||_inf = 0.00000000000000000000, ||V_lower^k - V_lower^k-1||_inf = 0.30945604096397338889
    Local Iteration  54: ||V_upper^k - V_upper^k-1||_inf = 0.00000000000000000000, ||V_lower^k - V_lower^k-1||_inf = 0.30945604096397338889
    Local Iteration  55: ||V_upper^k - V_upper^k-1||_inf = 0.00000000000000000000, ||V_lower^k - V_lower^k-1||_inf = 0.30945604096397338889
    Local Iteration  56: ||V_upper^k - V_upper^k-1||_inf = 0.00000000000000000000, ||V_lower^k - V_lower^k-1||_inf = 0.30945604096397338889
    Local Iteration  57: ||V_upper^k - V_upper^k-1||_inf = 0.00000000000000000000, ||V_lower^k - V_lower^k-1||_inf = 0.30945604096397338889
    Local Iteration  58: ||V_upper^k - V_upper^k-1||_inf = 0.00000000000000000000, ||V_lower^k - V_lower^k-1||_inf = 0.30945604096397338889
    Local Iteration  59: ||V_upper^k - V_upper^k-1||_inf = 0.00000000000000000000, ||V_lower^k - V_lower^k-1||_inf = 0.30945604096397338889
    Local Iteration  60: ||V_upper^k - V_upper^k-1||_inf = 0.00000000000000000000, ||V_lower^k - V_lower^k-1||_inf = 0.30945604096397338889
    Local Iteration  61: ||V_upper^k - V_upper^k-1||_inf = 0.00000000000000000000, ||V_lower^k - V_lower^k-1||_inf = 0.30945604096397338889
    Local Iteration  62: ||V_upper^k - V_upper^k-1||_inf = 0.00000000000000000000, ||V_lower^k - V_lower^k-1||_inf = 0.30945604096397338889
    Local Iteration  63: ||V_upper^k - V_upper^k-1||_inf = 0.00000000000000000000, ||V_lower^k - V_lower^k-1||_inf = 0.30945604096397338889
    Local Iteration  64: ||V_upper^k - V_upper^k-1||_inf = 0.00000000000000000000, ||V_lower^k - V_lower^k-1||_inf = 0.30945604096397338889
    Local Iteration  65: ||V_upper^k - V_upper^k-1||_inf = 0.00000000000000000000, ||V_lower^k - V_lower^k-1||_inf = 0.30945604096397338889
    Local Iteration  66: ||V_upper^k - V_upper^k-1||_inf = 0.00000000000000000000, ||V_lower^k - V_lower^k-1||_inf = 0.30945604096397338889
    Local Iteration  67: ||V_upper^k - V_upper^k-1||_inf = 0.00000000000000000000, ||V_lower^k - V_lower^k-1||_inf = 0.30945604096397338889
    Local Iteration  68: ||V_upper^k - V_upper^k-1||_inf = 0.00000000000000000000, ||V_lower^k - V_lower^k-1||_inf = 0.30945604096397338889
    Local Iteration  69: ||V_upper^k - V_upper^k-1||_inf = 0.00000000000000000000, ||V_lower^k - V_lower^k-1||_inf = 0.29655772896649035264
    Local Iteration  70: ||V_upper^k - V_upper^k-1||_inf = 0.00000000000000000000, ||V_lower^k - V_lower^k-1||_inf = 0.29655772896649035264
    Local Iteration  71: ||V_upper^k - V_upper^k-1||_inf = 0.00000000000000000000, ||V_lower^k - V_lower^k-1||_inf = 0.29655772896649035264
    Local Iteration  72: ||V_upper^k - V_upper^k-1||_inf = 0.00000000000000000000, ||V_lower^k - V_lower^k-1||_inf = 0.29655772896649035264
    Local Iteration  73: ||V_upper^k - V_upper^k-1||_inf = 0.00000000000000000000, ||V_lower^k - V_lower^k-1||_inf = 0.29655772896649035264
    Local Iteration  74: ||V_upper^k - V_upper^k-1||_inf = 0.00000000000000000000, ||V_lower^k - V_lower^k-1||_inf = 0.29655772896649035264
    Local Iteration  75: ||V_upper^k - V_upper^k-1||_inf = 0.00000000000000000000, ||V_lower^k - V_lower^k-1||_inf = 0.29655772896649035264
    Local Iteration  76: ||V_upper^k - V_upper^k-1||_inf = 0.00000000000000000000, ||V_lower^k - V_lower^k-1||_inf = 0.29655772896649035264
    Local Iteration  77: ||V_upper^k - V_upper^k-1||_inf = 0.00000000000000000000, ||V_lower^k - V_lower^k-1||_inf = 0.29655772896649035264
    Local Iteration  78: ||V_upper^k - V_upper^k-1||_inf = 0.00000000000000000000, ||V_lower^k - V_lower^k-1||_inf = 0.29655772896649035264
    Local Iteration  79: ||V_upper^k - V_upper^k-1||_inf = 0.00000000000000000000, ||V_lower^k - V_lower^k-1||_inf = 0.29655772896649035264
    Local Iteration  80: ||V_upper^k - V_upper^k-1||_inf = 0.00000000000000000000, ||V_lower^k - V_lower^k-1||_inf = 0.29655772896649035264
    Local Iteration  81: ||V_upper^k - V_upper^k-1||_inf = 0.00000000000000000000, ||V_lower^k - V_lower^k-1||_inf = 0.29206159706078249627
    Local Iteration  82: ||V_upper^k - V_upper^k-1||_inf = 0.00000000000000000000, ||V_lower^k - V_lower^k-1||_inf = 0.29206159706078249627
    Local Iteration  83: ||V_upper^k - V_upper^k-1||_inf = 0.00000000000000000000, ||V_lower^k - V_lower^k-1||_inf = 0.29206159706078249627
    Local Iteration  84: ||V_upper^k - V_upper^k-1||_inf = 0.00000000000000000000, ||V_lower^k - V_lower^k-1||_inf = 0.29206159706078249627
    Local Iteration  85: ||V_upper^k - V_upper^k-1||_inf = 0.00000000000000000000, ||V_lower^k - V_lower^k-1||_inf = 0.29206159706078249627
    Local Iteration  86: ||V_upper^k - V_upper^k-1||_inf = 0.00000000000000000000, ||V_lower^k - V_lower^k-1||_inf = 0.29206159706078249627
    Local Iteration  87: ||V_upper^k - V_upper^k-1||_inf = 0.00000000000000000000, ||V_lower^k - V_lower^k-1||_inf = 0.29206159706078249627
    Local Iteration  88: ||V_upper^k - V_upper^k-1||_inf = 0.00000000000000000000, ||V_lower^k - V_lower^k-1||_inf = 0.29206159706078249627
    Local Iteration  89: ||V_upper^k - V_upper^k-1||_inf = 0.00000000000000000000, ||V_lower^k - V_lower^k-1||_inf = 0.29206159706078249627
    Local Iteration  90: ||V_upper^k - V_upper^k-1||_inf = 0.00000000000000000000, ||V_lower^k - V_lower^k-1||_inf = 0.29206159706078249627
    Local Iteration  91: ||V_upper^k - V_upper^k-1||_inf = 0.00000000000000000000, ||V_lower^k - V_lower^k-1||_inf = 0.29206159706078249627
    Local Iteration  92: ||V_upper^k - V_upper^k-1||_inf = 0.00000000000000000000, ||V_lower^k - V_lower^k-1||_inf = 0.29206159706078249627
    Local Iteration  93: ||V_upper^k - V_upper^k-1||_inf = 0.00000000000000000000, ||V_lower^k - V_lower^k-1||_inf = 0.26981679993966850573
    Local Iteration  94: ||V_upper^k - V_upper^k-1||_inf = 0.00000000000000000000, ||V_lower^k - V_lower^k-1||_inf = 0.26002597116628722862
    Local Iteration  95: ||V_upper^k - V_upper^k-1||_inf = 0.00000000000000000000, ||V_lower^k - V_lower^k-1||_inf = 0.25118946075266029849
    Local Iteration  96: ||V_upper^k - V_upper^k-1||_inf = 0.00000000000000000000, ||V_lower^k - V_lower^k-1||_inf = 0.25118946075266029849
    Local Iteration  97: ||V_upper^k - V_upper^k-1||_inf = 0.00000000000000000000, ||V_lower^k - V_lower^k-1||_inf = 0.25118946075266029849
    Local Iteration  98: ||V_upper^k - V_upper^k-1||_inf = 0.00000000000000000000, ||V_lower^k - V_lower^k-1||_inf = 0.23297234780071474081
    Local Iteration  99: ||V_upper^k - V_upper^k-1||_inf = 0.00000000000000000000, ||V_lower^k - V_lower^k-1||_inf = 0.21517447839906769791
    Local Iteration 100: ||V_upper^k - V_upper^k-1||_inf = 0.00000000000000000000, ||V_lower^k - V_lower^k-1||_inf = 0.19983950872328992698
    Local Iteration 101: ||V_upper^k - V_upper^k-1||_inf = 0.00000000000000000000, ||V_lower^k - V_lower^k-1||_inf = 0.19983950872328992698
    Local Iteration 102: ||V_upper^k - V_upper^k-1||_inf = 0.00000000000000000000, ||V_lower^k - V_lower^k-1||_inf = 0.19983950872328992698
    Local Iteration 103: ||V_upper^k - V_upper^k-1||_inf = 0.00000000000000000000, ||V_lower^k - V_lower^k-1||_inf = 0.19983950872328992698
    Local Iteration 104: ||V_upper^k - V_upper^k-1||_inf = 0.00000000000000000000, ||V_lower^k - V_lower^k-1||_inf = 0.19983950872328992698
    Local Iteration 105: ||V_upper^k - V_upper^k-1||_inf = 0.00000000000000000000, ||V_lower^k - V_lower^k-1||_inf = 0.19983950872328992698
    Local Iteration 106: ||V_upper^k - V_upper^k-1||_inf = 0.00000000000000000000, ||V_lower^k - V_lower^k-1||_inf = 0.13305081892321457548
    Local Iteration 107: ||V_upper^k - V_upper^k-1||_inf = 0.00000000000000000000, ||V_lower^k - V_lower^k-1||_inf = 0.11702402022275440463
    Local Iteration 108: ||V_upper^k - V_upper^k-1||_inf = 0.00000000000000000000, ||V_lower^k - V_lower^k-1||_inf = 0.10935464299623023909
    Local Iteration 109: ||V_upper^k - V_upper^k-1||_inf = 0.00000000000000000000, ||V_lower^k - V_lower^k-1||_inf = 0.09739422459883997907
    Local Iteration 110: ||V_upper^k - V_upper^k-1||_inf = 0.00000000000000000000, ||V_lower^k - V_lower^k-1||_inf = 0.08487830249111960601
    Local Iteration 111: ||V_upper^k - V_upper^k-1||_inf = 0.00000000000000000000, ||V_lower^k - V_lower^k-1||_inf = 0.08487830249111960601
    Local Iteration 112: ||V_upper^k - V_upper^k-1||_inf = 0.00000000000000000000, ||V_lower^k - V_lower^k-1||_inf = 0.08253242169506830317
    Local Iteration 113: ||V_upper^k - V_upper^k-1||_inf = 0.00000000000000000000, ||V_lower^k - V_lower^k-1||_inf = 0.08253242169506830317
    Local Iteration 114: ||V_upper^k - V_upper^k-1||_inf = 0.00000000000000000000, ||V_lower^k - V_lower^k-1||_inf = 0.08253242169506830317
    Local Iteration 115: ||V_upper^k - V_upper^k-1||_inf = 0.00000000000000000000, ||V_lower^k - V_lower^k-1||_inf = 0.08253242169506830317
    Local Iteration 116: ||V_upper^k - V_upper^k-1||_inf = 0.00000000000000000000, ||V_lower^k - V_lower^k-1||_inf = 0.08253242169506830317
    Local Iteration 117: ||V_upper^k - V_upper^k-1||_inf = 0.00000000000000000000, ||V_lower^k - V_lower^k-1||_inf = 0.08253242169506830317
    Local Iteration 118: ||V_upper^k - V_upper^k-1||_inf = 0.00000000000000000000, ||V_lower^k - V_lower^k-1||_inf = 0.07996293870890591737
    Local Iteration 119: ||V_upper^k - V_upper^k-1||_inf = 0.00000000000000000000, ||V_lower^k - V_lower^k-1||_inf = 0.07996293870890591737
    Local Iteration 120: ||V_upper^k - V_upper^k-1||_inf = 0.00000000000000000000, ||V_lower^k - V_lower^k-1||_inf = 0.07481676102322076805
    Local Iteration 121: ||V_upper^k - V_upper^k-1||_inf = 0.00000000000000000000, ||V_lower^k - V_lower^k-1||_inf = 0.07173831991201573555
    Local Iteration 122: ||V_upper^k - V_upper^k-1||_inf = 0.00000000000000000000, ||V_lower^k - V_lower^k-1||_inf = 0.06560206778054744614
    Local Iteration 123: ||V_upper^k - V_upper^k-1||_inf = 0.00000000000000000000, ||V_lower^k - V_lower^k-1||_inf = 0.05543525262556203009
    Local Iteration 124: ||V_upper^k - V_upper^k-1||_inf = 0.00000000000000000000, ||V_lower^k - V_lower^k-1||_inf = 0.04574073055840453816
    Local Iteration 125: ||V_upper^k - V_upper^k-1||_inf = 0.00000000000000000000, ||V_lower^k - V_lower^k-1||_inf = 0.04333250341868166711
    Local Iteration 126: ||V_upper^k - V_upper^k-1||_inf = 0.00000000000000000000, ||V_lower^k - V_lower^k-1||_inf = 0.03749477970710367314
    Local Iteration 127: ||V_upper^k - V_upper^k-1||_inf = 0.00000000000000000000, ||V_lower^k - V_lower^k-1||_inf = 0.03270433764640549856
    Local Iteration 128: ||V_upper^k - V_upper^k-1||_inf = 0.00000000000000000000, ||V_lower^k - V_lower^k-1||_inf = 0.03270433764640549856
    Local Iteration 129: ||V_upper^k - V_upper^k-1||_inf = 0.00000000000000000000, ||V_lower^k - V_lower^k-1||_inf = 0.03270433764640549856
    Local Iteration 130: ||V_upper^k - V_upper^k-1||_inf = 0.00000000000000000000, ||V_lower^k - V_lower^k-1||_inf = 0.03232948466460838777
    Local Iteration 131: ||V_upper^k - V_upper^k-1||_inf = 0.00000000000000000000, ||V_lower^k - V_lower^k-1||_inf = 0.02540596677158173111
    Local Iteration 132: ||V_upper^k - V_upper^k-1||_inf = 0.00000000000000000000, ||V_lower^k - V_lower^k-1||_inf = 0.02540596677158173111
    Local Iteration 133: ||V_upper^k - V_upper^k-1||_inf = 0.00000000000000000000, ||V_lower^k - V_lower^k-1||_inf = 0.02540596677158173111
    Local Iteration 134: ||V_upper^k - V_upper^k-1||_inf = 0.00000000000000000000, ||V_lower^k - V_lower^k-1||_inf = 0.02540596677158173111
    Local Iteration 135: ||V_upper^k - V_upper^k-1||_inf = 0.00000000000000000000, ||V_lower^k - V_lower^k-1||_inf = 0.02540596677158173111
    Local Iteration 136: ||V_upper^k - V_upper^k-1||_inf = 0.00000000000000000000, ||V_lower^k - V_lower^k-1||_inf = 0.02540596677158156458
    Local Iteration 137: ||V_upper^k - V_upper^k-1||_inf = 0.00000000000000000000, ||V_lower^k - V_lower^k-1||_inf = 0.02417596103713053057
    Local Iteration 138: ||V_upper^k - V_upper^k-1||_inf = 0.00000000000000000000, ||V_lower^k - V_lower^k-1||_inf = 0.01765764953811105320
    Local Iteration 139: ||V_upper^k - V_upper^k-1||_inf = 0.00000000000000000000, ||V_lower^k - V_lower^k-1||_inf = 0.01765764953811105320
    Local Iteration 140: ||V_upper^k - V_upper^k-1||_inf = 0.00000000000000000000, ||V_lower^k - V_lower^k-1||_inf = 0.01588234378895830856
    Local Iteration 141: ||V_upper^k - V_upper^k-1||_inf = 0.00000000000000000000, ||V_lower^k - V_lower^k-1||_inf = 0.00651831149901931084
    Local Iteration 142: ||V_upper^k - V_upper^k-1||_inf = 0.00000000000000000000, ||V_lower^k - V_lower^k-1||_inf = 0.00651831149901931084
    Local Iteration 143: ||V_upper^k - V_upper^k-1||_inf = 0.00000000000000000000, ||V_lower^k - V_lower^k-1||_inf = 0.00651831149901931084
    Local Iteration 144: ||V_upper^k - V_upper^k-1||_inf = 0.00000000000000000000, ||V_lower^k - V_lower^k-1||_inf = 0.00474567657227803474
    Local Iteration 145: ||V_upper^k - V_upper^k-1||_inf = 0.00000000000000000000, ||V_lower^k - V_lower^k-1||_inf = 0.00177263492674140100
    Local Iteration 146: ||V_upper^k - V_upper^k-1||_inf = 0.00000000000000000000, ||V_lower^k - V_lower^k-1||_inf = 0.00000000000000016653

==================================================
 LOCAL CONVERGENCE ACHIEVED
==================================================
  ||V_upper^k - V_upper^k-1||_inf = 0.00000000000000000000e+00 < tolerance = 1e-08
  ||V_lower^k - V_lower^k-1||_inf = 1.66533453693773481064e-16 < tolerance = 1e-08
  Converged in 146 iterations
    Local VI completed in 146 iterations
    Final convergence values:
      ||V_upper^final - V_upper^prev||_inf = 0.00000000e+00
      ||V_lower^final - V_lower^prev||_inf = 1.66533454e-16
  Local VI completed in 146 iterations, time: 5.033s
    Final ||V_upper^k - V_upper^k-1||_inf = 0.00000000000000000000e+00
    Final ||V_lower^k - V_lower^k-1||_inf = 1.66533453693773481064e-16
  Saved visualization: /Users/i.k.tabbara/Documents/python directory/HSCC_2027/refactored_Implementations/results_hscc_2027_newbellmans_12workers/avoid_nodiscount/dubins_res80_eps0.05_dmin1e-08_dmax1e-08_gamma0.9_dt0.3_tau0.3_std/value_function_phase_4_complete.png
  Phase 4 completed in 6.70s with 3692520 leaf cells

Classification after phase 4:
  Safe:          2482536 cells ( 67.2%),   60.1% of state space
  Unsafe:         274464 cells (  7.4%),   28.5% of state space
  Unclassified:   935520 cells ( 25.3%),   11.4% of state space

======================================================================
REFINEMENT PHASE 5
======================================================================
Boundary cells: 935520
  Refinable (>eta_min=0.017678): 935520
  Below threshold: 0
  Cumulative refined: 3180520
  Refinable cell size statistics:
    Max:    0.037500
    Mean:   0.037500
    Min:    0.037500
    Median: 0.037500
  Refining 935520 cells...
    Refined: 935520 parent cells
    Created: 1871040 child cells
    Total cells: 4628040
    Refinement time: 0.233s
    Cumulative refined: 4116040
  Rebuilding spatial index...
  Building spatial index for 4628040 cells...
   Spatial index built in 1.49s
    Spatial index rebuilt in 1.494s
  Initializing 1871040 new cells...
  Initializing 1871040 new cells in parallel...
   Initialized in 0.00s (410863968.5 cells/s)
    Initialization completed in 0.005s
  Starting local value iteration...
  Reinitializing ALL 4628040 cells (V = min(l, r))
   Reinitialized 4628040 cells in 0.01s (361238732.2 cells/s)
  Local VI: updating all 4628040 cells
    Conservative mode: False
    Convergence tolerance: 1e-08
    Max iterations: 20000
    Updating successor cache for 1871040 updated cells...
    Updating successor cache for 1871040 new cells (HYBRID)...
      Affected cells: 2747924
   Trajectories + spatial queries computed in 1.98s (4153197.0 tasks/s)
    Breakdown: 45.7% ODE, 54.3% queries
     Cache updated in 2.35s (3514130.6 tasks/s)
    Local Iteration   1: ||V_upper^k - V_upper^k-1||_inf = 4.72126825937374317022, ||V_lower^k - V_lower^k-1||_inf = 4.78364355752398306976
    Local Iteration   2: ||V_upper^k - V_upper^k-1||_inf = 4.50716285323727827716, ||V_lower^k - V_lower^k-1||_inf = 4.76965805838056144950
    Local Iteration   3: ||V_upper^k - V_upper^k-1||_inf = 4.29976839288698364783, ||V_lower^k - V_lower^k-1||_inf = 4.76965805838056144950
    Local Iteration   4: ||V_upper^k - V_upper^k-1||_inf = 4.03197794535843367925, ||V_lower^k - V_lower^k-1||_inf = 4.69956260730754671329
    Local Iteration   5: ||V_upper^k - V_upper^k-1||_inf = 3.69631234328869240358, ||V_lower^k - V_lower^k-1||_inf = 4.57282882501641108064
    Local Iteration   6: ||V_upper^k - V_upper^k-1||_inf = 3.33379198075202154428, ||V_lower^k - V_lower^k-1||_inf = 4.44273082711739153439
    Local Iteration   7: ||V_upper^k - V_upper^k-1||_inf = 2.94416703539120439004, ||V_lower^k - V_lower^k-1||_inf = 4.12157309052532649929
    Local Iteration   8: ||V_upper^k - V_upper^k-1||_inf = 2.30695206594514212739, ||V_lower^k - V_lower^k-1||_inf = 3.78761741021873632462
    Local Iteration   9: ||V_upper^k - V_upper^k-1||_inf = 1.57261237727130742670, ||V_lower^k - V_lower^k-1||_inf = 3.45921208932282731041
    Local Iteration  10: ||V_upper^k - V_upper^k-1||_inf = 0.94049216044975536555, ||V_lower^k - V_lower^k-1||_inf = 3.23133215899131887028
    Local Iteration  11: ||V_upper^k - V_upper^k-1||_inf = 0.37291031449559741695, ||V_lower^k - V_lower^k-1||_inf = 3.00117031695010449965
    Local Iteration  12: ||V_upper^k - V_upper^k-1||_inf = 0.36738918073305532053, ||V_lower^k - V_lower^k-1||_inf = 2.63276687646320928238
    Local Iteration  13: ||V_upper^k - V_upper^k-1||_inf = 0.36738918073305532053, ||V_lower^k - V_lower^k-1||_inf = 2.28443916779885158874
    Local Iteration  14: ||V_upper^k - V_upper^k-1||_inf = 0.36738918073305532053, ||V_lower^k - V_lower^k-1||_inf = 1.86118077783388002899
    Local Iteration  15: ||V_upper^k - V_upper^k-1||_inf = 0.36738918073305532053, ||V_lower^k - V_lower^k-1||_inf = 1.30029652266988948739
    Local Iteration  16: ||V_upper^k - V_upper^k-1||_inf = 0.36738918073305532053, ||V_lower^k - V_lower^k-1||_inf = 0.35779778044674154236
    Local Iteration  17: ||V_upper^k - V_upper^k-1||_inf = 0.36738918073305532053, ||V_lower^k - V_lower^k-1||_inf = 0.35004323521858171642
    Local Iteration  18: ||V_upper^k - V_upper^k-1||_inf = 0.36738918073305532053, ||V_lower^k - V_lower^k-1||_inf = 0.34010173944708199656
    Local Iteration  19: ||V_upper^k - V_upper^k-1||_inf = 0.35454310766861835136, ||V_lower^k - V_lower^k-1||_inf = 0.30992776426498191977
    Local Iteration  20: ||V_upper^k - V_upper^k-1||_inf = 0.35377022236599642291, ||V_lower^k - V_lower^k-1||_inf = 0.30894414665547176302
    Local Iteration  21: ||V_upper^k - V_upper^k-1||_inf = 0.35375692011097270573, ||V_lower^k - V_lower^k-1||_inf = 0.30894414665547176302
    Local Iteration  22: ||V_upper^k - V_upper^k-1||_inf = 0.35373708007252668839, ||V_lower^k - V_lower^k-1||_inf = 0.30894414665547176302
    Local Iteration  23: ||V_upper^k - V_upper^k-1||_inf = 0.35106267945388475171, ||V_lower^k - V_lower^k-1||_inf = 0.30894414665547176302
    Local Iteration  24: ||V_upper^k - V_upper^k-1||_inf = 0.34982869133823418784, ||V_lower^k - V_lower^k-1||_inf = 0.30894414665547176302
    Local Iteration  25: ||V_upper^k - V_upper^k-1||_inf = 0.25952934266556304532, ||V_lower^k - V_lower^k-1||_inf = 0.30894414665547176302
    Local Iteration  26: ||V_upper^k - V_upper^k-1||_inf = 0.22743477846912918405, ||V_lower^k - V_lower^k-1||_inf = 0.30051890466108277522
    Local Iteration  27: ||V_upper^k - V_upper^k-1||_inf = 0.22743477846912918405, ||V_lower^k - V_lower^k-1||_inf = 0.30009145885213905913
    Local Iteration  28: ||V_upper^k - V_upper^k-1||_inf = 0.20200307424853497507, ||V_lower^k - V_lower^k-1||_inf = 0.30009145885213905913
    Local Iteration  29: ||V_upper^k - V_upper^k-1||_inf = 0.19242846159198895295, ||V_lower^k - V_lower^k-1||_inf = 0.30009145885213905913
    Local Iteration  30: ||V_upper^k - V_upper^k-1||_inf = 0.13190465252224448101, ||V_lower^k - V_lower^k-1||_inf = 0.30009145885213905913
    Local Iteration  31: ||V_upper^k - V_upper^k-1||_inf = 0.13120648202693996343, ||V_lower^k - V_lower^k-1||_inf = 0.30009145885213905913
    Local Iteration  32: ||V_upper^k - V_upper^k-1||_inf = 0.09809144192947599761, ||V_lower^k - V_lower^k-1||_inf = 0.29956389263019339575
    Local Iteration  33: ||V_upper^k - V_upper^k-1||_inf = 0.09809144192947599761, ||V_lower^k - V_lower^k-1||_inf = 0.29931105503130861489
    Local Iteration  34: ||V_upper^k - V_upper^k-1||_inf = 0.09642374529879543799, ||V_lower^k - V_lower^k-1||_inf = 0.29931105503130861489
    Local Iteration  35: ||V_upper^k - V_upper^k-1||_inf = 0.09226169740220496740, ||V_lower^k - V_lower^k-1||_inf = 0.29931105503130861489
    Local Iteration  36: ||V_upper^k - V_upper^k-1||_inf = 0.08436070068593554128, ||V_lower^k - V_lower^k-1||_inf = 0.29931105503130861489
    Local Iteration  37: ||V_upper^k - V_upper^k-1||_inf = 0.07242476773809680690, ||V_lower^k - V_lower^k-1||_inf = 0.29931105503130861489
    Local Iteration  38: ||V_upper^k - V_upper^k-1||_inf = 0.04519533560757049706, ||V_lower^k - V_lower^k-1||_inf = 0.29931105503130861489
    Local Iteration  39: ||V_upper^k - V_upper^k-1||_inf = 0.00800378298743786853, ||V_lower^k - V_lower^k-1||_inf = 0.29931105503130861489
    Local Iteration  40: ||V_upper^k - V_upper^k-1||_inf = 0.00800378298743786853, ||V_lower^k - V_lower^k-1||_inf = 0.29931105503130861489
    Local Iteration  41: ||V_upper^k - V_upper^k-1||_inf = 0.00000000000000033307, ||V_lower^k - V_lower^k-1||_inf = 0.29931105503130861489
    Local Iteration  42: ||V_upper^k - V_upper^k-1||_inf = 0.00000000000000000000, ||V_lower^k - V_lower^k-1||_inf = 0.29931105503130861489
    Local Iteration  43: ||V_upper^k - V_upper^k-1||_inf = 0.00000000000000000000, ||V_lower^k - V_lower^k-1||_inf = 0.29931105503130861489
    Local Iteration  44: ||V_upper^k - V_upper^k-1||_inf = 0.00000000000000000000, ||V_lower^k - V_lower^k-1||_inf = 0.29931105503130861489
    Local Iteration  45: ||V_upper^k - V_upper^k-1||_inf = 0.00000000000000000000, ||V_lower^k - V_lower^k-1||_inf = 0.29931105503130861489
    Local Iteration  46: ||V_upper^k - V_upper^k-1||_inf = 0.00000000000000000000, ||V_lower^k - V_lower^k-1||_inf = 0.29931105503130861489
    Local Iteration  47: ||V_upper^k - V_upper^k-1||_inf = 0.00000000000000000000, ||V_lower^k - V_lower^k-1||_inf = 0.29931105503130861489
    Local Iteration  48: ||V_upper^k - V_upper^k-1||_inf = 0.00000000000000000000, ||V_lower^k - V_lower^k-1||_inf = 0.29931105503130861489
    Local Iteration  49: ||V_upper^k - V_upper^k-1||_inf = 0.00000000000000000000, ||V_lower^k - V_lower^k-1||_inf = 0.29931105503130861489
    Local Iteration  50: ||V_upper^k - V_upper^k-1||_inf = 0.00000000000000000000, ||V_lower^k - V_lower^k-1||_inf = 0.29931105503130861489
    Local Iteration  51: ||V_upper^k - V_upper^k-1||_inf = 0.00000000000000000000, ||V_lower^k - V_lower^k-1||_inf = 0.29931105503130861489
    Local Iteration  52: ||V_upper^k - V_upper^k-1||_inf = 0.00000000000000000000, ||V_lower^k - V_lower^k-1||_inf = 0.29931105503130861489
    Local Iteration  53: ||V_upper^k - V_upper^k-1||_inf = 0.00000000000000000000, ||V_lower^k - V_lower^k-1||_inf = 0.29655772896649018611
    Local Iteration  54: ||V_upper^k - V_upper^k-1||_inf = 0.00000000000000000000, ||V_lower^k - V_lower^k-1||_inf = 0.29655772896649018611
    Local Iteration  55: ||V_upper^k - V_upper^k-1||_inf = 0.00000000000000000000, ||V_lower^k - V_lower^k-1||_inf = 0.29655772896649018611
    Local Iteration  56: ||V_upper^k - V_upper^k-1||_inf = 0.00000000000000000000, ||V_lower^k - V_lower^k-1||_inf = 0.29655772896649018611
    Local Iteration  57: ||V_upper^k - V_upper^k-1||_inf = 0.00000000000000000000, ||V_lower^k - V_lower^k-1||_inf = 0.29655772896649018611
    Local Iteration  58: ||V_upper^k - V_upper^k-1||_inf = 0.00000000000000000000, ||V_lower^k - V_lower^k-1||_inf = 0.29655772896649018611
    Local Iteration  59: ||V_upper^k - V_upper^k-1||_inf = 0.00000000000000000000, ||V_lower^k - V_lower^k-1||_inf = 0.29655772896649018611
    Local Iteration  60: ||V_upper^k - V_upper^k-1||_inf = 0.00000000000000000000, ||V_lower^k - V_lower^k-1||_inf = 0.29655772896649018611
    Local Iteration  61: ||V_upper^k - V_upper^k-1||_inf = 0.00000000000000000000, ||V_lower^k - V_lower^k-1||_inf = 0.29655772896649018611
    Local Iteration  62: ||V_upper^k - V_upper^k-1||_inf = 0.00000000000000000000, ||V_lower^k - V_lower^k-1||_inf = 0.29655772896649018611
    Local Iteration  63: ||V_upper^k - V_upper^k-1||_inf = 0.00000000000000000000, ||V_lower^k - V_lower^k-1||_inf = 0.29655772896649018611
    Local Iteration  64: ||V_upper^k - V_upper^k-1||_inf = 0.00000000000000000000, ||V_lower^k - V_lower^k-1||_inf = 0.29655772896649018611
    Local Iteration  65: ||V_upper^k - V_upper^k-1||_inf = 0.00000000000000000000, ||V_lower^k - V_lower^k-1||_inf = 0.29655772896649018611
    Local Iteration  66: ||V_upper^k - V_upper^k-1||_inf = 0.00000000000000000000, ||V_lower^k - V_lower^k-1||_inf = 0.29655772896649018611
    Local Iteration  67: ||V_upper^k - V_upper^k-1||_inf = 0.00000000000000000000, ||V_lower^k - V_lower^k-1||_inf = 0.29655772896649018611
    Local Iteration  68: ||V_upper^k - V_upper^k-1||_inf = 0.00000000000000000000, ||V_lower^k - V_lower^k-1||_inf = 0.29655772896649018611
    Local Iteration  69: ||V_upper^k - V_upper^k-1||_inf = 0.00000000000000000000, ||V_lower^k - V_lower^k-1||_inf = 0.29655772896649018611
    Local Iteration  70: ||V_upper^k - V_upper^k-1||_inf = 0.00000000000000000000, ||V_lower^k - V_lower^k-1||_inf = 0.29655772896649018611
    Local Iteration  71: ||V_upper^k - V_upper^k-1||_inf = 0.00000000000000000000, ||V_lower^k - V_lower^k-1||_inf = 0.29655772896649018611
    Local Iteration  72: ||V_upper^k - V_upper^k-1||_inf = 0.00000000000000000000, ||V_lower^k - V_lower^k-1||_inf = 0.29655772896649018611
    Local Iteration  73: ||V_upper^k - V_upper^k-1||_inf = 0.00000000000000000000, ||V_lower^k - V_lower^k-1||_inf = 0.29655772896649018611
    Local Iteration  74: ||V_upper^k - V_upper^k-1||_inf = 0.00000000000000000000, ||V_lower^k - V_lower^k-1||_inf = 0.29655772896649018611
    Local Iteration  75: ||V_upper^k - V_upper^k-1||_inf = 0.00000000000000000000, ||V_lower^k - V_lower^k-1||_inf = 0.29655772896649018611
    Local Iteration  76: ||V_upper^k - V_upper^k-1||_inf = 0.00000000000000000000, ||V_lower^k - V_lower^k-1||_inf = 0.29655772896649018611
    Local Iteration  77: ||V_upper^k - V_upper^k-1||_inf = 0.00000000000000000000, ||V_lower^k - V_lower^k-1||_inf = 0.29655772896649018611
    Local Iteration  78: ||V_upper^k - V_upper^k-1||_inf = 0.00000000000000000000, ||V_lower^k - V_lower^k-1||_inf = 0.29655772896649018611
    Local Iteration  79: ||V_upper^k - V_upper^k-1||_inf = 0.00000000000000000000, ||V_lower^k - V_lower^k-1||_inf = 0.29655772896649018611
    Local Iteration  80: ||V_upper^k - V_upper^k-1||_inf = 0.00000000000000000000, ||V_lower^k - V_lower^k-1||_inf = 0.29655772896649018611
    Local Iteration  81: ||V_upper^k - V_upper^k-1||_inf = 0.00000000000000000000, ||V_lower^k - V_lower^k-1||_inf = 0.29655772896649018611
    Local Iteration  82: ||V_upper^k - V_upper^k-1||_inf = 0.00000000000000000000, ||V_lower^k - V_lower^k-1||_inf = 0.29655772896649018611
    Local Iteration  83: ||V_upper^k - V_upper^k-1||_inf = 0.00000000000000000000, ||V_lower^k - V_lower^k-1||_inf = 0.29655772896649018611
    Local Iteration  84: ||V_upper^k - V_upper^k-1||_inf = 0.00000000000000000000, ||V_lower^k - V_lower^k-1||_inf = 0.29655772896649018611
    Local Iteration  85: ||V_upper^k - V_upper^k-1||_inf = 0.00000000000000000000, ||V_lower^k - V_lower^k-1||_inf = 0.29655772896649018611
    Local Iteration  86: ||V_upper^k - V_upper^k-1||_inf = 0.00000000000000000000, ||V_lower^k - V_lower^k-1||_inf = 0.29655772896649018611
    Local Iteration  87: ||V_upper^k - V_upper^k-1||_inf = 0.00000000000000000000, ||V_lower^k - V_lower^k-1||_inf = 0.29655772896649018611
    Local Iteration  88: ||V_upper^k - V_upper^k-1||_inf = 0.00000000000000000000, ||V_lower^k - V_lower^k-1||_inf = 0.29655772896649018611
    Local Iteration  89: ||V_upper^k - V_upper^k-1||_inf = 0.00000000000000000000, ||V_lower^k - V_lower^k-1||_inf = 0.29655772896649018611
    Local Iteration  90: ||V_upper^k - V_upper^k-1||_inf = 0.00000000000000000000, ||V_lower^k - V_lower^k-1||_inf = 0.29655772896649018611
    Local Iteration  91: ||V_upper^k - V_upper^k-1||_inf = 0.00000000000000000000, ||V_lower^k - V_lower^k-1||_inf = 0.29655772896649018611
    Local Iteration  92: ||V_upper^k - V_upper^k-1||_inf = 0.00000000000000000000, ||V_lower^k - V_lower^k-1||_inf = 0.29655772896649018611
    Local Iteration  93: ||V_upper^k - V_upper^k-1||_inf = 0.00000000000000000000, ||V_lower^k - V_lower^k-1||_inf = 0.29655772896649018611
    Local Iteration  94: ||V_upper^k - V_upper^k-1||_inf = 0.00000000000000000000, ||V_lower^k - V_lower^k-1||_inf = 0.29655772896649018611
    Local Iteration  95: ||V_upper^k - V_upper^k-1||_inf = 0.00000000000000000000, ||V_lower^k - V_lower^k-1||_inf = 0.28455860520364117949
    Local Iteration  96: ||V_upper^k - V_upper^k-1||_inf = 0.00000000000000000000, ||V_lower^k - V_lower^k-1||_inf = 0.24482281648937903595
    Local Iteration  97: ||V_upper^k - V_upper^k-1||_inf = 0.00000000000000000000, ||V_lower^k - V_lower^k-1||_inf = 0.23011671124501897889
    Local Iteration  98: ||V_upper^k - V_upper^k-1||_inf = 0.00000000000000000000, ||V_lower^k - V_lower^k-1||_inf = 0.23011671124501897889
    Local Iteration  99: ||V_upper^k - V_upper^k-1||_inf = 0.00000000000000000000, ||V_lower^k - V_lower^k-1||_inf = 0.21900409774076023961
    Local Iteration 100: ||V_upper^k - V_upper^k-1||_inf = 0.00000000000000000000, ||V_lower^k - V_lower^k-1||_inf = 0.19983950872328992698
    Local Iteration 101: ||V_upper^k - V_upper^k-1||_inf = 0.00000000000000000000, ||V_lower^k - V_lower^k-1||_inf = 0.19220615220671563583
    Local Iteration 102: ||V_upper^k - V_upper^k-1||_inf = 0.00000000000000000000, ||V_lower^k - V_lower^k-1||_inf = 0.18271549369749429115
    Local Iteration 103: ||V_upper^k - V_upper^k-1||_inf = 0.00000000000000000000, ||V_lower^k - V_lower^k-1||_inf = 0.17508213718092000000
    Local Iteration 104: ||V_upper^k - V_upper^k-1||_inf = 0.00000000000000000000, ||V_lower^k - V_lower^k-1||_inf = 0.16536358279266571980
    Local Iteration 105: ||V_upper^k - V_upper^k-1||_inf = 0.00000000000000000000, ||V_lower^k - V_lower^k-1||_inf = 0.13567242815405117229
    Local Iteration 106: ||V_upper^k - V_upper^k-1||_inf = 0.00000000000000000000, ||V_lower^k - V_lower^k-1||_inf = 0.12776868541118399647
    Local Iteration 107: ||V_upper^k - V_upper^k-1||_inf = 0.00000000000000000000, ||V_lower^k - V_lower^k-1||_inf = 0.11651447415029250743
    Local Iteration 108: ||V_upper^k - V_upper^k-1||_inf = 0.00000000000000000000, ||V_lower^k - V_lower^k-1||_inf = 0.11362510302069844803
    Local Iteration 109: ||V_upper^k - V_upper^k-1||_inf = 0.00000000000000000000, ||V_lower^k - V_lower^k-1||_inf = 0.10854967072593810218
    Local Iteration 110: ||V_upper^k - V_upper^k-1||_inf = 0.00000000000000000000, ||V_lower^k - V_lower^k-1||_inf = 0.09130966248752592218
    Local Iteration 111: ||V_upper^k - V_upper^k-1||_inf = 0.00000000000000000000, ||V_lower^k - V_lower^k-1||_inf = 0.09130966248752592218
    Local Iteration 112: ||V_upper^k - V_upper^k-1||_inf = 0.00000000000000000000, ||V_lower^k - V_lower^k-1||_inf = 0.09130966248752592218
    Local Iteration 113: ||V_upper^k - V_upper^k-1||_inf = 0.00000000000000000000, ||V_lower^k - V_lower^k-1||_inf = 0.07761641848817241174
    Local Iteration 114: ||V_upper^k - V_upper^k-1||_inf = 0.00000000000000000000, ||V_lower^k - V_lower^k-1||_inf = 0.06613803617299496285
    Local Iteration 115: ||V_upper^k - V_upper^k-1||_inf = 0.00000000000000000000, ||V_lower^k - V_lower^k-1||_inf = 0.06286474558419985481
    Local Iteration 116: ||V_upper^k - V_upper^k-1||_inf = 0.00000000000000000000, ||V_lower^k - V_lower^k-1||_inf = 0.06286474558419985481
    Local Iteration 117: ||V_upper^k - V_upper^k-1||_inf = 0.00000000000000000000, ||V_lower^k - V_lower^k-1||_inf = 0.06286474558419985481
    Local Iteration 118: ||V_upper^k - V_upper^k-1||_inf = 0.00000000000000000000, ||V_lower^k - V_lower^k-1||_inf = 0.06286474558419985481
    Local Iteration 119: ||V_upper^k - V_upper^k-1||_inf = 0.00000000000000000000, ||V_lower^k - V_lower^k-1||_inf = 0.06286474558419985481
    Local Iteration 120: ||V_upper^k - V_upper^k-1||_inf = 0.00000000000000000000, ||V_lower^k - V_lower^k-1||_inf = 0.06286474558419985481
    Local Iteration 121: ||V_upper^k - V_upper^k-1||_inf = 0.00000000000000000000, ||V_lower^k - V_lower^k-1||_inf = 0.06286474558419985481
    Local Iteration 122: ||V_upper^k - V_upper^k-1||_inf = 0.00000000000000000000, ||V_lower^k - V_lower^k-1||_inf = 0.06286474558419985481
    Local Iteration 123: ||V_upper^k - V_upper^k-1||_inf = 0.00000000000000000000, ||V_lower^k - V_lower^k-1||_inf = 0.05239969522483345354
    Local Iteration 124: ||V_upper^k - V_upper^k-1||_inf = 0.00000000000000000000, ||V_lower^k - V_lower^k-1||_inf = 0.04574073055840453816
    Local Iteration 125: ||V_upper^k - V_upper^k-1||_inf = 0.00000000000000000000, ||V_lower^k - V_lower^k-1||_inf = 0.03868331238964350938
    Local Iteration 126: ||V_upper^k - V_upper^k-1||_inf = 0.00000000000000000000, ||V_lower^k - V_lower^k-1||_inf = 0.03749477970710367314
    Local Iteration 127: ||V_upper^k - V_upper^k-1||_inf = 0.00000000000000000000, ||V_lower^k - V_lower^k-1||_inf = 0.03270433764640549856
    Local Iteration 128: ||V_upper^k - V_upper^k-1||_inf = 0.00000000000000000000, ||V_lower^k - V_lower^k-1||_inf = 0.03270433764640549856
    Local Iteration 129: ||V_upper^k - V_upper^k-1||_inf = 0.00000000000000000000, ||V_lower^k - V_lower^k-1||_inf = 0.03270433764640549856
    Local Iteration 130: ||V_upper^k - V_upper^k-1||_inf = 0.00000000000000000000, ||V_lower^k - V_lower^k-1||_inf = 0.03232948466460870696
    Local Iteration 131: ||V_upper^k - V_upper^k-1||_inf = 0.00000000000000000000, ||V_lower^k - V_lower^k-1||_inf = 0.02934351723306127813
    Local Iteration 132: ||V_upper^k - V_upper^k-1||_inf = 0.00000000000000000000, ||V_lower^k - V_lower^k-1||_inf = 0.02540596677158173111
    Local Iteration 133: ||V_upper^k - V_upper^k-1||_inf = 0.00000000000000000000, ||V_lower^k - V_lower^k-1||_inf = 0.02540596677158173111
    Local Iteration 134: ||V_upper^k - V_upper^k-1||_inf = 0.00000000000000000000, ||V_lower^k - V_lower^k-1||_inf = 0.02540596677158173111
    Local Iteration 135: ||V_upper^k - V_upper^k-1||_inf = 0.00000000000000000000, ||V_lower^k - V_lower^k-1||_inf = 0.02540596677158173111
    Local Iteration 136: ||V_upper^k - V_upper^k-1||_inf = 0.00000000000000000000, ||V_lower^k - V_lower^k-1||_inf = 0.02540596677158156458
    Local Iteration 137: ||V_upper^k - V_upper^k-1||_inf = 0.00000000000000000000, ||V_lower^k - V_lower^k-1||_inf = 0.02417596103713053057
    Local Iteration 138: ||V_upper^k - V_upper^k-1||_inf = 0.00000000000000000000, ||V_lower^k - V_lower^k-1||_inf = 0.01765764953811105320
    Local Iteration 139: ||V_upper^k - V_upper^k-1||_inf = 0.00000000000000000000, ||V_lower^k - V_lower^k-1||_inf = 0.01765764953811105320
    Local Iteration 140: ||V_upper^k - V_upper^k-1||_inf = 0.00000000000000000000, ||V_lower^k - V_lower^k-1||_inf = 0.01588234378895830856
    Local Iteration 141: ||V_upper^k - V_upper^k-1||_inf = 0.00000000000000000000, ||V_lower^k - V_lower^k-1||_inf = 0.00651831149901931084
    Local Iteration 142: ||V_upper^k - V_upper^k-1||_inf = 0.00000000000000000000, ||V_lower^k - V_lower^k-1||_inf = 0.00651831149901931084
    Local Iteration 143: ||V_upper^k - V_upper^k-1||_inf = 0.00000000000000000000, ||V_lower^k - V_lower^k-1||_inf = 0.00651831149901915818
    Local Iteration 144: ||V_upper^k - V_upper^k-1||_inf = 0.00000000000000000000, ||V_lower^k - V_lower^k-1||_inf = 0.00177263492674140100
    Local Iteration 145: ||V_upper^k - V_upper^k-1||_inf = 0.00000000000000000000, ||V_lower^k - V_lower^k-1||_inf = 0.00177263492674140100
    Local Iteration 146: ||V_upper^k - V_upper^k-1||_inf = 0.00000000000000000000, ||V_lower^k - V_lower^k-1||_inf = 0.00000000000000015266

==================================================
 LOCAL CONVERGENCE ACHIEVED
==================================================
  ||V_upper^k - V_upper^k-1||_inf = 0.00000000000000000000e+00 < tolerance = 1e-08
  ||V_lower^k - V_lower^k-1||_inf = 1.52655665885959024308e-16 < tolerance = 1e-08
  Converged in 146 iterations
    Local VI completed in 146 iterations
    Final convergence values:
      ||V_upper^final - V_upper^prev||_inf = 0.00000000e+00
      ||V_lower^final - V_lower^prev||_inf = 1.52655666e-16
  Local VI completed in 146 iterations, time: 7.042s
    Final ||V_upper^k - V_upper^k-1||_inf = 0.00000000000000000000e+00
    Final ||V_lower^k - V_lower^k-1||_inf = 1.52655665885959024308e-16
  Saved visualization: /Users/i.k.tabbara/Documents/python directory/HSCC_2027/refactored_Implementations/results_hscc_2027_newbellmans_12workers/avoid_nodiscount/dubins_res80_eps0.05_dmin1e-08_dmax1e-08_gamma0.9_dt0.3_tau0.3_std/value_function_phase_5_complete.png
  Phase 5 completed in 9.43s with 4628040 leaf cells

Classification after phase 5:
  Safe:          2544444 cells ( 55.0%),   60.5% of state space
  Unsafe:         301060 cells (  6.5%),   28.6% of state space
  Unclassified:  1782536 cells ( 38.5%),   10.9% of state space

======================================================================
REFINEMENT PHASE 6
======================================================================
Boundary cells: 1782536
  Refinable (>eta_min=0.017678): 1782536
  Below threshold: 0
  Cumulative refined: 4116040
  Refinable cell size statistics:
    Max:    0.037500
    Mean:   0.037500
    Min:    0.037500
    Median: 0.037500
  Refining 1782536 cells...
    Refined: 1782536 parent cells
    Created: 3565072 child cells
    Total cells: 6410576
    Refinement time: 0.060s
    Cumulative refined: 5898576
  Rebuilding spatial index...
  Building spatial index for 6410576 cells...
   Spatial index built in 1.88s
    Spatial index rebuilt in 1.884s
  Initializing 3565072 new cells...
  Initializing 3565072 new cells in parallel...
   Initialized in 0.01s (340083967.1 cells/s)
    Initialization completed in 0.010s
  Starting local value iteration...
  Reinitializing ALL 6410576 cells (V = min(l, r))
   Reinitialized 6410576 cells in 0.02s (349863374.5 cells/s)
  Local VI: updating all 6410576 cells
    Conservative mode: False
    Convergence tolerance: 1e-08
    Max iterations: 20000
    Updating successor cache for 3565072 updated cells...
    Updating successor cache for 3565072 new cells (HYBRID)...
      Affected cells: 4476588
   Trajectories + spatial queries computed in 3.49s (3852071.0 tasks/s)
    Breakdown: 50.3% ODE, 49.7% queries
     Cache updated in 4.25s (3156473.2 tasks/s)
    Local Iteration   1: ||V_upper^k - V_upper^k-1||_inf = 4.73837964338841821643, ||V_lower^k - V_lower^k-1||_inf = 4.78364355752398306976
    Local Iteration   2: ||V_upper^k - V_upper^k-1||_inf = 4.55008005372710488956, ||V_lower^k - V_lower^k-1||_inf = 4.76965805838056144950
    Local Iteration   3: ||V_upper^k - V_upper^k-1||_inf = 4.35727996453334842641, ||V_lower^k - V_lower^k-1||_inf = 4.76965805838056144950
    Local Iteration   4: ||V_upper^k - V_upper^k-1||_inf = 4.10134583405660624322, ||V_lower^k - V_lower^k-1||_inf = 4.69956260730754671329
    Local Iteration   5: ||V_upper^k - V_upper^k-1||_inf = 3.79192247176095431627, ||V_lower^k - V_lower^k-1||_inf = 4.57282882501641108064
    Local Iteration   6: ||V_upper^k - V_upper^k-1||_inf = 3.42586858770684266062, ||V_lower^k - V_lower^k-1||_inf = 4.44273082711739153439
    Local Iteration   7: ||V_upper^k - V_upper^k-1||_inf = 3.05210028789761000922, ||V_lower^k - V_lower^k-1||_inf = 4.06968922179105252468
    Local Iteration   8: ||V_upper^k - V_upper^k-1||_inf = 2.42137152399254107493, ||V_lower^k - V_lower^k-1||_inf = 3.75041252330540775262
    Local Iteration   9: ||V_upper^k - V_upper^k-1||_inf = 1.57261237727130742670, ||V_lower^k - V_lower^k-1||_inf = 3.45921208932282731041
    Local Iteration  10: ||V_upper^k - V_upper^k-1||_inf = 0.95031631672984495651, ||V_lower^k - V_lower^k-1||_inf = 3.23133215899131887028
    Local Iteration  11: ||V_upper^k - V_upper^k-1||_inf = 0.55385464933433048440, ||V_lower^k - V_lower^k-1||_inf = 3.00117031695010449965
    Local Iteration  12: ||V_upper^k - V_upper^k-1||_inf = 0.36738918073305532053, ||V_lower^k - V_lower^k-1||_inf = 2.63276687646320928238
    Local Iteration  13: ||V_upper^k - V_upper^k-1||_inf = 0.36738918073305532053, ||V_lower^k - V_lower^k-1||_inf = 2.28443916779885158874
    Local Iteration  14: ||V_upper^k - V_upper^k-1||_inf = 0.36738918073305532053, ||V_lower^k - V_lower^k-1||_inf = 1.86118077783388002899
    Local Iteration  15: ||V_upper^k - V_upper^k-1||_inf = 0.36738918073305532053, ||V_lower^k - V_lower^k-1||_inf = 1.27706490252193582968
    Local Iteration  16: ||V_upper^k - V_upper^k-1||_inf = 0.36738918073305532053, ||V_lower^k - V_lower^k-1||_inf = 0.37814443317371992936
    Local Iteration  17: ||V_upper^k - V_upper^k-1||_inf = 0.36738918073305532053, ||V_lower^k - V_lower^k-1||_inf = 0.37814443317371992936
    Local Iteration  18: ||V_upper^k - V_upper^k-1||_inf = 0.36738918073305532053, ||V_lower^k - V_lower^k-1||_inf = 0.35983477857690193691
    Local Iteration  19: ||V_upper^k - V_upper^k-1||_inf = 0.36738918073305532053, ||V_lower^k - V_lower^k-1||_inf = 0.35268564021796122709
    Local Iteration  20: ||V_upper^k - V_upper^k-1||_inf = 0.36738918073305532053, ||V_lower^k - V_lower^k-1||_inf = 0.33495463520879759090
    Local Iteration  21: ||V_upper^k - V_upper^k-1||_inf = 0.35356958928844994805, ||V_lower^k - V_lower^k-1||_inf = 0.33495463520879759090
    Local Iteration  22: ||V_upper^k - V_upper^k-1||_inf = 0.35356958928844994805, ||V_lower^k - V_lower^k-1||_inf = 0.30300591235920781852
    Local Iteration  23: ||V_upper^k - V_upper^k-1||_inf = 0.35164647542816535042, ||V_lower^k - V_lower^k-1||_inf = 0.30030454119313787498
    Local Iteration  24: ||V_upper^k - V_upper^k-1||_inf = 0.35106267945388475171, ||V_lower^k - V_lower^k-1||_inf = 0.30030454119313787498
    Local Iteration  25: ||V_upper^k - V_upper^k-1||_inf = 0.34479325838721708308, ||V_lower^k - V_lower^k-1||_inf = 0.30030454119313787498
    Local Iteration  26: ||V_upper^k - V_upper^k-1||_inf = 0.22743477846912918405, ||V_lower^k - V_lower^k-1||_inf = 0.30030454119313787498
    Local Iteration  27: ||V_upper^k - V_upper^k-1||_inf = 0.22743477846912918405, ||V_lower^k - V_lower^k-1||_inf = 0.30030454119313787498
    Local Iteration  28: ||V_upper^k - V_upper^k-1||_inf = 0.22743477846912918405, ||V_lower^k - V_lower^k-1||_inf = 0.30030454119313787498
    Local Iteration  29: ||V_upper^k - V_upper^k-1||_inf = 0.19028228410797942693, ||V_lower^k - V_lower^k-1||_inf = 0.30030454119313787498
    Local Iteration  30: ||V_upper^k - V_upper^k-1||_inf = 0.16085697747974009308, ||V_lower^k - V_lower^k-1||_inf = 0.30030454119313787498
    Local Iteration  31: ||V_upper^k - V_upper^k-1||_inf = 0.16085697747974009308, ||V_lower^k - V_lower^k-1||_inf = 0.30030454119313787498
    Local Iteration  32: ||V_upper^k - V_upper^k-1||_inf = 0.16085697747974009308, ||V_lower^k - V_lower^k-1||_inf = 0.30030454119313787498
    Local Iteration  33: ||V_upper^k - V_upper^k-1||_inf = 0.16085697747974009308, ||V_lower^k - V_lower^k-1||_inf = 0.30030454119313787498
    Local Iteration  34: ||V_upper^k - V_upper^k-1||_inf = 0.10965825908490356433, ||V_lower^k - V_lower^k-1||_inf = 0.30030454119313787498
    Local Iteration  35: ||V_upper^k - V_upper^k-1||_inf = 0.10965825908490356433, ||V_lower^k - V_lower^k-1||_inf = 0.30030454119313787498
    Local Iteration  36: ||V_upper^k - V_upper^k-1||_inf = 0.10965825908490356433, ||V_lower^k - V_lower^k-1||_inf = 0.30030454119313787498
    Local Iteration  37: ||V_upper^k - V_upper^k-1||_inf = 0.10965825908490356433, ||V_lower^k - V_lower^k-1||_inf = 0.30030454119313787498
    Local Iteration  38: ||V_upper^k - V_upper^k-1||_inf = 0.10965825908490356433, ||V_lower^k - V_lower^k-1||_inf = 0.30030454119313787498
    Local Iteration  39: ||V_upper^k - V_upper^k-1||_inf = 0.08627808452049912091, ||V_lower^k - V_lower^k-1||_inf = 0.30030454119313787498
    Local Iteration  40: ||V_upper^k - V_upper^k-1||_inf = 0.06629932652355696732, ||V_lower^k - V_lower^k-1||_inf = 0.30030454119313787498
    Local Iteration  41: ||V_upper^k - V_upper^k-1||_inf = 0.03233433234491223107, ||V_lower^k - V_lower^k-1||_inf = 0.30030454119313787498
    Local Iteration  42: ||V_upper^k - V_upper^k-1||_inf = 0.00800378298743786853, ||V_lower^k - V_lower^k-1||_inf = 0.29450189709691110274
    Local Iteration  43: ||V_upper^k - V_upper^k-1||_inf = 0.00000000000000033307, ||V_lower^k - V_lower^k-1||_inf = 0.29450189709691110274
    Local Iteration  44: ||V_upper^k - V_upper^k-1||_inf = 0.00000000000000033307, ||V_lower^k - V_lower^k-1||_inf = 0.29450189709691110274
    Local Iteration  45: ||V_upper^k - V_upper^k-1||_inf = 0.00000000000000033307, ||V_lower^k - V_lower^k-1||_inf = 0.29450189709691110274
    Local Iteration  46: ||V_upper^k - V_upper^k-1||_inf = 0.00000000000000033307, ||V_lower^k - V_lower^k-1||_inf = 0.29450189709691110274
    Local Iteration  47: ||V_upper^k - V_upper^k-1||_inf = 0.00000000000000000000, ||V_lower^k - V_lower^k-1||_inf = 0.29450189709691110274
    Local Iteration  48: ||V_upper^k - V_upper^k-1||_inf = 0.00000000000000000000, ||V_lower^k - V_lower^k-1||_inf = 0.29450189709691110274
    Local Iteration  49: ||V_upper^k - V_upper^k-1||_inf = 0.00000000000000000000, ||V_lower^k - V_lower^k-1||_inf = 0.29450189709691110274
    Local Iteration  50: ||V_upper^k - V_upper^k-1||_inf = 0.00000000000000000000, ||V_lower^k - V_lower^k-1||_inf = 0.29450189709691110274
    Local Iteration  51: ||V_upper^k - V_upper^k-1||_inf = 0.00000000000000000000, ||V_lower^k - V_lower^k-1||_inf = 0.29450189709691110274
    Local Iteration  52: ||V_upper^k - V_upper^k-1||_inf = 0.00000000000000000000, ||V_lower^k - V_lower^k-1||_inf = 0.29450189709691110274
    Local Iteration  53: ||V_upper^k - V_upper^k-1||_inf = 0.00000000000000000000, ||V_lower^k - V_lower^k-1||_inf = 0.29450189709691110274
    Local Iteration  54: ||V_upper^k - V_upper^k-1||_inf = 0.00000000000000000000, ||V_lower^k - V_lower^k-1||_inf = 0.29450189709691110274
    Local Iteration  55: ||V_upper^k - V_upper^k-1||_inf = 0.00000000000000000000, ||V_lower^k - V_lower^k-1||_inf = 0.29450189709691110274
    Local Iteration  56: ||V_upper^k - V_upper^k-1||_inf = 0.00000000000000000000, ||V_lower^k - V_lower^k-1||_inf = 0.29450189709691110274
    Local Iteration  57: ||V_upper^k - V_upper^k-1||_inf = 0.00000000000000000000, ||V_lower^k - V_lower^k-1||_inf = 0.29450189709691110274
    Local Iteration  58: ||V_upper^k - V_upper^k-1||_inf = 0.00000000000000000000, ||V_lower^k - V_lower^k-1||_inf = 0.29450189709691110274
    Local Iteration  59: ||V_upper^k - V_upper^k-1||_inf = 0.00000000000000000000, ||V_lower^k - V_lower^k-1||_inf = 0.29450189709691110274
    Local Iteration  60: ||V_upper^k - V_upper^k-1||_inf = 0.00000000000000000000, ||V_lower^k - V_lower^k-1||_inf = 0.29450189709691110274
    Local Iteration  61: ||V_upper^k - V_upper^k-1||_inf = 0.00000000000000000000, ||V_lower^k - V_lower^k-1||_inf = 0.29450189709691110274
    Local Iteration  62: ||V_upper^k - V_upper^k-1||_inf = 0.00000000000000000000, ||V_lower^k - V_lower^k-1||_inf = 0.29450189709691110274
    Local Iteration  63: ||V_upper^k - V_upper^k-1||_inf = 0.00000000000000000000, ||V_lower^k - V_lower^k-1||_inf = 0.29450189709691110274
    Local Iteration  64: ||V_upper^k - V_upper^k-1||_inf = 0.00000000000000000000, ||V_lower^k - V_lower^k-1||_inf = 0.29450189709691110274
    Local Iteration  65: ||V_upper^k - V_upper^k-1||_inf = 0.00000000000000000000, ||V_lower^k - V_lower^k-1||_inf = 0.29450189709691110274
    Local Iteration  66: ||V_upper^k - V_upper^k-1||_inf = 0.00000000000000000000, ||V_lower^k - V_lower^k-1||_inf = 0.29450189709691110274
    Local Iteration  67: ||V_upper^k - V_upper^k-1||_inf = 0.00000000000000000000, ||V_lower^k - V_lower^k-1||_inf = 0.29450189709691110274
    Local Iteration  68: ||V_upper^k - V_upper^k-1||_inf = 0.00000000000000000000, ||V_lower^k - V_lower^k-1||_inf = 0.29450189709691110274
    Local Iteration  69: ||V_upper^k - V_upper^k-1||_inf = 0.00000000000000000000, ||V_lower^k - V_lower^k-1||_inf = 0.29450189709691110274
    Local Iteration  70: ||V_upper^k - V_upper^k-1||_inf = 0.00000000000000000000, ||V_lower^k - V_lower^k-1||_inf = 0.29450189709691110274
    Local Iteration  71: ||V_upper^k - V_upper^k-1||_inf = 0.00000000000000000000, ||V_lower^k - V_lower^k-1||_inf = 0.29450189709691110274
    Local Iteration  72: ||V_upper^k - V_upper^k-1||_inf = 0.00000000000000000000, ||V_lower^k - V_lower^k-1||_inf = 0.29450189709691110274
    Local Iteration  73: ||V_upper^k - V_upper^k-1||_inf = 0.00000000000000000000, ||V_lower^k - V_lower^k-1||_inf = 0.29450189709691110274
    Local Iteration  74: ||V_upper^k - V_upper^k-1||_inf = 0.00000000000000000000, ||V_lower^k - V_lower^k-1||_inf = 0.29450189709691110274
    Local Iteration  75: ||V_upper^k - V_upper^k-1||_inf = 0.00000000000000000000, ||V_lower^k - V_lower^k-1||_inf = 0.29450189709691110274
    Local Iteration  76: ||V_upper^k - V_upper^k-1||_inf = 0.00000000000000000000, ||V_lower^k - V_lower^k-1||_inf = 0.29450189709691110274
    Local Iteration  77: ||V_upper^k - V_upper^k-1||_inf = 0.00000000000000000000, ||V_lower^k - V_lower^k-1||_inf = 0.29450189709691110274
    Local Iteration  78: ||V_upper^k - V_upper^k-1||_inf = 0.00000000000000000000, ||V_lower^k - V_lower^k-1||_inf = 0.29450189709691110274
    Local Iteration  79: ||V_upper^k - V_upper^k-1||_inf = 0.00000000000000000000, ||V_lower^k - V_lower^k-1||_inf = 0.29450189709691110274
    Local Iteration  80: ||V_upper^k - V_upper^k-1||_inf = 0.00000000000000000000, ||V_lower^k - V_lower^k-1||_inf = 0.29450189709691110274
    Local Iteration  81: ||V_upper^k - V_upper^k-1||_inf = 0.00000000000000000000, ||V_lower^k - V_lower^k-1||_inf = 0.29450189709691110274
    Local Iteration  82: ||V_upper^k - V_upper^k-1||_inf = 0.00000000000000000000, ||V_lower^k - V_lower^k-1||_inf = 0.29450189709691110274
    Local Iteration  83: ||V_upper^k - V_upper^k-1||_inf = 0.00000000000000000000, ||V_lower^k - V_lower^k-1||_inf = 0.29450189709691110274
    Local Iteration  84: ||V_upper^k - V_upper^k-1||_inf = 0.00000000000000000000, ||V_lower^k - V_lower^k-1||_inf = 0.29450189709691110274
    Local Iteration  85: ||V_upper^k - V_upper^k-1||_inf = 0.00000000000000000000, ||V_lower^k - V_lower^k-1||_inf = 0.29450189709691110274
    Local Iteration  86: ||V_upper^k - V_upper^k-1||_inf = 0.00000000000000000000, ||V_lower^k - V_lower^k-1||_inf = 0.29450189709691110274
    Local Iteration  87: ||V_upper^k - V_upper^k-1||_inf = 0.00000000000000000000, ||V_lower^k - V_lower^k-1||_inf = 0.29450189709691110274
    Local Iteration  88: ||V_upper^k - V_upper^k-1||_inf = 0.00000000000000000000, ||V_lower^k - V_lower^k-1||_inf = 0.25560826731225311237
    Local Iteration  89: ||V_upper^k - V_upper^k-1||_inf = 0.00000000000000000000, ||V_lower^k - V_lower^k-1||_inf = 0.25560826731225311237
    Local Iteration  90: ||V_upper^k - V_upper^k-1||_inf = 0.00000000000000000000, ||V_lower^k - V_lower^k-1||_inf = 0.25560826731225311237
    Local Iteration  91: ||V_upper^k - V_upper^k-1||_inf = 0.00000000000000000000, ||V_lower^k - V_lower^k-1||_inf = 0.25560826731225311237
    Local Iteration  92: ||V_upper^k - V_upper^k-1||_inf = 0.00000000000000000000, ||V_lower^k - V_lower^k-1||_inf = 0.24616422113337121935
    Local Iteration  93: ||V_upper^k - V_upper^k-1||_inf = 0.00000000000000000000, ||V_lower^k - V_lower^k-1||_inf = 0.24616422113337121935
    Local Iteration  94: ||V_upper^k - V_upper^k-1||_inf = 0.00000000000000000000, ||V_lower^k - V_lower^k-1||_inf = 0.22725094894815905944
    Local Iteration  95: ||V_upper^k - V_upper^k-1||_inf = 0.00000000000000000000, ||V_lower^k - V_lower^k-1||_inf = 0.20241621265169051913
    Local Iteration  96: ||V_upper^k - V_upper^k-1||_inf = 0.00000000000000000000, ||V_lower^k - V_lower^k-1||_inf = 0.19245156630915513651
    Local Iteration  97: ||V_upper^k - V_upper^k-1||_inf = 0.00000000000000000000, ||V_lower^k - V_lower^k-1||_inf = 0.16226850988868041226
    Local Iteration  98: ||V_upper^k - V_upper^k-1||_inf = 0.00000000000000000000, ||V_lower^k - V_lower^k-1||_inf = 0.12363454527152473172
    Local Iteration  99: ||V_upper^k - V_upper^k-1||_inf = 0.00000000000000000000, ||V_lower^k - V_lower^k-1||_inf = 0.10172616588536309568
    Local Iteration 100: ||V_upper^k - V_upper^k-1||_inf = 0.00000000000000000000, ||V_lower^k - V_lower^k-1||_inf = 0.10172616588536302629
    Local Iteration 101: ||V_upper^k - V_upper^k-1||_inf = 0.00000000000000000000, ||V_lower^k - V_lower^k-1||_inf = 0.09708238945977287759
    Local Iteration 102: ||V_upper^k - V_upper^k-1||_inf = 0.00000000000000000000, ||V_lower^k - V_lower^k-1||_inf = 0.09191200002086141740
    Local Iteration 103: ||V_upper^k - V_upper^k-1||_inf = 0.00000000000000000000, ||V_lower^k - V_lower^k-1||_inf = 0.08917951409311797306
    Local Iteration 104: ||V_upper^k - V_upper^k-1||_inf = 0.00000000000000000000, ||V_lower^k - V_lower^k-1||_inf = 0.08917951409311797306
    Local Iteration 105: ||V_upper^k - V_upper^k-1||_inf = 0.00000000000000000000, ||V_lower^k - V_lower^k-1||_inf = 0.08917951409311797306
    Local Iteration 106: ||V_upper^k - V_upper^k-1||_inf = 0.00000000000000000000, ||V_lower^k - V_lower^k-1||_inf = 0.08917951409311797306
    Local Iteration 107: ||V_upper^k - V_upper^k-1||_inf = 0.00000000000000000000, ||V_lower^k - V_lower^k-1||_inf = 0.08082460729659728116
    Local Iteration 108: ||V_upper^k - V_upper^k-1||_inf = 0.00000000000000000000, ||V_lower^k - V_lower^k-1||_inf = 0.07453717172596202589
    Local Iteration 109: ||V_upper^k - V_upper^k-1||_inf = 0.00000000000000000000, ||V_lower^k - V_lower^k-1||_inf = 0.07453717172596202589
    Local Iteration 110: ||V_upper^k - V_upper^k-1||_inf = 0.00000000000000000000, ||V_lower^k - V_lower^k-1||_inf = 0.07453717172596202589
    Local Iteration 111: ||V_upper^k - V_upper^k-1||_inf = 0.00000000000000000000, ||V_lower^k - V_lower^k-1||_inf = 0.07453717172596202589
    Local Iteration 112: ||V_upper^k - V_upper^k-1||_inf = 0.00000000000000000000, ||V_lower^k - V_lower^k-1||_inf = 0.07343934248246210272
    Local Iteration 113: ||V_upper^k - V_upper^k-1||_inf = 0.00000000000000000000, ||V_lower^k - V_lower^k-1||_inf = 0.06572368181061516434
    Local Iteration 114: ||V_upper^k - V_upper^k-1||_inf = 0.00000000000000000000, ||V_lower^k - V_lower^k-1||_inf = 0.06572368181061494230
    Local Iteration 115: ||V_upper^k - V_upper^k-1||_inf = 0.00000000000000000000, ||V_lower^k - V_lower^k-1||_inf = 0.06264524069940968776
    Local Iteration 116: ||V_upper^k - V_upper^k-1||_inf = 0.00000000000000000000, ||V_lower^k - V_lower^k-1||_inf = 0.05548893431141661142
    Local Iteration 117: ||V_upper^k - V_upper^k-1||_inf = 0.00000000000000000000, ||V_lower^k - V_lower^k-1||_inf = 0.04574073055840453816
    Local Iteration 118: ||V_upper^k - V_upper^k-1||_inf = 0.00000000000000000000, ||V_lower^k - V_lower^k-1||_inf = 0.04574073055840453816
    Local Iteration 119: ||V_upper^k - V_upper^k-1||_inf = 0.00000000000000000000, ||V_lower^k - V_lower^k-1||_inf = 0.04574073055840453816
    Local Iteration 120: ||V_upper^k - V_upper^k-1||_inf = 0.00000000000000000000, ||V_lower^k - V_lower^k-1||_inf = 0.04340210353950695044
    Local Iteration 121: ||V_upper^k - V_upper^k-1||_inf = 0.00000000000000000000, ||V_lower^k - V_lower^k-1||_inf = 0.04333250341868198630
    Local Iteration 122: ||V_upper^k - V_upper^k-1||_inf = 0.00000000000000000000, ||V_lower^k - V_lower^k-1||_inf = 0.04071097337813089911
    Local Iteration 123: ||V_upper^k - V_upper^k-1||_inf = 0.00000000000000000000, ||V_lower^k - V_lower^k-1||_inf = 0.03749477970710367314
    Local Iteration 124: ||V_upper^k - V_upper^k-1||_inf = 0.00000000000000000000, ||V_lower^k - V_lower^k-1||_inf = 0.03749477970710367314
    Local Iteration 125: ||V_upper^k - V_upper^k-1||_inf = 0.00000000000000000000, ||V_lower^k - V_lower^k-1||_inf = 0.03270433764640549856
    Local Iteration 126: ||V_upper^k - V_upper^k-1||_inf = 0.00000000000000000000, ||V_lower^k - V_lower^k-1||_inf = 0.02934351723306165283
    Local Iteration 127: ||V_upper^k - V_upper^k-1||_inf = 0.00000000000000000000, ||V_lower^k - V_lower^k-1||_inf = 0.02540596677158173111
    Local Iteration 128: ||V_upper^k - V_upper^k-1||_inf = 0.00000000000000000000, ||V_lower^k - V_lower^k-1||_inf = 0.02540596677158156458
    Local Iteration 129: ||V_upper^k - V_upper^k-1||_inf = 0.00000000000000000000, ||V_lower^k - V_lower^k-1||_inf = 0.02417596103713053057
    Local Iteration 130: ||V_upper^k - V_upper^k-1||_inf = 0.00000000000000000000, ||V_lower^k - V_lower^k-1||_inf = 0.02417596103713053057
    Local Iteration 131: ||V_upper^k - V_upper^k-1||_inf = 0.00000000000000000000, ||V_lower^k - V_lower^k-1||_inf = 0.01588234378895814203
    Local Iteration 132: ||V_upper^k - V_upper^k-1||_inf = 0.00000000000000000000, ||V_lower^k - V_lower^k-1||_inf = 0.00959594145854912595
    Local Iteration 133: ||V_upper^k - V_upper^k-1||_inf = 0.00000000000000000000, ||V_lower^k - V_lower^k-1||_inf = 0.00909307921260636698
    Local Iteration 134: ||V_upper^k - V_upper^k-1||_inf = 0.00000000000000000000, ||V_lower^k - V_lower^k-1||_inf = 0.00861569579508557337
    Local Iteration 135: ||V_upper^k - V_upper^k-1||_inf = 0.00000000000000000000, ||V_lower^k - V_lower^k-1||_inf = 0.00651831149901947737
    Local Iteration 136: ||V_upper^k - V_upper^k-1||_inf = 0.00000000000000000000, ||V_lower^k - V_lower^k-1||_inf = 0.00651831149901931084
    Local Iteration 137: ||V_upper^k - V_upper^k-1||_inf = 0.00000000000000000000, ||V_lower^k - V_lower^k-1||_inf = 0.00651831149901931084
    Local Iteration 138: ||V_upper^k - V_upper^k-1||_inf = 0.00000000000000000000, ||V_lower^k - V_lower^k-1||_inf = 0.00651831149901931084
    Local Iteration 139: ||V_upper^k - V_upper^k-1||_inf = 0.00000000000000000000, ||V_lower^k - V_lower^k-1||_inf = 0.00651831149901931084
    Local Iteration 140: ||V_upper^k - V_upper^k-1||_inf = 0.00000000000000000000, ||V_lower^k - V_lower^k-1||_inf = 0.00651831149901915818
    Local Iteration 141: ||V_upper^k - V_upper^k-1||_inf = 0.00000000000000000000, ||V_lower^k - V_lower^k-1||_inf = 0.00474567657227803474
    Local Iteration 142: ||V_upper^k - V_upper^k-1||_inf = 0.00000000000000000000, ||V_lower^k - V_lower^k-1||_inf = 0.00262153004055032390
    Local Iteration 143: ||V_upper^k - V_upper^k-1||_inf = 0.00000000000000000000, ||V_lower^k - V_lower^k-1||_inf = 0.00000000000000031919

==================================================
 LOCAL CONVERGENCE ACHIEVED
==================================================
  ||V_upper^k - V_upper^k-1||_inf = 0.00000000000000000000e+00 < tolerance = 1e-08
  ||V_lower^k - V_lower^k-1||_inf = 3.19189119579732505372e-16 < tolerance = 1e-08
  Converged in 143 iterations
    Local VI completed in 143 iterations
    Final convergence values:
      ||V_upper^final - V_upper^prev||_inf = 0.00000000e+00
      ||V_lower^final - V_lower^prev||_inf = 3.19189120e-16
  Local VI completed in 143 iterations, time: 10.270s
    Final ||V_upper^k - V_upper^k-1||_inf = 0.00000000000000000000e+00
    Final ||V_lower^k - V_lower^k-1||_inf = 3.19189119579732505372e-16
  Saved visualization: /Users/i.k.tabbara/Documents/python directory/HSCC_2027/refactored_Implementations/results_hscc_2027_newbellmans_12workers/avoid_nodiscount/dubins_res80_eps0.05_dmin1e-08_dmax1e-08_gamma0.9_dt0.3_tau0.3_std/value_function_phase_6_complete.png
  Phase 6 completed in 12.97s with 6410576 leaf cells

Classification after phase 6:
  Safe:          3643292 cells ( 56.8%),   63.9% of state space
  Unsafe:         905956 cells ( 14.1%),   30.5% of state space
  Unclassified:  1861328 cells ( 29.0%),    5.7% of state space

======================================================================
ADAPTIVE REFINEMENT COMPLETE
======================================================================
Refinement Summary:
  Phases completed: 6
  Parent cells refined: 5898576
  Child cells created: 11797152
  Final cells: 6410576
Final Boundary State:
  Boundary cells: 1861328
  Still refinable: 1861328
  Below threshold: 0

Final Cell Classification:
  Safe:          3643292 cells ( 56.8%),   63.9% of state space
  Unsafe:         905956 cells ( 14.1%),   30.5% of state space
  Unclassified:  1861328 cells ( 29.0%),    5.7% of state space

 All results saved to: /Users/i.k.tabbara/Documents/python directory/HSCC_2027/refactored_Implementations/results_hscc_2027_newbellmans_12workers/avoid_nodiscount/dubins_res80_eps0.05_dmin1e-08_dmax1e-08_gamma0.9_dt0.3_tau0.3_std/
ALGORITHM 2 COMPLETE
Total time: 47.58 seconds

======================================================================
TIMING BREAKDOWN (avoid_nodiscount)
======================================================================
  grid construction      :      0.127 s
  spatial index builds   :      6.082 s
  cell initialization    :      0.087 s
  ODE integration        :      5.121 s  (45004080 solves)
  successor set queries  :      5.777 s
  value iteration        :     23.226 s  (1440 sweeps)
  cell splitting         :      0.571 s
  plotting / output      :      4.273 s
  checkpoint writes      :      0.000 s
  ------------------------------------------------
  TOTAL                  :     48.644 s
  final leaf cells       :    6410576
TOTAL WALL TIME: 48.64 seconds
# run finished 2026-10-04T03:52:25
